CVE_ID,dependents,upstream_GAV,severity,cvss,CWE,Link Presence,stars_count_at_commit,commits_count_at_commit,rq1_reporting,upstream_GA,rq2_class,pattern,in_analysis
CVE-2007-1358,2,tomcat:tomcat-http11:4.1.34,Low,2.6,CWE-79,contains links,0.0,236.0,Transparent,tomcat:tomcat-http11,,,False
CVE-2007-5615,3,org.mortbay.jetty:jetty:6.1.5,Medium,5.0,CWE-94,no links,0.0,3869.0,Silent,org.mortbay.jetty:jetty,,,False
CVE-2008-1947,5,org.apache.tomcat:catalina:6.0.16,Medium,4.3,CWE-79,contains links,0.0,1619.0,Transparent,org.apache.tomcat:catalina,,,False
CVE-2008-5515,19,org.apache.tomcat:catalina:6.0.18,Medium,5.0,CWE-22,contains links,0.0,2173.0,Transparent,org.apache.tomcat:catalina,,,False
CVE-2008-6505,4,org.apache.struts:struts2-core:2.1.2,Medium,5.0,CWE-22,contains links,0.0,2106.0,Transparent,org.apache.struts:struts2-core,,,False
CVE-2009-0783,19,org.apache.tomcat:catalina:6.0.18,Medium,4.6,CWE-200,contains links,0.0,1548.0,Transparent,org.apache.tomcat:catalina,,,False
CVE-2009-1523,21,org.mortbay.jetty:jetty-util:6.1.14,Medium,5.0,CWE-22,no links,0.0,7538.0,Silent,org.mortbay.jetty:jetty-util,,,False
CVE-2009-1554,2,com.sun.woodstock:webui-jsf:4.2,Medium,4.3,CWE-79,no links,0.0,14.0,Silent,com.sun.woodstock:webui-jsf,,,False
CVE-2009-2693,13,tomcat:catalina:5.5.23,Medium,5.8,CWE-22,contains links,0.0,172.0,Transparent,tomcat:catalina,,,False
CVE-2009-2901,19,org.apache.tomcat:catalina:6.0.18,Medium,4.3,CWE-264,contains links,0.0,172.0,Transparent,org.apache.tomcat:catalina,,,False
CVE-2009-2902,13,tomcat:catalina:5.5.23,Medium,4.3,CWE-22,contains links,0.0,3408.0,Transparent,tomcat:catalina,,,False
CVE-2010-1157,19,org.apache.tomcat:catalina:6.0.18,Low,2.6,CWE-200,contains links,0.0,4120.0,Transparent,org.apache.tomcat:catalina,,,False
CVE-2010-1330,2,org.jruby.jcodings:jcodings:1.0.1,Medium,4.3,CWE-79,no links,7.0,21.0,Silent,org.jruby.jcodings:jcodings,,,False
CVE-2010-1622,90,org.springframework:spring-beans:2.5.6,Medium,6.0,CWE-94,no links,0.0,3236.0,Silent,org.springframework:spring-beans,Silent,S1,True
CVE-2010-2227,4,org.apache.tomcat:coyote:6.0.18,Medium,6.4,CWE-119,contains links,0.0,4532.0,Transparent,org.apache.tomcat:coyote,,,False
CVE-2010-2232,54,org.apache.derby:derby:10.5.3.0_1,Medium,5.0,CWE-284,contains links,0.0,5517.0,Transparent,org.apache.derby:derby,,,False
CVE-2010-3718,6,org.apache.tomcat:tomcat-catalina:7.0.0,Low,1.2,,contains links,0.0,5092.0,Transparent,org.apache.tomcat:tomcat-catalina,,,False
CVE-2010-4172,6,org.apache.tomcat:tomcat-catalina:7.0.0,Medium,4.3,CWE-79,contains links,0.0,5351.0,Transparent,org.apache.tomcat:tomcat-catalina,,,False
CVE-2010-5327,1,com.liferay.portal:portal-impl:6.2.4,Medium,6.5,CWE-264,no links,5.0,169689.0,Silent,com.liferay.portal:portal-impl,,,False
CVE-2011-0013,6,org.apache.tomcat:tomcat-catalina:7.0.0,Medium,4.3,CWE-79,contains links,0.0,5665.0,Transparent,org.apache.tomcat:tomcat-catalina,,,False
CVE-2011-0534,17,org.apache.tomcat:tomcat-coyote:7.0.5,Medium,5.0,CWE-399,contains links,0.0,5820.0,Transparent,org.apache.tomcat:tomcat-coyote,,,False
CVE-2011-1088,11,org.apache.tomcat.embed:tomcat-embed-core:7.0.8,Medium,5.8,,contains links,0.0,6015.0,Transparent,org.apache.tomcat.embed:tomcat-embed-core,,,False
CVE-2011-1183,4,org.apache.tomcat:tomcat-catalina:7.0.12,Medium,5.8,,contains links,0.0,6197.0,Transparent,org.apache.tomcat:tomcat-catalina,,,False
CVE-2011-1184,3,org.apache.tomcat:tomcat-catalina:7.0.8,Medium,5.0,CWE-264,contains links,0.0,6201.0,Transparent,org.apache.tomcat:tomcat-catalina,,,False
CVE-2011-1419,3,org.apache.tomcat:tomcat-catalina:7.0.8,Medium,5.8,,contains links,0.0,6059.0,Transparent,org.apache.tomcat:tomcat-catalina,,,False
CVE-2011-1475,1,org.apache.tomcat:tomcat-coyote:7.0.8,Medium,5.0,CWE-20,contains links,0.0,6158.0,Transparent,org.apache.tomcat:tomcat-coyote,,,False
CVE-2011-1498,132,org.apache.httpcomponents:httpclient:4.0.1,Medium,4.3,CWE-200,contains links,22.0,1359.0,Transparent,org.apache.httpcomponents:httpclient,,,False
CVE-2011-1582,4,org.apache.tomcat:tomcat-catalina:7.0.12,Medium,4.3,CWE-264,contains links,0.0,6318.0,Transparent,org.apache.tomcat:tomcat-catalina,,,False
CVE-2011-1772,1,org.apache.struts.xwork:xwork-core:2.2.1.1,Low,2.6,CWE-79,contains links,0.0,2703.0,Transparent,org.apache.struts.xwork:xwork-core,,,False
CVE-2011-2088,1,org.apache.struts.xwork:xwork-core:2.2.1.1,Medium,5.0,CWE-200,contains links,0.0,2703.0,Transparent,org.apache.struts.xwork:xwork-core,,,False
CVE-2011-2204,3,org.apache.tomcat:tomcat-catalina:7.0.8,Low,1.9,CWE-200,contains links,0.0,6610.0,Transparent,org.apache.tomcat:tomcat-catalina,,,False
CVE-2011-2481,3,org.apache.tomcat:tomcat-catalina:7.0.8,Medium,4.6,,contains links,0.0,6585.0,Transparent,org.apache.tomcat:tomcat-catalina,,,False
CVE-2011-2526,13,tomcat:catalina:5.5.23,Medium,4.4,CWE-20,contains links,0.0,6784.0,Transparent,tomcat:catalina,,,False
CVE-2011-2730,7,org.springframework:spring-web:2.5.6.SEC02,High,7.5,CWE-16,no links,658.0,4460.0,Silent,org.springframework:spring-web,,,False
CVE-2011-2731,12,org.springframework.security:spring-security-core:2.0.4,Medium,5.1,CWE-362,no links,0.0,4514.0,Silent,org.springframework.security:spring-security-core,,,False
CVE-2011-2732,12,org.springframework.security:spring-security-core:2.0.4,Medium,4.3,CWE-94,no links,0.0,4514.0,Silent,org.springframework.security:spring-security-core,,,False
CVE-2011-2894,185,org.springframework:spring-core:3.0.5.RELEASE,Medium,6.8,CWE-502,no links,653.0,4411.0,Silent,org.springframework:spring-core,Silent,S1,True
CVE-2011-3190,17,org.apache.tomcat:tomcat-coyote:7.0.5,High,7.5,CWE-264,contains links,0.0,6986.0,Transparent,org.apache.tomcat:tomcat-coyote,,,False
CVE-2011-3376,1,org.apache.tomcat.embed:tomcat-embed-core:7.0.19,Medium,4.4,CWE-264,contains links,0.0,7128.0,Transparent,org.apache.tomcat.embed:tomcat-embed-core,,,False
CVE-2011-3923,4,org.apache.struts.xwork:xwork-core:2.2.3.1,High,7.5,CWE-732,contains links,0.0,2889.0,Transparent,org.apache.struts.xwork:xwork-core,,,False
CVE-2011-4343,4,org.apache.myfaces.core:myfaces-api:2.0.2,Medium,5.0,CWE-200,contains links,0.0,3266.0,Transparent,org.apache.myfaces.core:myfaces-api,,,False
CVE-2011-4461,9,org.eclipse.jetty:jetty-servlets:7.5.4.v20111024,Medium,5.0,CWE-310,no links,74.0,3203.0,Silent,org.eclipse.jetty:jetty-servlets,,,False
CVE-2011-4905,1,org.apache.activemq:activemq-core:5.4.2,Medium,5.0,CWE-399,contains links,36.0,5604.0,Transparent,org.apache.activemq:activemq-core,,,False
CVE-2011-5062,3,org.apache.tomcat:tomcat-catalina:7.0.8,Medium,5.0,CWE-264,contains links,0.0,6201.0,Transparent,org.apache.tomcat:tomcat-catalina,,,False
CVE-2011-5063,13,tomcat:catalina:5.5.23,Medium,4.3,CWE-287,contains links,0.0,653.0,Transparent,tomcat:catalina,,,False
CVE-2011-5064,13,tomcat:catalina:5.5.23,Medium,4.3,CWE-310,contains links,0.0,653.0,Transparent,tomcat:catalina,,,False
CVE-2012-0022,2,tomcat:tomcat-coyote:5.5.23,Medium,5.0,CWE-189,contains links,0.0,738.0,Transparent,tomcat:tomcat-coyote,,,False
CVE-2012-0047,77,org.apache.wicket:wicket:1.4.17,Medium,4.3,CWE-79,no links,100.0,15540.0,Silent,org.apache.wicket:wicket,,,False
CVE-2012-0213,5,org.apache.poi:poi-scratchpad:3.6,Medium,5.0,CWE-399,contains links,28.0,5188.0,Transparent,org.apache.poi:poi-scratchpad,,,False
CVE-2012-0391,3,org.apache.struts.xwork:xwork-core:2.2.3,Critical,9.3,CWE-20,contains links,0.0,2810.0,Transparent,org.apache.struts.xwork:xwork-core,,,False
CVE-2012-0392,6,org.apache.struts:struts2-core:2.1.8.1,Medium,6.8,,contains links,0.0,2812.0,Transparent,org.apache.struts:struts2-core,,,False
CVE-2012-0393,6,org.apache.struts:struts2-core:2.1.8.1,Medium,6.4,CWE-264,contains links,0.0,2880.0,Transparent,org.apache.struts:struts2-core,,,False
CVE-2012-0394,4,org.apache.struts.xwork:xwork-core:2.2.3.1,Medium,6.8,CWE-94,contains links,0.0,2812.0,Transparent,org.apache.struts.xwork:xwork-core,,,False
CVE-2012-0838,3,org.apache.struts.xwork:xwork-core:2.2.3,Critical,10.0,CWE-20,contains links,0.0,2812.0,Transparent,org.apache.struts.xwork:xwork-core,,,False
CVE-2012-0881,4,org.apache.servicemix.bundles:org.apache.servicemix.bundles.xerces:2.11.0_1,High,7.8,CWE-399,contains links,2.0,5428.0,Transparent,org.apache.servicemix.bundles:org.apache.servicemix.bundles.xerces,,,False
CVE-2012-1089,13,org.apache.wicket:wicket-core:1.5.3,Medium,5.0,CWE-22,no links,102.0,15724.0,Silent,org.apache.wicket:wicket-core,Silent,S1,True
CVE-2012-2098,61,org.apache.commons:commons-compress:1.5,Medium,5.0,CWE-310,contains links,1.0,1048.0,Transparent,org.apache.commons:commons-compress,,,False
CVE-2012-2733,6,org.apache.tomcat:tomcat-coyote:7.0.27,Medium,5.0,CWE-20,contains links,38.0,8300.0,Transparent,org.apache.tomcat:tomcat-coyote,,,False
CVE-2012-3353,1,org.apache.sling:org.apache.sling.jcr.contentloader:2.1.0,Medium,5.0,CWE-200,contains links,0.0,104.0,Transparent,org.apache.sling:org.apache.sling.jcr.contentloader,,,False
CVE-2012-3376,3,org.apache.hadoop:hadoop-hdfs:2.0.0-alpha,High,7.5,CWE-310,contains links,0.0,3224.0,Transparent,org.apache.hadoop:hadoop-hdfs,,,False
CVE-2012-3428,2,org.jboss.ironjacamar:ironjacamar-deployers-common:1.0.9.Final,Medium,4.3,CWE-255,no links,0.0,1716.0,Silent,org.jboss.ironjacamar:ironjacamar-deployers-common,,,False
CVE-2012-3544,6,org.apache.tomcat:tomcat-coyote:7.0.27,Medium,5.0,CWE-20,contains links,40.0,8731.0,Transparent,org.apache.tomcat:tomcat-coyote,,,False
CVE-2012-4386,6,org.apache.struts:struts2-core:2.1.8.1,Medium,6.8,CWE-352,contains links,0.0,3004.0,Transparent,org.apache.struts:struts2-core,,,False
CVE-2012-4387,4,org.apache.struts.xwork:xwork-core:2.2.3.1,Medium,5.0,CWE-264,contains links,0.0,3005.0,Transparent,org.apache.struts.xwork:xwork-core,,,False
CVE-2012-4431,9,org.apache.tomcat:tomcat-catalina:7.0.27,Medium,4.3,CWE-264,contains links,41.0,8854.0,Transparent,org.apache.tomcat:tomcat-catalina,,,False
CVE-2012-5055,4,org.springframework.security:spring-security-core:2.0.5.RELEASE,Medium,5.0,CWE-200,no links,140.0,4674.0,Silent,org.springframework.security:spring-security-core,,,False
CVE-2012-5370,1,org.jruby:jruby-core:1.7.0.RC1,Medium,5.0,CWE-310,contains links,1025.0,17216.0,Transparent,org.jruby:jruby-core,,,False
CVE-2012-5633,1,org.apache.cxf:cxf-rt-ws-security:2.5.1,Medium,5.8,CWE-287,contains links,0.0,6364.0,Transparent,org.apache.cxf:cxf-rt-ws-security,,,False
CVE-2012-5812,2,ch.acra:acra:4.3.0,Medium,5.8,CWE-20,no links,236.0,334.0,Silent,ch.acra:acra,,,False
CVE-2012-5885,13,tomcat:catalina:5.5.23,Medium,5.0,CWE-264,contains links,0.0,816.0,Transparent,tomcat:catalina,,,False
CVE-2012-5886,13,tomcat:catalina:5.5.23,Medium,5.0,CWE-287,contains links,0.0,816.0,Transparent,tomcat:catalina,,,False
CVE-2012-5887,13,tomcat:catalina:5.5.23,Medium,5.0,CWE-287,contains links,0.0,816.0,Transparent,tomcat:catalina,,,False
CVE-2012-6092,1,org.apache.activemq:activemq-web:5.6.0,Medium,4.3,CWE-79,contains links,44.0,6301.0,Transparent,org.apache.activemq:activemq-web,,,False
CVE-2012-6153,217,org.apache.httpcomponents:httpclient:4.1.2,Medium,4.3,CWE-20,contains links,37.0,1747.0,Transparent,org.apache.httpcomponents:httpclient,,,False
CVE-2012-6612,8,org.apache.solr:solr-core:4.0.0,High,7.5,,contains links,0.0,15101.0,Transparent,org.apache.solr:solr-core,,,False
CVE-2013-0239,1,org.apache.cxf:cxf-rt-ws-security:2.5.1,Medium,5.0,CWE-287,contains links,0.0,6512.0,Transparent,org.apache.cxf:cxf-rt-ws-security,,,False
CVE-2013-1768,2,org.apache.openjpa:openjpa-kernel:2.1.1,High,7.5,CWE-264,contains links,8.0,4554.0,Transparent,org.apache.openjpa:openjpa-kernel,,,False
CVE-2013-1879,3,org.apache.activemq:activemq-client:5.8.0,Medium,4.3,CWE-79,contains links,55.0,6893.0,Transparent,org.apache.activemq:activemq-client,,,False
CVE-2013-1880,1,org.apache.activemq:activemq-web:5.6.0,Medium,4.3,CWE-79,contains links,55.0,6894.0,Transparent,org.apache.activemq:activemq-web,,,False
CVE-2013-1921,2,org.picketbox:jbosssx-bare:4.0.21.Final,Low,1.9,CWE-310,no links,0.0,284.0,Silent,org.picketbox:jbosssx-bare,,,False
CVE-2013-1965,6,org.apache.struts:struts2-core:2.1.8.1,Critical,9.3,CWE-94,contains links,0.0,3274.0,Transparent,org.apache.struts:struts2-core,,,False
CVE-2013-1966,5,org.apache.struts.xwork:xwork-core:2.3.4.1,Critical,9.3,CWE-94,contains links,0.0,3274.0,Transparent,org.apache.struts.xwork:xwork-core,,,False
CVE-2013-2035,2,org.fusesource.hawtjni:hawtjni-runtime:1.5,Medium,4.4,CWE-94,no links,14.0,155.0,Silent,org.fusesource.hawtjni:hawtjni-runtime,,,False
CVE-2013-2055,14,org.apache.wicket:wicket-core:6.7.0,Medium,5.0,,no links,130.0,17030.0,Silent,org.apache.wicket:wicket-core,Silent,S1,True
CVE-2013-2067,9,org.apache.tomcat:tomcat-catalina:7.0.27,Medium,6.8,CWE-287,contains links,42.0,9002.0,Transparent,org.apache.tomcat:tomcat-catalina,,,False
CVE-2013-2071,9,org.apache.tomcat:tomcat-catalina:7.0.27,Low,2.6,CWE-200,contains links,56.0,10014.0,Transparent,org.apache.tomcat:tomcat-catalina,,,False
CVE-2013-2115,5,org.apache.struts.xwork:xwork-core:2.3.4.1,Critical,9.3,CWE-94,contains links,0.0,3305.0,Transparent,org.apache.struts.xwork:xwork-core,,,False
CVE-2013-2134,6,org.apache.struts:struts2-core:2.1.8.1,Critical,9.3,CWE-94,contains links,0.0,3318.0,Transparent,org.apache.struts:struts2-core,,,False
CVE-2013-2135,6,org.apache.struts:struts2-core:2.1.8.1,Critical,9.3,CWE-94,contains links,0.0,3318.0,Transparent,org.apache.struts:struts2-core,,,False
CVE-2013-2172,5,org.apache.santuario:xmlsec:1.4.5,Medium,4.3,CWE-310,contains links,1.0,2249.0,Transparent,org.apache.santuario:xmlsec,,,False
CVE-2013-2186,138,commons-fileupload:commons-fileupload:1.2.1,High,7.5,CWE-20,contains links,1.0,757.0,Transparent,commons-fileupload:commons-fileupload,,,False
CVE-2013-2248,6,org.apache.struts:struts2-core:2.1.8.1,Medium,5.8,CWE-20,contains links,0.0,3350.0,Transparent,org.apache.struts:struts2-core,,,False
CVE-2013-2251,6,org.apache.struts:struts2-core:2.1.8.1,Critical,9.3,CWE-20,contains links,0.0,3350.0,Transparent,org.apache.struts:struts2-core,,,False
CVE-2013-2254,1,org.apache.sling:org.apache.sling.servlets.post:2.3.0,Medium,5.0,CWE-119,contains links,0.0,153.0,Transparent,org.apache.sling:org.apache.sling.servlets.post,,,False
CVE-2013-4112,4,org.jgroups:jgroups:3.3.1.Final,Medium,5.4,CWE-200,no links,144.0,16992.0,Silent,org.jgroups:jgroups,,,False
CVE-2013-4152,5,org.springframework:spring-oxm:4.0.0.RELEASE,Medium,6.8,CWE-264,no links,1.0,8003.0,Silent,org.springframework:spring-oxm,,,False
CVE-2013-4286,6,org.apache.tomcat:tomcat-coyote:7.0.27,Medium,5.8,CWE-20,contains links,81.0,11086.0,Transparent,org.apache.tomcat:tomcat-coyote,,,False
CVE-2013-4310,6,org.apache.struts:struts2-core:2.1.8.1,Medium,5.8,CWE-264,contains links,0.0,3413.0,Transparent,org.apache.struts:struts2-core,,,False
CVE-2013-4316,6,org.apache.struts:struts2-core:2.1.8.1,Critical,10.0,CWE-16;CWE-284,contains links,0.0,3406.0,Transparent,org.apache.struts:struts2-core,,,False
CVE-2013-4322,6,org.apache.tomcat:tomcat-coyote:7.0.27,Medium,4.3,CWE-20,contains links,81.0,11088.0,Transparent,org.apache.tomcat:tomcat-coyote,,,False
CVE-2013-4330,3,org.apache.camel:camel-core:2.9.2,Medium,6.8,CWE-94,contains links,127.0,14961.0,Transparent,org.apache.camel:camel-core,,,False
CVE-2013-4366,73,org.apache.httpcomponents:httpclient:4.3,High,7.5,CWE-20,contains links,49.0,2069.0,Transparent,org.apache.httpcomponents:httpclient,,,False
CVE-2013-4390,2,org.apache.sling:org.apache.sling.auth.core:1.0.0,Medium,5.8,CWE-20,contains links,,,Transparent,org.apache.sling:org.apache.sling.auth.core,,,False
CVE-2013-4517,5,org.apache.santuario:xmlsec:1.4.5,Medium,4.3,CWE-399,contains links,1.0,2294.0,Transparent,org.apache.santuario:xmlsec,,,False
CVE-2013-4590,7,org.apache.tomcat:tomcat-jasper:7.0.42,Medium,4.3,CWE-200,contains links,104.0,11692.0,Transparent,org.apache.tomcat:tomcat-jasper,,,False
CVE-2013-4600,64,org.opencms:opencms-core:8.5.0,Medium,4.3,CWE-79,contains links,72.0,17272.0,Transparent,org.opencms:opencms-core,,,False
CVE-2013-5679,13,org.owasp.esapi:esapi:2.0.1,Low,2.6,CWE-310,contains links,0.0,1028.0,Transparent,org.owasp.esapi:esapi,,,False
CVE-2013-5823,7,org.apache.santuario:xmlsec:1.5.8,Medium,5.0,,contains links,1.0,2152.0,Transparent,org.apache.santuario:xmlsec,,,False
CVE-2013-5960,20,org.owasp.esapi:esapi:2.1.0.1,Medium,5.8,CWE-310,contains links,55.0,1391.0,Transparent,org.owasp.esapi:esapi,,,False
CVE-2013-6397,9,org.apache.solr:solr-core:4.4.0,Medium,4.3,CWE-22,contains links,0.0,18170.0,Transparent,org.apache.solr:solr-core,,,False
CVE-2013-6407,8,org.apache.solr:solr-core:4.0.0,Medium,6.4,,contains links,0.0,15101.0,Transparent,org.apache.solr:solr-core,,,False
CVE-2013-6408,6,org.apache.solr:solr-core:3.6.1,Medium,6.4,,contains links,0.0,17422.0,Transparent,org.apache.solr:solr-core,,,False
CVE-2013-6429,185,org.springframework:spring-core:3.0.5.RELEASE,Medium,6.8,CWE-352;CWE-611,no links,1980.0,7431.0,Silent,org.springframework:spring-core,Silent,S1,True
CVE-2013-6430,91,org.springframework:spring-web:3.0.5.RELEASE,Low,3.5,CWE-79,no links,1239.0,6402.0,Silent,org.springframework:spring-web,Silent,S1,True
CVE-2013-6468,1,org.drools:drools-workbench-models-test-scenarios:6.0.0.CR1,Medium,6.5,CWE-94,no links,195.0,10600.0,Silent,org.drools:drools-workbench-models-test-scenarios,,,False
CVE-2013-7259,2,org.neo4j.app:neo4j-server:2.1.7,Medium,6.8,CWE-352;CWE-78,no links,1071.0,29716.0,Silent,org.neo4j.app:neo4j-server,,,False
CVE-2013-7285,160,com.thoughtworks.xstream:xstream:1.4.10,High,7.5,CWE-78,contains links,0.0,2131.0,Transparent,com.thoughtworks.xstream:xstream,,,False
CVE-2013-7315,36,org.springframework:spring-web:4.0.0.RELEASE,Medium,6.8,CWE-264,contains links,0.0,7027.0,Transparent,org.springframework:spring-web,,,False
CVE-2013-7397,36,com.ning:async-http-client:1.8.7,Medium,4.3,CWE-345,contains links,1111.0,2231.0,Transparent,com.ning:async-http-client,,,False
CVE-2013-7398,19,com.ning:async-http-client:1.6.5,Medium,4.3,CWE-345,contains links,1166.0,2278.0,Transparent,com.ning:async-http-client,,,False
CVE-2014-0002,8,org.apache.camel:camel-core:2.12.1,High,7.5,CWE-264,contains links,152.0,15708.0,Transparent,org.apache.camel:camel-core,,,False
CVE-2014-0003,4,org.apache.camel:camel-core:2.11.0,High,7.5,CWE-264,contains links,152.0,15699.0,Transparent,org.apache.camel:camel-core,,,False
CVE-2014-0034,1,org.apache.cxf.services.sts:cxf-services-sts-core:2.7.8,Medium,4.3,CWE-20,contains links,0.0,8131.0,Transparent,org.apache.cxf.services.sts:cxf-services-sts-core,,,False
CVE-2014-0050,138,commons-fileupload:commons-fileupload:1.2.1,High,7.5,CWE-264,contains links,5.0,764.0,Transparent,commons-fileupload:commons-fileupload,,,False
CVE-2014-0054,21,org.springframework:spring-oxm:3.0.5.RELEASE,Medium,6.8,CWE-352,no links,2455.0,8003.0,Silent,org.springframework:spring-oxm,Silent,S1,True
CVE-2014-0074,19,org.apache.shiro:shiro-core:1.2.1,High,7.5,CWE-287,contains links,74.0,1581.0,Transparent,org.apache.shiro:shiro-core,,,False
CVE-2014-0075,6,org.apache.tomcat:tomcat-coyote:7.0.27,Medium,5.0,CWE-189,contains links,0.0,12212.0,Transparent,org.apache.tomcat:tomcat-coyote,,,False
CVE-2014-0095,5,org.apache.tomcat:tomcat-coyote:8.0.0-RC5,Medium,5.0,CWE-20,contains links,133.0,12213.0,Transparent,org.apache.tomcat:tomcat-coyote,,,False
CVE-2014-0096,5,org.apache.tomcat:tomcat-catalina:8.0.0-RC5,Medium,4.3,CWE-264,contains links,133.0,12215.0,Transparent,org.apache.tomcat:tomcat-catalina,,,False
CVE-2014-0099,8,org.apache.tomcat:tomcat-util:8.5.64,Medium,4.3,CWE-189,contains links,133.0,12219.0,Transparent,org.apache.tomcat:tomcat-util,,,False
CVE-2014-0107,171,xalan:xalan:2.7.1,High,7.5,CWE-264,contains links,6.0,4555.0,Transparent,xalan:xalan,,,False
CVE-2014-0109,4,org.apache.cxf:cxf-api:2.7.8,Medium,4.3,CWE-399,no links,1.0,8422.0,Silent,org.apache.cxf:cxf-api,,,False
CVE-2014-0112,4,org.apache.struts.xwork:xwork-core:2.3.16.3,High,7.5,CWE-264,no links,12.0,3639.0,Silent,org.apache.struts.xwork:xwork-core,,,False
CVE-2014-0113,10,org.apache.struts:struts2-core:2.3.16.3,High,7.5,CWE-264,no links,12.0,3639.0,Silent,org.apache.struts:struts2-core,,,False
CVE-2014-0114,786,commons-beanutils:commons-beanutils:1.9.3,High,7.5,CWE-20,contains links,124.0,1227.0,Transparent,commons-beanutils:commons-beanutils,,,False
CVE-2014-0116,10,org.apache.struts:struts2-core:2.3.16.3,Medium,5.8,CWE-264,no links,262.0,4250.0,Silent,org.apache.struts:struts2-core,,,False
CVE-2014-0119,5,org.apache.tomcat:tomcat-catalina:8.0.0-RC5,Medium,4.3,CWE-264,contains links,146.0,12399.0,Transparent,org.apache.tomcat:tomcat-catalina,,,False
CVE-2014-0168,7,org.jolokia:jolokia-core:1.2.0,Medium,6.8,CWE-352,no links,153.0,1301.0,Silent,org.jolokia:jolokia-core,,,False
CVE-2014-0193,10,io.netty:netty-codec-http:4.0.15.Final,Medium,5.0,CWE-399,no links,2488.0,5827.0,Silent,io.netty:netty-codec-http,,,False
CVE-2014-0225,21,org.springframework:spring-oxm:3.0.5.RELEASE,Medium,6.8,CWE-611,no links,2858.0,8540.0,Silent,org.springframework:spring-oxm,,,False
CVE-2014-0228,23,org.apache.hive:hive-exec:0.10.0,Low,3.5,CWE-284,contains links,313.0,3905.0,Transparent,org.apache.hive:hive-exec,,,False
CVE-2014-0230,6,org.apache.tomcat:tomcat-coyote:7.0.27,High,7.8,CWE-399,contains links,174.0,12706.0,Transparent,org.apache.tomcat:tomcat-coyote,,,False
CVE-2014-1904,6,org.springframework:spring-webmvc:4.0.1.RELEASE,Medium,4.3,CWE-79,no links,2436.0,7985.0,Silent,org.springframework:spring-webmvc,,,False
CVE-2014-1972,13,org.apache.tapestry:tapestry-core:5.1.0.5,High,7.8,CWE-399,contains links,10.0,3607.0,Transparent,org.apache.tapestry:tapestry-core,,,False
CVE-2014-2296,2,org.jasig.cas:cas-server-core:3.4.11,Medium,6.8,CWE-611,no links,244.0,1488.0,Silent,org.jasig.cas:cas-server-core,,,False
CVE-2014-3120,39,org.elasticsearch:elasticsearch:1.0.0,Medium,6.8,CWE-284,contains links,5810.0,8683.0,Transparent,org.elasticsearch:elasticsearch,Transparent,T1,True
CVE-2014-3490,5,org.jboss.resteasy:resteasy-jaxb-provider:2.3.5.Final,High,7.5,,contains links,167.0,2458.0,Transparent,org.jboss.resteasy:resteasy-jaxb-provider,,,False
CVE-2014-3527,2,org.springframework.security:spring-security-cas:3.1.3.RELEASE,High,7.5,CWE-287,no links,375.0,5192.0,Silent,org.springframework.security:spring-security-cas,,,False
CVE-2014-3529,126,org.apache.poi:poi-ooxml:3.9,Medium,4.3,,contains links,46.0,5742.0,Transparent,org.apache.poi:poi-ooxml,,,False
CVE-2014-3558,41,org.hibernate:hibernate-validator:5.0.1.Final,Medium,5.0,CWE-264,no links,100.0,2376.0,Silent,org.hibernate:hibernate-validator,Silent,S2,True
CVE-2014-3574,126,org.apache.poi:poi-ooxml:3.9,Medium,4.3,,contains links,46.0,5742.0,Transparent,org.apache.poi:poi-ooxml,,,False
CVE-2014-3576,7,org.apache.activemq:activemq-broker:5.10.0,Medium,5.0,CWE-264,no links,137.0,8085.0,Silent,org.apache.activemq:activemq-broker,,,False
CVE-2014-3577,228,org.apache.httpcomponents:httpclient:4.2.5,Medium,5.8,,contains links,79.0,2283.0,Transparent,org.apache.httpcomponents:httpclient,,,False
CVE-2014-3578,185,org.springframework:spring-core:3.0.5.RELEASE,Medium,5.0,CWE-22,no links,2841.0,8517.0,Silent,org.springframework:spring-core,Silent,S1,True
CVE-2014-3579,1,org.apache.activemq:apollo-selector:1.7,High,7.5,CWE-611,contains links,38.0,2228.0,Transparent,org.apache.activemq:apollo-selector,,,False
CVE-2014-3600,7,org.apache.activemq:activemq-broker:5.10.0,High,7.5,CWE-611,contains links,170.0,8286.0,Transparent,org.apache.activemq:activemq-broker,,,False
CVE-2014-3612,5,org.apache.activemq:activemq-jaas:5.10.0,High,7.5,CWE-287,contains links,143.0,8108.0,Transparent,org.apache.activemq:activemq-jaas,,,False
CVE-2014-3625,17,org.springframework:spring-webmvc:4.1.1.RELEASE,Medium,5.0,CWE-22,no links,3697.0,9526.0,Silent,org.springframework:spring-webmvc,,,False
CVE-2014-3643,19,com.sun.jersey:jersey-core:1.12,Medium,5.0,CWE-611,no links,0.0,3383.0,Silent,com.sun.jersey:jersey-core,,,False
CVE-2014-3651,2,org.keycloak:keycloak-services:1.0.2.Final,Medium,5.0,CWE-400,no links,66.0,2296.0,Silent,org.keycloak:keycloak-services,,,False
CVE-2014-3652,2,org.keycloak:keycloak-services:1.0.1.Final,Medium,5.8,CWE-601,no links,59.0,2130.0,Silent,org.keycloak:keycloak-services,,,False
CVE-2014-3656,2,org.keycloak:keycloak-services:1.0.2.Final,Medium,4.3,CWE-79,no links,66.0,2296.0,Silent,org.keycloak:keycloak-services,,,False
CVE-2014-3709,2,org.keycloak:keycloak-services:1.0.2.Final,Medium,6.8,CWE-352,no links,66.0,2296.0,Silent,org.keycloak:keycloak-services,,,False
CVE-2014-4172,12,org.jasig.cas.client:cas-client-core:3.2.1,High,7.5,CWE-74,no links,49.0,444.0,Silent,org.jasig.cas.client:cas-client-core,,,False
CVE-2014-6439,37,org.elasticsearch:elasticsearch:1.3.2,Medium,4.3,CWE-79,contains links,7043.0,10405.0,Transparent,org.elasticsearch:elasticsearch,Transparent,T1,True
CVE-2014-7808,15,org.apache.wicket:wicket-core:1.5.8,Medium,5.0,CWE-310,no links,196.0,18305.0,Silent,org.apache.wicket:wicket-core,,,False
CVE-2014-7810,13,org.apache.tomcat:jasper:6.0.29,Medium,5.0,CWE-284,contains links,269.0,13951.0,Transparent,org.apache.tomcat:jasper,,,False
CVE-2014-7816,10,io.undertow:undertow-core:1.0.15.Final,Medium,5.0,CWE-22,no links,426.0,2605.0,Silent,io.undertow:undertow-core,,,False
CVE-2014-7839,47,org.jboss.resteasy:resteasy-jaxrs:3.0.10.Final,Medium,6.4,CWE-20,no links,206.0,2571.0,Silent,org.jboss.resteasy:resteasy-jaxrs,Silent,S3,True
CVE-2014-8114,1,org.uberfire:uberfire-server:0.3.1.Final,Medium,6.8,CWE-264,no links,33.0,1706.0,Silent,org.uberfire:uberfire-server,,,False
CVE-2014-8122,1,org.jboss.weld:weld-core-impl:3.0.0.Alpha2,Medium,4.3,CWE-362,no links,164.0,6318.0,Silent,org.jboss.weld:weld-core-impl,,,False
CVE-2014-8125,27,org.drools:drools-core:6.0.0.CR1,High,7.5,,no links,291.0,11561.0,Silent,org.drools:drools-core,,,False
CVE-2014-8152,6,org.apache.santuario:xmlsec:2.0.1,Medium,5.0,CWE-254,contains links,1.0,2433.0,Transparent,org.apache.santuario:xmlsec,,,False
CVE-2014-9527,15,org.apache.poi:poi-scratchpad:3.9,Medium,5.0,CWE-399,contains links,52.0,5919.0,Transparent,org.apache.poi:poi-scratchpad,,,False
CVE-2014-9970,26,org.jasypt:jasypt:1.9.0,Medium,5.0,CWE-200,contains links,0.0,416.0,Transparent,org.jasypt:jasypt,,,False
CVE-2015-0201,8,org.springframework:spring-websocket:4.1.4.RELEASE,Medium,5.0,CWE-254,no links,3825.0,9585.0,Silent,org.springframework:spring-websocket,,,False
CVE-2015-0225,11,org.apache.cassandra:cassandra-all:2.0.9,High,7.5,CWE-77,no links,1723.0,16338.0,Silent,org.apache.cassandra:cassandra-all,,,False
CVE-2015-0263,13,org.apache.camel:camel-core:2.14.0,Medium,5.0,,no links,330.0,19071.0,Silent,org.apache.camel:camel-core,Silent,S1,True
CVE-2015-0264,28,org.apache.camel:camel-core:2.13.2,Medium,5.0,,contains links,330.0,19070.0,Transparent,org.apache.camel:camel-core,Transparent,T1,True
CVE-2015-0886,96,org.mindrot:jbcrypt:0.3m,Medium,5.0,CWE-190,no links,44.0,2.0,Silent,org.mindrot:jbcrypt,Silent,S1,True
CVE-2015-0899,31,struts:struts:1.2.9,Medium,5.0,CWE-20,contains links,0.0,4252.0,Transparent,struts:struts,Silent,S1,True
CVE-2015-1169,1,org.jasig.cas:cas-server-support-ldap:3.5.2,High,7.5,CWE-74,contains links,442.0,2529.0,Transparent,org.jasig.cas:cas-server-support-ldap,,,False
CVE-2015-1427,44,org.elasticsearch:elasticsearch:1.4.0,High,7.5,CWE-284,no links,8581.0,12600.0,Silent,org.elasticsearch:elasticsearch,Silent,S2,True
CVE-2015-1776,47,org.apache.hadoop:hadoop-mapreduce-client-core:2.6.0,Low,2.1,CWE-200,no links,525.0,10883.0,Silent,org.apache.hadoop:hadoop-mapreduce-client-core,Silent,S1,True
CVE-2015-1832,58,org.apache.derby:derby:10.11.1.1,Medium,6.4,CWE-399;CWE-611,contains links,40.0,8032.0,Transparent,org.apache.derby:derby,,,False
CVE-2015-1833,3,org.apache.jackrabbit:jackrabbit-webdav:2.4.4,Medium,6.4,CWE-20,contains links,58.0,8052.0,Transparent,org.apache.jackrabbit:jackrabbit-webdav,,,False
CVE-2015-1836,11,org.apache.hbase:hbase-client:1.0.0,High,7.5,CWE-284,no links,240.0,10478.0,Silent,org.apache.hbase:hbase-client,,,False
CVE-2015-2080,1,org.eclipse.jetty:jetty-http:9.3.0.M1,Medium,5.0,CWE-200,no links,365.0,10456.0,Silent,org.eclipse.jetty:jetty-http,,,False
CVE-2015-2156,10,io.netty:netty-codec-http:4.1.0.Beta4,Medium,4.3,CWE-20,no links,3999.0,6561.0,Silent,io.netty:netty-codec-http,,,False
CVE-2015-2351,66,org.opencms:opencms-core:8.0.1,Medium,4.3,CWE-79,no links,151.0,19102.0,Silent,org.opencms:opencms-core,,,False
CVE-2015-2944,20,org.apache.sling:org.apache.sling.api:2.1.0,Medium,4.3,CWE-79,contains links,,,Transparent,org.apache.sling:org.apache.sling.api,,,False
CVE-2015-3158,1,org.picketlink:picketlink-tomcat-common:2.7.0.Final,Medium,4.0,CWE-264,no links,1.0,495.0,Silent,org.picketlink:picketlink-tomcat-common,,,False
CVE-2015-3192,101,org.springframework:spring-web:4.1.6.RELEASE,Medium,4.3,CWE-119,no links,5009.0,10599.0,Silent,org.springframework:spring-web,Silent,S1,True
CVE-2015-3198,10,io.undertow:undertow-core:1.1.0.Final,Medium,5.0,CWE-200,no links,600.0,2973.0,Silent,io.undertow:undertow-core,,,False
CVE-2015-3208,1,org.hornetq:hornetq-selector:2.5.0.Beta1,Unknown,,,no links,0.0,680.0,Silent,org.hornetq:hornetq-selector,,,False
CVE-2015-3269,5,org.apache.flex.blazeds:flex-messaging-core:4.7.0,Medium,5.0,CWE-200,no links,8.0,42.0,Silent,org.apache.flex.blazeds:flex-messaging-core,,,False
CVE-2015-4165,44,org.elasticsearch:elasticsearch:1.5.2,Medium,6.0,CWE-264,contains links,9869.0,14868.0,Transparent,org.elasticsearch:elasticsearch,,,False
CVE-2015-4852,349,org.apache.commons:commons-collections4:4.0,High,7.5,CWE-77,contains links,91.0,2806.0,Transparent,org.apache.commons:commons-collections4,,,False
CVE-2015-5211,7,org.springframework:spring-websocket:4.1.5.RELEASE,Critical,9.3,CWE-552,no links,5697.0,11193.0,Silent,org.springframework:spring-websocket,,,False
CVE-2015-5254,3,org.apache.activemq:activemq-client:5.8.0,High,7.5,CWE-20,contains links,300.0,8918.0,Transparent,org.apache.activemq:activemq-client,,,False
CVE-2015-5255,5,org.apache.flex.blazeds:flex-messaging-core:4.7.1,Medium,4.3,CWE-20,no links,10.0,62.0,Silent,org.apache.flex.blazeds:flex-messaging-core,,,False
CVE-2015-5258,10,org.springframework.social:spring-social-core:1.1.2.RELEASE,Medium,6.8,CWE-352,no links,372.0,1641.0,Silent,org.springframework.social:spring-social-core,,,False
CVE-2015-5262,255,org.apache.httpcomponents:httpclient:4.3.5,Medium,4.3,CWE-399,contains links,57.0,2214.0,Transparent,org.apache.httpcomponents:httpclient,,,False
CVE-2015-5345,5,org.apache.tomcat:tomcat-catalina:9.0.0.M1,Medium,5.0,CWE-22,contains links,25.0,14630.0,Transparent,org.apache.tomcat:tomcat-catalina,,,False
CVE-2015-5346,5,org.apache.tomcat:tomcat-catalina:9.0.0.M1,Medium,6.8,,contains links,591.0,16433.0,Transparent,org.apache.tomcat:tomcat-catalina,,,False
CVE-2015-5347,20,org.apache.wicket:wicket-extensions:1.4.17,Medium,4.3,CWE-79,no links,240.0,19010.0,Silent,org.apache.wicket:wicket-extensions,,,False
CVE-2015-5377,44,org.elasticsearch:elasticsearch:1.5.2,High,7.5,CWE-74,no links,10433.0,16000.0,Silent,org.elasticsearch:elasticsearch,,,False
CVE-2015-5531,44,org.elasticsearch:elasticsearch:1.5.2,Medium,5.0,CWE-22,no links,10453.0,16061.0,Silent,org.elasticsearch:elasticsearch,Silent,S1,True
CVE-2015-6524,1,org.apache.activemq:activemq-jaas:5.5.1,Medium,5.0,CWE-255,contains links,165.0,8237.0,Transparent,org.apache.activemq:activemq-jaas,,,False
CVE-2015-6644,12,org.bouncycastle:bcprov-ext-jdk15on:1.54,Medium,4.3,CWE-200,no links,214.0,2566.0,Silent,org.bouncycastle:bcprov-ext-jdk15on,,,False
CVE-2015-7521,36,org.apache.hive:hive-exec:1.2.1,High,7.5,CWE-287,contains links,685.0,7928.0,Transparent,org.apache.hive:hive-exec,Transparent,T2,True
CVE-2015-7559,3,org.apache.activemq:activemq-client:5.8.0,Medium,4.0,CWE-20,contains links,534.0,9535.0,Transparent,org.apache.activemq:activemq-client,,,False
CVE-2015-7940,93,org.bouncycastle:bcprov-jdk15on:1.50,Medium,5.0,CWE-310;CWE-200,no links,82.0,1653.0,Silent,org.bouncycastle:bcprov-jdk15on,Silent,S1,True
CVE-2016-0714,5,org.apache.tomcat:tomcat-catalina:9.0.0.M1,Medium,6.5,CWE-264,contains links,603.0,16526.0,Transparent,org.apache.tomcat:tomcat-catalina,,,False
CVE-2016-0734,1,org.apache.activemq:activemq-web:5.13.1,Medium,4.3,CWE-254,contains links,363.0,9108.0,Transparent,org.apache.activemq:activemq-web,,,False
CVE-2016-0750,5,org.infinispan:infinispan-client-hotrod:8.1.0.Final,Medium,6.5,CWE-502,no links,501.0,9390.0,Silent,org.infinispan:infinispan-client-hotrod,,,False
CVE-2016-0763,4,org.apache.tomcat:tomcat-catalina:8.0.29,Medium,6.5,CWE-264,contains links,604.0,16578.0,Transparent,org.apache.tomcat:tomcat-catalina,,,False
CVE-2016-0785,4,org.apache.struts.xwork:xwork-core:2.3.16.3,Critical,9.0,CWE-20,contains links,262.0,4251.0,Transparent,org.apache.struts.xwork:xwork-core,,,False
CVE-2016-0793,8,org.wildfly:wildfly-undertow:10.0.0.Final,Medium,5.0,CWE-200,no links,1299.0,19735.0,Silent,org.wildfly:wildfly-undertow,,,False
CVE-2016-0956,1,org.apache.sling:org.apache.sling.servlets.post:2.3.0,High,7.8,CWE-200,contains links,,,Transparent,org.apache.sling:org.apache.sling.servlets.post,,,False
CVE-2016-1000031,292,commons-fileupload:commons-fileupload:1.3.1,High,7.5,CWE-284,contains links,35.0,850.0,Transparent,commons-fileupload:commons-fileupload,,,False
CVE-2016-1000338,8,org.bouncycastle:bcprov-jdk14:1.50,Medium,5.0,CWE-347,no links,305.0,2826.0,Silent,org.bouncycastle:bcprov-jdk14,,,False
CVE-2016-1000339,155,org.bouncycastle:bcprov-jdk15on:1.54,Medium,5.0,CWE-310,no links,321.0,2850.0,Silent,org.bouncycastle:bcprov-jdk15on,Silent,S1,True
CVE-2016-1000341,155,org.bouncycastle:bcprov-jdk15on:1.54,Medium,4.3,CWE-361,no links,305.0,2831.0,Silent,org.bouncycastle:bcprov-jdk15on,Silent,S1,True
CVE-2016-1000342,155,org.bouncycastle:bcprov-jdk15on:1.54,Medium,5.0,CWE-347,no links,305.0,2827.0,Silent,org.bouncycastle:bcprov-jdk15on,Silent,S1,True
CVE-2016-1000343,155,org.bouncycastle:bcprov-jdk15on:1.54,Medium,5.0,CWE-310,no links,322.0,2864.0,Silent,org.bouncycastle:bcprov-jdk15on,Silent,S1,True
CVE-2016-1000345,155,org.bouncycastle:bcprov-jdk15on:1.54,Medium,4.3,CWE-361,no links,288.0,2790.0,Silent,org.bouncycastle:bcprov-jdk15on,Silent,S1,True
CVE-2016-1000346,155,org.bouncycastle:bcprov-jdk15on:1.54,Medium,4.3,CWE-320,no links,321.0,2849.0,Silent,org.bouncycastle:bcprov-jdk15on,Silent,S1,True
CVE-2016-1000352,155,org.bouncycastle:bcprov-jdk15on:1.54,Medium,5.8,CWE-310,no links,288.0,2789.0,Silent,org.bouncycastle:bcprov-jdk15on,Silent,S1,True
CVE-2016-10006,7,org.owasp.antisamy:antisamy:1.5.3,Medium,4.3,CWE-79,no links,0.0,10.0,Silent,org.owasp.antisamy:antisamy,,,False
CVE-2016-10027,2,org.igniterealtime.smack:smack-tcp:4.1.3,Medium,4.3,CWE-362,contains links,1007.0,2900.0,Transparent,org.igniterealtime.smack:smack-tcp,,,False
CVE-2016-10750,24,com.hazelcast:hazelcast:3.6.2,Medium,6.8,CWE-502,no links,2289.0,28031.0,Silent,com.hazelcast:hazelcast,,,False
CVE-2016-1181,31,struts:struts:1.2.9,Medium,6.8,,contains links,6.0,4255.0,Transparent,struts:struts,Silent,S1,True
CVE-2016-1182,31,struts:struts:1.2.9,Medium,6.4,CWE-20,contains links,6.0,4255.0,Transparent,struts:struts,Silent,S1,True
CVE-2016-2141,2,org.jgroups:jgroups:3.2.13.Final,High,7.5,,no links,391.0,17994.0,Silent,org.jgroups:jgroups,,,False
CVE-2016-2162,4,org.apache.struts.xwork:xwork-core:2.3.16.3,Medium,4.3,CWE-79,no links,289.0,4449.0,Silent,org.apache.struts.xwork:xwork-core,,,False
CVE-2016-2173,1,org.springframework.amqp:spring-amqp:1.3.3.RELEASE,High,7.5,CWE-20,contains links,168.0,979.0,Transparent,org.springframework.amqp:spring-amqp,,,False
CVE-2016-2175,1,org.apache.pdfbox:jempbox:1.8.8,High,7.5,,contains links,263.0,5239.0,Transparent,org.apache.pdfbox:jempbox,,,False
CVE-2016-2402,23,com.squareup.okhttp3:okhttp:3.0.1,Medium,4.3,CWE-295,contains links,7885.0,2388.0,Transparent,com.squareup.okhttp3:okhttp,Transparent,T1,True
CVE-2016-2510,1,org.apache-extras.beanshell:bsh:2.0b5,Medium,6.8,CWE-19,no links,11.0,269.0,Silent,org.apache-extras.beanshell:bsh,,,False
CVE-2016-3081,10,org.apache.struts:struts2-core:2.3.16.3,Critical,9.3,CWE-77,no links,320.0,4485.0,Silent,org.apache.struts:struts2-core,,,False
CVE-2016-3082,4,org.apache.struts:struts2-core:2.3.28,Critical,10.0,CWE-20,no links,331.0,4491.0,Silent,org.apache.struts:struts2-core,,,False
CVE-2016-3083,1,org.apache.hive:hive-service:2.0.0,Medium,5.0,CWE-295,contains links,773.0,8428.0,Transparent,org.apache.hive:hive-service,,,False
CVE-2016-3086,158,org.apache.hadoop:hadoop-common:2.6.0,Medium,5.0,CWE-200,contains links,1938.0,14428.0,Transparent,org.apache.hadoop:hadoop-common,Transparent,T1,True
CVE-2016-3087,4,org.apache.struts:struts2-core:2.3.28,High,7.5,CWE-20,no links,331.0,4491.0,Silent,org.apache.struts:struts2-core,,,False
CVE-2016-3092,292,commons-fileupload:commons-fileupload:1.3.1,High,7.8,CWE-20,contains links,35.0,849.0,Transparent,commons-fileupload:commons-fileupload,,,False
CVE-2016-3093,26,ognl:ognl:2.6.9,Medium,5.0,CWE-20,contains links,26.0,239.0,Transparent,ognl:ognl,Transparent,T1,True
CVE-2016-3674,169,com.thoughtworks.xstream:xstream:1.3.1,Medium,5.0,CWE-200,no links,43.0,2289.0,Silent,com.thoughtworks.xstream:xstream,Silent,S1,True
CVE-2016-3720,14,com.fasterxml.jackson.dataformat:jackson-dataformat-xml:2.4.4,High,7.5,,contains links,136.0,584.0,Transparent,com.fasterxml.jackson.dataformat:jackson-dataformat-xml,Transparent,T1,True
CVE-2016-4000,27,org.python:jython-standalone:2.7.0,High,7.5,CWE-502,no links,40.0,7871.0,Silent,org.python:jython-standalone,Silent,S1,True
CVE-2016-4003,10,org.apache.struts:struts2-core:2.3.16.3,Medium,4.3,CWE-79,contains links,265.0,4271.0,Transparent,org.apache.struts:struts2-core,,,False
CVE-2016-4430,1,org.apache.struts.xwork:xwork-core:2.3.20,Medium,6.8,CWE-352,no links,343.0,4531.0,Silent,org.apache.struts.xwork:xwork-core,,,False
CVE-2016-4431,4,org.apache.struts.xwork:xwork-core:2.3.16.3,Medium,5.0,CWE-20,no links,343.0,4531.0,Silent,org.apache.struts.xwork:xwork-core,,,False
CVE-2016-4433,4,org.apache.struts.xwork:xwork-core:2.3.16.3,Medium,5.0,CWE-20,no links,343.0,4531.0,Silent,org.apache.struts.xwork:xwork-core,,,False
CVE-2016-4434,14,org.apache.tika:tika-parsers:1.3,Medium,6.8,CWE-611,no links,265.0,2992.0,Silent,org.apache.tika:tika-parsers,,,False
CVE-2016-4436,10,org.apache.struts:struts2-core:2.3.16.3,High,7.5,,no links,335.0,4506.0,Silent,org.apache.struts:struts2-core,,,False
CVE-2016-4437,77,org.apache.shiro:shiro-core:1.2.3,Medium,6.8,CWE-284,no links,265.0,1598.0,Silent,org.apache.shiro:shiro-core,Silent,S2,True
CVE-2016-4461,4,org.apache.struts.xwork:xwork-core:2.3.16.3,Critical,9.0,CWE-20,no links,343.0,4531.0,Silent,org.apache.struts.xwork:xwork-core,,,False
CVE-2016-4468,2,org.cloudfoundry.identity:cloudfoundry-identity-scim:2.7.4,Medium,6.5,CWE-89,no links,334.0,3815.0,Silent,org.cloudfoundry.identity:cloudfoundry-identity-scim,,,False
CVE-2016-4800,6,org.eclipse.jetty:jetty-util:9.3.8.v20160314,High,7.5,CWE-284,no links,675.0,12147.0,Silent,org.eclipse.jetty:jetty-util,,,False
CVE-2016-4970,11,io.netty:netty-all:4.1.0.Final,High,7.8,CWE-835,contains links,6268.0,7424.0,Transparent,io.netty:netty-all,,,False
CVE-2016-4977,7,org.springframework.security.oauth:spring-security-oauth2:2.0.7.RELEASE,Medium,6.5,CWE-19,no links,1109.0,1068.0,Silent,org.springframework.security.oauth:spring-security-oauth2,,,False
CVE-2016-4993,15,io.undertow:undertow-core:1.3.15.Final,Medium,4.3,CWE-93;CWE-113,contains links,1038.0,3657.0,Transparent,io.undertow:undertow-core,Silent,S1,True
CVE-2016-4999,3,org.dashbuilder:dashbuilder-dataset-sql:0.4.0.Final,High,7.5,CWE-89,no links,25.0,1097.0,Silent,org.dashbuilder:dashbuilder-dataset-sql,,,False
CVE-2016-5001,53,org.apache.hadoop:hadoop-hdfs:2.6.0,Low,2.1,CWE-200,contains links,1182.0,12654.0,Transparent,org.apache.hadoop:hadoop-hdfs,Transparent,T1,True
CVE-2016-5007,33,org.springframework.security:spring-security-config:4.0.4.RELEASE,Medium,5.0,CWE-264,contains links,1013.0,5731.0,Transparent,org.springframework.security:spring-security-config,Transparent,T1,True
CVE-2016-5018,3,org.apache.tomcat:tomcat-jasper:8.0.32,Medium,6.4,,contains links,43.0,15230.0,Transparent,org.apache.tomcat:tomcat-jasper,,,False
CVE-2016-5388,9,org.apache.tomcat:tomcat-catalina:7.0.27,Medium,5.1,CWE-284,contains links,43.0,15179.0,Transparent,org.apache.tomcat:tomcat-catalina,,,False
CVE-2016-5393,134,org.apache.hadoop:hadoop-common:2.7.2,Medium,6.5,CWE-284,no links,1812.0,14157.0,Silent,org.apache.hadoop:hadoop-common,Silent,S1,True
CVE-2016-6345,31,org.jboss.resteasy:resteasy-jaxrs:3.0.19.Final,Medium,4.0,CWE-200,no links,456.0,3290.0,Silent,org.jboss.resteasy:resteasy-jaxrs,Silent,S3,True
CVE-2016-6346,31,org.jboss.resteasy:resteasy-jaxrs:3.0.19.Final,Medium,5.0,,contains links,459.0,3296.0,Transparent,org.jboss.resteasy:resteasy-jaxrs,Transparent,T3,True
CVE-2016-6652,22,org.springframework.data:spring-data-jpa:1.7.1.RELEASE,Medium,6.8,CWE-89,contains links,594.0,784.0,Transparent,org.springframework.data:spring-data-jpa,,,False
CVE-2016-6793,5,org.apache.wicket:wicket-util:1.5.2,Medium,6.4,CWE-502,contains links,278.0,19391.0,Transparent,org.apache.wicket:wicket-util,,,False
CVE-2016-6795,6,org.apache.struts:struts2-core:2.3.20,High,7.5,CWE-22,contains links,380.0,4603.0,Transparent,org.apache.struts:struts2-core,,,False
CVE-2016-6797,4,org.apache.tomcat:tomcat-catalina:9.0.0.M9,Medium,5.0,CWE-863,contains links,882.0,17412.0,Transparent,org.apache.tomcat:tomcat-catalina,,,False
CVE-2016-6798,1,org.apache.sling:org.apache.sling.xss:1.0.6,High,7.5,CWE-611,contains links,,,Transparent,org.apache.sling:org.apache.sling.xss,,,False
CVE-2016-6801,1,org.apache.jackrabbit:jackrabbit-webdav:2.12.1,Medium,6.8,CWE-352,contains links,120.0,8167.0,Transparent,org.apache.jackrabbit:jackrabbit-webdav,,,False
CVE-2016-6802,59,org.apache.shiro:shiro-web:1.2.3,Medium,5.0,CWE-284,no links,417.0,1641.0,Silent,org.apache.shiro:shiro-web,Silent,S1,True
CVE-2016-6805,12,org.apache.ignite:ignite-core:1.6.0,Medium,4.3,CWE-611,contains links,676.0,20154.0,Transparent,org.apache.ignite:ignite-core,,,False
CVE-2016-6806,125,org.apache.wicket:wicket-core:7.0.0,Medium,6.8,CWE-352,no links,292.0,19561.0,Silent,org.apache.wicket:wicket-core,Silent,S1,True
CVE-2016-6812,62,org.apache.cxf:cxf-rt-transports-http:3.0.5,Medium,4.3,CWE-79,no links,173.0,12348.0,Silent,org.apache.cxf:cxf-rt-transports-http,,,False
CVE-2016-6816,4,org.apache.tomcat:tomcat-coyote:8.0.32,Medium,6.8,CWE-20,contains links,47.0,15306.0,Transparent,org.apache.tomcat:tomcat-coyote,,,False
CVE-2016-7051,20,com.fasterxml.jackson.dataformat:jackson-dataformat-xml:2.7.4,Medium,5.0,CWE-611;CWE-918,no links,162.0,641.0,Silent,com.fasterxml.jackson.dataformat:jackson-dataformat-xml,Silent,S1,True
CVE-2016-8629,9,org.keycloak:keycloak-services:1.8.1.Final,Medium,5.5,CWE-264,no links,675.0,8646.0,Silent,org.keycloak:keycloak-services,,,False
CVE-2016-8738,5,org.apache.struts:struts2-core:2.5.5,Medium,4.3,CWE-20,no links,433.0,4686.0,Silent,org.apache.struts:struts2-core,,,False
CVE-2016-8739,3,org.apache.cxf:cxf-rt-rs-extension-providers:3.1.7,High,7.8,CWE-611,no links,185.0,12437.0,Silent,org.apache.cxf:cxf-rt-rs-extension-providers,,,False
CVE-2016-8745,1,org.apache.tomcat:tomcat-coyote:9.0.0.M3,Medium,5.0,CWE-388,contains links,1012.0,17799.0,Transparent,org.apache.tomcat:tomcat-coyote,,,False
CVE-2016-8746,15,org.apache.ranger:ranger-plugins-common:0.6.2,Medium,4.3,CWE-426,contains links,63.0,1843.0,Transparent,org.apache.ranger:ranger-plugins-common,,,False
CVE-2016-8747,4,org.apache.tomcat:tomcat-coyote:8.5.9,Medium,5.0,CWE-200,no links,,,Silent,org.apache.tomcat:tomcat-coyote,,,False
CVE-2016-8749,2,org.apache.camel:camel-jackson:2.17.1,High,7.5,CWE-502,contains links,996.0,26144.0,Transparent,org.apache.camel:camel-jackson,,,False
CVE-2016-8751,15,org.apache.ranger:ranger-plugins-common:0.6.2,Low,3.5,CWE-79,contains links,59.0,1788.0,Transparent,org.apache.ranger:ranger-plugins-common,,,False
CVE-2016-9177,22,com.sparkjava:spark-core:2.3,Medium,5.0,CWE-22,contains links,4509.0,759.0,Transparent,com.sparkjava:spark-core,Transparent,T3,True
CVE-2016-9487,1,org.idpf:epubcheck:4.0.1,Medium,6.8,CWE-611,no links,462.0,751.0,Silent,org.idpf:epubcheck,,,False
CVE-2016-9589,44,io.undertow:undertow-core:1.4.4.Final,Medium,5.0,CWE-400,no links,1347.0,3867.0,Silent,io.undertow:undertow-core,,,False
CVE-2016-9878,86,org.springframework:spring-webmvc:3.0.5.RELEASE,Medium,5.0,CWE-22,no links,10023.0,13783.0,Silent,org.springframework:spring-webmvc,,,False
CVE-2016-9879,41,org.springframework.security:spring-security-web:4.0.4.RELEASE,Medium,5.0,CWE-417,contains links,1221.0,5883.0,Transparent,org.springframework.security:spring-security-web,Transparent,T1,True
CVE-2017-1000208,9,io.swagger:swagger-parser:1.0.28,Medium,6.8,CWE-502,contains links,126.0,857.0,Transparent,io.swagger:swagger-parser,,,False
CVE-2017-1000209,9,com.neovisionaries:nv-websocket-client:1.31,Medium,4.3,CWE-295,no links,456.0,206.0,Silent,com.neovisionaries:nv-websocket-client,,,False
CVE-2017-1000486,9,org.primefaces:primefaces:5.1,High,7.5,CWE-326,no links,300.0,5564.0,Silent,org.primefaces:primefaces,,,False
CVE-2017-1000487,248,org.codehaus.plexus:plexus-utils:3.0.8,High,7.5,CWE-78,no links,0.0,686.0,Silent,org.codehaus.plexus:plexus-utils,Silent,S1,True
CVE-2017-11467,7,com.orientechnologies:orientdb-core:2.2.17,Critical,10.0,CWE-269,no links,2728.0,17508.0,Silent,com.orientechnologies:orientdb-core,,,False
CVE-2017-12158,9,org.keycloak:keycloak-services:1.8.1.Final,Low,3.5,CWE-79,contains links,1491.0,11473.0,Transparent,org.keycloak:keycloak-services,,,False
CVE-2017-12159,9,org.keycloak:keycloak-services:1.8.1.Final,Medium,5.0,CWE-613,contains links,1503.0,11492.0,Transparent,org.keycloak:keycloak-services,,,False
CVE-2017-12160,4,org.keycloak:keycloak-services:3.2.1.Final,Medium,6.5,CWE-287,no links,1491.0,11471.0,Silent,org.keycloak:keycloak-services,,,False
CVE-2017-12165,15,io.undertow:undertow-core:1.3.15.Final,Medium,5.0,CWE-444,no links,1423.0,3953.0,Silent,io.undertow:undertow-core,,,False
CVE-2017-12196,48,io.undertow:undertow-core:1.4.18.Final,Medium,4.3,CWE-863,no links,1719.0,4215.0,Silent,io.undertow:undertow-core,Silent,S1,True
CVE-2017-12197,3,org.kohsuke:libpam4j:1.8,Medium,4.0,CWE-20,contains links,0.0,68.0,Transparent,org.kohsuke:libpam4j,,,False
CVE-2017-12611,10,org.apache.struts:struts2-core:2.3.16.3,High,7.5,CWE-20,no links,462.0,4765.0,Silent,org.apache.struts:struts2-core,,,False
CVE-2017-12616,9,org.apache.tomcat:tomcat-catalina:7.0.27,Medium,5.0,CWE-200,contains links,1422.0,18664.0,Transparent,org.apache.tomcat:tomcat-catalina,,,False
CVE-2017-12617,8,org.apache.tomcat:tomcat-catalina:8.5.20,Medium,6.8,CWE-434,contains links,1502.0,18784.0,Transparent,org.apache.tomcat:tomcat-catalina,,,False
CVE-2017-12620,5,org.apache.opennlp:opennlp-tools:1.8.1,High,7.5,CWE-611,contains links,353.0,1747.0,Transparent,org.apache.opennlp:opennlp-tools,,,False
CVE-2017-12622,1,org.apache.geode:geode-core:1.2.1,Medium,5.5,CWE-200,no links,999.0,4539.0,Silent,org.apache.geode:geode-core,,,False
CVE-2017-12623,1,org.apache.nifi:nifi-framework-core:1.2.0,Medium,4.0,CWE-611,contains links,595.0,3851.0,Transparent,org.apache.nifi:nifi-framework-core,,,False
CVE-2017-12624,2,org.apache.cxf:cxf-core:3.0.4,Medium,4.3,,no links,300.0,13490.0,Silent,org.apache.cxf:cxf-core,,,False
CVE-2017-12625,8,org.apache.hive:hive-exec:2.3.0,Medium,4.0,CWE-200,contains links,1382.0,10911.0,Transparent,org.apache.hive:hive-exec,,,False
CVE-2017-12626,117,org.apache.poi:poi:3.15,Medium,5.0,CWE-835,contains links,257.0,8605.0,Transparent,org.apache.poi:poi,,,False
CVE-2017-12629,17,org.apache.lucene:lucene-queryparser:5.5.0,High,7.5,CWE-611,contains links,1052.0,28776.0,Transparent,org.apache.lucene:lucene-queryparser,,,False
CVE-2017-12630,1,org.apache.drill.exec:drill-java-exec:1.11.0,Low,3.5,CWE-79,contains links,787.0,2723.0,Transparent,org.apache.drill.exec:drill-java-exec,,,False
CVE-2017-12645,14,com.liferay.portal:com.liferay.portal.impl:2.4.0,Medium,4.3,CWE-79,no links,905.0,215641.0,Silent,com.liferay.portal:com.liferay.portal.impl,,,False
CVE-2017-13098,2,org.bouncycastle:bctls-jdk15on:1.57,Medium,4.3,CWE-203,no links,513.0,4686.0,Silent,org.bouncycastle:bctls-jdk15on,,,False
CVE-2017-14063,32,org.asynchttpclient:async-http-client:2.0.24,Medium,5.0,CWE-20,contains links,3576.0,3707.0,Transparent,org.asynchttpclient:async-http-client,Transparent,T1,True
CVE-2017-14735,7,org.owasp.antisamy:antisamy:1.5.3,Medium,4.3,CWE-79,no links,3.0,24.0,Silent,org.owasp.antisamy:antisamy,,,False
CVE-2017-15691,183,org.apache.uima:uimaj-core:2.6.0,Medium,4.0,CWE-611,contains links,21.0,6370.0,Transparent,org.apache.uima:uimaj-core,,,False
CVE-2017-15693,1,org.apache.geode:geode-core:1.2.1,Medium,6.0,CWE-502,contains links,1028.0,4794.0,Transparent,org.apache.geode:geode-core,,,False
CVE-2017-15694,2,org.apache.geode:geode-core:1.7.0,Medium,4.0,CWE-88,no links,1028.0,4790.0,Silent,org.apache.geode:geode-core,,,False
CVE-2017-15695,1,org.apache.geode:geode-core:1.2.1,Medium,6.5,CWE-863,contains links,1072.0,5122.0,Transparent,org.apache.geode:geode-core,,,False
CVE-2017-15696,1,org.apache.geode:geode-core:1.2.1,Medium,5.0,CWE-200,contains links,1022.0,4762.0,Transparent,org.apache.geode:geode-core,,,False
CVE-2017-15700,7,org.apache.sling:org.apache.sling.auth.core:1.1.4,Medium,4.3,CWE-200,contains links,0.0,225.0,Transparent,org.apache.sling:org.apache.sling.auth.core,,,False
CVE-2017-15703,1,org.apache.nifi:nifi-framework-core:1.2.0,Low,3.5,CWE-502,contains links,595.0,3851.0,Transparent,org.apache.nifi:nifi-framework-core,,,False
CVE-2017-15709,6,org.apache.activemq:activemq-client:5.14.5,Medium,4.3,CWE-200,contains links,846.0,9908.0,Transparent,org.apache.activemq:activemq-client,,,False
CVE-2017-15712,8,org.apache.oozie:oozie-core:4.1.0,Medium,6.8,CWE-22,no links,322.0,2041.0,Silent,org.apache.oozie:oozie-core,,,False
CVE-2017-15713,1,org.apache.hadoop:hadoop-common:0.23.11,Medium,4.0,CWE-200,contains links,3776.0,17270.0,Transparent,org.apache.hadoop:hadoop-common,,,False
CVE-2017-15717,3,org.apache.sling:org.apache.sling.xss:2.0.0,Medium,4.3,CWE-79,contains links,0.0,71.0,Transparent,org.apache.sling:org.apache.sling.xss,,,False
CVE-2017-15718,1,org.apache.hadoop:hadoop-yarn-server-nodemanager:2.7.2,Medium,5.0,,no links,3633.0,17059.0,Silent,org.apache.hadoop:hadoop-yarn-server-nodemanager,,,False
CVE-2017-17485,172,com.fasterxml.jackson.core:jackson-databind:2.9.0,High,7.5,CWE-502,contains links,1372.0,4408.0,Transparent,com.fasterxml.jackson.core:jackson-databind,Transparent,T1,True
CVE-2017-18349,29,com.alibaba:fastjson:1.2.24,Critical,10.0,CWE-20,contains links,6666.0,1944.0,Transparent,com.alibaba:fastjson,,,False
CVE-2017-2582,6,org.keycloak:keycloak-saml-core:2.5.0.Final,Medium,4.0,CWE-200,contains links,795.0,9484.0,Transparent,org.keycloak:keycloak-saml-core,,,False
CVE-2017-2585,63,org.keycloak:keycloak-core:1.8.1.Final,Medium,4.3,CWE-200,no links,796.0,9505.0,Silent,org.keycloak:keycloak-core,,,False
CVE-2017-2594,2,io.hawt:hawtio-system:1.4.55,Medium,5.0,CWE-22,no links,729.0,7909.0,Silent,io.hawt:hawtio-system,,,False
CVE-2017-2617,2,io.hawt:hawtio-system:1.4.55,Medium,6.8,CWE-434,no links,815.0,8207.0,Silent,io.hawt:hawtio-system,,,False
CVE-2017-2638,1,org.infinispan.server:infinispan-server-endpoints:9.0.0.Final,Medium,6.4,CWE-287,no links,316.0,7121.0,Silent,org.infinispan.server:infinispan-server-endpoints,,,False
CVE-2017-2646,6,org.keycloak:keycloak-saml-core:2.5.4.Final,Medium,5.0,CWE-835,no links,922.0,9960.0,Silent,org.keycloak:keycloak-saml-core,,,False
CVE-2017-2666,15,io.undertow:undertow-core:1.3.15.Final,Medium,6.4,CWE-444,no links,1423.0,3953.0,Silent,io.undertow:undertow-core,,,False
CVE-2017-2670,91,io.undertow:undertow-core:2.2.14.Final,Medium,5.0,CWE-835,no links,1429.0,3955.0,Silent,io.undertow:undertow-core,Silent,S1,True
CVE-2017-3156,1,org.apache.cxf:cxf-rt-rs-security-oauth2:3.1.4,Medium,5.0,,no links,200.0,12543.0,Silent,org.apache.cxf:cxf-rt-rs-security-oauth2,,,False
CVE-2017-3159,1,org.apache.camel:camel-snakeyaml:3.0.0-M4,High,7.5,CWE-502,contains links,996.0,26150.0,Transparent,org.apache.camel:camel-snakeyaml,,,False
CVE-2017-3164,14,org.apache.solr:solr-core:7.4.0,Medium,5.0,CWE-918,contains links,0.0,31278.0,Transparent,org.apache.solr:solr-core,Transparent,T1,True
CVE-2017-3166,64,org.apache.hadoop:hadoop-mapreduce-client-core:2.3.0,Medium,4.6,CWE-732,contains links,2541.0,15526.0,Transparent,org.apache.hadoop:hadoop-mapreduce-client-core,Transparent,T1,True
CVE-2017-3523,138,mysql:mysql-connector-java:5.1.38,Medium,6.0,,no links,99.0,2295.0,Silent,mysql:mysql-connector-java,Silent,S1,True
CVE-2017-3586,138,mysql:mysql-connector-java:5.1.38,Medium,5.5,,no links,107.0,2367.0,Silent,mysql:mysql-connector-java,Silent,S1,True
CVE-2017-3589,138,mysql:mysql-connector-java:5.1.38,Low,2.1,,no links,107.0,2370.0,Silent,mysql:mysql-connector-java,Silent,S1,True
CVE-2017-4971,7,org.springframework.webflow:spring-webflow:2.4.4.RELEASE,Medium,4.3,CWE-1188,no links,149.0,2523.0,Silent,org.springframework.webflow:spring-webflow,,,False
CVE-2017-4995,18,org.springframework.security:spring-security-core:4.2.2.RELEASE,Medium,6.8,CWE-502,contains links,1472.0,5998.0,Transparent,org.springframework.security:spring-security-core,Transparent,T1,True
CVE-2017-5637,155,org.apache.zookeeper:zookeeper:3.4.6,Medium,5.0,CWE-400;CWE-306,contains links,2304.0,1516.0,Transparent,org.apache.zookeeper:zookeeper,,,False
CVE-2017-5638,10,org.apache.struts:struts2-core:2.3.16.3,Critical,10.0,CWE-20,no links,476.0,4785.0,Silent,org.apache.struts:struts2-core,,,False
CVE-2017-5641,5,org.apache.flex.blazeds:flex-messaging-core:4.7.2,High,7.5,CWE-502,no links,19.0,101.0,Silent,org.apache.flex.blazeds:flex-messaging-core,,,False
CVE-2017-5643,22,org.apache.camel:camel-core:2.18.0,Medium,5.8,CWE-918,contains links,1096.0,27137.0,Transparent,org.apache.camel:camel-core,Transparent,T1,True
CVE-2017-5644,87,org.apache.poi:poi-ooxml:3.14,High,7.1,CWE-776,contains links,122.0,7080.0,Transparent,org.apache.poi:poi-ooxml,,,False
CVE-2017-5645,364,org.apache.logging.log4j:log4j-core:2.7,High,7.5,CWE-502,contains links,206.0,9027.0,Transparent,org.apache.logging.log4j:log4j-core,,,False
CVE-2017-5647,4,org.apache.tomcat:tomcat-coyote:8.0.32,Medium,5.0,CWE-200,contains links,50.0,15465.0,Transparent,org.apache.tomcat:tomcat-coyote,,,False
CVE-2017-5648,6,org.apache.tomcat:tomcat-catalina:9.0.0.M17,Medium,6.4,CWE-668,contains links,1117.0,18106.0,Transparent,org.apache.tomcat:tomcat-catalina,,,False
CVE-2017-5650,3,org.apache.tomcat:tomcat-coyote:9.0.0.M21,Medium,5.0,CWE-404,contains links,1151.0,18170.0,Transparent,org.apache.tomcat:tomcat-coyote,,,False
CVE-2017-5651,3,org.apache.tomcat:tomcat-coyote:9.0.0.M21,High,7.5,,contains links,1151.0,18173.0,Transparent,org.apache.tomcat:tomcat-coyote,,,False
CVE-2017-5656,50,org.apache.cxf:cxf-rt-ws-security:3.0.5,Medium,5.0,CWE-384,contains links,248.0,13146.0,Transparent,org.apache.cxf:cxf-rt-ws-security,,,False
CVE-2017-5662,20,org.apache.xmlgraphics:batik-dom:1.7,High,7.9,CWE-611,contains links,30.0,3406.0,Transparent,org.apache.xmlgraphics:batik-dom,,,False
CVE-2017-5664,5,org.apache.tomcat:tomcat-catalina:8.0.0-RC1,Medium,5.0,CWE-755,contains links,51.0,15491.0,Transparent,org.apache.tomcat:tomcat-catalina,,,False
CVE-2017-7525,351,com.fasterxml.jackson.core:jackson-databind:2.7.3,High,7.5,CWE-184,contains links,1248.0,4144.0,Transparent,com.fasterxml.jackson.core:jackson-databind,,,False
CVE-2017-7536,29,org.hibernate:hibernate-validator:5.3.4.Final,Medium,4.4,CWE-470,no links,364.0,3551.0,Silent,org.hibernate:hibernate-validator,Silent,S1,True
CVE-2017-7556,2,io.hawt:hawtio-system:1.4.55,Medium,6.8,CWE-352,contains links,803.0,8159.0,Transparent,io.hawt:hawtio-system,,,False
CVE-2017-7559,15,io.undertow:undertow-core:1.3.15.Final,Medium,5.8,CWE-444,no links,1698.0,4192.0,Silent,io.undertow:undertow-core,,,False
CVE-2017-7561,31,org.jboss.resteasy:resteasy-jaxrs:3.0.19.Final,Medium,5.0,CWE-444,contains links,587.0,3681.0,Transparent,org.jboss.resteasy:resteasy-jaxrs,Silent,S3,True
CVE-2017-7656,22,org.eclipse.jetty:jetty-http:9.2.14.v20151106,Medium,5.0,,contains links,1786.0,16882.0,Transparent,org.eclipse.jetty:jetty-http,,,False
CVE-2017-7657,9,org.eclipse.jetty:jetty-http:9.3.20.v20170531,High,7.5,CWE-190;CWE-444,no links,1786.0,16883.0,Silent,org.eclipse.jetty:jetty-http,,,False
CVE-2017-7658,22,org.eclipse.jetty:jetty-http:9.2.14.v20151106,High,7.5,CWE-444,contains links,1786.0,16882.0,Transparent,org.eclipse.jetty:jetty-http,,,False
CVE-2017-7660,4,org.apache.solr:solr-core:6.4.2,Medium,5.0,CWE-287,no links,721.0,27400.0,Silent,org.apache.solr:solr-core,,,False
CVE-2017-7672,2,org.apache.struts:struts2-core:2.5.10.1,Medium,4.3,CWE-20,no links,433.0,4688.0,Silent,org.apache.struts:struts2-core,,,False
CVE-2017-7674,6,org.apache.tomcat:tomcat-catalina:8.0.32,Medium,4.3,CWE-345,contains links,51.0,15509.0,Transparent,org.apache.tomcat:tomcat-catalina,,,False
CVE-2017-7675,3,org.apache.tomcat:tomcat-coyote:9.0.0.M21,Medium,5.0,CWE-22,contains links,1260.0,18438.0,Transparent,org.apache.tomcat:tomcat-coyote,,,False
CVE-2017-7957,169,com.thoughtworks.xstream:xstream:1.3.1,Medium,5.0,CWE-20,no links,180.0,2473.0,Silent,com.thoughtworks.xstream:xstream,,,False
CVE-2017-8028,19,org.springframework.ldap:spring-ldap-core:1.3.1.RELEASE,Medium,5.1,CWE-287,contains links,118.0,1008.0,Transparent,org.springframework.ldap:spring-ldap-core,Transparent,T1,True
CVE-2017-8045,1,org.springframework.amqp:spring-amqp:1.6.10.RELEASE,High,7.5,CWE-502,contains links,305.0,1298.0,Transparent,org.springframework.amqp:spring-amqp,,,False
CVE-2017-9096,20,com.itextpdf:itextpdf:5.5.11,Medium,6.8,CWE-611,no links,486.0,4347.0,Silent,com.itextpdf:itextpdf,Silent,S1,True
CVE-2017-9735,25,org.eclipse.jetty:jetty-util:9.2.14.v20151106,Medium,5.0,CWE-203,contains links,1210.0,14940.0,Transparent,org.eclipse.jetty:jetty-util,Transparent,T1,True
CVE-2017-9787,4,org.apache.struts.xwork:xwork-core:2.3.16.3,Medium,5.0,,no links,568.0,4972.0,Silent,org.apache.struts.xwork:xwork-core,,,False
CVE-2017-9794,8,org.apache.geode:geode-core:1.2.0,Medium,4.0,CWE-200,no links,934.0,4014.0,Silent,org.apache.geode:geode-core,,,False
CVE-2017-9795,1,org.apache.geode:geode-core:1.2.1,Medium,6.0,CWE-200,no links,986.0,4428.0,Silent,org.apache.geode:geode-core,,,False
CVE-2017-9796,1,org.apache.geode:geode-core:1.2.1,Low,3.5,CWE-200,contains links,990.0,4454.0,Transparent,org.apache.geode:geode-core,,,False
CVE-2017-9797,8,org.apache.geode:geode-core:1.2.0,Medium,5.8,CWE-200,contains links,953.0,4149.0,Transparent,org.apache.geode:geode-core,,,False
CVE-2017-9799,13,org.apache.storm:storm-core:1.0.3,Medium,4.3,,no links,3903.0,8592.0,Silent,org.apache.storm:storm-core,,,False
CVE-2017-9803,14,org.apache.solr:solr-core:6.3.0,Medium,6.0,CWE-287,contains links,917.0,28350.0,Transparent,org.apache.solr:solr-core,Transparent,T1,True
CVE-2018-1000008,1,org.jvnet.hudson.plugins:pmd:1.0,Medium,6.5,CWE-611,no links,20.0,843.0,Silent,org.jvnet.hudson.plugins:pmd,,,False
CVE-2018-1000125,1,com.inversoft:prime-jwt:1.0.0,High,7.5,CWE-20,contains links,2.0,85.0,Transparent,com.inversoft:prime-jwt,,,False
CVE-2018-1000129,11,org.jolokia:jolokia-core:1.2.3,Medium,4.3,CWE-79,no links,480.0,1846.0,Silent,org.jolokia:jolokia-core,,,False
CVE-2018-1000130,11,org.jolokia:jolokia-core:1.2.3,Medium,6.8,CWE-74,no links,481.0,1856.0,Silent,org.jolokia:jolokia-core,,,False
CVE-2018-1000134,9,com.unboundid:unboundid-ldapsdk:3.2.0,High,7.5,CWE-521,no links,72.0,886.0,Silent,com.unboundid:unboundid-ldapsdk,,,False
CVE-2018-1000180,156,org.bouncycastle:bcprov-jdk15on:1.59,Medium,5.0,CWE-327,no links,595.0,4938.0,Silent,org.bouncycastle:bcprov-jdk15on,Silent,S2,True
CVE-2018-1000531,1,com.inversoft:prime-jwt:1.0.0,Medium,5.0,CWE-20,contains links,2.0,97.0,Transparent,com.inversoft:prime-jwt,,,False
CVE-2018-1000613,156,org.bouncycastle:bcprov-jdk15on:1.59,High,7.5,CWE-502;CWE-470,no links,572.0,4884.0,Silent,org.bouncycastle:bcprov-jdk15on,Silent,S1,True
CVE-2018-1000615,3,org.onosproject:onos-ovsdb-rfc:1.6.0,Medium,5.0,,no links,447.0,12817.0,Silent,org.onosproject:onos-ovsdb-rfc,,,False
CVE-2018-1000616,51,org.onosproject:onos-cli:1.8.9,High,7.5,CWE-611,no links,446.0,12805.0,Silent,org.onosproject:onos-cli,,,False
CVE-2018-1000632,29,org.dom4j:dom4j:2.1.0,Medium,5.0,CWE-91,contains links,333.0,80.0,Transparent,org.dom4j:dom4j,Transparent,T1,True
CVE-2018-1000644,4,org.eclipse.rdf4j:rdf4j-rio-trix:2.2.2,High,7.5,CWE-611,contains links,115.0,1918.0,Transparent,org.eclipse.rdf4j:rdf4j-rio-trix,,,False
CVE-2018-1000820,4,org.neo4j.procedure:apoc:3.4.0.1,High,7.5,CWE-611,contains links,643.0,834.0,Transparent,org.neo4j.procedure:apoc,,,False
CVE-2018-1000822,10,org.codelibs.fess:fess:12.2.0,High,7.5,CWE-611,contains links,297.0,2997.0,Transparent,org.codelibs.fess:fess,,,False
CVE-2018-1000850,129,com.squareup.retrofit2:retrofit:2.3.0,Medium,6.4,CWE-22,contains links,27953.0,1649.0,Transparent,com.squareup.retrofit2:retrofit,Transparent,T1,True
CVE-2018-1000854,4,org.esigate:esigate-core:4.4,High,7.5,CWE-74,contains links,20.0,1631.0,Transparent,org.esigate:esigate-core,,,False
CVE-2018-1000865,1,org.kohsuke:groovy-sandbox:1.19,Medium,6.5,CWE-269,no links,67.0,165.0,Silent,org.kohsuke:groovy-sandbox,,,False
CVE-2018-1002200,21,org.codehaus.plexus:plexus-archiver:3.5,Medium,4.3,CWE-22,contains links,17.0,685.0,Transparent,org.codehaus.plexus:plexus-archiver,Transparent,T1,True
CVE-2018-1002201,11,org.zeroturnaround:zt-zip:1.12,Medium,5.8,CWE-22,no links,797.0,388.0,Silent,org.zeroturnaround:zt-zip,,,False
CVE-2018-10237,3247,com.google.guava:guava:18.0,Medium,4.3,CWE-770,contains links,21225.0,4692.0,Transparent,com.google.guava:guava,,,False
CVE-2018-1047,8,org.wildfly:wildfly-undertow:10.0.0.Final,Low,2.1,CWE-22,contains links,1731.0,24764.0,Transparent,org.wildfly:wildfly-undertow,,,False
CVE-2018-1067,53,io.undertow:undertow-core:1.4.20.Final,Medium,5.8,CWE-113,no links,1777.0,4266.0,Silent,io.undertow:undertow-core,Silent,S1,True
CVE-2018-10936,79,org.postgresql:postgresql:42.2.2,Medium,6.8,CWE-297,contains links,521.0,2395.0,Transparent,org.postgresql:postgresql,,,False
CVE-2018-11039,68,org.springframework:spring-web:4.3.14.RELEASE,Medium,4.3,,contains links,19245.0,16665.0,Transparent,org.springframework:spring-web,Transparent,T1,True
CVE-2018-11087,3,org.springframework.amqp:spring-rabbit:2.0.5.RELEASE,Medium,4.3,CWE-295,contains links,388.0,1446.0,Transparent,org.springframework.amqp:spring-rabbit,,,False
CVE-2018-1114,53,io.undertow:undertow-core:1.4.20.Final,Medium,4.0,CWE-400,contains links,1776.0,4263.0,Transparent,io.undertow:undertow-core,Transparent,T1,True
CVE-2018-1131,18,org.infinispan:infinispan-core:9.3.0.CR1,Medium,6.5,CWE-502,no links,592.0,10672.0,Silent,org.infinispan:infinispan-core,,,False
CVE-2018-11758,2,org.apache.cayenne:cayenne-server:4.2.M3,Medium,5.8,CWE-611,no links,106.0,5870.0,Silent,org.apache.cayenne:cayenne-server,,,False
CVE-2018-11761,24,org.apache.tika:tika-core:1.18,Medium,5.0,CWE-611,no links,630.0,4279.0,Silent,org.apache.tika:tika-core,Silent,S1,True
CVE-2018-11762,1,org.apache.tika:tika-app:1.18,Medium,5.8,CWE-22,no links,619.0,4256.0,Silent,org.apache.tika:tika-app,,,False
CVE-2018-11764,1,org.apache.hadoop:hadoop-common:3.0.0,Critical,9.0,CWE-306,contains links,5349.0,17978.0,Transparent,org.apache.hadoop:hadoop-common,,,False
CVE-2018-11765,1,org.apache.hadoop:hadoop-common:3.0.0,Medium,4.3,CWE-287,contains links,5413.0,18026.0,Transparent,org.apache.hadoop:hadoop-common,,,False
CVE-2018-11768,5,org.apache.hadoop:hadoop-hdfs:3.1.1,Medium,5.0,CWE-119,no links,7230.0,20433.0,Silent,org.apache.hadoop:hadoop-hdfs,,,False
CVE-2018-11771,107,org.apache.commons:commons-compress:1.9,Medium,4.3,CWE-835,no links,83.0,2635.0,Silent,org.apache.commons:commons-compress,Silent,S1,True
CVE-2018-11775,3,org.apache.activemq:activemq-client:5.8.0,Medium,5.8,CWE-295,no links,1098.0,10061.0,Silent,org.apache.activemq:activemq-client,,,False
CVE-2018-11776,10,org.apache.struts:struts2-core:2.3.16.3,Critical,9.3,CWE-20,no links,737.0,5355.0,Silent,org.apache.struts:struts2-core,,,False
CVE-2018-11777,36,org.apache.hive:hive-exec:1.2.1,Medium,5.5,,contains links,1980.0,12942.0,Transparent,org.apache.hive:hive-exec,Transparent,T1,True
CVE-2018-11786,1,org.apache.karaf.shell:org.apache.karaf.shell.core:4.1.2,Critical,9.0,CWE-269,contains links,294.0,6538.0,Transparent,org.apache.karaf.shell:org.apache.karaf.shell.core,,,False
CVE-2018-11797,28,org.apache.pdfbox:pdfbox:2.0.8,Medium,4.3,,contains links,646.0,7337.0,Transparent,org.apache.pdfbox:pdfbox,,,False
CVE-2018-11799,8,org.apache.oozie:oozie-core:4.1.0,Medium,4.0,CWE-20,no links,389.0,2197.0,Silent,org.apache.oozie:oozie-core,,,False
CVE-2018-11802,14,org.apache.solr:solr-core:7.4.0,Medium,4.0,CWE-863,no links,2024.0,31239.0,Silent,org.apache.solr:solr-core,Silent,S1,True
CVE-2018-12036,3,org.owasp:dependency-check-core:1.4.5,Medium,6.8,CWE-22;CWE-123,no links,0.0,5322.0,Silent,org.owasp:dependency-check-core,,,False
CVE-2018-12418,18,com.github.junrar:junrar:0.7,Medium,4.3,CWE-835,contains links,38.0,60.0,Transparent,com.github.junrar:junrar,Transparent,T1,True
CVE-2018-12536,3,org.eclipse.jetty:jetty-util:9.3.25.v20180904,Medium,5.0,,contains links,1803.0,16954.0,Transparent,org.eclipse.jetty:jetty-util,,,False
CVE-2018-12537,111,io.vertx:vertx-core:3.3.3,Medium,5.0,CWE-20,contains links,7254.0,3505.0,Transparent,io.vertx:vertx-core,Transparent,T2,True
CVE-2018-12538,56,org.eclipse.jetty:jetty-server:9.4.8.v20171121,Medium,6.5,CWE-384,contains links,1585.0,16277.0,Transparent,org.eclipse.jetty:jetty-server,Transparent,T1,True
CVE-2018-12540,42,io.vertx:vertx-web:3.5.1,Medium,6.8,CWE-352,contains links,411.0,1659.0,Transparent,io.vertx:vertx-web,Transparent,T3,True
CVE-2018-12541,144,io.vertx:vertx-core:3.5.3,Medium,4.0,CWE-119,contains links,7826.0,3688.0,Transparent,io.vertx:vertx-core,,,False
CVE-2018-12542,42,io.vertx:vertx-web:3.5.1,High,7.5,CWE-22,contains links,444.0,1733.0,Transparent,io.vertx:vertx-web,Transparent,T1,True
CVE-2018-1257,5,org.springframework:spring-messaging:4.3.14.RELEASE,Medium,4.0,,no links,18108.0,16433.0,Silent,org.springframework:spring-messaging,,,False
CVE-2018-1258,11,org.springframework.security:spring-security-config:5.0.3.RELEASE,Medium,6.5,CWE-863,contains links,2166.0,6880.0,Transparent,org.springframework.security:spring-security-config,,,False
CVE-2018-1259,7,org.springframework.data:spring-data-commons:1.13.7.RELEASE,Medium,5.0,CWE-611,contains links,291.0,1648.0,Transparent,org.springframework.data:spring-data-commons,,,False
CVE-2018-1260,8,org.springframework.security.oauth:spring-security-oauth2:2.2.0.RELEASE,High,7.5,CWE-94,contains links,2484.0,1234.0,Transparent,org.springframework.security.oauth:spring-security-oauth2,,,False
CVE-2018-1270,6,org.springframework:spring-messaging:5.0.2.RELEASE,High,7.5,CWE-94,no links,17322.0,16224.0,Silent,org.springframework:spring-messaging,,,False
CVE-2018-1271,28,org.springframework:spring-webmvc:5.0.4.RELEASE,Medium,4.3,CWE-22,no links,17529.0,16265.0,Silent,org.springframework:spring-webmvc,Silent,S1,True
CVE-2018-1273,9,org.springframework.data:spring-data-commons:2.0.5.RELEASE,High,7.5,CWE-20,no links,279.0,1624.0,Silent,org.springframework.data:spring-data-commons,,,False
CVE-2018-1274,7,org.springframework.data:spring-data-commons:1.13.7.RELEASE,Medium,5.0,CWE-770,contains links,279.0,1626.0,Transparent,org.springframework.data:spring-data-commons,,,False
CVE-2018-1275,5,org.springframework:spring-messaging:4.3.14.RELEASE,High,7.5,CWE-94,no links,17926.0,16393.0,Silent,org.springframework:spring-messaging,,,False
CVE-2018-1282,21,org.apache.hive:hive-jdbc:1.2.1,High,7.5,CWE-89,no links,1580.0,11628.0,Silent,org.apache.hive:hive-jdbc,Silent,S1,True
CVE-2018-1284,36,org.apache.hive:hive-exec:1.2.1,Medium,4.3,CWE-200,contains links,1594.0,11660.0,Transparent,org.apache.hive:hive-exec,,,False
CVE-2018-1287,5,org.apache.jmeter:ApacheJMeter_core:3.0,High,7.5,,contains links,1409.0,15180.0,Transparent,org.apache.jmeter:ApacheJMeter_core,,,False
CVE-2018-1294,77,org.apache.commons:commons-email:1.4,Medium,5.0,CWE-20,contains links,33.0,795.0,Transparent,org.apache.commons:commons-email,,,False
CVE-2018-1295,7,org.apache.ignite:ignite-core:2.3.0,High,7.5,CWE-502,contains links,1350.0,23365.0,Transparent,org.apache.ignite:ignite-core,,,False
CVE-2018-1296,53,org.apache.hadoop:hadoop-hdfs:2.6.0,Medium,5.0,CWE-200,contains links,3887.0,17348.0,Transparent,org.apache.hadoop:hadoop-hdfs,Transparent,T1,True
CVE-2018-12972,3,net.opentsdb:opentsdb:2.3.0,High,7.5,CWE-78,no links,2164.0,1486.0,Silent,net.opentsdb:opentsdb,,,False
CVE-2018-1304,6,org.apache.tomcat:tomcat-catalina:8.5.51,Medium,4.3,,contains links,0.0,18457.0,Transparent,org.apache.tomcat:tomcat-catalina,,,False
CVE-2018-1305,9,org.apache.tomcat:tomcat-catalina:9.0.56,Medium,4.0,,contains links,1817.0,19212.0,Transparent,org.apache.tomcat:tomcat-catalina,,,False
CVE-2018-1307,6,org.apache.juddi:juddi-client:3.3.3,Medium,6.8,CWE-611,no links,6.0,2832.0,Silent,org.apache.juddi:juddi-client,,,False
CVE-2018-1313,58,org.apache.derby:derby:10.11.1.1,Low,3.5,,contains links,114.0,8180.0,Transparent,org.apache.derby:derby,,,False
CVE-2018-1314,24,org.apache.hive:hive-exec:2.1.0,Medium,4.0,CWE-862,contains links,1981.0,12942.0,Transparent,org.apache.hive:hive-exec,Transparent,T1,True
CVE-2018-1317,1,org.apache.zeppelin:zeppelin-zengine:0.7.3,Medium,6.5,CWE-287,contains links,3242.0,3733.0,Transparent,org.apache.zeppelin:zeppelin-zengine,,,False
CVE-2018-1320,139,org.apache.thrift:libthrift:0.9.3,Medium,5.0,CWE-295,no links,4095.0,5277.0,Silent,org.apache.thrift:libthrift,Silent,S1,True
CVE-2018-1324,75,org.apache.commons:commons-compress:1.14,Medium,4.3,CWE-835,no links,69.0,2374.0,Silent,org.apache.commons:commons-compress,Silent,S1,True
CVE-2018-1331,4,org.apache.storm:storm-core:1.1.1,Medium,6.5,,no links,4544.0,9209.0,Silent,org.apache.storm:storm-core,,,False
CVE-2018-1332,4,org.apache.storm:storm-core:1.1.1,Medium,4.0,CWE-200,contains links,4537.0,9202.0,Transparent,org.apache.storm:storm-core,,,False
CVE-2018-1335,31,org.apache.tika:tika-core:1.17,Critical,9.3,,no links,565.0,4146.0,Silent,org.apache.tika:tika-core,Silent,S1,True
CVE-2018-1336,9,org.apache.tomcat:tomcat-util:9.0.7,Medium,5.0,CWE-835,contains links,1984.0,19386.0,Transparent,org.apache.tomcat:tomcat-util,,,False
CVE-2018-1339,13,org.apache.tika:tika-parsers:1.17,Medium,4.3,CWE-835,no links,565.0,4146.0,Silent,org.apache.tika:tika-parsers,Silent,S1,True
CVE-2018-14371,5,org.glassfish:javax.faces:2.3.3,Medium,5.0,CWE-22,no links,14.0,2.0,Silent,org.glassfish:javax.faces,,,False
CVE-2018-14627,3,org.wildfly:wildfly-iiop-openjdk:14.0.0.Final,Medium,4.3,CWE-319,contains links,1836.0,26440.0,Transparent,org.wildfly:wildfly-iiop-openjdk,,,False
CVE-2018-14637,5,org.keycloak:keycloak-spring-security-adapter:4.2.1.Final,Medium,6.8,CWE-287,no links,2757.0,13042.0,Silent,org.keycloak:keycloak-spring-security-adapter,,,False
CVE-2018-14642,52,io.undertow:undertow-core:2.0.11.Final,Medium,5.0,CWE-200,no links,1947.0,4393.0,Silent,io.undertow:undertow-core,Silent,S3,True
CVE-2018-14658,9,org.keycloak:keycloak-services:3.4.3.Final,Medium,5.8,CWE-601,no links,2779.0,13077.0,Silent,org.keycloak:keycloak-services,,,False
CVE-2018-15756,70,org.springframework:spring-web:5.0.8.RELEASE,Medium,5.0,,no links,21576.0,17374.0,Silent,org.springframework:spring-web,Silent,S1,True
CVE-2018-15758,4,org.springframework.security.oauth:spring-security-oauth2:2.1.0.RELEASE,Medium,6.8,,contains links,2792.0,1244.0,Transparent,org.springframework.security.oauth:spring-security-oauth2,,,False
CVE-2018-15801,8,org.springframework.security:spring-security-oauth2-jose:5.1.1.RELEASE,Medium,5.8,CWE-345,no links,2662.0,7389.0,Silent,org.springframework.security:spring-security-oauth2-jose,,,False
CVE-2018-17187,2,org.apache.qpid:proton-j:0.16.0,Medium,5.8,CWE-295,no links,12.0,3078.0,Silent,org.apache.qpid:proton-j,,,False
CVE-2018-17197,13,org.apache.tika:tika-parsers:1.18,Medium,4.3,CWE-835,no links,672.0,4364.0,Silent,org.apache.tika:tika-parsers,Silent,S1,True
CVE-2018-17297,19,cn.hutool:hutool-core:5.8.0.M4,Medium,6.4,CWE-22,no links,1751.0,0.0,Silent,cn.hutool:hutool-core,,,False
CVE-2018-18240,11,ro.pippo:pippo-session:1.11.0,High,7.5,CWE-502,contains links,619.0,1325.0,Transparent,ro.pippo:pippo-session,,,False
CVE-2018-18628,11,ro.pippo:pippo-session:1.11.0,Critical,10.0,CWE-502,contains links,619.0,1325.0,Transparent,ro.pippo:pippo-session,,,False
CVE-2018-18928,33,com.ibm.icu:icu4j:62.1,High,7.5,CWE-190,contains links,176.0,30335.0,Transparent,com.ibm.icu:icu4j,Transparent,T2,True
CVE-2018-1999020,13,org.onosproject:onos-core-common:1.13.1,Medium,5.8,CWE-22,contains links,451.0,12905.0,Transparent,org.onosproject:onos-core-common,,,False
CVE-2018-20000,5,org.bedework:bw-webdav:4.0.2,Medium,5.0,CWE-611,contains links,0.0,335.0,Transparent,org.bedework:bw-webdav,,,False
CVE-2018-20059,1,ro.pippo:pippo-jaxb:1.0.0,High,7.5,CWE-611,contains links,625.0,1337.0,Transparent,ro.pippo:pippo-jaxb,,,False
CVE-2018-20227,5,org.eclipse.rdf4j:rdf4j-util:2.2.2,Medium,6.4,CWE-22,no links,128.0,2142.0,Silent,org.eclipse.rdf4j:rdf4j-util,,,False
CVE-2018-20433,108,com.mchange:c3p0:0.9.5.2,High,7.5,CWE-611,no links,0.0,344.0,Silent,com.mchange:c3p0,,,False
CVE-2018-21234,12,org.jodd:jodd-json:3.6.6,High,7.5,CWE-502,contains links,2348.0,5075.0,Transparent,org.jodd:jodd-json,,,False
CVE-2018-25007,16,com.vaadin:flow-server:1.0.5,Medium,4.0,CWE-754,no links,121.0,18735.0,Silent,com.vaadin:flow-server,,,False
CVE-2018-3831,27,org.elasticsearch:elasticsearch:5.3.0,Medium,4.0,CWE-200,contains links,30889.0,41165.0,Transparent,org.elasticsearch:elasticsearch,,,False
CVE-2018-7489,302,com.fasterxml.jackson.core:jackson-databind:2.8.9,High,7.5,CWE-184;CWE-502,contains links,1248.0,4144.0,Transparent,com.fasterxml.jackson.core:jackson-databind,Transparent,T1,True
CVE-2018-8008,13,org.apache.storm:storm-core:1.2.1,Medium,5.8,CWE-22,no links,4580.0,9251.0,Silent,org.apache.storm:storm-core,,,False
CVE-2018-8009,134,org.apache.hadoop:hadoop-common:2.7.2,Medium,6.5,CWE-22,contains links,6350.0,19124.0,Transparent,org.apache.hadoop:hadoop-common,Transparent,T2,True
CVE-2018-8010,14,org.apache.solr:solr-core:6.3.0,Low,2.1,CWE-611,no links,1450.0,29981.0,Silent,org.apache.solr:solr-core,,,False
CVE-2018-8012,155,org.apache.zookeeper:zookeeper:3.4.6,Medium,5.0,CWE-862,contains links,1583.0,5331.0,Transparent,org.apache.zookeeper:zookeeper,Transparent,T3,True
CVE-2018-8013,20,org.apache.xmlgraphics:batik-dom:1.7,High,7.5,CWE-502,contains links,55.0,3468.0,Transparent,org.apache.xmlgraphics:batik-dom,,,False
CVE-2018-8014,6,org.apache.tomcat:tomcat-catalina:8.5.51,High,7.5,CWE-1188,contains links,0.0,18610.0,Transparent,org.apache.tomcat:tomcat-catalina,,,False
CVE-2018-8015,2,org.apache.orc:orc-core:1.3.3,Medium,5.0,CWE-674,contains links,134.0,370.0,Transparent,org.apache.orc:orc-core,,,False
CVE-2018-8016,4,org.apache.cassandra:cassandra-all:3.11.0,High,7.5,CWE-306,contains links,3785.0,23746.0,Transparent,org.apache.cassandra:cassandra-all,,,False
CVE-2018-8017,14,org.apache.tika:tika-parsers:1.3,Medium,4.3,CWE-835,no links,587.0,4203.0,Silent,org.apache.tika:tika-parsers,,,False
CVE-2018-8018,7,org.apache.ignite:ignite-core:2.3.0,High,7.5,CWE-502,contains links,1645.0,24102.0,Transparent,org.apache.ignite:ignite-core,,,False
CVE-2018-8026,18,org.apache.solr:solr-core:7.2.1,Low,2.1,CWE-611,no links,1561.0,30253.0,Silent,org.apache.solr:solr-core,,,False
CVE-2018-8027,30,org.apache.camel:camel-core:2.20.1,High,7.5,CWE-611,contains links,1625.0,32025.0,Transparent,org.apache.camel:camel-core,Transparent,T1,True
CVE-2018-8030,1,org.apache.qpid:qpid-broker-plugins-amqp-0-8-protocol:7.0.2,Medium,5.0,CWE-20,contains links,6.0,8555.0,Transparent,org.apache.qpid:qpid-broker-plugins-amqp-0-8-protocol,,,False
CVE-2018-8036,1,org.apache.pdfbox:fontbox:1.8.4,Medium,4.3,CWE-835,contains links,617.0,7244.0,Transparent,org.apache.pdfbox:fontbox,,,False
CVE-2018-8039,62,org.apache.cxf:cxf-rt-transports-http:3.0.5,Medium,6.8,CWE-755,no links,383.0,14043.0,Silent,org.apache.cxf:cxf-rt-transports-http,,,False
CVE-2018-8041,4,org.apache.camel:camel-mail:2.21.1,Medium,5.0,CWE-22,contains links,1781.0,32810.0,Transparent,org.apache.camel:camel-mail,,,False
CVE-2018-9116,10,com.github.tomakehurst:wiremock:2.6.0,Medium,6.4,CWE-611,no links,2058.0,1459.0,Silent,com.github.tomakehurst:wiremock,,,False
CVE-2018-9117,10,com.github.tomakehurst:wiremock:2.6.0,Medium,5.0,CWE-22,no links,2058.0,1459.0,Silent,com.github.tomakehurst:wiremock,,,False
CVE-2018-9159,27,com.sparkjava:spark-core:2.5.5,Medium,5.0,CWE-22,contains links,6548.0,932.0,Transparent,com.sparkjava:spark-core,Transparent,T1,True
CVE-2019-0187,5,org.apache.jmeter:ApacheJMeter_core:4.0,High,7.5,CWE-327;CWE-502,contains links,2043.0,15715.0,Transparent,org.apache.jmeter:ApacheJMeter_core,,,False
CVE-2019-0194,9,org.apache.camel:camel-core:2.23.0,Medium,5.0,CWE-22,contains links,2141.0,34486.0,Transparent,org.apache.camel:camel-core,,,False
CVE-2019-0199,2,org.apache.tomcat:tomcat-coyote:8.5.20,Medium,5.0,CWE-400,no links,2908.0,20831.0,Silent,org.apache.tomcat:tomcat-coyote,,,False
CVE-2019-0201,155,org.apache.zookeeper:zookeeper:3.4.6,Medium,4.3,CWE-862,no links,0.0,1805.0,Silent,org.apache.zookeeper:zookeeper,,,False
CVE-2019-0207,21,org.apache.tapestry:tapestry-ioc:5.3.1,Medium,5.0,CWE-22,no links,71.0,5461.0,Silent,org.apache.tapestry:tapestry-ioc,Silent,S1,True
CVE-2019-0212,1,org.apache.hbase:hbase-rest:2.1.3,Medium,6.0,,contains links,2343.0,16159.0,Transparent,org.apache.hbase:hbase-rest,,,False
CVE-2019-0222,9,org.fusesource.mqtt-client:mqtt-client:1.12,Medium,5.0,,no links,856.0,153.0,Silent,org.fusesource.mqtt-client:mqtt-client,,,False
CVE-2019-0228,13,org.apache.pdfbox:pdfbox:2.0.14,High,7.5,CWE-611,contains links,794.0,8002.0,Transparent,org.apache.pdfbox:pdfbox,,,False
CVE-2019-0231,88,org.apache.mina:mina-core:2.0.7,Medium,5.0,CWE-319,no links,626.0,2401.0,Silent,org.apache.mina:mina-core,Silent,S1,True
CVE-2019-0232,2,org.apache.tomcat:tomcat-catalina:9.0.12,Critical,9.3,CWE-78,contains links,2809.0,20712.0,Transparent,org.apache.tomcat:tomcat-catalina,,,False
CVE-2019-0233,4,org.apache.struts:struts2-core:2.5.20,Medium,5.0,CWE-281,contains links,901.0,5697.0,Transparent,org.apache.struts:struts2-core,,,False
CVE-2019-10071,10,org.apache.tapestry:tapestry-core:5.4.3,Medium,6.8,CWE-203,no links,71.0,5456.0,Silent,org.apache.tapestry:tapestry-core,,,False
CVE-2019-10072,3,org.apache.tomcat:tomcat-coyote:8.5.35,Medium,5.0,CWE-667,no links,2907.0,20829.0,Silent,org.apache.tomcat:tomcat-coyote,,,False
CVE-2019-10088,24,org.apache.tika:tika-core:1.18,Medium,6.8,CWE-770,no links,792.0,4501.0,Silent,org.apache.tika:tika-core,Silent,S1,True
CVE-2019-10093,15,org.apache.tika:tika-parsers:1.20,Medium,4.3,CWE-770,contains links,809.0,4526.0,Transparent,org.apache.tika:tika-parsers,Transparent,T1,True
CVE-2019-10094,24,org.apache.tika:tika-core:1.18,Medium,6.8,CWE-770,no links,810.0,4527.0,Silent,org.apache.tika:tika-core,Silent,S1,True
CVE-2019-10095,13,org.apache.zeppelin:zeppelin-zengine:0.9.0,Critical,10.0,CWE-77,contains links,4970.0,4833.0,Transparent,org.apache.zeppelin:zeppelin-zengine,,,False
CVE-2019-10158,4,org.infinispan:infinispan-spring5-common:10.0.0.Beta3,High,7.5,CWE-384,no links,679.0,11625.0,Silent,org.infinispan:infinispan-spring5-common,,,False
CVE-2019-10173,160,com.thoughtworks.xstream:xstream:1.4.10,High,7.5,CWE-94,contains links,264.0,2573.0,Transparent,com.thoughtworks.xstream:xstream,Transparent,T1,True
CVE-2019-10174,26,org.infinispan:infinispan-commons:10.0.0.Final,Medium,6.5,CWE-470,no links,708.0,12146.0,Silent,org.infinispan:infinispan-commons,,,False
CVE-2019-10184,19,io.undertow:undertow-servlet:2.0.19.Final,Medium,5.0,CWE-862,contains links,2293.0,4623.0,Transparent,io.undertow:undertow-servlet,Transparent,T5,True
CVE-2019-10219,70,org.hibernate.validator:hibernate-validator:6.0.17.Final,Medium,4.3,CWE-79,contains links,641.0,4022.0,Transparent,org.hibernate.validator:hibernate-validator,,,False
CVE-2019-10241,25,org.eclipse.jetty:jetty-util:9.2.14.v20151106,Medium,4.3,CWE-79,contains links,2222.0,18351.0,Transparent,org.eclipse.jetty:jetty-util,,,False
CVE-2019-10247,12,org.eclipse.jetty:jetty-server:9.3.14.v20161028,Medium,5.0,CWE-200,contains links,2235.0,18451.0,Transparent,org.eclipse.jetty:jetty-server,,,False
CVE-2019-10354,2,org.kohsuke.stapler:stapler:1.237,Medium,4.0,CWE-862,contains links,101.0,1364.0,Transparent,org.kohsuke.stapler:stapler,,,False
CVE-2019-10755,1,org.pac4j:pac4j-saml:3.3.0,Medium,4.0,CWE-338,no links,1569.0,2398.0,Silent,org.pac4j:pac4j-saml,,,False
CVE-2019-10770,11,io.ratpack:ratpack-core:1.5.4,Medium,4.3,CWE-79,no links,1723.0,5874.0,Silent,io.ratpack:ratpack-core,,,False
CVE-2019-10797,2,org.wso2.transport.http:org.wso2.transport.http.netty:6.0.272,Medium,4.3,,no links,8.0,3957.0,Silent,org.wso2.transport.http:org.wso2.transport.http.netty,,,False
CVE-2019-10899,20,org.jolokia:jolokia-core:1.6.0,Medium,5.0,CWE-125,no links,518.0,1887.0,Silent,org.jolokia:jolokia-core,,,False
CVE-2019-11272,63,org.springframework.security:spring-security-core:4.2.3.RELEASE,High,7.5,CWE-522,contains links,3259.0,7761.0,Transparent,org.springframework.security:spring-security-core,Transparent,T1,True
CVE-2019-11274,2,org.cloudfoundry.identity:cloudfoundry-identity-scim:2.7.4,Medium,4.3,CWE-79,no links,935.0,7692.0,Silent,org.cloudfoundry.identity:cloudfoundry-identity-scim,,,False
CVE-2019-11343,3,org.torpedoquery:org.torpedoquery:2.5.1,High,7.5,,no links,68.0,318.0,Silent,org.torpedoquery:org.torpedoquery,,,False
CVE-2019-11777,46,org.eclipse.paho:org.eclipse.paho.client.mqttv3:1.2.0,Medium,5.0,CWE-346;CWE-755,contains links,514.0,548.0,Transparent,org.eclipse.paho:org.eclipse.paho.client.mqttv3,Transparent,T1,True
CVE-2019-11808,4,io.ratpack:ratpack-session:1.5.0,Medium,4.3,CWE-338,no links,1660.0,5792.0,Silent,io.ratpack:ratpack-session,,,False
CVE-2019-12086,102,com.fasterxml.jackson.core:jackson-databind:2.8.11.3,Medium,5.0,CWE-502,contains links,1919.0,5233.0,Transparent,com.fasterxml.jackson.core:jackson-databind,Transparent,T1,True
CVE-2019-12399,3,org.apache.kafka:connect-runtime:2.3.0,Medium,5.0,CWE-319,contains links,12309.0,6486.0,Transparent,org.apache.kafka:connect-runtime,,,False
CVE-2019-12400,9,org.apache.santuario:xmlsec:2.1.2,Low,1.9,CWE-20,contains links,19.0,2820.0,Transparent,org.apache.santuario:xmlsec,,,False
CVE-2019-12402,303,org.apache.commons:commons-compress:1.18,Medium,5.0,CWE-835,no links,112.0,2761.0,Silent,org.apache.commons:commons-compress,Silent,S1,True
CVE-2019-12406,1,org.apache.cxf:cxf-core:3.3.1,Medium,4.3,CWE-770,contains links,543.0,15165.0,Transparent,org.apache.cxf:cxf-core,,,False
CVE-2019-12415,358,org.apache.poi:poi-ooxml:3.17,Low,2.1,CWE-611,contains links,596.0,9623.0,Transparent,org.apache.poi:poi-ooxml,,,False
CVE-2019-12418,9,org.apache.tomcat:tomcat-catalina:9.0.56,Medium,4.4,,no links,3648.0,21520.0,Silent,org.apache.tomcat:tomcat-catalina,,,False
CVE-2019-12423,1,org.apache.cxf:cxf-rt-rs-security-jose:3.3.3,Medium,4.3,CWE-522,contains links,561.0,15290.0,Transparent,org.apache.cxf:cxf-rt-rs-security-jose,,,False
CVE-2019-13234,64,org.opencms:opencms-core:8.5.0,Medium,4.3,CWE-79,no links,386.0,23488.0,Silent,org.opencms:opencms-core,,,False
CVE-2019-13235,64,org.opencms:opencms-core:8.5.0,Medium,4.3,CWE-79,no links,386.0,23488.0,Silent,org.opencms:opencms-core,,,False
CVE-2019-13236,64,org.opencms:opencms-core:8.5.0,Medium,4.3,CWE-79,no links,386.0,23488.0,Silent,org.opencms:opencms-core,,,False
CVE-2019-13237,28,org.opencms:opencms-core:10.5.1,Medium,4.0,CWE-22,no links,381.0,23368.0,Silent,org.opencms:opencms-core,,,False
CVE-2019-14832,1,org.keycloak:keycloak-model-jpa:6.0.0,Medium,6.0,CWE-863,no links,4259.0,13879.0,Silent,org.keycloak:keycloak-model-jpa,,,False
CVE-2019-14837,8,org.keycloak:keycloak-services:7.0.0,Medium,6.4,CWE-798,contains links,4422.0,14037.0,Transparent,org.keycloak:keycloak-services,,,False
CVE-2019-14838,2,org.wildfly.core:wildfly-host-controller:2.0.10.Final,Medium,4.0,CWE-269,contains links,112.0,14751.0,Transparent,org.wildfly.core:wildfly-host-controller,,,False
CVE-2019-15477,47,org.jooby:jooby:1.4.0,Medium,4.3,CWE-79,contains links,969.0,2113.0,Transparent,org.jooby:jooby,,,False
CVE-2019-16771,2,com.linecorp.armeria:armeria:0.94.0,Medium,5.0,CWE-74,contains links,2152.0,2056.0,Transparent,com.linecorp.armeria:armeria,,,False
CVE-2019-16869,5,io.netty:netty-all:4.1.41.Final,Medium,5.0,CWE-444,contains links,19485.0,9501.0,Transparent,io.netty:netty-all,,,False
CVE-2019-16942,1605,com.fasterxml.jackson.core:jackson-databind:2.9.8,High,7.5,CWE-502,contains links,2086.0,5627.0,Transparent,com.fasterxml.jackson.core:jackson-databind,,,False
CVE-2019-16943,1605,com.fasterxml.jackson.core:jackson-databind:2.9.8,Medium,6.8,CWE-502,contains links,2086.0,5627.0,Transparent,com.fasterxml.jackson.core:jackson-databind,,,False
CVE-2019-17091,4,org.glassfish:jakarta.faces:2.3.9,Medium,4.3,CWE-79,contains links,41.0,168.0,Transparent,org.glassfish:jakarta.faces,,,False
CVE-2019-17359,43,org.bouncycastle:bcprov-jdk15on:1.63,Medium,5.0,CWE-770,no links,956.0,7648.0,Silent,org.bouncycastle:bcprov-jdk15on,Silent,S1,True
CVE-2019-17513,11,io.ratpack:ratpack-core:1.5.4,Medium,5.0,CWE-74,no links,1709.0,5841.0,Silent,io.ratpack:ratpack-core,,,False
CVE-2019-17554,4,org.apache.olingo:odata-server-core:4.4.0,Medium,4.3,CWE-611,no links,85.0,1806.0,Silent,org.apache.olingo:odata-server-core,,,False
CVE-2019-17558,1,org.apache.solr:solr-velocity:7.0.1,Medium,4.6,CWE-74,no links,2856.0,32628.0,Silent,org.apache.solr:solr-velocity,,,False
CVE-2019-17563,9,org.apache.tomcat:tomcat-catalina:7.0.27,Medium,5.1,CWE-384,no links,3714.0,21629.0,Silent,org.apache.tomcat:tomcat-catalina,,,False
CVE-2019-17566,1,org.apache.xmlgraphics:batik-svgrasterizer:1.12,Medium,5.0,CWE-918,contains links,93.0,3517.0,Transparent,org.apache.xmlgraphics:batik-svgrasterizer,,,False
CVE-2019-17569,5,org.apache.tomcat:tomcat-coyote:7.0.99,Medium,5.8,CWE-444,no links,3866.0,21792.0,Silent,org.apache.tomcat:tomcat-coyote,,,False
CVE-2019-17571,364,org.apache.logging.log4j:log4j-core:2.7,High,7.5,CWE-502,contains links,206.0,9027.0,Transparent,org.apache.logging.log4j:log4j-core,,,False
CVE-2019-17572,2,org.apache.rocketmq:rocketmq-broker:4.4.0,Medium,5.0,CWE-22,contains links,9084.0,5721.0,Transparent,org.apache.rocketmq:rocketmq-broker,,,False
CVE-2019-17573,8,org.apache.cxf:cxf-rt-transports-http:3.3.4,Medium,4.3,CWE-79,contains links,573.0,15380.0,Transparent,org.apache.cxf:cxf-rt-transports-http,,,False
CVE-2019-17632,12,org.eclipse.jetty:jetty-server:9.4.22.v20191022,Medium,4.3,CWE-79,contains links,2499.0,19944.0,Transparent,org.eclipse.jetty:jetty-server,Transparent,T1,True
CVE-2019-17638,23,org.eclipse.jetty:jetty-server:9.4.28.v20200408,High,7.5,CWE-672,contains links,2684.0,21035.0,Transparent,org.eclipse.jetty:jetty-server,Transparent,T1,True
CVE-2019-18393,2,org.igniterealtime.openfire:xmppserver:4.2.0,Medium,5.0,CWE-22,no links,1872.0,9061.0,Silent,org.igniterealtime.openfire:xmppserver,,,False
CVE-2019-18394,2,org.igniterealtime.openfire:xmppserver:4.2.0,High,7.5,CWE-918,no links,1872.0,9060.0,Silent,org.igniterealtime.openfire:xmppserver,,,False
CVE-2019-19343,4,org.jboss.remoting3:jboss-remoting:3.2.14.GA,Medium,5.0,CWE-404,no links,22.0,1408.0,Silent,org.jboss.remoting3:jboss-remoting,,,False
CVE-2019-20444,41,io.netty:netty-codec-http:4.1.43.Final,Medium,6.4,CWE-444,contains links,20616.0,9656.0,Transparent,io.netty:netty-codec-http,Transparent,T2,True
CVE-2019-20445,41,io.netty:netty-codec-http:4.1.43.Final,Medium,6.4,CWE-444,contains links,20639.0,9659.0,Transparent,io.netty:netty-codec-http,Transparent,T1,True
CVE-2019-25027,16,com.vaadin:flow-server:1.0.5,Medium,4.3,CWE-79,contains links,153.0,19032.0,Transparent,com.vaadin:flow-server,,,False
CVE-2019-3774,5,org.springframework.batch:spring-batch-infrastructure:4.0.1.RELEASE,High,7.5,CWE-611,no links,1046.0,5297.0,Silent,org.springframework.batch:spring-batch-infrastructure,,,False
CVE-2019-3778,29,org.springframework.security.oauth:spring-security-oauth2:2.3.4.RELEASE,Medium,6.4,CWE-601,contains links,3041.0,1253.0,Transparent,org.springframework.security.oauth:spring-security-oauth2,Transparent,T1,True
CVE-2019-3795,63,org.springframework.security:spring-security-core:4.2.3.RELEASE,Medium,5.0,CWE-330,contains links,3031.0,7595.0,Transparent,org.springframework.security:spring-security-core,Transparent,T1,True
CVE-2019-3797,8,org.springframework.data:spring-data-jpa:2.0.8.RELEASE,Medium,5.0,CWE-200,contains links,1335.0,1197.0,Transparent,org.springframework.data:spring-data-jpa,,,False
CVE-2019-3799,2,org.springframework.cloud:spring-cloud-config-server:1.2.2.RELEASE,Medium,4.3,CWE-22,no links,1176.0,1120.0,Silent,org.springframework.cloud:spring-cloud-config-server,,,False
CVE-2019-3802,11,org.springframework.data:spring-data-jpa:1.10.2.RELEASE,Medium,5.0,,contains links,1371.0,1219.0,Transparent,org.springframework.data:spring-data-jpa,,,False
CVE-2019-3875,9,org.keycloak:keycloak-services:3.4.3.Final,Medium,5.8,CWE-295,no links,3253.0,13421.0,Silent,org.keycloak:keycloak-services,,,False
CVE-2019-3888,53,io.undertow:undertow-core:1.4.20.Final,Medium,5.0,CWE-532,contains links,2164.0,4508.0,Transparent,io.undertow:undertow-core,Transparent,T1,True
CVE-2019-3894,21,org.wildfly:wildfly-ee:15.0.0.Final,Medium,6.5,,contains links,2039.0,27853.0,Transparent,org.wildfly:wildfly-ee,,,False
CVE-2019-5427,108,com.mchange:c3p0:0.9.5.2,Medium,5.0,CWE-776,no links,895.0,352.0,Silent,com.mchange:c3p0,Silent,S1,True
CVE-2019-6002,3,com.linecorp.centraldogma:centraldogma-server:0.40.1,Medium,4.3,CWE-79,contains links,251.0,392.0,Transparent,com.linecorp.centraldogma:centraldogma-server,,,False
CVE-2019-7614,31,org.elasticsearch:elasticsearch:7.2.0,Medium,4.3,CWE-362,contains links,38978.0,46864.0,Transparent,org.elasticsearch:elasticsearch,Transparent,T1,True
CVE-2019-7722,4,net.sourceforge.pmd:pmd-core:5.8.1,Medium,6.8,CWE-611,contains links,1010.0,11294.0,Transparent,net.sourceforge.pmd:pmd-core,,,False
CVE-2019-9658,4,com.puppycrawl.tools:checkstyle:8.12,Medium,5.0,CWE-611,contains links,3959.0,8232.0,Transparent,com.puppycrawl.tools:checkstyle,,,False
CVE-2019-9827,2,io.hawt:hawtio-system:1.4.55,High,7.5,CWE-918,contains links,718.0,7894.0,Transparent,io.hawt:hawtio-system,,,False
CVE-2020-10683,21,org.dom4j:dom4j:2.0.0,High,7.5,CWE-611,no links,551.0,117.0,Silent,org.dom4j:dom4j,Silent,S1,True
CVE-2020-10686,9,org.keycloak:keycloak-services:8.0.1,Medium,6.5,,no links,5187.0,14523.0,Silent,org.keycloak:keycloak-services,,,False
CVE-2020-10688,31,org.jboss.resteasy:resteasy-jaxrs:3.0.19.Final,Medium,4.3,CWE-79,contains links,835.0,4456.0,Transparent,org.jboss.resteasy:resteasy-jaxrs,Transparent,T1,True
CVE-2020-10714,12,org.wildfly.security:wildfly-elytron:1.1.0.Final,Medium,5.1,CWE-384,no links,39.0,4314.0,Silent,org.wildfly.security:wildfly-elytron,Silent,S1,True
CVE-2020-10719,75,io.undertow:undertow-core:2.0.28.Final,Medium,6.4,CWE-444,no links,2553.0,4803.0,Silent,io.undertow:undertow-core,Silent,S1,True
CVE-2020-10727,3,org.apache.activemq:artemis-server:2.10.1,Low,2.1,CWE-312;CWE-522,contains links,527.0,7122.0,Transparent,org.apache.activemq:artemis-server,,,False
CVE-2020-10740,2,org.wildfly:wildfly-naming-client:1.0.9.Final,Medium,6.0,CWE-502,no links,7.0,219.0,Silent,org.wildfly:wildfly-naming-client,,,False
CVE-2020-11002,2,io.dropwizard:dropwizard-validation:2.0.2,Critical,9.0,CWE-74,contains links,7099.0,5320.0,Transparent,io.dropwizard:dropwizard-validation,,,False
CVE-2020-11050,41,org.java-websocket:Java-WebSocket:1.3.0,Medium,6.8,CWE-295,no links,6306.0,975.0,Silent,org.java-websocket:Java-WebSocket,Silent,S2,True
CVE-2020-11612,88,io.netty:netty-codec:4.1.5.Final,Medium,5.0,CWE-770,contains links,21156.0,9705.0,Transparent,io.netty:netty-codec,Transparent,T1,True
CVE-2020-11969,11,org.apache.tomee:openejb-core:8.0.1,Medium,6.8,CWE-306,no links,309.0,13181.0,Silent,org.apache.tomee:openejb-core,,,False
CVE-2020-11971,5,org.apache.camel:camel-main:3.1.0,Medium,5.0,,contains links,2975.0,43900.0,Transparent,org.apache.camel:camel-main,,,False
CVE-2020-11987,1,org.apache.xmlgraphics:batik-svgbrowser:1.13,Medium,6.4,CWE-20;CWE-918,contains links,104.0,3522.0,Transparent,org.apache.xmlgraphics:batik-svgbrowser,,,False
CVE-2020-11988,7,org.apache.xmlgraphics:xmlgraphics-commons:2.4,Medium,6.4,CWE-20;CWE-918,contains links,11.0,585.0,Transparent,org.apache.xmlgraphics:xmlgraphics-commons,,,False
CVE-2020-11989,51,org.apache.shiro:shiro-web:1.3.2,High,7.5,,contains links,2696.0,1978.0,Transparent,org.apache.shiro:shiro-web,Transparent,T1,True
CVE-2020-11995,23,org.apache.dubbo:dubbo:2.7.3,High,7.5,CWE-502,contains links,30932.0,4380.0,Transparent,org.apache.dubbo:dubbo,Transparent,T1,True
CVE-2020-11996,3,org.apache.tomcat:tomcat-coyote:9.0.35,Medium,5.0,,no links,4172.0,22187.0,Silent,org.apache.tomcat:tomcat-coyote,,,False
CVE-2020-11998,3,org.apache.activemq:activemq-broker:5.15.12,High,7.5,,contains links,1631.0,10607.0,Transparent,org.apache.activemq:activemq-broker,,,False
CVE-2020-12480,7,com.typesafe.play:filters-helpers_2.12:2.8.1,Medium,4.3,CWE-352,contains links,10830.0,10864.0,Transparent,com.typesafe.play:filters-helpers_2.12,,,False
CVE-2020-13444,12,com.liferay:com.liferay.dynamic.data.mapping.service:2.0.0,Medium,4.0,,no links,9.0,409656.0,Silent,com.liferay:com.liferay.dynamic.data.mapping.service,,,False
CVE-2020-13692,200,org.postgresql:postgresql:42.2.5,Medium,6.8,CWE-611,no links,759.0,2669.0,Silent,org.postgresql:postgresql,Silent,S1,True
CVE-2020-13920,20,org.apache.activemq:activemq-broker:5.15.11,Medium,4.3,CWE-306,contains links,1566.0,10462.0,Transparent,org.apache.activemq:activemq-broker,Transparent,T1,True
CVE-2020-13929,3,org.apache.zeppelin:zeppelin-interpreter:0.8.0,Medium,5.0,,no links,4934.0,4816.0,Silent,org.apache.zeppelin:zeppelin-interpreter,,,False
CVE-2020-13933,51,org.apache.shiro:shiro-web:1.3.2,Medium,5.0,,contains links,2737.0,2005.0,Transparent,org.apache.shiro:shiro-web,Transparent,T1,True
CVE-2020-13934,5,org.apache.tomcat:tomcat-coyote:10.0.0,Medium,5.0,CWE-476;CWE-401,no links,4290.0,22292.0,Silent,org.apache.tomcat:tomcat-coyote,,,False
CVE-2020-13936,84,org.apache.velocity:velocity-engine-core:2.0,Critical,9.0,,contains links,209.0,4367.0,Transparent,org.apache.velocity:velocity-engine-core,Transparent,T1,True
CVE-2020-13940,6,org.apache.nifi:nifi-framework-api:1.11.4,Medium,4.3,CWE-611,contains links,2058.0,5929.0,Transparent,org.apache.nifi:nifi-framework-api,,,False
CVE-2020-13941,14,org.apache.solr:solr-core:7.4.0,Medium,6.5,CWE-20,contains links,3351.0,33836.0,Transparent,org.apache.solr:solr-core,Transparent,T1,True
CVE-2020-13943,3,org.apache.tomcat:tomcat-coyote:9.0.35,Medium,4.0,,no links,4447.0,22397.0,Silent,org.apache.tomcat:tomcat-coyote,,,False
CVE-2020-13946,1,org.apache.cassandra:cassandra-all:2.2.2,Medium,4.3,CWE-668,contains links,5804.0,25545.0,Transparent,org.apache.cassandra:cassandra-all,,,False
CVE-2020-13954,5,org.apache.cxf:cxf-rt-transports-http:3.4.0,Medium,4.3,CWE-79,contains links,638.0,15928.0,Transparent,org.apache.cxf:cxf-rt-transports-http,,,False
CVE-2020-13955,7,org.apache.calcite:calcite-core:1.18.0,Medium,4.3,CWE-295,no links,1959.0,4361.0,Silent,org.apache.calcite:calcite-core,,,False
CVE-2020-13957,14,org.apache.solr:solr-core:7.4.0,High,7.5,CWE-863,no links,3555.0,34272.0,Silent,org.apache.solr:solr-core,Silent,S1,True
CVE-2020-13959,5,org.apache.velocity.tools:velocity-tools-view:3.0,Medium,4.3,CWE-79,no links,27.0,1817.0,Silent,org.apache.velocity.tools:velocity-tools-view,,,False
CVE-2020-15170,2,com.ctrip.framework.apollo:apollo-core:1.7.0,Medium,6.8,,no links,20640.0,2406.0,Silent,com.ctrip.framework.apollo:apollo-core,,,False
CVE-2020-15250,4015,junit:junit:4.12,Low,1.9,CWE-732,contains links,7503.0,2440.0,Transparent,junit:junit,,,False
CVE-2020-1695,31,org.jboss.resteasy:resteasy-jaxrs:3.0.19.Final,Medium,5.0,,no links,840.0,4496.0,Silent,org.jboss.resteasy:resteasy-jaxrs,Silent,S1,True
CVE-2020-1698,4,org.keycloak:keycloak-authz-client:4.8.3.Final,Low,2.1,CWE-532,no links,4901.0,14327.0,Silent,org.keycloak:keycloak-authz-client,,,False
CVE-2020-1714,22,org.keycloak:keycloak-common:4.8.3.Final,Medium,6.5,CWE-20,no links,5945.0,14740.0,Silent,org.keycloak:keycloak-common,,,False
CVE-2020-1727,15,org.keycloak:keycloak-server-spi-private:7.0.0,Medium,5.5,CWE-20,no links,5079.0,14448.0,Silent,org.keycloak:keycloak-server-spi-private,,,False
CVE-2020-1744,8,org.keycloak:keycloak-services:7.0.0,Medium,6.8,CWE-755,no links,5187.0,14522.0,Silent,org.keycloak:keycloak-services,,,False
CVE-2020-1745,91,io.undertow:undertow-core:2.2.14.Final,High,7.5,,no links,2470.0,4731.0,Silent,io.undertow:undertow-core,Silent,S1,True
CVE-2020-17516,10,org.apache.cassandra:cassandra-all:3.11.3,Medium,4.3,CWE-290,no links,6096.0,25970.0,Silent,org.apache.cassandra:cassandra-all,,,False
CVE-2020-17518,36,org.apache.flink:flink-runtime_2.12:1.10.1,Medium,5.0,CWE-22,contains links,13863.0,24562.0,Transparent,org.apache.flink:flink-runtime_2.12,,,False
CVE-2020-17521,111,org.codehaus.groovy:groovy:2.4.5,Low,2.1,,contains links,3686.0,17775.0,Transparent,org.codehaus.groovy:groovy,Transparent,T1,True
CVE-2020-17523,100,org.apache.shiro:shiro-core:1.4.0,Critical,9.0,CWE-287,no links,3125.0,2117.0,Silent,org.apache.shiro:shiro-core,Silent,S1,True
CVE-2020-17527,5,org.apache.tomcat:tomcat-coyote:10.0.0,Medium,5.0,CWE-200,contains links,4634.0,22697.0,Transparent,org.apache.tomcat:tomcat-coyote,,,False
CVE-2020-17530,10,org.apache.struts:struts2-core:2.3.16.3,High,7.5,CWE-917,no links,986.0,5997.0,Silent,org.apache.struts:struts2-core,,,False
CVE-2020-1758,9,org.keycloak:keycloak-services:9.0.2,Medium,4.3,CWE-295,no links,5326.0,14565.0,Silent,org.keycloak:keycloak-services,,,False
CVE-2020-1926,19,org.apache.hive:hive-service:2.3.1,Medium,4.3,CWE-203,contains links,3279.0,15061.0,Transparent,org.apache.hive:hive-service,,,False
CVE-2020-1928,1,org.apache.nifi:nifi-web-api:1.10.0,Medium,5.0,CWE-532,contains links,1760.0,5563.0,Transparent,org.apache.nifi:nifi-web-api,,,False
CVE-2020-1933,1,org.apache.nifi:nifi-web-api:1.10.0,Medium,4.3,CWE-79,contains links,1760.0,5563.0,Transparent,org.apache.nifi:nifi-web-api,,,False
CVE-2020-1935,7,org.apache.tomcat:tomcat-coyote:9.0.30,Medium,5.8,CWE-444,no links,3867.0,21791.0,Silent,org.apache.tomcat:tomcat-coyote,,,False
CVE-2020-1938,4,org.apache.tomcat:tomcat-coyote:9.0.41,High,7.5,,no links,3867.0,21797.0,Silent,org.apache.tomcat:tomcat-coyote,,,False
CVE-2020-1940,2,org.apache.jackrabbit:oak-core:1.6.1,Medium,5.0,CWE-212,contains links,279.0,16527.0,Transparent,org.apache.jackrabbit:oak-core,,,False
CVE-2020-1942,1,org.apache.nifi:nifi-framework-core:1.2.0,Medium,5.0,CWE-532,no links,1771.0,5595.0,Silent,org.apache.nifi:nifi-framework-core,,,False
CVE-2020-1945,9,org.apache.ant:ant:1.9.13,Low,3.3,CWE-668,no links,238.0,14611.0,Silent,org.apache.ant:ant,,,False
CVE-2020-1950,15,org.apache.tika:tika-parsers:1.20,Medium,4.3,CWE-400,no links,918.0,4672.0,Silent,org.apache.tika:tika-parsers,Silent,S1,True
CVE-2020-1951,16,org.apache.tika:tika-parsers:1.22,Medium,4.3,CWE-835,no links,918.0,4672.0,Silent,org.apache.tika:tika-parsers,Silent,S1,True
CVE-2020-1953,46,org.apache.commons:commons-configuration2:2.2,High,7.5,,no links,87.0,3166.0,Silent,org.apache.commons:commons-configuration2,Silent,S1,True
CVE-2020-1954,5,org.apache.cxf:cxf-rt-management:3.0.2,Low,2.9,,contains links,583.0,15483.0,Transparent,org.apache.cxf:cxf-rt-management,,,False
CVE-2020-1957,10,org.apache.shiro:shiro-core:1.5.1,High,7.5,,contains links,2656.0,1969.0,Transparent,org.apache.shiro:shiro-core,,,False
CVE-2020-1960,6,org.apache.flink:flink-metrics-jmx_2.11:1.7.2,Low,1.9,,contains links,11729.0,21143.0,Transparent,org.apache.flink:flink-metrics-jmx_2.11,,,False
CVE-2020-1963,3,org.apache.ignite:ignite-indexing:2.7.5,Medium,6.4,CWE-862,contains links,2997.0,26740.0,Transparent,org.apache.ignite:ignite-indexing,,,False
CVE-2020-24301,4,ca.uhn.hapi.fhir:hapi-fhir-testpage-overlay:5.0.2,Medium,4.3,CWE-79,no links,0.0,6794.0,Silent,ca.uhn.hapi.fhir:hapi-fhir-testpage-overlay,,,False
CVE-2020-25689,2,org.wildfly.core:wildfly-host-controller:2.0.10.Final,Medium,6.8,CWE-401,contains links,121.0,15397.0,Transparent,org.wildfly.core:wildfly-host-controller,,,False
CVE-2020-25711,1,org.infinispan:infinispan-server-runtime:11.0.5.Final,Medium,4.9,CWE-862,no links,791.0,13581.0,Silent,org.infinispan:infinispan-server-runtime,,,False
CVE-2020-26217,25,com.thoughtworks.xstream:xstream:1.4.13,Critical,9.3,CWE-78,contains links,496.0,2740.0,Transparent,com.thoughtworks.xstream:xstream,,,False
CVE-2020-26234,13,org.opencastproject:opencast-kernel:6.6,Low,2.1,CWE-346,no links,162.0,13515.0,Silent,org.opencastproject:opencast-kernel,,,False
CVE-2020-26259,179,com.thoughtworks.xstream:xstream:1.4.11.1,Medium,6.4,CWE-78,contains links,515.0,2751.0,Transparent,com.thoughtworks.xstream:xstream,Silent,S1,True
CVE-2020-26939,12,org.bouncycastle:bcprov-ext-jdk15on:1.60,Medium,5.0,CWE-203,no links,661.0,5416.0,Silent,org.bouncycastle:bcprov-ext-jdk15on,Silent,S1,True
CVE-2020-26945,193,org.mybatis:mybatis:3.4.6,Medium,5.1,CWE-502,no links,13391.0,3561.0,Silent,org.mybatis:mybatis,Silent,S1,True
CVE-2020-27178,7,org.apereo.cas:cas-server-support-otp-mfa:5.3.15.1,Medium,5.0,,no links,7570.0,17708.0,Silent,org.apereo.cas:cas-server-support-otp-mfa,,,False
CVE-2020-27196,1,com.typesafe.play:play-java-forms_2.11:2.6.1,Medium,5.0,CWE-787,no links,10997.0,11011.0,Silent,com.typesafe.play:play-java-forms_2.11,,,False
CVE-2020-27216,6,org.eclipse.jetty:jetty-http:9.4.31.v20200723,Medium,4.4,,contains links,2792.0,22180.0,Transparent,org.eclipse.jetty:jetty-http,,,False
CVE-2020-27218,1,org.eclipse.jetty:jetty-server:10.0.0,Medium,5.8,,contains links,2819.0,22625.0,Transparent,org.eclipse.jetty:jetty-server,,,False
CVE-2020-27222,3,org.eclipse.californium:scandium:2.6.0,Medium,5.0,,no links,490.0,2443.0,Silent,org.eclipse.californium:scandium,,,False
CVE-2020-28052,127,org.bouncycastle:bcprov-jdk15on:1.66,Medium,6.8,,no links,1205.0,9494.0,Silent,org.bouncycastle:bcprov-jdk15on,Silent,S1,True
CVE-2020-28491,34,com.fasterxml.jackson.dataformat:jackson-dataformat-cbor:2.9.9,Medium,5.0,CWE-770,contains links,194.0,1048.0,Transparent,com.fasterxml.jackson.dataformat:jackson-dataformat-cbor,Transparent,T1,True
CVE-2020-2933,138,mysql:mysql-connector-java:5.1.38,Low,3.5,,no links,393.0,2794.0,Silent,mysql:mysql-connector-java,Silent,S2,True
CVE-2020-35210,4,io.atomix:atomix-raft:3.1.5,Medium,4.0,CWE-770,contains links,1686.0,0.0,Transparent,io.atomix:atomix-raft,,,False
CVE-2020-35213,1,io.atomix:atomix-storage:3.1.5,Medium,5.5,CWE-74,contains links,1416.0,0.0,Transparent,io.atomix:atomix-storage,,,False
CVE-2020-35215,4,io.atomix:atomix:3.1.5,Medium,4.0,CWE-668,contains links,1398.0,0.0,Transparent,io.atomix:atomix,,,False
CVE-2020-35217,44,io.vertx:vertx-web:3.5.4,Medium,6.8,CWE-352,contains links,703.0,2470.0,Transparent,io.vertx:vertx-web,Transparent,T1,True
CVE-2020-35460,2,net.sf.mpxj:mpxj:7.4.3,Medium,5.0,CWE-22,no links,130.0,2535.0,Silent,net.sf.mpxj:mpxj,,,False
CVE-2020-36282,1,com.rabbitmq.jms:rabbitmq-jms:2.1.1,High,7.5,CWE-502,contains links,36.0,1197.0,Transparent,com.rabbitmq.jms:rabbitmq-jms,,,False
CVE-2020-36319,14,com.vaadin:flow-server:3.0.0,Low,3.5,CWE-668,contains links,202.0,20083.0,Transparent,com.vaadin:flow-server,,,False
CVE-2020-36320,20,com.vaadin:vaadin-server:7.7.3,Medium,5.0,CWE-400,contains links,1516.0,18995.0,Transparent,com.vaadin:vaadin-server,,,False
CVE-2020-5206,12,org.opencastproject:opencast-kernel:8.0,Medium,6.4,CWE-287,no links,105.0,12378.0,Silent,org.opencastproject:opencast-kernel,,,False
CVE-2020-5230,131,org.opencastproject:opencast-common:7.5,Medium,5.0,CWE-74,no links,105.0,12372.0,Silent,org.opencastproject:opencast-common,,,False
CVE-2020-5245,2,io.dropwizard:dropwizard-validation:1.3.7,Critical,9.0,CWE-74,contains links,7066.0,5280.0,Transparent,io.dropwizard:dropwizard-validation,,,False
CVE-2020-5397,80,org.springframework:spring-web:5.2.2.RELEASE,Low,2.6,CWE-352,contains links,32015.0,20206.0,Transparent,org.springframework:spring-web,Transparent,T1,True
CVE-2020-5398,70,org.springframework:spring-web:5.0.8.RELEASE,High,7.6,CWE-494,contains links,31913.0,20170.0,Transparent,org.springframework:spring-web,Transparent,T1,True
CVE-2020-5404,10,io.projectreactor.netty:reactor-netty:0.8.4.RELEASE,Medium,4.9,CWE-522,contains links,876.0,1875.0,Transparent,io.projectreactor.netty:reactor-netty,,,False
CVE-2020-5405,9,org.springframework.cloud:spring-cloud-config-client:2.2.1.RELEASE,Medium,4.3,CWE-22,no links,1426.0,1273.0,Silent,org.springframework.cloud:spring-cloud-config-client,,,False
CVE-2020-5407,3,org.springframework.security:spring-security-saml2-service-provider:5.2.2.RELEASE,Medium,6.5,CWE-347,contains links,4390.0,8838.0,Transparent,org.springframework.security:spring-security-saml2-service-provider,,,False
CVE-2020-5408,63,org.springframework.security:spring-security-core:4.2.3.RELEASE,Medium,4.0,CWE-330,contains links,4252.0,8741.0,Transparent,org.springframework.security:spring-security-core,Transparent,T1,True
CVE-2020-5410,5,org.springframework.cloud:spring-cloud-config-server:2.2.0.RELEASE,Medium,5.0,CWE-22,no links,1471.0,1315.0,Silent,org.springframework.cloud:spring-cloud-config-server,,,False
CVE-2020-5411,5,org.springframework.batch:spring-batch-core:4.0.0.RELEASE,Medium,6.8,CWE-502,no links,1463.0,5485.0,Silent,org.springframework.batch:spring-batch-core,,,False
CVE-2020-5412,1,org.springframework.cloud:spring-cloud-netflix-hystrix-dashboard:2.2.3.RELEASE,Medium,4.0,CWE-610,no links,3859.0,2722.0,Silent,org.springframework.cloud:spring-cloud-netflix-hystrix-dashboard,,,False
CVE-2020-5413,5,org.springframework.integration:spring-integration-core:4.3.6.RELEASE,High,7.5,CWE-502,no links,1007.0,10416.0,Silent,org.springframework.integration:spring-integration-core,,,False
CVE-2020-5421,97,org.springframework:spring-web:4.3.18.RELEASE,Low,3.6,,no links,36477.0,21480.0,Silent,org.springframework:spring-web,Silent,S1,True
CVE-2020-5529,12,net.sourceforge.htmlunit:htmlunit:2.15,Medium,6.8,CWE-665,no links,234.0,15507.0,Silent,net.sourceforge.htmlunit:htmlunit,Silent,S1,True
CVE-2020-6950,4,org.glassfish:jakarta.faces:2.3.9,Medium,4.3,CWE-22,no links,45.0,262.0,Silent,org.glassfish:jakarta.faces,,,False
CVE-2020-7226,2,org.cryptacular:cryptacular:1.2.3,Medium,5.0,CWE-770,contains links,23.0,202.0,Transparent,org.cryptacular:cryptacular,,,False
CVE-2020-7238,41,io.netty:netty-codec-http:4.1.43.Final,Medium,5.0,CWE-444,contains links,20639.0,9659.0,Transparent,io.netty:netty-codec-http,Transparent,T1,True
CVE-2020-7611,2,io.micronaut:micronaut-http-netty:1.1.0,High,7.5,CWE-444,no links,3161.0,8044.0,Silent,io.micronaut:micronaut-http-netty,,,False
CVE-2020-7647,47,org.jooby:jooby:1.4.0,Medium,5.0,CWE-22,contains links,1057.0,2973.0,Transparent,org.jooby:jooby,,,False
CVE-2020-7692,26,com.google.oauth-client:google-oauth-client:1.23.0,Medium,6.4,CWE-863,contains links,473.0,455.0,Transparent,com.google.oauth-client:google-oauth-client,Transparent,T1,True
CVE-2020-7961,3,com.liferay.portal:portal-impl:6.0.5,High,7.5,CWE-502,no links,5.0,390197.0,Silent,com.liferay.portal:portal-impl,,,False
CVE-2020-8570,10,io.kubernetes:client-java:5.0.0,Medium,6.4,CWE-22,no links,1428.0,1465.0,Silent,io.kubernetes:client-java,,,False
CVE-2020-8897,3,com.amazonaws:aws-encryption-sdk-java:1.3.2,Medium,5.5,CWE-327,contains links,144.0,216.0,Transparent,com.amazonaws:aws-encryption-sdk-java,,,False
CVE-2020-8929,6,com.google.crypto.tink:tink:1.2.2,Medium,5.0,,no links,10104.0,2979.0,Silent,com.google.crypto.tink:tink,,,False
CVE-2020-9480,1,org.apache.spark:spark-network-common_2.11:2.4.4,Critical,9.3,CWE-306,no links,24267.0,26997.0,Silent,org.apache.spark:spark-network-common_2.11,,,False
CVE-2020-9484,2,org.apache.tomcat:tomcat-catalina:10.0.0-M3,Medium,4.4,CWE-502,no links,4113.0,22163.0,Silent,org.apache.tomcat:tomcat-catalina,,,False
CVE-2020-9486,1,org.apache.nifi:nifi-framework-core:1.11.4,Medium,5.0,CWE-532,contains links,1903.0,5767.0,Transparent,org.apache.nifi:nifi-framework-core,,,False
CVE-2020-9487,1,org.apache.nifi:nifi-web-security:1.11.4,Medium,5.0,CWE-306,contains links,1968.0,5838.0,Transparent,org.apache.nifi:nifi-web-security,,,False
CVE-2020-9491,4,org.apache.nifi:nifi-socket-utils:1.11.4,Medium,5.0,CWE-327,contains links,1948.0,5800.0,Transparent,org.apache.nifi:nifi-socket-utils,,,False
CVE-2020-9492,3,org.apache.hadoop:hadoop-hdfs-client:2.8.5,Medium,6.5,CWE-863,contains links,9665.0,23788.0,Transparent,org.apache.hadoop:hadoop-hdfs-client,,,False
CVE-2021-20218,16,io.fabric8:kubernetes-client:4.13.0,Medium,5.8,CWE-22,contains links,1611.0,3535.0,Transparent,io.fabric8:kubernetes-client,,,False
CVE-2021-20289,3,org.jboss.resteasy:resteasy-core:4.6.0.Final,Medium,5.0,CWE-209,contains links,912.0,4693.0,Transparent,org.jboss.resteasy:resteasy-core,,,False
CVE-2021-20328,15,org.mongodb:mongo-java-driver:3.11.0,Medium,4.3,CWE-295,no links,2259.0,7407.0,Silent,org.mongodb:mongo-java-driver,Silent,S1,True
CVE-2021-21290,74,io.netty:netty-handler:4.1.45.Final,Low,1.9,CWE-378;CWE-379,no links,24721.0,10538.0,Silent,io.netty:netty-handler,,,False
CVE-2021-21295,20,io.netty:netty-codec-http2:4.1.52.Final,Low,2.6,CWE-444,contains links,24925.0,10640.0,Transparent,io.netty:netty-codec-http2,,,False
CVE-2021-21343,169,com.thoughtworks.xstream:xstream:1.3.1,Medium,5.0,CWE-502;CWE-73,no links,542.0,2768.0,Silent,com.thoughtworks.xstream:xstream,Silent,S1,True
CVE-2021-21346,179,com.thoughtworks.xstream:xstream:1.4.11.1,High,7.5,CWE-502;CWE-434,no links,542.0,2768.0,Silent,com.thoughtworks.xstream:xstream,Silent,S1,True
CVE-2021-21347,179,com.thoughtworks.xstream:xstream:1.4.11.1,High,7.5,CWE-502;CWE-434,contains links,494.0,2731.0,Transparent,com.thoughtworks.xstream:xstream,Transparent,T1,True
CVE-2021-21349,179,com.thoughtworks.xstream:xstream:1.4.11.1,Medium,5.0,CWE-918;CWE-502,no links,542.0,2768.0,Silent,com.thoughtworks.xstream:xstream,Silent,S1,True
CVE-2021-21351,179,com.thoughtworks.xstream:xstream:1.4.11.1,Medium,6.5,CWE-502;CWE-434,contains links,535.0,2763.0,Transparent,com.thoughtworks.xstream:xstream,Transparent,T1,True
CVE-2021-21409,20,io.netty:netty-codec-http2:4.1.52.Final,Medium,4.3,CWE-444,contains links,25119.0,10724.0,Transparent,io.netty:netty-codec-http2,,,False
CVE-2021-22044,1,org.springframework.cloud:spring-cloud-openfeign-core:3.0.2,Medium,5.0,CWE-668,no links,670.0,2710.0,Silent,org.springframework.cloud:spring-cloud-openfeign-core,,,False
CVE-2021-22053,1,org.springframework.cloud:spring-cloud-netflix-hystrix-dashboard:2.2.9.RELEASE,Medium,6.5,CWE-94,no links,4287.0,2898.0,Silent,org.springframework.cloud:spring-cloud-netflix-hystrix-dashboard,,,False
CVE-2021-22097,2,org.springframework.amqp:spring-amqp:2.3.9,Medium,6.8,CWE-502,no links,643.0,2053.0,Silent,org.springframework.amqp:spring-amqp,,,False
CVE-2021-22112,22,org.springframework.security:spring-security-web:5.4.2,Critical,9.0,,contains links,5311.0,9651.0,Transparent,org.springframework.security:spring-security-web,Transparent,T1,True
CVE-2021-22113,5,org.springframework.cloud:spring-cloud-netflix-zuul:2.1.0.RELEASE,Medium,4.3,CWE-863,contains links,4057.0,2816.0,Transparent,org.springframework.cloud:spring-cloud-netflix-zuul,,,False
CVE-2021-22118,78,org.springframework:spring-web:5.3.6,Medium,4.6,CWE-668,contains links,,22510.0,Transparent,org.springframework:spring-web,Transparent,T1,True
CVE-2021-22160,1,org.apache.pulsar:pulsar-broker-common:2.6.0,High,7.5,CWE-347,contains links,6901.0,6065.0,Transparent,org.apache.pulsar:pulsar-broker-common,,,False
CVE-2021-22569,128,com.google.protobuf:protobuf-java:3.19.1,Medium,4.3,,contains links,,10918.0,Transparent,com.google.protobuf:protobuf-java,Transparent,T1,True
CVE-2021-22696,1,org.apache.cxf:cxf-rt-rs-security-oauth2:3.4.2,Medium,5.0,CWE-918,contains links,657.0,16112.0,Transparent,org.apache.cxf:cxf-rt-rs-security-oauth2,,,False
CVE-2021-23463,507,com.h2database:h2:1.4.200,Medium,6.4,CWE-611,contains links,2871.0,13594.0,Transparent,com.h2database:h2,,,False
CVE-2021-23899,3,com.mikesamuel:json-sanitizer:1.2.0,High,7.5,CWE-611,contains links,128.0,100.0,Transparent,com.mikesamuel:json-sanitizer,,,False
CVE-2021-23900,3,com.mikesamuel:json-sanitizer:1.2.0,Medium,5.0,,contains links,127.0,93.0,Transparent,com.mikesamuel:json-sanitizer,,,False
CVE-2021-25122,5,org.apache.tomcat:tomcat-coyote:10.0.0,Medium,5.0,CWE-200,contains links,4789.0,22826.0,Transparent,org.apache.tomcat:tomcat-coyote,,,False
CVE-2021-25329,5,org.apache.tomcat:tomcat-catalina:10.0.0,Medium,4.4,,no links,4800.0,22843.0,Silent,org.apache.tomcat:tomcat-catalina,,,False
CVE-2021-25640,3,org.apache.dubbo:dubbo-common:2.7.8,Medium,5.8,CWE-601;CWE-918,contains links,32892.0,4534.0,Transparent,org.apache.dubbo:dubbo-common,,,False
CVE-2021-25646,1,org.apache.druid:druid-core:0.22.0,Critical,9.0,,contains links,10078.0,10793.0,Transparent,org.apache.druid:druid-core,,,False
CVE-2021-25738,16,io.kubernetes:client-java:10.0.0,Medium,4.6,CWE-502,contains links,1665.0,1721.0,Transparent,io.kubernetes:client-java,,,False
CVE-2021-26117,1,org.apache.activemq:artemis-server:2.6.4,Medium,5.0,CWE-287,contains links,590.0,7734.0,Transparent,org.apache.activemq:artemis-server,,,False
CVE-2021-26118,5,org.apache.activemq:artemis-openwire-protocol:1.2.0,Medium,5.0,,contains links,601.0,7873.0,Transparent,org.apache.activemq:artemis-openwire-protocol,,,False
CVE-2021-26296,2,org.apache.myfaces.core:myfaces-impl:2.3.9,Medium,5.1,CWE-352,contains links,54.0,5487.0,Transparent,org.apache.myfaces.core:myfaces-impl,,,False
CVE-2021-27582,3,org.mitre:openid-connect-server:1.2.3,Medium,6.4,CWE-1321,contains links,1194.0,2705.0,Transparent,org.mitre:openid-connect-server,,,False
CVE-2021-27807,35,org.apache.pdfbox:pdfbox:2.0.12,Medium,4.3,CWE-834,contains links,1310.0,9792.0,Transparent,org.apache.pdfbox:pdfbox,,,False
CVE-2021-27850,10,org.apache.tapestry:tapestry-core:5.4.3,Critical,10.0,CWE-502,contains links,82.0,5570.0,Transparent,org.apache.tapestry:tapestry-core,,,False
CVE-2021-27906,35,org.apache.pdfbox:pdfbox:2.0.12,Medium,4.3,,contains links,1310.0,9792.0,Transparent,org.apache.pdfbox:pdfbox,,,False
CVE-2021-28163,2,org.eclipse.jetty:jetty-deploy:9.4.34.v20201102,Medium,4.0,CWE-59,contains links,2914.0,23417.0,Transparent,org.eclipse.jetty:jetty-deploy,,,False
CVE-2021-28164,26,org.eclipse.jetty:jetty-server:9.4.38.v20210224,Medium,5.0,,contains links,2914.0,23406.0,Transparent,org.eclipse.jetty:jetty-server,Silent,S1,True
CVE-2021-28168,16,org.glassfish.jersey.core:jersey-common:2.31,Low,2.1,CWE-668,contains links,459.0,632.0,Transparent,org.glassfish.jersey.core:jersey-common,Transparent,T1,True
CVE-2021-28169,2,org.eclipse.jetty:jetty-servlets:11.0.1,Medium,5.0,,contains links,2952.0,23577.0,Transparent,org.eclipse.jetty:jetty-servlets,,,False
CVE-2021-28657,19,org.apache.tika:tika-parsers:1.24.1,Medium,4.3,CWE-835,no links,1096.0,5053.0,Silent,org.apache.tika:tika-parsers,Silent,S1,True
CVE-2021-29043,3,com.liferay.portal:com.liferay.portal.kernel:7.0.0,Medium,4.3,CWE-522,no links,10.0,485213.0,Silent,com.liferay.portal:com.liferay.portal.kernel,,,False
CVE-2021-29262,14,org.apache.solr:solr-core:7.4.0,Medium,4.3,CWE-522,no links,3893.0,34918.0,Silent,org.apache.solr:solr-core,Silent,S1,True
CVE-2021-29425,4386,commons-io:commons-io:2.4,Medium,5.8,CWE-22,no links,400.0,2102.0,Silent,commons-io:commons-io,,,False
CVE-2021-29451,6,com.manydesigns:portofino-core:5.2.0,Medium,6.4,CWE-347,no links,145.0,3776.0,Silent,com.manydesigns:portofino-core,,,False
CVE-2021-29943,14,org.apache.solr:solr-core:7.4.0,Medium,6.4,CWE-863,contains links,49.0,34983.0,Transparent,org.apache.solr:solr-core,Transparent,T2,True
CVE-2021-30179,23,org.apache.dubbo:dubbo:2.7.3,High,7.5,CWE-502,contains links,31807.0,4470.0,Transparent,org.apache.dubbo:dubbo,Transparent,T1,True
CVE-2021-30468,4,org.apache.cxf:cxf-rt-rs-json-basic:3.4.3,Medium,5.0,CWE-835,contains links,683.0,16372.0,Transparent,org.apache.cxf:cxf-rt-rs-json-basic,,,False
CVE-2021-31404,16,com.vaadin:flow-server:1.0.5,Low,1.9,CWE-203,contains links,245.0,20869.0,Transparent,com.vaadin:flow-server,,,False
CVE-2021-31406,20,com.vaadin:flow-server:5.0.2,Low,1.9,CWE-203,contains links,252.0,20924.0,Transparent,com.vaadin:flow-server,,,False
CVE-2021-31407,17,com.vaadin:flow-server:2.4.0,Medium,5.0,CWE-668,contains links,254.0,20949.0,Transparent,com.vaadin:flow-server,,,False
CVE-2021-31409,2,com.vaadin:vaadin-compatibility-server:8.1.5,Medium,5.0,CWE-400,contains links,1555.0,19048.0,Transparent,com.vaadin:vaadin-compatibility-server,,,False
CVE-2021-31411,17,com.vaadin:flow-server:2.4.0,Medium,4.6,,contains links,266.0,21085.0,Transparent,com.vaadin:flow-server,,,False
CVE-2021-31412,27,com.vaadin:flow-server:6.0.2,Medium,4.3,CWE-20,contains links,274.0,21234.0,Transparent,com.vaadin:flow-server,,,False
CVE-2021-31684,68,net.minidev:json-smart:2.3,Medium,5.0,CWE-787,contains links,101.0,212.0,Transparent,net.minidev:json-smart,Transparent,T1,True
CVE-2021-32053,1,ca.uhn.hapi.fhir:hapi-fhir-jpaserver-api:5.3.3,Medium,5.0,CWE-400,contains links,1153.0,7949.0,Transparent,ca.uhn.hapi.fhir:hapi-fhir-jpaserver-api,,,False
CVE-2021-32623,2,org.opencastproject:opencast-authorization-xacml:9.5,Medium,4.0,CWE-776,contains links,186.0,14663.0,Transparent,org.opencastproject:opencast-authorization-xacml,,,False
CVE-2021-32769,7,io.micronaut:micronaut-core:2.5.5,Medium,5.0,CWE-22,no links,4617.0,10489.0,Silent,io.micronaut:micronaut-core,,,False
CVE-2021-33604,27,com.vaadin:flow-server:6.0.2,Low,1.2,,contains links,233.0,20648.0,Transparent,com.vaadin:flow-server,,,False
CVE-2021-34428,3,org.eclipse.jetty:jetty-server:11.0.2,Low,3.6,CWE-613,no links,2953.0,23583.0,Silent,org.eclipse.jetty:jetty-server,,,False
CVE-2021-34797,3,org.apache.geode:geode-core:1.12.0,Medium,5.0,CWE-532,contains links,1902.0,10441.0,Transparent,org.apache.geode:geode-core,,,False
CVE-2021-36090,303,org.apache.commons:commons-compress:1.18,Medium,5.0,,no links,186.0,3279.0,Silent,org.apache.commons:commons-compress,Silent,S1,True
CVE-2021-36151,36,org.apache.gobblin:gobblin-utility:0.15.0,Low,2.1,CWE-200,contains links,1802.0,5697.0,Transparent,org.apache.gobblin:gobblin-utility,,,False
CVE-2021-3642,12,org.wildfly.security:wildfly-elytron:1.1.0.Final,Low,3.5,CWE-203,contains links,52.0,4729.0,Transparent,org.wildfly.security:wildfly-elytron,Transparent,T1,True
CVE-2021-37136,88,io.netty:netty-codec:4.1.5.Final,Medium,5.0,CWE-400,contains links,26390.0,11186.0,Transparent,io.netty:netty-codec,,,False
CVE-2021-37137,88,io.netty:netty-codec:4.1.5.Final,Medium,5.0,CWE-400,contains links,26390.0,11185.0,Transparent,io.netty:netty-codec,,,False
CVE-2021-37714,244,org.jsoup:jsoup:1.13.1,Medium,5.0,CWE-248;CWE-835,contains links,8521.0,1534.0,Transparent,org.jsoup:jsoup,Transparent,T1,True
CVE-2021-38153,144,org.apache.kafka:kafka-clients:2.8.0,Medium,4.3,CWE-203,contains links,18555.0,9331.0,Transparent,org.apache.kafka:kafka-clients,Transparent,T1,True
CVE-2021-38294,1,org.apache.storm:storm-server:2.0.0,High,7.5,CWE-78,contains links,6073.0,10461.0,Transparent,org.apache.storm:storm-server,,,False
CVE-2021-39139,179,com.thoughtworks.xstream:xstream:1.4.11.1,Medium,6.5,CWE-502;CWE-434,no links,566.0,2809.0,Silent,com.thoughtworks.xstream:xstream,Silent,S1,True
CVE-2021-39140,179,com.thoughtworks.xstream:xstream:1.4.11.1,Medium,6.3,CWE-502;CWE-835,no links,566.0,2809.0,Silent,com.thoughtworks.xstream:xstream,Silent,S1,True
CVE-2021-39141,179,com.thoughtworks.xstream:xstream:1.4.11.1,Medium,6.0,CWE-502;CWE-434,no links,566.0,2809.0,Silent,com.thoughtworks.xstream:xstream,Silent,S1,True
CVE-2021-39147,179,com.thoughtworks.xstream:xstream:1.4.11.1,Medium,6.0,CWE-502;CWE-434,no links,566.0,2809.0,Silent,com.thoughtworks.xstream:xstream,Silent,S1,True
CVE-2021-39148,179,com.thoughtworks.xstream:xstream:1.4.11.1,Medium,6.0,CWE-502;CWE-434,no links,566.0,2809.0,Silent,com.thoughtworks.xstream:xstream,Silent,S1,True
CVE-2021-39149,179,com.thoughtworks.xstream:xstream:1.4.11.1,Medium,6.0,CWE-502;CWE-434,no links,566.0,2809.0,Silent,com.thoughtworks.xstream:xstream,Silent,S1,True
CVE-2021-39151,179,com.thoughtworks.xstream:xstream:1.4.11.1,Medium,6.0,CWE-502;CWE-434,no links,566.0,2809.0,Silent,com.thoughtworks.xstream:xstream,Silent,S1,True
CVE-2021-39152,179,com.thoughtworks.xstream:xstream:1.4.11.1,Medium,6.0,CWE-918;CWE-502,no links,566.0,2809.0,Silent,com.thoughtworks.xstream:xstream,Silent,S1,True
CVE-2021-39153,179,com.thoughtworks.xstream:xstream:1.4.11.1,Medium,6.0,CWE-502;CWE-434,no links,566.0,2809.0,Silent,com.thoughtworks.xstream:xstream,Silent,S1,True
CVE-2021-39154,179,com.thoughtworks.xstream:xstream:1.4.11.1,Medium,6.0,CWE-502;CWE-434,no links,566.0,2809.0,Silent,com.thoughtworks.xstream:xstream,,,False
CVE-2021-40690,7,org.apache.santuario:xmlsec:2.2.1,Medium,5.0,CWE-200,no links,12.0,1229.0,Silent,org.apache.santuario:xmlsec,,,False
CVE-2021-40865,4,org.apache.storm:storm-core:1.1.1,High,7.5,CWE-502,no links,6066.0,10457.0,Silent,org.apache.storm:storm-core,,,False
CVE-2021-41079,5,org.apache.tomcat:tomcat-coyote:10.0.0,Medium,4.3,CWE-835,no links,4892.0,22968.0,Silent,org.apache.tomcat:tomcat-coyote,,,False
CVE-2021-41269,25,com.cronutils:cron-utils:5.0.5,Medium,6.8,CWE-94,contains links,772.0,1301.0,Transparent,com.cronutils:cron-utils,Transparent,T1,True
CVE-2021-41561,3,org.apache.parquet:parquet-format-structures:1.12.0,Medium,5.0,CWE-20,no links,1336.0,2309.0,Silent,org.apache.parquet:parquet-format-structures,,,False
CVE-2021-41767,1,org.apache.guacamole:guacamole-common:1.3.0,Medium,4.0,CWE-200,no links,830.0,5920.0,Silent,org.apache.guacamole:guacamole-common,,,False
CVE-2021-41973,1,org.apache.mina:mina-http:2.1.4,Medium,4.3,CWE-835,no links,764.0,2404.0,Silent,org.apache.mina:mina-http,,,False
CVE-2021-42340,2,org.apache.tomcat:tomcat-websocket:8.5.43,Medium,5.0,CWE-772,no links,5299.0,23629.0,Silent,org.apache.tomcat:tomcat-websocket,,,False
CVE-2021-42392,507,com.h2database:h2:1.4.200,Critical,10.0,CWE-502,no links,2974.0,13759.0,Silent,com.h2database:h2,,,False
CVE-2021-42575,7,com.googlecode.owasp-java-html-sanitizer:owasp-java-html-sanitizer:20191001.1,High,7.5,,contains links,630.0,504.0,Transparent,com.googlecode.owasp-java-html-sanitizer:owasp-java-html-sanitizer,,,False
CVE-2021-43113,4,com.itextpdf:io:7.1.15,High,7.5,CWE-77,no links,961.0,5294.0,Silent,com.itextpdf:io,,,False
CVE-2021-43570,2,com.starkbank.ellipticcurve:starkbank-ecdsa:1.0.0,High,7.5,CWE-347,contains links,21.0,63.0,Transparent,com.starkbank.ellipticcurve:starkbank-ecdsa,,,False
CVE-2021-43795,14,com.linecorp.armeria:armeria:1.11.0,Medium,5.0,CWE-22,contains links,3203.0,3216.0,Transparent,com.linecorp.armeria:armeria,,,False
CVE-2021-43797,43,io.netty:netty-codec-http:4.1.63.Final,Medium,4.3,CWE-444,contains links,26986.0,11326.0,Transparent,io.netty:netty-codec-http,,,False
CVE-2021-43859,169,com.thoughtworks.xstream:xstream:1.3.1,Medium,5.0,CWE-400,contains links,609.0,2839.0,Transparent,com.thoughtworks.xstream:xstream,Silent,S1,True
CVE-2021-44228,499,org.apache.logging.log4j:log4j-core:2.13.3,Critical,9.3,CWE-20;CWE-400;CWE-502,contains links,1224.0,11235.0,Transparent,org.apache.logging.log4j:log4j-core,,,False
CVE-2021-44548,6,org.apache.solr:solr-core:4.10.4,Medium,6.8,CWE-22,contains links,236.0,35442.0,Transparent,org.apache.solr:solr-core,,,False
CVE-2021-44832,499,org.apache.logging.log4j:log4j-core:2.13.3,High,8.5,CWE-20,no links,2357.0,11437.0,Silent,org.apache.logging.log4j:log4j-core,,,False
CVE-2021-44878,1,org.pac4j:pac4j-oidc:3.6.1,Medium,5.0,CWE-347,no links,2023.0,3368.0,Silent,org.pac4j:pac4j-oidc,,,False
CVE-2021-45046,499,org.apache.logging.log4j:log4j-core:2.13.3,Medium,5.1,CWE-502,contains links,1744.0,11272.0,Transparent,org.apache.logging.log4j:log4j-core,,,False
CVE-2021-45105,32,org.apache.logging.log4j:log4j-1.2-api:2.11.1,Medium,4.3,CWE-20;CWE-674,no links,2162.0,11345.0,Silent,org.apache.logging.log4j:log4j-1.2-api,,,False
CVE-2022-0239,40,edu.stanford.nlp:stanford-corenlp:3.8.0,High,7.5,CWE-611,no links,8013.0,16840.0,Silent,edu.stanford.nlp:stanford-corenlp,,,False
CVE-2022-0265,19,com.hazelcast:hazelcast:5.0.2,High,7.5,CWE-611,contains links,4470.0,35711.0,Transparent,com.hazelcast:hazelcast,,,False
CVE-2022-0839,37,org.liquibase:liquibase-core:4.3.5,High,7.5,CWE-611,contains links,2851.0,10545.0,Transparent,org.liquibase:liquibase-core,Transparent,T1,True
CVE-2022-21724,200,org.postgresql:postgresql:42.2.5,High,7.5,CWE-665,contains links,980.0,3004.0,Transparent,org.postgresql:postgresql,Silent,S1,True
CVE-2022-22885,5,cn.hutool:hutool-http:5.7.18,High,7.5,CWE-295,no links,20213.0,3023.0,Silent,cn.hutool:hutool-http,,,False
CVE-2022-22946,1,org.springframework.cloud:spring-cloud-gateway-server:3.1.0,Low,2.1,CWE-295,no links,3241.0,2011.0,Silent,org.springframework.cloud:spring-cloud-gateway-server,,,False
CVE-2022-23181,2,org.apache.tomcat:tomcat-catalina:10.1.0-M16,Low,3.7,CWE-367,no links,5487.0,23877.0,Silent,org.apache.tomcat:tomcat-catalina,,,False
CVE-2022-23221,34,com.h2database:h2:2.0.206,Critical,10.0,CWE-94,contains links,2980.0,13774.0,Transparent,com.h2database:h2,Transparent,T1,True
CVE-2022-23596,18,com.github.junrar:junrar:0.7,Medium,5.0,CWE-835,contains links,181.0,264.0,Transparent,com.github.junrar:junrar,,,False
CVE-2022-23640,5,com.monitorjbl:xlsx-streamer:1.2.1,High,7.5,CWE-611,no links,385.0,253.0,Silent,com.monitorjbl:xlsx-streamer,,,False
CVE-2022-23913,6,org.apache.activemq:artemis-core-client:2.19.1,Medium,5.0,CWE-400,contains links,734.0,8952.0,Transparent,org.apache.activemq:artemis-core-client,,,False
CVE-2022-24197,4,com.itextpdf:io:7.1.15,Medium,4.3,CWE-787,no links,1009.0,5400.0,Silent,com.itextpdf:io,,,False
CVE-2022-24198,6,com.itextpdf:kernel:7.2.0,Medium,4.3,CWE-125,no links,923.0,5227.0,Silent,com.itextpdf:kernel,,,False
CVE-2022-24289,2,org.apache.cayenne:cayenne-server:4.2.M3,Medium,6.5,CWE-502,no links,208.0,6610.0,Silent,org.apache.cayenne:cayenne-server,,,False
CVE-2022-25312,5,org.apache.any23:apache-any23-core:2.3,Medium,6.4,CWE-611,no links,80.0,2042.0,Silent,org.apache.any23:apache-any23-core,,,False
CVE-2022-26336,12,org.apache.poi:poi-scratchpad:5.0.0,Medium,4.3,CWE-20;CWE-770,contains links,1288.0,11751.0,Transparent,org.apache.poi:poi-scratchpad,,,False
