CVE,upstream_GA,downstream_GA,downstream_repo,commit_url,adoption_date,commit_n_CVEs,class,pattern,original_pattern,gad_reclassified,severity,cvss,cwe,report_date,fix_date,release_date,disclosure_date,delay_report,delay_fix,delay_release,delay_disclosure,mitigation_stage,disclosure_year,dependents,downstream_usage_num,downstream_loc,downstream_class_num,upstream_stars_at_fix
CVE-2021-37714,org.jsoup:jsoup,com.github.btheu.estivate:estivate,btheu/estivate,https://github.com/btheu/estivate/commit/22adfa9009bf25c55b5249a247e9057dc0233505,2021-12-03 15:44:15,1,Transparent,T1,T1,False,Medium,5.0,CWE-248;CWE-835,2021-08-15 02:25:46,2021-08-15 12:31:12,2021-08-15 15:39:15,2021-08-18,110.55450231481481,110.1340625,110.00347222222223,107.65572916666666,After Disclosure,2021,244,0,3801.0,102.0,8521.0
CVE-2021-37714,org.jsoup:jsoup,com.jcabi:jcabi-http,jcabi/jcabi-http,https://github.com/jcabi/jcabi-http/commit/1a244d71abdfb74301de50affd188e52768d04c5,2021-08-16 23:00:43,1,Transparent,T1,T1,False,Medium,5.0,CWE-248;CWE-835,2021-08-15 02:25:46,2021-08-15 12:31:12,2021-08-15 15:39:15,2021-08-18,1.8576041666666667,1.4371643518518518,1.306574074074074,-1.0411689814814815,Release->Disclosure,2021,244,0,3957.5,89.5,8521.0
CVE-2021-37714,org.jsoup:jsoup,in.ashwanthkumar:gocd-java-client,ashwanthkumar/gocd-java-client,https://github.com/ashwanthkumar/gocd-java-client/commit/560d244d163210e7fc2bf80a6845376254c35b1d,2021-09-30 23:03:50,1,Transparent,T1,T1,False,Medium,5.0,CWE-248;CWE-835,2021-08-15 02:25:46,2021-08-15 12:31:12,2021-08-15 15:39:15,2021-08-18,46.85976851851852,46.4393287037037,46.308738425925924,43.96099537037037,After Disclosure,2021,244,0,1339.5,27.0,8521.0
CVE-2021-37714,org.jsoup:jsoup,tech.grasshopper:pdfextentreporter,grasshopper7/pdfextentreporter,https://github.com/grasshopper7/pdfextentreporter/commit/bae2baa9c0254191809429b4dcb1c3fbdaaffc58,2022-03-01 12:31:07,1,Transparent,T1,T1,False,Medium,5.0,CWE-248;CWE-835,2021-08-15 02:25:46,2021-08-15 12:31:12,2021-08-15 15:39:15,2021-08-18,198.42038194444444,197.99994212962963,197.86935185185186,195.5216087962963,After Disclosure,2021,244,0,10912.0,203.0,8521.0
CVE-2021-37714,org.jsoup:jsoup,de.trustable.ca3s.core:ca-3-s,kuehne-trustable-de/ca3sCore,https://github.com/kuehne-trustable-de/ca3sCore/commit/3e1623e622e1fe522b06247ca01105e7987c3ca9,2021-08-23 21:32:03,1,Transparent,T1,T1,False,Medium,5.0,CWE-248;CWE-835,2021-08-15 02:25:46,2021-08-15 12:31:12,2021-08-15 15:39:15,2021-08-18,8.796030092592593,8.375590277777778,8.245,5.897256944444444,After Disclosure,2021,244,0,35874.0,453.0,8521.0
CVE-2021-37714,org.jsoup:jsoup,org.owasp:dependency-check-core,jeremylong/DependencyCheck,https://github.com/jeremylong/DependencyCheck/commit/b7dd86d403c6238933ad7f75a3d12848e08c2d3f,2021-08-16 01:11:51,1,Transparent,T1,T1,False,Medium,5.0,CWE-248;CWE-835,2021-08-15 02:25:46,2021-08-15 12:31:12,2021-08-15 15:39:15,2021-08-18,0.9486689814814815,0.5282291666666666,0.3976388888888889,-1.9501041666666667,Release->Disclosure,2021,244,0,20066.0,227.5,8521.0
CVE-2021-37714,org.jsoup:jsoup,org.appng:appng-formtags,appNG/appng,https://github.com/appNG/appng/commit/4492c722675743f59decc2c323444a34002edb88,2022-02-02 15:34:24,1,Transparent,T1,T1,False,Medium,5.0,CWE-248;CWE-835,2021-08-15 02:25:46,2021-08-15 12:31:12,2021-08-15 15:39:15,2021-08-18,171.54766203703704,171.12722222222223,170.99663194444443,168.64888888888888,After Disclosure,2021,244,0,1274.0,17.0,8521.0
CVE-2021-37714,org.jsoup:jsoup,io.sfrei:tracksearch,s-frei/TrackSearch,https://github.com/s-frei/TrackSearch/commit/27996d96e31c55c5cb554e21947636cf294530ea,2021-10-18 21:22:08,1,Transparent,T1,T1,False,Medium,5.0,CWE-248;CWE-835,2021-08-15 02:25:46,2021-08-15 12:31:12,2021-08-15 15:39:15,2021-08-18,64.78914351851851,64.3687037037037,64.23811342592593,61.89037037037037,After Disclosure,2021,244,0,2311.0,58.0,8521.0
CVE-2021-37714,org.jsoup:jsoup,com.couchbase.client:kafka-connect-couchbase,couchbase/kafka-connect-couchbase,https://github.com/couchbase/kafka-connect-couchbase/commit/5f6a89bdda00a9df5b6f31bd0bb6f4993e2d1910,2021-09-13 17:00:01,1,Transparent,T1,T1,False,Medium,5.0,CWE-248;CWE-835,2021-08-15 02:25:46,2021-08-15 12:31:12,2021-08-15 15:39:15,2021-08-18,29.607118055555556,29.18667824074074,29.056087962962962,26.708344907407408,After Disclosure,2021,244,0,3698.0,97.0,8521.0
CVE-2021-37714,org.jsoup:jsoup,com.github.nbbrd.spreadsheet4j:spreadsheet-html,nbbrd/spreadsheet4j,https://github.com/nbbrd/spreadsheet4j/commit/86f8aeab3ca33f6c0aa2e40ae7ab7fa906bdc9a4,2021-08-16 04:04:46,1,Transparent,T1,T1,False,Medium,5.0,CWE-248;CWE-835,2021-08-15 02:25:46,2021-08-15 12:31:12,2021-08-15 15:39:15,2021-08-18,1.06875,0.6483101851851852,0.5177199074074074,-1.8300231481481481,Release->Disclosure,2021,244,0,440.0,7.0,8521.0
CVE-2021-37714,org.jsoup:jsoup,com.github.liaochong:myexcel,liaochong/myexcel,https://github.com/liaochong/myexcel/commit/4a061a82fbcc3061583719965f2ca99bcf992836,2021-09-11 13:44:41,1,Transparent,T1,T1,False,Medium,5.0,CWE-248;CWE-835,2021-08-15 02:25:46,2021-08-15 12:31:12,2021-08-15 15:39:15,2021-08-18,27.471469907407407,27.051030092592594,26.920439814814817,24.57269675925926,After Disclosure,2021,244,0,8820.0,138.0,8521.0
CVE-2021-37714,org.jsoup:jsoup,cn.hiboot.mcn:mcn-boot-autoconfigure,kse-music/mcn-boot-project,https://github.com/kse-music/mcn-boot-project/commit/78bdbcaf75f4f57ae4a0a3cdc4b6e2a5f36ace3c,2021-09-08 05:28:17,1,Transparent,T1,T1,False,Medium,5.0,CWE-248;CWE-835,2021-08-15 02:25:46,2021-08-15 12:31:12,2021-08-15 15:39:15,2021-08-18,24.126747685185187,23.70630787037037,23.575717592592593,21.22797453703704,After Disclosure,2021,244,0,2393.0,63.0,8521.0
CVE-2021-37714,org.jsoup:jsoup,tech.grasshopper:cucumber-pdf-report,grasshopper7/cucumber-pdf-report,https://github.com/grasshopper7/cucumber-pdf-report/commit/bff020be3732771993ba2fc52bcddf3ce45c5c38,2022-04-12 19:46:04,1,Transparent,T1,T1,False,Medium,5.0,CWE-248;CWE-835,2021-08-15 02:25:46,2021-08-15 12:31:12,2021-08-15 15:39:15,2021-08-18,240.72243055555555,240.30199074074073,240.17140046296296,237.8236574074074,After Disclosure,2021,244,0,11369.0,230.0,8521.0
CVE-2021-37714,org.jsoup:jsoup,org.apache.nlpcraft:nlpcraft,apache/incubator-nlpcraft,https://github.com/apache/incubator-nlpcraft/commit/447e24fcc61052d740f6fc59a5c3b390925d6c7b,2021-10-05 04:25:26,1,Transparent,T1,T1,False,Medium,5.0,CWE-248;CWE-835,2021-08-15 02:25:46,2021-08-15 12:31:12,2021-08-15 15:39:15,2021-08-18,51.08310185185185,50.66266203703704,50.53207175925926,48.184328703703706,After Disclosure,2021,244,0,142600.0,2247.0,8521.0
CVE-2021-37714,org.jsoup:jsoup,com.github.nicho92:mkm-api-java,nicho92/mkm-api-java,https://github.com/nicho92/mkm-api-java/commit/bf615e8a4177acd08062752f4918b763c3c21403,2021-08-24 08:40:48,1,Transparent,T1,T1,False,Medium,5.0,CWE-248;CWE-835,2021-08-15 02:25:46,2021-08-15 12:31:12,2021-08-15 15:39:15,2021-08-18,9.260439814814815,8.84,8.709409722222222,6.361666666666666,After Disclosure,2021,244,0,5733.0,76.0,8521.0
CVE-2021-37714,org.jsoup:jsoup,wiki.thin:thin-wiki,thin-wiki/thin-wiki,https://github.com/thin-wiki/thin-wiki/commit/17b5f29fab9d9e81c590b815f711557a16517197,2021-08-16 09:08:24,1,Transparent,T1,T1,False,Medium,5.0,CWE-248;CWE-835,2021-08-15 02:25:46,2021-08-15 12:31:12,2021-08-15 15:39:15,2021-08-18,1.2796064814814814,0.8591666666666666,0.7285763888888889,-1.6191666666666666,Release->Disclosure,2021,244,0,11351.0,199.0,8521.0
CVE-2021-37714,org.jsoup:jsoup,net.revelc.code.formatter:formatter-maven-plugin,revelc/formatter-maven-plugin,https://github.com/revelc/formatter-maven-plugin/commit/9111be924c5b430c56ce43e83072b642a9eb5476,2022-01-08 21:39:12,1,Transparent,T1,T1,False,Medium,5.0,CWE-248;CWE-835,2021-08-15 02:25:46,2021-08-15 12:31:12,2021-08-15 15:39:15,2021-08-18,146.80099537037037,146.38055555555556,146.2499652777778,143.90222222222224,After Disclosure,2021,244,0,1061.0,24.0,8521.0
CVE-2021-37714,org.jsoup:jsoup,io.github.georgberky.maven.plugins.depsupdate:dependency-update-maven-plugin,georgberky/dependency-update-maven-plugin,https://github.com/georgberky/dependency-update-maven-plugin/commit/a4f70285c50f7743054124ab62cf33a7c587947c,2022-02-16 17:40:55,1,Transparent,T1,T1,False,Medium,5.0,CWE-248;CWE-835,2021-08-15 02:25:46,2021-08-15 12:31:12,2021-08-15 15:39:15,2021-08-18,185.63552083333335,185.21508101851853,185.08449074074073,182.73674768518518,After Disclosure,2021,244,0,1231.0,20.0,8521.0
CVE-2021-37714,org.jsoup:jsoup,com.digitalpebble.stormcrawler:storm-crawler-core,DigitalPebble/storm-crawler,https://github.com/DigitalPebble/storm-crawler/commit/ff796baf9e838e9a8a9e8780c6b53e2bf24707f0,2021-08-31 11:10:37,1,Transparent,T1,T1,False,Medium,5.0,CWE-248;CWE-835,2021-08-15 02:25:46,2021-08-15 12:31:12,2021-08-15 15:39:15,2021-08-18,16.364479166666666,15.944039351851853,15.813449074074073,13.46570601851852,After Disclosure,2021,244,0,7848.0,117.0,8521.0
CVE-2021-37714,org.jsoup:jsoup,io.github.cheny2151:toolbox,cheny2151/toolbox,https://github.com/cheny2151/toolbox/commit/bca090bbeb46af0e63bfcb2ab2d7e9db9ec2ab88,2021-12-23 04:51:32,1,Transparent,T1,T1,False,Medium,5.0,CWE-248;CWE-835,2021-08-15 02:25:46,2021-08-15 12:31:12,2021-08-15 15:39:15,2021-08-18,130.10122685185186,129.68078703703705,129.55019675925925,127.20245370370371,After Disclosure,2021,244,0,8407.0,203.0,8521.0
CVE-2021-37714,org.jsoup:jsoup,io.github.lijiahangmax:orion-http,lijiahangmax/orion-kit,https://github.com/lijiahangmax/orion-kit/commit/e72bc3c24f1865dae397bb16555078b4b1c17e4b,2022-05-16 10:02:26,1,Transparent,T1,T1,False,Medium,5.0,CWE-248;CWE-835,2021-08-15 02:25:46,2021-08-15 12:31:12,2021-08-15 15:39:15,2021-08-18,274.3171296296296,273.8966898148148,273.76609953703706,271.41835648148145,After Disclosure,2021,244,0,4572.0,54.0,8521.0
CVE-2021-37714,org.jsoup:jsoup,ru.sokomishalov.skraper:skrapers,sokomishalov/skraper,https://github.com/sokomishalov/skraper/commit/baa21253b473308070e8d13f54befcbbd5264915,2021-08-16 06:43:16,1,Transparent,T1,T1,False,Medium,5.0,CWE-248;CWE-835,2021-08-15 02:25:46,2021-08-15 12:31:12,2021-08-15 15:39:15,2021-08-18,1.1788194444444444,0.7583796296296297,0.6277893518518518,-1.7199537037037036,Release->Disclosure,2021,244,0,17353.0,182.0,8521.0
CVE-2021-37714,org.jsoup:jsoup,com.github.loki-afro:metalarchives-api,Loki-Afro/metalarchives,https://github.com/Loki-Afro/metalarchives/commit/e315ce41acf01cade746b9e8fca92b7b36c6e537,2022-01-19 11:57:53,1,Transparent,T1,T1,False,Medium,5.0,CWE-248;CWE-835,2021-08-15 02:25:46,2021-08-15 12:31:12,2021-08-15 15:39:15,2021-08-18,157.39730324074074,156.97686342592593,156.84627314814816,154.4985300925926,After Disclosure,2021,244,0,7468.0,118.0,8521.0
CVE-2021-37714,org.jsoup:jsoup,org.spdx:licenseListPublisher,spdx/LicenseListPublisher,https://github.com/spdx/LicenseListPublisher/commit/70e4211de75bb4c303fa62df0e2102a547082d85,2021-08-23 21:57:08,1,Transparent,T1,T1,False,Medium,5.0,CWE-248;CWE-835,2021-08-15 02:25:46,2021-08-15 12:31:12,2021-08-15 15:39:15,2021-08-18,8.813449074074073,8.393009259259259,8.262418981481481,5.914675925925926,After Disclosure,2021,244,0,4619.0,60.0,8521.0
CVE-2021-37714,org.jsoup:jsoup,io.archivesunleashed:aut,archivesunleashed/aut,https://github.com/archivesunleashed/aut/commit/fa76ad4bf11105778b53ccb5af9cb6124e00f060,2021-08-24 13:20:42,1,Transparent,T1,T1,False,Medium,5.0,CWE-248;CWE-835,2021-08-15 02:25:46,2021-08-15 12:31:12,2021-08-15 15:39:15,2021-08-18,9.454814814814815,9.034375,8.903784722222222,6.556041666666666,After Disclosure,2021,244,0,9271.0,298.0,8521.0
CVE-2021-37714,org.jsoup:jsoup,us.codecraft:xsoup,code4craft/xsoup,https://github.com/code4craft/xsoup/commit/4a703eac3bd0750f28ca13fee5251c0a7bd65359,2022-06-29 04:24:20,1,Transparent,T1,T1,False,Medium,5.0,CWE-248;CWE-835,2021-08-15 02:25:46,2021-08-15 12:31:12,2021-08-15 15:39:15,2021-08-18,318.082337962963,317.66189814814817,317.53130787037037,315.1835648148148,After Disclosure,2021,244,0,2438.0,53.0,8521.0
CVE-2021-37714,org.jsoup:jsoup,org.zoxweb:zoxweb-core,fidusio/zoxweb-core,https://github.com/fidusio/zoxweb-core/commit/2a766c0cd341a269399968c96c2c42060d25c023,2021-08-25 08:43:57,1,Transparent,T1,T1,False,Medium,5.0,CWE-248;CWE-835,2021-08-15 02:25:46,2021-08-15 12:31:12,2021-08-15 15:39:15,2021-08-18,10.262627314814814,9.8421875,9.711597222222222,7.363854166666667,After Disclosure,2021,244,0,41908.0,936.0,8521.0
CVE-2021-37714,org.jsoup:jsoup,net.serenity-bdd:serenity-model,serenity-bdd/serenity-core,https://github.com/serenity-bdd/serenity-core/commit/5bcbef34d89918f27725f7ebf5f5527a15cff2fe,2021-11-28 20:45:02,1,Transparent,T1,T1,False,Medium,5.0,CWE-248;CWE-835,2021-08-15 02:25:46,2021-08-15 12:31:12,2021-08-15 15:39:15,2021-08-18,105.76337962962963,105.34293981481481,105.21234953703704,102.86460648148149,After Disclosure,2021,244,0,30612.0,568.0,8521.0
CVE-2021-37714,org.jsoup:jsoup,de.sonallux.spotify:spotify-web-api-parser,sonallux/spotify-web-api,https://github.com/sonallux/spotify-web-api/commit/f0e30380f09d9f58d10407b2d9a8e770c6ab74d2,2021-08-23 19:38:58,1,Transparent,T1,T1,False,Medium,5.0,CWE-248;CWE-835,2021-08-15 02:25:46,2021-08-15 12:31:12,2021-08-15 15:39:15,2021-08-18,8.7175,8.297060185185185,8.166469907407407,5.818726851851852,After Disclosure,2021,244,0,1095.0,17.0,8521.0
CVE-2021-37714,org.jsoup:jsoup,io.annot8:annot8-components-documents,annot8/annot8-components,https://github.com/annot8/annot8-components/commit/73be2770e29c81add40e8896ba25040e386843e6,2021-10-27 07:38:12,2,Transparent,T1,T1,False,Medium,5.0,CWE-248;CWE-835,2021-08-15 02:25:46,2021-08-15 12:31:12,2021-08-15 15:39:15,2021-08-18,73.2169675925926,72.79652777777778,72.6659375,70.31819444444444,After Disclosure,2021,244,0,3638.0,48.0,8521.0
CVE-2021-37714,org.jsoup:jsoup,com.erudika:para-core,Erudika/para,https://github.com/Erudika/para/commit/c84f74daca2cfd28d69c020c83c86cd3916d245a,2021-08-23 21:16:43,1,Transparent,T1,T1,False,Medium,5.0,CWE-248;CWE-835,2021-08-15 02:25:46,2021-08-15 12:31:12,2021-08-15 15:39:15,2021-08-18,8.785381944444444,8.364942129629629,8.234351851851851,5.886608796296296,After Disclosure,2021,244,0,8321.0,85.0,8521.0
CVE-2021-37714,org.jsoup:jsoup,com.geccocrawler:gecco,xtuhcy/gecco,https://github.com/xtuhcy/gecco/commit/7b7770587f299b99ee5b416d20b2372750d70ca8,2021-08-23 20:55:02,1,Transparent,T1,T1,False,Medium,5.0,CWE-248;CWE-835,2021-08-15 02:25:46,2021-08-15 12:31:12,2021-08-15 15:39:15,2021-08-18,8.770324074074074,8.349884259259259,8.219293981481481,5.871550925925926,After Disclosure,2021,244,0,5321.0,127.0,8521.0
CVE-2021-37714,org.jsoup:jsoup,com.github.huanying04.utils:jixiv,Huanying04/jixiv,https://github.com/Huanying04/jixiv/commit/6ef325a5494076ee7b294fe219968ff7567ebe9b,2021-08-26 09:43:27,1,Transparent,T1,T1,False,Medium,5.0,CWE-248;CWE-835,2021-08-15 02:25:46,2021-08-15 12:31:12,2021-08-15 15:39:15,2021-08-18,11.30394675925926,10.883506944444445,10.752916666666666,8.405173611111111,After Disclosure,2021,244,0,2410.0,44.0,8521.0
CVE-2021-37714,org.jsoup:jsoup,org.apache.any23:apache-any23-core,apache/any23,https://github.com/apache/any23/commit/05b8526174416a1c3ae07f1a02229ca0e65a57f7,2021-09-13 15:04:14,1,Transparent,T1,T1,False,Medium,5.0,CWE-248;CWE-835,2021-08-15 02:25:46,2021-08-15 12:31:12,2021-08-15 15:39:15,2021-08-18,29.526712962962964,29.106273148148148,28.97568287037037,26.627939814814816,After Disclosure,2021,244,0,16195.0,266.0,8521.0
CVE-2021-37714,org.jsoup:jsoup,net.sf.mpxj:mpxj,joniles/mpxj,https://github.com/joniles/mpxj/commit/80d46cdad39827c84cbd4f5366dd2107d80d3593,2021-08-20 18:05:00,1,Transparent,T1,T1,False,Medium,5.0,CWE-248;CWE-835,2021-08-15 02:25:46,2021-08-15 12:31:12,2021-08-15 15:39:15,2021-08-18,5.652245370370371,5.231805555555556,5.1012152777777775,2.7534722222222223,After Disclosure,2021,244,0,134443.0,993.0,8521.0
CVE-2021-37714,org.jsoup:jsoup,com.googlecode.ez-vcard:ez-vcard,mangstadt/ez-vcard,https://github.com/mangstadt/ez-vcard/commit/3c10bf587f097be3e2a77b0d2d556e6f9efd97b1,2021-08-23 20:55:49,1,Transparent,T1,T1,False,Medium,5.0,CWE-248;CWE-835,2021-08-15 02:25:46,2021-08-15 12:31:12,2021-08-15 15:39:15,2021-08-18,8.770868055555555,8.35042824074074,8.219837962962963,5.872094907407408,After Disclosure,2021,244,0,19006.0,278.0,8521.0
CVE-2021-37714,org.jsoup:jsoup,io.yupiik.maven:minisite-core,yupiik/tools-maven-plugin,https://github.com/yupiik/tools-maven-plugin/commit/4f7cc14d076fc74df9e0ffe2b6fedab5585df1b2,2021-08-23 21:31:33,1,Transparent,T1,T1,False,Medium,5.0,CWE-248;CWE-835,2021-08-15 02:25:46,2021-08-15 12:31:12,2021-08-15 15:39:15,2021-08-18,8.79568287037037,8.375243055555556,8.244652777777778,5.896909722222222,After Disclosure,2021,244,0,3237.0,28.0,8521.0
CVE-2021-37714,org.jsoup:jsoup,org.javalite:activeweb,javalite/activejdbc,https://github.com/javalite/activejdbc/commit/1ad72781e8df3112371b7ee1accf0f32e2659634,2021-08-23 21:10:35,1,Transparent,T1,T1,False,Medium,5.0,CWE-248;CWE-835,2021-08-15 02:25:46,2021-08-15 12:31:12,2021-08-15 15:39:15,2021-08-18,8.781122685185185,8.36068287037037,8.230092592592593,5.882349537037037,After Disclosure,2021,244,0,6475.0,118.0,8521.0
CVE-2021-37714,org.jsoup:jsoup,com.github.codemonstur:htmlcompiler,codemonstur/HTMLCompiler,https://github.com/codemonstur/HTMLCompiler/commit/10701d9cc39ad5d00ec397cf132ea90a54f3e476,2021-08-25 18:32:40,1,Transparent,T1,T1,False,Medium,5.0,CWE-248;CWE-835,2021-08-15 02:25:46,2021-08-15 12:31:12,2021-08-15 15:39:15,2021-08-18,10.671458333333334,10.251018518518519,10.120428240740742,7.7726851851851855,After Disclosure,2021,244,0,4457.0,123.0,8521.0
CVE-2019-3888,io.undertow:undertow-core,com.networknt:rpc-security,networknt/light-hybrid-4j,https://github.com/networknt/light-hybrid-4j/commit/61784addbba17ccc80e087ec5f2ff7084093852c,2019-06-13 23:11:42,1,Transparent,T1,T1,False,Medium,5.0,CWE-532,2015-08-16 23:19:14,2019-03-28 08:15:59,2019-04-04 05:56:21,2019-06-12,1396.9947685185184,77.62202546296297,70.71899305555556,1.9664583333333334,After Disclosure,2019,53,0,87.0,1.0,2164.0
CVE-2019-3888,io.undertow:undertow-core,com.networknt:metrics,networknt/light-4j,https://github.com/networknt/light-4j/commit/95a988d0dca3650e05505842f275bae3aade0e10,2019-06-13 23:11:32,1,Transparent,T1,T1,False,Medium,5.0,CWE-532,2015-08-16 23:19:14,2019-03-28 08:15:59,2019-04-04 05:56:21,2019-06-12,1396.9946527777777,77.62190972222223,70.71887731481482,1.9663425925925926,After Disclosure,2019,53,0,5284.0,117.0,2164.0
CVE-2019-3888,io.undertow:undertow-core,com.networknt:jdbc-manager,networknt/light-session-4j,https://github.com/networknt/light-session-4j/commit/20c2223eec888527a6c9e09b68c6c6cdd57499c4,2019-06-13 23:12:00,1,Transparent,T1,T1,False,Medium,5.0,CWE-532,2015-08-16 23:19:14,2019-03-28 08:15:59,2019-04-04 05:56:21,2019-06-12,1396.9949768518518,77.6222337962963,70.71920138888889,1.9666666666666666,After Disclosure,2019,53,0,588.0,9.0,2164.0
CVE-2019-3888,io.undertow:undertow-core,org.actframework:act,actframework/actframework,https://github.com/actframework/actframework/commit/1ce7b7d0a23ef619ad23ac067f446d1822b355e1,2020-06-28 04:03:05,2,Transparent,T1,T1,False,Medium,5.0,CWE-532,2015-08-16 23:19:14,2019-03-28 08:15:59,2019-04-04 05:56:21,2019-06-12,1777.1971180555556,457.824375,450.92134259259257,382.16880787037036,After Disclosure,2019,53,0,57624.0,1338.0,2164.0
CVE-2019-3888,io.undertow:undertow-core,org.restheart:restheart,SoftInstigate/restheart,https://github.com/SoftInstigate/restheart/commit/1494524379d64749874c7a8b5701efc486dc1b46,2019-04-16 15:49:40,1,Transparent,T1,T1,False,Medium,5.0,CWE-532,2015-08-16 23:19:14,2019-03-28 08:15:59,2019-04-04 05:56:21,2019-06-12,1338.687800925926,19.31505787037037,12.412025462962964,-56.34050925925926,Release->Disclosure,2019,53,0,17819.0,229.0,2164.0
CVE-2019-3888,io.undertow:undertow-core,io.mangoo:mangooio-core,svenkubiak/mangooio,https://github.com/svenkubiak/mangooio/commit/712dd4242fa5b619922331470b32e25c8606e771,2019-04-08 14:09:56,1,Transparent,T1,T1,False,Medium,5.0,CWE-532,2015-08-16 23:19:14,2019-03-28 08:15:59,2019-04-04 05:56:21,2019-06-12,1330.6185416666667,11.24579861111111,4.342766203703704,-64.40976851851852,Release->Disclosure,2019,53,0,7903.5,109.0,2164.0
CVE-2019-3888,io.undertow:undertow-core,com.networknt:graphql-common,networknt/light-graphql-4j,https://github.com/networknt/light-graphql-4j/commit/7439727ec8a0545d674bdd884699d5b046a2483a,2019-06-13 23:11:39,1,Transparent,T1,T1,False,Medium,5.0,CWE-532,2015-08-16 23:19:14,2019-03-28 08:15:59,2019-04-04 05:56:21,2019-06-12,1396.9947337962963,77.62199074074074,70.71895833333333,1.966423611111111,After Disclosure,2019,53,0,108.0,5.0,2164.0
CVE-2019-3888,io.undertow:undertow-core,com.networknt:swagger-security,networknt/light-rest-4j,https://github.com/networknt/light-rest-4j/commit/7d53678b7323d622f202a3b4155b8d542c277b11,2019-06-13 23:11:36,1,Transparent,T1,T1,False,Medium,5.0,CWE-532,2015-08-16 23:19:14,2019-03-28 08:15:59,2019-04-04 05:56:21,2019-06-12,1396.994699074074,77.62195601851852,70.71892361111111,1.966388888888889,After Disclosure,2019,53,0,217.0,1.0,2164.0
CVE-2019-3888,io.undertow:undertow-core,de.ruedigermoeller:kontraktor-http,RuedigerMoeller/kontraktor,https://github.com/RuedigerMoeller/kontraktor/commit/967b29319ccff78f2a5a6452eb3da463a0f6dd33,2020-05-16 14:59:52,2,Transparent,T1,T1,False,Medium,5.0,CWE-532,2015-08-16 23:19:14,2019-03-28 08:15:59,2019-04-04 05:56:21,2019-06-12,1734.6532175925927,415.28047453703704,408.3774421296296,339.6249074074074,After Disclosure,2019,53,0,8861.0,119.0,2164.0
CVE-2018-1339,org.apache.tika:tika-parsers,org.apache.any23:apache-any23-core,apache/any23,https://github.com/apache/any23/commit/6b76f3466da0916dc7f61b8136133b55e0400ffa,2018-07-02 23:24:38,3,Silent,S1,S1,False,Medium,4.3,CWE-835,,2018-04-16 15:37:25,2018-04-16 20:53:18,2018-04-25,,77.32445601851852,77.1050925925926,68.97543981481482,After Disclosure,2018,13,0,16195.0,266.0,565.0
CVE-2018-1339,org.apache.tika:tika-parsers,com.digitalpebble.stormcrawler:storm-crawler-tika,DigitalPebble/storm-crawler,https://github.com/DigitalPebble/storm-crawler/commit/1c67629e5a5ff23eefbf1abe7cdb5f5d0c8dc1f6,2018-05-03 09:17:44,1,Silent,S1,S1,False,Medium,4.3,CWE-835,,2018-04-16 15:37:25,2018-04-16 20:53:18,2018-04-25,,16.73633101851852,16.516967592592593,8.387314814814815,After Disclosure,2018,13,0,578.5,4.0,565.0
CVE-2018-1339,org.apache.tika:tika-parsers,org.codelibs.fess:fess-crawler,codelibs/fess-crawler,https://github.com/codelibs/fess-crawler/commit/a344404d21ee6f437ca69157845532a85166dc08,2018-07-14 14:23:32,1,Silent,S1,S1,False,Medium,4.3,CWE-835,,2018-04-16 15:37:25,2018-04-16 20:53:18,2018-04-25,,88.94869212962963,88.7293287037037,80.59967592592592,After Disclosure,2018,13,0,11447.0,152.0,565.0
CVE-2017-12196,io.undertow:undertow-core,com.networknt:audit,networknt/light-4j,https://github.com/networknt/light-4j/commit/827eb6ccd2c9ba41ed5f82cf79a9403b01672508,2018-07-31 23:25:33,3,Silent,S1,S1,False,Medium,4.3,CWE-863,,2018-03-16 08:37:03,2018-03-16 14:29:07,2018-04-17,,137.6170138888889,137.37252314814816,105.97607638888888,After Disclosure,2018,48,0,111.0,1.0,1719.0
CVE-2017-12196,io.undertow:undertow-core,com.networknt:graphql-router,networknt/light-graphql-4j,https://github.com/networknt/light-graphql-4j/commit/df314a0f067ca6d3c129a515f1d8f4679ac0ebe4,2018-07-31 23:27:55,3,Silent,S1,S1,False,Medium,4.3,CWE-863,,2018-03-16 08:37:03,2018-03-16 14:29:07,2018-04-17,,137.6186574074074,137.37416666666667,105.9777199074074,After Disclosure,2018,48,0,415.5,12.0,1719.0
CVE-2017-12196,io.undertow:undertow-core,io.jboot:jboot,yangfuhai/jboot,https://github.com/yangfuhai/jboot/commit/4ec37576abad802cf592944481e27324b519e78d,2018-03-20 06:31:31,1,Silent,S1,S1,False,Medium,4.3,CWE-863,,2018-03-16 08:37:03,2018-03-16 14:29:07,2018-04-17,,3.912824074074074,3.6683333333333334,-27.728113425925926,Release->Disclosure,2018,48,0,38902.0,651.0,1719.0
CVE-2017-12196,io.undertow:undertow-core,io.mangoo:mangooio-core,svenkubiak/mangooio,https://github.com/svenkubiak/mangooio/commit/109665bc09b15edb34a2e716f5644c12eadbb855,2018-03-19 06:16:59,1,Silent,S1,S1,False,Medium,4.3,CWE-863,,2018-03-16 08:37:03,2018-03-16 14:29:07,2018-04-17,,2.9027314814814815,2.658240740740741,-28.738206018518518,Release->Disclosure,2018,48,0,7903.5,109.0,1719.0
CVE-2017-12196,io.undertow:undertow-core,com.networknt:rpc-security,networknt/light-hybrid-4j,https://github.com/networknt/light-hybrid-4j/commit/831f221d7187042a0fe59b5242960857c49cba56,2018-07-31 23:28:48,3,Silent,S1,S1,False,Medium,4.3,CWE-863,,2018-03-16 08:37:03,2018-03-16 14:29:07,2018-04-17,,137.61927083333333,137.3747800925926,105.97833333333334,After Disclosure,2018,48,0,87.0,1.0,1719.0
CVE-2017-12196,io.undertow:undertow-core,com.networknt:swagger-validator,networknt/light-rest-4j,https://github.com/networknt/light-rest-4j/commit/57604f1e95bf78dc7f4654b05c9151fa8d373915,2018-07-31 23:27:02,3,Silent,S1,S1,False,Medium,4.3,CWE-863,,2018-03-16 08:37:03,2018-03-16 14:29:07,2018-04-17,,137.6180439814815,137.37355324074073,105.97710648148148,After Disclosure,2018,48,0,647.0,13.0,1719.0
CVE-2017-12196,io.undertow:undertow-core,org.actframework:act,actframework/actframework,https://github.com/actframework/actframework/commit/37146230182b468a67f564085e4c204ef8bfbf0f,2018-05-08 21:21:50,1,Silent,S1,S1,False,Medium,4.3,CWE-863,,2018-03-16 08:37:03,2018-03-16 14:29:07,2018-04-17,,53.531099537037036,53.2866087962963,21.890162037037037,After Disclosure,2018,48,0,57624.0,1338.0,1719.0
CVE-2016-1182,struts:struts,net.anotheria:moskito-web,anotheria/moskito,https://github.com/anotheria/moskito/commit/f9eddfe017fc658e772ff133814ef96b38668994,2020-12-03 14:37:43,3,Silent,S1,T4,True,Medium,6.4,CWE-20,,2016-06-08 11:38:30,2016-06-08 11:38:30,2016-07-04,,1639.1244560185185,1639.1244560185185,1613.609525462963,After Disclosure,2016,31,0,1166.0,16.0,6.0
CVE-2016-1182,struts:struts,com.github.hazendaz:displaytag,hazendaz/displaytag,https://github.com/hazendaz/displaytag/commit/29837d22e6ca55041244ee8c9e95f629e8884d90,2017-11-26 02:09:02,3,Silent,S1,T4,True,Medium,6.4,CWE-20,,2016-06-08 11:38:30,2016-06-08 11:38:30,2016-07-04,,535.6045370370371,535.6045370370371,510.0896064814815,After Disclosure,2016,31,0,10331.0,128.0,6.0
CVE-2021-22569,com.google.protobuf:protobuf-java,software.amazon.kinesis:amazon-kinesis-client,awslabs/amazon-kinesis-client,https://github.com/awslabs/amazon-kinesis-client/commit/e722bbaa3e799ad3b0807c7cf92f15ca1bf24131,2022-02-25 22:30:28,1,Transparent,T1,T1,False,Medium,4.3,,2022-01-05 15:01:42,2022-01-05 10:05:11,2022-01-05 10:05:11,2022-01-10,51.311643518518515,51.51755787037037,51.51755787037037,46.93782407407407,After Disclosure,2022,128,0,17764.0,251.5,
CVE-2021-22569,com.google.protobuf:protobuf-java,io.apicurio:apicurio-registry-protobuf-schema-utilities,apicurio/apicurio-registry,https://github.com/apicurio/apicurio-registry/commit/0c6dbfa19c5f9d2e4b764051d9651acadff15c53,2022-01-06 17:46:06,1,Transparent,T1,T1,False,Medium,4.3,,2022-01-05 15:01:42,2022-01-05 10:05:11,2022-01-05 10:05:11,2022-01-10,1.1141666666666667,1.3200810185185186,1.3200810185185186,-3.2596527777777777,Report->Disclosure,2022,128,0,57070.0,14.0,
CVE-2021-22569,com.google.protobuf:protobuf-java,no.entur.mapstruct.spi:protobuf-usage,entur/mapstruct-spi-protobuf,https://github.com/entur/mapstruct-spi-protobuf/commit/5e1c59053336321bff6389c40323065ab7aa2604,2022-01-05 23:51:27,1,Transparent,T1,T1,False,Medium,4.3,,2022-01-05 15:01:42,2022-01-05 10:05:11,2022-01-05 10:05:11,2022-01-10,0.36788194444444444,0.5737962962962962,0.5737962962962962,-4.0059375,Report->Disclosure,2022,128,0,7292.0,31.0,
CVE-2021-22569,com.google.protobuf:protobuf-java,org.hyperledger.fabric-sdk-java:fabric-sdk-java,hyperledger/fabric-sdk-java,https://github.com/hyperledger/fabric-sdk-java/commit/68a2f88f45ca9182be63aee3a120c6fcf1d5b266,2022-01-17 09:20:38,1,Transparent,T1,T1,False,Medium,4.3,,2022-01-05 15:01:42,2022-01-05 10:05:11,2022-01-05 10:05:11,2022-01-10,11.763148148148149,11.9690625,11.9690625,7.389328703703704,After Disclosure,2022,128,0,186463.0,1582.5,
CVE-2021-22569,com.google.protobuf:protobuf-java,io.automatiko.workflow:automatiko-workflow-core,automatiko-io/automatiko-engine,https://github.com/automatiko-io/automatiko-engine/commit/7b9a90019e33501288787c232e19e7518583618a,2022-01-10 14:31:47,1,Transparent,T1,T1,False,Medium,4.3,,2022-01-05 15:01:42,2022-01-05 10:05:11,2022-01-05 10:05:11,2022-01-10,4.979224537037037,5.185138888888889,5.185138888888889,0.6054050925925926,After Disclosure,2022,128,0,215964.0,701.0,
CVE-2021-22569,com.google.protobuf:protobuf-java,org.projectnessie:nessie-server-store,projectnessie/nessie,https://github.com/projectnessie/nessie/commit/78652613d02cd8583574aba3d75b69c935e16dd4,2022-01-06 08:31:58,1,Transparent,T1,T1,False,Medium,4.3,,2022-01-05 15:01:42,2022-01-05 10:05:11,2022-01-05 10:05:11,2022-01-10,0.7293518518518518,0.9352662037037037,0.9352662037037037,-3.6444675925925925,Report->Disclosure,2022,128,0,3485.0,26.0,
CVE-2021-22569,com.google.protobuf:protobuf-java,io.envoyproxy.protoc-gen-validate:pgv-java-stub,envoyproxy/protoc-gen-validate,https://github.com/envoyproxy/protoc-gen-validate/commit/d4f85cd3bfda320386c7dd3f115da352ecdc5f90,2022-03-02 15:57:15,1,Transparent,T1,T1,False,Medium,4.3,,2022-01-05 15:01:42,2022-01-05 10:05:11,2022-01-05 10:05:11,2022-01-10,56.03857638888889,56.244490740740744,56.244490740740744,51.66475694444444,After Disclosure,2022,128,0,27202.0,122.0,
CVE-2021-22569,com.google.protobuf:protobuf-java,xyz.gianlu.librespot:librespot-lib,librespot-org/librespot-java,https://github.com/librespot-org/librespot-java/commit/48f3f941c872d385ec4a55309f371b4a5b435009,2022-01-06 05:13:12,1,Transparent,T1,T1,False,Medium,4.3,,2022-01-05 15:01:42,2022-01-05 10:05:11,2022-01-05 10:05:11,2022-01-10,0.5913194444444444,0.7972337962962963,0.7972337962962963,-3.7825,Report->Disclosure,2022,128,0,127738.0,961.0,
CVE-2021-22569,com.google.protobuf:protobuf-java,io.zeebe:zeebe-exporter-protobuf,camunda-community-hub/zeebe-exporter-protobuf,https://github.com/camunda-community-hub/zeebe-exporter-protobuf/commit/3c45f34c7de6ad99bb60a20bea100aa8b3c1eb37,2022-01-06 08:27:07,1,Transparent,T1,T1,False,Medium,4.3,,2022-01-05 15:01:42,2022-01-05 10:05:11,2022-01-05 10:05:11,2022-01-10,0.7259837962962963,0.9318981481481482,0.9318981481481482,-3.647835648148148,Report->Disclosure,2022,128,0,31258.0,96.0,
CVE-2021-22569,com.google.protobuf:protobuf-java,io.kubernetes:client-java-proto,kubernetes-client/java,https://github.com/kubernetes-client/java/commit/75f9dda3a671133e2dbe737491a6883866f438ac,2022-01-06 02:01:48,1,Transparent,T1,T1,False,Medium,4.3,,2022-01-05 15:01:42,2022-01-05 10:05:11,2022-01-05 10:05:11,2022-01-10,0.45840277777777777,0.6643171296296296,0.6643171296296296,-3.9154166666666668,Report->Disclosure,2022,128,0,507698.0,2638.0,
CVE-2021-22569,com.google.protobuf:protobuf-java,org.bboxdb:bboxdb-tools,jnidzwetzki/bboxdb,https://github.com/jnidzwetzki/bboxdb/commit/92fb35570d4ea2df3899307f0416ef49508efd52,2022-01-06 04:11:49,1,Transparent,T1,T1,False,Medium,4.3,,2022-01-05 15:01:42,2022-01-05 10:05:11,2022-01-05 10:05:11,2022-01-10,0.5486921296296297,0.7546064814814815,0.7546064814814815,-3.825127314814815,Report->Disclosure,2022,128,0,21940.0,181.0,
CVE-2017-3589,mysql:mysql-connector-java,org.jsimpledb:jsimpledb-kv-sql,archiecobbs/jsimpledb,https://github.com/archiecobbs/jsimpledb/commit/1bffb74f9aae1aad7834c8faaea561dd6a3f1ca2,2017-06-05 15:52:25,3,Silent,S1,S1,False,Low,2.1,,,2017-04-04 22:11:19,2017-04-13 16:17:38,2017-04-24,,61.736875,52.98248842592593,42.661400462962966,After Disclosure,2017,138,0,813.0,33.0,107.0
CVE-2017-3589,mysql:mysql-connector-java,org.duracloud.snapshot:snapshot-common-db,duracloud/snapshot,https://github.com/duracloud/snapshot/commit/b871f3f371239112788c4889613e7e819c5607a1,2020-12-14 17:40:57,4,Silent,S1,S1,False,Low,2.1,,,2017-04-04 22:11:19,2017-04-13 16:17:38,2017-04-24,,1349.8122453703704,1341.0578587962964,1330.7367708333334,After Disclosure,2017,138,0,836.0,14.0,107.0
CVE-2017-3589,mysql:mysql-connector-java,org.wallride:wallride-bootstrap,tagbangers/wallride,https://github.com/tagbangers/wallride/commit/b521041674a43687bafee1301472cc8af26b5cc7,2018-07-12 02:52:29,3,Silent,S1,S1,False,Low,2.1,,,2017-04-04 22:11:19,2017-04-13 16:17:38,2017-04-24,,463.19525462962963,454.44086805555554,444.1197800925926,After Disclosure,2017,138,0,754.0,8.0,107.0
CVE-2017-3589,mysql:mysql-connector-java,com.thankjava.toolkit3d:fast-toolkit3d,lazy-koala/java-toolkit,https://github.com/lazy-koala/java-toolkit/commit/5c6288cd4049bad800a5d7aec66dc8545abaf034,2017-08-07 14:39:07,3,Silent,S1,S1,False,Low,2.1,,,2017-04-04 22:11:19,2017-04-13 16:17:38,2017-04-24,,124.68597222222222,115.93158564814814,105.61049768518518,After Disclosure,2017,138,0,3457.0,53.0,107.0
CVE-2017-3589,mysql:mysql-connector-java,com.helger:peppol-smp-server-sql,phax/peppol-smp-server,https://github.com/phax/peppol-smp-server/commit/de0cb2746d6ae1945ae0845c4d5836cef3cb8d5f,2018-01-02 09:34:45,3,Silent,S1,S1,False,Low,2.1,,,2017-04-04 22:11:19,2017-04-13 16:17:38,2017-04-24,,272.4746064814815,263.7202199074074,253.39913194444443,After Disclosure,2017,138,0,2431.0,55.0,107.0
CVE-2017-3589,mysql:mysql-connector-java,com.alibaba:druid,alibaba/druid,https://github.com/alibaba/druid/commit/df8d99b468e85aed87351b48e121414325165533,2017-12-02 07:13:07,2,Silent,S1,S1,False,Low,2.1,,,2017-04-04 22:11:19,2017-04-13 16:17:38,2017-04-24,,241.37625,232.62186342592594,222.30077546296297,After Disclosure,2017,138,0,125207.0,1094.0,107.0
CVE-2017-3589,mysql:mysql-connector-java,io.nflow:nflow-tests,NitorCreations/nflow,https://github.com/NitorCreations/nflow/commit/34fc16c971c1ab44936b936f53073634ef1e7ff8,2017-07-13 07:54:35,3,Silent,S1,S1,False,Low,2.1,,,2017-04-04 22:11:19,2017-04-13 16:17:38,2017-04-24,,99.40504629629629,90.65065972222222,80.32957175925925,After Disclosure,2017,138,0,1202232.0,16022.0,107.0
CVE-2017-3589,mysql:mysql-connector-java,org.duracloud.db:mill-db-repo,duracloud/duracloud-db,https://github.com/duracloud/duracloud-db/commit/eaa4a85914f77080163c2f2083ad72ac5545a958,2020-08-24 13:38:26,4,Silent,S1,S1,False,Low,2.1,,,2017-04-04 22:11:19,2017-04-13 16:17:38,2017-04-24,,1237.6438310185185,1228.8894444444445,1218.5683564814815,After Disclosure,2017,138,0,1067.0,19.0,107.0
CVE-2017-3589,mysql:mysql-connector-java,com.impetus.fabric:fabric-jdbc-driver,Impetus/fabric-jdbc-connector,https://github.com/Impetus/fabric-jdbc-connector/commit/4626a4353410ec9503f282f8841922d1f9c22967,2018-05-08 10:55:29,3,Silent,S1,S1,False,Low,2.1,,,2017-04-04 22:11:19,2017-04-13 16:17:38,2017-04-24,,398.5306712962963,389.7762847222222,379.45519675925925,After Disclosure,2017,138,0,4477.0,31.0,107.0
CVE-2016-5001,org.apache.hadoop:hadoop-hdfs,com.marklogic:marklogic-mapreduce2,marklogic/marklogic-contentpump,https://github.com/marklogic/marklogic-contentpump/commit/006e3602245af0d32cbd1e317a6339f2c88dc63f,2021-04-28 21:39:19,2,Transparent,T1,T1,False,Low,2.1,CWE-200,2015-12-17 23:03:00,2016-01-08 12:26:05,2016-02-02 19:57:13,2017-08-30,1958.941886574074,1937.3841898148148,1912.0709027777777,1337.9023032407408,After Disclosure,2017,53,0,10291.0,144.0,1182.0
CVE-2016-5001,org.apache.hadoop:hadoop-hdfs,org.apache.reef:reef-io,apache/reef,https://github.com/apache/reef/commit/bd617bd4f9830454c876dabe4b74c93706bd4d0e,2017-07-28 15:42:22,2,Transparent,T1,T1,False,Low,2.1,CWE-200,2015-12-17 23:03:00,2016-01-08 12:26:05,2016-02-02 19:57:13,2017-08-30,588.6940046296296,567.1363078703704,541.8230208333333,-32.3455787037037,Release->Disclosure,2017,53,0,21693.0,459.0,1182.0
CVE-2016-5001,org.apache.hadoop:hadoop-hdfs,com.qubole.rubix:rubix-hadoop2,qubole/rubix,https://github.com/qubole/rubix/commit/5749e600901cb23456d53c7af3640d67ab70f54b,2020-07-08 12:03:41,3,Transparent,T1,T1,False,Low,2.1,CWE-200,2015-12-17 23:03:00,2016-01-08 12:26:05,2016-02-02 19:57:13,2017-08-30,1664.5421412037037,1642.9844444444445,1617.6711574074075,1043.5025578703703,After Disclosure,2017,53,0,72538.0,1730.0,1182.0
CVE-2016-5001,org.apache.hadoop:hadoop-hdfs,com.streamxhub.streamx:streamx-flink-repl,streamxhub/streamx,https://github.com/streamxhub/streamx/commit/904ea5e1526b5691a3298a4bcbf94bdf645f2051,2021-06-11 14:36:31,3,Transparent,T1,T1,False,Low,2.1,CWE-200,2015-12-17 23:03:00,2016-01-08 12:26:05,2016-02-02 19:57:13,2017-08-30,2002.648275462963,1981.0905787037036,1955.7772916666668,1381.6086921296296,After Disclosure,2017,53,0,6163.0,110.0,1182.0
CVE-2016-1000339,org.bouncycastle:bcprov-jdk15on,no.digipost:digipost-api-client-java,digipost/digipost-api-client-java,https://github.com/digipost/digipost-api-client-java/commit/b4be4fb911f048cf08f1b4546250c47143840ae6,2020-09-15 10:59:43,7,Silent,S1,S1,False,Medium,5.0,CWE-310,,2016-11-01 09:51:30,2016-12-23 15:30:08,2018-06-04,,1414.047372685185,1361.812210648148,834.458136574074,After Disclosure,2018,155,0,7810.0,182.0,321.0
CVE-2016-1000339,org.bouncycastle:bcprov-jdk15on,io.baltoro:client-lib,junaidontable/baltoro.lib,https://github.com/junaidontable/baltoro.lib/commit/7fb0f21ba08ba297824f51f8d54ea11f3ced6ba3,2020-04-28 03:51:57,7,Silent,S1,S1,False,Medium,5.0,CWE-310,,2016-11-01 09:51:30,2016-12-23 15:30:08,2018-06-04,,1273.7503125,1221.515150462963,694.1610763888889,After Disclosure,2018,155,0,6771.0,138.0,321.0
CVE-2016-1000339,org.bouncycastle:bcprov-jdk15on,de.taimos:dvalin-jaxrs,taimos/dvalin,https://github.com/taimos/dvalin/commit/255285f19aef973caa27a2a53204ec9007a8c9dc,2022-01-20 13:02:38,7,Silent,S1,S1,False,Medium,5.0,CWE-310,,2016-11-01 09:51:30,2016-12-23 15:30:08,2018-06-04,,1906.1327314814814,1853.8975694444443,1326.5434953703705,After Disclosure,2018,155,0,2164.0,51.0,321.0
CVE-2016-1000339,org.bouncycastle:bcprov-jdk15on,com.augustcellars.cose:cose-java,cose-wg/cose-java,https://github.com/cose-wg/cose-java/commit/4025bdbc51c381f170cd54abf593d5cf8f892c80,2019-07-08 19:44:43,7,Silent,S1,S1,False,Medium,5.0,CWE-310,,2016-11-01 09:51:30,2016-12-23 15:30:08,2018-06-04,,979.4119560185185,927.1767939814815,399.8227199074074,After Disclosure,2018,155,0,2943.0,30.0,321.0
CVE-2016-1000339,org.bouncycastle:bcprov-jdk15on,net.anotheria:ano-util,anotheria/ano-util,https://github.com/anotheria/ano-util/commit/0635219589847eb0582e222fde326912e521211e,2021-08-13 15:29:15,7,Silent,S1,S1,False,Medium,5.0,CWE-310,,2016-11-01 09:51:30,2016-12-23 15:30:08,2018-06-04,,1746.2345486111112,1693.9993865740742,1166.6453125,After Disclosure,2018,155,0,7703.0,139.0,321.0
CVE-2016-1000339,org.bouncycastle:bcprov-jdk15on,com.cybersource:cybersource-sdk-java,CyberSource/cybersource-sdk-java,https://github.com/CyberSource/cybersource-sdk-java/commit/f1d2a09b85a2294b312b9dbf1733a4df3bb9af9a,2019-03-06 13:51:03,7,Silent,S1,S1,False,Medium,5.0,CWE-310,,2016-11-01 09:51:30,2016-12-23 15:30:08,2018-06-04,,855.1663541666667,802.9311921296296,275.57711805555556,After Disclosure,2018,155,0,2569.0,23.0,321.0
CVE-2016-1000339,org.bouncycastle:bcprov-jdk15on,no.difi.sdp:sikker-digital-post-klient-java,difi/sikker-digital-post-klient,https://github.com/difi/sikker-digital-post-klient/commit/66e3cf656c3e49d5f4f5c00b5cfdb30fcca9fdf3,2019-03-15 13:29:11,7,Silent,S1,S1,False,Medium,5.0,CWE-310,,2016-11-01 09:51:30,2016-12-23 15:30:08,2018-06-04,,864.1511689814815,811.9160069444445,284.56193287037036,After Disclosure,2018,155,0,3234.0,120.0,321.0
CVE-2016-1000339,org.bouncycastle:bcprov-jdk15on,no.digipost:certificate-validator,digipost/certificate-validator,https://github.com/digipost/certificate-validator/commit/b148ba11c9f9385d612e3d4ccd6d3cad020c07fd,2019-06-05 07:49:09,7,Silent,S1,S1,False,Medium,5.0,CWE-310,,2016-11-01 09:51:30,2016-12-23 15:30:08,2018-06-04,,945.9150347222222,893.6798726851852,366.3257986111111,After Disclosure,2018,155,0,1103.0,24.0,321.0
CVE-2016-1000339,org.bouncycastle:bcprov-jdk15on,net.sf.openas2:openas2-server,OpenAS2/OpenAs2App,https://github.com/OpenAS2/OpenAs2App/commit/320e7feb0ff579976f34f2d40d10f34d2d8fde18,2018-06-04 18:16:43,7,Silent,S1,S1,False,Medium,5.0,CWE-310,,2016-11-01 09:51:30,2016-12-23 15:30:08,2018-06-04,,580.3508449074075,528.1156828703704,0.7616087962962963,After Disclosure,2018,155,0,15046.0,228.0,321.0
CVE-2016-1000339,org.bouncycastle:bcprov-jdk15on,io.netty:netty-example,netty/netty,https://github.com/netty/netty/commit/0dc246eb129796313b58c1dbdd674aa289f72cad,2021-01-01 18:31:44,7,Silent,S1,S1,False,Medium,5.0,CWE-310,,2016-11-01 09:51:30,2016-12-23 15:30:08,2018-06-04,,1522.3612731481483,1470.1261111111112,942.7720370370371,After Disclosure,2018,155,0,10870.0,260.0,321.0
CVE-2016-1000339,org.bouncycastle:bcprov-jdk15on,org.smallmind:smallmind-nutsnbolts,zenbones/SmallMind,https://github.com/zenbones/SmallMind/commit/487b69edc6fb1249b778f345b4571a349cb5277b,2019-04-23 20:21:49,7,Silent,S1,S1,False,Medium,5.0,CWE-310,,2016-11-01 09:51:30,2016-12-23 15:30:08,2018-06-04,,903.4377199074074,851.2025578703704,323.8484837962963,After Disclosure,2018,155,0,13821.0,389.0,321.0
CVE-2016-1000339,org.bouncycastle:bcprov-jdk15on,org.digidoc4j:digidoc4j,open-eid/digidoc4j,https://github.com/open-eid/digidoc4j/commit/78a400c3a59ea787885eb9c9370468bb7ea61c64,2018-02-14 09:04:46,7,Silent,S1,S1,False,Medium,5.0,CWE-310,,2016-11-01 09:51:30,2016-12-23 15:30:08,2018-06-04,,469.9675462962963,417.7323842592593,-109.62168981481481,Release->Disclosure,2018,155,0,11552.0,162.0,321.0
CVE-2016-1000339,org.bouncycastle:bcprov-jdk15on,de.alpharogroup:crypt-core,astrapi69/mystic-crypt,https://github.com/astrapi69/mystic-crypt/commit/d53951f5b8b9d538e6e4d17c4b6598e72ce41863,2018-01-06 12:34:33,7,Silent,S1,S1,False,Medium,5.0,CWE-310,,2016-11-01 09:51:30,2016-12-23 15:30:08,2018-06-04,,431.11322916666666,378.87806712962964,-148.47600694444444,Release->Disclosure,2018,155,0,1230.0,45.0,321.0
CVE-2020-1951,org.apache.tika:tika-parsers,com.digitalpebble.stormcrawler:storm-crawler-tika,DigitalPebble/storm-crawler,https://github.com/DigitalPebble/storm-crawler/commit/4c3ef1f003504cc4b00a47d93a21f808b7e1166d,2020-06-03 14:30:05,1,Silent,S1,S1,False,Medium,4.3,CWE-835,,2020-02-24 13:34:11,2020-03-11 14:01:31,2020-03-23,,100.03881944444444,84.01983796296297,72.60422453703704,After Disclosure,2020,16,0,578.5,4.0,918.0
CVE-2020-1951,org.apache.tika:tika-parsers,org.codelibs.fess:fess-crawler,codelibs/fess-crawler,https://github.com/codelibs/fess-crawler/commit/85d6a2e679510373173e39f646baa954b36dcecf,2020-05-17 09:06:39,2,Silent,S1,S1,False,Medium,4.3,CWE-835,,2020-02-24 13:34:11,2020-03-11 14:01:31,2020-03-23,,82.81421296296297,66.79523148148148,55.379618055555554,After Disclosure,2020,16,0,11447.0,152.0,918.0
CVE-2020-1951,org.apache.tika:tika-parsers,org.craftercms:crafter-search-elasticsearch,craftercms/search,https://github.com/craftercms/search/commit/7e101f64d0631cf05d8e92b4447a7267c4244dc9,2020-07-15 17:38:08,2,Silent,S1,S1,False,Medium,4.3,CWE-835,,2020-02-24 13:34:11,2020-03-11 14:01:31,2020-03-23,,142.1694097222222,126.15042824074074,114.73481481481481,After Disclosure,2020,16,0,1120.0,22.5,918.0
CVE-2020-1951,org.apache.tika:tika-parsers,org.icij.extract:extract-lib,ICIJ/extract,https://github.com/ICIJ/extract/commit/e0583975b50994aec157cdd532a4519e261e5afc,2020-09-14 08:27:25,2,Silent,S1,S1,False,Medium,4.3,CWE-835,,2020-02-24 13:34:11,2020-03-11 14:01:31,2020-03-23,,202.7869675925926,186.7679861111111,175.35237268518517,After Disclosure,2020,16,0,5488.0,113.0,918.0
CVE-2020-1951,org.apache.tika:tika-parsers,org.teamapps:universal-db,teamapps-org/universal-db,https://github.com/teamapps-org/universal-db/commit/fa9a38c6087cbb8383be297b7ef0e2970dd024f0,2020-06-25 14:05:58,1,Silent,S1,S1,False,Medium,4.3,CWE-835,,2020-02-24 13:34:11,2020-03-11 14:01:31,2020-03-23,,122.02207175925926,106.00309027777777,94.58747685185185,After Disclosure,2020,16,0,19395.0,217.0,918.0
CVE-2021-21343,com.thoughtworks.xstream:xstream,org.pitest:pitest,hcoles/pitest,https://github.com/hcoles/pitest/commit/47643329d9557d1ff0ab36113c480d458b6ac213,2021-06-01 10:46:22,1,Silent,S1,S1,False,Medium,5.0,CWE-502;CWE-73,,2021-03-09 23:55:45,2021-03-13 00:22:38,2021-03-22,,83.45181712962963,80.43314814814815,71.44886574074074,After Disclosure,2021,169,0,16694.0,550.0,542.0
CVE-2021-21343,com.thoughtworks.xstream:xstream,org.broadleafcommerce:broadleaf-profile-web,BroadleafCommerce/BroadleafCommerce,https://github.com/BroadleafCommerce/BroadleafCommerce/commit/535da75a91a9c2feae325c260f20952ab39f4284,2021-09-16 21:34:20,2,Silent,S1,S1,False,Medium,5.0,CWE-502;CWE-73,,2021-03-09 23:55:45,2021-03-13 00:22:38,2021-03-22,,190.9017939814815,187.883125,178.8988425925926,After Disclosure,2021,169,0,1286.0,27.0,542.0
CVE-2021-21343,com.thoughtworks.xstream:xstream,com.custardsource.parfait:parfait-cxf,performancecopilot/parfait,https://github.com/performancecopilot/parfait/commit/d61111fa333873b319210ca5198403ad0023755e,2021-03-22 23:44:09,1,Silent,S1,S1,False,Medium,5.0,CWE-502;CWE-73,,2021-03-09 23:55:45,2021-03-13 00:22:38,2021-03-22,,12.991944444444444,9.973275462962963,0.9889930555555555,After Disclosure,2021,169,0,44.0,2.0,542.0
CVE-2021-21343,com.thoughtworks.xstream:xstream,com.servicelibre:jxsl,mercibe/jxsl,https://github.com/mercibe/jxsl/commit/7014eff01d310dbfaeaf5c29884d4817152fd412,2021-03-22 23:46:19,2,Silent,S1,S1,False,Medium,5.0,CWE-502;CWE-73,,2021-03-09 23:55:45,2021-03-13 00:22:38,2021-03-22,,12.993449074074075,9.974780092592592,0.9904976851851852,After Disclosure,2021,169,0,1703.0,25.0,542.0
CVE-2021-21343,com.thoughtworks.xstream:xstream,org.sakaiproject:sakai-citations-impl,sakaiproject/sakai,https://github.com/sakaiproject/sakai/commit/c0c341768b6f00a653ccf5ee246034806196adc7,2021-06-14 13:57:09,1,Silent,S1,S1,False,Medium,5.0,CWE-502;CWE-73,,2021-03-09 23:55:45,2021-03-13 00:22:38,2021-03-22,,96.58430555555556,93.56563657407408,84.58135416666667,After Disclosure,2021,169,0,8413.0,65.0,542.0
CVE-2021-21343,com.thoughtworks.xstream:xstream,org.ikasan:ikasan-test,ikasanEIP/ikasan,https://github.com/ikasanEIP/ikasan/commit/f3046e83a2231cc76d98c01c8fecc3715229b468,2021-05-04 20:07:15,6,Silent,S1,S1,False,Medium,5.0,CWE-502;CWE-73,,2021-03-09 23:55:45,2021-03-13 00:22:38,2021-03-22,,55.841319444444444,52.82265046296296,43.838368055555556,After Disclosure,2021,169,0,375.0,22.0,542.0
CVE-2021-21343,com.thoughtworks.xstream:xstream,org.sbml.jsbml:jsbml-core,sbmlteam/jsbml,https://github.com/sbmlteam/jsbml/commit/c9be6f1408e7a365acbe8d7810d3a74eb84c5234,2021-08-15 19:54:30,2,Silent,S1,S1,False,Medium,5.0,CWE-502;CWE-73,,2021-03-09 23:55:45,2021-03-13 00:22:38,2021-03-22,,158.83246527777777,155.8137962962963,146.8295138888889,After Disclosure,2021,169,0,37306.0,200.0,542.0
CVE-2021-21343,com.thoughtworks.xstream:xstream,net.bull.javamelody:javamelody-core,javamelody/javamelody,https://github.com/javamelody/javamelody/commit/cd776f79c3cb885cee1f8cb4b8ae05824b067c89,2021-03-27 11:15:29,1,Silent,S1,S1,False,Medium,5.0,CWE-502;CWE-73,,2021-03-09 23:55:45,2021-03-13 00:22:38,2021-03-22,,17.472037037037037,14.453368055555556,5.469085648148148,After Disclosure,2021,169,0,19411.0,165.0,542.0
CVE-2021-21343,com.thoughtworks.xstream:xstream,net.sf.oval:oval,sebthom/oval,https://github.com/sebthom/oval/commit/0d1ea3a12be053ed679391ade1cbf06e5f036efb,2021-03-15 15:47:17,1,Silent,S1,S1,False,Medium,5.0,CWE-502;CWE-73,,2021-03-09 23:55:45,2021-03-13 00:22:38,2021-03-22,,5.6607870370370375,2.6421180555555557,-6.342164351851852,Release->Disclosure,2021,169,0,10026.0,209.0,542.0
CVE-2021-21343,com.thoughtworks.xstream:xstream,org.sonarsource.sonar-findbugs-plugin:sonar-findbugs-plugin,SonarSource/sonar-findbugs,https://github.com/SonarSource/sonar-findbugs/commit/046b7c1ba7d0411c201f4fad61145950614e093a,2021-05-19 04:10:58,1,Silent,S1,S1,False,Medium,5.0,CWE-502;CWE-73,,2021-03-09 23:55:45,2021-03-13 00:22:38,2021-03-22,,70.17723379629629,67.15856481481481,58.17428240740741,After Disclosure,2021,169,0,1608.0,38.0,542.0
CVE-2021-21343,com.thoughtworks.xstream:xstream,uk.ac.gate:gate-core,GateNLP/gate-core,https://github.com/GateNLP/gate-core/commit/d8442ff915985ff11ff9ceff8c4415f55521bbcb,2021-05-26 11:57:42,1,Silent,S1,S1,False,Medium,5.0,CWE-502;CWE-73,,2021-03-09 23:55:45,2021-03-13 00:22:38,2021-03-22,,77.50135416666667,74.48268518518519,65.49840277777778,After Disclosure,2021,169,0,138899.0,2226.0,542.0
CVE-2017-9735,org.eclipse.jetty:jetty-util,org.cometd.java:cometd-java-annotations,cometd/cometd,https://github.com/cometd/cometd/commit/b72a1a4058195d916160d61c326017474327f2a1,2019-09-16 16:16:21,1,Transparent,T1,T1,False,Medium,5.0,CWE-203,2017-05-16 07:33:48,2017-05-16 10:41:08,2017-05-31 15:24:57,2017-06-16,853.3628819444444,853.2327893518518,838.0356944444444,822.6780208333333,After Disclosure,2017,25,0,1355.0,22.0,1210.0
CVE-2020-13941,org.apache.solr:solr-core,com.lucidworks.spark:spark-solr,LucidWorks/spark-solr,https://github.com/LucidWorks/spark-solr/commit/9cb0830832647f8666af2fef82216801506b61dc,2021-04-06 12:13:54,2,Transparent,T1,T1,False,Medium,6.5,CWE-20,2020-06-29 11:04:48,2020-06-29 13:18:24,2020-06-30 15:47:48,2020-08-17,281.04798611111113,280.95520833333336,279.8514583333333,232.50965277777777,After Disclosure,2020,14,0,27951.0,431.0,3351.0
CVE-2020-13941,org.apache.solr:solr-core,cool.solr:solr-thymeleaf,solr-cool/solr-thymeleaf,https://github.com/solr-cool/solr-thymeleaf/commit/61304f05aced485826563db9dd0e6e191f109651,2020-08-25 17:44:48,1,Transparent,T1,T1,False,Medium,6.5,CWE-20,2020-06-29 11:04:48,2020-06-29 13:18:24,2020-06-30 15:47:48,2020-08-17,57.27777777777778,57.185,56.08125,8.739444444444445,After Disclosure,2020,14,0,381.0,5.0,3351.0
CVE-2020-13941,org.apache.solr:solr-core,org.textexploration.mtas:mtas,textexploration/mtas,https://github.com/textexploration/mtas/commit/0b3f3ec8fcd460f5ade2a2a1a4c313d0b9f822aa,2020-08-18 16:58:31,1,Transparent,T1,T1,False,Medium,6.5,CWE-20,2020-06-29 11:04:48,2020-06-29 13:18:24,2020-06-30 15:47:48,2020-08-17,50.24563657407408,50.15285879629629,49.049108796296295,1.7073032407407407,After Disclosure,2020,14,0,51332.0,351.0,3351.0
CVE-2020-13941,org.apache.solr:solr-core,cool.solr:solr-util,solr-cool/solr-util,https://github.com/solr-cool/solr-util/commit/74004a448d2408e9cf089260153d5b2422fa32d2,2020-12-22 08:55:02,4,Transparent,T1,T1,False,Medium,6.5,CWE-20,2020-06-29 11:04:48,2020-06-29 13:18:24,2020-06-30 15:47:48,2020-08-17,175.90988425925926,175.8171064814815,174.71335648148147,127.37155092592593,After Disclosure,2020,14,0,615.0,11.0,3351.0
CVE-2020-13941,org.apache.solr:solr-core,cool.solr:solr-analyzers,solr-cool/solr-analyzers,https://github.com/solr-cool/solr-analyzers/commit/c6b828e3b7163ab0fe80af0ba3e85331ccf40b59,2021-06-02 06:17:04,4,Transparent,T1,T1,False,Medium,6.5,CWE-20,2020-06-29 11:04:48,2020-06-29 13:18:24,2020-06-30 15:47:48,2020-08-17,337.80018518518517,337.7074074074074,336.6036574074074,289.2618518518519,After Disclosure,2020,14,0,356.0,5.0,3351.0
CVE-2019-12086,com.fasterxml.jackson.core:jackson-databind,com.huaweicloud.dis:huaweicloud-sdk-java-dis-iface,huaweicloud/huaweicloud-sdk-java-dis,https://github.com/huaweicloud/huaweicloud-sdk-java-dis/commit/dd4737bcb16af04ecda5f1f8c2435fe0c6376436,2020-07-01 02:34:32,1,Transparent,T1,T1,False,Medium,5.0,CWE-502,2019-05-11 17:31:34,2019-05-14 07:46:38,2019-05-15 20:08:43,2019-05-17,416.3770601851852,413.7832638888889,412.26792824074073,411.1073148148148,After Disclosure,2019,102,0,11830.0,155.0,1919.0
CVE-2019-12086,com.fasterxml.jackson.core:jackson-databind,com.qaprosoft:carina-utils,zebrunner/carina,https://github.com/zebrunner/carina/commit/11eac08c373b05da71176568519668b44ee943d5,2019-06-09 13:09:43,1,Transparent,T1,T1,False,Medium,5.0,CWE-502,2019-05-11 17:31:34,2019-05-14 07:46:38,2019-05-15 20:08:43,2019-05-17,28.818159722222223,26.224363425925926,24.709027777777777,23.548414351851854,After Disclosure,2019,102,0,4729.5,93.5,1919.0
CVE-2019-12086,com.fasterxml.jackson.core:jackson-databind,com.digitalpebble.stormcrawler:storm-crawler-core,DigitalPebble/storm-crawler,https://github.com/DigitalPebble/storm-crawler/commit/f9effce337a3642f3674527661c2d2ccd56e0f3e,2021-02-04 15:19:06,1,Transparent,T1,T1,False,Medium,5.0,CWE-502,2019-05-11 17:31:34,2019-05-14 07:46:38,2019-05-15 20:08:43,2019-05-17,634.9080092592593,632.314212962963,630.7988773148148,629.6382638888889,After Disclosure,2019,102,0,7848.0,117.0,1919.0
CVE-2019-12086,com.fasterxml.jackson.core:jackson-databind,org.springframework.hateoas:spring-hateoas,spring-projects/spring-hateoas,https://github.com/spring-projects/spring-hateoas/commit/c12ed413da0a347927ff5af3705f90b0b17db6c1,2019-06-05 17:45:09,1,Transparent,T1,T1,False,Medium,5.0,CWE-502,2019-05-11 17:31:34,2019-05-14 07:46:38,2019-05-15 20:08:43,2019-05-17,25.00943287037037,22.415636574074075,20.900300925925926,19.7396875,After Disclosure,2019,102,0,9992.5,231.5,1919.0
CVE-2020-17523,org.apache.shiro:shiro-core,io.bootique.shiro:bootique-shiro,bootique/bootique-shiro,https://github.com/bootique/bootique-shiro/commit/958ed93c8603b3c601363cf4a1bddf700f5930dd,2021-09-26 07:29:15,1,Silent,S1,S1,False,Critical,9.0,CWE-287,,2021-01-21 22:32:27,2021-01-27 21:33:19,2021-02-03,,247.37277777777777,241.4138425925926,235.31197916666667,After Disclosure,2021,100,0,395.0,10.0,3125.0
CVE-2020-17523,org.apache.shiro:shiro-core,com.erigir:wrench-shiro-oauth,bitblit/wrench,https://github.com/bitblit/wrench/commit/34655336d61cb9f7787a84f09fe5d0e279147e98,2022-07-07 07:29:33,1,Silent,S1,S1,False,Critical,9.0,CWE-287,,2021-01-21 22:32:27,2021-01-27 21:33:19,2021-02-03,,531.3729861111111,525.414050925926,519.3121875,After Disclosure,2021,100,0,1300.5,17.0,3125.0
CVE-2020-17523,org.apache.shiro:shiro-core,org.pac4j:pac4j-config,pac4j/pac4j,https://github.com/pac4j/pac4j/commit/eec499ad9a0eb0e47192668cc36b1d9aa8a7c5f6,2021-02-01 06:44:52,1,Silent,S1,S1,False,Critical,9.0,CWE-287,,2021-01-21 22:32:27,2021-01-27 21:33:19,2021-02-03,,10.341956018518518,4.383020833333333,-1.7188425925925925,Release->Disclosure,2021,100,0,1910.0,21.0,3125.0
CVE-2020-17523,org.apache.shiro:shiro-core,org.pac4j:play-pac4j_2.12,pac4j/play-pac4j,https://github.com/pac4j/play-pac4j/commit/a404ae9f20c610761d3bca168386ba88f0fda987,2021-02-01 06:45:20,1,Silent,S1,S1,False,Critical,9.0,CWE-287,,2021-01-21 22:32:27,2021-01-27 21:33:19,2021-02-03,,10.342280092592592,4.383344907407407,-1.7185185185185186,Release->Disclosure,2021,100,0,4455.0,49.5,3125.0
CVE-2020-17523,org.apache.shiro:shiro-core,org.fcrepo:fcrepo-auth-webac,fcrepo/fcrepo,https://github.com/fcrepo/fcrepo/commit/76a126f79710ed9685c66f79fc2eb0dedb6692ae,2021-02-19 23:12:41,1,Silent,S1,S1,False,Critical,9.0,CWE-287,,2021-01-21 22:32:27,2021-01-27 21:33:19,2021-02-03,,29.027939814814815,23.069004629629628,16.967141203703704,After Disclosure,2021,100,0,986.0,11.0,3125.0
CVE-2020-17523,org.apache.shiro:shiro-core,org.telegram:telegrambots-chat-session-bot,rubenlagus/TelegramBots,https://github.com/rubenlagus/TelegramBots/commit/50e5c16078c5f5716a054ea0258f0ec6540ff015,2021-09-20 20:41:35,1,Silent,S1,S1,False,Critical,9.0,CWE-287,,2021-01-21 22:32:27,2021-01-27 21:33:19,2021-02-03,,241.92300925925926,235.96407407407406,229.86221064814814,After Disclosure,2021,100,0,131.0,4.0,3125.0
CVE-2020-17523,org.apache.shiro:shiro-core,io.jboot:jboot,yangfuhai/jboot,https://github.com/yangfuhai/jboot/commit/ad4fb812ff51318f5ab1bd927434c5f871a48b9d,2021-03-04 13:01:08,3,Silent,S1,S1,False,Critical,9.0,CWE-287,,2021-01-21 22:32:27,2021-01-27 21:33:19,2021-02-03,,41.60325231481482,35.64431712962963,29.542453703703703,After Disclosure,2021,100,0,38902.0,651.0,3125.0
CVE-2020-17523,org.apache.shiro:shiro-core,org.wicketstuff:wicketstuff-shiro,wicketstuff/core,https://github.com/wicketstuff/core/commit/2af78a9b997cef07755d665c9069a472df77f46d,2021-03-31 14:08:19,1,Silent,S1,S1,False,Critical,9.0,CWE-287,,2021-01-21 22:32:27,2021-01-27 21:33:19,2021-02-03,,68.64990740740741,62.69097222222222,56.589108796296294,After Disclosure,2021,100,0,806.0,21.0,3125.0
CVE-2018-11039,org.springframework:spring-web,com.consol.citrus:citrus-http,citrusframework/citrus,https://github.com/citrusframework/citrus/commit/71dc1ceeb3a9ed0c772b0a3e69a30b25432046d3,2019-01-21 15:35:54,1,Transparent,T1,T1,False,Medium,4.3,,2018-06-11 16:53:23,2018-06-11 19:18:28,2018-06-12 14:49:39,2018-06-25,223.94619212962962,223.84543981481482,223.03211805555554,210.64993055555556,After Disclosure,2018,68,0,4163.5,61.0,19245.0
CVE-2018-11039,org.springframework:spring-web,org.zalando:riptide-httpclient,zalando/riptide,https://github.com/zalando/riptide/commit/9798e9ff414814e68667cda7da09bd983da3fdbe,2018-06-13 22:14:13,1,Transparent,T1,T1,False,Medium,4.3,,2018-06-11 16:53:23,2018-06-11 19:18:28,2018-06-12 14:49:39,2018-06-25,2.222800925925926,2.122048611111111,1.3087268518518518,-11.073460648148147,Release->Disclosure,2018,68,0,145.0,6.0,19245.0
CVE-2018-11039,org.springframework:spring-web,org.flowable:flowable-dmn-rest,flowable/flowable-engine,https://github.com/flowable/flowable-engine/commit/735327b88855227d8f4fac2c9faa99b4e4478777,2018-08-16 09:11:40,2,Transparent,T1,T1,False,Medium,4.3,,2018-06-11 16:53:23,2018-06-11 19:18:28,2018-06-12 14:49:39,2018-06-25,65.67936342592593,65.57861111111112,64.76528935185185,52.383101851851855,After Disclosure,2018,68,0,1595.0,28.0,19245.0
CVE-2018-11039,org.springframework:spring-web,org.wicketstuff:wicketstuff-springreference,wicketstuff/core,https://github.com/wicketstuff/core/commit/994aa0a74baab7d427c8eb646d7ea9a9ad8a3034,2018-09-17 16:57:26,1,Transparent,T1,T1,False,Medium,4.3,,2018-06-11 16:53:23,2018-06-11 19:18:28,2018-06-12 14:49:39,2018-06-25,98.0028125,97.90206018518519,97.08873842592592,84.70655092592592,After Disclosure,2018,68,0,311.0,6.0,19245.0
CVE-2018-11039,org.springframework:spring-web,org.sakaiproject.jsf:jsf-app,sakaiproject/sakai,https://github.com/sakaiproject/sakai/commit/5eeaf74559fa0c3254ff0e09ddc2871a4777261f,2018-10-17 05:05:54,1,Transparent,T1,T1,False,Medium,4.3,,2018-06-11 16:53:23,2018-06-11 19:18:28,2018-06-12 14:49:39,2018-06-25,127.50869212962964,127.40793981481481,126.59461805555556,114.21243055555556,After Disclosure,2018,68,0,375.0,6.0,19245.0
CVE-2018-11039,org.springframework:spring-web,org.nutz:nutzboot-core,nutzam/nutzboot,https://github.com/nutzam/nutzboot/commit/edc929d099be65ddd9ec2c1df70acc7dce310118,2018-06-27 08:34:29,1,Transparent,T1,T1,False,Medium,4.3,,2018-06-11 16:53:23,2018-06-11 19:18:28,2018-06-12 14:49:39,2018-06-25,15.653541666666667,15.552789351851851,14.739467592592593,2.3572800925925925,After Disclosure,2018,68,0,1364.0,35.0,19245.0
CVE-2018-11039,org.springframework:spring-web,com.mercateo.rest:rest-schemagen-spring,Mercateo/rest-schemagen-spring,https://github.com/Mercateo/rest-schemagen-spring/commit/e06d446f37e23b1679b631ebfca5c2b9ec82ac70,2018-07-17 10:03:30,1,Transparent,T1,T1,False,Medium,4.3,,2018-06-11 16:53:23,2018-06-11 19:18:28,2018-06-12 14:49:39,2018-06-25,35.71535879629629,35.61460648148148,34.80128472222222,22.419097222222224,After Disclosure,2018,68,0,122.0,2.0,19245.0
CVE-2018-11039,org.springframework:spring-web,org.apache.ranger:ranger-kms,apache/ranger,https://github.com/apache/ranger/commit/234fb4823461c522e40ec4476d6938ac5c660981,2018-10-09 05:36:26,1,Transparent,T1,T1,False,Medium,4.3,,2018-06-11 16:53:23,2018-06-11 19:18:28,2018-06-12 14:49:39,2018-06-25,119.52989583333333,119.42914351851852,118.61582175925926,106.23363425925926,After Disclosure,2018,68,0,4100.0,66.0,19245.0
CVE-2018-11039,org.springframework:spring-web,com.github.fartherp:framework-core,fartherp/framework,https://github.com/fartherp/framework/commit/e62e2ef39aa5ac1ca46beee9ddd4f4237622721e,2018-12-29 03:12:52,1,Transparent,T1,T1,False,Medium,4.3,,2018-06-11 16:53:23,2018-06-11 19:18:28,2018-06-12 14:49:39,2018-06-25,200.43019675925925,200.32944444444445,199.5161226851852,187.13393518518518,After Disclosure,2018,68,0,2579.0,65.5,19245.0
CVE-2017-4995,org.springframework.security:spring-security-core,de.terrestris:shogun2-core,terrestris/shogun2,https://github.com/terrestris/shogun2/commit/b147caa8ec1d1757b4cd899bef2f44f376493346,2017-09-15 14:53:08,1,Transparent,T1,T1,False,Medium,6.8,CWE-502,2017-06-06 15:18:33,2017-06-07 22:52:58,2017-06-08 04:34:34,2017-11-27,100.98234953703704,99.66678240740741,99.42956018518518,-72.37976851851852,Release->Disclosure,2017,18,0,12913.5,237.0,1472.0
CVE-2017-4995,org.springframework.security:spring-security-core,com.erudika:para-server,Erudika/para,https://github.com/Erudika/para/commit/733c840e89d645f93ff91b221133649564a45060,2017-07-17 21:02:49,1,Transparent,T1,T1,False,Medium,6.8,CWE-502,2017-06-06 15:18:33,2017-06-07 22:52:58,2017-06-08 04:34:34,2017-11-27,41.239074074074075,39.92350694444445,39.686284722222226,-132.1230439814815,Release->Disclosure,2017,18,0,9204.0,126.0,1472.0
CVE-2019-0207,org.apache.tapestry:tapestry-ioc,com.flowlogix:flowlogix-tapestry,flowlogix/flowlogix,https://github.com/flowlogix/flowlogix/commit/be9462bcd962c8635a849245e1d85a7b470c580a,2020-09-23 19:53:20,1,Silent,S1,S1,False,Medium,5.0,CWE-22,,2019-08-31 13:06:04,2019-08-31 13:06:04,2019-09-16,,389.2828240740741,389.2828240740741,373.8287037037037,After Disclosure,2019,21,0,1895.0,53.0,71.0
CVE-2019-0207,org.apache.tapestry:tapestry-ioc,org.tynamo:tapestry-security,tynamo/tapestry-security,https://github.com/tynamo/tapestry-security/commit/a9cfa1f1d1045f9a5c4a3cef60172a608d09f147,2020-04-23 08:27:34,1,Silent,S1,S1,False,Medium,5.0,CWE-22,,2019-08-31 13:06:04,2019-08-31 13:06:04,2019-09-16,,235.80659722222222,235.80659722222222,220.35247685185186,After Disclosure,2019,21,0,2765.0,69.0,71.0
CVE-2016-9177,com.sparkjava:spark-core,org.jbake:jbake-maven-plugin,jbake-org/jbake-maven-plugin,https://github.com/jbake-org/jbake-maven-plugin/commit/5bbc76b08a7a8b3f2539e97bc55f830f412abb96,2021-11-02 23:53:18,1,Transparent,T3,T3,False,Medium,5.0,CWE-22,2016-11-05 12:58:20,2016-11-06 14:09:35,2016-11-06 17:28:34,2016-11-04,1823.454837962963,1822.4053587962962,1822.2671759259258,1824.9953472222223,After Release,2016,22,0,546.0,8.0,4509.0
CVE-2016-9177,com.sparkjava:spark-core,org.pac4j:spark-pac4j,pac4j/spark-pac4j,https://github.com/pac4j/spark-pac4j/commit/a58cbfc802d985db0fff1a3c3a121a405f929929,2017-03-07 10:16:04,1,Transparent,T3,T3,False,Medium,5.0,CWE-22,2016-11-05 12:58:20,2016-11-06 14:09:35,2016-11-06 17:28:34,2016-11-04,121.88731481481481,120.83783564814814,120.69965277777777,123.42782407407407,After Release,2016,22,0,373.0,5.5,4509.0
CVE-2016-9177,com.sparkjava:spark-core,com.conveyal:r5,conveyal/r5,https://github.com/conveyal/r5/commit/377236d6dc6c068b384810d706043d24d4c9247c,2017-12-20 11:20:55,1,Transparent,T3,T3,False,Medium,5.0,CWE-22,2016-11-05 12:58:20,2016-11-06 14:09:35,2016-11-06 17:28:34,2016-11-04,409.93234953703706,408.88287037037037,408.7446875,411.4728587962963,After Release,2016,22,0,24220.0,294.5,4509.0
CVE-2021-3642,org.wildfly.security:wildfly-elytron,org.jboss.invocation:jboss-invocation,jbossas/jboss-invocation,https://github.com/jbossas/jboss-invocation/commit/8a23dab40a6b63bacca385d374cd24574f1518f9,2022-08-01 15:57:56,2,Transparent,T1,T1,False,Low,3.5,CWE-203,2021-07-13 16:21:58,2021-07-14 11:12:20,2021-07-14 12:10:11,2021-08-05,383.9833101851852,383.1983333333333,383.1581597222222,361.6652314814815,After Disclosure,2021,12,0,2324.0,57.0,52.0
CVE-2021-3642,org.wildfly.security:wildfly-elytron,org.jboss:jboss-ejb-client,wildfly/jboss-ejb-client,https://github.com/wildfly/jboss-ejb-client/commit/7c31d863847dc97a14eb47a861003f68372a4dba,2021-09-15 12:43:59,2,Transparent,T1,T1,False,Low,3.5,CWE-203,2021-07-13 16:21:58,2021-07-14 11:12:20,2021-07-14 12:10:11,2021-08-05,63.848622685185184,63.06364583333333,63.023472222222225,41.53054398148148,After Disclosure,2021,12,0,13669.0,202.0,52.0
CVE-2014-3558,org.hibernate:hibernate-validator,io.restx:restx-core,restx/restx,https://github.com/restx/restx/commit/6989675109786048da04efe1beeaa745df5ec852,2014-12-22 13:46:14,1,Silent,S2,S2,False,Medium,5.0,CWE-264,,2014-07-23 08:56:13,2014-10-22 16:56:46,2014-09-30,,152.20140046296297,60.86768518518519,83.57377314814815,After Release,2014,41,0,9287.5,373.5,100.0
CVE-2014-3558,org.hibernate:hibernate-validator,com.premiumminds:billy-spain,premium-minds/billy,https://github.com/premium-minds/billy/commit/c27ca7fb0113ca2c1691eed5cecf4e0b432e42d4,2019-12-16 16:48:11,1,Silent,S2,S2,False,Medium,5.0,CWE-264,,2014-07-23 08:56:13,2014-10-22 16:56:46,2014-09-30,,1972.3277546296297,1880.9940393518518,1903.7001273148148,After Release,2014,41,0,10367.0,413.0,100.0
CVE-2014-3558,org.hibernate:hibernate-validator,com.github.almex:raildelays-domain,almex/Raildelays,https://github.com/almex/Raildelays/commit/5589978c3f91cb5308b901b93bb6edbcd2f766c7,2015-08-19 17:30:32,1,Silent,S2,S2,False,Medium,5.0,CWE-264,,2014-07-23 08:56:13,2014-10-22 16:56:46,2014-09-30,,392.35716435185185,301.02344907407405,323.72953703703706,After Release,2014,41,0,2096.0,37.0,100.0
CVE-2014-3558,org.hibernate:hibernate-validator,org.wisdom-framework:samples,wisdom-framework/wisdom,https://github.com/wisdom-framework/wisdom/commit/fa93b62ceb702f1218e61989f191c4a98e050a24,2015-01-11 08:18:27,1,Silent,S2,S2,False,Medium,5.0,CWE-264,,2014-07-23 08:56:13,2014-10-22 16:56:46,2014-09-30,,171.97377314814815,80.64005787037037,103.34614583333334,After Release,2014,41,0,2379.0,29.0,100.0
CVE-2014-3558,org.hibernate:hibernate-validator,org.web4thejob:org.web4thejob.orm.h4,web4thejob/home,https://github.com/web4thejob/home/commit/133104305d232dbafa598f327812b03387ba8687,2015-06-18 20:10:03,1,Silent,S2,S2,False,Medium,5.0,CWE-264,,2014-07-23 08:56:13,2014-10-22 16:56:46,2014-09-30,,330.4679398148148,239.13422453703703,261.8403125,After Release,2014,41,0,4656.0,62.0,100.0
CVE-2018-1271,org.springframework:spring-webmvc,org.flowable:flowable-ui-idm-conf,flowable/flowable-engine,https://github.com/flowable/flowable-engine/commit/735327b88855227d8f4fac2c9faa99b4e4478777,2018-08-16 09:11:40,2,Silent,S1,S1,False,Medium,4.3,CWE-22,,2018-03-21 12:02:13,2018-04-03 20:11:16,2018-04-06,,147.8815625,134.54194444444445,132.38310185185185,After Disclosure,2018,28,0,1116.0,25.0,17529.0
CVE-2018-1271,org.springframework:spring-webmvc,net.eulerframework:euler-web-core,euler-projects/euler-framework,https://github.com/euler-projects/euler-framework/commit/9a6950915ca84f4c81a440b82bf232d742b2c3f6,2018-07-10 16:09:36,1,Silent,S1,S1,False,Medium,4.3,CWE-22,,2018-03-21 12:02:13,2018-04-03 20:11:16,2018-04-06,,111.17179398148149,97.83217592592592,95.67333333333333,After Disclosure,2018,28,0,3028.0,94.0,17529.0
CVE-2018-1271,org.springframework:spring-webmvc,org.dellroad:dellroad-stuff-vaadin7,archiecobbs/dellroad-stuff,https://github.com/archiecobbs/dellroad-stuff/commit/e512a46e6b25b74c83a182d405ee31e0b5837075,2022-01-13 02:12:49,1,Silent,S1,S1,False,Medium,4.3,CWE-22,,2018-03-21 12:02:13,2018-04-03 20:11:16,2018-04-06,,1393.5906944444444,1380.2510763888888,1378.0922337962963,After Disclosure,2018,28,0,3976.0,107.0,17529.0
CVE-2018-1271,org.springframework:spring-webmvc,org.springframework.ws:spring-ws-core,spring-projects/spring-ws,https://github.com/spring-projects/spring-ws/commit/a68fab0e6381ae0e189db3efbea50e98bc1eff6e,2018-07-25 14:30:58,1,Silent,S1,S1,False,Medium,4.3,CWE-22,,2018-03-21 12:02:13,2018-04-03 20:11:16,2018-04-06,,126.10329861111111,112.76368055555555,110.60483796296296,After Disclosure,2018,28,0,18021.0,374.0,17529.0
CVE-2016-5007,org.springframework.security:spring-security-config,org.carewebframework:org.carewebframework.security.spring.core,carewebframework/carewebframework-core,https://github.com/carewebframework/carewebframework-core/commit/01e5f3c958ee1a1d72dbf82312ac2cea656f909b,2017-03-06 05:31:28,2,Transparent,T1,T1,False,Medium,5.0,CWE-264,2016-07-06 20:46:57,2016-07-06 15:47:23,2016-07-07 00:57:35,2017-05-25,242.36424768518518,242.5722800925926,242.19019675925927,-79.76981481481481,Release->Disclosure,2017,33,0,1203.0,16.0,1013.0
CVE-2016-5007,org.springframework.security:spring-security-config,ee.telekom.workflow:workflow-web,zutnop/telekom-workflow-engine,https://github.com/zutnop/telekom-workflow-engine/commit/826af50221e5eab8744393fd072fc2e64f1165bc,2019-11-14 08:24:32,2,Transparent,T1,T1,False,Medium,5.0,CWE-264,2016-07-06 20:46:57,2016-07-06 15:47:23,2016-07-07 00:57:35,2017-05-25,1225.4844328703705,1225.6924652777777,1225.3103819444445,903.3503703703703,After Disclosure,2017,33,0,1801.0,34.0,1013.0
CVE-2016-5007,org.springframework.security:spring-security-config,org.activiti:activiti-rest,Activiti/Activiti,https://github.com/Activiti/Activiti/commit/a1c9dbc45b95a03063a25a6105993e63f2ada001,2017-06-08 15:53:09,4,Transparent,T1,T1,False,Medium,5.0,CWE-264,2016-07-06 20:46:57,2016-07-06 15:47:23,2016-07-07 00:57:35,2017-05-25,336.79597222222225,337.0040046296296,336.6219212962963,14.661909722222223,After Disclosure,2017,33,0,14229.0,207.0,1013.0
CVE-2016-5007,org.springframework.security:spring-security-config,ca.bc.gov.open.cpf:cpf-api-app,bcgov/cpf,https://github.com/bcgov/cpf/commit/a4ab47c1652f7d2fac0aacc48986e27bfc59f2c2,2019-01-04 15:47:51,2,Transparent,T1,T1,False,Medium,5.0,CWE-264,2016-07-06 20:46:57,2016-07-06 15:47:23,2016-07-07 00:57:35,2017-05-25,911.7922916666666,912.0003240740741,911.6182407407407,589.6582291666666,After Disclosure,2017,33,0,14111.0,85.0,1013.0
CVE-2016-5007,org.springframework.security:spring-security-config,net.eulerframework:euler-web-authentication,euler-projects/euler-framework,https://github.com/euler-projects/euler-framework/commit/064b650b4fa39fcb0ad26bb5f74464d9206aa6f2,2017-09-14 16:15:26,1,Transparent,T1,T1,False,Medium,5.0,CWE-264,2016-07-06 20:46:57,2016-07-06 15:47:23,2016-07-07 00:57:35,2017-05-25,434.81144675925924,435.01947916666666,434.63739583333336,112.67738425925926,After Disclosure,2017,33,0,1868.0,63.0,1013.0
CVE-2016-5007,org.springframework.security:spring-security-config,org.flowable:flowable-ui-idm-conf,flowable/flowable-engine,https://github.com/flowable/flowable-engine/commit/6968c213526492ecc414b4fb9bd28905bf1b2b07,2017-06-25 18:37:53,1,Transparent,T1,T1,False,Medium,5.0,CWE-264,2016-07-06 20:46:57,2016-07-06 15:47:23,2016-07-07 00:57:35,2017-05-25,353.91037037037034,354.11840277777776,353.73631944444446,31.77630787037037,After Disclosure,2017,33,0,1116.0,25.0,1013.0
CVE-2016-5007,org.springframework.security:spring-security-config,de.terrestris:shogun2-core,terrestris/shogun2,https://github.com/terrestris/shogun2/commit/6967a2ecb32c5f5f0bc5e743e6c26be7d392c497,2017-03-15 09:18:28,2,Transparent,T1,T1,False,Medium,5.0,CWE-264,2016-07-06 20:46:57,2016-07-06 15:47:23,2016-07-07 00:57:35,2017-05-25,251.52188657407407,251.7299189814815,251.34783564814813,-70.61217592592592,Release->Disclosure,2017,33,0,12913.5,237.0,1013.0
CVE-2016-5007,org.springframework.security:spring-security-config,org.ow2.petals.flowable:flowable-common-rest,petalslink/flowable-engine,https://github.com/petalslink/flowable-engine/commit/6968c213526492ecc414b4fb9bd28905bf1b2b07,2017-06-25 18:37:53,1,Transparent,T1,T1,False,Medium,5.0,CWE-264,2016-07-06 20:46:57,2016-07-06 15:47:23,2016-07-07 00:57:35,2017-05-25,353.91037037037034,354.11840277777776,353.73631944444446,31.77630787037037,After Disclosure,2017,33,0,767.0,25.0,1013.0
CVE-2021-21347,com.thoughtworks.xstream:xstream,com.github.spotbugs:sonar-findbugs-plugin,spotbugs/sonar-findbugs,https://github.com/spotbugs/sonar-findbugs/commit/046b7c1ba7d0411c201f4fad61145950614e093a,2021-05-19 04:10:58,4,Transparent,T1,T1,False,High,7.5,CWE-502;CWE-434,2020-07-09 15:48:01,2020-09-02 00:38:51,2020-09-06 23:41:23,2021-03-22,313.5159375,259.14730324074077,254.18721064814815,58.17428240740741,After Disclosure,2021,179,0,13133.0,191.0,494.0
CVE-2021-21347,com.thoughtworks.xstream:xstream,org.wicketstuff:jqplot4java,wicketstuff/core,https://github.com/wicketstuff/core/commit/8e386bd8dd2411f31c66bd45717f32fb40f9ad75,2021-03-23 06:56:31,4,Transparent,T1,T1,False,High,7.5,CWE-502;CWE-434,2020-07-09 15:48:01,2020-09-02 00:38:51,2020-09-06 23:41:23,2021-03-22,256.6309027777778,202.2622685185185,197.30217592592592,1.2892476851851853,After Disclosure,2021,179,0,6072.0,85.0,494.0
CVE-2021-21347,com.thoughtworks.xstream:xstream,org.smooks:smooks-all,smooks/smooks,https://github.com/smooks/smooks/commit/eb9cf831fe330ee8271612e2a3dbeb4ef0da2199,2021-03-22 18:24:46,4,Transparent,T1,T1,False,High,7.5,CWE-502;CWE-434,2020-07-09 15:48:01,2020-09-02 00:38:51,2020-09-06 23:41:23,2021-03-22,256.1088541666667,201.7402199074074,196.78012731481482,0.7671990740740741,After Disclosure,2021,179,0,25018.0,475.0,494.0
CVE-2021-21347,com.thoughtworks.xstream:xstream,org.patterntesting:patterntesting-rt,oboehm/PatternTesting2,https://github.com/oboehm/PatternTesting2/commit/667cb549379023a3f7e114bb9bd88cd3ed19987d,2021-06-07 19:32:38,2,Transparent,T1,T1,False,High,7.5,CWE-502;CWE-434,2020-07-09 15:48:01,2020-09-02 00:38:51,2020-09-06 23:41:23,2021-03-22,333.1559837962963,278.787349537037,273.82725694444446,77.81432870370371,After Disclosure,2021,179,0,11982.0,199.0,494.0
CVE-2021-21347,com.thoughtworks.xstream:xstream,no.mnemonic.messaging:requestsink-jms,mnemonic-no/messaging,https://github.com/mnemonic-no/messaging/commit/ad1d2ddde0f14edbade60c0c50acc40813048778,2021-04-19 13:56:09,4,Transparent,T1,T1,False,High,7.5,CWE-502;CWE-434,2020-07-09 15:48:01,2020-09-02 00:38:51,2020-09-06 23:41:23,2021-03-22,283.9223148148148,229.55368055555556,224.59358796296297,28.580659722222222,After Disclosure,2021,179,0,2679.0,37.0,494.0
CVE-2021-21347,com.thoughtworks.xstream:xstream,com.github.psi-probe:psi-probe-core,psi-probe/psi-probe,https://github.com/psi-probe/psi-probe/commit/7fab8b106f725eab6eebb2bd99188605c105a2f7,2021-03-15 05:47:19,4,Transparent,T1,T1,False,High,7.5,CWE-502;CWE-434,2020-07-09 15:48:01,2020-09-02 00:38:51,2020-09-06 23:41:23,2021-03-22,248.58284722222223,194.21421296296296,189.25412037037037,-6.7588078703703705,Release->Disclosure,2021,179,0,19822.0,302.0,494.0
CVE-2021-21347,com.thoughtworks.xstream:xstream,org.javalite:javalite-async,javalite/activejdbc,https://github.com/javalite/activejdbc/commit/9d6517b4d1ba17fb6571c4abd369795fca7287ce,2021-04-20 21:36:46,5,Transparent,T1,T1,False,High,7.5,CWE-502;CWE-434,2020-07-09 15:48:01,2020-09-02 00:38:51,2020-09-06 23:41:23,2021-03-22,285.2421875,230.87355324074073,225.91346064814815,29.900532407407407,After Disclosure,2021,179,0,1147.0,13.0,494.0
CVE-2021-21347,com.thoughtworks.xstream:xstream,com.swiftmq:swiftmq-client,iitsoftware/swiftmq-client,https://github.com/iitsoftware/swiftmq-client/commit/10eb973b3cfc9c5afa58868326306efcf2b82413,2021-03-22 23:52:39,4,Transparent,T1,T1,False,High,7.5,CWE-502;CWE-434,2020-07-09 15:48:01,2020-09-02 00:38:51,2020-09-06 23:41:23,2021-03-22,256.3365509259259,201.96791666666667,197.00782407407408,0.9948958333333333,After Disclosure,2021,179,0,149380.0,1984.0,494.0
CVE-2021-21347,com.thoughtworks.xstream:xstream,ro.pippo:pippo-xstream,pippo-java/pippo,https://github.com/pippo-java/pippo/commit/58397c14e558073bc4f934d0a84685d8e9f39ac7,2021-05-19 09:02:02,5,Transparent,T1,T1,False,High,7.5,CWE-502;CWE-434,2020-07-09 15:48:01,2020-09-02 00:38:51,2020-09-06 23:41:23,2021-03-22,313.7180671296296,259.3494328703704,254.3893402777778,58.376412037037035,After Disclosure,2021,179,0,47.0,2.0,494.0
CVE-2021-21347,com.thoughtworks.xstream:xstream,de.digitalcollections.model:dc-model-xml,dbmdz/digitalcollections-model,https://github.com/dbmdz/digitalcollections-model/commit/1488ea1216365fdaffee9fce6904933c5d3d109c,2021-02-16 16:44:35,4,Transparent,T1,T1,False,High,7.5,CWE-502;CWE-434,2020-07-09 15:48:01,2020-09-02 00:38:51,2020-09-06 23:41:23,2021-03-22,222.0392824074074,167.67064814814816,162.71055555555554,-33.30237268518518,Release->Disclosure,2021,179,0,209.0,5.0,494.0
CVE-2021-21347,com.thoughtworks.xstream:xstream,org.cyclonedx:cyclonedx-core-java,CycloneDX/cyclonedx-core-java,https://github.com/CycloneDX/cyclonedx-core-java/commit/63c5046409bcd11973ad25e2a9cbc324c90a1d31,2021-02-17 03:12:51,2,Transparent,T1,T1,False,High,7.5,CWE-502;CWE-434,2020-07-09 15:48:01,2020-09-02 00:38:51,2020-09-06 23:41:23,2021-03-22,222.4755787037037,168.10694444444445,163.14685185185186,-32.86607638888889,Release->Disclosure,2021,179,0,1976.0,32.0,494.0
CVE-2021-21347,com.thoughtworks.xstream:xstream,com.sangupta:jerry-core,sangupta/jerry-core,https://github.com/sangupta/jerry-core/commit/380b8ce5df0ffb3edf334d129d58deb200802fee,2021-08-25 15:34:34,10,Transparent,T1,T1,False,High,7.5,CWE-502;CWE-434,2020-07-09 15:48:01,2020-09-02 00:38:51,2020-09-06 23:41:23,2021-03-22,411.99065972222223,357.62202546296294,352.6619328703704,156.64900462962962,After Disclosure,2021,179,0,9933.0,108.0,494.0
CVE-2021-21347,com.thoughtworks.xstream:xstream,com.xceptance:xlt,Xceptance/XLT,https://github.com/Xceptance/XLT/commit/c11b5e4a66dad8b821f68be09d1cf4de90630753,2021-06-02 12:44:03,5,Transparent,T1,T1,False,High,7.5,CWE-502;CWE-434,2020-07-09 15:48:01,2020-09-02 00:38:51,2020-09-06 23:41:23,2021-03-22,327.87224537037036,273.5036111111111,268.5435185185185,72.53059027777778,After Disclosure,2021,179,0,146667.0,2303.0,494.0
CVE-2021-21347,com.thoughtworks.xstream:xstream,org.ikasan:ikasan-filetransfer-common,ikasanEIP/ikasan,https://github.com/ikasanEIP/ikasan/commit/f3046e83a2231cc76d98c01c8fecc3715229b468,2021-05-04 20:07:15,6,Transparent,T1,T1,False,High,7.5,CWE-502;CWE-434,2020-07-09 15:48:01,2020-09-02 00:38:51,2020-09-06 23:41:23,2021-03-22,299.18002314814817,244.8113888888889,239.85129629629628,43.838368055555556,After Disclosure,2021,179,0,2737.0,43.0,494.0
CVE-2021-21347,com.thoughtworks.xstream:xstream,org.optaplanner:optaplanner-examples,kiegroup/optaplanner,https://github.com/kiegroup/optaplanner/commit/454bec759709f18dd455fa037113a9bdd1710eab,2020-10-30 14:49:27,5,Transparent,T1,T1,False,High,7.5,CWE-502;CWE-434,2020-07-09 15:48:01,2020-09-02 00:38:51,2020-09-06 23:41:23,2021-03-22,112.9593287037037,58.590694444444445,53.63060185185185,-142.38232638888888,Release->Disclosure,2021,179,0,43487.0,668.0,494.0
CVE-2021-21347,com.thoughtworks.xstream:xstream,org.kie.kogito:drools-compiler,kiegroup/kogito-runtimes,https://github.com/kiegroup/kogito-runtimes/commit/be534eb1bf87d95083fc9caa90b680b40f42c749,2021-05-15 06:57:43,13,Transparent,T1,T1,False,High,7.5,CWE-502;CWE-434,2020-07-09 15:48:01,2020-09-02 00:38:51,2020-09-06 23:41:23,2021-03-22,309.63173611111114,255.26310185185184,250.30300925925926,54.29008101851852,After Disclosure,2021,179,0,97108.0,770.0,494.0
CVE-2021-21347,com.thoughtworks.xstream:xstream,com.thankjava.toolkit3d:fast-toolkit3d,lazy-koala/java-toolkit,https://github.com/lazy-koala/java-toolkit/commit/16d615c76b02bc1b470e1adfe1ef8e2894e196e4,2021-03-22 23:46:33,5,Transparent,T1,T1,False,High,7.5,CWE-502;CWE-434,2020-07-09 15:48:01,2020-09-02 00:38:51,2020-09-06 23:41:23,2021-03-22,256.3323148148148,201.96368055555556,197.00358796296297,0.9906597222222222,After Disclosure,2021,179,0,3457.0,53.0,494.0
CVE-2021-21347,com.thoughtworks.xstream:xstream,org.neo4j.build.plugins:licensing-maven-plugin,neo4j/licensing-maven-plugin,https://github.com/neo4j/licensing-maven-plugin/commit/26a039e7f2d41eada122c97686b5b0f0553d5538,2021-04-23 06:57:29,5,Transparent,T1,T1,False,High,7.5,CWE-502;CWE-434,2020-07-09 15:48:01,2020-09-02 00:38:51,2020-09-06 23:41:23,2021-03-22,287.6315740740741,233.2629398148148,228.30284722222223,32.289918981481485,After Disclosure,2021,179,0,1627.0,14.0,494.0
CVE-2021-21347,com.thoughtworks.xstream:xstream,org.powertac:common,powertac/powertac-core,https://github.com/powertac/powertac-core/commit/182d71556780cd823d9247b747e35df336090698,2021-03-22 23:48:47,4,Transparent,T1,T1,False,High,7.5,CWE-502;CWE-434,2020-07-09 15:48:01,2020-09-02 00:38:51,2020-09-06 23:41:23,2021-03-22,256.33386574074075,201.96523148148148,197.0051388888889,0.9922106481481482,After Disclosure,2021,179,0,8040.0,110.0,494.0
CVE-2021-21347,com.thoughtworks.xstream:xstream,com.btc-ag.redg:redg-generator,btc-ag/redg,https://github.com/btc-ag/redg/commit/c47593c9b555254a369d2f5dc2d6fcfc21be7d3d,2021-06-06 14:20:45,5,Transparent,T1,T1,False,High,7.5,CWE-502;CWE-434,2020-07-09 15:48:01,2020-09-02 00:38:51,2020-09-06 23:41:23,2021-03-22,331.93939814814814,277.5707638888889,272.6106712962963,76.59774305555555,After Disclosure,2021,179,0,1890.0,43.0,494.0
CVE-2021-21347,com.thoughtworks.xstream:xstream,org.infinispan:infinispan-server-core,infinispan/infinispan,https://github.com/infinispan/infinispan/commit/172f2d3831fefcb1a018bd4090232f74c59a44dd,2021-03-18 07:16:58,4,Transparent,T1,T1,False,High,7.5,CWE-502;CWE-434,2020-07-09 15:48:01,2020-09-02 00:38:51,2020-09-06 23:41:23,2021-03-22,251.64510416666667,197.2764699074074,192.31637731481482,-3.696550925925926,Release->Disclosure,2021,179,0,4452.0,97.0,494.0
CVE-2021-21347,com.thoughtworks.xstream:xstream,net.ripe.rpki:rpki-commons,RIPE-NCC/rpki-commons,https://github.com/RIPE-NCC/rpki-commons/commit/7a2a808255688e09b67641e17abaa26a9ea163be,2021-03-22 23:46:26,4,Transparent,T1,T1,False,High,7.5,CWE-502;CWE-434,2020-07-09 15:48:01,2020-09-02 00:38:51,2020-09-06 23:41:23,2021-03-22,256.3322337962963,201.96359953703703,197.00350694444444,0.9905787037037037,After Disclosure,2021,179,0,11426.0,225.0,494.0
CVE-2021-21347,com.thoughtworks.xstream:xstream,de.alpharogroup:email-tails,lightblueseas/email-tails,https://github.com/lightblueseas/email-tails/commit/997627a510bf8c40e6f2e0f799827ba5c7180a44,2022-02-28 14:46:26,14,Transparent,T1,T1,False,High,7.5,CWE-502;CWE-434,2020-07-09 15:48:01,2020-09-02 00:38:51,2020-09-06 23:41:23,2021-03-22,598.9572337962964,544.588599537037,539.6285069444444,343.6155787037037,After Disclosure,2021,179,0,1002.0,12.0,494.0
CVE-2021-21347,com.thoughtworks.xstream:xstream,io.quarkus:quarkus-junit5,quarkusio/quarkus,https://github.com/quarkusio/quarkus/commit/2e61de4423803616d2a17ec25ac398b754005fd1,2021-03-15 22:06:04,4,Transparent,T1,T1,False,High,7.5,CWE-502;CWE-434,2020-07-09 15:48:01,2020-09-02 00:38:51,2020-09-06 23:41:23,2021-03-22,249.26253472222223,194.89390046296296,189.93380787037037,-6.0791203703703705,Release->Disclosure,2021,179,0,1063.0,31.0,494.0
CVE-2021-39147,com.thoughtworks.xstream:xstream,org.springframework.batch:spring-batch-core,spring-projects/spring-batch,https://github.com/spring-projects/spring-batch/commit/8400b1620528576845fdf42bdc363e10b82d173a,2021-08-25 16:54:36,9,Silent,S1,S1,False,Medium,6.0,CWE-502;CWE-434,,2021-05-26 19:43:09,2021-08-22 13:57:44,2021-08-23,,90.88295138888888,3.122824074074074,2.7045833333333333,After Disclosure,2021,179,0,24644.0,482.0,566.0
CVE-2021-39147,com.thoughtworks.xstream:xstream,org.patterntesting:patterntesting-rt,oboehm/PatternTesting2,https://github.com/oboehm/PatternTesting2/commit/3c61a09701c9e09a8839936d5d432b6e1a913e2f,2021-12-19 14:18:47,6,Silent,S1,S1,False,Medium,6.0,CWE-502;CWE-434,,2021-05-26 19:43:09,2021-08-22 13:57:44,2021-08-23,,206.77474537037037,119.01461805555556,118.59637731481482,After Disclosure,2021,179,0,11982.0,199.0,566.0
CVE-2021-39147,com.thoughtworks.xstream:xstream,ro.pippo:pippo-xstream,pippo-java/pippo,https://github.com/pippo-java/pippo/commit/8330892700e3911192f1e17a11100ec3ec58ef84,2021-11-02 09:00:16,9,Silent,S1,S1,False,Medium,6.0,CWE-502;CWE-434,,2021-05-26 19:43:09,2021-08-22 13:57:44,2021-08-23,,159.55355324074074,71.79342592592593,71.37518518518519,After Disclosure,2021,179,0,47.0,2.0,566.0
CVE-2021-39147,com.thoughtworks.xstream:xstream,com.github.psi-probe:psi-probe-core,psi-probe/psi-probe,https://github.com/psi-probe/psi-probe/commit/cf3dd7317060ef7cb67f57686b0d760bdfa659d5,2021-08-23 07:01:58,9,Silent,S1,S1,False,Medium,6.0,CWE-502;CWE-434,,2021-05-26 19:43:09,2021-08-22 13:57:44,2021-08-23,,88.47140046296296,0.7112731481481481,0.2930324074074074,After Disclosure,2021,179,0,19822.0,302.0,566.0
CVE-2021-39147,com.thoughtworks.xstream:xstream,org.wicketstuff:jqplot4java,wicketstuff/core,https://github.com/wicketstuff/core/commit/3fbd67082cf0ef7ec0114def59d07d496ded3a56,2021-08-25 15:46:01,9,Silent,S1,S1,False,Medium,6.0,CWE-502;CWE-434,,2021-05-26 19:43:09,2021-08-22 13:57:44,2021-08-23,,90.83532407407408,3.075196759259259,2.6569560185185184,After Disclosure,2021,179,0,6072.0,85.0,566.0
CVE-2021-39147,com.thoughtworks.xstream:xstream,com.sangupta:jerry-core,sangupta/jerry-core,https://github.com/sangupta/jerry-core/commit/380b8ce5df0ffb3edf334d129d58deb200802fee,2021-08-25 15:34:34,10,Silent,S1,S1,False,Medium,6.0,CWE-502;CWE-434,,2021-05-26 19:43:09,2021-08-22 13:57:44,2021-08-23,,90.82737268518518,3.06724537037037,2.6490046296296295,After Disclosure,2021,179,0,9933.0,108.0,566.0
CVE-2021-39147,com.thoughtworks.xstream:xstream,com.thankjava.toolkit3d:fast-toolkit3d,lazy-koala/java-toolkit,https://github.com/lazy-koala/java-toolkit/commit/614102adc1ddeb4146640c17cb4dce1b1a07d7dc,2022-02-01 00:57:29,9,Silent,S1,S1,False,Medium,6.0,CWE-502;CWE-434,,2021-05-26 19:43:09,2021-08-22 13:57:44,2021-08-23,,250.21828703703704,162.45815972222223,162.0399189814815,After Disclosure,2021,179,0,3457.0,53.0,566.0
CVE-2021-39147,com.thoughtworks.xstream:xstream,org.ikasan:ikasan-filetransfer-common,ikasanEIP/ikasan,https://github.com/ikasanEIP/ikasan/commit/61a7c97cafa108f1b62ae732aab3b5136d076901,2021-09-06 19:17:59,9,Silent,S1,S1,False,Medium,6.0,CWE-502;CWE-434,,2021-05-26 19:43:09,2021-08-22 13:57:44,2021-08-23,,102.98252314814815,15.222395833333334,14.804155092592593,After Disclosure,2021,179,0,2737.0,43.0,566.0
CVE-2021-39147,com.thoughtworks.xstream:xstream,org.javalite:javalite-async,javalite/activejdbc,https://github.com/javalite/activejdbc/commit/df9a9dd065faf12a9a6279266dee5857cd4b5c81,2021-08-25 15:54:57,9,Silent,S1,S1,False,Medium,6.0,CWE-502;CWE-434,,2021-05-26 19:43:09,2021-08-22 13:57:44,2021-08-23,,90.84152777777778,3.081400462962963,2.6631597222222223,After Disclosure,2021,179,0,1147.0,13.0,566.0
CVE-2021-39147,com.thoughtworks.xstream:xstream,io.quarkus:quarkus-junit5,quarkusio/quarkus,https://github.com/quarkusio/quarkus/commit/3aa4e47faa4b4df927d75a5379f45aeea3fc3f87,2021-08-23 20:37:45,9,Silent,S1,S1,False,Medium,6.0,CWE-502;CWE-434,,2021-05-26 19:43:09,2021-08-22 13:57:44,2021-08-23,,89.03791666666666,1.277789351851852,0.8595486111111111,After Disclosure,2021,179,0,1063.0,31.0,566.0
CVE-2021-39147,com.thoughtworks.xstream:xstream,de.alpharogroup:email-tails,lightblueseas/email-tails,https://github.com/lightblueseas/email-tails/commit/997627a510bf8c40e6f2e0f799827ba5c7180a44,2022-02-28 14:46:26,14,Silent,S1,S1,False,Medium,6.0,CWE-502;CWE-434,,2021-05-26 19:43:09,2021-08-22 13:57:44,2021-08-23,,277.79394675925926,190.03381944444445,189.6155787037037,After Disclosure,2021,179,0,1002.0,12.0,566.0
CVE-2021-39147,com.thoughtworks.xstream:xstream,org.infinispan:infinispan-server-core,infinispan/infinispan,https://github.com/infinispan/infinispan/commit/d617eec6dfe533cea066961a5afb2340131556d3,2021-08-25 17:49:50,9,Silent,S1,S1,False,Medium,6.0,CWE-502;CWE-434,,2021-05-26 19:43:09,2021-08-22 13:57:44,2021-08-23,,90.92130787037037,3.1611805555555557,2.742939814814815,After Disclosure,2021,179,0,4452.0,97.0,566.0
CVE-2021-39147,com.thoughtworks.xstream:xstream,com.swiftmq:swiftmq-client,iitsoftware/swiftmq-client,https://github.com/iitsoftware/swiftmq-client/commit/9506bd2e6e1163342b52f8c5c99fb9b13c8d90fc,2021-08-25 15:41:07,9,Silent,S1,S1,False,Medium,6.0,CWE-502;CWE-434,,2021-05-26 19:43:09,2021-08-22 13:57:44,2021-08-23,,90.8319212962963,3.0717939814814814,2.6535532407407407,After Disclosure,2021,179,0,149380.0,1984.0,566.0
CVE-2021-39147,com.thoughtworks.xstream:xstream,org.powertac:common,powertac/powertac-core,https://github.com/powertac/powertac-core/commit/bdad13c6c171376de33fdca091023d69f6930e7d,2021-10-05 17:14:44,9,Silent,S1,S1,False,Medium,6.0,CWE-502;CWE-434,,2021-05-26 19:43:09,2021-08-22 13:57:44,2021-08-23,,131.89693287037036,44.136805555555554,43.71856481481481,After Disclosure,2021,179,0,8040.0,110.0,566.0
CVE-2021-39147,com.thoughtworks.xstream:xstream,org.optaplanner:optaplanner-examples,kiegroup/optaplanner,https://github.com/kiegroup/optaplanner/commit/31ec3c3a5aa5a7d05e4f80c0ae6439b1159ea62b,2021-08-31 16:40:48,9,Silent,S1,S1,False,Medium,6.0,CWE-502;CWE-434,,2021-05-26 19:43:09,2021-08-22 13:57:44,2021-08-23,,96.87336805555556,9.113240740740741,8.695,After Disclosure,2021,179,0,43487.0,668.0,566.0
CVE-2021-39147,com.thoughtworks.xstream:xstream,net.ripe.rpki:rpki-commons,RIPE-NCC/rpki-commons,https://github.com/RIPE-NCC/rpki-commons/commit/cb41248bb0e21780857596da401b9a891c6ee1b7,2021-08-26 11:52:31,9,Silent,S1,S1,False,Medium,6.0,CWE-502;CWE-434,,2021-05-26 19:43:09,2021-08-22 13:57:44,2021-08-23,,91.6731712962963,3.9130439814814815,3.494803240740741,After Disclosure,2021,179,0,11426.0,225.0,566.0
CVE-2021-39147,com.thoughtworks.xstream:xstream,com.github.spotbugs:sonar-findbugs-plugin,spotbugs/sonar-findbugs,https://github.com/spotbugs/sonar-findbugs/commit/d4b81e4456be033422c6b1502ef6f8bd5fa1a8c5,2021-08-25 23:07:08,9,Silent,S1,S1,False,Medium,6.0,CWE-502;CWE-434,,2021-05-26 19:43:09,2021-08-22 13:57:44,2021-08-23,,91.14165509259259,3.381527777777778,2.963287037037037,After Disclosure,2021,179,0,13133.0,191.0,566.0
CVE-2021-39147,com.thoughtworks.xstream:xstream,no.mnemonic.messaging:requestsink-jms,mnemonic-no/messaging,https://github.com/mnemonic-no/messaging/commit/d8886c882334c967157a32be125fb0dc9b67f2d2,2021-09-09 08:47:56,9,Silent,S1,S1,False,Medium,6.0,CWE-502;CWE-434,,2021-05-26 19:43:09,2021-08-22 13:57:44,2021-08-23,,105.54498842592592,17.784861111111113,17.36662037037037,After Disclosure,2021,179,0,2679.0,37.0,566.0
CVE-2021-39147,com.thoughtworks.xstream:xstream,org.smooks:smooks-core,smooks/smooks,https://github.com/smooks/smooks/commit/b1412cfcf80e8bf7ddcc1ec709c256387879e6b6,2021-12-01 12:51:41,9,Silent,S1,S1,False,Medium,6.0,CWE-502;CWE-434,,2021-05-26 19:43:09,2021-08-22 13:57:44,2021-08-23,,188.71425925925925,100.95413194444444,100.5358912037037,After Disclosure,2021,179,0,19961.0,350.0,566.0
CVE-2021-39147,com.thoughtworks.xstream:xstream,com.xceptance:xlt,Xceptance/XLT,https://github.com/Xceptance/XLT/commit/1b675b0b83f1e66c98d765f92bf2bae4de5a9369,2021-08-31 15:14:53,9,Silent,S1,S1,False,Medium,6.0,CWE-502;CWE-434,,2021-05-26 19:43:09,2021-08-22 13:57:44,2021-08-23,,96.81370370370371,9.053576388888889,8.635335648148148,After Disclosure,2021,179,0,146667.0,2303.0,566.0
CVE-2017-7561,org.jboss.resteasy:resteasy-jaxrs,com.cerner.beadledom:beadledom-resteasy,cerner/beadledom,https://github.com/cerner/beadledom/commit/5cf30289448648d9ee27e92c31a9ae6233499f19,2018-07-10 15:06:08,1,Silent,S3,T6,True,Medium,5.0,CWE-444,,2017-11-07 18:02:07,2018-01-16 18:02:45,2017-09-13,,244.87778935185185,174.87734953703705,300.62925925925924,After Release,2017,31,0,139.0,5.0,587.0
CVE-2017-7561,org.jboss.resteasy:resteasy-jaxrs,org.wildfly:wildfly-jaxrs,wildfly/wildfly,https://github.com/wildfly/wildfly/commit/2351e40a08d12b2d61a8a777d88c4ecbf3b9c86f,2018-02-14 15:20:41,1,Silent,S3,T6,True,Medium,5.0,CWE-444,,2017-11-07 18:02:07,2018-01-16 18:02:45,2017-09-13,,98.88789351851852,28.887453703703702,154.63936342592592,After Release,2017,31,0,1481.0,22.0,587.0
CVE-2017-7561,org.jboss.resteasy:resteasy-jaxrs,com.alibaba:dubbo,apache/incubator-dubbo,https://github.com/apache/incubator-dubbo/commit/26f39d57ff0d08534971ecdf2e5b4bc46ff5af4e,2018-01-11 07:41:44,3,Silent,S3,T6,True,Medium,5.0,CWE-444,,2017-11-07 18:02:07,2018-01-16 18:02:45,2017-09-13,,64.56917824074074,-5.431261574074074,120.32064814814815,Fix->Release,2017,31,0,67512.0,1015.0,587.0
CVE-2013-6430,org.springframework:spring-web,org.thymeleaf:thymeleaf-spring3,thymeleaf/thymeleaf-spring,https://github.com/thymeleaf/thymeleaf-spring/commit/a82598d31af9b2e518abfada5ecca8248afa5221,2021-12-10 02:51:55,1,Silent,S1,S1,False,Low,3.5,CWE-79,,2013-02-15 06:38:40,2013-03-13 14:14:02,2020-01-10,,3219.8425347222224,3193.52630787037,700.119386574074,After Disclosure,2020,91,0,1684.5,29.5,1239.0
CVE-2016-1000341,org.bouncycastle:bcprov-jdk15on,no.digipost:certificate-validator,digipost/certificate-validator,https://github.com/digipost/certificate-validator/commit/b148ba11c9f9385d612e3d4ccd6d3cad020c07fd,2019-06-05 07:49:09,7,Silent,S1,S1,False,Medium,4.3,CWE-361,,2016-10-15 13:44:15,2016-12-23 15:30:08,2018-06-04,,962.7534027777778,893.6798726851852,366.3257986111111,After Disclosure,2018,155,0,1103.0,24.0,305.0
CVE-2016-1000341,org.bouncycastle:bcprov-jdk15on,net.anotheria:ano-util,anotheria/ano-util,https://github.com/anotheria/ano-util/commit/0635219589847eb0582e222fde326912e521211e,2021-08-13 15:29:15,7,Silent,S1,S1,False,Medium,4.3,CWE-361,,2016-10-15 13:44:15,2016-12-23 15:30:08,2018-06-04,,1763.0729166666667,1693.9993865740742,1166.6453125,After Disclosure,2018,155,0,7703.0,139.0,305.0
CVE-2016-1000341,org.bouncycastle:bcprov-jdk15on,com.cybersource:cybersource-sdk-java,CyberSource/cybersource-sdk-java,https://github.com/CyberSource/cybersource-sdk-java/commit/f1d2a09b85a2294b312b9dbf1733a4df3bb9af9a,2019-03-06 13:51:03,7,Silent,S1,S1,False,Medium,4.3,CWE-361,,2016-10-15 13:44:15,2016-12-23 15:30:08,2018-06-04,,872.0047222222222,802.9311921296296,275.57711805555556,After Disclosure,2018,155,0,2569.0,23.0,305.0
CVE-2016-1000341,org.bouncycastle:bcprov-jdk15on,org.digidoc4j:digidoc4j,open-eid/digidoc4j,https://github.com/open-eid/digidoc4j/commit/78a400c3a59ea787885eb9c9370468bb7ea61c64,2018-02-14 09:04:46,7,Silent,S1,S1,False,Medium,4.3,CWE-361,,2016-10-15 13:44:15,2016-12-23 15:30:08,2018-06-04,,486.80591435185187,417.7323842592593,-109.62168981481481,Release->Disclosure,2018,155,0,11552.0,162.0,305.0
CVE-2016-1000341,org.bouncycastle:bcprov-jdk15on,io.baltoro:client-lib,junaidontable/baltoro.lib,https://github.com/junaidontable/baltoro.lib/commit/7fb0f21ba08ba297824f51f8d54ea11f3ced6ba3,2020-04-28 03:51:57,7,Silent,S1,S1,False,Medium,4.3,CWE-361,,2016-10-15 13:44:15,2016-12-23 15:30:08,2018-06-04,,1290.5886805555556,1221.515150462963,694.1610763888889,After Disclosure,2018,155,0,6771.0,138.0,305.0
CVE-2016-1000341,org.bouncycastle:bcprov-jdk15on,com.augustcellars.cose:cose-java,cose-wg/cose-java,https://github.com/cose-wg/cose-java/commit/4025bdbc51c381f170cd54abf593d5cf8f892c80,2019-07-08 19:44:43,7,Silent,S1,S1,False,Medium,4.3,CWE-361,,2016-10-15 13:44:15,2016-12-23 15:30:08,2018-06-04,,996.2503240740741,927.1767939814815,399.8227199074074,After Disclosure,2018,155,0,2943.0,30.0,305.0
CVE-2016-1000341,org.bouncycastle:bcprov-jdk15on,net.sf.openas2:openas2-server,OpenAS2/OpenAs2App,https://github.com/OpenAS2/OpenAs2App/commit/320e7feb0ff579976f34f2d40d10f34d2d8fde18,2018-06-04 18:16:43,7,Silent,S1,S1,False,Medium,4.3,CWE-361,,2016-10-15 13:44:15,2016-12-23 15:30:08,2018-06-04,,597.189212962963,528.1156828703704,0.7616087962962963,After Disclosure,2018,155,0,15046.0,228.0,305.0
CVE-2016-1000341,org.bouncycastle:bcprov-jdk15on,no.digipost:digipost-api-client-java,digipost/digipost-api-client-java,https://github.com/digipost/digipost-api-client-java/commit/b4be4fb911f048cf08f1b4546250c47143840ae6,2020-09-15 10:59:43,7,Silent,S1,S1,False,Medium,4.3,CWE-361,,2016-10-15 13:44:15,2016-12-23 15:30:08,2018-06-04,,1430.8857407407406,1361.812210648148,834.458136574074,After Disclosure,2018,155,0,7810.0,182.0,305.0
CVE-2016-1000341,org.bouncycastle:bcprov-jdk15on,no.difi.sdp:sikker-digital-post-klient-java,difi/sikker-digital-post-klient,https://github.com/difi/sikker-digital-post-klient/commit/66e3cf656c3e49d5f4f5c00b5cfdb30fcca9fdf3,2019-03-15 13:29:11,7,Silent,S1,S1,False,Medium,4.3,CWE-361,,2016-10-15 13:44:15,2016-12-23 15:30:08,2018-06-04,,880.989537037037,811.9160069444445,284.56193287037036,After Disclosure,2018,155,0,3234.0,120.0,305.0
CVE-2016-1000341,org.bouncycastle:bcprov-jdk15on,org.smallmind:smallmind-nutsnbolts,zenbones/SmallMind,https://github.com/zenbones/SmallMind/commit/487b69edc6fb1249b778f345b4571a349cb5277b,2019-04-23 20:21:49,7,Silent,S1,S1,False,Medium,4.3,CWE-361,,2016-10-15 13:44:15,2016-12-23 15:30:08,2018-06-04,,920.276087962963,851.2025578703704,323.8484837962963,After Disclosure,2018,155,0,13821.0,389.0,305.0
CVE-2016-1000341,org.bouncycastle:bcprov-jdk15on,de.taimos:dvalin-jaxrs,taimos/dvalin,https://github.com/taimos/dvalin/commit/255285f19aef973caa27a2a53204ec9007a8c9dc,2022-01-20 13:02:38,7,Silent,S1,S1,False,Medium,4.3,CWE-361,,2016-10-15 13:44:15,2016-12-23 15:30:08,2018-06-04,,1922.971099537037,1853.8975694444443,1326.5434953703705,After Disclosure,2018,155,0,2164.0,51.0,305.0
CVE-2016-1000341,org.bouncycastle:bcprov-jdk15on,de.alpharogroup:crypt-core,astrapi69/mystic-crypt,https://github.com/astrapi69/mystic-crypt/commit/d53951f5b8b9d538e6e4d17c4b6598e72ce41863,2018-01-06 12:34:33,7,Silent,S1,S1,False,Medium,4.3,CWE-361,,2016-10-15 13:44:15,2016-12-23 15:30:08,2018-06-04,,447.95159722222223,378.87806712962964,-148.47600694444444,Release->Disclosure,2018,155,0,1230.0,45.0,305.0
CVE-2016-1000341,org.bouncycastle:bcprov-jdk15on,io.netty:netty-example,netty/netty,https://github.com/netty/netty/commit/0dc246eb129796313b58c1dbdd674aa289f72cad,2021-01-01 18:31:44,7,Silent,S1,S1,False,Medium,4.3,CWE-361,,2016-10-15 13:44:15,2016-12-23 15:30:08,2018-06-04,,1539.1996412037038,1470.1261111111112,942.7720370370371,After Disclosure,2018,155,0,10870.0,260.0,305.0
CVE-2015-3192,org.springframework:spring-web,org.zalando:fahrschein,zalando-nakadi/fahrschein,https://github.com/zalando-nakadi/fahrschein/commit/77a11a44fe8d8834e0f08b310d434f34f34f3e20,2016-12-07 15:57:57,1,Silent,S1,S1,False,Medium,4.3,CWE-119,,2015-06-30 08:58:03,2015-06-30 10:08:39,2016-07-12,,526.2915972222222,526.2425694444445,148.66524305555555,After Disclosure,2016,101,0,2526.0,67.0,5009.0
CVE-2015-3192,org.springframework:spring-web,com.github.kristofa:brave-resteasy-spring,kristofa/brave,https://github.com/kristofa/brave/commit/6689d58b7ed6ca8ebfdc5113a3bea3c4b302098b,2016-09-12 01:28:03,1,Silent,S1,S1,False,Medium,4.3,CWE-119,,2015-06-30 08:58:03,2015-06-30 10:08:39,2016-07-12,,439.6875,439.6384722222222,62.061145833333335,After Disclosure,2016,101,0,337.0,6.0,5009.0
CVE-2015-3192,org.springframework:spring-web,org.activiti:activiti-app-rest,Activiti/Activiti,https://github.com/Activiti/Activiti/commit/a1c9dbc45b95a03063a25a6105993e63f2ada001,2017-06-08 15:53:09,4,Silent,S1,S1,False,Medium,4.3,CWE-119,,2015-06-30 08:58:03,2015-06-30 10:08:39,2016-07-12,,709.2882638888889,709.2392361111112,331.6619097222222,After Disclosure,2016,101,0,5192.0,64.0,5009.0
CVE-2015-3192,org.springframework:spring-web,org.restler:restler-spring-mvc,excelsior-oss/restler,https://github.com/excelsior-oss/restler/commit/be67ceff1b3f12c37142964e0f6858e0e055f1f7,2016-03-14 06:32:53,1,Silent,S1,S1,False,Medium,4.3,CWE-119,,2015-06-30 08:58:03,2015-06-30 10:08:39,2016-07-12,,257.8991898148148,257.850162037037,-119.72716435185185,Release->Disclosure,2016,101,0,407.0,9.0,5009.0
CVE-2015-3192,org.springframework:spring-web,org.zalando:riptide,zalando/riptide,https://github.com/zalando/riptide/commit/df88756495ccf3796c17c7685b2df903a3b41649,2019-09-02 04:12:46,1,Silent,S1,S1,False,Medium,4.3,CWE-119,,2015-06-30 08:58:03,2015-06-30 10:08:39,2016-07-12,,1524.8018865740742,1524.7528587962963,1147.1755324074074,After Disclosure,2016,101,0,826.5,34.0,5009.0
CVE-2015-3192,org.springframework:spring-web,org.mule.modules:mule-module-builders,mulesoft/mule,https://github.com/mulesoft/mule/commit/4c32ea1bf05bd32cb7c6ee7aaf8cbe18cfcd28d2,2016-08-01 21:47:53,1,Silent,S1,S1,False,Medium,4.3,CWE-119,,2015-06-30 08:58:03,2015-06-30 10:08:39,2016-07-12,,398.5346064814815,398.4855787037037,20.908252314814813,After Disclosure,2016,101,0,441.0,9.5,5009.0
CVE-2015-3192,org.springframework:spring-web,com.erigir:wrench-ape,bitblit/wrench,https://github.com/bitblit/wrench/commit/bb2f1e2ba370d3d683db38c962e4a0626caf480a,2016-05-16 20:24:04,1,Silent,S1,S1,False,Medium,4.3,CWE-119,,2015-06-30 08:58:03,2015-06-30 10:08:39,2016-07-12,,321.47640046296294,321.42737268518516,-56.1499537037037,Release->Disclosure,2016,101,0,895.0,23.5,5009.0
CVE-2015-3192,org.springframework:spring-web,org.wicketstuff:wicketstuff-springreference,wicketstuff/core,https://github.com/wicketstuff/core/commit/65b2ff352ddbc711516c240391f5a797dc326f20,2016-07-17 11:59:50,2,Silent,S1,S1,False,Medium,4.3,CWE-119,,2015-06-30 08:58:03,2015-06-30 10:08:39,2016-07-12,,383.1262384259259,383.07721064814814,5.499884259259259,After Disclosure,2016,101,0,311.0,6.0,5009.0
CVE-2015-3192,org.springframework:spring-web,com.jsmartframework:jsmart-web,jefalbino/jsmart-web,https://github.com/jefalbino/jsmart-web/commit/0ca7e84aa066fb9b35c67430b70280e1339f29d7,2016-09-07 21:04:38,1,Silent,S1,S1,False,Medium,4.3,CWE-119,,2015-06-30 08:58:03,2015-06-30 10:08:39,2016-07-12,,435.50457175925925,435.45554398148147,57.87821759259259,After Disclosure,2016,101,0,17759.0,221.5,5009.0
CVE-2021-36090,org.apache.commons:commons-compress,com.sangupta:jerry-core,sangupta/jerry-core,https://github.com/sangupta/jerry-core/commit/ebc407d3406391432928e28e2ed6268030498529,2021-10-06 16:54:12,3,Silent,S1,S1,False,Medium,5.0,,,2021-07-02 20:00:47,2021-07-09 18:54:09,2021-07-13,,95.87042824074074,88.9167013888889,85.70430555555555,After Disclosure,2021,303,0,9933.0,108.0,186.0
CVE-2021-36090,org.apache.commons:commons-compress,io.github.zlika:reproducible-build-maven-plugin,Zlika/reproducible-build-maven-plugin,https://github.com/Zlika/reproducible-build-maven-plugin/commit/abdb2e5cf1596ca8569b3a6c9f344f5dbb50f984,2021-08-02 18:46:46,1,Silent,S1,S1,False,Medium,5.0,,,2021-07-02 20:00:47,2021-07-09 18:54:09,2021-07-13,,30.948599537037037,23.994872685185186,20.78247685185185,After Disclosure,2021,303,0,1128.0,21.0,186.0
CVE-2021-36090,org.apache.commons:commons-compress,org.hyperledger.fabric-sdk-java:fabric-sdk-java,hyperledger/fabric-sdk-java,https://github.com/hyperledger/fabric-sdk-java/commit/fc05ef2accde5956ce930623d11d5443a4d759cf,2021-08-18 12:16:18,1,Silent,S1,S1,False,Medium,5.0,,,2021-07-02 20:00:47,2021-07-09 18:54:09,2021-07-13,,46.67744212962963,39.72371527777778,36.511319444444446,After Disclosure,2021,303,0,186463.0,1582.5,186.0
CVE-2021-36090,org.apache.commons:commons-compress,de.mediathekview:MLib,mediathekview/MLib,https://github.com/mediathekview/MLib/commit/6d6b143416e68ad072d716b83be92fb8d67794b9,2022-01-06 09:43:37,1,Silent,S1,S1,False,Medium,5.0,,,2021-07-02 20:00:47,2021-07-09 18:54:09,2021-07-13,,187.57141203703705,180.6176851851852,177.40528935185185,After Disclosure,2021,303,0,4261.0,45.0,186.0
CVE-2021-36090,org.apache.commons:commons-compress,nl.jpoint.vertx-deploy-tools:vertx-deploy-agent,msoute/vertx-deploy-mod,https://github.com/msoute/vertx-deploy-mod/commit/5264d7f082e311d7ce8e2cf0f06995a2fe7fddb2,2021-11-05 07:12:41,1,Silent,S1,S1,False,Medium,5.0,,,2021-07-02 20:00:47,2021-07-09 18:54:09,2021-07-13,,125.46659722222222,118.51287037037036,115.30047453703703,After Disclosure,2021,303,0,3619.0,53.0,186.0
CVE-2021-36090,org.apache.commons:commons-compress,no.difi.meldingsutveksling:altinn-client,felleslosninger/efm-integrasjonspunkt,https://github.com/felleslosninger/efm-integrasjonspunkt/commit/a6c99aa2c6e6d53c3e1db9d065d2ae133539e28c,2021-08-02 17:20:30,1,Silent,S1,S1,False,Medium,5.0,,,2021-07-02 20:00:47,2021-07-09 18:54:09,2021-07-13,,30.88869212962963,23.934965277777778,20.722569444444446,After Disclosure,2021,303,0,1643.0,32.0,186.0
CVE-2021-36090,org.apache.commons:commons-compress,org.mycore:mycore-base,MyCoRe-Org/mycore,https://github.com/MyCoRe-Org/mycore/commit/1633caeac533fa1bff81c85aa866c5fd11a55589,2021-09-29 08:20:33,1,Silent,S1,S1,False,Medium,5.0,,,2021-07-02 20:00:47,2021-07-09 18:54:09,2021-07-13,,88.51372685185186,81.56,78.34760416666667,After Disclosure,2021,303,0,50937.0,691.0,186.0
CVE-2021-36090,org.apache.commons:commons-compress,com.googlecode.cmake-maven-project:cmake-binaries-plugin,cmake-maven-project/cmake-maven-project,https://github.com/cmake-maven-project/cmake-maven-project/commit/9a38055bd56d6578ec459764c2cfaba01ca7883c,2021-08-02 17:23:55,1,Silent,S1,S1,False,Medium,5.0,,,2021-07-02 20:00:47,2021-07-09 18:54:09,2021-07-13,,30.891064814814815,23.937337962962964,20.72494212962963,After Disclosure,2021,303,0,479.0,5.0,186.0
CVE-2021-36090,org.apache.commons:commons-compress,org.dkpro.core:dkpro-core-api-resources-asl,dkpro/dkpro-core,https://github.com/dkpro/dkpro-core/commit/3b47a825602994c62094e27461344aabdb7bae27,2021-12-16 07:57:40,1,Silent,S1,S1,False,Medium,5.0,,,2021-07-02 20:00:47,2021-07-09 18:54:09,2021-07-13,,166.49783564814814,159.54410879629629,156.33171296296297,After Disclosure,2021,303,0,2348.0,22.0,186.0
CVE-2021-36090,org.apache.commons:commons-compress,org.opencastproject:opencast-ingest-service-impl,opencast/opencast,https://github.com/opencast/opencast/commit/0cbb23d745ed95b24312e2a27f527926a8d0336f,2021-08-04 16:59:10,1,Silent,S1,S1,False,Medium,5.0,,,2021-07-02 20:00:47,2021-07-09 18:54:09,2021-07-13,,32.87387731481481,25.92015046296296,22.70775462962963,After Disclosure,2021,303,0,21799.0,392.0,186.0
CVE-2021-36090,org.apache.commons:commons-compress,ru.kontur.extern-api:extern-api-java-sdk-common,skbkontur/extern-java-sdk,https://github.com/skbkontur/extern-java-sdk/commit/4db2d95af98518efea5a76ceafa7bfd82ecf3031,2021-08-02 17:16:30,1,Silent,S1,S1,False,Medium,5.0,,,2021-07-02 20:00:47,2021-07-09 18:54:09,2021-07-13,,30.885914351851852,23.9321875,20.719791666666666,After Disclosure,2021,303,0,9264.0,274.0,186.0
CVE-2021-36090,org.apache.commons:commons-compress,jp.co.yahoo.yosegi:yosegi,yahoojapan/yosegi,https://github.com/yahoojapan/yosegi/commit/4f2cb28143d6cccab50c4874d632ddb50eb66433,2022-01-20 07:43:53,1,Silent,S1,S1,False,Medium,5.0,,,2021-07-02 20:00:47,2021-07-09 18:54:09,2021-07-13,,201.4882638888889,194.53453703703704,191.3221412037037,After Disclosure,2021,303,0,28404.5,548.0,186.0
CVE-2021-36090,org.apache.commons:commons-compress,org.exist-db:exist-compression,exist-db/exist,https://github.com/exist-db/exist/commit/92d78b5ea6f0f37f6bc8a0a6553444fe86853fb5,2021-08-02 20:18:43,1,Silent,S1,S1,False,Medium,5.0,,,2021-07-02 20:00:47,2021-07-09 18:54:09,2021-07-13,,31.012453703703702,24.05872685185185,20.84633101851852,After Disclosure,2021,303,0,1216.0,23.0,186.0
CVE-2021-36090,org.apache.commons:commons-compress,com.lithium.flow:flow,lithiumtech/flow,https://github.com/lithiumtech/flow/commit/52e3e4d9c8d8445177b6667094f8767370ad4b2f,2021-08-03 01:30:33,1,Silent,S1,S1,False,Medium,5.0,,,2021-07-02 20:00:47,2021-07-09 18:54:09,2021-07-13,,31.229004629629628,24.275277777777777,21.062881944444445,After Disclosure,2021,303,0,13227.0,293.5,186.0
CVE-2021-36090,org.apache.commons:commons-compress,com.igormaznitsa:mvn-jlink-wrapper,raydac/mvn-jlink,https://github.com/raydac/mvn-jlink/commit/154ffc54592b20e58c4e0a021ad9a9bc52fcc814,2021-11-23 10:21:01,1,Silent,S1,S1,False,Medium,5.0,,,2021-07-02 20:00:47,2021-07-09 18:54:09,2021-07-13,,143.59738425925926,136.6436574074074,133.43126157407409,After Disclosure,2021,303,0,2438.0,34.0,186.0
CVE-2021-36090,org.apache.commons:commons-compress,com.github.nosan:embedded-cassandra,nosan/embedded-cassandra,https://github.com/nosan/embedded-cassandra/commit/254e31b3f639e25959602dd0e8bed7eaf89d9d07,2021-07-13 03:00:34,1,Silent,S1,S1,False,Medium,5.0,,,2021-07-02 20:00:47,2021-07-09 18:54:09,2021-07-13,,10.291516203703704,3.337789351851852,0.12539351851851852,After Disclosure,2021,303,0,4119.0,71.0,186.0
CVE-2021-36090,org.apache.commons:commons-compress,com.aerse.maven:deb-maven-plugin,dernasherbrezon/deb-maven-plugin,https://github.com/dernasherbrezon/deb-maven-plugin/commit/a5443ef941248b95920d4e92c7ad1ac783950e16,2021-08-02 17:10:18,1,Silent,S1,S1,False,Medium,5.0,,,2021-07-02 20:00:47,2021-07-09 18:54:09,2021-07-13,,30.881608796296295,23.927881944444444,20.71548611111111,After Disclosure,2021,303,0,870.0,9.0,186.0
CVE-2021-36090,org.apache.commons:commons-compress,com.igormaznitsa:mvn-golang-wrapper,raydac/mvn-golang,https://github.com/raydac/mvn-golang/commit/14f8b452ec535120dccaa67e521a63f4608c4b73,2021-08-02 20:43:28,1,Silent,S1,S1,False,Medium,5.0,,,2021-07-02 20:00:47,2021-07-09 18:54:09,2021-07-13,,31.029641203703704,24.075914351851853,20.863518518518518,After Disclosure,2021,303,0,3101.0,35.0,186.0
CVE-2021-36090,org.apache.commons:commons-compress,io.kubernetes:client-java,kubernetes-client/java,https://github.com/kubernetes-client/java/commit/63116bc50e1dd803795f625116e31d831856a437,2021-07-14 15:59:21,1,Silent,S1,S1,False,Medium,5.0,,,2021-07-02 20:00:47,2021-07-09 18:54:09,2021-07-13,,11.832337962962963,4.878611111111111,1.6662152777777777,After Disclosure,2021,303,0,5690.0,110.0,186.0
CVE-2021-36090,org.apache.commons:commons-compress,org.rauschig:jarchivelib,thrau/jarchivelib,https://github.com/thrau/jarchivelib/commit/c16c2f0db03f3fc090e2bf57e1b6650412b44316,2021-08-10 11:07:08,1,Silent,S1,S1,False,Medium,5.0,,,2021-07-02 20:00:47,2021-07-09 18:54:09,2021-07-13,,38.62940972222222,31.67568287037037,28.463287037037038,After Disclosure,2021,303,0,1312.0,34.0,186.0
CVE-2021-36090,org.apache.commons:commons-compress,com.openshift:openshift-restclient-java,openshift/openshift-restclient-java,https://github.com/openshift/openshift-restclient-java/commit/48adb95955a89eff53d5243d9a242bafd253d34f,2021-09-01 14:21:24,2,Silent,S1,S1,False,Medium,5.0,,,2021-07-02 20:00:47,2021-07-09 18:54:09,2021-07-13,,60.76431712962963,53.81059027777778,50.598194444444445,After Disclosure,2021,303,0,14451.0,396.0,186.0
CVE-2021-36090,org.apache.commons:commons-compress,com.credibledoc:credible-doc-generator,credibledoc/credible-doc,https://github.com/credibledoc/credible-doc/commit/698b3ca0a2604c076fdf3e43cb080e7f128c20fe,2021-08-01 16:20:56,1,Silent,S1,S1,False,Medium,5.0,,,2021-07-02 20:00:47,2021-07-09 18:54:09,2021-07-13,,29.847326388888888,22.893599537037037,19.681203703703705,After Disclosure,2021,303,0,4206.0,75.0,186.0
CVE-2021-36090,org.apache.commons:commons-compress,org.deeplearning4j:deeplearning4j-modelexport-solr,eclipse/deeplearning4j,https://github.com/eclipse/deeplearning4j/commit/44aafa8ec8e4d861cb70c002c6288df593f65cf2,2021-12-02 01:52:17,2,Silent,S1,S1,False,Medium,5.0,,,2021-07-02 20:00:47,2021-07-09 18:54:09,2021-07-13,,152.24409722222222,145.29037037037037,142.07797453703705,After Disclosure,2021,303,0,262.0,2.0,186.0
CVE-2021-36090,org.apache.commons:commons-compress,org.neo4j:neo4j-dbms,neo4j/neo4j,https://github.com/neo4j/neo4j/commit/170a2f3714e1e2e67a1c801ddcf93fca9278cf15,2021-08-06 08:54:25,1,Silent,S1,S1,False,Medium,5.0,,,2021-07-02 20:00:47,2021-07-09 18:54:09,2021-07-13,,34.53724537037037,27.583518518518517,24.371122685185185,After Disclosure,2021,303,0,2410.0,50.0,186.0
CVE-2021-36090,org.apache.commons:commons-compress,de.flapdoodle.embed:de.flapdoodle.embed.process,flapdoodle-oss/de.flapdoodle.embed.process,https://github.com/flapdoodle-oss/de.flapdoodle.embed.process/commit/2e9454429e270879a4338dd99da9d6f0b4ccf961,2021-08-02 17:13:43,1,Silent,S1,S1,False,Medium,5.0,,,2021-07-02 20:00:47,2021-07-09 18:54:09,2021-07-13,,30.88398148148148,23.93025462962963,20.717858796296298,After Disclosure,2021,303,0,4388.0,153.0,186.0
CVE-2021-36090,org.apache.commons:commons-compress,org.idpf:epubcheck,w3c/epubcheck,https://github.com/w3c/epubcheck/commit/58a61935a8fdd2875539be58dc6bc1ed87615740,2021-11-12 09:09:01,1,Silent,S1,S1,False,Medium,5.0,,,2021-07-02 20:00:47,2021-07-09 18:54:09,2021-07-13,,132.54738425925925,125.5936574074074,122.38126157407407,After Disclosure,2021,303,0,21896.5,402.0,186.0
CVE-2021-36090,org.apache.commons:commons-compress,org.cloudfoundry:cloudfoundry-util,cloudfoundry/cf-java-client,https://github.com/cloudfoundry/cf-java-client/commit/3c83978689d04e9b6c603ee5459ed6354c6a6cf0,2021-08-26 12:19:35,1,Silent,S1,S1,False,Medium,5.0,,,2021-07-02 20:00:47,2021-07-09 18:54:09,2021-07-13,,54.679722222222225,47.72599537037037,44.51359953703704,After Disclosure,2021,303,0,1029.5,42.0,186.0
CVE-2021-36090,org.apache.commons:commons-compress,io.dekorate:dekorate-core,dekorateio/dekorate,https://github.com/dekorateio/dekorate/commit/ada145a3a61bd960d319f0a85bdfd04669638d4b,2021-11-05 13:22:59,1,Silent,S1,S1,False,Medium,5.0,,,2021-07-02 20:00:47,2021-07-09 18:54:09,2021-07-13,,125.72375,118.77002314814816,115.55762731481481,After Disclosure,2021,303,0,22369.0,353.0,186.0
CVE-2021-36090,org.apache.commons:commons-compress,com.blinkfox:jpack-maven-plugin,blinkfox/jpack-maven-plugin,https://github.com/blinkfox/jpack-maven-plugin/commit/76a761029ab4fa4002f7de37166228041ef4a567,2021-08-02 17:17:09,1,Silent,S1,S1,False,Medium,5.0,,,2021-07-02 20:00:47,2021-07-09 18:54:09,2021-07-13,,30.88636574074074,23.93263888888889,20.720243055555557,After Disclosure,2021,303,0,1530.0,27.0,186.0
CVE-2021-36090,org.apache.commons:commons-compress,com.kiwigrid:helm-maven-plugin,kokuwaio/helm-maven-plugin,https://github.com/kokuwaio/helm-maven-plugin/commit/8eb3e861d4647f1edab10e2090f8d141cbd88b11,2021-08-02 17:17:37,1,Silent,S1,S1,False,Medium,5.0,,,2021-07-02 20:00:47,2021-07-09 18:54:09,2021-07-13,,30.886689814814815,23.932962962962964,20.72056712962963,After Disclosure,2021,303,0,826.0,12.0,186.0
CVE-2021-36090,org.apache.commons:commons-compress,ca.uhn.hapi.fhir:hapi-fhir-cli-api,hapifhir/hapi-fhir,https://github.com/hapifhir/hapi-fhir/commit/07cb3ff42770b0d74c63fb8bffe2a35057de9df6,2021-07-27 13:14:05,1,Silent,S1,S1,False,Medium,5.0,,,2021-07-02 20:00:47,2021-07-09 18:54:09,2021-07-13,,24.717569444444443,17.763842592592592,14.551446759259258,After Disclosure,2021,303,0,3387.0,32.0,186.0
CVE-2021-36090,org.apache.commons:commons-compress,com.github.eirslett:frontend-plugin-core,eirslett/frontend-maven-plugin,https://github.com/eirslett/frontend-maven-plugin/commit/6f1a1e2257661d20e3d82ddde3c5e990adde9159,2021-08-02 17:05:09,1,Silent,S1,S1,False,Medium,5.0,,,2021-07-02 20:00:47,2021-07-09 18:54:09,2021-07-13,,30.878032407407407,23.924305555555556,20.711909722222224,After Disclosure,2021,303,0,2097.0,57.0,186.0
CVE-2021-36090,org.apache.commons:commons-compress,com.graphhopper:graphhopper-tools,graphhopper/graphhopper,https://github.com/graphhopper/graphhopper/commit/b7daa6ecbd3b641da4f97eb23bb15a60c2350086,2021-08-23 10:53:57,1,Silent,S1,S1,False,Medium,5.0,,,2021-07-02 20:00:47,2021-07-09 18:54:09,2021-07-13,,51.62025462962963,44.66652777777778,41.45413194444444,After Disclosure,2021,303,0,1730.5,36.0,186.0
CVE-2021-36090,org.apache.commons:commons-compress,com.github.bld-commons.excel:generator-excel,bld-commons/dev-excel,https://github.com/bld-commons/dev-excel/commit/6b3b31ea2c184ca6ca838e93d42a92a34cf636db,2021-08-10 12:51:44,1,Silent,S1,S1,False,Medium,5.0,,,2021-07-02 20:00:47,2021-07-09 18:54:09,2021-07-13,,38.70204861111111,31.74832175925926,28.535925925925927,After Disclosure,2021,303,0,8123.0,129.0,186.0
CVE-2021-36090,org.apache.commons:commons-compress,io.wcm.tooling.commons:io.wcm.tooling.commons.crx-packmgr-helper,wcm-io/io.wcm.tooling.commons.crx-packmgr-helper,https://github.com/wcm-io/io.wcm.tooling.commons.crx-packmgr-helper/commit/3629548d208df80d9321af2ce04602c22fc4a148,2021-08-06 17:28:37,1,Silent,S1,S1,False,Medium,5.0,,,2021-07-02 20:00:47,2021-07-09 18:54:09,2021-07-13,,34.89432870370371,27.940601851851852,24.72820601851852,After Disclosure,2021,303,0,2255.0,44.0,186.0
CVE-2021-36090,org.apache.commons:commons-compress,com.qcloud.oceanus:flink-core,apache/flink,https://github.com/apache/flink/commit/73db546e713e39907b3b4608e6d460607fe13a05,2021-09-08 11:23:09,1,Silent,S1,S1,False,Medium,5.0,,,2021-07-02 20:00:47,2021-07-09 18:54:09,2021-07-13,,67.6405324074074,60.68680555555556,57.47440972222222,After Disclosure,2021,303,0,475524.0,1178.0,186.0
CVE-2021-36090,org.apache.commons:commons-compress,org.fedoraproject.xmvn:xmvn-install,fedora-java/xmvn,https://github.com/fedora-java/xmvn/commit/ad0991a3143e8118dd7741e6a30b258572f61b64,2021-07-15 06:43:57,1,Silent,S1,S1,False,Medium,5.0,,,2021-07-02 20:00:47,2021-07-09 18:54:09,2021-07-13,,12.446643518518519,5.492916666666667,2.2805208333333336,After Disclosure,2021,303,0,2457.0,61.0,186.0
CVE-2021-36090,org.apache.commons:commons-compress,org.spdx:spdx-tools,spdx/tools,https://github.com/spdx/tools/commit/ea4e4787d89e25d9ff2ac39dd4733c34f2135c15,2021-08-02 17:17:12,1,Silent,S1,S1,False,Medium,5.0,,,2021-07-02 20:00:47,2021-07-09 18:54:09,2021-07-13,,30.886400462962964,23.93267361111111,20.720277777777778,After Disclosure,2021,303,0,37000.0,247.0,186.0
CVE-2021-36090,org.apache.commons:commons-compress,org.appng:appng-core,appNG/appng,https://github.com/appNG/appng/commit/a70674c40aee0b45844ac3973923d6441583835f,2021-08-10 09:57:47,1,Silent,S1,S1,False,Medium,5.0,,,2021-07-02 20:00:47,2021-07-09 18:54:09,2021-07-13,,38.58125,31.62752314814815,28.415127314814814,After Disclosure,2021,303,0,19802.0,231.0,186.0
CVE-2021-36090,org.apache.commons:commons-compress,org.apache.any23:apache-any23-core,apache/any23,https://github.com/apache/any23/commit/097a3eb58c403e2201fd651bfdc21b7f28a955e5,2021-11-03 23:12:00,1,Silent,S1,S1,False,Medium,5.0,,,2021-07-02 20:00:47,2021-07-09 18:54:09,2021-07-13,,124.13278935185186,117.1790625,113.96666666666667,After Disclosure,2021,303,0,16195.0,266.0,186.0
CVE-2021-36090,org.apache.commons:commons-compress,com.heroku.sdk:heroku-deploy,heroku/heroku-maven-plugin,https://github.com/heroku/heroku-maven-plugin/commit/f8e49e9817f230b7bb7ba79dff948dc9bbdf911a,2021-08-09 11:41:09,1,Silent,S1,S1,False,Medium,5.0,,,2021-07-02 20:00:47,2021-07-09 18:54:09,2021-07-13,,37.65303240740741,30.699305555555554,27.486909722222222,After Disclosure,2021,303,0,1509.0,28.0,186.0
CVE-2021-36090,org.apache.commons:commons-compress,org.vafer:jdeb,tcurdt/jdeb,https://github.com/tcurdt/jdeb/commit/33eb693c653c8b1aba38df8606c87dd66247a351,2021-07-16 17:27:56,1,Silent,S1,S1,False,Medium,5.0,,,2021-07-02 20:00:47,2021-07-09 18:54:09,2021-07-13,,13.893854166666667,6.940127314814815,3.7277314814814817,After Disclosure,2021,303,0,107149.0,1308.0,186.0
CVE-2021-36090,org.apache.commons:commons-compress,org.powertac:logtool-core,powertac/powertac-server,https://github.com/powertac/powertac-server/commit/388f063ce9ec4f71b011c0fd29988842b736646b,2021-08-02 17:15:50,1,Silent,S1,S1,False,Medium,5.0,,,2021-07-02 20:00:47,2021-07-09 18:54:09,2021-07-13,,30.88545138888889,23.931724537037038,20.719328703703702,After Disclosure,2021,303,0,985.0,18.0,186.0
CVE-2021-36090,org.apache.commons:commons-compress,org.orbisgis:h2gis,orbisgis/H2GIS,https://github.com/orbisgis/H2GIS/commit/0e5610c73caa08127ae2352f4449d4139b401b1b,2021-12-06 15:13:13,1,Silent,S1,S1,False,Medium,5.0,,,2021-07-02 20:00:47,2021-07-09 18:54:09,2021-07-13,,156.80030092592594,149.84657407407408,146.63417824074074,After Disclosure,2021,303,0,20551.0,323.0,186.0
CVE-2021-36090,org.apache.commons:commons-compress,io.spring.initializr:initializr-web,spring-io/initializr,https://github.com/spring-io/initializr/commit/a8166b2ba8a62bd84d5af0186d275c981657c9a9,2021-08-21 05:22:24,1,Silent,S1,S1,False,Medium,5.0,,,2021-07-02 20:00:47,2021-07-09 18:54:09,2021-07-13,,49.39001157407407,42.436284722222226,39.22388888888889,After Disclosure,2021,303,0,2163.0,44.0,186.0
CVE-2021-36090,org.apache.commons:commons-compress,org.dishevelled:dsh-compress,heuermh/dishevelled,https://github.com/heuermh/dishevelled/commit/47cd04d60958928a6fb3566441026dc8abdcdc13,2021-07-23 02:42:00,1,Silent,S1,S1,False,Medium,5.0,,,2021-07-02 20:00:47,2021-07-09 18:54:09,2021-07-13,,20.278622685185184,13.324895833333333,10.1125,After Disclosure,2021,303,0,366.0,19.0,186.0
CVE-2021-36090,org.apache.commons:commons-compress,no.difi.sdp:sikker-digital-post-klient-java,difi/sikker-digital-post-klient,https://github.com/difi/sikker-digital-post-klient/commit/784737297bb4f9c53831e6c9429e50da763bc92d,2021-09-03 07:05:04,1,Silent,S1,S1,False,Medium,5.0,,,2021-07-02 20:00:47,2021-07-09 18:54:09,2021-07-13,,62.46130787037037,55.50758101851852,52.29518518518518,After Disclosure,2021,303,0,3234.0,120.0,186.0
CVE-2021-36090,org.apache.commons:commons-compress,fr.inria.gforge.spoon:spoon-core,INRIA/spoon,https://github.com/INRIA/spoon/commit/2806a94f56051ac94935090819eef98e5e0de386,2021-07-16 06:44:13,1,Silent,S1,S1,False,Medium,5.0,,,2021-07-02 20:00:47,2021-07-09 18:54:09,2021-07-13,,13.446828703703703,6.4931018518518515,3.2807060185185186,After Disclosure,2021,303,0,62871.5,1106.5,186.0
CVE-2021-36090,org.apache.commons:commons-compress,io.archivesunleashed:aut,archivesunleashed/aut,https://github.com/archivesunleashed/aut/commit/11772119e86133fd4fe453c7a895b8808f761844,2022-05-24 18:14:00,1,Silent,S1,S1,False,Medium,5.0,,,2021-07-02 20:00:47,2021-07-09 18:54:09,2021-07-13,,325.9258449074074,318.97211805555554,315.7597222222222,After Disclosure,2021,303,0,9271.0,298.0,186.0
CVE-2021-36090,org.apache.commons:commons-compress,io.zonky.test:embedded-postgres,zonkyio/embedded-postgres,https://github.com/zonkyio/embedded-postgres/commit/817953be1d67a1efb47140c93547e439e8fa3207,2021-08-11 22:56:16,1,Silent,S1,S1,False,Medium,5.0,,,2021-07-02 20:00:47,2021-07-09 18:54:09,2021-07-13,,40.12186342592592,33.168136574074076,29.95574074074074,After Disclosure,2021,303,0,1653.5,25.0,186.0
CVE-2021-36090,org.apache.commons:commons-compress,com.axway.ats.framework:ats-core,Axway/ats-framework,https://github.com/Axway/ats-framework/commit/968ce07b199dbd4c02f6018d0600a39f05690e77,2021-09-30 15:17:49,1,Silent,S1,S1,False,Medium,5.0,,,2021-07-02 20:00:47,2021-07-09 18:54:09,2021-07-13,,89.80349537037037,82.84976851851852,79.63737268518518,After Disclosure,2021,303,0,18906.0,210.0,186.0
CVE-2021-36090,org.apache.commons:commons-compress,org.owasp:dependency-check-core,jeremylong/DependencyCheck,https://github.com/jeremylong/DependencyCheck/commit/7df0c385f9a31301f3884c5ad1f11749c2ca7ec2,2021-07-20 11:14:55,1,Silent,S1,S1,False,Medium,5.0,,,2021-07-02 20:00:47,2021-07-09 18:54:09,2021-07-13,,17.634814814814813,10.681087962962962,7.46869212962963,After Disclosure,2021,303,0,20066.0,227.5,186.0
CVE-2021-36090,org.apache.commons:commons-compress,com.xenoamess.docker:docker-client,XenoAmess/docker-client,https://github.com/XenoAmess/docker-client/commit/acba5646797051c1a2f16a626e76095e551e9481,2022-01-19 16:05:41,2,Silent,S1,S1,False,Medium,5.0,,,2021-07-02 20:00:47,2021-07-09 18:54:09,2021-07-13,,200.83673611111112,193.88300925925927,190.67061342592592,After Disclosure,2021,303,0,31156.0,619.0,186.0
CVE-2021-36090,org.apache.commons:commons-compress,org.beangle.ems:beangle-ems-core,beangle/beangle3,https://github.com/beangle/beangle3/commit/a55fac584806752d5cf66495b4e95e1d7db78fe8,2022-04-14 13:34:33,1,Silent,S1,S1,False,Medium,5.0,,,2021-07-02 20:00:47,2021-07-09 18:54:09,2021-07-13,,285.7317824074074,278.77805555555557,275.5656597222222,After Disclosure,2021,303,0,2472.0,58.0,186.0
CVE-2021-36090,org.apache.commons:commons-compress,org.mandas:docker-client,dmandalidis/docker-client,https://github.com/dmandalidis/docker-client/commit/7b079858d92e99c2e97e326747740a8943936a96,2021-07-15 04:16:42,1,Silent,S1,S1,False,Medium,5.0,,,2021-07-02 20:00:47,2021-07-09 18:54:09,2021-07-13,,12.344386574074074,5.390659722222222,2.178263888888889,After Disclosure,2021,303,0,30927.0,619.0,186.0
CVE-2021-36090,org.apache.commons:commons-compress,io.fabric8:kubernetes-client,fabric8io/kubernetes-client,https://github.com/fabric8io/kubernetes-client/commit/7044437c70cb12482ebf91dde69884f6a60aaea6,2021-07-16 08:52:17,1,Silent,S1,S1,False,Medium,5.0,,,2021-07-02 20:00:47,2021-07-09 18:54:09,2021-07-13,,13.535763888888889,6.582037037037037,3.369641203703704,After Disclosure,2021,303,0,23100.0,416.0,186.0
CVE-2021-21346,com.thoughtworks.xstream:xstream,org.wicketstuff:jqplot4java,wicketstuff/core,https://github.com/wicketstuff/core/commit/8e386bd8dd2411f31c66bd45717f32fb40f9ad75,2021-03-23 06:56:31,4,Silent,S1,S1,False,High,7.5,CWE-502;CWE-434,,2021-03-09 23:55:45,2021-03-13 00:22:38,2021-03-22,,13.292199074074073,10.273530092592592,1.2892476851851853,After Disclosure,2021,179,0,6072.0,85.0,542.0
CVE-2021-21346,com.thoughtworks.xstream:xstream,io.quarkus:quarkus-junit5,quarkusio/quarkus,https://github.com/quarkusio/quarkus/commit/2e61de4423803616d2a17ec25ac398b754005fd1,2021-03-15 22:06:04,4,Silent,S1,S1,False,High,7.5,CWE-502;CWE-434,,2021-03-09 23:55:45,2021-03-13 00:22:38,2021-03-22,,5.923831018518518,2.9051620370370372,-6.0791203703703705,Release->Disclosure,2021,179,0,1063.0,31.0,542.0
CVE-2021-21346,com.thoughtworks.xstream:xstream,org.patterntesting:patterntesting-rt,oboehm/PatternTesting2,https://github.com/oboehm/PatternTesting2/commit/23be204ec99d64604a7122c4f8cefb423ba6a340,2021-05-18 20:26:17,3,Silent,S1,S1,False,High,7.5,CWE-502;CWE-434,,2021-03-09 23:55:45,2021-03-13 00:22:38,2021-03-22,,69.85453703703703,66.83586805555555,57.851585648148145,After Disclosure,2021,179,0,11982.0,199.0,542.0
CVE-2021-21346,com.thoughtworks.xstream:xstream,net.ripe.rpki:rpki-commons,RIPE-NCC/rpki-commons,https://github.com/RIPE-NCC/rpki-commons/commit/7a2a808255688e09b67641e17abaa26a9ea163be,2021-03-22 23:46:26,4,Silent,S1,S1,False,High,7.5,CWE-502;CWE-434,,2021-03-09 23:55:45,2021-03-13 00:22:38,2021-03-22,,12.993530092592593,9.97486111111111,0.9905787037037037,After Disclosure,2021,179,0,11426.0,225.0,542.0
CVE-2021-21346,com.thoughtworks.xstream:xstream,com.btc-ag.redg:redg-generator,btc-ag/redg,https://github.com/btc-ag/redg/commit/c47593c9b555254a369d2f5dc2d6fcfc21be7d3d,2021-06-06 14:20:45,5,Silent,S1,S1,False,High,7.5,CWE-502;CWE-434,,2021-03-09 23:55:45,2021-03-13 00:22:38,2021-03-22,,88.60069444444444,85.58202546296296,76.59774305555555,After Disclosure,2021,179,0,1890.0,43.0,542.0
CVE-2021-21346,com.thoughtworks.xstream:xstream,com.sangupta:jerry-core,sangupta/jerry-core,https://github.com/sangupta/jerry-core/commit/380b8ce5df0ffb3edf334d129d58deb200802fee,2021-08-25 15:34:34,10,Silent,S1,S1,False,High,7.5,CWE-502;CWE-434,,2021-03-09 23:55:45,2021-03-13 00:22:38,2021-03-22,,168.65195601851852,165.63328703703704,156.64900462962962,After Disclosure,2021,179,0,9933.0,108.0,542.0
CVE-2021-21346,com.thoughtworks.xstream:xstream,org.smooks:smooks-all,smooks/smooks,https://github.com/smooks/smooks/commit/eb9cf831fe330ee8271612e2a3dbeb4ef0da2199,2021-03-22 18:24:46,4,Silent,S1,S1,False,High,7.5,CWE-502;CWE-434,,2021-03-09 23:55:45,2021-03-13 00:22:38,2021-03-22,,12.770150462962963,9.751481481481482,0.7671990740740741,After Disclosure,2021,179,0,25018.0,475.0,542.0
CVE-2021-21346,com.thoughtworks.xstream:xstream,com.xceptance:xlt,Xceptance/XLT,https://github.com/Xceptance/XLT/commit/c11b5e4a66dad8b821f68be09d1cf4de90630753,2021-06-02 12:44:03,5,Silent,S1,S1,False,High,7.5,CWE-502;CWE-434,,2021-03-09 23:55:45,2021-03-13 00:22:38,2021-03-22,,84.53354166666666,81.51487268518518,72.53059027777778,After Disclosure,2021,179,0,146667.0,2303.0,542.0
CVE-2021-21346,com.thoughtworks.xstream:xstream,com.github.psi-probe:psi-probe-core,psi-probe/psi-probe,https://github.com/psi-probe/psi-probe/commit/7fab8b106f725eab6eebb2bd99188605c105a2f7,2021-03-15 05:47:19,4,Silent,S1,S1,False,High,7.5,CWE-502;CWE-434,,2021-03-09 23:55:45,2021-03-13 00:22:38,2021-03-22,,5.244143518518518,2.2254745370370372,-6.7588078703703705,Release->Disclosure,2021,179,0,19822.0,302.0,542.0
CVE-2021-21346,com.thoughtworks.xstream:xstream,org.kie.kogito:drools-compiler,kiegroup/kogito-runtimes,https://github.com/kiegroup/kogito-runtimes/commit/be534eb1bf87d95083fc9caa90b680b40f42c749,2021-05-15 06:57:43,13,Silent,S1,S1,False,High,7.5,CWE-502;CWE-434,,2021-03-09 23:55:45,2021-03-13 00:22:38,2021-03-22,,66.29303240740741,63.27436342592593,54.29008101851852,After Disclosure,2021,179,0,97108.0,770.0,542.0
CVE-2021-21346,com.thoughtworks.xstream:xstream,ro.pippo:pippo-xstream,pippo-java/pippo,https://github.com/pippo-java/pippo/commit/58397c14e558073bc4f934d0a84685d8e9f39ac7,2021-05-19 09:02:02,5,Silent,S1,S1,False,High,7.5,CWE-502;CWE-434,,2021-03-09 23:55:45,2021-03-13 00:22:38,2021-03-22,,70.37936342592593,67.36069444444445,58.376412037037035,After Disclosure,2021,179,0,47.0,2.0,542.0
CVE-2021-21346,com.thoughtworks.xstream:xstream,org.javalite:javalite-async,javalite/activejdbc,https://github.com/javalite/activejdbc/commit/9d6517b4d1ba17fb6571c4abd369795fca7287ce,2021-04-20 21:36:46,5,Silent,S1,S1,False,High,7.5,CWE-502;CWE-434,,2021-03-09 23:55:45,2021-03-13 00:22:38,2021-03-22,,41.9034837962963,38.88481481481482,29.900532407407407,After Disclosure,2021,179,0,1147.0,13.0,542.0
CVE-2021-21346,com.thoughtworks.xstream:xstream,no.mnemonic.messaging:requestsink-jms,mnemonic-no/messaging,https://github.com/mnemonic-no/messaging/commit/ad1d2ddde0f14edbade60c0c50acc40813048778,2021-04-19 13:56:09,4,Silent,S1,S1,False,High,7.5,CWE-502;CWE-434,,2021-03-09 23:55:45,2021-03-13 00:22:38,2021-03-22,,40.58361111111111,37.56494212962963,28.580659722222222,After Disclosure,2021,179,0,2679.0,37.0,542.0
CVE-2021-21346,com.thoughtworks.xstream:xstream,org.powertac:common,powertac/powertac-core,https://github.com/powertac/powertac-core/commit/182d71556780cd823d9247b747e35df336090698,2021-03-22 23:48:47,4,Silent,S1,S1,False,High,7.5,CWE-502;CWE-434,,2021-03-09 23:55:45,2021-03-13 00:22:38,2021-03-22,,12.995162037037037,9.976493055555556,0.9922106481481482,After Disclosure,2021,179,0,8040.0,110.0,542.0
CVE-2021-21346,com.thoughtworks.xstream:xstream,org.neo4j.build.plugins:licensing-maven-plugin,neo4j/licensing-maven-plugin,https://github.com/neo4j/licensing-maven-plugin/commit/26a039e7f2d41eada122c97686b5b0f0553d5538,2021-04-23 06:57:29,5,Silent,S1,S1,False,High,7.5,CWE-502;CWE-434,,2021-03-09 23:55:45,2021-03-13 00:22:38,2021-03-22,,44.29287037037037,41.27420138888889,32.289918981481485,After Disclosure,2021,179,0,1627.0,14.0,542.0
CVE-2021-21346,com.thoughtworks.xstream:xstream,de.alpharogroup:email-tails,lightblueseas/email-tails,https://github.com/lightblueseas/email-tails/commit/997627a510bf8c40e6f2e0f799827ba5c7180a44,2022-02-28 14:46:26,14,Silent,S1,S1,False,High,7.5,CWE-502;CWE-434,,2021-03-09 23:55:45,2021-03-13 00:22:38,2021-03-22,,355.6185300925926,352.5998611111111,343.6155787037037,After Disclosure,2021,179,0,1002.0,12.0,542.0
CVE-2021-21346,com.thoughtworks.xstream:xstream,com.swiftmq:swiftmq-client,iitsoftware/swiftmq-client,https://github.com/iitsoftware/swiftmq-client/commit/10eb973b3cfc9c5afa58868326306efcf2b82413,2021-03-22 23:52:39,4,Silent,S1,S1,False,High,7.5,CWE-502;CWE-434,,2021-03-09 23:55:45,2021-03-13 00:22:38,2021-03-22,,12.997847222222223,9.97917824074074,0.9948958333333333,After Disclosure,2021,179,0,149380.0,1984.0,542.0
CVE-2021-21346,com.thoughtworks.xstream:xstream,org.ikasan:ikasan-filetransfer-common,ikasanEIP/ikasan,https://github.com/ikasanEIP/ikasan/commit/f3046e83a2231cc76d98c01c8fecc3715229b468,2021-05-04 20:07:15,6,Silent,S1,S1,False,High,7.5,CWE-502;CWE-434,,2021-03-09 23:55:45,2021-03-13 00:22:38,2021-03-22,,55.841319444444444,52.82265046296296,43.838368055555556,After Disclosure,2021,179,0,2737.0,43.0,542.0
CVE-2021-21346,com.thoughtworks.xstream:xstream,com.thankjava.toolkit3d:fast-toolkit3d,lazy-koala/java-toolkit,https://github.com/lazy-koala/java-toolkit/commit/16d615c76b02bc1b470e1adfe1ef8e2894e196e4,2021-03-22 23:46:33,5,Silent,S1,S1,False,High,7.5,CWE-502;CWE-434,,2021-03-09 23:55:45,2021-03-13 00:22:38,2021-03-22,,12.993611111111111,9.97494212962963,0.9906597222222222,After Disclosure,2021,179,0,3457.0,53.0,542.0
CVE-2021-21346,com.thoughtworks.xstream:xstream,com.github.spotbugs:sonar-findbugs-plugin,spotbugs/sonar-findbugs,https://github.com/spotbugs/sonar-findbugs/commit/046b7c1ba7d0411c201f4fad61145950614e093a,2021-05-19 04:10:58,4,Silent,S1,S1,False,High,7.5,CWE-502;CWE-434,,2021-03-09 23:55:45,2021-03-13 00:22:38,2021-03-22,,70.17723379629629,67.15856481481481,58.17428240740741,After Disclosure,2021,179,0,13133.0,191.0,542.0
CVE-2021-21346,com.thoughtworks.xstream:xstream,org.infinispan:infinispan-server-core,infinispan/infinispan,https://github.com/infinispan/infinispan/commit/172f2d3831fefcb1a018bd4090232f74c59a44dd,2021-03-18 07:16:58,4,Silent,S1,S1,False,High,7.5,CWE-502;CWE-434,,2021-03-09 23:55:45,2021-03-13 00:22:38,2021-03-22,,8.306400462962962,5.287731481481481,-3.696550925925926,Release->Disclosure,2021,179,0,4452.0,97.0,542.0
CVE-2016-3720,com.fasterxml.jackson.dataformat:jackson-dataformat-xml,org.wisdom-framework:wisdom-executors,wisdom-framework/wisdom,https://github.com/wisdom-framework/wisdom/commit/2546f6af8d426c186c3ee2863c2ada5f05f09c98,2020-06-30 21:24:51,1,Transparent,T1,T1,False,High,7.5,,2016-04-14 23:52:40,2016-04-14 22:11:02,2016-04-29 09:46:32,2016-06-10,1537.8973495370371,1537.9679282407408,1523.4849421296296,1481.8922569444444,After Disclosure,2016,14,0,1788.0,24.0,136.0
CVE-2016-3720,com.fasterxml.jackson.dataformat:jackson-dataformat-xml,org.esbtools.message.admin:esb-message-admin-rest-save-client,esbtools/esb-message-admin,https://github.com/esbtools/esb-message-admin/commit/950738d45d1e0223ff6258974758a161bd891ee7,2017-03-14 09:11:06,1,Transparent,T1,T1,False,High,7.5,,2016-04-14 23:52:40,2016-04-14 22:11:02,2016-04-29 09:46:32,2016-06-10,333.38780092592594,333.45837962962963,318.9753935185185,277.3827083333333,After Disclosure,2016,14,0,93.0,3.0,136.0
CVE-2018-18928,com.ibm.icu:icu4j,org.mycore:mycore-base,MyCoRe-Org/mycore,https://github.com/MyCoRe-Org/mycore/commit/64d7e8a3323e77ac28e049b39abe7be4f0bd3631,2019-12-04 18:10:45,2,Transparent,T2,T2,False,High,7.5,CWE-190,2018-10-31 20:37:09,2018-10-31 18:11:18,2019-04-11 12:04:36,2018-11-04,398.8983333333333,398.9996180555556,237.25427083333332,395.7574652777778,After Release,2018,33,0,50937.0,691.0,176.0
CVE-2021-30179,org.apache.dubbo:dubbo,org.aoju:bus-tracer,aoju/bus,https://github.com/aoju/bus/commit/c9f47a5b60ab8cf1a2123816a2cf8659661c31de,2021-05-31 02:03:30,1,Transparent,T1,T1,False,High,7.5,CWE-502,2020-09-12 09:28:45,2020-10-05 16:40:29,2021-02-08 00:21:30,2021-06-01,260.6907986111111,237.3909837962963,112.07083333333334,-0.9142361111111111,Release->Disclosure,2021,23,0,2646.0,72.0,31807.0
CVE-2021-30179,org.apache.dubbo:dubbo,com.alibaba.csp:sentinel-apache-dubbo-adapter,alibaba/Sentinel,https://github.com/alibaba/Sentinel/commit/0a287fe84f56dff6972e997695d8293931df2079,2021-12-13 01:50:31,2,Transparent,T1,T1,False,High,7.5,CWE-502,2020-09-12 09:28:45,2020-10-05 16:40:29,2021-02-08 00:21:30,2021-06-01,456.6817824074074,433.3819675925926,308.0618171296296,195.07674768518518,After Disclosure,2021,23,0,312.0,10.0,31807.0
CVE-2016-6806,org.apache.wicket:wicket-core,org.wicketstuff:wicketstuff-openlayers3-bootstrap,wicketstuff/core,https://github.com/wicketstuff/core/commit/24a454ec6c5e8cf20fe89b2594c161fb64c4be71,2017-08-03 02:32:33,1,Silent,S1,S1,False,Medium,6.8,CWE-352,,2016-09-19 15:24:57,2016-10-19 21:12:15,2017-10-02,,317.4636111111111,287.22243055555555,-59.8940625,Release->Disclosure,2017,125,0,340.0,7.0,292.0
CVE-2016-6806,org.apache.wicket:wicket-core,de.alpharogroup:wicket-jetty9-runner,astrapi69/jetty-runner,https://github.com/astrapi69/jetty-runner/commit/9b223c77de68ed979b6adc3baeaeccf0633acfc3,2019-05-13 15:13:28,1,Silent,S1,S1,False,Medium,6.8,CWE-352,,2016-09-19 15:24:57,2016-10-19 21:12:15,2017-10-02,,965.9920254629629,935.7508449074074,588.6343518518519,After Disclosure,2017,125,0,139.0,3.0,292.0
CVE-2016-6806,org.apache.wicket:wicket-core,org.wicketstuff.wiquery:wiquery-core,wicketstuff/wiquery,https://github.com/wicketstuff/wiquery/commit/38ff5c623efa6a1ca4349e347fa0137f5425953d,2018-01-11 12:15:44,1,Silent,S1,S1,False,Medium,6.8,CWE-352,,2016-09-19 15:24:57,2016-10-19 21:12:15,2017-10-02,,478.868599537037,448.62741898148147,101.51092592592593,After Disclosure,2017,125,0,2654.0,74.0,292.0
CVE-2017-3523,mysql:mysql-connector-java,org.duracloud.snapshot:snapshot-service-impl,duracloud/snapshot,https://github.com/duracloud/snapshot/commit/b871f3f371239112788c4889613e7e819c5607a1,2020-12-14 17:40:57,4,Silent,S1,S1,False,Medium,6.0,,,2017-01-31 23:26:29,2017-02-14 19:27:54,2017-04-24,,1412.7600462962962,1398.9257291666668,1330.7367708333334,After Disclosure,2017,138,0,2276762.0,29762.0,99.0
CVE-2017-3523,mysql:mysql-connector-java,com.thankjava.toolkit3d:fast-toolkit3d,lazy-koala/java-toolkit,https://github.com/lazy-koala/java-toolkit/commit/5c6288cd4049bad800a5d7aec66dc8545abaf034,2017-08-07 14:39:07,3,Silent,S1,S1,False,Medium,6.0,,,2017-01-31 23:26:29,2017-02-14 19:27:54,2017-04-24,,187.63377314814815,173.79945601851853,105.61049768518518,After Disclosure,2017,138,0,3457.0,53.0,99.0
CVE-2017-3523,mysql:mysql-connector-java,com.helger:peppol-smp-server-sql,phax/peppol-smp-server,https://github.com/phax/peppol-smp-server/commit/de0cb2746d6ae1945ae0845c4d5836cef3cb8d5f,2018-01-02 09:34:45,3,Silent,S1,S1,False,Medium,6.0,,,2017-01-31 23:26:29,2017-02-14 19:27:54,2017-04-24,,335.42240740740743,321.5880902777778,253.39913194444443,After Disclosure,2017,138,0,2431.0,55.0,99.0
CVE-2017-3523,mysql:mysql-connector-java,org.rapidoid:rapidoid-quick,rapidoid/rapidoid,https://github.com/rapidoid/rapidoid/commit/539ac89be3a5101e3d98f7fec71896b111223bfe,2017-03-29 19:55:18,3,Silent,S1,S1,False,Medium,6.0,,,2017-01-31 23:26:29,2017-02-14 19:27:54,2017-04-24,,56.853344907407404,43.01902777777778,-25.169930555555556,Release->Disclosure,2017,138,0,0.0,0.0,99.0
CVE-2017-3523,mysql:mysql-connector-java,org.wallride:wallride-bootstrap,tagbangers/wallride,https://github.com/tagbangers/wallride/commit/b521041674a43687bafee1301472cc8af26b5cc7,2018-07-12 02:52:29,3,Silent,S1,S1,False,Medium,6.0,,,2017-01-31 23:26:29,2017-02-14 19:27:54,2017-04-24,,526.1430555555555,512.308738425926,444.1197800925926,After Disclosure,2017,138,0,754.0,8.0,99.0
CVE-2017-3523,mysql:mysql-connector-java,com.nitorcreations:nflow-tests,NitorCreations/nflow,https://github.com/NitorCreations/nflow/commit/34fc16c971c1ab44936b936f53073634ef1e7ff8,2017-07-13 07:54:35,3,Silent,S1,S1,False,Medium,6.0,,,2017-01-31 23:26:29,2017-02-14 19:27:54,2017-04-24,,162.3528472222222,148.51853009259258,80.32957175925925,After Disclosure,2017,138,0,1180623.0,15806.0,99.0
CVE-2017-3523,mysql:mysql-connector-java,com.alibaba:druid,alibaba/druid,https://github.com/alibaba/druid/commit/0c1fdb592bc843465afc35185ff0a00084f56890,2017-07-12 12:24:43,1,Silent,S1,S1,False,Medium,6.0,,,2017-01-31 23:26:29,2017-02-14 19:27:54,2017-04-24,,161.54043981481482,147.7061226851852,79.51716435185185,After Disclosure,2017,138,0,125207.0,1094.0,99.0
CVE-2017-3523,mysql:mysql-connector-java,com.jporm:jpo-test-data,ufoscout/jporm,https://github.com/ufoscout/jporm/commit/c30ced0bcccb5a0730c6c700e1491b31bfeb8d0c,2017-02-18 18:00:46,3,Silent,S1,S1,False,Medium,6.0,,,2017-01-31 23:26:29,2017-02-14 19:27:54,2017-04-24,,17.77380787037037,3.939490740740741,-64.2494675925926,Release->Disclosure,2017,138,0,1621.0,35.0,99.0
CVE-2017-3523,mysql:mysql-connector-java,org.jsimpledb:jsimpledb-kv-sql,archiecobbs/jsimpledb,https://github.com/archiecobbs/jsimpledb/commit/1bffb74f9aae1aad7834c8faaea561dd6a3f1ca2,2017-06-05 15:52:25,3,Silent,S1,S1,False,Medium,6.0,,,2017-01-31 23:26:29,2017-02-14 19:27:54,2017-04-24,,124.68467592592593,110.85035879629629,42.661400462962966,After Disclosure,2017,138,0,813.0,33.0,99.0
CVE-2017-3523,mysql:mysql-connector-java,com.impetus.fabric:fabric-jdbc-driver,Impetus/fabric-jdbc-connector,https://github.com/Impetus/fabric-jdbc-connector/commit/4626a4353410ec9503f282f8841922d1f9c22967,2018-05-08 10:55:29,3,Silent,S1,S1,False,Medium,6.0,,,2017-01-31 23:26:29,2017-02-14 19:27:54,2017-04-24,,461.4784722222222,447.6441550925926,379.45519675925925,After Disclosure,2017,138,0,4477.0,31.0,99.0
CVE-2017-3523,mysql:mysql-connector-java,org.duracloud.db:account-management-db-repo,duracloud/duracloud-db,https://github.com/duracloud/duracloud-db/commit/eaa4a85914f77080163c2f2083ad72ac5545a958,2020-08-24 13:38:26,4,Silent,S1,S1,False,Medium,6.0,,,2017-01-31 23:26:29,2017-02-14 19:27:54,2017-04-24,,1300.5916319444445,1286.757314814815,1218.5683564814815,After Disclosure,2017,138,0,346.0,13.0,99.0
CVE-2021-39149,com.thoughtworks.xstream:xstream,com.thankjava.toolkit3d:fast-toolkit3d,lazy-koala/java-toolkit,https://github.com/lazy-koala/java-toolkit/commit/614102adc1ddeb4146640c17cb4dce1b1a07d7dc,2022-02-01 00:57:29,9,Silent,S1,S1,False,Medium,6.0,CWE-502;CWE-434,,2021-05-26 19:43:09,2021-08-22 13:57:44,2021-08-23,,250.21828703703704,162.45815972222223,162.0399189814815,After Disclosure,2021,179,0,3457.0,53.0,566.0
CVE-2021-39149,com.thoughtworks.xstream:xstream,de.alpharogroup:email-tails,lightblueseas/email-tails,https://github.com/lightblueseas/email-tails/commit/997627a510bf8c40e6f2e0f799827ba5c7180a44,2022-02-28 14:46:26,14,Silent,S1,S1,False,Medium,6.0,CWE-502;CWE-434,,2021-05-26 19:43:09,2021-08-22 13:57:44,2021-08-23,,277.79394675925926,190.03381944444445,189.6155787037037,After Disclosure,2021,179,0,1002.0,12.0,566.0
CVE-2021-39149,com.thoughtworks.xstream:xstream,org.patterntesting:patterntesting-rt,oboehm/PatternTesting2,https://github.com/oboehm/PatternTesting2/commit/3c61a09701c9e09a8839936d5d432b6e1a913e2f,2021-12-19 14:18:47,6,Silent,S1,S1,False,Medium,6.0,CWE-502;CWE-434,,2021-05-26 19:43:09,2021-08-22 13:57:44,2021-08-23,,206.77474537037037,119.01461805555556,118.59637731481482,After Disclosure,2021,179,0,11982.0,199.0,566.0
CVE-2021-39149,com.thoughtworks.xstream:xstream,org.optaplanner:optaplanner-examples,kiegroup/optaplanner,https://github.com/kiegroup/optaplanner/commit/31ec3c3a5aa5a7d05e4f80c0ae6439b1159ea62b,2021-08-31 16:40:48,9,Silent,S1,S1,False,Medium,6.0,CWE-502;CWE-434,,2021-05-26 19:43:09,2021-08-22 13:57:44,2021-08-23,,96.87336805555556,9.113240740740741,8.695,After Disclosure,2021,179,0,43487.0,668.0,566.0
CVE-2021-39149,com.thoughtworks.xstream:xstream,org.springframework.batch:spring-batch-core,spring-projects/spring-batch,https://github.com/spring-projects/spring-batch/commit/8400b1620528576845fdf42bdc363e10b82d173a,2021-08-25 16:54:36,9,Silent,S1,S1,False,Medium,6.0,CWE-502;CWE-434,,2021-05-26 19:43:09,2021-08-22 13:57:44,2021-08-23,,90.88295138888888,3.122824074074074,2.7045833333333333,After Disclosure,2021,179,0,24644.0,482.0,566.0
CVE-2021-39149,com.thoughtworks.xstream:xstream,org.ikasan:ikasan-filetransfer-common,ikasanEIP/ikasan,https://github.com/ikasanEIP/ikasan/commit/61a7c97cafa108f1b62ae732aab3b5136d076901,2021-09-06 19:17:59,9,Silent,S1,S1,False,Medium,6.0,CWE-502;CWE-434,,2021-05-26 19:43:09,2021-08-22 13:57:44,2021-08-23,,102.98252314814815,15.222395833333334,14.804155092592593,After Disclosure,2021,179,0,2737.0,43.0,566.0
CVE-2021-39149,com.thoughtworks.xstream:xstream,org.javalite:javalite-async,javalite/activejdbc,https://github.com/javalite/activejdbc/commit/df9a9dd065faf12a9a6279266dee5857cd4b5c81,2021-08-25 15:54:57,9,Silent,S1,S1,False,Medium,6.0,CWE-502;CWE-434,,2021-05-26 19:43:09,2021-08-22 13:57:44,2021-08-23,,90.84152777777778,3.081400462962963,2.6631597222222223,After Disclosure,2021,179,0,1147.0,13.0,566.0
CVE-2021-39149,com.thoughtworks.xstream:xstream,net.ripe.rpki:rpki-commons,RIPE-NCC/rpki-commons,https://github.com/RIPE-NCC/rpki-commons/commit/cb41248bb0e21780857596da401b9a891c6ee1b7,2021-08-26 11:52:31,9,Silent,S1,S1,False,Medium,6.0,CWE-502;CWE-434,,2021-05-26 19:43:09,2021-08-22 13:57:44,2021-08-23,,91.6731712962963,3.9130439814814815,3.494803240740741,After Disclosure,2021,179,0,11426.0,225.0,566.0
CVE-2021-39149,com.thoughtworks.xstream:xstream,com.github.psi-probe:psi-probe-core,psi-probe/psi-probe,https://github.com/psi-probe/psi-probe/commit/cf3dd7317060ef7cb67f57686b0d760bdfa659d5,2021-08-23 07:01:58,9,Silent,S1,S1,False,Medium,6.0,CWE-502;CWE-434,,2021-05-26 19:43:09,2021-08-22 13:57:44,2021-08-23,,88.47140046296296,0.7112731481481481,0.2930324074074074,After Disclosure,2021,179,0,19822.0,302.0,566.0
CVE-2021-39149,com.thoughtworks.xstream:xstream,io.quarkus:quarkus-junit5,quarkusio/quarkus,https://github.com/quarkusio/quarkus/commit/3aa4e47faa4b4df927d75a5379f45aeea3fc3f87,2021-08-23 20:37:45,9,Silent,S1,S1,False,Medium,6.0,CWE-502;CWE-434,,2021-05-26 19:43:09,2021-08-22 13:57:44,2021-08-23,,89.03791666666666,1.277789351851852,0.8595486111111111,After Disclosure,2021,179,0,1063.0,31.0,566.0
CVE-2021-39149,com.thoughtworks.xstream:xstream,com.sangupta:jerry-core,sangupta/jerry-core,https://github.com/sangupta/jerry-core/commit/380b8ce5df0ffb3edf334d129d58deb200802fee,2021-08-25 15:34:34,10,Silent,S1,S1,False,Medium,6.0,CWE-502;CWE-434,,2021-05-26 19:43:09,2021-08-22 13:57:44,2021-08-23,,90.82737268518518,3.06724537037037,2.6490046296296295,After Disclosure,2021,179,0,9933.0,108.0,566.0
CVE-2021-39149,com.thoughtworks.xstream:xstream,com.github.spotbugs:sonar-findbugs-plugin,spotbugs/sonar-findbugs,https://github.com/spotbugs/sonar-findbugs/commit/d4b81e4456be033422c6b1502ef6f8bd5fa1a8c5,2021-08-25 23:07:08,9,Silent,S1,S1,False,Medium,6.0,CWE-502;CWE-434,,2021-05-26 19:43:09,2021-08-22 13:57:44,2021-08-23,,91.14165509259259,3.381527777777778,2.963287037037037,After Disclosure,2021,179,0,13133.0,191.0,566.0
CVE-2021-39149,com.thoughtworks.xstream:xstream,org.wicketstuff:wicketstuff-dashboard-core,wicketstuff/core,https://github.com/wicketstuff/core/commit/3fbd67082cf0ef7ec0114def59d07d496ded3a56,2021-08-25 15:46:01,9,Silent,S1,S1,False,Medium,6.0,CWE-502;CWE-434,,2021-05-26 19:43:09,2021-08-22 13:57:44,2021-08-23,,90.83532407407408,3.075196759259259,2.6569560185185184,After Disclosure,2021,179,0,1584.0,55.0,566.0
CVE-2021-39149,com.thoughtworks.xstream:xstream,ro.pippo:pippo-xstream,pippo-java/pippo,https://github.com/pippo-java/pippo/commit/8330892700e3911192f1e17a11100ec3ec58ef84,2021-11-02 09:00:16,9,Silent,S1,S1,False,Medium,6.0,CWE-502;CWE-434,,2021-05-26 19:43:09,2021-08-22 13:57:44,2021-08-23,,159.55355324074074,71.79342592592593,71.37518518518519,After Disclosure,2021,179,0,47.0,2.0,566.0
CVE-2021-39149,com.thoughtworks.xstream:xstream,com.swiftmq:swiftmq-client,iitsoftware/swiftmq-client,https://github.com/iitsoftware/swiftmq-client/commit/9506bd2e6e1163342b52f8c5c99fb9b13c8d90fc,2021-08-25 15:41:07,9,Silent,S1,S1,False,Medium,6.0,CWE-502;CWE-434,,2021-05-26 19:43:09,2021-08-22 13:57:44,2021-08-23,,90.8319212962963,3.0717939814814814,2.6535532407407407,After Disclosure,2021,179,0,149380.0,1984.0,566.0
CVE-2021-39149,com.thoughtworks.xstream:xstream,org.powertac:common,powertac/powertac-core,https://github.com/powertac/powertac-core/commit/bdad13c6c171376de33fdca091023d69f6930e7d,2021-10-05 17:14:44,9,Silent,S1,S1,False,Medium,6.0,CWE-502;CWE-434,,2021-05-26 19:43:09,2021-08-22 13:57:44,2021-08-23,,131.89693287037036,44.136805555555554,43.71856481481481,After Disclosure,2021,179,0,8040.0,110.0,566.0
CVE-2021-39149,com.thoughtworks.xstream:xstream,no.mnemonic.messaging:requestsink-jms,mnemonic-no/messaging,https://github.com/mnemonic-no/messaging/commit/d8886c882334c967157a32be125fb0dc9b67f2d2,2021-09-09 08:47:56,9,Silent,S1,S1,False,Medium,6.0,CWE-502;CWE-434,,2021-05-26 19:43:09,2021-08-22 13:57:44,2021-08-23,,105.54498842592592,17.784861111111113,17.36662037037037,After Disclosure,2021,179,0,2679.0,37.0,566.0
CVE-2021-39149,com.thoughtworks.xstream:xstream,org.smooks:smooks-core,smooks/smooks,https://github.com/smooks/smooks/commit/b1412cfcf80e8bf7ddcc1ec709c256387879e6b6,2021-12-01 12:51:41,9,Silent,S1,S1,False,Medium,6.0,CWE-502;CWE-434,,2021-05-26 19:43:09,2021-08-22 13:57:44,2021-08-23,,188.71425925925925,100.95413194444444,100.5358912037037,After Disclosure,2021,179,0,19961.0,350.0,566.0
CVE-2021-39149,com.thoughtworks.xstream:xstream,org.infinispan:infinispan-server-core,infinispan/infinispan,https://github.com/infinispan/infinispan/commit/d617eec6dfe533cea066961a5afb2340131556d3,2021-08-25 17:49:50,9,Silent,S1,S1,False,Medium,6.0,CWE-502;CWE-434,,2021-05-26 19:43:09,2021-08-22 13:57:44,2021-08-23,,90.92130787037037,3.1611805555555557,2.742939814814815,After Disclosure,2021,179,0,4452.0,97.0,566.0
CVE-2021-39149,com.thoughtworks.xstream:xstream,com.xceptance:xlt,Xceptance/XLT,https://github.com/Xceptance/XLT/commit/1b675b0b83f1e66c98d765f92bf2bae4de5a9369,2021-08-31 15:14:53,9,Silent,S1,S1,False,Medium,6.0,CWE-502;CWE-434,,2021-05-26 19:43:09,2021-08-22 13:57:44,2021-08-23,,96.81370370370371,9.053576388888889,8.635335648148148,After Disclosure,2021,179,0,146667.0,2303.0,566.0
CVE-2018-8012,org.apache.zookeeper:zookeeper,org.datavec:datavec-hadoop,deeplearning4j/deeplearning4j,https://github.com/deeplearning4j/deeplearning4j/commit/47d19908f46239f44c381059fa5608eb0d6218ac,2019-11-14 08:38:20,4,Transparent,T3,T3,False,Medium,5.0,CWE-862,2019-09-09 21:44:16,2019-09-20 10:49:04,2019-10-22 09:44:33,2018-05-21,65.45421296296297,54.90921296296296,22.954016203703702,542.3599537037037,After Release,2018,155,0,1119.0,13.0,1583.0
CVE-2018-8012,org.apache.zookeeper:zookeeper,io.bddhub:detective.core,detectiveframework/detective,https://github.com/detectiveframework/detective/commit/285c1d3d8320c4cbd45d2ccd26fea89c6cd65e3d,2020-01-07 03:58:48,1,Transparent,T3,T3,False,Medium,5.0,CWE-862,2019-09-09 21:44:16,2019-09-20 10:49:04,2019-10-22 09:44:33,2018-05-21,119.2600925925926,108.7150925925926,76.75989583333333,596.1658333333334,After Release,2018,155,0,5373.0,130.5,1583.0
CVE-2018-8012,org.apache.zookeeper:zookeeper,io.fluo:fluo-accumulo,fluo-io/fluo,https://github.com/fluo-io/fluo/commit/107f1ce26b04e4ab9caa763b3b0ae5f0c1ac1f18,2019-11-13 21:14:15,3,Transparent,T3,T3,False,Medium,5.0,CWE-862,2019-09-09 21:44:16,2019-09-20 10:49:04,2019-10-22 09:44:33,2018-05-21,64.97915509259259,54.43415509259259,22.478958333333335,541.8848958333333,After Release,2018,155,0,1501.0,22.0,1583.0
CVE-2018-8012,org.apache.zookeeper:zookeeper,org.blazingcache:blazingcache-core,diennea/blazingcache,https://github.com/diennea/blazingcache/commit/c61274473ac6ab24b81fe9238fc0d11c7d6edc2f,2020-07-01 12:10:29,3,Transparent,T3,T3,False,Medium,5.0,CWE-862,2019-09-09 21:44:16,2019-09-20 10:49:04,2019-10-22 09:44:33,2018-05-21,295.60153935185184,285.0565393518518,253.1013425925926,772.5072800925926,After Release,2018,155,0,3869.0,83.0,1583.0
CVE-2018-8012,org.apache.zookeeper:zookeeper,io.arenadata.hive:hive-jdbc,arenadata/hive,https://github.com/arenadata/hive/commit/c660cba003f9b7fff29db2202b375982a8c03450,2019-09-26 01:34:19,3,Transparent,T3,T3,False,Medium,5.0,CWE-862,2019-09-09 21:44:16,2019-09-20 10:49:04,2019-10-22 09:44:33,2018-05-21,16.159756944444446,5.614756944444444,-26.340439814814815,493.06549768518516,Fix->Release,2018,155,0,6714.0,40.0,1583.0
CVE-2018-8012,org.apache.zookeeper:zookeeper,org.deeplearning4j:deeplearning4j-modelexport-solr,eclipse/deeplearning4j,https://github.com/eclipse/deeplearning4j/commit/8ce2d9df8f747ab0bbd24d31142b46db49d8128d,2022-02-09 10:25:39,3,Transparent,T3,T3,False,Medium,5.0,CWE-862,2019-09-09 21:44:16,2019-09-20 10:49:04,2019-10-22 09:44:33,2018-05-21,883.5287384259259,872.9837384259259,841.0285416666667,1360.4344791666667,After Release,2018,155,0,262.0,2.0,1583.0
CVE-2021-38153,org.apache.kafka:kafka-clients,eu.de4a:de4a-kafka-client,de4a-wp5/de4a-commons,https://github.com/de4a-wp5/de4a-commons/commit/cb3fd4ba1f281358eed5106eb946eaa9e1e50832,2021-09-30 11:48:27,1,Transparent,T1,T1,False,Medium,4.3,CWE-203,2021-07-06 15:49:15,2021-07-30 18:36:10,2021-09-10 11:05:10,2021-09-22,85.83277777777778,61.71686342592593,20.03005787037037,8.491979166666667,After Disclosure,2021,144,0,276.0,3.0,18555.0
CVE-2021-38153,org.apache.kafka:kafka-clients,io.kcache:kcache-rocksdb,rayokota/kcache,https://github.com/rayokota/kcache/commit/f78c6deadc1b76e8d7b17a7c61c3ec6d5de58345,2021-09-28 00:32:28,1,Transparent,T1,T1,False,Medium,4.3,CWE-203,2021-07-06 15:49:15,2021-07-30 18:36:10,2021-09-10 11:05:10,2021-09-22,83.36334490740741,59.24743055555555,17.560625,6.022546296296296,After Disclosure,2021,144,0,1600.0,7.0,18555.0
CVE-2021-38153,org.apache.kafka:kafka-clients,io.virtualan:virtualization,virtualansoftware/virtualan,https://github.com/virtualansoftware/virtualan/commit/ec0003b5ece3fac3337e8c7a92eee841be108e35,2021-09-22 03:47:03,1,Transparent,T1,T1,False,Medium,4.3,CWE-203,2021-07-06 15:49:15,2021-07-30 18:36:10,2021-09-10 11:05:10,2021-09-22,77.49847222222222,53.38255787037037,11.695752314814815,0.1576736111111111,After Disclosure,2021,144,0,9921.0,107.0,18555.0
CVE-2021-38153,org.apache.kafka:kafka-clients,io.zeebe:zeebe-kafka-exporter,zeebe-io/zeebe-kafka-exporter,https://github.com/zeebe-io/zeebe-kafka-exporter/commit/812ea06e664698be41b139e992c38a34f233e1bb,2022-02-07 10:25:45,1,Transparent,T1,T1,False,Medium,4.3,CWE-203,2021-07-06 15:49:15,2021-07-30 18:36:10,2021-09-10 11:05:10,2021-09-22,215.77534722222222,191.65943287037038,149.97262731481482,138.4345486111111,After Disclosure,2021,144,0,1087.0,26.0,18555.0
CVE-2021-38153,org.apache.kafka:kafka-clients,com.consol.citrus:citrus-kafka,citrusframework/citrus,https://github.com/citrusframework/citrus/commit/5f1cded8753e2e506423856e99a4e34569c538cb,2022-01-10 16:10:50,2,Transparent,T1,T1,False,Medium,4.3,CWE-203,2021-07-06 15:49:15,2021-07-30 18:36:10,2021-09-10 11:05:10,2021-09-22,188.01498842592594,163.89907407407406,122.21226851851851,110.67418981481481,After Disclosure,2021,144,0,1576.0,24.0,18555.0
CVE-2021-38153,org.apache.kafka:kafka-clients,io.streamthoughts:kafka-connect-filepulse-azure-storage-fs,streamthoughts/kafka-connect-file-pulse,https://github.com/streamthoughts/kafka-connect-file-pulse/commit/4a8da8dc9797aff7814ddc0eee399a2ef54a162b,2022-05-26 21:20:01,1,Transparent,T1,T1,False,Medium,4.3,CWE-203,2021-07-06 15:49:15,2021-07-30 18:36:10,2021-09-10 11:05:10,2021-09-22,324.22969907407406,300.11378472222225,258.4269791666667,246.88890046296297,After Disclosure,2021,144,0,486.0,10.0,18555.0
CVE-2021-38153,org.apache.kafka:kafka-clients,de.viadee.camunda:camunda-kafka-polling-client,viadee/camunda-kafka-polling-client,https://github.com/viadee/camunda-kafka-polling-client/commit/69ed645db0ef64b98b3e4df6886390fa082ea2fa,2021-12-22 08:43:14,1,Transparent,T1,T1,False,Medium,4.3,CWE-203,2021-07-06 15:49:15,2021-07-30 18:36:10,2021-09-10 11:05:10,2021-09-22,168.7041550925926,144.58824074074073,102.90143518518518,91.36335648148147,After Disclosure,2021,144,0,5957.0,89.0,18555.0
CVE-2021-38153,org.apache.kafka:kafka-clients,com.networknt:kafka-consumer,networknt/light-kafka,https://github.com/networknt/light-kafka/commit/f2266de4554d48c3fbcadd50785913c507b82505,2022-05-31 14:06:18,1,Transparent,T1,T1,False,Medium,4.3,CWE-203,2021-07-06 15:49:15,2021-07-30 18:36:10,2021-09-10 11:05:10,2021-09-22,328.92850694444445,304.8125925925926,263.125787037037,251.58770833333332,After Disclosure,2021,144,0,1340.0,21.0,18555.0
CVE-2021-38153,org.apache.kafka:kafka-clients,org.teamapps:universal-db,teamapps-org/universal-db,https://github.com/teamapps-org/universal-db/commit/68c837e0a823e71981b24c7446623f4cc80601d3,2022-04-07 20:26:51,1,Transparent,T1,T1,False,Medium,4.3,CWE-203,2021-07-06 15:49:15,2021-07-30 18:36:10,2021-09-10 11:05:10,2021-09-22,275.1927777777778,251.07686342592592,209.39005787037038,197.85197916666667,After Disclosure,2021,144,0,19395.0,217.0,18555.0
CVE-2021-38153,org.apache.kafka:kafka-clients,uk.co.gresearch.siembol:responding-stream,g-research/siembol,https://github.com/g-research/siembol/commit/0adb0417a8615d9293bf85c911b4a62a83af06d6,2022-01-04 17:26:50,1,Transparent,T1,T1,False,Medium,4.3,CWE-203,2021-07-06 15:49:15,2021-07-30 18:36:10,2021-09-10 11:05:10,2021-09-22,182.0677662037037,157.95185185185184,116.26504629629629,104.72696759259259,After Disclosure,2021,144,0,5015.0,84.0,18555.0
CVE-2021-38153,org.apache.kafka:kafka-clients,com.izettle:metrics-influxdb,iZettle/dropwizard-metrics-influxdb,https://github.com/iZettle/dropwizard-metrics-influxdb/commit/0a9e715faa27bb6bf3efc3c7a3499175675e9efa,2022-02-01 14:28:56,1,Transparent,T1,T1,False,Medium,4.3,CWE-203,2021-07-06 15:49:15,2021-07-30 18:36:10,2021-09-10 11:05:10,2021-09-22,209.94422453703703,185.8283101851852,144.14150462962962,132.60342592592593,After Disclosure,2021,144,0,1090.0,21.0,18555.0
CVE-2021-38153,org.apache.kafka:kafka-clients,io.confluent.parallelconsumer:parallel-consumer-core,confluentinc/parallel-consumer,https://github.com/confluentinc/parallel-consumer/commit/6209fd3849b84cf210d28ac3292407842a319157,2022-03-23 14:04:20,1,Transparent,T1,T1,False,Medium,4.3,CWE-203,2021-07-06 15:49:15,2021-07-30 18:36:10,2021-09-10 11:05:10,2021-09-22,259.9271412037037,235.81122685185184,194.1244212962963,182.5863425925926,After Disclosure,2021,144,0,5927.0,74.0,18555.0
CVE-2021-38153,org.apache.kafka:kafka-clients,io.kareldb:kareldb-core,rayokota/kareldb,https://github.com/rayokota/kareldb/commit/a338cde8775f2cc4f1a4c076c1b86e24283f2ce8,2021-09-29 07:02:47,1,Transparent,T1,T1,False,Medium,4.3,CWE-203,2021-07-06 15:49:15,2021-07-30 18:36:10,2021-09-10 11:05:10,2021-09-22,84.63439814814815,60.518483796296294,18.83167824074074,7.2935995370370375,After Disclosure,2021,144,0,72730.0,103.0,18555.0
CVE-2021-38153,org.apache.kafka:kafka-clients,org.apache.plc4x:plc4j-apache-kafka,apache/plc4x,https://github.com/apache/plc4x/commit/b45ec67d1ab2c7faa9bec3e805e92b795b7e53b7,2021-12-23 15:19:05,1,Transparent,T1,T1,False,Medium,4.3,CWE-203,2021-07-06 15:49:15,2021-07-30 18:36:10,2021-09-10 11:05:10,2021-09-22,169.97905092592592,145.86313657407408,104.17633101851852,92.63825231481482,After Disclosure,2021,144,0,487.0,6.0,18555.0
CVE-2021-38153,org.apache.kafka:kafka-clients,io.annot8:annot8-components-kafka,annot8/annot8-components,https://github.com/annot8/annot8-components/commit/73be2770e29c81add40e8896ba25040e386843e6,2021-10-27 07:38:12,2,Transparent,T1,T1,False,Medium,4.3,CWE-203,2021-07-06 15:49:15,2021-07-30 18:36:10,2021-09-10 11:05:10,2021-09-22,112.65899305555556,88.5430787037037,46.85627314814815,35.318194444444444,After Disclosure,2021,144,0,222.0,5.0,18555.0
CVE-2021-38153,org.apache.kafka:kafka-clients,com.github.rahulsinghai:logback-kafka-appender,rahulsinghai/logback-kafka-appender,https://github.com/rahulsinghai/logback-kafka-appender/commit/837d2f8c8e8e290d1da3a68c8c0ded41d1069fa4,2022-03-29 22:21:07,1,Transparent,T1,T1,False,Medium,4.3,CWE-203,2021-07-06 15:49:15,2021-07-30 18:36:10,2021-09-10 11:05:10,2021-09-22,266.2721296296296,242.1562152777778,200.46940972222222,188.9313310185185,After Disclosure,2021,144,0,452.0,14.0,18555.0
CVE-2021-38153,org.apache.kafka:kafka-clients,com.github.charithe:kafka-junit,charithe/kafka-junit,https://github.com/charithe/kafka-junit/commit/d783f49533988e0c0339fd4c46cb7aa8f219a200,2022-01-24 09:19:54,1,Transparent,T1,T1,False,Medium,4.3,CWE-203,2021-07-06 15:49:15,2021-07-30 18:36:10,2021-09-10 11:05:10,2021-09-22,201.72961805555556,177.6137037037037,135.92689814814815,124.38881944444445,After Disclosure,2021,144,0,515.0,6.5,18555.0
CVE-2021-38153,org.apache.kafka:kafka-clients,no.mnemonic.messaging:documentchannel-kafka,mnemonic-no/messaging,https://github.com/mnemonic-no/messaging/commit/46c74b70ac745e6f1a65f017ffd959bcfe3ecd58,2021-10-14 06:46:10,1,Transparent,T1,T1,False,Medium,4.3,CWE-203,2021-07-06 15:49:15,2021-07-30 18:36:10,2021-09-10 11:05:10,2021-09-22,99.6228587962963,75.50694444444444,33.82013888888889,22.282060185185184,After Disclosure,2021,144,0,1192.0,25.0,18555.0
CVE-2016-3093,ognl:ognl,org.milyn:milyn-smooks-templating,smooks/smooks,https://github.com/smooks/smooks/commit/5e49709f55a0f70ed8c3f37e815973c912e142f5,2020-02-12 06:17:48,1,Transparent,T1,T1,False,Medium,5.0,CWE-20,2015-05-16 23:18:26,2015-05-17 10:09:18,2015-09-01 08:57:55,2016-06-07,1732.291226851852,1731.8392361111112,1624.8888078703703,1345.2623611111112,After Disclosure,2016,26,0,941.0,20.0,26.0
CVE-2021-39153,com.thoughtworks.xstream:xstream,com.github.spotbugs:sonar-findbugs-plugin,spotbugs/sonar-findbugs,https://github.com/spotbugs/sonar-findbugs/commit/d4b81e4456be033422c6b1502ef6f8bd5fa1a8c5,2021-08-25 23:07:08,9,Silent,S1,S1,False,Medium,6.0,CWE-502;CWE-434,,2021-05-26 19:43:09,2021-08-22 13:57:44,2021-08-23,,91.14165509259259,3.381527777777778,2.963287037037037,After Disclosure,2021,179,0,13133.0,191.0,566.0
CVE-2021-39153,com.thoughtworks.xstream:xstream,org.ikasan:ikasan-builder,ikasanEIP/ikasan,https://github.com/ikasanEIP/ikasan/commit/61a7c97cafa108f1b62ae732aab3b5136d076901,2021-09-06 19:17:59,9,Silent,S1,S1,False,Medium,6.0,CWE-502;CWE-434,,2021-05-26 19:43:09,2021-08-22 13:57:44,2021-08-23,,102.98252314814815,15.222395833333334,14.804155092592593,After Disclosure,2021,179,0,6070.0,86.0,566.0
CVE-2021-39153,com.thoughtworks.xstream:xstream,com.sangupta:jerry-core,sangupta/jerry-core,https://github.com/sangupta/jerry-core/commit/ebc407d3406391432928e28e2ed6268030498529,2021-10-06 16:54:12,3,Silent,S1,S1,False,Medium,6.0,CWE-502;CWE-434,,2021-05-26 19:43:09,2021-08-22 13:57:44,2021-08-23,,132.8826736111111,45.1225462962963,44.70430555555556,After Disclosure,2021,179,0,9933.0,108.0,566.0
CVE-2021-39153,com.thoughtworks.xstream:xstream,org.patterntesting:patterntesting-rt,oboehm/PatternTesting2,https://github.com/oboehm/PatternTesting2/commit/3c61a09701c9e09a8839936d5d432b6e1a913e2f,2021-12-19 14:18:47,6,Silent,S1,S1,False,Medium,6.0,CWE-502;CWE-434,,2021-05-26 19:43:09,2021-08-22 13:57:44,2021-08-23,,206.77474537037037,119.01461805555556,118.59637731481482,After Disclosure,2021,179,0,11982.0,199.0,566.0
CVE-2021-39153,com.thoughtworks.xstream:xstream,org.powertac:common,powertac/powertac-core,https://github.com/powertac/powertac-core/commit/bdad13c6c171376de33fdca091023d69f6930e7d,2021-10-05 17:14:44,9,Silent,S1,S1,False,Medium,6.0,CWE-502;CWE-434,,2021-05-26 19:43:09,2021-08-22 13:57:44,2021-08-23,,131.89693287037036,44.136805555555554,43.71856481481481,After Disclosure,2021,179,0,8040.0,110.0,566.0
CVE-2021-39153,com.thoughtworks.xstream:xstream,net.ripe.rpki:rpki-commons,RIPE-NCC/rpki-commons,https://github.com/RIPE-NCC/rpki-commons/commit/cb41248bb0e21780857596da401b9a891c6ee1b7,2021-08-26 11:52:31,9,Silent,S1,S1,False,Medium,6.0,CWE-502;CWE-434,,2021-05-26 19:43:09,2021-08-22 13:57:44,2021-08-23,,91.6731712962963,3.9130439814814815,3.494803240740741,After Disclosure,2021,179,0,11426.0,225.0,566.0
CVE-2021-39153,com.thoughtworks.xstream:xstream,de.alpharogroup:email-tails,lightblueseas/email-tails,https://github.com/lightblueseas/email-tails/commit/997627a510bf8c40e6f2e0f799827ba5c7180a44,2022-02-28 14:46:26,14,Silent,S1,S1,False,Medium,6.0,CWE-502;CWE-434,,2021-05-26 19:43:09,2021-08-22 13:57:44,2021-08-23,,277.79394675925926,190.03381944444445,189.6155787037037,After Disclosure,2021,179,0,1002.0,12.0,566.0
CVE-2021-39153,com.thoughtworks.xstream:xstream,no.mnemonic.messaging:requestsink-jms,mnemonic-no/messaging,https://github.com/mnemonic-no/messaging/commit/d8886c882334c967157a32be125fb0dc9b67f2d2,2021-09-09 08:47:56,9,Silent,S1,S1,False,Medium,6.0,CWE-502;CWE-434,,2021-05-26 19:43:09,2021-08-22 13:57:44,2021-08-23,,105.54498842592592,17.784861111111113,17.36662037037037,After Disclosure,2021,179,0,2679.0,37.0,566.0
CVE-2021-39153,com.thoughtworks.xstream:xstream,com.github.psi-probe:psi-probe-core,psi-probe/psi-probe,https://github.com/psi-probe/psi-probe/commit/cf3dd7317060ef7cb67f57686b0d760bdfa659d5,2021-08-23 07:01:58,9,Silent,S1,S1,False,Medium,6.0,CWE-502;CWE-434,,2021-05-26 19:43:09,2021-08-22 13:57:44,2021-08-23,,88.47140046296296,0.7112731481481481,0.2930324074074074,After Disclosure,2021,179,0,19822.0,302.0,566.0
CVE-2021-39153,com.thoughtworks.xstream:xstream,org.smooks:smooks-core,smooks/smooks,https://github.com/smooks/smooks/commit/b1412cfcf80e8bf7ddcc1ec709c256387879e6b6,2021-12-01 12:51:41,9,Silent,S1,S1,False,Medium,6.0,CWE-502;CWE-434,,2021-05-26 19:43:09,2021-08-22 13:57:44,2021-08-23,,188.71425925925925,100.95413194444444,100.5358912037037,After Disclosure,2021,179,0,19961.0,350.0,566.0
CVE-2021-39153,com.thoughtworks.xstream:xstream,com.swiftmq:swiftmq-client,iitsoftware/swiftmq-client,https://github.com/iitsoftware/swiftmq-client/commit/9506bd2e6e1163342b52f8c5c99fb9b13c8d90fc,2021-08-25 15:41:07,9,Silent,S1,S1,False,Medium,6.0,CWE-502;CWE-434,,2021-05-26 19:43:09,2021-08-22 13:57:44,2021-08-23,,90.8319212962963,3.0717939814814814,2.6535532407407407,After Disclosure,2021,179,0,149380.0,1984.0,566.0
CVE-2021-39153,com.thoughtworks.xstream:xstream,org.springframework.batch:spring-batch-core,spring-projects/spring-batch,https://github.com/spring-projects/spring-batch/commit/8400b1620528576845fdf42bdc363e10b82d173a,2021-08-25 16:54:36,9,Silent,S1,S1,False,Medium,6.0,CWE-502;CWE-434,,2021-05-26 19:43:09,2021-08-22 13:57:44,2021-08-23,,90.88295138888888,3.122824074074074,2.7045833333333333,After Disclosure,2021,179,0,24644.0,482.0,566.0
CVE-2021-39153,com.thoughtworks.xstream:xstream,org.wicketstuff:wicketstuff-dashboard-core,wicketstuff/core,https://github.com/wicketstuff/core/commit/3fbd67082cf0ef7ec0114def59d07d496ded3a56,2021-08-25 15:46:01,9,Silent,S1,S1,False,Medium,6.0,CWE-502;CWE-434,,2021-05-26 19:43:09,2021-08-22 13:57:44,2021-08-23,,90.83532407407408,3.075196759259259,2.6569560185185184,After Disclosure,2021,179,0,1584.0,55.0,566.0
CVE-2021-39153,com.thoughtworks.xstream:xstream,io.quarkus:quarkus-junit5,quarkusio/quarkus,https://github.com/quarkusio/quarkus/commit/3aa4e47faa4b4df927d75a5379f45aeea3fc3f87,2021-08-23 20:37:45,9,Silent,S1,S1,False,Medium,6.0,CWE-502;CWE-434,,2021-05-26 19:43:09,2021-08-22 13:57:44,2021-08-23,,89.03791666666666,1.277789351851852,0.8595486111111111,After Disclosure,2021,179,0,1063.0,31.0,566.0
CVE-2021-39153,com.thoughtworks.xstream:xstream,org.optaplanner:optaplanner-examples,kiegroup/optaplanner,https://github.com/kiegroup/optaplanner/commit/31ec3c3a5aa5a7d05e4f80c0ae6439b1159ea62b,2021-08-31 16:40:48,9,Silent,S1,S1,False,Medium,6.0,CWE-502;CWE-434,,2021-05-26 19:43:09,2021-08-22 13:57:44,2021-08-23,,96.87336805555556,9.113240740740741,8.695,After Disclosure,2021,179,0,43487.0,668.0,566.0
CVE-2021-39153,com.thoughtworks.xstream:xstream,com.thankjava.toolkit3d:fast-toolkit3d,lazy-koala/java-toolkit,https://github.com/lazy-koala/java-toolkit/commit/614102adc1ddeb4146640c17cb4dce1b1a07d7dc,2022-02-01 00:57:29,9,Silent,S1,S1,False,Medium,6.0,CWE-502;CWE-434,,2021-05-26 19:43:09,2021-08-22 13:57:44,2021-08-23,,250.21828703703704,162.45815972222223,162.0399189814815,After Disclosure,2021,179,0,3457.0,53.0,566.0
CVE-2021-39153,com.thoughtworks.xstream:xstream,com.xceptance:xlt,Xceptance/XLT,https://github.com/Xceptance/XLT/commit/1b675b0b83f1e66c98d765f92bf2bae4de5a9369,2021-08-31 15:14:53,9,Silent,S1,S1,False,Medium,6.0,CWE-502;CWE-434,,2021-05-26 19:43:09,2021-08-22 13:57:44,2021-08-23,,96.81370370370371,9.053576388888889,8.635335648148148,After Disclosure,2021,179,0,146667.0,2303.0,566.0
CVE-2021-39153,com.thoughtworks.xstream:xstream,org.infinispan:infinispan-server-core,infinispan/infinispan,https://github.com/infinispan/infinispan/commit/d617eec6dfe533cea066961a5afb2340131556d3,2021-08-25 17:49:50,9,Silent,S1,S1,False,Medium,6.0,CWE-502;CWE-434,,2021-05-26 19:43:09,2021-08-22 13:57:44,2021-08-23,,90.92130787037037,3.1611805555555557,2.742939814814815,After Disclosure,2021,179,0,4452.0,97.0,566.0
CVE-2021-39153,com.thoughtworks.xstream:xstream,ro.pippo:pippo-xstream,pippo-java/pippo,https://github.com/pippo-java/pippo/commit/8330892700e3911192f1e17a11100ec3ec58ef84,2021-11-02 09:00:16,9,Silent,S1,S1,False,Medium,6.0,CWE-502;CWE-434,,2021-05-26 19:43:09,2021-08-22 13:57:44,2021-08-23,,159.55355324074074,71.79342592592593,71.37518518518519,After Disclosure,2021,179,0,47.0,2.0,566.0
CVE-2021-39153,com.thoughtworks.xstream:xstream,org.javalite:javalite-async,javalite/activejdbc,https://github.com/javalite/activejdbc/commit/df9a9dd065faf12a9a6279266dee5857cd4b5c81,2021-08-25 15:54:57,9,Silent,S1,S1,False,Medium,6.0,CWE-502;CWE-434,,2021-05-26 19:43:09,2021-08-22 13:57:44,2021-08-23,,90.84152777777778,3.081400462962963,2.6631597222222223,After Disclosure,2021,179,0,1147.0,13.0,566.0
CVE-2017-9803,org.apache.solr:solr-core,org.tallison.solr:solr-5410,tballison/lucene-addons,https://github.com/tballison/lucene-addons/commit/1d6a7dac80381d61a98e2ab403eac33d42ddb008,2018-02-15 14:53:22,1,Transparent,T1,T1,False,Medium,6.0,CWE-287,2017-08-16 13:20:20,2017-08-16 18:55:04,2017-08-29 19:26:22,2017-09-18,183.0646064814815,182.83215277777776,169.81041666666667,150.6203935185185,After Disclosure,2017,14,0,179.0,3.0,917.0
CVE-2017-9803,org.apache.solr:solr-core,com.lucidworks.spark:spark-solr,LucidWorks/spark-solr,https://github.com/LucidWorks/spark-solr/commit/2a7dac71d6b596939328095b561e65c2be9d6221,2017-09-09 00:29:08,1,Transparent,T1,T1,False,Medium,6.0,CWE-287,2017-08-16 13:20:20,2017-08-16 18:55:04,2017-08-29 19:26:22,2017-09-18,23.464444444444446,23.23199074074074,10.21025462962963,-8.979768518518519,Release->Disclosure,2017,14,0,27951.0,431.0,917.0
CVE-2021-22112,org.springframework.security:spring-security-web,org.zalando:problem-spring-web-autoconfigure,zalando/problem-spring-web,https://github.com/zalando/problem-spring-web/commit/70045189a6fc924f9cb7f0eade96ac8f60f8bccb,2021-02-15 08:56:03,1,Transparent,T1,T1,False,Critical,9.0,,2021-01-28 22:36:32,2021-02-11 17:39:48,2021-02-11 18:00:01,2021-02-23,17.43021990740741,3.6362847222222223,3.6222453703703703,-7.627743055555555,Release->Disclosure,2021,22,0,148.0,6.0,5311.0
CVE-2021-22112,org.springframework.security:spring-security-web,com.erudika:para-server,Erudika/para,https://github.com/Erudika/para/commit/8aa13a5bd7c7fad5223bc66fbdef2536b689635c,2021-02-27 16:36:29,2,Transparent,T1,T1,False,Critical,9.0,,2021-01-28 22:36:32,2021-02-11 17:39:48,2021-02-11 18:00:01,2021-02-23,29.74996527777778,15.956030092592593,15.94199074074074,4.692002314814815,After Disclosure,2021,22,0,9204.0,126.0,5311.0
CVE-2021-22112,org.springframework.security:spring-security-web,org.pac4j:spring-security-pac4j,pac4j/spring-security-pac4j,https://github.com/pac4j/spring-security-pac4j/commit/d50a58bf55958ddd35914d6ec4b7739e8568e02d,2021-02-12 07:20:40,1,Transparent,T1,T1,False,Critical,9.0,,2021-01-28 22:36:32,2021-02-11 17:39:48,2021-02-11 18:00:01,2021-02-23,14.363981481481481,0.5700462962962963,0.5560069444444444,-10.693981481481481,Release->Disclosure,2021,22,0,739.0,12.0,5311.0
CVE-2021-22112,org.springframework.security:spring-security-web,com.github.waffle:waffle-spring-security5,Waffle/waffle,https://github.com/Waffle/waffle/commit/cf699d7be23c9e011b14bb0e3c4899dab6f0948e,2021-05-11 00:44:16,1,Transparent,T1,T1,False,Critical,9.0,,2021-01-28 22:36:32,2021-02-11 17:39:48,2021-02-11 18:00:01,2021-02-23,102.0887037037037,88.29476851851852,88.28072916666666,77.03074074074074,After Disclosure,2021,22,0,584.0,8.0,5311.0
CVE-2021-22112,org.springframework.security:spring-security-web,com.github.psi-probe:psi-probe-core,psi-probe/psi-probe,https://github.com/psi-probe/psi-probe/commit/2e5b2e9ba80d5ebf816fe1279842da36016aa4b6,2021-02-12 05:34:37,1,Transparent,T1,T1,False,Critical,9.0,,2021-01-28 22:36:32,2021-02-11 17:39:48,2021-02-11 18:00:01,2021-02-23,14.290335648148147,0.496400462962963,0.48236111111111113,-10.767627314814815,Release->Disclosure,2021,22,0,19822.0,302.0,5311.0
CVE-2017-3166,org.apache.hadoop:hadoop-mapreduce-client-core,co.cask.wrangler:wrangler-service,hydrator/wrangler,https://github.com/hydrator/wrangler/commit/a83ba409138d307553cc9338efbad9ce6e0d6c64,2017-07-30 01:08:15,1,Transparent,T1,T1,False,Medium,4.6,CWE-732,2017-03-07 04:22:11,2017-03-07 13:40:16,2017-07-27 22:52:07,2017-11-13,144.86532407407407,144.4777662037037,2.094537037037037,-105.95260416666666,Release->Disclosure,2017,64,0,1149.0,18.0,2541.0
CVE-2017-3166,org.apache.hadoop:hadoop-mapreduce-client-core,net.sansa-stack:sansa-owl-spark_2.11,SANSA-Stack/SANSA-OWL,https://github.com/SANSA-Stack/SANSA-OWL/commit/6b7f2995062e6971caf3fd03e236ab871598e47c,2018-12-05 12:20:16,1,Transparent,T1,T1,False,Medium,4.6,CWE-732,2017-03-07 04:22:11,2017-03-07 13:40:16,2017-07-27 22:52:07,2017-11-13,638.3320023148148,637.9444444444445,495.56121527777776,387.5140740740741,After Disclosure,2017,64,0,1575.0,47.0,2541.0
CVE-2017-5643,org.apache.camel:camel-core,org.fcrepo.camel:fcrepo-ldpath,fcrepo-exts/fcrepo-camel-toolbox,https://github.com/fcrepo-exts/fcrepo-camel-toolbox/commit/cfa295d98db9e8ee82aa36819866e143a16f1838,2019-03-14 18:22:30,1,Transparent,T1,T1,False,Medium,5.8,CWE-918,2017-02-24 11:05:00,2017-02-27 08:04:59,2017-03-08 19:04:48,2017-03-16,748.3038194444445,745.4288310185185,735.970625,728.765625,After Disclosure,2017,22,0,18437.5,308.5,1096.0
CVE-2017-5643,org.apache.camel:camel-core,org.fcrepo.camel:fcrepo-camel,fcrepo-exts/fcrepo-camel,https://github.com/fcrepo-exts/fcrepo-camel/commit/aced86b113c2fe6601e80bad1e3da8feb194d56e,2019-02-07 19:25:07,1,Transparent,T1,T1,False,Medium,5.8,CWE-918,2017-02-24 11:05:00,2017-02-27 08:04:59,2017-03-08 19:04:48,2017-03-16,713.3473032407408,710.4723148148148,701.0141087962963,693.8091087962963,After Disclosure,2017,22,0,1438.5,22.5,1096.0
CVE-2017-5643,org.apache.camel:camel-core,com.github.oscerd:camel-cassandra,oscerd/camel-cassandra,https://github.com/oscerd/camel-cassandra/commit/b310db9404eea079397ca65a1e10d10f3b6fe5b9,2017-03-13 10:39:28,1,Transparent,T1,T1,False,Medium,5.8,CWE-918,2017-02-24 11:05:00,2017-02-27 08:04:59,2017-03-08 19:04:48,2017-03-16,16.98226851851852,14.107280092592593,4.649074074074074,-2.555925925925926,Release->Disclosure,2017,22,0,1075.0,13.0,1096.0
CVE-2017-5643,org.apache.camel:camel-core,org.fcrepo.camel:fcrepo-serialization,fcrepo4-exts/fcrepo-camel-toolbox,https://github.com/fcrepo4-exts/fcrepo-camel-toolbox/commit/cfa295d98db9e8ee82aa36819866e143a16f1838,2019-03-14 18:22:30,1,Transparent,T1,T1,False,Medium,5.8,CWE-918,2017-02-24 11:05:00,2017-02-27 08:04:59,2017-03-08 19:04:48,2017-03-16,748.3038194444445,745.4288310185185,735.970625,728.765625,After Disclosure,2017,22,0,98.0,1.0,1096.0
CVE-2016-1000345,org.bouncycastle:bcprov-jdk15on,com.augustcellars.cose:cose-java,cose-wg/cose-java,https://github.com/cose-wg/cose-java/commit/4025bdbc51c381f170cd54abf593d5cf8f892c80,2019-07-08 19:44:43,7,Silent,S1,S1,False,Medium,4.3,CWE-361,,2016-08-27 13:20:05,2016-12-23 15:30:08,2018-06-04,,1045.2671064814815,927.1767939814815,399.8227199074074,After Disclosure,2018,155,0,2943.0,30.0,288.0
CVE-2016-1000345,org.bouncycastle:bcprov-jdk15on,net.anotheria:ano-util,anotheria/ano-util,https://github.com/anotheria/ano-util/commit/0635219589847eb0582e222fde326912e521211e,2021-08-13 15:29:15,7,Silent,S1,S1,False,Medium,4.3,CWE-361,,2016-08-27 13:20:05,2016-12-23 15:30:08,2018-06-04,,1812.0896990740741,1693.9993865740742,1166.6453125,After Disclosure,2018,155,0,7703.0,139.0,288.0
CVE-2016-1000345,org.bouncycastle:bcprov-jdk15on,de.alpharogroup:crypt-core,astrapi69/mystic-crypt,https://github.com/astrapi69/mystic-crypt/commit/d53951f5b8b9d538e6e4d17c4b6598e72ce41863,2018-01-06 12:34:33,7,Silent,S1,S1,False,Medium,4.3,CWE-361,,2016-08-27 13:20:05,2016-12-23 15:30:08,2018-06-04,,496.9683796296296,378.87806712962964,-148.47600694444444,Release->Disclosure,2018,155,0,1230.0,45.0,288.0
CVE-2016-1000345,org.bouncycastle:bcprov-jdk15on,io.baltoro:client-lib,junaidontable/baltoro.lib,https://github.com/junaidontable/baltoro.lib/commit/7fb0f21ba08ba297824f51f8d54ea11f3ced6ba3,2020-04-28 03:51:57,7,Silent,S1,S1,False,Medium,4.3,CWE-361,,2016-08-27 13:20:05,2016-12-23 15:30:08,2018-06-04,,1339.605462962963,1221.515150462963,694.1610763888889,After Disclosure,2018,155,0,6771.0,138.0,288.0
CVE-2016-1000345,org.bouncycastle:bcprov-jdk15on,org.digidoc4j:digidoc4j,open-eid/digidoc4j,https://github.com/open-eid/digidoc4j/commit/78a400c3a59ea787885eb9c9370468bb7ea61c64,2018-02-14 09:04:46,7,Silent,S1,S1,False,Medium,4.3,CWE-361,,2016-08-27 13:20:05,2016-12-23 15:30:08,2018-06-04,,535.8226967592593,417.7323842592593,-109.62168981481481,Release->Disclosure,2018,155,0,11552.0,162.0,288.0
CVE-2016-1000345,org.bouncycastle:bcprov-jdk15on,net.sf.openas2:openas2-server,OpenAS2/OpenAs2App,https://github.com/OpenAS2/OpenAs2App/commit/320e7feb0ff579976f34f2d40d10f34d2d8fde18,2018-06-04 18:16:43,7,Silent,S1,S1,False,Medium,4.3,CWE-361,,2016-08-27 13:20:05,2016-12-23 15:30:08,2018-06-04,,646.2059953703704,528.1156828703704,0.7616087962962963,After Disclosure,2018,155,0,15046.0,228.0,288.0
CVE-2016-1000345,org.bouncycastle:bcprov-jdk15on,no.digipost:digipost-api-client-java,digipost/digipost-api-client-java,https://github.com/digipost/digipost-api-client-java/commit/b4be4fb911f048cf08f1b4546250c47143840ae6,2020-09-15 10:59:43,7,Silent,S1,S1,False,Medium,4.3,CWE-361,,2016-08-27 13:20:05,2016-12-23 15:30:08,2018-06-04,,1479.9025231481482,1361.812210648148,834.458136574074,After Disclosure,2018,155,0,7810.0,182.0,288.0
CVE-2016-1000345,org.bouncycastle:bcprov-jdk15on,de.taimos:dvalin-jaxrs,taimos/dvalin,https://github.com/taimos/dvalin/commit/255285f19aef973caa27a2a53204ec9007a8c9dc,2022-01-20 13:02:38,7,Silent,S1,S1,False,Medium,4.3,CWE-361,,2016-08-27 13:20:05,2016-12-23 15:30:08,2018-06-04,,1971.9878819444446,1853.8975694444443,1326.5434953703705,After Disclosure,2018,155,0,2164.0,51.0,288.0
CVE-2016-1000345,org.bouncycastle:bcprov-jdk15on,no.digipost:certificate-validator,digipost/certificate-validator,https://github.com/digipost/certificate-validator/commit/b148ba11c9f9385d612e3d4ccd6d3cad020c07fd,2019-06-05 07:49:09,7,Silent,S1,S1,False,Medium,4.3,CWE-361,,2016-08-27 13:20:05,2016-12-23 15:30:08,2018-06-04,,1011.7701851851851,893.6798726851852,366.3257986111111,After Disclosure,2018,155,0,1103.0,24.0,288.0
CVE-2016-1000345,org.bouncycastle:bcprov-jdk15on,org.smallmind:smallmind-nutsnbolts,zenbones/SmallMind,https://github.com/zenbones/SmallMind/commit/487b69edc6fb1249b778f345b4571a349cb5277b,2019-04-23 20:21:49,7,Silent,S1,S1,False,Medium,4.3,CWE-361,,2016-08-27 13:20:05,2016-12-23 15:30:08,2018-06-04,,969.2928703703703,851.2025578703704,323.8484837962963,After Disclosure,2018,155,0,13821.0,389.0,288.0
CVE-2016-1000345,org.bouncycastle:bcprov-jdk15on,io.netty:netty-example,netty/netty,https://github.com/netty/netty/commit/0dc246eb129796313b58c1dbdd674aa289f72cad,2021-01-01 18:31:44,7,Silent,S1,S1,False,Medium,4.3,CWE-361,,2016-08-27 13:20:05,2016-12-23 15:30:08,2018-06-04,,1588.2164236111112,1470.1261111111112,942.7720370370371,After Disclosure,2018,155,0,10870.0,260.0,288.0
CVE-2016-1000345,org.bouncycastle:bcprov-jdk15on,no.difi.sdp:sikker-digital-post-klient-java,difi/sikker-digital-post-klient,https://github.com/difi/sikker-digital-post-klient/commit/66e3cf656c3e49d5f4f5c00b5cfdb30fcca9fdf3,2019-03-15 13:29:11,7,Silent,S1,S1,False,Medium,4.3,CWE-361,,2016-08-27 13:20:05,2016-12-23 15:30:08,2018-06-04,,930.0063194444444,811.9160069444445,284.56193287037036,After Disclosure,2018,155,0,3234.0,120.0,288.0
CVE-2016-1000345,org.bouncycastle:bcprov-jdk15on,com.cybersource:cybersource-sdk-java,CyberSource/cybersource-sdk-java,https://github.com/CyberSource/cybersource-sdk-java/commit/f1d2a09b85a2294b312b9dbf1733a4df3bb9af9a,2019-03-06 13:51:03,7,Silent,S1,S1,False,Medium,4.3,CWE-361,,2016-08-27 13:20:05,2016-12-23 15:30:08,2018-06-04,,921.0215046296296,802.9311921296296,275.57711805555556,After Disclosure,2018,155,0,2569.0,23.0,288.0
CVE-2016-6346,org.jboss.resteasy:resteasy-jaxrs,org.wildfly:wildfly-jaxrs,wildfly/wildfly,https://github.com/wildfly/wildfly/commit/fa5fde6ab6ef37687995a80f2be80cbc350001cb,2016-11-02 17:14:32,1,Transparent,T3,T3,False,Medium,5.0,,2016-09-21 23:53:48,2016-09-22 10:25:17,2016-09-30 22:31:33,2016-09-07,41.72273148148148,41.28420138888889,32.77984953703704,56.71842592592593,After Release,2016,31,0,1481.0,22.0,459.0
CVE-2016-6346,org.jboss.resteasy:resteasy-jaxrs,com.peterphi.std.guice:stdlib-guice-common,petergeneric/stdlib,https://github.com/petergeneric/stdlib/commit/b70bc2d7eecf829339a59a0fcc1f43d9bd85a314,2017-10-03 15:33:24,3,Transparent,T3,T3,False,Medium,5.0,,2016-09-21 23:53:48,2016-09-22 10:25:17,2016-09-30 22:31:33,2016-09-07,376.6525,376.21396990740743,367.70961805555555,391.64819444444447,After Release,2016,31,0,8070.0,152.0,459.0
CVE-2016-6346,org.jboss.resteasy:resteasy-jaxrs,org.hibernate.ogm:hibernate-ogm-couchdb,hibernate/hibernate-ogm,https://github.com/hibernate/hibernate-ogm/commit/41fbb8be006599a66a7b2260706558d2217b3ca6,2017-12-22 12:39:55,2,Transparent,T3,T3,False,Medium,5.0,,2016-09-21 23:53:48,2016-09-22 10:25:17,2016-09-30 22:31:33,2016-09-07,456.53202546296296,456.09349537037036,447.58914351851854,471.5277199074074,After Release,2016,31,0,2033.0,46.0,459.0
CVE-2016-6346,org.jboss.resteasy:resteasy-jaxrs,ws.ament.hammock:rest-resteasy,hammock-project/hammock,https://github.com/hammock-project/hammock/commit/fd7cc5efd9f9b77632dca0f81b149423dba45d3a,2017-01-22 01:26:39,2,Transparent,T3,T3,False,Medium,5.0,,2016-09-21 23:53:48,2016-09-22 10:25:17,2016-09-30 22:31:33,2016-09-07,122.06447916666667,121.62594907407407,113.12159722222222,137.0601736111111,After Release,2016,31,0,49.0,2.0,459.0
CVE-2016-6346,org.jboss.resteasy:resteasy-jaxrs,com.alibaba:dubbo,apache/incubator-dubbo,https://github.com/apache/incubator-dubbo/commit/26f39d57ff0d08534971ecdf2e5b4bc46ff5af4e,2018-01-11 07:41:44,3,Transparent,T3,T3,False,Medium,5.0,,2016-09-21 23:53:48,2016-09-22 10:25:17,2016-09-30 22:31:33,2016-09-07,476.3249537037037,475.8864236111111,467.38207175925925,491.32064814814817,After Release,2016,31,0,67512.0,1015.0,459.0
CVE-2016-6346,org.jboss.resteasy:resteasy-jaxrs,com.voodoodyne.gstrap:gstrap,stickfigure/gstrap,https://github.com/stickfigure/gstrap/commit/b2bb51f033facfc406effc1029f4d66ddd9ccfdd,2017-01-19 00:45:55,2,Transparent,T3,T3,False,Medium,5.0,,2016-09-21 23:53:48,2016-09-22 10:25:17,2016-09-30 22:31:33,2016-09-07,119.03619212962963,118.59766203703704,110.09331018518519,134.03188657407406,After Release,2016,31,0,705.0,25.0,459.0
CVE-2017-8028,org.springframework.ldap:spring-ldap-core,org.ikasan:ikasan-security,ikasanEIP/ikasan,https://github.com/ikasanEIP/ikasan/commit/8057c231bb5ed2c75ece9c53dd973a316c91bf0f,2019-03-20 12:08:15,3,Transparent,T1,T1,False,Medium,5.1,CWE-287,2016-11-18 13:56:48,2017-10-06 14:25:31,2017-10-06 20:37:46,2017-11-27,851.9246180555556,529.904675925926,529.6461689814815,478.50572916666664,After Disclosure,2017,19,0,3582.0,41.0,118.0
CVE-2017-8028,org.springframework.ldap:spring-ldap-core,org.jasig.service.persondir:person-directory-impl,Jasig/person-directory,https://github.com/Jasig/person-directory/commit/f259c80247cec524d7727df1c39277c6a2c56a27,2019-01-31 08:18:20,1,Transparent,T1,T1,False,Medium,5.1,CWE-287,2016-11-18 13:56:48,2017-10-06 14:25:31,2017-10-06 20:37:46,2017-11-27,803.7649537037037,481.74501157407406,481.4865046296296,430.34606481481484,After Disclosure,2017,19,0,4894.0,83.0,118.0
CVE-2016-9879,org.springframework.security:spring-security-web,org.activiti:activiti-rest,Activiti/Activiti,https://github.com/Activiti/Activiti/commit/a1c9dbc45b95a03063a25a6105993e63f2ada001,2017-06-08 15:53:09,4,Transparent,T1,T1,False,Medium,5.0,CWE-417,2016-12-21 14:55:50,2016-12-21 09:04:00,2016-12-21 17:23:28,2017-01-06,169.03980324074075,169.28413194444445,168.9372800925926,153.66190972222222,After Disclosure,2017,41,0,14229.0,207.0,1221.0
CVE-2016-9879,org.springframework.security:spring-security-web,de.terrestris:shogun2-core,terrestris/shogun2,https://github.com/terrestris/shogun2/commit/6967a2ecb32c5f5f0bc5e743e6c26be7d392c497,2017-03-15 09:18:28,2,Transparent,T1,T1,False,Medium,5.0,CWE-417,2016-12-21 14:55:50,2016-12-21 09:04:00,2016-12-21 17:23:28,2017-01-06,83.7657175925926,84.0100462962963,83.66319444444444,68.38782407407408,After Disclosure,2017,41,0,12913.5,237.0,1221.0
CVE-2016-9879,org.springframework.security:spring-security-web,org.duracloud:security,duracloud/duracloud,https://github.com/duracloud/duracloud/commit/c531e378aae7732aa5df1aeb01e4c9436e4ce9d0,2021-12-02 21:16:21,1,Transparent,T1,T1,False,Medium,5.0,CWE-417,2016-12-21 14:55:50,2016-12-21 09:04:00,2016-12-21 17:23:28,2017-01-06,1807.2642476851852,1807.508576388889,1807.1617245370371,1791.8863541666667,After Disclosure,2017,41,0,2592.0,38.0,1221.0
CVE-2016-9879,org.springframework.security:spring-security-web,org.carewebframework:org.carewebframework.security.spring.core,carewebframework/carewebframework-core,https://github.com/carewebframework/carewebframework-core/commit/01e5f3c958ee1a1d72dbf82312ac2cea656f909b,2017-03-06 05:31:28,2,Transparent,T1,T1,False,Medium,5.0,CWE-417,2016-12-21 14:55:50,2016-12-21 09:04:00,2016-12-21 17:23:28,2017-01-06,74.6080787037037,74.85240740740741,74.50555555555556,59.230185185185185,After Disclosure,2017,41,0,1203.0,16.0,1221.0
CVE-2016-9879,org.springframework.security:spring-security-web,ee.telekom.workflow:workflow-web,zutnop/telekom-workflow-engine,https://github.com/zutnop/telekom-workflow-engine/commit/826af50221e5eab8744393fd072fc2e64f1165bc,2019-11-14 08:24:32,2,Transparent,T1,T1,False,Medium,5.0,CWE-417,2016-12-21 14:55:50,2016-12-21 09:04:00,2016-12-21 17:23:28,2017-01-06,1057.728263888889,1057.9725925925925,1057.6257407407406,1042.3503703703705,After Disclosure,2017,41,0,1801.0,34.0,1221.0
CVE-2016-9879,org.springframework.security:spring-security-web,com.erudika:para-server,Erudika/para,https://github.com/Erudika/para/commit/f62c4d0f634eeaf3596df0e9eea08c2cfb443ed8,2017-01-03 23:11:34,1,Transparent,T1,T1,False,Medium,5.0,CWE-417,2016-12-21 14:55:50,2016-12-21 09:04:00,2016-12-21 17:23:28,2017-01-06,13.344259259259259,13.588587962962963,13.241736111111111,-2.033634259259259,Release->Disclosure,2017,41,0,9204.0,126.0,1221.0
CVE-2016-9879,org.springframework.security:spring-security-web,ca.bc.gov.open.cpf:cpf-api-app,bcgov/cpf,https://github.com/bcgov/cpf/commit/a4ab47c1652f7d2fac0aacc48986e27bfc59f2c2,2019-01-04 15:47:51,2,Transparent,T1,T1,False,Medium,5.0,CWE-417,2016-12-21 14:55:50,2016-12-21 09:04:00,2016-12-21 17:23:28,2017-01-06,744.0361226851852,744.2804513888889,743.933599537037,728.6582291666666,After Disclosure,2017,41,0,14111.0,85.0,1221.0
CVE-2016-6802,org.apache.shiro:shiro-web,org.tynamo:tapestry-security,tynamo/tapestry-security,https://github.com/tynamo/tapestry-security/commit/5e28d29f0e2e9d04bf3b815d2f8df8653ad3298f,2017-03-29 19:43:25,1,Silent,S1,S1,False,Medium,5.0,CWE-284,,2016-09-09 16:26:57,2016-09-09 17:52:32,2016-09-20,,201.13643518518518,201.07700231481482,190.82181712962964,After Disclosure,2016,59,0,2765.0,69.0,417.0
CVE-2016-6802,org.apache.shiro:shiro-web,com.flowlogix:flowlogix-tapestry-gwt,flowlogix/flowlogix,https://github.com/flowlogix/flowlogix/commit/54616ea2e0b02ffe2b4afda2843bd1ffa946a400,2017-01-03 00:55:37,3,Silent,S1,S1,False,Medium,5.0,CWE-284,,2016-09-09 16:26:57,2016-09-09 17:52:32,2016-09-20,,115.35324074074074,115.29380787037037,105.03862268518519,After Disclosure,2016,59,0,270.0,7.0,417.0
CVE-2016-6802,org.apache.shiro:shiro-web,org.wicketstuff:wicketstuff-shiro,wicketstuff/core,https://github.com/wicketstuff/core/commit/8197b4bb690eb9035a70c8e6b05ca305c473f9e4,2017-08-07 16:26:44,1,Silent,S1,S1,False,Medium,5.0,CWE-284,,2016-09-09 16:26:57,2016-09-09 17:52:32,2016-09-20,,331.99984953703705,331.9404166666667,321.6852314814815,After Disclosure,2016,59,0,806.0,21.0,417.0
CVE-2016-6802,org.apache.shiro:shiro-web,de.hu-berlin.german.korpling.annis:annis-service,korpling/ANNIS,https://github.com/korpling/ANNIS/commit/24bed916e4a6042dce981441d2e1f1185721f6da,2018-08-09 16:28:37,2,Silent,S1,S1,False,Medium,5.0,CWE-284,,2016-09-09 16:26:57,2016-09-09 17:52:32,2016-09-20,,699.0011574074074,698.9417245370371,688.6865393518518,After Disclosure,2016,59,0,19624.0,252.0,417.0
CVE-2016-6802,org.apache.shiro:shiro-web,com.github.sogyf:goja-boot,GojaFramework/goja,https://github.com/GojaFramework/goja/commit/fa2685659c4972308d38c92b62d71d30f0634720,2016-10-08 06:47:53,2,Silent,S1,S1,False,Medium,5.0,CWE-284,,2016-09-09 16:26:57,2016-09-09 17:52:32,2016-09-20,,28.59787037037037,28.5384375,18.283252314814813,After Disclosure,2016,59,0,6797.5,127.5,417.0
CVE-2016-6802,org.apache.shiro:shiro-web,com.freedomotic:restapi-v3,freedomotic/freedomotic,https://github.com/freedomotic/freedomotic/commit/73fe5737f49f952a4a1ccc2169a881b6d0c9c9ee,2016-12-09 15:05:27,2,Silent,S1,S1,False,Medium,5.0,CWE-284,,2016-09-09 16:26:57,2016-09-09 17:52:32,2016-09-20,,90.94340277777778,90.8839699074074,80.62878472222222,After Disclosure,2016,59,0,3004.0,44.0,417.0
CVE-2016-6802,org.apache.shiro:shiro-web,com.enioka.jqm:jqm-api-client-hibernate,enioka/jqm,https://github.com/enioka/jqm/commit/f1daa50744747253d9d3aa176111c9803b030e2f,2016-10-16 11:59:42,1,Silent,S1,S1,False,Medium,5.0,CWE-284,,2016-09-09 16:26:57,2016-09-09 17:52:32,2016-09-20,,36.81440972222222,36.75497685185185,26.499791666666667,After Disclosure,2016,59,0,1070.0,3.0,417.0
CVE-2016-6802,org.apache.shiro:shiro-web,com.erigir:wrench-shiro-oauth,bitblit/wrench,https://github.com/bitblit/wrench/commit/e2aa4c793a38c341675bb7a8725abb73b4893754,2017-09-08 20:07:32,2,Silent,S1,S1,False,Medium,5.0,CWE-284,,2016-09-09 16:26:57,2016-09-09 17:52:32,2016-09-20,,364.15318287037036,364.09375,353.8385648148148,After Disclosure,2016,59,0,1300.5,17.0,417.0
CVE-2016-6802,org.apache.shiro:shiro-web,io.buji:buji-pac4j,bujiio/buji-pac4j,https://github.com/bujiio/buji-pac4j/commit/8e86373c2ff2ebbb0e9732dc1450c5589b8a3abd,2016-09-13 11:33:23,1,Silent,S1,S1,False,Medium,5.0,CWE-284,,2016-09-09 16:26:57,2016-09-09 17:52:32,2016-09-20,,3.7961342592592593,3.7367013888888887,-6.518483796296296,Release->Disclosure,2016,59,0,423.0,9.0,417.0
CVE-2016-6802,org.apache.shiro:shiro-web,org.nutz:nutz-integration-shiro,nutzam/nutzmore,https://github.com/nutzam/nutzmore/commit/0225b35c3d08a75e4260229db3d32f5d919003a9,2016-09-23 07:03:54,1,Silent,S1,S1,False,Medium,5.0,CWE-284,,2016-09-09 16:26:57,2016-09-09 17:52:32,2016-09-20,,13.608993055555555,13.549560185185186,3.294375,After Disclosure,2016,59,0,1025.0,22.0,417.0
CVE-2016-6802,org.apache.shiro:shiro-web,com.github.dblock.waffle:waffle-shiro,dblock/waffle,https://github.com/dblock/waffle/commit/0b3cf491a0c04a960abed39b5bc09a8d40e3f456,2016-10-04 01:44:14,1,Silent,S1,S1,False,Medium,5.0,CWE-284,,2016-09-09 16:26:57,2016-09-09 17:52:32,2016-09-20,,24.387002314814815,24.327569444444446,14.072384259259259,After Disclosure,2016,59,0,612.0,12.0,417.0
CVE-2020-1745,io.undertow:undertow-core,com.networknt:stateless-auth,networknt/light-spa-4j,https://github.com/networknt/light-spa-4j/commit/84e28c6484d9dff476bf0684a6a6557b0fbbcff6,2020-03-26 15:36:30,1,Silent,S1,S1,False,High,7.5,,,2020-03-05 04:15:33,2020-03-11 01:31:50,2020-04-28,,21.472881944444445,15.586574074074074,-32.34965277777778,Release->Disclosure,2020,91,0,351.5,2.0,2470.0
CVE-2020-1745,io.undertow:undertow-core,xyz.gianlu.librespot:librespot-api,librespot-org/librespot-java,https://github.com/librespot-org/librespot-java/commit/33cd67384f3eb2b52477ed32e40c4c4156a031a5,2020-05-06 14:36:12,1,Silent,S1,S1,False,High,7.5,,,2020-03-05 04:15:33,2020-03-11 01:31:50,2020-04-28,,62.43100694444445,56.544699074074074,8.608472222222222,After Disclosure,2020,91,0,655438.0,7435.0,2470.0
CVE-2020-1745,io.undertow:undertow-core,com.networknt:dump,networknt/light-4j,https://github.com/networknt/light-4j/commit/c1c27c169b4439dc79923cd522a3d905c524c0ce,2020-03-26 15:36:06,1,Silent,S1,S1,False,High,7.5,,,2020-03-05 04:15:33,2020-03-11 01:31:50,2020-04-28,,21.472604166666667,15.586296296296297,-32.34993055555555,Release->Disclosure,2020,91,0,95.0,1.0,2470.0
CVE-2020-1745,io.undertow:undertow-core,com.networknt:graphql-validator,networknt/light-graphql-4j,https://github.com/networknt/light-graphql-4j/commit/24f612f97a630dcb23cb06bfdc1f4f1ce3748d59,2020-03-26 15:36:15,1,Silent,S1,S1,False,High,7.5,,,2020-03-05 04:15:33,2020-03-11 01:31:50,2020-04-28,,21.472708333333333,15.586400462962963,-32.349826388888886,Release->Disclosure,2020,91,0,121.0,3.0,2470.0
CVE-2020-1745,io.undertow:undertow-core,com.networknt:openapi-meta,networknt/light-rest-4j,https://github.com/networknt/light-rest-4j/commit/3adf287880322d4eadb9414199dc08328c4d711b,2020-03-26 15:36:12,1,Silent,S1,S1,False,High,7.5,,,2020-03-05 04:15:33,2020-03-11 01:31:50,2020-04-28,,21.472673611111112,15.58636574074074,-32.34986111111111,Release->Disclosure,2020,91,0,338.0,6.0,2470.0
CVE-2020-1745,io.undertow:undertow-core,com.networknt:rpc-router,networknt/light-hybrid-4j,https://github.com/networknt/light-hybrid-4j/commit/92c6b3e6560707148cac9aa0c753f366d6ad7253,2020-03-26 15:36:19,1,Silent,S1,S1,False,High,7.5,,,2020-03-05 04:15:33,2020-03-11 01:31:50,2020-04-28,,21.47275462962963,15.586446759259259,-32.349780092592596,Release->Disclosure,2020,91,0,1541.5,15.0,2470.0
CVE-2020-1745,io.undertow:undertow-core,io.mangoo:mangooio-core,svenkubiak/mangooio,https://github.com/svenkubiak/mangooio/commit/dbd71586f53e84dd70c9cdec00e1f5d7ccf7d7a6,2020-03-12 08:46:25,1,Silent,S1,S1,False,High,7.5,,,2020-03-05 04:15:33,2020-03-11 01:31:50,2020-04-28,,7.188101851851852,1.3017939814814814,-46.63443287037037,Release->Disclosure,2020,91,0,7903.5,109.0,2470.0
CVE-2020-1745,io.undertow:undertow-core,org.keycloak:keycloak-undertow-adapter,keycloak/keycloak,https://github.com/keycloak/keycloak/commit/d4eeed306be1bb0a605c5d1154c33a1aabc7fb96,2020-04-24 11:19:43,1,Silent,S1,S1,False,High,7.5,,,2020-03-05 04:15:33,2020-03-11 01:31:50,2020-04-28,,50.29456018518518,44.40825231481482,-3.527974537037037,Release->Disclosure,2020,91,0,1052.0,24.0,2470.0
CVE-2020-1745,io.undertow:undertow-core,io.jooby:jooby-utow,jooby-project/jooby,https://github.com/jooby-project/jooby/commit/f7109c2d33d6895fe5c77ea78981dd154d74416c,2020-05-13 16:28:28,1,Silent,S1,S1,False,High,7.5,,,2020-03-05 04:15:33,2020-03-11 01:31:50,2020-04-28,,69.5089699074074,63.62266203703704,15.686435185185186,After Disclosure,2020,91,0,1711.0,15.0,2470.0
CVE-2020-1745,io.undertow:undertow-core,com.networknt:session-core,networknt/light-session-4j,https://github.com/networknt/light-session-4j/commit/d994271d2861aeb6a1bfbb7950b26883b27362d2,2020-03-26 15:36:26,1,Silent,S1,S1,False,High,7.5,,,2020-03-05 04:15:33,2020-03-11 01:31:50,2020-04-28,,21.47283564814815,15.586527777777778,-32.349699074074074,Release->Disclosure,2020,91,0,333.0,6.0,2470.0
CVE-2020-11995,org.apache.dubbo:dubbo,com.alibaba.csp:sentinel-apache-dubbo-adapter,alibaba/Sentinel,https://github.com/alibaba/Sentinel/commit/0a287fe84f56dff6972e997695d8293931df2079,2021-12-13 01:50:31,2,Transparent,T1,T1,False,High,7.5,CWE-502,2020-06-28 14:25:39,2020-07-08 10:38:12,2020-07-17 17:10:40,2021-01-11,532.4756018518518,522.6335532407408,513.3610069444444,336.0767476851852,After Disclosure,2021,23,0,312.0,10.0,30932.0
CVE-2020-1695,org.jboss.resteasy:resteasy-jaxrs,com.peterphi.std.guice:stdlib-guice-common,petergeneric/stdlib,https://github.com/petergeneric/stdlib/commit/407759dbea6418e32cd59df6b881e0338b8160bf,2020-05-22 17:01:43,1,Silent,S1,S1,False,Medium,5.0,,,2020-05-11 15:18:19,2020-05-17 13:43:48,2020-05-19,,11.071805555555555,5.13744212962963,3.709525462962963,After Disclosure,2020,31,0,8070.0,152.0,840.0
CVE-2020-1695,org.jboss.resteasy:resteasy-jaxrs,org.wildfly:wildfly-jaxrs,wildfly/wildfly,https://github.com/wildfly/wildfly/commit/25b47bf45d67c905466e9ff21cd83b68ddf1614d,2020-05-17 20:10:12,1,Silent,S1,S1,False,Medium,5.0,,,2020-05-11 15:18:19,2020-05-17 13:43:48,2020-05-19,,6.2026967592592595,0.2683333333333333,-1.1595833333333334,Release->Disclosure,2020,31,0,1481.0,22.0,840.0
CVE-2021-28168,org.glassfish.jersey.core:jersey-common,com.erudika:para-client,Erudika/para,https://github.com/Erudika/para/commit/7c3c92a5362603c5bbbd3355347bf0f36d508d21,2021-04-25 09:38:29,1,Transparent,T1,T1,False,Low,2.1,CWE-668,2021-02-03 08:59:02,2021-03-04 11:36:50,2021-04-16 19:52:46,2021-04-22,81.02739583333333,51.9178125,8.573414351851852,3.4017245370370373,After Disclosure,2021,16,0,945.0,1.0,459.0
CVE-2016-4437,org.apache.shiro:shiro-core,com.github.jnoee:coo.core.security,jnoee/coo,https://github.com/jnoee/coo/commit/cefcd2d56296c26d0f4e878a8ec9817d082ce0bc,2016-08-01 01:33:14,2,Silent,S2,S2,False,Medium,6.8,CWE-284,,2016-05-06 16:22:45,2016-11-10 17:33:15,2016-06-07,,86.3822800925926,-101.66667824074074,55.06474537037037,Disclosure->Release,2016,77,0,1938.0,30.0,265.0
CVE-2016-4437,org.apache.shiro:shiro-core,com.flowlogix:flowlogix-tapestry,flowlogix/flowlogix,https://github.com/flowlogix/flowlogix/commit/54616ea2e0b02ffe2b4afda2843bd1ffa946a400,2017-01-03 00:55:37,3,Silent,S2,S2,False,Medium,6.8,CWE-284,,2016-05-06 16:22:45,2016-11-10 17:33:15,2016-06-07,,241.3561574074074,53.30719907407408,210.03862268518517,After Release,2016,77,0,1895.0,53.0,265.0
CVE-2016-4437,org.apache.shiro:shiro-core,org.crazycake:shiro-redis,alexxiyang/shiro-redis,https://github.com/alexxiyang/shiro-redis/commit/70465837ca752b297d4df73a7f993c5d30bc5a19,2018-03-18 08:17:03,1,Silent,S2,S2,False,Medium,6.8,CWE-284,,2016-05-06 16:22:45,2016-11-10 17:33:15,2016-06-07,,680.6627083333333,492.61375,649.3451736111111,After Release,2016,77,0,700.0,8.5,265.0
CVE-2016-4437,org.apache.shiro:shiro-core,org.amebastack.security:ameba-shiro,intelligentcode/ameba-shiro,https://github.com/intelligentcode/ameba-shiro/commit/58d42e379602aaa29eb53fc9004c7c9474577c58,2016-07-26 06:54:34,1,Silent,S2,S2,False,Medium,6.8,CWE-284,,2016-05-06 16:22:45,2016-11-10 17:33:15,2016-06-07,,80.60542824074074,-107.4435300925926,49.287893518518516,Disclosure->Release,2016,77,0,1086.0,33.0,265.0
CVE-2016-4437,org.apache.shiro:shiro-core,com.stormpath.shiro:stormpath-shiro-core,stormpath/stormpath-shiro,https://github.com/stormpath/stormpath-shiro/commit/a21d7635b46c95b9203285c898db4afb6c89200a,2016-07-18 20:00:45,1,Silent,S2,S2,False,Medium,6.8,CWE-284,,2016-05-06 16:22:45,2016-11-10 17:33:15,2016-06-07,,73.15138888888889,-114.89756944444444,41.83385416666667,Disclosure->Release,2016,77,0,497.0,10.5,265.0
CVE-2016-4437,org.apache.shiro:shiro-core,de.hu-berlin.german.korpling.annis:annis-service,korpling/ANNIS,https://github.com/korpling/ANNIS/commit/24bed916e4a6042dce981441d2e1f1185721f6da,2018-08-09 16:28:37,2,Silent,S2,S2,False,Medium,6.8,CWE-284,,2016-05-06 16:22:45,2016-11-10 17:33:15,2016-06-07,,825.0040740740741,636.9551157407408,793.6865393518518,After Release,2016,77,0,19624.0,252.0,265.0
CVE-2016-4437,org.apache.shiro:shiro-core,org.smallmind:smallmind-nutsnbolts,zenbones/SmallMind,https://github.com/zenbones/SmallMind/commit/7be0b26fe82649b26250f647de569cc0331a7fad,2020-06-07 21:54:20,1,Silent,S2,S2,False,Medium,6.8,CWE-284,,2016-05-06 16:22:45,2016-11-10 17:33:15,2016-06-07,,1493.2302662037036,1305.1813078703703,1461.9127314814814,After Release,2016,77,0,13821.0,389.0,265.0
CVE-2016-4437,org.apache.shiro:shiro-core,com.erigir:wrench-shiro-oauth,bitblit/wrench,https://github.com/bitblit/wrench/commit/e2aa4c793a38c341675bb7a8725abb73b4893754,2017-09-08 20:07:32,2,Silent,S2,S2,False,Medium,6.8,CWE-284,,2016-05-06 16:22:45,2016-11-10 17:33:15,2016-06-07,,490.15609953703705,302.1071412037037,458.8385648148148,After Release,2016,77,0,1300.5,17.0,265.0
CVE-2016-4437,org.apache.shiro:shiro-core,org.wicketstuff:wicketstuff-shiro,wicketstuff/core,https://github.com/wicketstuff/core/commit/65b2ff352ddbc711516c240391f5a797dc326f20,2016-07-17 11:59:50,2,Silent,S2,S2,False,Medium,6.8,CWE-284,,2016-05-06 16:22:45,2016-11-10 17:33:15,2016-06-07,,71.81741898148148,-116.23153935185185,40.49988425925926,Disclosure->Release,2016,77,0,806.0,21.0,265.0
CVE-2016-4437,org.apache.shiro:shiro-core,io.buji:buji-pac4j-core,bujiio/buji-pac4j,https://github.com/bujiio/buji-pac4j/commit/6e5e1114e01d90519eff043544574b93c7ac34f7,2016-07-12 14:06:39,1,Silent,S2,S2,False,Medium,6.8,CWE-284,,2016-05-06 16:22:45,2016-11-10 17:33:15,2016-06-07,,66.90548611111112,-121.14347222222223,35.58795138888889,Disclosure->Release,2016,77,0,186.0,3.0,265.0
CVE-2016-4437,org.apache.shiro:shiro-core,com.github.sogyf:goja-boot,GojaFramework/goja,https://github.com/GojaFramework/goja/commit/fa2685659c4972308d38c92b62d71d30f0634720,2016-10-08 06:47:53,2,Silent,S2,S2,False,Medium,6.8,CWE-284,,2016-05-06 16:22:45,2016-11-10 17:33:15,2016-06-07,,154.60078703703704,-33.448171296296294,123.28325231481482,Disclosure->Release,2016,77,0,6797.5,127.5,265.0
CVE-2016-4437,org.apache.shiro:shiro-core,com.freedomotic:freedomotic-core,freedomotic/freedomotic,https://github.com/freedomotic/freedomotic/commit/73fe5737f49f952a4a1ccc2169a881b6d0c9c9ee,2016-12-09 15:05:27,2,Silent,S2,S2,False,Medium,6.8,CWE-284,,2016-05-06 16:22:45,2016-11-10 17:33:15,2016-06-07,,216.94631944444444,28.89736111111111,185.62878472222224,After Release,2016,77,0,13137.0,223.0,265.0
CVE-2018-1002200,org.codehaus.plexus:plexus-archiver,ro.kuberam.maven.plugins:kuberam-expath-plugin,claudius108/kuberam-expath-plugin,https://github.com/claudius108/kuberam-expath-plugin/commit/c91680e4423ef967c437e9352bc9ef0492fe2684,2018-08-13 07:50:35,1,Transparent,T1,T1,False,Medium,4.3,CWE-22,2018-05-06 10:50:46,2018-05-06 13:43:08,2018-05-06 14:13:22,2018-07-25,98.87487268518518,98.7551736111111,98.73417824074075,19.326793981481483,After Disclosure,2018,21,0,999.0,17.0,17.0
CVE-2018-1002200,org.codehaus.plexus:plexus-archiver,com.ea.async:ea-async-maven-plugin,electronicarts/ea-async,https://github.com/electronicarts/ea-async/commit/bbb45620d0b1d6623dd7c56938ad9d39f60451bc,2018-07-29 04:11:41,1,Transparent,T1,T1,False,Medium,4.3,CWE-22,2018-05-06 10:50:46,2018-05-06 13:43:08,2018-05-06 14:13:22,2018-07-25,83.7228587962963,83.60315972222222,83.58216435185186,4.174780092592592,After Disclosure,2018,21,0,253.0,3.0,17.0
CVE-2018-1002200,org.codehaus.plexus:plexus-archiver,com.github.alexcojocaru:elasticsearch-maven-plugin,alexcojocaru/elasticsearch-maven-plugin,https://github.com/alexcojocaru/elasticsearch-maven-plugin/commit/850a58d9bde858e3d317ebeb27cb9196d7f21941,2022-06-30 15:22:55,1,Transparent,T1,T1,False,Medium,4.3,CWE-22,2018-05-06 10:50:46,2018-05-06 13:43:08,2018-05-06 14:13:22,2018-07-25,1516.1889930555556,1516.0692939814815,1516.048298611111,1436.640914351852,After Disclosure,2018,21,0,580.0,12.0,17.0
CVE-2018-1002200,org.codehaus.plexus:plexus-archiver,com.github.veithen.phos:jacoco-maven-plugin,veithen/phos,https://github.com/veithen/phos/commit/34aefad4d05b41ce363c4220dad24b1bb5de1b7f,2020-12-23 14:53:50,1,Transparent,T1,T1,False,Medium,4.3,CWE-22,2018-05-06 10:50:46,2018-05-06 13:43:08,2018-05-06 14:13:22,2018-07-25,962.1687962962963,962.0490972222223,962.0281018518518,882.6207175925925,After Disclosure,2018,21,0,209.0,2.0,17.0
CVE-2011-2894,org.springframework:spring-core,org.springframework.webflow:spring-binding,spring-projects/spring-webflow,https://github.com/spring-projects/spring-webflow/commit/dddcf7a25810420b243496822a31f33b91e32eaf,2012-03-26 22:20:09,1,Silent,S1,S1,False,Medium,6.8,CWE-502,,2011-07-21 09:05:59,2011-08-19 01:25:03,2011-10-04,,249.55150462962962,220.87159722222222,174.93065972222223,After Disclosure,2011,185,0,5411.0,134.0,653.0
CVE-2011-2894,org.springframework:spring-core,net.javacrumbs:smock-http-metro,lukas-krecan/smock,https://github.com/lukas-krecan/smock/commit/c145d3b75b51570ffab85455bdde524ccff2b370,2017-09-25 19:04:42,3,Silent,S1,S1,False,Medium,6.8,CWE-502,,2011-07-21 09:05:59,2011-08-19 01:25:03,2011-10-04,,2258.4157754629628,2229.7358680555553,2183.7949305555558,After Disclosure,2011,185,0,62.0,3.0,653.0
CVE-2011-2894,org.springframework:spring-core,org.springframework.amqp:spring-amqp,spring-projects/spring-amqp,https://github.com/spring-projects/spring-amqp/commit/9a4dffe2acca32dd3718d61ed58d98b3d1a45e98,2012-05-30 15:06:42,1,Silent,S1,S1,False,Medium,6.8,CWE-502,,2011-07-21 09:05:59,2011-08-19 01:25:03,2011-10-04,,314.25049768518517,285.5705902777778,239.62965277777778,After Disclosure,2011,185,0,1864.0,56.0,653.0
CVE-2011-2894,org.springframework:spring-core,org.geomajas.widget:geomajas-widget-searchandfilter,geomajas/geomajas-project-client-gwt,https://github.com/geomajas/geomajas-project-client-gwt/commit/f2fb61346f450927312fda9d38589e68097ac532,2011-08-17 12:55:23,1,Silent,S1,S1,False,Medium,6.8,CWE-502,,2011-07-21 09:05:59,2011-08-19 01:25:03,2011-10-04,,27.159305555555555,-1.5206018518518518,-47.461539351851854,Fix->Release,2011,185,0,2297.0,42.0,653.0
CVE-2011-2894,org.springframework:spring-core,org.archive.heritrix:heritrix-commons,internetarchive/heritrix3,https://github.com/internetarchive/heritrix3/commit/5f52a14afcb08b788213eed986d9cc3e47438d80,2021-02-15 07:20:00,3,Silent,S1,S1,False,Medium,6.8,CWE-502,,2011-07-21 09:05:59,2011-08-19 01:25:03,2011-10-04,,3496.926400462963,3468.2464930555557,3422.3055555555557,After Disclosure,2011,185,0,6160.0,94.0,653.0
CVE-2011-2894,org.springframework:spring-core,org.javasimon:javasimon-spring,virgo47/javasimon,https://github.com/virgo47/javasimon/commit/dbf0fc08e16086964cd7b1213a722fa4037f4371,2012-02-17 20:51:06,1,Silent,S1,S1,False,Medium,6.8,CWE-502,,2011-07-21 09:05:59,2011-08-19 01:25:03,2011-10-04,,211.48966435185184,182.80975694444444,136.86881944444445,After Disclosure,2011,185,0,94.0,5.0,653.0
CVE-2011-2894,org.springframework:spring-core,org.fishwife:jrugged-spring,Comcast/jrugged,https://github.com/Comcast/jrugged/commit/76777e9b25088b1afa8ebf711f727c5633636e0b,2015-06-25 20:06:47,3,Silent,S1,S1,False,Medium,6.8,CWE-502,,2011-07-21 09:05:59,2011-08-19 01:25:03,2011-10-04,,1435.4588888888889,1406.7789814814814,1360.8380439814814,After Disclosure,2011,185,0,1414.0,41.0,653.0
CVE-2011-2894,org.springframework:spring-core,com.custardsource.parfait:parfait-jmx,performancecopilot/parfait,https://github.com/performancecopilot/parfait/commit/ac6d15595c23225c45e222b2ad52c5156cd7bb62,2016-04-14 05:56:18,3,Silent,S1,S1,False,Medium,6.8,CWE-502,,2011-07-21 09:05:59,2011-08-19 01:25:03,2011-10-04,,1728.8682754629629,1700.1883680555557,1654.2474305555556,After Disclosure,2011,185,0,349.0,7.0,653.0
CVE-2011-2894,org.springframework:spring-core,org.springframework.ldap:spring-ldap-ldif-batch,SpringSource/spring-ldap,https://github.com/SpringSource/spring-ldap/commit/63692ed30a11414ae3b03678c29a453f3c70b35d,2013-08-16 06:44:22,1,Silent,S1,S1,False,Medium,6.8,CWE-502,,2011-07-21 09:05:59,2011-08-19 01:25:03,2011-10-04,,756.9016550925926,728.2217476851852,682.2808101851851,After Disclosure,2011,185,0,215.0,5.0,653.0
CVE-2011-2894,org.springframework:spring-core,org.springframework.ws:spring-ws-core,spring-projects/spring-ws,https://github.com/spring-projects/spring-ws/commit/6e3ce6a05a1166fd95bcc82dda2acd43712ebc9e,2011-10-06 09:16:45,1,Silent,S1,S1,False,Medium,6.8,CWE-502,,2011-07-21 09:05:59,2011-08-19 01:25:03,2011-10-04,,77.00747685185185,48.32756944444444,2.3866319444444444,After Disclosure,2011,185,0,18021.0,374.0,653.0
CVE-2011-2894,org.springframework:spring-core,org.springframework.ldap:spring-ldap-ldif-core,spring-projects/spring-ldap,https://github.com/spring-projects/spring-ldap/commit/63692ed30a11414ae3b03678c29a453f3c70b35d,2013-08-16 06:44:22,1,Silent,S1,S1,False,Medium,6.8,CWE-502,,2011-07-21 09:05:59,2011-08-19 01:25:03,2011-10-04,,756.9016550925926,728.2217476851852,682.2808101851851,After Disclosure,2011,185,0,824.0,14.0,653.0
CVE-2011-2894,org.springframework:spring-core,org.powermock.examples:powermock-examples-spring-mockito-xml,jayway/powermock,https://github.com/jayway/powermock/commit/8c605c6fbcb74e726c0c53d17c9a417048b90c20,2016-12-03 14:09:36,3,Silent,S1,S1,False,Medium,6.8,CWE-502,,2011-07-21 09:05:59,2011-08-19 01:25:03,2011-10-04,,1962.2108449074074,1933.5309375,1887.59,After Disclosure,2011,185,0,89.0,4.0,653.0
CVE-2011-2894,org.springframework:spring-core,org.jdal:jdal-swing,chelu/jdal,https://github.com/chelu/jdal/commit/a406fb4044df647d91d292be877b6b3fa477e73b,2012-03-07 00:03:13,1,Silent,S1,S1,False,Medium,6.8,CWE-502,,2011-07-21 09:05:59,2011-08-19 01:25:03,2011-10-04,,229.6230787037037,200.9431712962963,155.0022337962963,After Disclosure,2011,185,0,8159.0,164.0,653.0
CVE-2011-2894,org.springframework:spring-core,org.mybatis:mybatis-spring,mybatis/spring,https://github.com/mybatis/spring/commit/3aeea8a72ee55fa07ea66006af8665891b01ac82,2011-09-05 14:50:48,1,Silent,S1,S1,False,Medium,6.8,CWE-502,,2011-07-21 09:05:59,2011-08-19 01:25:03,2011-10-04,,46.23945601851852,17.55954861111111,-28.38138888888889,Release->Disclosure,2011,185,0,966.0,18.0,653.0
CVE-2011-2894,org.springframework:spring-core,com.davidkarlsen.commonstransaction.spring:commons-transaction-spring,davidkarlsen/Commons-Transaction-Spring-Integration,https://github.com/davidkarlsen/Commons-Transaction-Spring-Integration/commit/00e5130a11b01f4c17fb94945b4ab41a9f91dfc1,2012-10-26 13:40:16,1,Silent,S1,S1,False,Medium,6.8,CWE-502,,2011-07-21 09:05:59,2011-08-19 01:25:03,2011-10-04,,463.19047453703706,434.51056712962964,388.5696296296296,After Disclosure,2011,185,0,329.0,4.0,653.0
CVE-2011-2894,org.springframework:spring-core,org.ektorp:org.ektorp.spring,helun/Ektorp,https://github.com/helun/Ektorp/commit/c032e61ec240961e0a6c67910a6e4f9b636ab4dc,2011-08-04 10:43:48,1,Silent,S1,S1,False,Medium,6.8,CWE-502,,2011-07-21 09:05:59,2011-08-19 01:25:03,2011-10-04,,14.067928240740741,-14.611979166666666,-60.55291666666667,Fix->Release,2011,185,0,400.0,8.0,653.0
CVE-2011-2894,org.springframework:spring-core,com.gwtplatform:gwtp-dispatch-server-spring,ArcBees/GWTP,https://github.com/ArcBees/GWTP/commit/fbe426e92d88ea9abef49d489b6223b4e0fcfaee,2012-09-06 20:23:54,1,Silent,S1,S1,False,Medium,6.8,CWE-502,,2011-07-21 09:05:59,2011-08-19 01:25:03,2011-10-04,,413.470775462963,384.79086805555556,338.84993055555555,After Disclosure,2011,185,0,457.0,18.0,653.0
CVE-2011-2894,org.springframework:spring-core,org.connid.bundles.soap:utilities,Tirasa/ConnIdSOAPBundle,https://github.com/Tirasa/ConnIdSOAPBundle/commit/263957edc59a7f5828544bb13bf18f66af51b3e6,2012-01-20 13:44:31,1,Silent,S1,S1,False,Medium,6.8,CWE-502,,2011-07-21 09:05:59,2011-08-19 01:25:03,2011-10-04,,183.19342592592594,154.5135185185185,108.57258101851852,After Disclosure,2011,185,0,627.0,11.0,653.0
CVE-2011-2894,org.springframework:spring-core,org.dspace:dspace-xmlui-wing,DSpace/DSpace,https://github.com/DSpace/DSpace/commit/083eeb186e6ae21abbef460c3ba0d6a90a8dbe79,2012-10-11 11:54:53,1,Silent,S1,S1,False,Medium,6.8,CWE-502,,2011-07-21 09:05:59,2011-08-19 01:25:03,2011-10-04,,448.1172916666667,419.43738425925926,373.49644675925924,After Disclosure,2011,185,0,5114.0,66.0,653.0
CVE-2011-2894,org.springframework:spring-core,org.fcrepo:fcrepo-server,fcrepo3/fcrepo,https://github.com/fcrepo3/fcrepo/commit/4749a229dd13f645323a34c4867ab9e4105e1a09,2012-05-18 05:23:31,1,Silent,S1,S1,False,Medium,6.8,CWE-502,,2011-07-21 09:05:59,2011-08-19 01:25:03,2011-10-04,,301.84550925925925,273.1656018518519,227.22466435185186,After Disclosure,2011,185,0,53767.0,576.0,653.0
CVE-2020-5408,org.springframework.security:spring-security-core,org.appng:appng-core,appNG/appng,https://github.com/appNG/appng/commit/0a7d83831c77a0980816b47ad1966bec30721820,2020-07-01 07:43:21,1,Transparent,T1,T1,False,Medium,4.0,CWE-330,2020-04-02 22:08:43,2020-04-07 13:48:29,2020-05-06 11:03:38,2020-05-14,89.39905092592592,84.74643518518519,55.860914351851854,48.32177083333333,After Disclosure,2020,63,0,19802.0,231.0,4252.0
CVE-2020-5408,org.springframework.security:spring-security-core,at.researchstudio.sat:won-owner,researchstudio-sat/webofneeds,https://github.com/researchstudio-sat/webofneeds/commit/58ac70152da0abc2926cb9070c3452345acefeb1,2021-01-15 13:42:08,2,Transparent,T1,T1,False,Medium,4.0,CWE-330,2020-04-02 22:08:43,2020-04-07 13:48:29,2020-05-06 11:03:38,2020-05-14,287.6482060185185,282.99559027777775,254.11006944444443,246.57092592592593,After Disclosure,2020,63,0,2293.0,42.0,4252.0
CVE-2020-5408,org.springframework.security:spring-security-core,com.kerb4j:kerb4j-server-spring-security,bedrin/kerb4j,https://github.com/bedrin/kerb4j/commit/4c7af0766714330e13f78bab68895a68f7f0ab4d,2020-09-02 22:29:53,3,Transparent,T1,T1,False,Medium,4.0,CWE-330,2020-04-02 22:08:43,2020-04-07 13:48:29,2020-05-06 11:03:38,2020-05-14,153.0146990740741,148.36208333333335,119.4765625,111.93741898148149,After Disclosure,2020,63,0,644.0,12.0,4252.0
CVE-2016-4993,io.undertow:undertow-core,io.mangoo:mangooio-core,svenkubiak/mangooio,https://github.com/svenkubiak/mangooio/commit/6e8b20d649ada97af8b336af7f00417384ad29e5,2016-09-17 18:35:06,1,Silent,S1,T4,True,Medium,4.3,CWE-93;CWE-113,,2016-09-12 11:22:27,2016-09-15 16:04:17,2016-09-26,,5.300451388888889,2.1047337962962964,-8.225625,Release->Disclosure,2016,15,0,7903.5,109.0,1038.0
CVE-2016-4993,io.undertow:undertow-core,org.keycloak:keycloak-undertow-adapter,keycloak/keycloak,https://github.com/keycloak/keycloak/commit/c4f172afe79e1546ca290645c58fac68620708e1,2017-05-26 12:29:30,1,Silent,S1,T4,True,Medium,4.3,CWE-93;CWE-113,,2016-09-12 11:22:27,2016-09-15 16:04:17,2016-09-26,,256.0465625,252.8508449074074,242.5204861111111,After Disclosure,2016,15,0,1052.0,24.0,1038.0
CVE-2020-28052,org.bouncycastle:bcprov-jdk15on,org.sejda:sejda-sambox,torakiki/sejda,https://github.com/torakiki/sejda/commit/2bb4f7d86c2e8229b06732a10686ca672a7462cf,2021-11-15 08:01:42,1,Silent,S1,S1,False,Medium,6.8,,,2020-10-28 09:37:17,2020-11-01 17:29:56,2020-12-17,,382.9336226851852,378.6053935185185,333.33451388888886,After Disclosure,2020,127,0,6491.0,100.0,1205.0
CVE-2020-28052,org.bouncycastle:bcprov-jdk15on,io.github.in-toto:in-toto,in-toto/in-toto-java,https://github.com/in-toto/in-toto-java/commit/98bd334e042059b1b6a262bdc5701715a3d6d1ed,2021-04-30 20:27:08,1,Silent,S1,S1,False,Medium,6.8,,,2020-10-28 09:37:17,2020-11-01 17:29:56,2020-12-17,,184.45128472222223,180.12305555555557,134.85217592592593,After Disclosure,2020,127,0,539.0,11.0,1205.0
CVE-2020-28052,org.bouncycastle:bcprov-jdk15on,dev.paseto:jpaseto-bouncy-castle,paseto-toolkit/jpaseto,https://github.com/paseto-toolkit/jpaseto/commit/77a24983834999f2b8627eb64299e2c2b8aeba4b,2021-04-16 20:38:01,1,Silent,S1,S1,False,Medium,6.8,,,2020-10-28 09:37:17,2020-11-01 17:29:56,2020-12-17,,170.4588425925926,166.13061342592593,120.8597337962963,After Disclosure,2020,127,0,66.0,4.0,1205.0
CVE-2020-28052,org.bouncycastle:bcprov-jdk15on,com.sendgrid:sendgrid-java,sendgrid/sendgrid-java,https://github.com/sendgrid/sendgrid-java/commit/ab6708168678b7f7130e363e6f8448b1f0609186,2020-11-05 21:56:29,1,Silent,S1,S1,False,Medium,6.8,,,2020-10-28 09:37:17,2020-11-01 17:29:56,2020-12-17,,8.513333333333334,4.185104166666667,-41.085775462962964,Release->Disclosure,2020,127,0,2132.0,27.0,1205.0
CVE-2020-28052,org.bouncycastle:bcprov-jdk15on,org.jitsi:zrtp4j-light,jitsi/zrtp4j,https://github.com/jitsi/zrtp4j/commit/501679796d5d2b6004bc26cad7937aa3d0d5591d,2022-05-15 14:03:21,1,Silent,S1,S1,False,Medium,6.8,,,2020-10-28 09:37:17,2020-11-01 17:29:56,2020-12-17,,564.1847685185185,559.8565393518519,514.5856597222222,After Disclosure,2020,127,0,6037.0,58.0,1205.0
CVE-2020-28052,org.bouncycastle:bcprov-jdk15on,com.datasonnet:datasonnet-mapper,datasonnet/datasonnet-mapper,https://github.com/datasonnet/datasonnet-mapper/commit/8d02158ea5ce837e3df806e72517cb70da45a002,2021-05-07 15:40:07,1,Silent,S1,S1,False,Medium,6.8,,,2020-10-28 09:37:17,2020-11-01 17:29:56,2020-12-17,,191.2519675925926,186.92373842592593,141.6528587962963,After Disclosure,2020,127,0,9843.0,94.0,1205.0
CVE-2020-28052,org.bouncycastle:bcprov-jdk15on,dnsjava:dnsjava,dnsjava/dnsjava,https://github.com/dnsjava/dnsjava/commit/48eae36fd96a76d1845a80c58f7b29112ded155b,2021-05-01 14:23:47,1,Silent,S1,S1,False,Medium,6.8,,,2020-10-28 09:37:17,2020-11-01 17:29:56,2020-12-17,,185.19895833333334,180.87072916666668,135.59984953703704,After Disclosure,2020,127,0,19379.0,248.0,1205.0
CVE-2020-28052,org.bouncycastle:bcprov-jdk15on,no.digipost:digipost-api-client-java,digipost/digipost-api-client-java,https://github.com/digipost/digipost-api-client-java/commit/6cf6bdfcec6db4da606135c5cd4994e8fbcf6325,2021-04-30 20:25:07,1,Silent,S1,S1,False,Medium,6.8,,,2020-10-28 09:37:17,2020-11-01 17:29:56,2020-12-17,,184.44988425925925,180.1216550925926,134.85077546296296,After Disclosure,2020,127,0,7810.0,182.0,1205.0
CVE-2020-28052,org.bouncycastle:bcprov-jdk15on,org.smallmind:smallmind-ansible,zenbones/SmallMind,https://github.com/zenbones/SmallMind/commit/83d87a502816e4b2071847af42f78c3eb4a9f0e9,2021-09-01 19:48:03,1,Silent,S1,S1,False,Medium,6.8,,,2020-10-28 09:37:17,2020-11-01 17:29:56,2020-12-17,,308.4241435185185,304.09591435185183,258.8250347222222,After Disclosure,2020,127,0,269.0,6.0,1205.0
CVE-2020-28052,org.bouncycastle:bcprov-jdk15on,io.mangoo:mangooio-core,svenkubiak/mangooio,https://github.com/svenkubiak/mangooio/commit/ec2256658c46067318cea849f3742e7ed046d4ea,2020-11-04 09:09:19,1,Silent,S1,S1,False,Medium,6.8,,,2020-10-28 09:37:17,2020-11-01 17:29:56,2020-12-17,,6.980578703703704,2.652349537037037,-42.61853009259259,Release->Disclosure,2020,127,0,7903.5,109.0,1205.0
CVE-2020-28052,org.bouncycastle:bcprov-jdk15on,com.godaddy.asherah:appencryption,godaddy/asherah,https://github.com/godaddy/asherah/commit/b1ac682dce31d89114363bc6efeda821c4dd5bdb,2021-01-11 17:31:43,1,Silent,S1,S1,False,Medium,6.8,,,2020-10-28 09:37:17,2020-11-01 17:29:56,2020-12-17,,75.3294675925926,71.00123842592592,25.730358796296297,After Disclosure,2020,127,0,2561.0,65.0,1205.0
CVE-2020-28052,org.bouncycastle:bcprov-jdk15on,com.silamoney.client:SilamoneySDK,Sila-Money/sila-sdk-java,https://github.com/Sila-Money/sila-sdk-java/commit/21456af730e1019f3fd9dc0453dbb9a0d94cef2a,2021-05-11 04:59:54,1,Silent,S1,S1,False,Medium,6.8,,,2020-10-28 09:37:17,2020-11-01 17:29:56,2020-12-17,,194.8073726851852,190.47914351851853,145.2082638888889,After Disclosure,2020,127,0,5800.0,154.0,1205.0
CVE-2020-28052,org.bouncycastle:bcprov-jdk15on,com.github.shalousun:common-util,shalousun/ApplicationPower,https://github.com/shalousun/ApplicationPower/commit/e822b87a4a86e017a71008bf26a353971a4d953f,2020-12-14 17:43:34,1,Silent,S1,S1,False,Medium,6.8,,,2020-10-28 09:37:17,2020-11-01 17:29:56,2020-12-17,,47.33769675925926,43.00946759259259,-2.261412037037037,Release->Disclosure,2020,127,0,3516.0,47.0,1205.0
CVE-2020-28052,org.bouncycastle:bcprov-jdk15on,org.shredzone.acme4j:acme4j-utils,shred/acme4j,https://github.com/shred/acme4j/commit/91898ed7d195b00d61101e17c6b356d5e18028b1,2020-12-18 17:45:19,1,Silent,S1,S1,False,Medium,6.8,,,2020-10-28 09:37:17,2020-11-01 17:29:56,2020-12-17,,51.33891203703703,47.01068287037037,1.7398032407407407,After Disclosure,2020,127,0,208.0,3.0,1205.0
CVE-2020-28052,org.bouncycastle:bcprov-jdk15on,org.jitsi:jitsi-srtp,jitsi/jitsi-srtp,https://github.com/jitsi/jitsi-srtp/commit/bbf37c075173a469390e1bfa05047e2b681c795c,2021-05-25 19:25:42,1,Silent,S1,S1,False,Medium,6.8,,,2020-10-28 09:37:17,2020-11-01 17:29:56,2020-12-17,,209.40862268518518,205.08039351851852,159.8095138888889,After Disclosure,2020,127,0,2456.0,34.0,1205.0
CVE-2020-28052,org.bouncycastle:bcprov-jdk15on,dev.jlibra:jlibra-core,ketola/jlibra,https://github.com/ketola/jlibra/commit/2dddd9c0e1b293a921356902df5e314eadc0a6be,2020-11-23 23:39:48,1,Silent,S1,S1,False,Medium,6.8,,,2020-10-28 09:37:17,2020-11-01 17:29:56,2020-12-17,,26.58508101851852,22.256851851851852,-23.014027777777777,Release->Disclosure,2020,127,0,10216.0,249.0,1205.0
CVE-2020-28052,org.bouncycastle:bcprov-jdk15on,com.esaulpaugh:headlong,esaulpaugh/headlong,https://github.com/esaulpaugh/headlong/commit/1419667e70c5060c86b30cc40702a8b8959062f3,2021-01-01 00:32:58,1,Silent,S1,S1,False,Medium,6.8,,,2020-10-28 09:37:17,2020-11-01 17:29:56,2020-12-17,,64.62200231481482,60.29377314814815,15.022893518518519,After Disclosure,2020,127,0,6211.0,55.0,1205.0
CVE-2020-28052,org.bouncycastle:bcprov-jdk15on,de.captaingoldfish:scim-sdk-client,Captain-P-Goldfish/SCIM,https://github.com/Captain-P-Goldfish/SCIM/commit/78f8c1de25d1129dcc37262a27947765cef746d7,2020-12-05 11:29:29,1,Silent,S1,S1,False,Medium,6.8,,,2020-10-28 09:37:17,2020-11-01 17:29:56,2020-12-17,,38.07791666666667,33.7496875,-11.521192129629629,Release->Disclosure,2020,127,0,3351.0,51.0,1205.0
CVE-2020-28052,org.bouncycastle:bcprov-jdk15on,technology.tabula:tabula,tabulapdf/tabula-java,https://github.com/tabulapdf/tabula-java/commit/39253c5963b5506f1a302dc53d7976997765527a,2021-04-30 12:40:30,1,Silent,S1,S1,False,Medium,6.8,,,2020-10-28 09:37:17,2020-11-01 17:29:56,2020-12-17,,184.1272337962963,179.79900462962962,134.528125,After Disclosure,2020,127,0,4634.0,68.0,1205.0
CVE-2020-28052,org.bouncycastle:bcprov-jdk15on,org.drasyl:drasyl-core,drasyl-overlay/drasyl,https://github.com/drasyl-overlay/drasyl/commit/cb9d739d8b6b7e445f834110556e2932a3532517,2020-11-11 14:16:48,1,Silent,S1,S1,False,Medium,6.8,,,2020-10-28 09:37:17,2020-11-01 17:29:56,2020-12-17,,14.194108796296296,9.86587962962963,-35.405,Release->Disclosure,2020,127,0,10318.0,175.0,1205.0
CVE-2020-28052,org.bouncycastle:bcprov-jdk15on,com.helger:ph-bc,phax/ph-commons,https://github.com/phax/ph-commons/commit/63f8616a37d2792b1e3899ebf2f6a423fd9fb395,2020-11-02 18:25:06,1,Silent,S1,S1,False,Medium,6.8,,,2020-10-28 09:37:17,2020-11-01 17:29:56,2020-12-17,,5.366539351851852,1.0383101851851853,-44.232569444444444,Release->Disclosure,2020,127,0,52.0,2.0,1205.0
CVE-2020-28052,org.bouncycastle:bcprov-jdk15on,net.sf.openas2:openas2-server,OpenAS2/OpenAs2App,https://github.com/OpenAS2/OpenAs2App/commit/7678c5a1c9c06cf47985f76c7764808466dc5760,2021-05-28 09:33:48,1,Silent,S1,S1,False,Medium,6.8,,,2020-10-28 09:37:17,2020-11-01 17:29:56,2020-12-17,,211.99758101851853,207.66935185185184,162.3984722222222,After Disclosure,2020,127,0,15046.0,228.0,1205.0
CVE-2020-28052,org.bouncycastle:bcprov-jdk15on,org.pac4j:pac4j-jwt,pac4j/pac4j,https://github.com/pac4j/pac4j/commit/335aa776ab396eef9f261df0ee54b473567a4b57,2020-11-03 10:47:17,1,Silent,S1,S1,False,Medium,6.8,,,2020-10-28 09:37:17,2020-11-01 17:29:56,2020-12-17,,6.048611111111111,1.7203819444444444,-43.550497685185185,Release->Disclosure,2020,127,0,302.0,4.0,1205.0
CVE-2020-28052,org.bouncycastle:bcprov-jdk15on,cn.hyperchain:litesdk,hyperchain/javasdk,https://github.com/hyperchain/javasdk/commit/e7e2ccbb1c12233f7d35b69b33bdc58f9736b054,2021-12-14 07:44:07,1,Silent,S1,S1,False,Medium,6.8,,,2020-10-28 09:37:17,2020-11-01 17:29:56,2020-12-17,,411.92141203703704,407.59318287037036,362.3223032407407,After Disclosure,2020,127,0,34621.0,462.0,1205.0
CVE-2020-28052,org.bouncycastle:bcprov-jdk15on,com.amazon.opendistroforelasticsearch:opendistro_security,opendistro-for-elasticsearch/security,https://github.com/opendistro-for-elasticsearch/security/commit/b40ca118c3acc544b8a0fb5a260ab82e3b5cb885,2020-12-21 21:24:02,1,Silent,S1,S1,False,Medium,6.8,,,2020-10-28 09:37:17,2020-11-01 17:29:56,2020-12-17,,54.49079861111111,50.16256944444444,4.891689814814815,After Disclosure,2020,127,0,25812.0,391.0,1205.0
CVE-2020-28052,org.bouncycastle:bcprov-jdk15on,net.ripe.rpki:rpki-commons,RIPE-NCC/rpki-commons,https://github.com/RIPE-NCC/rpki-commons/commit/23f91815af79c31b3e2f289f3b7a33b02766f939,2020-11-11 08:49:15,1,Silent,S1,S1,False,Medium,6.8,,,2020-10-28 09:37:17,2020-11-01 17:29:56,2020-12-17,,13.966643518518518,9.638414351851852,-35.632465277777776,Release->Disclosure,2020,127,0,11426.0,225.0,1205.0
CVE-2014-6439,org.elasticsearch:elasticsearch,com.digitalpebble:storm-crawler,DigitalPebble/storm-crawler,https://github.com/DigitalPebble/storm-crawler/commit/b2b6f87eb9863fdb736598f3ba0927da313f0db8,2015-01-22 18:07:50,1,Transparent,T1,T1,False,Medium,4.3,CWE-79,2014-08-04 16:06:01,2014-09-09 11:22:34,2014-10-01 14:55:34,2014-10-09,171.08459490740742,135.2814351851852,113.13351851851851,105.75543981481482,After Disclosure,2014,37,0,3993.0,60.0,7043.0
CVE-2014-6439,org.elasticsearch:elasticsearch,fr.pilato.elasticsearch.river:rssriver,dadoonet/rssriver,https://github.com/dadoonet/rssriver/commit/820209d0b16ad624d93509a8135c1bdb55f4f7eb,2014-09-18 10:40:09,1,Transparent,T1,T1,False,Medium,4.3,CWE-79,2014-08-04 16:06:01,2014-09-09 11:22:34,2014-10-01 14:55:34,2014-10-09,44.7737037037037,8.970543981481482,-13.177372685185185,-20.55545138888889,Fix->Release,2014,37,0,624.5,11.5,7043.0
CVE-2014-6439,org.elasticsearch:elasticsearch,com.englishtown:vertx-mod-elasticsearch,englishtown/vertx-mod-elasticsearch,https://github.com/englishtown/vertx-mod-elasticsearch/commit/056c4078fab8d1cfe3c76566da02613e805848f7,2014-12-03 21:41:34,1,Transparent,T1,T1,False,Medium,4.3,CWE-79,2014-08-04 16:06:01,2014-09-09 11:22:34,2014-10-01 14:55:34,2014-10-09,121.23302083333333,85.42986111111111,63.28194444444444,55.90386574074074,After Disclosure,2014,37,0,476.0,13.0,7043.0
CVE-2014-6439,org.elasticsearch:elasticsearch,org.codelibs:elasticsearch-solr-api,codelibs/elasticsearch-solr-api,https://github.com/codelibs/elasticsearch-solr-api/commit/9a5b4b693574a09bcfe1a8f6b3694c4774cdd928,2014-10-13 08:33:06,1,Transparent,T1,T1,False,Medium,4.3,CWE-79,2014-08-04 16:06:01,2014-09-09 11:22:34,2014-10-01 14:55:34,2014-10-09,69.68547453703704,33.88231481481481,11.734398148148149,4.356319444444445,After Disclosure,2014,37,0,73250.0,1719.0,7043.0
CVE-2014-6439,org.elasticsearch:elasticsearch,org.codelibs:elasticsearch-dataformat,codelibs/elasticsearch-dataformat,https://github.com/codelibs/elasticsearch-dataformat/commit/c084fd52c58adda00bd43d19d3a62b4661361c2a,2014-10-13 07:57:31,1,Transparent,T1,T1,False,Medium,4.3,CWE-79,2014-08-04 16:06:01,2014-09-09 11:22:34,2014-10-01 14:55:34,2014-10-09,69.6607638888889,33.85760416666667,11.7096875,4.331608796296297,After Disclosure,2014,37,0,1074.0,22.0,7043.0
CVE-2014-6439,org.elasticsearch:elasticsearch,fr.pilato.spring:spring-elasticsearch,dadoonet/spring-elasticsearch,https://github.com/dadoonet/spring-elasticsearch/commit/3d9cbbcbcff00890ed789e9f56c9b7dab005b146,2015-01-03 13:40:45,1,Transparent,T1,T1,False,Medium,4.3,CWE-79,2014-08-04 16:06:01,2014-09-09 11:22:34,2014-10-01 14:55:34,2014-10-09,151.89912037037038,116.09596064814815,93.94804398148148,86.56996527777778,After Disclosure,2014,37,0,822.0,12.0,7043.0
CVE-2014-6439,org.elasticsearch:elasticsearch,io.fabric8.insight:insight-activemq,fabric8io/fabric8,https://github.com/fabric8io/fabric8/commit/78d0936a86e5db59e14a3c421c578657b2f408ac,2015-07-30 15:10:33,1,Transparent,T1,T1,False,Medium,4.3,CWE-79,2014-08-04 16:06:01,2014-09-09 11:22:34,2014-10-01 14:55:34,2014-10-09,359.9614814814815,324.15832175925925,302.0104050925926,294.6323263888889,After Disclosure,2014,37,0,589.0,9.0,7043.0
CVE-2019-10094,org.apache.tika:tika-core,com.digitalpebble.stormcrawler:storm-crawler-core,DigitalPebble/storm-crawler,https://github.com/DigitalPebble/storm-crawler/commit/ba44d1d3801e8ce20bba93f7617bbe08b299bc3c,2019-08-05 06:21:16,3,Silent,S1,S1,False,Medium,6.8,CWE-770,,2019-07-24 20:54:39,2019-07-29 12:10:42,2019-08-02,,11.393483796296296,6.757337962962963,3.2647685185185185,After Disclosure,2019,24,0,7848.0,117.0,810.0
CVE-2019-10094,org.apache.tika:tika-core,io.rocketbase.commons:commons-asset-core,rocketbase-io/commons-asset,https://github.com/rocketbase-io/commons-asset/commit/b35c0100a2d121cee71f2d1d69eb83f64720cc17,2019-07-30 20:57:35,2,Silent,S1,S1,False,Medium,6.8,CWE-770,,2019-07-24 20:54:39,2019-07-29 12:10:42,2019-08-02,,6.002037037037037,1.3658912037037036,-2.1266782407407407,Release->Disclosure,2019,24,0,1784.0,35.0,810.0
CVE-2019-10094,org.apache.tika:tika-core,org.restheart:restheart,SoftInstigate/restheart,https://github.com/SoftInstigate/restheart/commit/7eb3bcf3d039bb11fd9c7fa24aac0b9b08e2ceb6,2019-08-07 09:08:39,2,Silent,S1,S1,False,Medium,6.8,CWE-770,,2019-07-24 20:54:39,2019-07-29 12:10:42,2019-08-02,,13.509722222222223,8.873576388888889,5.381006944444445,After Disclosure,2019,24,0,17819.0,229.0,810.0
CVE-2019-10094,org.apache.tika:tika-core,com.github.mike10004:har-replay-exec,mike10004/har-replay,https://github.com/mike10004/har-replay/commit/3c3d169904412df624fed7195a94243c92426eb2,2019-10-02 18:07:04,2,Silent,S1,S1,False,Medium,6.8,CWE-770,,2019-07-24 20:54:39,2019-07-29 12:10:42,2019-08-02,,69.88362268518519,65.24747685185186,61.75490740740741,After Disclosure,2019,24,0,974.0,30.0,810.0
CVE-2019-10094,org.apache.tika:tika-core,com.buschmais.jqassistant.neo4jserver:neo4jv3,jqassistant/jqa-neo4j-backend,https://github.com/jqassistant/jqa-neo4j-backend/commit/809f1b358a58401055ac118fd93810b90b69db91,2019-11-19 10:06:18,2,Silent,S1,S1,False,Medium,6.8,CWE-770,,2019-07-24 20:54:39,2019-07-29 12:10:42,2019-08-02,,117.54975694444444,112.91361111111111,109.42104166666667,After Disclosure,2019,24,0,492.0,10.0,810.0
CVE-2019-10094,org.apache.tika:tika-core,org.appng:appng-search,appNG/appng,https://github.com/appNG/appng/commit/62b55e61825e658c77bcdbe60fd34ce545f2c8a4,2022-05-18 12:10:38,4,Silent,S1,S1,False,Medium,6.8,CWE-770,,2019-07-24 20:54:39,2019-07-29 12:10:42,2019-08-02,,1028.6360995370371,1023.9999537037037,1020.5073842592593,After Disclosure,2019,24,0,2164.0,30.0,810.0
CVE-2018-14642,io.undertow:undertow-core,com.networknt:hazelcast-manager,networknt/light-session-4j,https://github.com/networknt/light-session-4j/commit/4b6ead93f0dce304ca306fb3e0264f3846727580,2019-01-14 21:21:07,1,Silent,S3,S3,False,Medium,5.0,CWE-200,,2018-10-29 17:34:07,2019-01-15 15:58:43,2018-09-18,,77.15763888888888,-0.7761111111111111,118.88966435185185,Fix->Release,2018,52,0,246.0,4.0,1947.0
CVE-2018-14642,io.undertow:undertow-core,com.networknt:swagger-validator,networknt/light-rest-4j,https://github.com/networknt/light-rest-4j/commit/598e93df614f2073cf229012fe48666f9dc5c0c3,2019-01-14 21:20:22,1,Silent,S3,S3,False,Medium,5.0,CWE-200,,2018-10-29 17:34:07,2019-01-15 15:58:43,2018-09-18,,77.15711805555556,-0.7766319444444445,118.88914351851852,Fix->Release,2018,52,0,647.0,13.0,1947.0
CVE-2018-14642,io.undertow:undertow-core,io.mangoo:mangooio-core,svenkubiak/mangooio,https://github.com/svenkubiak/mangooio/commit/f746948a31ab75950801d2e4139327659c14164b,2018-11-01 10:26:33,1,Silent,S3,S3,False,Medium,5.0,CWE-200,,2018-10-29 17:34:07,2019-01-15 15:58:43,2018-09-18,,2.703078703703704,-75.2306712962963,44.43510416666667,Fix->Release,2018,52,0,7903.5,109.0,1947.0
CVE-2018-14642,io.undertow:undertow-core,com.networknt:audit,networknt/light-4j,https://github.com/networknt/light-4j/commit/5c2d92943c2fc98df35a0eae61b504eb3662fed5,2019-01-14 21:20:03,1,Silent,S3,S3,False,Medium,5.0,CWE-200,,2018-10-29 17:34:07,2019-01-15 15:58:43,2018-09-18,,77.15689814814814,-0.7768518518518519,118.88892361111111,Fix->Release,2018,52,0,111.0,1.0,1947.0
CVE-2018-14642,io.undertow:undertow-core,com.networknt:rpc-router,networknt/light-hybrid-4j,https://github.com/networknt/light-hybrid-4j/commit/3aaa1ea6f9424d26cd34bd5529a115882d6fc2c6,2019-01-14 21:20:33,1,Silent,S3,S3,False,Medium,5.0,CWE-200,,2018-10-29 17:34:07,2019-01-15 15:58:43,2018-09-18,,77.15724537037038,-0.7765046296296296,118.88927083333333,Fix->Release,2018,52,0,1541.5,15.0,1947.0
CVE-2018-14642,io.undertow:undertow-core,com.networknt:graphql-router,networknt/light-graphql-4j,https://github.com/networknt/light-graphql-4j/commit/3c296ef018282553a922ca017629855464cdaf9b,2019-01-14 21:20:28,1,Silent,S3,S3,False,Medium,5.0,CWE-200,,2018-10-29 17:34:07,2019-01-15 15:58:43,2018-09-18,,77.1571875,-0.7765625,118.88921296296296,Fix->Release,2018,52,0,415.5,12.0,1947.0
CVE-2018-14642,io.undertow:undertow-core,com.popokis:popok,soasada/popok,https://github.com/soasada/popok/commit/ff3386a1ae3577340e834d2aac0accc688c6726e,2018-12-13 20:19:16,1,Silent,S3,S3,False,Medium,5.0,CWE-200,,2018-10-29 17:34:07,2019-01-15 15:58:43,2018-09-18,,45.1146875,-32.8190625,86.84671296296297,Fix->Release,2018,52,0,1400.5,47.0,1947.0
CVE-2020-10688,org.jboss.resteasy:resteasy-jaxrs,com.peterphi.std.guice:stdlib-guice-common,petergeneric/stdlib,https://github.com/petergeneric/stdlib/commit/efb3fcc8d8c676a147428b6ad0f4ba7152f89c6d,2021-09-14 19:57:16,1,Transparent,T1,T1,False,Medium,4.3,CWE-79,2020-03-11 13:25:26,2020-03-24 18:32:48,2020-03-25 00:03:16,2021-05-27,552.2721064814815,539.0586574074074,538.8291666666667,110.83143518518519,After Disclosure,2021,31,0,8070.0,152.0,835.0
CVE-2019-0231,org.apache.mina:mina-core,io.milton:milton-server-ce,miltonio/milton2,https://github.com/miltonio/milton2/commit/c62abb7ba5ac9ae66fccfd626a862b85f5df78d9,2021-10-18 09:13:36,1,Silent,S1,S1,False,Medium,5.0,CWE-319,,2019-04-07 21:11:25,2019-04-12 11:11:58,2019-10-01,,924.5015162037037,919.9178009259259,748.3844444444444,After Disclosure,2019,88,0,47400.0,626.0,626.0
CVE-2018-1114,io.undertow:undertow-core,com.networknt:server,networknt/light-4j,https://github.com/networknt/light-4j/commit/827eb6ccd2c9ba41ed5f82cf79a9403b01672508,2018-07-31 23:25:33,3,Transparent,T1,T1,False,Medium,4.0,CWE-400,2018-04-21 13:13:57,2018-04-24 10:51:56,2018-05-03 08:33:03,2018-09-11,101.42472222222223,98.5233449074074,89.61979166666667,-41.02392361111111,Release->Disclosure,2018,53,0,623.0,8.0,1776.0
CVE-2018-1114,io.undertow:undertow-core,com.networknt:openapi-validator,networknt/light-rest-4j,https://github.com/networknt/light-rest-4j/commit/57604f1e95bf78dc7f4654b05c9151fa8d373915,2018-07-31 23:27:02,3,Transparent,T1,T1,False,Medium,4.0,CWE-400,2018-04-21 13:13:57,2018-04-24 10:51:56,2018-05-03 08:33:03,2018-09-11,101.42575231481482,98.524375,89.62082175925926,-41.022893518518515,Release->Disclosure,2018,53,0,273.5,4.0,1776.0
CVE-2018-1114,io.undertow:undertow-core,com.networknt:rpc-router,networknt/light-hybrid-4j,https://github.com/networknt/light-hybrid-4j/commit/831f221d7187042a0fe59b5242960857c49cba56,2018-07-31 23:28:48,3,Transparent,T1,T1,False,Medium,4.0,CWE-400,2018-04-21 13:13:57,2018-04-24 10:51:56,2018-05-03 08:33:03,2018-09-11,101.42697916666667,98.52560185185185,89.62204861111111,-41.02166666666667,Release->Disclosure,2018,53,0,1541.5,15.0,1776.0
CVE-2018-1114,io.undertow:undertow-core,io.mangoo:mangooio-core,svenkubiak/mangooio,https://github.com/svenkubiak/mangooio/commit/af7f4c74f84378649dbb028b79e6d2de9d169dff,2018-05-03 06:56:02,2,Transparent,T1,T1,False,Medium,4.0,CWE-400,2018-04-21 13:13:57,2018-04-24 10:51:56,2018-05-03 08:33:03,2018-09-11,11.73755787037037,8.836180555555556,-0.06737268518518519,-130.71108796296295,Fix->Release,2018,53,0,7903.5,109.0,1776.0
CVE-2018-1114,io.undertow:undertow-core,com.networknt:graphql-validator,networknt/light-graphql-4j,https://github.com/networknt/light-graphql-4j/commit/df314a0f067ca6d3c129a515f1d8f4679ac0ebe4,2018-07-31 23:27:55,3,Transparent,T1,T1,False,Medium,4.0,CWE-400,2018-04-21 13:13:57,2018-04-24 10:51:56,2018-05-03 08:33:03,2018-09-11,101.42636574074074,98.52498842592593,89.62143518518519,-41.022280092592595,Release->Disclosure,2018,53,0,121.0,3.0,1776.0
CVE-2018-1114,io.undertow:undertow-core,io.jboot:jboot,yangfuhai/jboot,https://github.com/yangfuhai/jboot/commit/311fb3228e6ff8af7681400595b5f122923865b1,2018-05-16 03:45:11,3,Transparent,T1,T1,False,Medium,4.0,CWE-400,2018-04-21 13:13:57,2018-04-24 10:51:56,2018-05-03 08:33:03,2018-09-11,24.60502314814815,21.703645833333333,12.800092592592593,-117.84362268518518,Release->Disclosure,2018,53,0,38902.0,651.0,1776.0
CVE-2018-1114,io.undertow:undertow-core,com.networknt:session-core,networknt/light-session-4j,https://github.com/networknt/light-session-4j/commit/8900d9f69e2eac9d3e496a52853c5938c4199d73,2018-07-31 23:33:46,2,Transparent,T1,T1,False,Medium,4.0,CWE-400,2018-04-21 13:13:57,2018-04-24 10:51:56,2018-05-03 08:33:03,2018-09-11,101.43042824074074,98.52905092592593,89.62549768518518,-41.01821759259259,Release->Disclosure,2018,53,0,333.0,6.0,1776.0
CVE-2018-1114,io.undertow:undertow-core,de.ruedigermoeller:kontraktor-http,RuedigerMoeller/kontraktor,https://github.com/RuedigerMoeller/kontraktor/commit/967b29319ccff78f2a5a6452eb3da463a0f6dd33,2020-05-16 14:59:52,2,Transparent,T1,T1,False,Medium,4.0,CWE-400,2018-04-21 13:13:57,2018-04-24 10:51:56,2018-05-03 08:33:03,2018-09-11,756.0735532407407,753.1721759259259,744.2686226851852,613.6249074074074,After Disclosure,2018,53,0,8861.0,119.0,1776.0
CVE-2018-1114,io.undertow:undertow-core,org.actframework:act,actframework/actframework,https://github.com/actframework/actframework/commit/1ce7b7d0a23ef619ad23ac067f446d1822b355e1,2020-06-28 04:03:05,2,Transparent,T1,T1,False,Medium,4.0,CWE-400,2018-04-21 13:13:57,2018-04-24 10:51:56,2018-05-03 08:33:03,2018-09-11,798.6174537037037,795.7160763888888,786.8125231481481,656.1688078703704,After Disclosure,2018,53,0,57624.0,1338.0,1776.0
CVE-2018-1114,io.undertow:undertow-core,org.jooby:jooby-undertow,jooby-project/jooby,https://github.com/jooby-project/jooby/commit/7f5bbc4087b5316a65787eb0a90bc3b68ea1dfe1,2018-07-09 18:48:52,1,Transparent,T1,T1,False,Medium,4.0,CWE-400,2018-04-21 13:13:57,2018-04-24 10:51:56,2018-05-03 08:33:03,2018-09-11,79.23258101851852,76.33120370370371,67.42765046296296,-63.216064814814814,Release->Disclosure,2018,53,0,956.0,15.0,1776.0
CVE-2018-1114,io.undertow:undertow-core,org.restheart:restheart,SoftInstigate/restheart,https://github.com/SoftInstigate/restheart/commit/9f8b84801ec2b900d3c0fad72fc9dd0e1c90ace0,2018-06-06 12:49:25,1,Transparent,T1,T1,False,Medium,4.0,CWE-400,2018-04-21 13:13:57,2018-04-24 10:51:56,2018-05-03 08:33:03,2018-09-11,45.982962962962965,43.08158564814815,34.17803240740741,-96.46568287037037,Release->Disclosure,2018,53,0,17819.0,229.0,1776.0
CVE-2019-5427,com.mchange:c3p0,org.rapidoid:rapidoid-sql,rapidoid/rapidoid,https://github.com/rapidoid/rapidoid/commit/5862f394c06ee97c211d906e4804e4a386e88187,2020-08-08 20:15:57,3,Silent,S1,S1,False,Medium,5.0,CWE-776,,2019-03-15 22:29:39,2019-03-15 23:15:51,2019-04-22,,511.90715277777775,511.8750694444444,474.8444097222222,After Disclosure,2019,108,0,792.0,10.0,895.0
CVE-2019-5427,com.mchange:c3p0,org.opencastproject:opencast-common,opencast/opencast,https://github.com/opencast/opencast/commit/1a479a441f25d5f8ef0bf8fbc976813b3565e781,2019-03-24 14:17:16,1,Silent,S1,S1,False,Medium,5.0,CWE-776,,2019-03-15 22:29:39,2019-03-15 23:15:51,2019-04-22,,8.658067129629629,8.625983796296296,-28.404675925925925,Release->Disclosure,2019,108,0,139946.0,2825.0,895.0
CVE-2019-5427,com.mchange:c3p0,com.github.furkandogan:web-automation-template,furkandogan/web-automation-template,https://github.com/furkandogan/web-automation-template/commit/3d9ee4c99f75a2fa4a675b8ec28456922fe66bf1,2021-11-29 16:08:20,2,Silent,S1,S1,False,Medium,5.0,CWE-776,,2019-03-15 22:29:39,2019-03-15 23:15:51,2019-04-22,,989.7351967592592,989.703113425926,952.6724537037037,After Disclosure,2019,108,0,2126.0,27.0,895.0
CVE-2019-5427,com.mchange:c3p0,io.vertigo:vertigo-database-impl,vertigo-io/vertigo,https://github.com/vertigo-io/vertigo/commit/6c7d342951b81e882e3ac84c5c869f9fab15f7cb,2019-10-24 16:10:56,1,Silent,S1,S1,False,Medium,5.0,CWE-776,,2019-03-15 22:29:39,2019-03-15 23:15:51,2019-04-22,,222.73700231481482,222.70491898148148,185.67425925925926,After Disclosure,2019,108,0,1616.0,37.0,895.0
CVE-2019-5427,com.mchange:c3p0,org.unidal.framework:dal-jdbc,unidal/frameworks,https://github.com/unidal/frameworks/commit/73191454154ccc3c8c00bfbf83f47fa536b9d3f7,2022-03-29 07:24:55,2,Silent,S1,S1,False,Medium,5.0,CWE-776,,2019-03-15 22:29:39,2019-03-15 23:15:51,2019-04-22,,1109.3717129629629,1109.3396296296296,1072.3089699074073,After Disclosure,2019,108,0,9810.0,180.0,895.0
CVE-2019-5427,com.mchange:c3p0,org.umlg:sqlg-core,pietermartin/sqlg,https://github.com/pietermartin/sqlg/commit/f062e8d78fef44683c5ef33b28c5ec0a08249c61,2020-06-04 05:45:17,1,Silent,S1,S1,False,Medium,5.0,CWE-776,,2019-03-15 22:29:39,2019-03-15 23:15:51,2019-04-22,,446.30252314814817,446.27043981481484,409.2397800925926,After Disclosure,2019,108,0,11877.0,99.0,895.0
CVE-2019-5427,com.mchange:c3p0,com.github.psi-probe:psi-probe-core,psi-probe/psi-probe,https://github.com/psi-probe/psi-probe/commit/d2440ba3240078b27a8ee7f64d9d293cd28c3368,2019-03-25 06:39:26,1,Silent,S1,S1,False,Medium,5.0,CWE-776,,2019-03-15 22:29:39,2019-03-15 23:15:51,2019-04-22,,9.340127314814815,9.30804398148148,-27.72261574074074,Release->Disclosure,2019,108,0,19822.0,302.0,895.0
CVE-2019-5427,com.mchange:c3p0,org.mybatis:mybatis-guice,mybatis/guice,https://github.com/mybatis/guice/commit/0155dab8d5bb7a8b2a559dcfcd0efa202e3d159e,2019-11-02 19:10:56,2,Silent,S1,S1,False,Medium,5.0,CWE-776,,2019-03-15 22:29:39,2019-03-15 23:15:51,2019-04-22,,231.86200231481482,231.82991898148148,194.79925925925926,After Disclosure,2019,108,0,3922.0,90.0,895.0
CVE-2019-5427,com.mchange:c3p0,cn.6tail:nlf2-plugin-c3p0,6tail/nlf2-maven,https://github.com/6tail/nlf2-maven/commit/8fe546959c9c5bb4e2fa1c43d677b92b8f326888,2019-10-29 21:05:59,2,Silent,S1,S1,False,Medium,5.0,CWE-776,,2019-03-15 22:29:39,2019-03-15 23:15:51,2019-04-22,,227.94189814814814,227.9098148148148,190.87915509259258,After Disclosure,2019,108,0,297.0,3.0,895.0
CVE-2019-5427,com.mchange:c3p0,com.vladmihalcea.flexy-pool:flexy-c3p0,vladmihalcea/flexy-pool,https://github.com/vladmihalcea/flexy-pool/commit/70271fd6062eb656f4be022e93d5a54f6701e1a4,2019-04-08 04:12:14,2,Silent,S1,S1,False,Medium,5.0,CWE-776,,2019-03-15 22:29:39,2019-03-15 23:15:51,2019-04-22,,23.23790509259259,23.20582175925926,-13.824837962962963,Release->Disclosure,2019,108,0,31.0,2.0,895.0
CVE-2019-5427,com.mchange:c3p0,io.cloudslang.content:cs-database,CloudSlang/cs-actions,https://github.com/CloudSlang/cs-actions/commit/bce37226530279d872435aea763d573adce7cc72,2019-11-18 07:15:59,2,Silent,S1,S1,False,Medium,5.0,CWE-776,,2019-03-15 22:29:39,2019-03-15 23:15:51,2019-04-22,,247.36550925925926,247.33342592592592,210.3027662037037,After Disclosure,2019,108,0,3744.5,50.5,895.0
CVE-2019-5427,com.mchange:c3p0,org.fastquery:fastquery,xixifeng/fastquery,https://github.com/xixifeng/fastquery/commit/a934426bb81f2900ddc4aa574bdd2e2a9d26bf63,2019-04-03 02:47:28,1,Silent,S1,S1,False,Medium,5.0,CWE-776,,2019-03-15 22:29:39,2019-03-15 23:15:51,2019-04-22,,18.179039351851852,18.14695601851852,-18.883703703703702,Release->Disclosure,2019,108,0,7263.0,132.0,895.0
CVE-2020-5398,org.springframework:spring-web,ca.uhn.hapi.fhir:hapi-fhir-cli-api,hapifhir/hapi-fhir,https://github.com/hapifhir/hapi-fhir/commit/39ff698dd2ec210e5d757045090f178fc17f37f3,2020-01-22 19:44:12,1,Transparent,T1,T1,False,High,7.6,CWE-494,2019-12-19 13:42:22,2020-01-07 07:17:55,2020-01-14 10:37:34,2020-01-16,34.25127314814815,15.518252314814815,8.379606481481481,6.822361111111111,After Disclosure,2020,70,0,3387.0,32.0,31913.0
CVE-2020-5398,org.springframework:spring-web,org.apache.openmeetings:openmeetings-db,apache/openmeetings,https://github.com/apache/openmeetings/commit/ae408b47a14480c49a07bc0162b47a903852030f,2020-01-18 06:05:16,2,Transparent,T1,T1,False,High,7.6,CWE-494,2019-12-19 13:42:22,2020-01-07 07:17:55,2020-01-14 10:37:34,2020-01-16,29.682569444444443,10.949548611111112,3.8109027777777778,2.2536574074074074,After Disclosure,2020,70,0,28869.5,138.0,31913.0
CVE-2020-5529,net.sourceforge.htmlunit:htmlunit,de.codescape.bitvunit:bitvunit-core,codescape/bitvunit,https://github.com/codescape/bitvunit/commit/177d97b55398074a59ab9eb66d455a133e941d45,2020-06-03 07:31:17,1,Silent,S1,S1,False,Medium,6.8,CWE-665,,2020-01-24 19:59:38,2020-01-28 21:03:49,2020-02-11,,130.4803125,126.43574074074074,113.3133912037037,After Disclosure,2020,12,0,2297.0,73.0,234.0
CVE-2020-5529,net.sourceforge.htmlunit:htmlunit,org.tynamo:tynamo-test,tynamo/tynamo-test,https://github.com/tynamo/tynamo-test/commit/90f79ecced9279b8fcdd08f160e1ff6eff5f0925,2020-04-20 11:20:32,1,Silent,S1,S1,False,Medium,6.8,CWE-665,,2020-01-24 19:59:38,2020-01-28 21:03:49,2020-02-11,,86.63951388888889,82.59494212962963,69.47259259259259,After Disclosure,2020,12,0,147.0,2.0,234.0
CVE-2016-4000,org.python:jython-standalone,io.cucumber:cucumber-jython,cucumber/cucumber-jvm,https://github.com/cucumber/cucumber-jvm/commit/fdee635ee6fe56b37f3c09851ddb990dd0c0a580,2017-10-12 16:17:08,1,Silent,S1,S1,False,High,7.5,CWE-502,,2016-02-01 20:37:01,2016-02-03 03:21:50,2017-07-06,,618.8195254629629,617.5384027777778,98.67856481481482,After Disclosure,2017,27,0,278.0,4.0,40.0
CVE-2016-4000,org.python:jython-standalone,io.cloudslang.lang:cloudslang-api-commons,CloudSlang/cloud-slang,https://github.com/CloudSlang/cloud-slang/commit/df6ade727b46efcd1d2dd53572a16da66e754138,2020-04-16 07:09:12,1,Silent,S1,S1,False,High,7.5,CWE-502,,2016-02-01 20:37:01,2016-02-03 03:21:50,2017-07-06,,1535.4390162037037,1534.1578935185184,1015.2980555555556,After Disclosure,2017,27,0,267.0,10.0,40.0
CVE-2016-4000,org.python:jython-standalone,kr.motd.maven:sphinx-maven-plugin,trustin/sphinx-maven-plugin,https://github.com/trustin/sphinx-maven-plugin/commit/2da092c86c43cec330e247a2a3a031293e3a7def,2018-04-15 07:13:57,1,Silent,S1,S1,False,High,7.5,CWE-502,,2016-02-01 20:37:01,2016-02-03 03:21:50,2017-07-06,,803.4423148148148,802.1611921296296,283.30135416666667,After Disclosure,2017,27,0,292.0,2.0,40.0
CVE-2016-4000,org.python:jython-standalone,io.cloudslang:runtime-management-impl,CloudSlang/score,https://github.com/CloudSlang/score/commit/6006521bf2edf44cf7f990d29f5cf5ca869366f1,2020-04-16 05:58:44,1,Silent,S1,S1,False,High,7.5,CWE-502,,2016-02-01 20:37:01,2016-02-03 03:21:50,2017-07-06,,1535.3900810185185,1534.1089583333332,1015.2491203703704,After Disclosure,2017,27,0,1120.0,28.0,40.0
CVE-2015-0263,org.apache.camel:camel-core,org.apache-extras.camel-extra:camel-db4o,camel-extra/camel-extra,https://github.com/camel-extra/camel-extra/commit/59d02a25c671b925235792e883f455fb6225da60,2015-06-27 20:59:42,2,Silent,S1,S1,False,Medium,5.0,,,2015-03-02 08:15:45,2015-03-07 03:03:50,2015-06-03,,117.53052083333333,112.74712962962963,24.874791666666667,After Disclosure,2015,13,0,153.0,4.0,330.0
CVE-2015-0263,org.apache.camel:camel-core,org.fcrepo.camel:fcrepo-camel,fcrepo-exts/fcrepo-camel,https://github.com/fcrepo-exts/fcrepo-camel/commit/84fd906823e4004654bdff76a5a93db9881daad1,2015-06-22 20:25:12,1,Silent,S1,S1,False,Medium,5.0,,,2015-03-02 08:15:45,2015-03-07 03:03:50,2015-06-03,,112.5065625,107.7231712962963,19.850833333333334,After Disclosure,2015,13,0,1438.5,22.5,330.0
CVE-2015-0263,org.apache.camel:camel-core,com.consol.citrus:citrus-camel,citrusframework/citrus,https://github.com/citrusframework/citrus/commit/3ac45d06cfbf59d2bb53475c46b00e8c2d738f45,2015-08-01 15:04:28,1,Silent,S1,S1,False,Medium,5.0,,,2015-03-02 08:15:45,2015-03-07 03:03:50,2015-06-03,,152.28383101851853,147.50043981481483,59.62810185185185,After Disclosure,2015,13,0,770.5,22.5,330.0
CVE-2015-0263,org.apache.camel:camel-core,de.wayofquality.blended:blended-itestsupport,woq-blended/blended,https://github.com/woq-blended/blended/commit/b1458ccb62ed4538488159596a6406c8340f917e,2015-10-05 15:25:42,1,Silent,S1,S1,False,Medium,5.0,,,2015-03-02 08:15:45,2015-03-07 03:03:50,2015-06-03,,217.29857638888888,212.51518518518517,124.64284722222222,After Disclosure,2015,13,0,17831.0,347.0,330.0
CVE-2021-39152,com.thoughtworks.xstream:xstream,com.thankjava.toolkit3d:fast-toolkit3d,lazy-koala/java-toolkit,https://github.com/lazy-koala/java-toolkit/commit/614102adc1ddeb4146640c17cb4dce1b1a07d7dc,2022-02-01 00:57:29,9,Silent,S1,S1,False,Medium,6.0,CWE-918;CWE-502,,2021-05-26 19:43:09,2021-08-22 13:57:44,2021-08-23,,250.21828703703704,162.45815972222223,162.0399189814815,After Disclosure,2021,179,0,3457.0,53.0,566.0
CVE-2021-39152,com.thoughtworks.xstream:xstream,com.sangupta:jerry-core,sangupta/jerry-core,https://github.com/sangupta/jerry-core/commit/380b8ce5df0ffb3edf334d129d58deb200802fee,2021-08-25 15:34:34,10,Silent,S1,S1,False,Medium,6.0,CWE-918;CWE-502,,2021-05-26 19:43:09,2021-08-22 13:57:44,2021-08-23,,90.82737268518518,3.06724537037037,2.6490046296296295,After Disclosure,2021,179,0,9933.0,108.0,566.0
CVE-2021-39152,com.thoughtworks.xstream:xstream,com.swiftmq:swiftmq-client,iitsoftware/swiftmq-client,https://github.com/iitsoftware/swiftmq-client/commit/9506bd2e6e1163342b52f8c5c99fb9b13c8d90fc,2021-08-25 15:41:07,9,Silent,S1,S1,False,Medium,6.0,CWE-918;CWE-502,,2021-05-26 19:43:09,2021-08-22 13:57:44,2021-08-23,,90.8319212962963,3.0717939814814814,2.6535532407407407,After Disclosure,2021,179,0,149380.0,1984.0,566.0
CVE-2021-39152,com.thoughtworks.xstream:xstream,org.ikasan:ikasan-builder,ikasanEIP/ikasan,https://github.com/ikasanEIP/ikasan/commit/61a7c97cafa108f1b62ae732aab3b5136d076901,2021-09-06 19:17:59,9,Silent,S1,S1,False,Medium,6.0,CWE-918;CWE-502,,2021-05-26 19:43:09,2021-08-22 13:57:44,2021-08-23,,102.98252314814815,15.222395833333334,14.804155092592593,After Disclosure,2021,179,0,6070.0,86.0,566.0
CVE-2021-39152,com.thoughtworks.xstream:xstream,com.github.spotbugs:sonar-findbugs-plugin,spotbugs/sonar-findbugs,https://github.com/spotbugs/sonar-findbugs/commit/d4b81e4456be033422c6b1502ef6f8bd5fa1a8c5,2021-08-25 23:07:08,9,Silent,S1,S1,False,Medium,6.0,CWE-918;CWE-502,,2021-05-26 19:43:09,2021-08-22 13:57:44,2021-08-23,,91.14165509259259,3.381527777777778,2.963287037037037,After Disclosure,2021,179,0,13133.0,191.0,566.0
CVE-2021-39152,com.thoughtworks.xstream:xstream,org.springframework.batch:spring-batch-core,spring-projects/spring-batch,https://github.com/spring-projects/spring-batch/commit/8400b1620528576845fdf42bdc363e10b82d173a,2021-08-25 16:54:36,9,Silent,S1,S1,False,Medium,6.0,CWE-918;CWE-502,,2021-05-26 19:43:09,2021-08-22 13:57:44,2021-08-23,,90.88295138888888,3.122824074074074,2.7045833333333333,After Disclosure,2021,179,0,24644.0,482.0,566.0
CVE-2021-39152,com.thoughtworks.xstream:xstream,com.xceptance:xlt,Xceptance/XLT,https://github.com/Xceptance/XLT/commit/1b675b0b83f1e66c98d765f92bf2bae4de5a9369,2021-08-31 15:14:53,9,Silent,S1,S1,False,Medium,6.0,CWE-918;CWE-502,,2021-05-26 19:43:09,2021-08-22 13:57:44,2021-08-23,,96.81370370370371,9.053576388888889,8.635335648148148,After Disclosure,2021,179,0,146667.0,2303.0,566.0
CVE-2021-39152,com.thoughtworks.xstream:xstream,org.javalite:javalite-async,javalite/activejdbc,https://github.com/javalite/activejdbc/commit/df9a9dd065faf12a9a6279266dee5857cd4b5c81,2021-08-25 15:54:57,9,Silent,S1,S1,False,Medium,6.0,CWE-918;CWE-502,,2021-05-26 19:43:09,2021-08-22 13:57:44,2021-08-23,,90.84152777777778,3.081400462962963,2.6631597222222223,After Disclosure,2021,179,0,1147.0,13.0,566.0
CVE-2021-39152,com.thoughtworks.xstream:xstream,net.ripe.rpki:rpki-commons,RIPE-NCC/rpki-commons,https://github.com/RIPE-NCC/rpki-commons/commit/cb41248bb0e21780857596da401b9a891c6ee1b7,2021-08-26 11:52:31,9,Silent,S1,S1,False,Medium,6.0,CWE-918;CWE-502,,2021-05-26 19:43:09,2021-08-22 13:57:44,2021-08-23,,91.6731712962963,3.9130439814814815,3.494803240740741,After Disclosure,2021,179,0,11426.0,225.0,566.0
CVE-2021-39152,com.thoughtworks.xstream:xstream,org.infinispan:infinispan-server-core,infinispan/infinispan,https://github.com/infinispan/infinispan/commit/d617eec6dfe533cea066961a5afb2340131556d3,2021-08-25 17:49:50,9,Silent,S1,S1,False,Medium,6.0,CWE-918;CWE-502,,2021-05-26 19:43:09,2021-08-22 13:57:44,2021-08-23,,90.92130787037037,3.1611805555555557,2.742939814814815,After Disclosure,2021,179,0,4452.0,97.0,566.0
CVE-2021-39152,com.thoughtworks.xstream:xstream,org.optaplanner:optaplanner-examples,kiegroup/optaplanner,https://github.com/kiegroup/optaplanner/commit/31ec3c3a5aa5a7d05e4f80c0ae6439b1159ea62b,2021-08-31 16:40:48,9,Silent,S1,S1,False,Medium,6.0,CWE-918;CWE-502,,2021-05-26 19:43:09,2021-08-22 13:57:44,2021-08-23,,96.87336805555556,9.113240740740741,8.695,After Disclosure,2021,179,0,43487.0,668.0,566.0
CVE-2021-39152,com.thoughtworks.xstream:xstream,org.patterntesting:patterntesting-rt,oboehm/PatternTesting2,https://github.com/oboehm/PatternTesting2/commit/6c3890ddd5f37c91b71dd825b6a24c3b045a2e31,2022-01-08 20:39:29,3,Silent,S1,S1,False,Medium,6.0,CWE-918;CWE-502,,2021-05-26 19:43:09,2021-08-22 13:57:44,2021-08-23,,227.03912037037037,139.27899305555556,138.86075231481482,After Disclosure,2021,179,0,11982.0,199.0,566.0
CVE-2021-39152,com.thoughtworks.xstream:xstream,org.smooks:smooks-core,smooks/smooks,https://github.com/smooks/smooks/commit/b1412cfcf80e8bf7ddcc1ec709c256387879e6b6,2021-12-01 12:51:41,9,Silent,S1,S1,False,Medium,6.0,CWE-918;CWE-502,,2021-05-26 19:43:09,2021-08-22 13:57:44,2021-08-23,,188.71425925925925,100.95413194444444,100.5358912037037,After Disclosure,2021,179,0,19961.0,350.0,566.0
CVE-2021-39152,com.thoughtworks.xstream:xstream,no.mnemonic.messaging:requestsink-jms,mnemonic-no/messaging,https://github.com/mnemonic-no/messaging/commit/d8886c882334c967157a32be125fb0dc9b67f2d2,2021-09-09 08:47:56,9,Silent,S1,S1,False,Medium,6.0,CWE-918;CWE-502,,2021-05-26 19:43:09,2021-08-22 13:57:44,2021-08-23,,105.54498842592592,17.784861111111113,17.36662037037037,After Disclosure,2021,179,0,2679.0,37.0,566.0
CVE-2021-39152,com.thoughtworks.xstream:xstream,org.powertac:common,powertac/powertac-core,https://github.com/powertac/powertac-core/commit/bdad13c6c171376de33fdca091023d69f6930e7d,2021-10-05 17:14:44,9,Silent,S1,S1,False,Medium,6.0,CWE-918;CWE-502,,2021-05-26 19:43:09,2021-08-22 13:57:44,2021-08-23,,131.89693287037036,44.136805555555554,43.71856481481481,After Disclosure,2021,179,0,8040.0,110.0,566.0
CVE-2021-39152,com.thoughtworks.xstream:xstream,org.wicketstuff:jqplot4java,wicketstuff/core,https://github.com/wicketstuff/core/commit/3fbd67082cf0ef7ec0114def59d07d496ded3a56,2021-08-25 15:46:01,9,Silent,S1,S1,False,Medium,6.0,CWE-918;CWE-502,,2021-05-26 19:43:09,2021-08-22 13:57:44,2021-08-23,,90.83532407407408,3.075196759259259,2.6569560185185184,After Disclosure,2021,179,0,6072.0,85.0,566.0
CVE-2021-39152,com.thoughtworks.xstream:xstream,com.github.psi-probe:psi-probe-core,psi-probe/psi-probe,https://github.com/psi-probe/psi-probe/commit/cf3dd7317060ef7cb67f57686b0d760bdfa659d5,2021-08-23 07:01:58,9,Silent,S1,S1,False,Medium,6.0,CWE-918;CWE-502,,2021-05-26 19:43:09,2021-08-22 13:57:44,2021-08-23,,88.47140046296296,0.7112731481481481,0.2930324074074074,After Disclosure,2021,179,0,19822.0,302.0,566.0
CVE-2021-39152,com.thoughtworks.xstream:xstream,io.quarkus:quarkus-junit5,quarkusio/quarkus,https://github.com/quarkusio/quarkus/commit/3aa4e47faa4b4df927d75a5379f45aeea3fc3f87,2021-08-23 20:37:45,9,Silent,S1,S1,False,Medium,6.0,CWE-918;CWE-502,,2021-05-26 19:43:09,2021-08-22 13:57:44,2021-08-23,,89.03791666666666,1.277789351851852,0.8595486111111111,After Disclosure,2021,179,0,1063.0,31.0,566.0
CVE-2021-39152,com.thoughtworks.xstream:xstream,de.alpharogroup:email-tails,lightblueseas/email-tails,https://github.com/lightblueseas/email-tails/commit/997627a510bf8c40e6f2e0f799827ba5c7180a44,2022-02-28 14:46:26,14,Silent,S1,S1,False,Medium,6.0,CWE-918;CWE-502,,2021-05-26 19:43:09,2021-08-22 13:57:44,2021-08-23,,277.79394675925926,190.03381944444445,189.6155787037037,After Disclosure,2021,179,0,1002.0,12.0,566.0
CVE-2021-39152,com.thoughtworks.xstream:xstream,ro.pippo:pippo-xstream,pippo-java/pippo,https://github.com/pippo-java/pippo/commit/8330892700e3911192f1e17a11100ec3ec58ef84,2021-11-02 09:00:16,9,Silent,S1,S1,False,Medium,6.0,CWE-918;CWE-502,,2021-05-26 19:43:09,2021-08-22 13:57:44,2021-08-23,,159.55355324074074,71.79342592592593,71.37518518518519,After Disclosure,2021,179,0,47.0,2.0,566.0
CVE-2017-1000487,org.codehaus.plexus:plexus-utils,org.bsc.maven:confluence-reporting-maven-plugin,bsorrentino/maven-confluence-plugin,https://github.com/bsorrentino/maven-confluence-plugin/commit/65439baea3ec8bfea43165909b17eb79cd068018,2020-04-24 13:17:00,1,Silent,S1,S1,False,High,7.5,CWE-78,,2013-10-23 19:48:13,2013-12-21 13:02:01,2018-01-03,,2374.7283217592594,2316.0104050925925,842.5534722222222,After Disclosure,2018,248,0,4354.0,48.0,0.0
CVE-2017-1000487,org.codehaus.plexus:plexus-utils,io.konig:konig-schemagen-maven-plugin,konigio/konig,https://github.com/konigio/konig/commit/832229a4b93d9316dc645849f9cac6da1eb785b7,2018-09-04 14:55:22,1,Silent,S1,S1,False,High,7.5,CWE-78,,2013-10-23 19:48:13,2013-12-21 13:02:01,2018-01-03,,1776.7966319444445,1718.0787152777777,244.6217824074074,After Disclosure,2018,248,0,339.0,2.0,0.0
CVE-2017-1000487,org.codehaus.plexus:plexus-utils,gov.nasa.pds.model:model-dmdocument,nasa-pds/pds4-information-model,https://github.com/nasa-pds/pds4-information-model/commit/ae58e968bb28b5a540188f9a33127c46979426a3,2021-08-26 20:23:16,1,Silent,S1,S1,False,High,7.5,CWE-78,,2013-10-23 19:48:13,2013-12-21 13:02:01,2018-01-03,,2864.024340277778,2805.3064236111113,1331.8494907407407,After Disclosure,2018,248,0,19849.0,87.0,0.0
CVE-2017-1000487,org.codehaus.plexus:plexus-utils,com.github.ozsie:detekt-maven-plugin,ozsie/detekt-maven-plugin,https://github.com/ozsie/detekt-maven-plugin/commit/1a5f92ad1ee6e97f9fa960c075f0026315e7c299,2019-10-24 19:23:49,1,Silent,S1,S1,False,High,7.5,CWE-78,,2013-10-23 19:48:13,2013-12-21 13:02:01,2018-01-03,,2191.9830555555554,2133.265138888889,659.8082060185185,After Disclosure,2018,248,0,970.0,8.0,0.0
CVE-2017-1000487,org.codehaus.plexus:plexus-utils,org.utplsql:utplsql-maven-plugin,utPLSQL/utPLSQL-maven-plugin,https://github.com/utPLSQL/utPLSQL-maven-plugin/commit/d8e865f71f72ad59727b09ada83267de7b619f87,2020-02-22 11:42:56,1,Silent,S1,S1,False,High,7.5,CWE-78,,2013-10-23 19:48:13,2013-12-21 13:02:01,2018-01-03,,2312.662997685185,2253.9450810185185,780.4881481481482,After Disclosure,2018,248,0,750.0,8.0,0.0
CVE-2017-1000487,org.codehaus.plexus:plexus-utils,com.contrastsecurity:contrast-maven-plugin,Contrast-Security-OSS/contrast-maven-plugin,https://github.com/Contrast-Security-OSS/contrast-maven-plugin/commit/9b79b14e10112ad9f2e75d7102deb69b4ef30fdf,2018-10-05 19:33:44,1,Silent,S1,S1,False,High,7.5,CWE-78,,2013-10-23 19:48:13,2013-12-21 13:02:01,2018-01-03,,1807.9899421296295,1749.272025462963,275.8150925925926,After Disclosure,2018,248,0,225.0,3.0,0.0
CVE-2017-1000487,org.codehaus.plexus:plexus-utils,com.github.funthomas424242:plantuml-maven-plugin,Huluvu424242/plantuml-maven-plugin,https://github.com/Huluvu424242/plantuml-maven-plugin/commit/5b2959356ca2d63acdfbea16a12e3e0b815b0869,2019-12-26 16:49:18,1,Silent,S1,S1,False,High,7.5,CWE-78,,2013-10-23 19:48:13,2013-12-21 13:02:01,2018-01-03,,2254.8757523148147,2196.157835648148,722.7009027777777,After Disclosure,2018,248,0,153.0,1.0,0.0
CVE-2017-1000487,org.codehaus.plexus:plexus-utils,com.disney.studio.cucumber.slices.plugin:cucumber-slices-maven-plugin,DisneyStudios/cucumber-slices-maven-plugin,https://github.com/DisneyStudios/cucumber-slices-maven-plugin/commit/52cda304d9f31fdafaabfb809f16ba6d2b9ce791,2019-04-30 15:00:47,1,Silent,S1,S1,False,High,7.5,CWE-78,,2013-10-23 19:48:13,2013-12-21 13:02:01,2018-01-03,,2014.8003935185186,1956.0824768518519,482.6255439814815,After Disclosure,2018,248,0,1473.0,17.0,0.0
CVE-2017-1000487,org.codehaus.plexus:plexus-utils,io.snyk:snyk-maven-plugin,snyk/snyk-maven-plugin,https://github.com/snyk/snyk-maven-plugin/commit/c30a9119bf87bf898705ae5836a6b4f5941c9129,2019-09-07 01:34:57,1,Silent,S1,S1,False,High,7.5,CWE-78,,2013-10-23 19:48:13,2013-12-21 13:02:01,2018-01-03,,2144.240787037037,2085.5228703703706,612.0659375,After Disclosure,2018,248,0,789.0,6.0,0.0
CVE-2017-1000487,org.codehaus.plexus:plexus-utils,com.apigee.edge.config:apigee-config-maven-plugin,apigee/apigee-config-maven-plugin,https://github.com/apigee/apigee-config-maven-plugin/commit/13fb8989884ce6d4920af8f17a79660f4b47b298,2020-04-29 20:40:31,1,Silent,S1,S1,False,High,7.5,CWE-78,,2013-10-23 19:48:13,2013-12-21 13:02:01,2018-01-03,,2380.0363194444444,2321.318402777778,847.8614699074074,After Disclosure,2018,248,0,5478.0,76.0,0.0
CVE-2017-1000487,org.codehaus.plexus:plexus-utils,com.michaelhradek:aurkitu-maven-plugin,mhradek/aurkitu,https://github.com/mhradek/aurkitu/commit/b56b4372dbb02b3352276f10930b2664ec57aa9d,2017-09-22 07:10:27,1,Silent,S1,S1,False,High,7.5,CWE-78,,2013-10-23 19:48:13,2013-12-21 13:02:01,2018-01-03,,1429.4737731481482,1370.7558564814815,-102.7010763888889,Release->Disclosure,2018,248,0,4337.5,75.5,0.0
CVE-2017-1000487,org.codehaus.plexus:plexus-utils,com.apigee.smartdocs.config:apigee-smartdocs-maven-plugin,apigee/apigee-smartdocs-maven-plugin,https://github.com/apigee/apigee-smartdocs-maven-plugin/commit/174709370a9a17baaf7230ab239b0448fc6d5316,2022-07-01 22:17:32,1,Silent,S1,S1,False,High,7.5,CWE-78,,2013-10-23 19:48:13,2013-12-21 13:02:01,2018-01-03,,3173.1036921296295,3114.385775462963,1640.9288425925927,After Disclosure,2018,248,0,1798.0,35.0,0.0
CVE-2016-6345,org.jboss.resteasy:resteasy-jaxrs,com.peterphi.std.guice:stdlib-guice-common,petergeneric/stdlib,https://github.com/petergeneric/stdlib/commit/b70bc2d7eecf829339a59a0fcc1f43d9bd85a314,2017-10-03 15:33:24,3,Silent,S3,S3,False,Medium,4.0,CWE-200,,2016-09-13 20:15:43,2016-09-30 22:31:33,2016-09-07,,384.80394675925925,367.70961805555555,391.64819444444447,After Release,2016,31,0,8070.0,152.0,456.0
CVE-2016-6345,org.jboss.resteasy:resteasy-jaxrs,org.wildfly:wildfly-jaxrs,wildfly/wildfly,https://github.com/wildfly/wildfly/commit/c190a7460f4051014edac62680e1867f1e8e7f9c,2016-10-05 11:53:55,1,Silent,S3,S3,False,Medium,4.0,CWE-200,,2016-09-13 20:15:43,2016-09-30 22:31:33,2016-09-07,,21.651527777777776,4.557199074074074,28.495775462962964,After Release,2016,31,0,1481.0,22.0,456.0
CVE-2016-6345,org.jboss.resteasy:resteasy-jaxrs,ws.ament.hammock:rest-resteasy,hammock-project/hammock,https://github.com/hammock-project/hammock/commit/fd7cc5efd9f9b77632dca0f81b149423dba45d3a,2017-01-22 01:26:39,2,Silent,S3,S3,False,Medium,4.0,CWE-200,,2016-09-13 20:15:43,2016-09-30 22:31:33,2016-09-07,,130.21592592592592,113.12159722222222,137.0601736111111,After Release,2016,31,0,49.0,2.0,456.0
CVE-2016-6345,org.jboss.resteasy:resteasy-jaxrs,org.hibernate.ogm:hibernate-ogm-couchdb,hibernate/hibernate-ogm,https://github.com/hibernate/hibernate-ogm/commit/41fbb8be006599a66a7b2260706558d2217b3ca6,2017-12-22 12:39:55,2,Silent,S3,S3,False,Medium,4.0,CWE-200,,2016-09-13 20:15:43,2016-09-30 22:31:33,2016-09-07,,464.68347222222224,447.58914351851854,471.5277199074074,After Release,2016,31,0,2033.0,46.0,456.0
CVE-2016-6345,org.jboss.resteasy:resteasy-jaxrs,com.alibaba:dubbo,apache/incubator-dubbo,https://github.com/apache/incubator-dubbo/commit/26f39d57ff0d08534971ecdf2e5b4bc46ff5af4e,2018-01-11 07:41:44,3,Silent,S3,S3,False,Medium,4.0,CWE-200,,2016-09-13 20:15:43,2016-09-30 22:31:33,2016-09-07,,484.47640046296294,467.38207175925925,491.32064814814817,After Release,2016,31,0,67512.0,1015.0,456.0
CVE-2016-6345,org.jboss.resteasy:resteasy-jaxrs,com.voodoodyne.gstrap:gstrap,stickfigure/gstrap,https://github.com/stickfigure/gstrap/commit/b2bb51f033facfc406effc1029f4d66ddd9ccfdd,2017-01-19 00:45:55,2,Silent,S3,S3,False,Medium,4.0,CWE-200,,2016-09-13 20:15:43,2016-09-30 22:31:33,2016-09-07,,127.18763888888888,110.09331018518519,134.03188657407406,After Release,2016,31,0,705.0,25.0,456.0
CVE-2020-1950,org.apache.tika:tika-parsers,com.digitalpebble.stormcrawler:storm-crawler-tika,DigitalPebble/storm-crawler,https://github.com/DigitalPebble/storm-crawler/commit/e781c46da615261501720ca31e34c8157bdc2321,2020-04-24 09:55:44,1,Silent,S1,S1,False,Medium,4.3,CWE-400,,2020-02-24 13:34:11,2020-03-11 14:01:31,2020-03-23,,59.84829861111111,43.82931712962963,32.4137037037037,After Disclosure,2020,15,0,578.5,4.0,918.0
CVE-2020-1950,org.apache.tika:tika-parsers,uk.ac.gate:gate-core,GateNLP/gate-core,https://github.com/GateNLP/gate-core/commit/0db9ddbec7f442c25947863d430ae736e6e555b3,2021-01-21 09:34:37,1,Silent,S1,S1,False,Medium,4.3,CWE-400,,2020-02-24 13:34:11,2020-03-11 14:01:31,2020-03-23,,331.83363425925927,315.8146527777778,304.39903935185185,After Disclosure,2020,15,0,138899.0,2226.0,918.0
CVE-2020-1950,org.apache.tika:tika-parsers,org.apache.any23:apache-any23-core,apache/any23,https://github.com/apache/any23/commit/b580c6225d0b1043974c6df466a21db896e6eb7b,2020-03-29 23:16:38,1,Silent,S1,S1,False,Medium,4.3,CWE-400,,2020-02-24 13:34:11,2020-03-11 14:01:31,2020-03-23,,34.40447916666667,18.385497685185186,6.969884259259259,After Disclosure,2020,15,0,16195.0,266.0,918.0
CVE-2020-1950,org.apache.tika:tika-parsers,fr.pilato.elasticsearch.crawler:fscrawler-tika,dadoonet/fscrawler,https://github.com/dadoonet/fscrawler/commit/93d455eb3b8ed2801aa78d9aca2e72876244a5ca,2020-03-18 20:31:19,1,Silent,S1,S1,False,Medium,4.3,CWE-400,,2020-02-24 13:34:11,2020-03-11 14:01:31,2020-03-23,,23.289675925925927,7.270694444444445,-4.1449189814814815,Release->Disclosure,2020,15,0,633.0,10.0,918.0
CVE-2020-1950,org.apache.tika:tika-parsers,org.icij.extract:extract-lib,ICIJ/extract,https://github.com/ICIJ/extract/commit/e0583975b50994aec157cdd532a4519e261e5afc,2020-09-14 08:27:25,2,Silent,S1,S1,False,Medium,4.3,CWE-400,,2020-02-24 13:34:11,2020-03-11 14:01:31,2020-03-23,,202.7869675925926,186.7679861111111,175.35237268518517,After Disclosure,2020,15,0,5488.0,113.0,918.0
CVE-2020-1950,org.apache.tika:tika-parsers,org.codelibs.fess:fess-crawler,codelibs/fess-crawler,https://github.com/codelibs/fess-crawler/commit/85d6a2e679510373173e39f646baa954b36dcecf,2020-05-17 09:06:39,2,Silent,S1,S1,False,Medium,4.3,CWE-400,,2020-02-24 13:34:11,2020-03-11 14:01:31,2020-03-23,,82.81421296296297,66.79523148148148,55.379618055555554,After Disclosure,2020,15,0,11447.0,152.0,918.0
CVE-2020-1953,org.apache.commons:commons-configuration2,de.julielab:jcore-db-test-utilities,JULIELab/jcore-dependencies,https://github.com/JULIELab/jcore-dependencies/commit/ac4381532ded6698dcfbf833d17ee631b8330af4,2021-01-26 08:20:04,1,Silent,S1,S1,False,High,7.5,,,2020-03-04 21:33:22,2020-03-07 14:39:09,2020-03-13,,327.44909722222224,324.7367476851852,319.34726851851855,After Disclosure,2020,46,0,69.0,1.0,87.0
CVE-2020-1953,org.apache.commons:commons-configuration2,com.nordstrom.tools:settings,sbabcoc/Settings,https://github.com/sbabcoc/Settings/commit/1d061ebb418b19b170d12d561ac3bcaa3c91ea9b,2020-07-28 20:16:55,1,Silent,S1,S1,False,High,7.5,,,2020-03-04 21:33:22,2020-03-07 14:39:09,2020-03-13,,145.94690972222222,143.2345601851852,137.84508101851853,After Disclosure,2020,46,0,135.0,2.0,87.0
CVE-2020-1953,org.apache.commons:commons-configuration2,com.cerner.beadledom:beadledom-resteasy,cerner/beadledom,https://github.com/cerner/beadledom/commit/c79c1ca55aec28bce1ab3ccced523e90acfa4d37,2020-04-09 14:56:01,1,Silent,S1,S1,False,High,7.5,,,2020-03-04 21:33:22,2020-03-07 14:39:09,2020-03-13,,35.7240625,33.01171296296296,27.622233796296296,After Disclosure,2020,46,0,139.0,5.0,87.0
CVE-2020-1953,org.apache.commons:commons-configuration2,com.goldmansachs.obevo:obevo-core,goldmansachs/obevo,https://github.com/goldmansachs/obevo/commit/d8fd48e9394d84acfe7d01525078a1db86495d20,2020-06-22 13:05:46,1,Silent,S1,S1,False,High,7.5,,,2020-03-04 21:33:22,2020-03-07 14:39:09,2020-03-13,,109.6475,106.93515046296297,101.54567129629629,After Disclosure,2020,46,0,19042.0,408.0,87.0
CVE-2020-1953,org.apache.commons:commons-configuration2,org.openksavi.sponge:sponge-core,softelnet/sponge,https://github.com/softelnet/sponge/commit/c4ea1bce746660b21161c09ed399605a1c3b8b4f,2020-03-17 23:24:59,1,Silent,S1,S1,False,High,7.5,,,2020-03-04 21:33:22,2020-03-07 14:39:09,2020-03-13,,13.077511574074075,10.365162037037036,4.97568287037037,After Disclosure,2020,46,0,96798.0,2100.0,87.0
CVE-2020-1953,org.apache.commons:commons-configuration2,com.sitture:env-config,sitture/env-config,https://github.com/sitture/env-config/commit/202c846963ee502e40e7da1c1a1810a5fc855340,2020-05-21 21:02:11,1,Silent,S1,S1,False,High,7.5,,,2020-03-04 21:33:22,2020-03-07 14:39:09,2020-03-13,,77.9783449074074,75.26599537037038,69.8765162037037,After Disclosure,2020,46,0,393.0,6.0,87.0
CVE-2020-1953,org.apache.commons:commons-configuration2,de.julielab:costosys,JULIELab/costosys,https://github.com/JULIELab/costosys/commit/509953994dc2d9e6ba07a24c10ec1e22edd870b6,2021-05-31 06:54:49,1,Silent,S1,S1,False,High,7.5,,,2020-03-04 21:33:22,2020-03-07 14:39:09,2020-03-13,,452.38989583333336,449.67754629629627,444.2880671296296,After Disclosure,2020,46,0,5807.0,59.0,87.0
CVE-2020-1953,org.apache.commons:commons-configuration2,org.linqs:psl-core,linqs/psl,https://github.com/linqs/psl/commit/ba4c5fcfccfa36900933f8794e46246cb7719579,2022-07-09 16:40:52,1,Silent,S1,S1,False,High,7.5,,,2020-03-04 21:33:22,2020-03-07 14:39:09,2020-03-13,,856.796875,854.0845254629629,848.6950462962963,After Disclosure,2020,46,0,18186.0,280.0,87.0
CVE-2020-26945,org.mybatis:mybatis,com.baayso:commons,baayso/commons,https://github.com/baayso/commons/commit/a01d1d5dcd3139ae811a850fdee41d1bc825e2b5,2022-01-25 10:42:27,1,Silent,S1,S1,False,Medium,5.1,CWE-502,,2020-10-04 02:37:07,2020-10-07 05:25:07,2020-10-10,,478.337037037037,475.22037037037035,472.44614583333333,After Disclosure,2020,193,0,3114.0,47.0,13391.0
CVE-2020-26945,org.mybatis:mybatis,com.xishankeji:Demo,gzxishan/OftenPorter,https://github.com/gzxishan/OftenPorter/commit/95d336f56dd5d6f842c8ffadef4bb7d8d4abe677,2020-12-29 01:23:51,1,Silent,S1,S1,False,Medium,5.1,CWE-502,,2020-10-04 02:37:07,2020-10-07 05:25:07,2020-10-10,,85.94912037037037,82.8324537037037,80.05822916666666,After Disclosure,2020,193,0,1443.0,77.0,13391.0
CVE-2020-26945,org.mybatis:mybatis,org.flowable:flowable-variable-service,flowable/flowable-engine,https://github.com/flowable/flowable-engine/commit/ff15df8b4eee5617f1ad2dbd29d68e739d8e72d0,2021-02-16 06:48:52,1,Silent,S1,S1,False,Medium,5.1,CWE-502,,2020-10-04 02:37:07,2020-10-07 05:25:07,2020-10-10,,135.1748263888889,132.05815972222223,129.2839351851852,After Disclosure,2020,193,0,5649.5,94.0,13391.0
CVE-2020-26945,org.mybatis:mybatis,com.fastjrun.codeg:sdkg-service,fastjrun/sdkg,https://github.com/fastjrun/sdkg/commit/53d0f9539f28f31eadeabb163283ce90b31a8373,2022-01-11 12:21:30,1,Silent,S1,S1,False,Medium,5.1,CWE-502,,2020-10-04 02:37:07,2020-10-07 05:25:07,2020-10-10,,464.40582175925925,461.2891550925926,458.51493055555557,After Disclosure,2020,193,0,280.0,8.0,13391.0
CVE-2020-26945,org.mybatis:mybatis,pro.taskana.simplehistory:taskana-simplehistory-provider,taskana/taskana,https://github.com/taskana/taskana/commit/e13dd8f513d19a462dbdac800fa5dffc7e27c83a,2020-10-09 09:19:46,1,Silent,S1,S1,False,Medium,5.1,CWE-502,,2020-10-04 02:37:07,2020-10-07 05:25:07,2020-10-10,,5.279618055555556,2.1629513888888887,-0.6112731481481481,Release->Disclosure,2020,193,0,683.0,8.0,13391.0
CVE-2020-26945,org.mybatis:mybatis,com.github.dreamroute:locker,Dreamroute/locker,https://github.com/Dreamroute/locker/commit/9429adce3e0fd812deca72974af6574251e6af9d,2021-01-31 08:36:46,1,Silent,S1,S1,False,Medium,5.1,CWE-502,,2020-10-04 02:37:07,2020-10-07 05:25:07,2020-10-10,,119.24975694444444,116.13309027777778,113.35886574074074,After Disclosure,2020,193,0,192.5,6.0,13391.0
CVE-2020-26945,org.mybatis:mybatis,io.nuls.v2:nuls-core-h2,nuls-io/nuls-v2,https://github.com/nuls-io/nuls-v2/commit/3d3afffa4830bcdd5cb2d6d78beec5a36c8abe01,2021-08-23 02:27:10,1,Silent,S1,S1,False,Medium,5.1,CWE-502,,2020-10-04 02:37:07,2020-10-07 05:25:07,2020-10-10,,322.99309027777775,319.87642361111114,317.10219907407406,After Disclosure,2020,193,0,354.0,10.0,13391.0
CVE-2020-26945,org.mybatis:mybatis,org.languagetool:languagetool-server,languagetool-org/languagetool,https://github.com/languagetool-org/languagetool/commit/1638225ffbb224131e20637e8d6281e09d0dc6ba,2020-10-08 16:01:51,1,Silent,S1,S1,False,Medium,5.1,CWE-502,,2020-10-04 02:37:07,2020-10-07 05:25:07,2020-10-10,,4.558842592592592,1.442175925925926,-1.3320486111111112,Release->Disclosure,2020,193,0,2719.0,33.0,13391.0
CVE-2020-26945,org.mybatis:mybatis,org.mybatis.spring.boot:mybatis-spring-boot-autoconfigure,mybatis/spring-boot-starter,https://github.com/mybatis/spring-boot-starter/commit/3b6bd6257df45d132df09816a205578c0109d47e,2020-10-07 05:41:35,1,Silent,S1,S1,False,Medium,5.1,CWE-502,,2020-10-04 02:37:07,2020-10-07 05:25:07,2020-10-10,,3.1281018518518517,0.011435185185185185,-2.762789351851852,Release->Disclosure,2020,193,0,333.0,6.0,13391.0
CVE-2020-26945,org.mybatis:mybatis,com.github.relucent:yyl-base-lib,Relucent/yyl-base-lib,https://github.com/Relucent/yyl-base-lib/commit/e4bacceb1ccfa64c4b635fcf0a85e5d0c22dc80c,2022-01-20 10:44:14,1,Silent,S1,S1,False,Medium,5.1,CWE-502,,2020-10-04 02:37:07,2020-10-07 05:25:07,2020-10-10,,473.33827546296294,470.2216087962963,467.44738425925925,After Disclosure,2020,193,0,15217.0,254.0,13391.0
CVE-2020-26945,org.mybatis:mybatis,com.github.superscorpion:medusa,SuperScorpion/medusa,https://github.com/SuperScorpion/medusa/commit/74e07dcbc9f10f8fa24515309bfc6230114bedc2,2021-01-15 03:11:05,1,Silent,S1,S1,False,Medium,5.1,CWE-502,,2020-10-04 02:37:07,2020-10-07 05:25:07,2020-10-10,,103.02358796296296,99.90692129629629,97.13269675925926,After Disclosure,2020,193,0,5158.0,82.0,13391.0
CVE-2020-26945,org.mybatis:mybatis,org.test4j:test4j-core,test4j/test4j,https://github.com/test4j/test4j/commit/0a87f1c3edae6b8ad7c465e39f39e7e4efe1d38a,2021-01-16 12:06:04,1,Silent,S1,S1,False,Medium,5.1,CWE-502,,2020-10-04 02:37:07,2020-10-07 05:25:07,2020-10-10,,104.39510416666667,101.2784375,98.50421296296297,After Disclosure,2020,193,0,31400.0,474.0,13391.0
CVE-2020-26945,org.mybatis:mybatis,com.thankjava.toolkit3d:fast-toolkit3d,lazy-koala/java-toolkit,https://github.com/lazy-koala/java-toolkit/commit/a1cd9f68e4d541e29a1232ada4fd67209b12bd85,2021-04-22 17:30:28,1,Silent,S1,S1,False,Medium,5.1,CWE-502,,2020-10-04 02:37:07,2020-10-07 05:25:07,2020-10-10,,200.62038194444443,197.5037152777778,194.72949074074074,After Disclosure,2020,193,0,3457.0,53.0,13391.0
CVE-2020-26945,org.mybatis:mybatis,com.qwazr:qwazr-library-mybatis,qwazr/library-modules,https://github.com/qwazr/library-modules/commit/9831d6bac9b3b6280c69f403a2b44310ad1b1c20,2020-10-08 11:38:41,1,Silent,S1,S1,False,Medium,5.1,CWE-502,,2020-10-04 02:37:07,2020-10-07 05:25:07,2020-10-10,,4.376087962962963,1.2594212962962963,-1.5148032407407408,Release->Disclosure,2020,193,0,144.0,3.0,13391.0
CVE-2020-26945,org.mybatis:mybatis,org.mybatis.scripting:mybatis-velocity,mybatis/velocity-scripting,https://github.com/mybatis/velocity-scripting/commit/8ecb7f0bfad53b4c6b3e2ed96ed7b782013b1152,2020-10-07 05:51:29,1,Silent,S1,S1,False,Medium,5.1,CWE-502,,2020-10-04 02:37:07,2020-10-07 05:25:07,2020-10-10,,3.1349768518518517,0.018310185185185186,-2.755914351851852,Release->Disclosure,2020,193,0,1036.0,17.0,13391.0
CVE-2020-26945,org.mybatis:mybatis,com.aspectran:aspectran-with-mybatis,aspectran/aspectran,https://github.com/aspectran/aspectran/commit/0edafd1e109857e621da8589a3ef2824c5db07e9,2020-10-07 22:49:40,1,Silent,S1,S1,False,Medium,5.1,CWE-502,,2020-10-04 02:37:07,2020-10-07 05:25:07,2020-10-10,,3.842048611111111,0.7253819444444445,-2.0488425925925924,Release->Disclosure,2020,193,0,323.0,3.0,13391.0
CVE-2018-11761,org.apache.tika:tika-core,org.opencastproject:opencast-working-file-repository-service-impl,opencast/opencast,https://github.com/opencast/opencast/commit/38dfee6507b7c3b03c21aac05beccc188a92cb33,2018-10-17 21:54:42,1,Silent,S1,S1,False,Medium,5.0,CWE-611,,2018-08-03 13:16:09,2018-09-14 16:36:51,2018-09-19,,75.36010416666667,33.220729166666665,28.91298611111111,After Disclosure,2018,24,0,932.0,4.0,630.0
CVE-2018-11761,org.apache.tika:tika-core,org.appng:appng-search,appNG/appng,https://github.com/appNG/appng/commit/62b55e61825e658c77bcdbe60fd34ce545f2c8a4,2022-05-18 12:10:38,4,Silent,S1,S1,False,Medium,5.0,CWE-611,,2018-08-03 13:16:09,2018-09-14 16:36:51,2018-09-19,,1383.9545023148148,1341.8151273148148,1337.5073842592592,After Disclosure,2018,24,0,2164.0,30.0,630.0
CVE-2018-11761,org.apache.tika:tika-core,io.rocketbase.commons:commons-asset-core,rocketbase-io/commons-asset,https://github.com/rocketbase-io/commons-asset/commit/2715d91ad3ee1472c900278d693c0d1d65125497,2018-10-09 07:58:51,1,Silent,S1,S1,False,Medium,5.0,CWE-611,,2018-08-03 13:16:09,2018-09-14 16:36:51,2018-09-19,,66.77965277777778,24.64027777777778,20.33253472222222,After Disclosure,2018,24,0,1784.0,35.0,630.0
CVE-2018-11761,org.apache.tika:tika-core,com.github.mike10004:har-replay-exec,mike10004/har-replay,https://github.com/mike10004/har-replay/commit/d8dfd419ecfc4a3ff67c39192a357d42d5741a69,2018-10-17 22:08:13,1,Silent,S1,S1,False,Medium,5.0,CWE-611,,2018-08-03 13:16:09,2018-09-14 16:36:51,2018-09-19,,75.36949074074074,33.23011574074074,28.922372685185184,After Disclosure,2018,24,0,974.0,30.0,630.0
CVE-2018-11761,org.apache.tika:tika-core,org.restheart:restheart,SoftInstigate/restheart,https://github.com/SoftInstigate/restheart/commit/c44be2f6fbf9a730c571c2eaf47b56adbba8b27d,2018-10-18 15:20:25,1,Silent,S1,S1,False,Medium,5.0,CWE-611,,2018-08-03 13:16:09,2018-09-14 16:36:51,2018-09-19,,76.0862962962963,33.946921296296296,29.63917824074074,After Disclosure,2018,24,0,17819.0,229.0,630.0
CVE-2018-11761,org.apache.tika:tika-core,com.digitalpebble.stormcrawler:storm-crawler-core,DigitalPebble/storm-crawler,https://github.com/DigitalPebble/storm-crawler/commit/9127d930d42e2fad35f5d041a08c17c10f3be655,2018-09-19 08:40:58,1,Silent,S1,S1,False,Medium,5.0,CWE-611,,2018-08-03 13:16:09,2018-09-14 16:36:51,2018-09-19,,46.80890046296296,4.669525462962963,0.3617824074074074,After Disclosure,2018,24,0,7848.0,117.0,630.0
CVE-2020-13920,org.apache.activemq:activemq-broker,org.ikasan:sample-builder-pattern,ikasanEIP/ikasan,https://github.com/ikasanEIP/ikasan/commit/610088f6e536db2adcda026da25e19835d0ebbe5,2021-05-29 08:43:14,1,Transparent,T1,T1,False,Medium,4.3,CWE-306,2020-02-24 11:10:46,2020-02-24 13:25:08,2020-03-12 21:08:49,2020-09-10,459.8975462962963,459.8042361111111,442.48223379629627,261.3633564814815,After Disclosure,2020,20,0,4372.0,68.0,1566.0
CVE-2020-13920,org.apache.activemq:activemq-broker,com.hazelcast.simulator:simulator,hazelcast/hazelcast-simulator,https://github.com/hazelcast/hazelcast-simulator/commit/82e283e4bf28decd1a6bcc378dae61b69d90a632,2022-04-05 11:35:32,1,Transparent,T1,T1,False,Medium,4.3,CWE-306,2020-02-24 11:10:46,2020-02-24 13:25:08,2020-03-12 21:08:49,2020-09-10,771.017199074074,770.9238888888889,753.6018865740741,572.4830092592592,After Disclosure,2020,20,0,14522.0,273.0,1566.0
CVE-2021-39140,com.thoughtworks.xstream:xstream,com.sangupta:jerry-core,sangupta/jerry-core,https://github.com/sangupta/jerry-core/commit/926de8e002b40cd670a056ebb11493b3910a0a8b,2021-10-06 16:54:21,2,Silent,S1,S1,False,Medium,6.3,CWE-502;CWE-835,,2021-05-26 19:43:09,2021-08-22 13:57:44,2021-08-23,,132.8827777777778,45.122650462962966,44.70440972222222,After Disclosure,2021,179,0,9933.0,108.0,566.0
CVE-2021-39140,com.thoughtworks.xstream:xstream,org.springframework.batch:spring-batch-core,spring-projects/spring-batch,https://github.com/spring-projects/spring-batch/commit/8400b1620528576845fdf42bdc363e10b82d173a,2021-08-25 16:54:36,9,Silent,S1,S1,False,Medium,6.3,CWE-502;CWE-835,,2021-05-26 19:43:09,2021-08-22 13:57:44,2021-08-23,,90.88295138888888,3.122824074074074,2.7045833333333333,After Disclosure,2021,179,0,24644.0,482.0,566.0
CVE-2021-39140,com.thoughtworks.xstream:xstream,com.thankjava.toolkit3d:fast-toolkit3d,lazy-koala/java-toolkit,https://github.com/lazy-koala/java-toolkit/commit/614102adc1ddeb4146640c17cb4dce1b1a07d7dc,2022-02-01 00:57:29,9,Silent,S1,S1,False,Medium,6.3,CWE-502;CWE-835,,2021-05-26 19:43:09,2021-08-22 13:57:44,2021-08-23,,250.21828703703704,162.45815972222223,162.0399189814815,After Disclosure,2021,179,0,3457.0,53.0,566.0
CVE-2021-39140,com.thoughtworks.xstream:xstream,org.infinispan:infinispan-server-core,infinispan/infinispan,https://github.com/infinispan/infinispan/commit/d617eec6dfe533cea066961a5afb2340131556d3,2021-08-25 17:49:50,9,Silent,S1,S1,False,Medium,6.3,CWE-502;CWE-835,,2021-05-26 19:43:09,2021-08-22 13:57:44,2021-08-23,,90.92130787037037,3.1611805555555557,2.742939814814815,After Disclosure,2021,179,0,4452.0,97.0,566.0
CVE-2021-39140,com.thoughtworks.xstream:xstream,org.javalite:javalite-async,javalite/activejdbc,https://github.com/javalite/activejdbc/commit/df9a9dd065faf12a9a6279266dee5857cd4b5c81,2021-08-25 15:54:57,9,Silent,S1,S1,False,Medium,6.3,CWE-502;CWE-835,,2021-05-26 19:43:09,2021-08-22 13:57:44,2021-08-23,,90.84152777777778,3.081400462962963,2.6631597222222223,After Disclosure,2021,179,0,1147.0,13.0,566.0
CVE-2021-39140,com.thoughtworks.xstream:xstream,de.alpharogroup:email-tails,lightblueseas/email-tails,https://github.com/lightblueseas/email-tails/commit/997627a510bf8c40e6f2e0f799827ba5c7180a44,2022-02-28 14:46:26,14,Silent,S1,S1,False,Medium,6.3,CWE-502;CWE-835,,2021-05-26 19:43:09,2021-08-22 13:57:44,2021-08-23,,277.79394675925926,190.03381944444445,189.6155787037037,After Disclosure,2021,179,0,1002.0,12.0,566.0
CVE-2021-39140,com.thoughtworks.xstream:xstream,org.patterntesting:patterntesting-rt,oboehm/PatternTesting2,https://github.com/oboehm/PatternTesting2/commit/3c61a09701c9e09a8839936d5d432b6e1a913e2f,2021-12-19 14:18:47,6,Silent,S1,S1,False,Medium,6.3,CWE-502;CWE-835,,2021-05-26 19:43:09,2021-08-22 13:57:44,2021-08-23,,206.77474537037037,119.01461805555556,118.59637731481482,After Disclosure,2021,179,0,11982.0,199.0,566.0
CVE-2021-39140,com.thoughtworks.xstream:xstream,com.github.spotbugs:sonar-findbugs-plugin,spotbugs/sonar-findbugs,https://github.com/spotbugs/sonar-findbugs/commit/d4b81e4456be033422c6b1502ef6f8bd5fa1a8c5,2021-08-25 23:07:08,9,Silent,S1,S1,False,Medium,6.3,CWE-502;CWE-835,,2021-05-26 19:43:09,2021-08-22 13:57:44,2021-08-23,,91.14165509259259,3.381527777777778,2.963287037037037,After Disclosure,2021,179,0,13133.0,191.0,566.0
CVE-2021-39140,com.thoughtworks.xstream:xstream,no.mnemonic.messaging:requestsink-jms,mnemonic-no/messaging,https://github.com/mnemonic-no/messaging/commit/d8886c882334c967157a32be125fb0dc9b67f2d2,2021-09-09 08:47:56,9,Silent,S1,S1,False,Medium,6.3,CWE-502;CWE-835,,2021-05-26 19:43:09,2021-08-22 13:57:44,2021-08-23,,105.54498842592592,17.784861111111113,17.36662037037037,After Disclosure,2021,179,0,2679.0,37.0,566.0
CVE-2021-39140,com.thoughtworks.xstream:xstream,com.github.psi-probe:psi-probe-core,psi-probe/psi-probe,https://github.com/psi-probe/psi-probe/commit/cf3dd7317060ef7cb67f57686b0d760bdfa659d5,2021-08-23 07:01:58,9,Silent,S1,S1,False,Medium,6.3,CWE-502;CWE-835,,2021-05-26 19:43:09,2021-08-22 13:57:44,2021-08-23,,88.47140046296296,0.7112731481481481,0.2930324074074074,After Disclosure,2021,179,0,19822.0,302.0,566.0
CVE-2021-39140,com.thoughtworks.xstream:xstream,org.ikasan:ikasan-filetransfer-common,ikasanEIP/ikasan,https://github.com/ikasanEIP/ikasan/commit/61a7c97cafa108f1b62ae732aab3b5136d076901,2021-09-06 19:17:59,9,Silent,S1,S1,False,Medium,6.3,CWE-502;CWE-835,,2021-05-26 19:43:09,2021-08-22 13:57:44,2021-08-23,,102.98252314814815,15.222395833333334,14.804155092592593,After Disclosure,2021,179,0,2737.0,43.0,566.0
CVE-2021-39140,com.thoughtworks.xstream:xstream,com.xceptance:xlt,Xceptance/XLT,https://github.com/Xceptance/XLT/commit/1b675b0b83f1e66c98d765f92bf2bae4de5a9369,2021-08-31 15:14:53,9,Silent,S1,S1,False,Medium,6.3,CWE-502;CWE-835,,2021-05-26 19:43:09,2021-08-22 13:57:44,2021-08-23,,96.81370370370371,9.053576388888889,8.635335648148148,After Disclosure,2021,179,0,146667.0,2303.0,566.0
CVE-2021-39140,com.thoughtworks.xstream:xstream,org.smooks:smooks-core,smooks/smooks,https://github.com/smooks/smooks/commit/b1412cfcf80e8bf7ddcc1ec709c256387879e6b6,2021-12-01 12:51:41,9,Silent,S1,S1,False,Medium,6.3,CWE-502;CWE-835,,2021-05-26 19:43:09,2021-08-22 13:57:44,2021-08-23,,188.71425925925925,100.95413194444444,100.5358912037037,After Disclosure,2021,179,0,19961.0,350.0,566.0
CVE-2021-39140,com.thoughtworks.xstream:xstream,io.quarkus:quarkus-junit5,quarkusio/quarkus,https://github.com/quarkusio/quarkus/commit/3aa4e47faa4b4df927d75a5379f45aeea3fc3f87,2021-08-23 20:37:45,9,Silent,S1,S1,False,Medium,6.3,CWE-502;CWE-835,,2021-05-26 19:43:09,2021-08-22 13:57:44,2021-08-23,,89.03791666666666,1.277789351851852,0.8595486111111111,After Disclosure,2021,179,0,1063.0,31.0,566.0
CVE-2021-39140,com.thoughtworks.xstream:xstream,org.wicketstuff:jqplot4java,wicketstuff/core,https://github.com/wicketstuff/core/commit/3fbd67082cf0ef7ec0114def59d07d496ded3a56,2021-08-25 15:46:01,9,Silent,S1,S1,False,Medium,6.3,CWE-502;CWE-835,,2021-05-26 19:43:09,2021-08-22 13:57:44,2021-08-23,,90.83532407407408,3.075196759259259,2.6569560185185184,After Disclosure,2021,179,0,6072.0,85.0,566.0
CVE-2021-39140,com.thoughtworks.xstream:xstream,ro.pippo:pippo-xstream,pippo-java/pippo,https://github.com/pippo-java/pippo/commit/8330892700e3911192f1e17a11100ec3ec58ef84,2021-11-02 09:00:16,9,Silent,S1,S1,False,Medium,6.3,CWE-502;CWE-835,,2021-05-26 19:43:09,2021-08-22 13:57:44,2021-08-23,,159.55355324074074,71.79342592592593,71.37518518518519,After Disclosure,2021,179,0,47.0,2.0,566.0
CVE-2021-39140,com.thoughtworks.xstream:xstream,com.swiftmq:swiftmq-client,iitsoftware/swiftmq-client,https://github.com/iitsoftware/swiftmq-client/commit/9506bd2e6e1163342b52f8c5c99fb9b13c8d90fc,2021-08-25 15:41:07,9,Silent,S1,S1,False,Medium,6.3,CWE-502;CWE-835,,2021-05-26 19:43:09,2021-08-22 13:57:44,2021-08-23,,90.8319212962963,3.0717939814814814,2.6535532407407407,After Disclosure,2021,179,0,149380.0,1984.0,566.0
CVE-2021-39140,com.thoughtworks.xstream:xstream,net.ripe.rpki:rpki-commons,RIPE-NCC/rpki-commons,https://github.com/RIPE-NCC/rpki-commons/commit/cb41248bb0e21780857596da401b9a891c6ee1b7,2021-08-26 11:52:31,9,Silent,S1,S1,False,Medium,6.3,CWE-502;CWE-835,,2021-05-26 19:43:09,2021-08-22 13:57:44,2021-08-23,,91.6731712962963,3.9130439814814815,3.494803240740741,After Disclosure,2021,179,0,11426.0,225.0,566.0
CVE-2021-39140,com.thoughtworks.xstream:xstream,org.optaplanner:optaplanner-examples,kiegroup/optaplanner,https://github.com/kiegroup/optaplanner/commit/31ec3c3a5aa5a7d05e4f80c0ae6439b1159ea62b,2021-08-31 16:40:48,9,Silent,S1,S1,False,Medium,6.3,CWE-502;CWE-835,,2021-05-26 19:43:09,2021-08-22 13:57:44,2021-08-23,,96.87336805555556,9.113240740740741,8.695,After Disclosure,2021,179,0,43487.0,668.0,566.0
CVE-2021-39140,com.thoughtworks.xstream:xstream,org.powertac:common,powertac/powertac-core,https://github.com/powertac/powertac-core/commit/bdad13c6c171376de33fdca091023d69f6930e7d,2021-10-05 17:14:44,9,Silent,S1,S1,False,Medium,6.3,CWE-502;CWE-835,,2021-05-26 19:43:09,2021-08-22 13:57:44,2021-08-23,,131.89693287037036,44.136805555555554,43.71856481481481,After Disclosure,2021,179,0,8040.0,110.0,566.0
CVE-2017-2670,io.undertow:undertow-core,com.networknt:redis-manager,networknt/light-session-4j,https://github.com/networknt/light-session-4j/commit/8900d9f69e2eac9d3e496a52853c5938c4199d73,2018-07-31 23:33:46,2,Silent,S1,S1,False,Medium,5.0,CWE-835,,2017-06-13 06:50:19,2017-08-18 12:08:29,2018-07-27,,413.69684027777777,347.4758912037037,4.981782407407407,After Disclosure,2018,91,0,287.0,4.0,1429.0
CVE-2017-2670,io.undertow:undertow-core,com.networknt:graphql-router,networknt/light-graphql-4j,https://github.com/networknt/light-graphql-4j/commit/df314a0f067ca6d3c129a515f1d8f4679ac0ebe4,2018-07-31 23:27:55,3,Silent,S1,S1,False,Medium,5.0,CWE-835,,2017-06-13 06:50:19,2017-08-18 12:08:29,2018-07-27,,413.6927777777778,347.4718287037037,4.977719907407407,After Disclosure,2018,91,0,415.5,12.0,1429.0
CVE-2017-2670,io.undertow:undertow-core,com.networknt:health,networknt/light-4j,https://github.com/networknt/light-4j/commit/827eb6ccd2c9ba41ed5f82cf79a9403b01672508,2018-07-31 23:25:33,3,Silent,S1,S1,False,Medium,5.0,CWE-835,,2017-06-13 06:50:19,2017-08-18 12:08:29,2018-07-27,,413.6911342592593,347.4701851851852,4.976076388888889,After Disclosure,2018,91,0,29.0,2.0,1429.0
CVE-2017-2670,io.undertow:undertow-core,org.keycloak:keycloak-wildfly-adapter,keycloak/keycloak,https://github.com/keycloak/keycloak/commit/6fc99cd7496be821f3f852eb4aa06c71fa522d77,2018-08-27 10:52:53,1,Silent,S1,S1,False,Medium,5.0,CWE-835,,2017-06-13 06:50:19,2017-08-18 12:08:29,2018-07-27,,440.1684490740741,373.9475,31.453391203703703,After Disclosure,2018,91,0,254.0,4.0,1429.0
CVE-2017-2670,io.undertow:undertow-core,com.networknt:rpc-router,networknt/light-hybrid-4j,https://github.com/networknt/light-hybrid-4j/commit/831f221d7187042a0fe59b5242960857c49cba56,2018-07-31 23:28:48,3,Silent,S1,S1,False,Medium,5.0,CWE-835,,2017-06-13 06:50:19,2017-08-18 12:08:29,2018-07-27,,413.6933912037037,347.47244212962966,4.9783333333333335,After Disclosure,2018,91,0,1541.5,15.0,1429.0
CVE-2017-2670,io.undertow:undertow-core,com.networknt:openapi-meta,networknt/light-rest-4j,https://github.com/networknt/light-rest-4j/commit/57604f1e95bf78dc7f4654b05c9151fa8d373915,2018-07-31 23:27:02,3,Silent,S1,S1,False,Medium,5.0,CWE-835,,2017-06-13 06:50:19,2017-08-18 12:08:29,2018-07-27,,413.69216435185183,347.4712152777778,4.977106481481481,After Disclosure,2018,91,0,338.0,6.0,1429.0
CVE-2019-11777,org.eclipse.paho:org.eclipse.paho.client.mqttv3,org.opentripplanner:otp,opentripplanner/OpenTripPlanner,https://github.com/opentripplanner/OpenTripPlanner/commit/195806bacf58231e414afbd9d6c92cedcd8741ab,2021-09-06 22:45:45,1,Transparent,T1,T1,False,Medium,5.0,CWE-346;CWE-755,2018-03-24 11:30:01,2018-03-26 10:53:18,2019-02-26 22:57:14,2019-09-11,1262.4692592592592,1260.4947569444444,922.9920254629629,726.9484375,After Disclosure,2019,46,0,87248.0,1240.0,514.0
CVE-2019-11777,org.eclipse.paho:org.eclipse.paho.client.mqttv3,org.apache.plc4x.examples:hello-cloud-google,apache/incubator-plc4x,https://github.com/apache/incubator-plc4x/commit/fd40493afd39bf915533de79807001fbf3e9e118,2019-05-10 14:23:34,1,Transparent,T1,T1,False,Medium,5.0,CWE-346;CWE-755,2018-03-24 11:30:01,2018-03-26 10:53:18,2019-02-26 22:57:14,2019-09-11,412.12052083333333,410.14601851851853,72.64328703703704,-123.40030092592593,Release->Disclosure,2019,46,0,353.0,3.0,514.0
CVE-2019-11777,org.eclipse.paho:org.eclipse.paho.client.mqttv3,org.nutz:nutzboot-starter-mqtt-client,nutzam/nutzboot,https://github.com/nutzam/nutzboot/commit/95b7f49a1fe4db73923d495190e89fff08db2602,2019-10-31 03:54:57,1,Transparent,T1,T1,False,Medium,5.0,CWE-346;CWE-755,2018-03-24 11:30:01,2018-03-26 10:53:18,2019-02-26 22:57:14,2019-09-11,585.6839814814815,583.7094791666667,246.20674768518518,50.163159722222225,After Disclosure,2019,46,0,149.0,1.0,514.0
CVE-2019-11777,org.eclipse.paho:org.eclipse.paho.client.mqttv3,io.github.amyassist:amy-message-hub,AmyAssist/Amy,https://github.com/AmyAssist/Amy/commit/51546f39e5a42ba3d4984ba42f5d7ff053d7362c,2019-11-13 15:06:14,1,Transparent,T1,T1,False,Medium,5.0,CWE-346;CWE-755,2018-03-24 11:30:01,2018-03-26 10:53:18,2019-02-26 22:57:14,2019-09-11,599.150150462963,597.1756481481482,259.67291666666665,63.629328703703706,After Disclosure,2019,46,0,942.0,18.0,514.0
CVE-2016-3674,com.thoughtworks.xstream:xstream,org.sonarsource.sonar-findbugs-plugin:sonar-findbugs-plugin,SonarSource/sonar-findbugs,https://github.com/SonarSource/sonar-findbugs/commit/617f3d2a3d16faa6d266397ac939c4b815253559,2016-06-14 14:53:32,1,Silent,S1,S1,False,Medium,5.0,CWE-200,,2015-10-06 19:35:55,2016-03-16 00:09:43,2016-05-17,,251.80390046296296,90.61376157407408,28.620509259259258,After Disclosure,2016,169,0,1608.0,38.0,43.0
CVE-2016-3674,com.thoughtworks.xstream:xstream,com.servicelibre:jxsl,mercibe/jxsl,https://github.com/mercibe/jxsl/commit/7014eff01d310dbfaeaf5c29884d4817152fd412,2021-03-22 23:46:19,2,Silent,S1,S1,False,Medium,5.0,CWE-200,,2015-10-06 19:35:55,2016-03-16 00:09:43,2016-05-17,,1994.173888888889,1832.98375,1770.9904976851851,After Disclosure,2016,169,0,1703.0,25.0,43.0
CVE-2016-3674,com.thoughtworks.xstream:xstream,br.com.caelum:vraptor,caelum/vraptor4,https://github.com/caelum/vraptor4/commit/381fe445dd294f42a708f17f4a17bac42480c10d,2018-06-25 14:03:56,2,Silent,S1,S1,False,Medium,5.0,CWE-200,,2015-10-06 19:35:55,2016-03-16 00:09:43,2016-05-17,,992.7694560185186,831.5793171296297,769.5860648148148,After Disclosure,2016,169,0,15683.5,486.0,43.0
CVE-2016-3674,com.thoughtworks.xstream:xstream,net.sf.oval:oval,sebthom/oval,https://github.com/sebthom/oval/commit/be396c481ea82774ea921607b82329f7c712cc1b,2019-11-01 10:50:36,1,Silent,S1,S1,False,Medium,5.0,CWE-200,,2015-10-06 19:35:55,2016-03-16 00:09:43,2016-05-17,,1486.6351967592593,1325.4450578703704,1263.4518055555557,After Disclosure,2016,169,0,10026.0,209.0,43.0
CVE-2016-3674,com.thoughtworks.xstream:xstream,org.powermock:powermock-classloading-xstream,powermock/powermock,https://github.com/powermock/powermock/commit/59361fe7217f40fe5a2cee1742485f90fdca515f,2016-04-12 18:29:51,1,Silent,S1,S1,False,Medium,5.0,CWE-200,,2015-10-06 19:35:55,2016-03-16 00:09:43,2016-05-17,,188.95412037037036,27.76398148148148,-34.22927083333333,Release->Disclosure,2016,169,0,23.0,1.0,43.0
CVE-2016-3674,com.thoughtworks.xstream:xstream,org.codehaus.xsite:xsite-core,x-stream/xsite,https://github.com/x-stream/xsite/commit/718b88e16e355c5c1508e278bf857ba25a5a805c,2017-04-03 08:25:06,1,Silent,S1,S1,False,Medium,5.0,CWE-200,,2015-10-06 19:35:55,2016-03-16 00:09:43,2016-05-17,,544.5341550925926,383.3440162037037,321.3507638888889,After Disclosure,2016,169,0,1026.0,34.0,43.0
CVE-2016-3674,com.thoughtworks.xstream:xstream,org.ikasan:ikasan-test,ikasanEIP/ikasan,https://github.com/ikasanEIP/ikasan/commit/c19e7bf76157432c48c3bddbf29fbc6dbac331d8,2018-02-01 19:25:02,1,Silent,S1,S1,False,Medium,5.0,CWE-200,,2015-10-06 19:35:55,2016-03-16 00:09:43,2016-05-17,,848.9924421296296,687.8023032407407,625.8090509259259,After Disclosure,2016,169,0,375.0,22.0,43.0
CVE-2016-3674,com.thoughtworks.xstream:xstream,net.bull.javamelody:javamelody-core,javamelody/javamelody,https://github.com/javamelody/javamelody/commit/dd8816863d8d943f819a3fa797c349236e7546d4,2017-05-10 22:02:37,1,Silent,S1,S1,False,Medium,5.0,CWE-200,,2015-10-06 19:35:55,2016-03-16 00:09:43,2016-05-17,,582.101875,420.9117361111111,358.9184837962963,After Disclosure,2016,169,0,19411.0,165.0,43.0
CVE-2016-3674,com.thoughtworks.xstream:xstream,org.sonatype.maven.shell:mvnsh-nexus,jdillon/mvnsh,https://github.com/jdillon/mvnsh/commit/1681240b79047be7dec25552ce6fc565bbf87883,2016-03-08 20:50:00,1,Silent,S1,S1,False,Medium,5.0,CWE-200,,2015-10-06 19:35:55,2016-03-16 00:09:43,2016-05-17,,154.05144675925925,-7.1386921296296295,-69.13194444444444,Fix->Release,2016,169,0,6906.0,161.0,43.0
CVE-2016-3674,com.thoughtworks.xstream:xstream,de.viaboxx:dbmigrate,viaboxxsystems/agimatec-tools,https://github.com/viaboxxsystems/agimatec-tools/commit/8f386a4e544284177b7f7fcd4b444c700b073d1a,2016-05-20 09:49:54,1,Silent,S1,S1,False,Medium,5.0,CWE-200,,2015-10-06 19:35:55,2016-03-16 00:09:43,2016-05-17,,226.5930439814815,65.40290509259259,3.4096527777777776,After Disclosure,2016,169,0,12257.0,179.0,43.0
CVE-2016-3674,com.thoughtworks.xstream:xstream,org.sonarsource.php:sonar-php-plugin,SonarCommunity/sonar-php,https://github.com/SonarCommunity/sonar-php/commit/a48145395bfdebccd2957ae980a87cf515ac4a74,2018-02-01 09:52:41,1,Silent,S1,S1,False,Medium,5.0,CWE-200,,2015-10-06 19:35:55,2016-03-16 00:09:43,2016-05-17,,848.5949768518518,687.4048379629629,625.4115856481482,After Disclosure,2016,169,0,1712.0,37.0,43.0
CVE-2016-3674,com.thoughtworks.xstream:xstream,org.broadleafcommerce:broadleaf-profile-web,BroadleafCommerce/BroadleafCommerce,https://github.com/BroadleafCommerce/BroadleafCommerce/commit/29a0fd94eb8650bf75ff61bd2385e7299e854b79,2017-08-31 14:00:23,1,Silent,S1,S1,False,Medium,5.0,CWE-200,,2015-10-06 19:35:55,2016-03-16 00:09:43,2016-05-17,,694.7669907407408,533.5768518518519,471.58359953703706,After Disclosure,2016,169,0,1286.0,27.0,43.0
CVE-2016-3674,com.thoughtworks.xstream:xstream,de.viaboxx:nlstools,viaboxxsystems/nlstools,https://github.com/viaboxxsystems/nlstools/commit/36b9250f40576374e11c2be0ab564d5d836f424e,2016-03-28 03:24:26,1,Silent,S1,S1,False,Medium,5.0,CWE-200,,2015-10-06 19:35:55,2016-03-16 00:09:43,2016-05-17,,173.32535879629629,12.135219907407407,-49.85803240740741,Release->Disclosure,2016,169,0,3418.0,34.0,43.0
CVE-2016-3674,com.thoughtworks.xstream:xstream,org.jbehave:jbehave-core,jbehave/jbehave-core,https://github.com/jbehave/jbehave-core/commit/c440aab73e5822490fa798515efec26046a2ba41,2016-05-02 09:26:49,1,Silent,S1,S1,False,Medium,5.0,CWE-200,,2015-10-06 19:35:55,2016-03-16 00:09:43,2016-05-17,,208.5770138888889,47.386875,-14.606377314814814,Release->Disclosure,2016,169,0,11566.0,294.0,43.0
CVE-2016-3674,com.thoughtworks.xstream:xstream,org.pitest:pitest,hcoles/pitest,https://github.com/hcoles/pitest/commit/5e60d44e4e5b399e724a4dc998ed3c8c9e2c3da5,2017-12-16 22:29:11,1,Silent,S1,S1,False,Medium,5.0,CWE-200,,2015-10-06 19:35:55,2016-03-16 00:09:43,2016-05-17,,802.1203240740741,640.9301851851852,578.9369328703704,After Disclosure,2016,169,0,16694.0,550.0,43.0
CVE-2016-3674,com.thoughtworks.xstream:xstream,org.sakaiproject:sakai-citations-impl,sakaiproject/sakai,https://github.com/sakaiproject/sakai/commit/4add14c55c48bd7feff38210db81a7775d73e15a,2020-01-17 17:33:06,1,Silent,S1,S1,False,Medium,5.0,CWE-200,,2015-10-06 19:35:55,2016-03-16 00:09:43,2016-05-17,,1563.9147106481482,1402.7245717592593,1340.7313194444444,After Disclosure,2016,169,0,8413.0,65.0,43.0
CVE-2016-3674,com.thoughtworks.xstream:xstream,com.custardsource.parfait:parfait-cxf,performancecopilot/parfait,https://github.com/performancecopilot/parfait/commit/e75f4bf62cd0845c4e244122e1b5c40b45988449,2020-09-09 04:39:41,1,Silent,S1,S1,False,Medium,5.0,CWE-200,,2015-10-06 19:35:55,2016-03-16 00:09:43,2016-05-17,,1799.3776157407408,1638.187476851852,1576.1942245370371,After Disclosure,2016,169,0,44.0,2.0,43.0
CVE-2016-3674,com.thoughtworks.xstream:xstream,org.axonframework:axon-core,AxonFramework/AxonFramework,https://github.com/AxonFramework/AxonFramework/commit/e919e82cefb3d73ba780ad110e9f952119d6e129,2016-05-30 07:30:32,1,Silent,S1,S1,False,Medium,5.0,CWE-200,,2015-10-06 19:35:55,2016-03-16 00:09:43,2016-05-17,,236.49626157407408,75.30612268518519,13.312870370370371,After Disclosure,2016,169,0,13407.5,408.5,43.0
CVE-2021-29943,org.apache.solr:solr-core,cool.solr:solr-thymeleaf,solr-cool/solr-thymeleaf,https://github.com/solr-cool/solr-thymeleaf/commit/da2eaf0676d9062d74a6d9aab860abf9f58161a6,2021-06-01 20:17:58,1,Transparent,T2,T2,False,Medium,6.4,CWE-863,2021-03-09 17:20:00,2021-04-05 13:13:44,2022-05-04 11:37:21,2021-04-13,84.12358796296296,57.29460648148148,-336.63846064814817,49.84581018518519,Disclosure->Release,2021,14,0,381.0,5.0,49.0
CVE-2021-29943,org.apache.solr:solr-core,com.lucidworks.spark:spark-solr,LucidWorks/spark-solr,https://github.com/LucidWorks/spark-solr/commit/f175ec380a5bc50f6da478b48e0f443fb38746f4,2021-04-15 14:42:29,2,Transparent,T2,T2,False,Medium,6.4,CWE-863,2021-03-09 17:20:00,2021-04-05 13:13:44,2022-05-04 11:37:21,2021-04-13,36.89061342592593,10.061631944444445,-383.8714351851852,2.612835648148148,Disclosure->Release,2021,14,0,27951.0,431.0,49.0
CVE-2021-29943,org.apache.solr:solr-core,cool.solr:solr-analyzers,solr-cool/solr-analyzers,https://github.com/solr-cool/solr-analyzers/commit/c6b828e3b7163ab0fe80af0ba3e85331ccf40b59,2021-06-02 06:17:04,4,Transparent,T2,T2,False,Medium,6.4,CWE-863,2021-03-09 17:20:00,2021-04-05 13:13:44,2022-05-04 11:37:21,2021-04-13,84.53962962962963,57.710648148148145,-336.2224189814815,50.26185185185185,Disclosure->Release,2021,14,0,356.0,5.0,49.0
CVE-2021-29943,org.apache.solr:solr-core,cool.solr:solr-util,solr-cool/solr-util,https://github.com/solr-cool/solr-util/commit/0f25e26817dd310957208900c7b17cdeb99bc9fe,2021-06-01 17:49:31,2,Transparent,T2,T2,False,Medium,6.4,CWE-863,2021-03-09 17:20:00,2021-04-05 13:13:44,2022-05-04 11:37:21,2021-04-13,84.02049768518519,57.191516203703706,-336.74155092592594,49.742719907407405,Disclosure->Release,2021,14,0,615.0,11.0,49.0
CVE-2021-29943,org.apache.solr:solr-core,org.textexploration.mtas:mtas,textexploration/mtas,https://github.com/textexploration/mtas/commit/933d3b8c3f88e88fe63197ee05a9841e0aa0fe0b,2021-06-06 06:55:26,2,Transparent,T2,T2,False,Medium,6.4,CWE-863,2021-03-09 17:20:00,2021-04-05 13:13:44,2022-05-04 11:37:21,2021-04-13,88.56627314814814,61.737291666666664,-332.19577546296296,54.28849537037037,Disclosure->Release,2021,14,0,51332.0,351.0,49.0
CVE-2015-7940,org.bouncycastle:bcprov-jdk15on,com.xeiam.xchange:xchange-coinfloor,timmolter/XChange,https://github.com/timmolter/XChange/commit/0b302b7178fd7a5d6944c404475aae67a6d7d4d2,2016-10-13 20:45:19,1,Silent,S1,S1,False,Medium,5.0,CWE-310;CWE-200,,2014-07-22 19:23:34,2014-07-25 21:08:05,2015-11-09,,814.0567708333333,810.9841898148148,339.86480324074074,After Disclosure,2015,93,0,1920.0,38.0,82.0
CVE-2015-7940,org.bouncycastle:bcprov-jdk15on,com.googlecode.xades4j:xades4j,luisgoncalves/xades4j,https://github.com/luisgoncalves/xades4j/commit/132bdae6d2e9a3d73981a376e3f13dc8a359befb,2017-04-25 18:03:58,1,Silent,S1,S1,False,Medium,5.0,CWE-310;CWE-200,,2014-07-22 19:23:34,2014-07-25 21:08:05,2015-11-09,,1007.9447222222223,1004.8721412037037,533.7527546296296,After Disclosure,2015,93,0,16128.0,554.0,82.0
CVE-2015-7940,org.bouncycastle:bcprov-jdk15on,com.squareup.okhttp:benchmarks,square/okhttp,https://github.com/square/okhttp/commit/9b6afa15b64fb2acdaed46b8a35b3dbe9ca55582,2018-04-21 10:46:10,1,Silent,S1,S1,False,Medium,5.0,CWE-310;CWE-200,,2014-07-22 19:23:34,2014-07-25 21:08:05,2015-11-09,,1368.6406944444445,1365.568113425926,894.4487268518518,After Disclosure,2015,93,0,619.0,22.0,82.0
CVE-2015-7940,org.bouncycastle:bcprov-jdk15on,org.keycloak:keycloak-tomcat-core-adapter,keycloak/keycloak,https://github.com/keycloak/keycloak/commit/50a2c1d0ed05547c7e03100a14808cc48af51515,2016-02-09 09:34:35,1,Silent,S1,S1,False,Medium,5.0,CWE-310;CWE-200,,2014-07-22 19:23:34,2014-07-25 21:08:05,2015-11-09,,566.5909837962963,563.5184027777777,92.39901620370371,After Disclosure,2015,93,0,617.0,9.0,82.0
CVE-2015-7940,org.bouncycastle:bcprov-jdk15on,eu.eu-emi.security:canl,eu-emi/canl-java,https://github.com/eu-emi/canl-java/commit/4d8ef3267c33c3346c234c66545b790069a658b5,2015-07-22 10:58:04,1,Silent,S1,S1,False,Medium,5.0,CWE-310;CWE-200,,2014-07-22 19:23:34,2014-07-25 21:08:05,2015-11-09,,364.6489583333333,361.5763773148148,-109.54300925925926,Release->Disclosure,2015,93,0,13694.0,159.0,82.0
CVE-2015-7940,org.bouncycastle:bcprov-jdk15on,no.difi.sdp:sikker-digital-post-java-klient,difi/sikker-digital-post-klient,https://github.com/difi/sikker-digital-post-klient/commit/3c57a5103c224e76107b39ee575bfe003acff254,2016-06-29 12:23:43,1,Silent,S1,S1,False,Medium,5.0,CWE-310;CWE-200,,2014-07-22 19:23:34,2014-07-25 21:08:05,2015-11-09,,707.7084375,704.6358564814815,233.5164699074074,After Disclosure,2015,93,0,2673.0,105.0,82.0
CVE-2015-7940,org.bouncycastle:bcprov-jdk15on,net.theblackchamber:commons-encryption,TheBlackChamber/commons-encryption,https://github.com/TheBlackChamber/commons-encryption/commit/351af9be7c4dad185c407be12d09bfcd7cd7476b,2015-06-14 19:29:30,1,Silent,S1,S1,False,Medium,5.0,CWE-310;CWE-200,,2014-07-22 19:23:34,2014-07-25 21:08:05,2015-11-09,,327.00412037037034,323.9315393518518,-147.18784722222222,Release->Disclosure,2015,93,0,682.0,13.0,82.0
CVE-2015-7940,org.bouncycastle:bcprov-jdk15on,com.github.davidcarboni:cryptolite,davidcarboni/Cryptolite,https://github.com/davidcarboni/Cryptolite/commit/6a4ccc741cb28935210a3f57a0a2f9269f5d7372,2015-08-26 13:12:49,1,Silent,S1,S1,False,Medium,5.0,CWE-310;CWE-200,,2014-07-22 19:23:34,2014-07-25 21:08:05,2015-11-09,,399.7425347222222,396.6699537037037,-74.44943287037037,Release->Disclosure,2015,93,0,871.0,10.0,82.0
CVE-2019-10088,org.apache.tika:tika-core,io.rocketbase.commons:commons-asset-core,rocketbase-io/commons-asset,https://github.com/rocketbase-io/commons-asset/commit/b35c0100a2d121cee71f2d1d69eb83f64720cc17,2019-07-30 20:57:35,2,Silent,S1,S1,False,Medium,6.8,CWE-770,,2019-06-26 15:28:52,2019-07-29 12:10:42,2019-08-02,,34.22827546296296,1.3658912037037036,-2.1266782407407407,Release->Disclosure,2019,24,0,1784.0,35.0,792.0
CVE-2019-10088,org.apache.tika:tika-core,org.restheart:restheart,SoftInstigate/restheart,https://github.com/SoftInstigate/restheart/commit/7eb3bcf3d039bb11fd9c7fa24aac0b9b08e2ceb6,2019-08-07 09:08:39,2,Silent,S1,S1,False,Medium,6.8,CWE-770,,2019-06-26 15:28:52,2019-07-29 12:10:42,2019-08-02,,41.73596064814815,8.873576388888889,5.381006944444445,After Disclosure,2019,24,0,17819.0,229.0,792.0
CVE-2019-10088,org.apache.tika:tika-core,org.appng:appng-search,appNG/appng,https://github.com/appNG/appng/commit/62b55e61825e658c77bcdbe60fd34ce545f2c8a4,2022-05-18 12:10:38,4,Silent,S1,S1,False,Medium,6.8,CWE-770,,2019-06-26 15:28:52,2019-07-29 12:10:42,2019-08-02,,1056.862337962963,1023.9999537037037,1020.5073842592593,After Disclosure,2019,24,0,2164.0,30.0,792.0
CVE-2019-10088,org.apache.tika:tika-core,com.buschmais.jqassistant.neo4jserver:neo4jv3,jqassistant/jqa-neo4j-backend,https://github.com/jqassistant/jqa-neo4j-backend/commit/809f1b358a58401055ac118fd93810b90b69db91,2019-11-19 10:06:18,2,Silent,S1,S1,False,Medium,6.8,CWE-770,,2019-06-26 15:28:52,2019-07-29 12:10:42,2019-08-02,,145.77599537037037,112.91361111111111,109.42104166666667,After Disclosure,2019,24,0,492.0,10.0,792.0
CVE-2019-10088,org.apache.tika:tika-core,com.github.mike10004:har-replay-exec,mike10004/har-replay,https://github.com/mike10004/har-replay/commit/3c3d169904412df624fed7195a94243c92426eb2,2019-10-02 18:07:04,2,Silent,S1,S1,False,Medium,6.8,CWE-770,,2019-06-26 15:28:52,2019-07-29 12:10:42,2019-08-02,,98.10986111111112,65.24747685185186,61.75490740740741,After Disclosure,2019,24,0,974.0,30.0,792.0
CVE-2019-10088,org.apache.tika:tika-core,com.digitalpebble.stormcrawler:storm-crawler-core,DigitalPebble/storm-crawler,https://github.com/DigitalPebble/storm-crawler/commit/ba44d1d3801e8ce20bba93f7617bbe08b299bc3c,2019-08-05 06:21:16,3,Silent,S1,S1,False,Medium,6.8,CWE-770,,2019-06-26 15:28:52,2019-07-29 12:10:42,2019-08-02,,39.61972222222222,6.757337962962963,3.2647685185185185,After Disclosure,2019,24,0,7848.0,117.0,792.0
CVE-2015-0886,org.mindrot:jbcrypt,org.ninjaframework:ninja-core,ninjaframework/ninja,https://github.com/ninjaframework/ninja/commit/01082911cfa8c5e798b09faebf3782e0bd6ff496,2018-08-23 18:26:12,1,Silent,S1,S1,False,Medium,5.0,CWE-190,,2015-02-02 11:56:52,2015-02-02 11:56:52,2015-02-27,,1298.2703703703703,1298.2703703703703,1273.7681944444444,After Disclosure,2015,96,0,11403.0,262.0,44.0
CVE-2015-0886,org.mindrot:jbcrypt,io.restx:restx-core-shell,restx/restx-shell,https://github.com/restx/restx-shell/commit/632a6750a871db375639bbd52abbe595d8420da4,2015-11-15 11:28:45,1,Silent,S1,S1,False,Medium,5.0,CWE-190,,2015-02-02 11:56:52,2015-02-02 11:56:52,2015-02-27,,285.980474537037,285.980474537037,261.4782986111111,After Disclosure,2015,96,0,1646.0,41.0,44.0
CVE-2015-0886,org.mindrot:jbcrypt,com.aerospike:aerospike-client,aerospike/aerospike-client-java,https://github.com/aerospike/aerospike-client-java/commit/1e278537a0fc037d635bb028e166c49d0ee5d243,2018-08-30 22:26:50,1,Silent,S1,S1,False,Medium,5.0,CWE-190,,2015-02-02 11:56:52,2015-02-02 11:56:52,2015-02-27,,1305.437476851852,1305.437476851852,1280.935300925926,After Disclosure,2015,96,0,13922.0,226.0,44.0
CVE-2015-0886,org.mindrot:jbcrypt,com.squareup.keywhiz:keywhiz-server,square/keywhiz,https://github.com/square/keywhiz/commit/75a2bca0ab9c9eb7491f149ca3776871baf37509,2015-06-11 00:01:06,1,Silent,S1,S1,False,Medium,5.0,CWE-190,,2015-02-02 11:56:52,2015-02-02 11:56:52,2015-02-27,,128.50293981481482,128.50293981481482,104.00076388888888,After Disclosure,2015,96,0,5604.0,131.5,44.0
CVE-2015-0886,org.mindrot:jbcrypt,io.restx:restx-security-basic,restx/restx,https://github.com/restx/restx/commit/bf84dab0dc30fdf2dbadf8d63777118568046c18,2020-01-09 05:55:05,1,Silent,S1,S1,False,Medium,5.0,CWE-190,,2015-02-02 11:56:52,2015-02-02 11:56:52,2015-02-27,,1801.748761574074,1801.748761574074,1777.246585648148,After Disclosure,2015,96,0,919.0,42.0,44.0
CVE-2016-1000352,org.bouncycastle:bcprov-jdk15on,de.taimos:dvalin-jaxrs,taimos/dvalin,https://github.com/taimos/dvalin/commit/255285f19aef973caa27a2a53204ec9007a8c9dc,2022-01-20 13:02:38,7,Silent,S1,S1,False,Medium,5.8,CWE-310,,2016-08-27 11:41:27,2016-12-23 15:30:08,2018-06-04,,1972.0563773148149,1853.8975694444443,1326.5434953703705,After Disclosure,2018,155,0,2164.0,51.0,288.0
CVE-2016-1000352,org.bouncycastle:bcprov-jdk15on,net.anotheria:ano-util,anotheria/ano-util,https://github.com/anotheria/ano-util/commit/0635219589847eb0582e222fde326912e521211e,2021-08-13 15:29:15,7,Silent,S1,S1,False,Medium,5.8,CWE-310,,2016-08-27 11:41:27,2016-12-23 15:30:08,2018-06-04,,1812.1581944444445,1693.9993865740742,1166.6453125,After Disclosure,2018,155,0,7703.0,139.0,288.0
CVE-2016-1000352,org.bouncycastle:bcprov-jdk15on,org.smallmind:smallmind-nutsnbolts,zenbones/SmallMind,https://github.com/zenbones/SmallMind/commit/487b69edc6fb1249b778f345b4571a349cb5277b,2019-04-23 20:21:49,7,Silent,S1,S1,False,Medium,5.8,CWE-310,,2016-08-27 11:41:27,2016-12-23 15:30:08,2018-06-04,,969.3613657407408,851.2025578703704,323.8484837962963,After Disclosure,2018,155,0,13821.0,389.0,288.0
CVE-2016-1000352,org.bouncycastle:bcprov-jdk15on,io.netty:netty-example,netty/netty,https://github.com/netty/netty/commit/0dc246eb129796313b58c1dbdd674aa289f72cad,2021-01-01 18:31:44,7,Silent,S1,S1,False,Medium,5.8,CWE-310,,2016-08-27 11:41:27,2016-12-23 15:30:08,2018-06-04,,1588.2849189814815,1470.1261111111112,942.7720370370371,After Disclosure,2018,155,0,10870.0,260.0,288.0
CVE-2016-1000352,org.bouncycastle:bcprov-jdk15on,de.alpharogroup:crypt-core,astrapi69/mystic-crypt,https://github.com/astrapi69/mystic-crypt/commit/d53951f5b8b9d538e6e4d17c4b6598e72ce41863,2018-01-06 12:34:33,7,Silent,S1,S1,False,Medium,5.8,CWE-310,,2016-08-27 11:41:27,2016-12-23 15:30:08,2018-06-04,,497.036875,378.87806712962964,-148.47600694444444,Release->Disclosure,2018,155,0,1230.0,45.0,288.0
CVE-2016-1000352,org.bouncycastle:bcprov-jdk15on,io.baltoro:client-lib,junaidontable/baltoro.lib,https://github.com/junaidontable/baltoro.lib/commit/7fb0f21ba08ba297824f51f8d54ea11f3ced6ba3,2020-04-28 03:51:57,7,Silent,S1,S1,False,Medium,5.8,CWE-310,,2016-08-27 11:41:27,2016-12-23 15:30:08,2018-06-04,,1339.6739583333333,1221.515150462963,694.1610763888889,After Disclosure,2018,155,0,6771.0,138.0,288.0
CVE-2016-1000352,org.bouncycastle:bcprov-jdk15on,net.sf.openas2:openas2-server,OpenAS2/OpenAs2App,https://github.com/OpenAS2/OpenAs2App/commit/320e7feb0ff579976f34f2d40d10f34d2d8fde18,2018-06-04 18:16:43,7,Silent,S1,S1,False,Medium,5.8,CWE-310,,2016-08-27 11:41:27,2016-12-23 15:30:08,2018-06-04,,646.2744907407407,528.1156828703704,0.7616087962962963,After Disclosure,2018,155,0,15046.0,228.0,288.0
CVE-2016-1000352,org.bouncycastle:bcprov-jdk15on,com.augustcellars.cose:cose-java,cose-wg/cose-java,https://github.com/cose-wg/cose-java/commit/4025bdbc51c381f170cd54abf593d5cf8f892c80,2019-07-08 19:44:43,7,Silent,S1,S1,False,Medium,5.8,CWE-310,,2016-08-27 11:41:27,2016-12-23 15:30:08,2018-06-04,,1045.3356018518518,927.1767939814815,399.8227199074074,After Disclosure,2018,155,0,2943.0,30.0,288.0
CVE-2016-1000352,org.bouncycastle:bcprov-jdk15on,org.digidoc4j:digidoc4j,open-eid/digidoc4j,https://github.com/open-eid/digidoc4j/commit/78a400c3a59ea787885eb9c9370468bb7ea61c64,2018-02-14 09:04:46,7,Silent,S1,S1,False,Medium,5.8,CWE-310,,2016-08-27 11:41:27,2016-12-23 15:30:08,2018-06-04,,535.8911921296296,417.7323842592593,-109.62168981481481,Release->Disclosure,2018,155,0,11552.0,162.0,288.0
CVE-2016-1000352,org.bouncycastle:bcprov-jdk15on,no.difi.sdp:sikker-digital-post-klient-java,difi/sikker-digital-post-klient,https://github.com/difi/sikker-digital-post-klient/commit/66e3cf656c3e49d5f4f5c00b5cfdb30fcca9fdf3,2019-03-15 13:29:11,7,Silent,S1,S1,False,Medium,5.8,CWE-310,,2016-08-27 11:41:27,2016-12-23 15:30:08,2018-06-04,,930.0748148148148,811.9160069444445,284.56193287037036,After Disclosure,2018,155,0,3234.0,120.0,288.0
CVE-2016-1000352,org.bouncycastle:bcprov-jdk15on,com.cybersource:cybersource-sdk-java,CyberSource/cybersource-sdk-java,https://github.com/CyberSource/cybersource-sdk-java/commit/f1d2a09b85a2294b312b9dbf1733a4df3bb9af9a,2019-03-06 13:51:03,7,Silent,S1,S1,False,Medium,5.8,CWE-310,,2016-08-27 11:41:27,2016-12-23 15:30:08,2018-06-04,,921.09,802.9311921296296,275.57711805555556,After Disclosure,2018,155,0,2569.0,23.0,288.0
CVE-2016-1000352,org.bouncycastle:bcprov-jdk15on,no.digipost:digipost-api-client-java,digipost/digipost-api-client-java,https://github.com/digipost/digipost-api-client-java/commit/b4be4fb911f048cf08f1b4546250c47143840ae6,2020-09-15 10:59:43,7,Silent,S1,S1,False,Medium,5.8,CWE-310,,2016-08-27 11:41:27,2016-12-23 15:30:08,2018-06-04,,1479.9710185185186,1361.812210648148,834.458136574074,After Disclosure,2018,155,0,7810.0,182.0,288.0
CVE-2016-1000352,org.bouncycastle:bcprov-jdk15on,no.digipost:certificate-validator,digipost/certificate-validator,https://github.com/digipost/certificate-validator/commit/b148ba11c9f9385d612e3d4ccd6d3cad020c07fd,2019-06-05 07:49:09,7,Silent,S1,S1,False,Medium,5.8,CWE-310,,2016-08-27 11:41:27,2016-12-23 15:30:08,2018-06-04,,1011.8386805555556,893.6798726851852,366.3257986111111,After Disclosure,2018,155,0,1103.0,24.0,288.0
CVE-2016-1000342,org.bouncycastle:bcprov-jdk15on,net.anotheria:ano-util,anotheria/ano-util,https://github.com/anotheria/ano-util/commit/0635219589847eb0582e222fde326912e521211e,2021-08-13 15:29:15,7,Silent,S1,S1,False,Medium,5.0,CWE-347,,2016-10-15 11:21:05,2016-12-23 15:30:08,2018-06-04,,1763.172337962963,1693.9993865740742,1166.6453125,After Disclosure,2018,155,0,7703.0,139.0,305.0
CVE-2016-1000342,org.bouncycastle:bcprov-jdk15on,de.alpharogroup:crypt-core,astrapi69/mystic-crypt,https://github.com/astrapi69/mystic-crypt/commit/d53951f5b8b9d538e6e4d17c4b6598e72ce41863,2018-01-06 12:34:33,7,Silent,S1,S1,False,Medium,5.0,CWE-347,,2016-10-15 11:21:05,2016-12-23 15:30:08,2018-06-04,,448.0510185185185,378.87806712962964,-148.47600694444444,Release->Disclosure,2018,155,0,1230.0,45.0,305.0
CVE-2016-1000342,org.bouncycastle:bcprov-jdk15on,no.digipost:digipost-api-client-java,digipost/digipost-api-client-java,https://github.com/digipost/digipost-api-client-java/commit/b4be4fb911f048cf08f1b4546250c47143840ae6,2020-09-15 10:59:43,7,Silent,S1,S1,False,Medium,5.0,CWE-347,,2016-10-15 11:21:05,2016-12-23 15:30:08,2018-06-04,,1430.985162037037,1361.812210648148,834.458136574074,After Disclosure,2018,155,0,7810.0,182.0,305.0
CVE-2016-1000342,org.bouncycastle:bcprov-jdk15on,io.baltoro:client-lib,junaidontable/baltoro.lib,https://github.com/junaidontable/baltoro.lib/commit/7fb0f21ba08ba297824f51f8d54ea11f3ced6ba3,2020-04-28 03:51:57,7,Silent,S1,S1,False,Medium,5.0,CWE-347,,2016-10-15 11:21:05,2016-12-23 15:30:08,2018-06-04,,1290.6881018518518,1221.515150462963,694.1610763888889,After Disclosure,2018,155,0,6771.0,138.0,305.0
CVE-2016-1000342,org.bouncycastle:bcprov-jdk15on,org.smallmind:smallmind-nutsnbolts,zenbones/SmallMind,https://github.com/zenbones/SmallMind/commit/487b69edc6fb1249b778f345b4571a349cb5277b,2019-04-23 20:21:49,7,Silent,S1,S1,False,Medium,5.0,CWE-347,,2016-10-15 11:21:05,2016-12-23 15:30:08,2018-06-04,,920.3755092592593,851.2025578703704,323.8484837962963,After Disclosure,2018,155,0,13821.0,389.0,305.0
CVE-2016-1000342,org.bouncycastle:bcprov-jdk15on,org.digidoc4j:digidoc4j,open-eid/digidoc4j,https://github.com/open-eid/digidoc4j/commit/78a400c3a59ea787885eb9c9370468bb7ea61c64,2018-02-14 09:04:46,7,Silent,S1,S1,False,Medium,5.0,CWE-347,,2016-10-15 11:21:05,2016-12-23 15:30:08,2018-06-04,,486.90533564814814,417.7323842592593,-109.62168981481481,Release->Disclosure,2018,155,0,11552.0,162.0,305.0
CVE-2016-1000342,org.bouncycastle:bcprov-jdk15on,de.taimos:dvalin-jaxrs,taimos/dvalin,https://github.com/taimos/dvalin/commit/255285f19aef973caa27a2a53204ec9007a8c9dc,2022-01-20 13:02:38,7,Silent,S1,S1,False,Medium,5.0,CWE-347,,2016-10-15 11:21:05,2016-12-23 15:30:08,2018-06-04,,1923.0705208333334,1853.8975694444443,1326.5434953703705,After Disclosure,2018,155,0,2164.0,51.0,305.0
CVE-2016-1000342,org.bouncycastle:bcprov-jdk15on,io.netty:netty-example,netty/netty,https://github.com/netty/netty/commit/0dc246eb129796313b58c1dbdd674aa289f72cad,2021-01-01 18:31:44,7,Silent,S1,S1,False,Medium,5.0,CWE-347,,2016-10-15 11:21:05,2016-12-23 15:30:08,2018-06-04,,1539.2990625,1470.1261111111112,942.7720370370371,After Disclosure,2018,155,0,10870.0,260.0,305.0
CVE-2016-1000342,org.bouncycastle:bcprov-jdk15on,net.sf.openas2:openas2-server,OpenAS2/OpenAs2App,https://github.com/OpenAS2/OpenAs2App/commit/320e7feb0ff579976f34f2d40d10f34d2d8fde18,2018-06-04 18:16:43,7,Silent,S1,S1,False,Medium,5.0,CWE-347,,2016-10-15 11:21:05,2016-12-23 15:30:08,2018-06-04,,597.2886342592593,528.1156828703704,0.7616087962962963,After Disclosure,2018,155,0,15046.0,228.0,305.0
CVE-2016-1000342,org.bouncycastle:bcprov-jdk15on,com.cybersource:cybersource-sdk-java,CyberSource/cybersource-sdk-java,https://github.com/CyberSource/cybersource-sdk-java/commit/f1d2a09b85a2294b312b9dbf1733a4df3bb9af9a,2019-03-06 13:51:03,7,Silent,S1,S1,False,Medium,5.0,CWE-347,,2016-10-15 11:21:05,2016-12-23 15:30:08,2018-06-04,,872.1041435185185,802.9311921296296,275.57711805555556,After Disclosure,2018,155,0,2569.0,23.0,305.0
CVE-2016-1000342,org.bouncycastle:bcprov-jdk15on,no.difi.sdp:sikker-digital-post-klient-java,difi/sikker-digital-post-klient,https://github.com/difi/sikker-digital-post-klient/commit/66e3cf656c3e49d5f4f5c00b5cfdb30fcca9fdf3,2019-03-15 13:29:11,7,Silent,S1,S1,False,Medium,5.0,CWE-347,,2016-10-15 11:21:05,2016-12-23 15:30:08,2018-06-04,,881.0889583333334,811.9160069444445,284.56193287037036,After Disclosure,2018,155,0,3234.0,120.0,305.0
CVE-2016-1000342,org.bouncycastle:bcprov-jdk15on,com.augustcellars.cose:cose-java,cose-wg/cose-java,https://github.com/cose-wg/cose-java/commit/4025bdbc51c381f170cd54abf593d5cf8f892c80,2019-07-08 19:44:43,7,Silent,S1,S1,False,Medium,5.0,CWE-347,,2016-10-15 11:21:05,2016-12-23 15:30:08,2018-06-04,,996.3497453703703,927.1767939814815,399.8227199074074,After Disclosure,2018,155,0,2943.0,30.0,305.0
CVE-2016-1000342,org.bouncycastle:bcprov-jdk15on,no.digipost:certificate-validator,digipost/certificate-validator,https://github.com/digipost/certificate-validator/commit/b148ba11c9f9385d612e3d4ccd6d3cad020c07fd,2019-06-05 07:49:09,7,Silent,S1,S1,False,Medium,5.0,CWE-347,,2016-10-15 11:21:05,2016-12-23 15:30:08,2018-06-04,,962.8528240740741,893.6798726851852,366.3257986111111,After Disclosure,2018,155,0,1103.0,24.0,305.0
CVE-2020-11612,io.netty:netty-codec,io.servicecomb:foundation-config,ServiceComb/java-chassis,https://github.com/ServiceComb/java-chassis/commit/4b2ac34d24e17745e6ce4f5a36e7bd89b0a96c94,2020-02-07 06:03:47,1,Transparent,T1,T1,False,Medium,5.0,CWE-770,2020-01-07 19:28:51,2020-01-31 12:11:06,2020-02-28 06:36:45,2020-04-07,30.440925925925924,6.744918981481481,-21.02289351851852,-59.747372685185184,Fix->Release,2020,88,0,697.0,19.0,21156.0
CVE-2020-11612,io.netty:netty-codec,com.corundumstudio.socketio:netty-socketio,mrniko/netty-socketio,https://github.com/mrniko/netty-socketio/commit/efda60a4e50f7398789bdb8532c120e1349265a5,2020-06-11 11:06:18,1,Transparent,T1,T1,False,Medium,5.0,CWE-770,2020-01-07 19:28:51,2020-01-31 12:11:06,2020-02-28 06:36:45,2020-04-07,155.65100694444445,131.955,104.1871875,65.46270833333334,After Disclosure,2020,88,0,6067.0,139.0,21156.0
CVE-2020-5397,org.springframework:spring-web,org.flowable:flowable-ui-admin-logic,flowable/flowable-engine,https://github.com/flowable/flowable-engine/commit/e0e4ff2886f0b9e1a0e1f62fb23cae21a6c90603,2020-03-08 14:05:10,1,Transparent,T1,T1,False,Low,2.6,CWE-352,2020-01-10 13:46:43,2020-01-13 08:33:14,2020-01-14 08:00:35,2020-01-17,58.0128125,55.23050925925926,54.253182870370374,51.586921296296296,After Disclosure,2020,80,0,3254.0,42.0,32015.0
CVE-2020-5397,org.springframework:spring-web,de.alpharogroup:spring-tool-extensions,astrapi69/spring-tool-extensions,https://github.com/astrapi69/spring-tool-extensions/commit/fdf766392c60b4850c774118faa9e885555ceb16,2020-01-29 16:48:45,1,Transparent,T1,T1,False,Low,2.6,CWE-352,2020-01-10 13:46:43,2020-01-13 08:33:14,2020-01-14 08:00:35,2020-01-17,19.12641203703704,16.344108796296297,15.366782407407408,12.700520833333334,After Disclosure,2020,80,0,1096.0,22.0,32015.0
CVE-2020-5397,org.springframework:spring-web,com.github.research-virtualfortknox:msb-client-api,research-virtualfortknox/msb-client-websocket-java,https://github.com/research-virtualfortknox/msb-client-websocket-java/commit/eed1284f05f5aa071886991d8395de53f28a1360,2020-02-06 02:01:36,1,Transparent,T1,T1,False,Low,2.6,CWE-352,2020-01-10 13:46:43,2020-01-13 08:33:14,2020-01-14 08:00:35,2020-01-17,26.51033564814815,23.728032407407408,22.750706018518517,20.084444444444443,After Disclosure,2020,80,0,2710.0,58.0,32015.0
CVE-2020-5397,org.springframework:spring-web,org.apache.openmeetings:openmeetings-db,apache/openmeetings,https://github.com/apache/openmeetings/commit/ae408b47a14480c49a07bc0162b47a903852030f,2020-01-18 06:05:16,2,Transparent,T1,T1,False,Low,2.6,CWE-352,2020-01-10 13:46:43,2020-01-13 08:33:14,2020-01-14 08:00:35,2020-01-17,7.6795486111111115,4.897245370370371,3.9199189814814814,1.2536574074074074,After Disclosure,2020,80,0,28869.5,138.0,32015.0
CVE-2020-5397,org.springframework:spring-web,com.liferay.portletmvc4spring:com.liferay.portletmvc4spring.test,liferay/portletmvc4spring,https://github.com/liferay/portletmvc4spring/commit/dddd067c95f48f8869769fa2b39e339017817842,2020-04-17 20:56:00,1,Transparent,T1,T1,False,Low,2.6,CWE-352,2020-01-10 13:46:43,2020-01-13 08:33:14,2020-01-14 08:00:35,2020-01-17,98.29811342592592,95.51581018518519,94.53848379629629,91.87222222222222,After Disclosure,2020,80,0,2892.0,36.0,32015.0
CVE-2020-5397,org.springframework:spring-web,com.holon-platform.core:documentation-core,holon-platform/holon-core,https://github.com/holon-platform/holon-core/commit/9e9e8ce94f05e2f81d5bbb022057c9003479b959,2020-07-03 16:27:47,1,Transparent,T1,T1,False,Low,2.6,CWE-352,2020-01-10 13:46:43,2020-01-13 08:33:14,2020-01-14 08:00:35,2020-01-17,175.11185185185184,172.3295486111111,171.35222222222222,168.68596064814815,After Disclosure,2020,80,0,2126.5,62.5,32015.0
CVE-2020-5397,org.springframework:spring-web,org.springframework.hateoas:spring-hateoas,spring-projects/spring-hateoas,https://github.com/spring-projects/spring-hateoas/commit/ebb78bdb67ec25658cad2043410e8e112f7e9326,2020-01-15 07:05:35,1,Transparent,T1,T1,False,Low,2.6,CWE-352,2020-01-10 13:46:43,2020-01-13 08:33:14,2020-01-14 08:00:35,2020-01-17,4.721435185185185,1.9391319444444444,0.9618055555555556,-1.7044560185185185,Release->Disclosure,2020,80,0,9992.5,231.5,32015.0
CVE-2020-5397,org.springframework:spring-web,com.github.rockylomo:rxlib,RockyLOMO/rxlib,https://github.com/RockyLOMO/rxlib/commit/e9166463aa40426720d941386ee07850ab5201f5,2020-02-28 03:10:49,1,Transparent,T1,T1,False,Low,2.6,CWE-352,2020-01-10 13:46:43,2020-01-13 08:33:14,2020-01-14 08:00:35,2020-01-17,48.55840277777778,45.776099537037034,44.79877314814815,42.13251157407407,After Disclosure,2020,80,0,13623.0,210.0,32015.0
CVE-2020-5397,org.springframework:spring-web,org.wicketstuff:wicketstuff-springreference,wicketstuff/core,https://github.com/wicketstuff/core/commit/6e61f649be5ec2e8182aaaa51ef43b83f2d64bbf,2020-04-06 15:17:10,1,Transparent,T1,T1,False,Low,2.6,CWE-352,2020-01-10 13:46:43,2020-01-13 08:33:14,2020-01-14 08:00:35,2020-01-17,87.0628125,84.28050925925926,83.30318287037036,80.6369212962963,After Disclosure,2020,80,0,311.0,6.0,32015.0
CVE-2019-12402,org.apache.commons:commons-compress,com.github.docker-java:docker-java,docker-java/docker-java,https://github.com/docker-java/docker-java/commit/d71cace8ee10955bb0d53411a0dc463660d68454,2019-08-30 19:52:30,1,Silent,S1,S1,False,Medium,5.0,CWE-835,,2019-08-23 16:55:56,2019-08-24 18:09:18,2019-08-30,,7.12261574074074,6.071666666666666,0.828125,After Disclosure,2019,303,0,20050.0,522.0,112.0
CVE-2019-12402,org.apache.commons:commons-compress,no.difi.sdp:sikker-digital-post-klient-java,difi/sikker-digital-post-klient,https://github.com/difi/sikker-digital-post-klient/commit/7deeac47ef916bf0d73daf98f3f539ea7fca3fc6,2020-03-20 08:48:03,1,Silent,S1,S1,False,Medium,5.0,CWE-835,,2019-08-23 16:55:56,2019-08-24 18:09:18,2019-08-30,,209.66119212962963,208.61024305555554,203.36670138888888,After Disclosure,2019,303,0,3234.0,120.0,112.0
CVE-2019-12402,org.apache.commons:commons-compress,nl.jpoint.vertx-deploy-tools:vertx-deploy-agent,msoute/vertx-deploy-mod,https://github.com/msoute/vertx-deploy-mod/commit/6377312b28a53493ee9a80ccd7b91ad98a448dc4,2019-09-05 10:55:40,1,Silent,S1,S1,False,Medium,5.0,CWE-835,,2019-08-23 16:55:56,2019-08-24 18:09:18,2019-08-30,,12.749814814814815,11.698865740740741,6.455324074074074,After Disclosure,2019,303,0,3619.0,53.0,112.0
CVE-2019-12402,org.apache.commons:commons-compress,gov.nasa.pds:registry,NASA-PDS-Incubator/registry,https://github.com/NASA-PDS-Incubator/registry/commit/8243dd9ac9ccebcb27935811de670cc61b4a73a7,2020-03-26 17:35:43,1,Silent,S1,S1,False,Medium,5.0,CWE-835,,2019-08-23 16:55:56,2019-08-24 18:09:18,2019-08-30,,216.02762731481482,214.97667824074074,209.73313657407408,After Disclosure,2019,303,0,1192.0,10.0,112.0
CVE-2019-12402,org.apache.commons:commons-compress,de.tudarmstadt.ukp.dkpro.core:de.tudarmstadt.ukp.dkpro.core.api.datasets-asl,dkpro/dkpro-core,https://github.com/dkpro/dkpro-core/commit/aa3a0e5b8beb029991acecb3bae83804f6a531bb,2019-11-10 18:58:02,1,Silent,S1,S1,False,Medium,5.0,CWE-835,,2019-08-23 16:55:56,2019-08-24 18:09:18,2019-08-30,,79.08479166666666,78.03384259259259,72.79030092592592,After Disclosure,2019,303,0,1436.0,25.0,112.0
CVE-2019-12402,org.apache.commons:commons-compress,org.mycore:mycore-impex,MyCoRe-Org/mycore,https://github.com/MyCoRe-Org/mycore/commit/64d7e8a3323e77ac28e049b39abe7be4f0bd3631,2019-12-04 18:10:45,2,Silent,S1,S1,False,Medium,5.0,CWE-835,,2019-08-23 16:55:56,2019-08-24 18:09:18,2019-08-30,,103.05195601851852,102.00100694444444,96.75746527777778,After Disclosure,2019,303,0,644.0,5.0,112.0
CVE-2019-12402,org.apache.commons:commons-compress,org.opentripplanner:otp,opentripplanner/OpenTripPlanner,https://github.com/opentripplanner/OpenTripPlanner/commit/2c586dc854e6147cf3c819bdbf8b2a8fb0de1116,2019-11-22 05:19:21,1,Silent,S1,S1,False,Medium,5.0,CWE-835,,2019-08-23 16:55:56,2019-08-24 18:09:18,2019-08-30,,90.51626157407408,89.4653125,84.22177083333334,After Disclosure,2019,303,0,87248.0,1240.0,112.0
CVE-2019-12402,org.apache.commons:commons-compress,com.github.fartherp:framework-compress,fartherp/framework,https://github.com/fartherp/framework/commit/3a445dbbf7037ec6f4b95599edd2cd6e5c0e8547,2020-01-12 10:00:22,1,Silent,S1,S1,False,Medium,5.0,CWE-835,,2019-08-23 16:55:56,2019-08-24 18:09:18,2019-08-30,,141.71141203703704,140.66046296296295,135.4169212962963,After Disclosure,2019,303,0,895.0,16.0,112.0
CVE-2019-12402,org.apache.commons:commons-compress,org.apache.royale.compiler:compiler-build-tools,apache/royale-compiler,https://github.com/apache/royale-compiler/commit/073517d30758654979a863cfe4acf38fae77c44b,2020-04-01 05:11:13,1,Silent,S1,S1,False,Medium,5.0,CWE-835,,2019-08-23 16:55:56,2019-08-24 18:09:18,2019-08-30,,221.51061342592592,220.45966435185184,215.21612268518518,After Disclosure,2019,303,0,1054.0,14.0,112.0
CVE-2019-12402,org.apache.commons:commons-compress,com.openshift:openshift-restclient-java,openshift/openshift-restclient-java,https://github.com/openshift/openshift-restclient-java/commit/48adb95955a89eff53d5243d9a242bafd253d34f,2021-09-01 14:21:24,2,Silent,S1,S1,False,Medium,5.0,CWE-835,,2019-08-23 16:55:56,2019-08-24 18:09:18,2019-08-30,,739.8926851851852,738.8417361111111,733.5981944444444,After Disclosure,2019,303,0,14451.0,396.0,112.0
CVE-2019-12402,org.apache.commons:commons-compress,org.orderofthebee.support-tools:support-tools-share,OrderOfTheBee/ootbee-support-tools,https://github.com/OrderOfTheBee/ootbee-support-tools/commit/fd5bd75564b69141991d83f51e11277602c70fab,2019-12-23 22:03:03,1,Silent,S1,S1,False,Medium,5.0,CWE-835,,2019-08-23 16:55:56,2019-08-24 18:09:18,2019-08-30,,122.21327546296297,121.16232638888889,115.91878472222223,After Disclosure,2019,303,0,1026.0,18.0,112.0
CVE-2019-12402,org.apache.commons:commons-compress,us.dustinj.timezonemap:timezonemap-data,dustin-johnson/timezonemap,https://github.com/dustin-johnson/timezonemap/commit/ab991487960cca3559744dd99fd5c085fc5e955b,2020-01-04 14:39:07,1,Silent,S1,S1,False,Medium,5.0,CWE-835,,2019-08-23 16:55:56,2019-08-24 18:09:18,2019-08-30,,133.90498842592592,132.85403935185184,127.61049768518518,After Disclosure,2019,303,0,40.0,1.0,112.0
CVE-2019-12402,org.apache.commons:commons-compress,com.aerse.maven:deb-maven-plugin,dernasherbrezon/deb-maven-plugin,https://github.com/dernasherbrezon/deb-maven-plugin/commit/78bb0627ac8981f0dbf27f6ee6a78bc3d2377c85,2019-10-11 18:54:54,1,Silent,S1,S1,False,Medium,5.0,CWE-835,,2019-08-23 16:55:56,2019-08-24 18:09:18,2019-08-30,,49.08261574074074,48.031666666666666,42.788125,After Disclosure,2019,303,0,870.0,9.0,112.0
CVE-2019-12402,org.apache.commons:commons-compress,no.difi.meldingsutveksling:altinn-client,felleslosninger/efm-integrasjonspunkt,https://github.com/felleslosninger/efm-integrasjonspunkt/commit/79cd64565cf164ded40c44d3251e40c2bb9497db,2020-11-26 11:03:46,1,Silent,S1,S1,False,Medium,5.0,CWE-835,,2019-08-23 16:55:56,2019-08-24 18:09:18,2019-08-30,,460.7554398148148,459.70449074074077,454.46094907407405,After Disclosure,2019,303,0,1643.0,32.0,112.0
CVE-2019-12402,org.apache.commons:commons-compress,org.appng:appng-core,appNG/appng,https://github.com/appNG/appng/commit/f46d06873eb2a6e5db71f140d65986c57be4df13,2019-11-13 12:59:27,2,Silent,S1,S1,False,Medium,5.0,CWE-835,,2019-08-23 16:55:56,2019-08-24 18:09:18,2019-08-30,,81.83577546296296,80.78482638888889,75.54128472222222,After Disclosure,2019,303,0,19802.0,231.0,112.0
CVE-2019-12402,org.apache.commons:commons-compress,io.github.stephenc.docker:junit-docker-rule,stephenc/junit-docker-rule,https://github.com/stephenc/junit-docker-rule/commit/995195697c971f0d7612330e00568ea355dbfee4,2021-02-09 12:27:49,1,Silent,S1,S1,False,Medium,5.0,CWE-835,,2019-08-23 16:55:56,2019-08-24 18:09:18,2019-08-30,,535.8138078703704,534.7628587962963,529.5193171296296,After Disclosure,2019,303,0,1767.0,39.0,112.0
CVE-2019-12402,org.apache.commons:commons-compress,com.samsungsds.analyst:code-analyst,RedCA-Family/code-analyst,https://github.com/RedCA-Family/code-analyst/commit/e6b6bf47e70a5d1f2375bb7680636c48ee1fdfe9,2020-07-15 07:25:42,1,Silent,S1,S1,False,Medium,5.0,CWE-835,,2019-08-23 16:55:56,2019-08-24 18:09:18,2019-08-30,,326.6040046296296,325.55305555555555,320.3095138888889,After Disclosure,2019,303,0,16494.0,186.0,112.0
CVE-2019-12402,org.apache.commons:commons-compress,io.archivesunleashed:aut,archivesunleashed/aut,https://github.com/archivesunleashed/aut/commit/4e8b41d18be4c42e1f57dc025bc3fefac0cf8260,2019-10-14 19:52:15,1,Silent,S1,S1,False,Medium,5.0,CWE-835,,2019-08-23 16:55:56,2019-08-24 18:09:18,2019-08-30,,52.12244212962963,51.07149305555556,45.82795138888889,After Disclosure,2019,303,0,9271.0,298.0,112.0
CVE-2019-12402,org.apache.commons:commons-compress,org.rauschig:jarchivelib,thrau/jarchivelib,https://github.com/thrau/jarchivelib/commit/6458cb90bfcd6f93a2653d11e97a40ca29b511a4,2020-08-21 12:31:53,1,Silent,S1,S1,False,Medium,5.0,CWE-835,,2019-08-23 16:55:56,2019-08-24 18:09:18,2019-08-30,,363.81663194444445,362.76568287037037,357.5221412037037,After Disclosure,2019,303,0,1312.0,34.0,112.0
CVE-2019-12402,org.apache.commons:commons-compress,org.opencastproject:opencast-ingest-service-impl,opencast/opencast,https://github.com/opencast/opencast/commit/fa79fa173f1317d2a61e948bb0527e6780e571a0,2019-10-29 08:28:58,1,Silent,S1,S1,False,Medium,5.0,CWE-835,,2019-08-23 16:55:56,2019-08-24 18:09:18,2019-08-30,,66.64793981481482,65.59699074074074,60.35344907407407,After Disclosure,2019,303,0,21799.0,392.0,112.0
CVE-2019-12402,org.apache.commons:commons-compress,com.redhat.red.build:koji-build-finder,release-engineering/koji-build-finder,https://github.com/release-engineering/koji-build-finder/commit/64867b8831721550035d0b13c1eb8cb6aa3131c5,2019-08-30 16:15:03,1,Silent,S1,S1,False,Medium,5.0,CWE-835,,2019-08-23 16:55:56,2019-08-24 18:09:18,2019-08-30,,6.971608796296296,5.920659722222222,0.6771180555555556,After Disclosure,2019,303,0,3667.0,41.0,112.0
CVE-2019-12402,org.apache.commons:commons-compress,io.logz.sawmill:sawmill-core,logzio/sawmill,https://github.com/logzio/sawmill/commit/a00be3dcec1c69681a9241e4066b1af81d1e66fb,2019-11-06 10:05:46,1,Silent,S1,S1,False,Medium,5.0,CWE-835,,2019-08-23 16:55:56,2019-08-24 18:09:18,2019-08-30,,74.71516203703703,73.66421296296296,68.42067129629629,After Disclosure,2019,303,0,5942.0,208.0,112.0
CVE-2019-12402,org.apache.commons:commons-compress,com.github.nosan:embedded-cassandra,nosan/embedded-cassandra,https://github.com/nosan/embedded-cassandra/commit/ab75578b0f224570742a49120b9af1cc70e83be2,2019-08-28 09:42:43,1,Silent,S1,S1,False,Medium,5.0,CWE-835,,2019-08-23 16:55:56,2019-08-24 18:09:18,2019-08-30,,4.6991550925925925,3.6482060185185183,-1.5953356481481482,Release->Disclosure,2019,303,0,4119.0,71.0,112.0
CVE-2019-12402,org.apache.commons:commons-compress,nl.inl.blacklab:blacklab,INL/BlackLab,https://github.com/INL/BlackLab/commit/ef807d785537460889785ceca463a82ecbbaad77,2020-01-10 12:30:14,1,Silent,S1,S1,False,Medium,5.0,CWE-835,,2019-08-23 16:55:56,2019-08-24 18:09:18,2019-08-30,,139.8154861111111,138.76453703703703,133.52099537037037,After Disclosure,2019,303,0,47844.0,579.0,112.0
CVE-2019-12402,org.apache.commons:commons-compress,com.buschmais.jqassistant.plugin:common,jqassistant/jqa-plugin-common,https://github.com/jqassistant/jqa-plugin-common/commit/d243773cebdf9a5d2942f62afed5124dcb6906ea,2019-10-12 08:09:29,1,Silent,S1,S1,False,Medium,5.0,CWE-835,,2019-08-23 16:55:56,2019-08-24 18:09:18,2019-08-30,,49.63440972222222,48.58346064814815,43.33991898148148,After Disclosure,2019,303,0,7768.0,106.0,112.0
CVE-2019-12402,org.apache.commons:commons-compress,org.dishevelled:dsh-compress,heuermh/dishevelled,https://github.com/heuermh/dishevelled/commit/754f00ff75c3cd391988740a7a22cd6ece669a13,2019-08-28 15:41:13,1,Silent,S1,S1,False,Medium,5.0,CWE-835,,2019-08-23 16:55:56,2019-08-24 18:09:18,2019-08-30,,4.948113425925926,3.8971643518518517,-1.3463773148148148,Release->Disclosure,2019,303,0,366.0,19.0,112.0
CVE-2019-12402,org.apache.commons:commons-compress,org.spdx:spdx-tools,spdx/tools,https://github.com/spdx/tools/commit/c61c38b637a66fc27f224273d639f7d69d5df5cb,2019-10-12 16:38:06,1,Silent,S1,S1,False,Medium,5.0,CWE-835,,2019-08-23 16:55:56,2019-08-24 18:09:18,2019-08-30,,49.98761574074074,48.93666666666667,43.693125,After Disclosure,2019,303,0,37000.0,247.0,112.0
CVE-2019-12402,org.apache.commons:commons-compress,com.googlecode.cmake-maven-project:cmake-binaries-plugin,cmake-maven-project/cmake-maven-project,https://github.com/cmake-maven-project/cmake-maven-project/commit/0dcafd2766fcc51018531900a430fb269572d347,2019-10-15 19:58:02,1,Silent,S1,S1,False,Medium,5.0,CWE-835,,2019-08-23 16:55:56,2019-08-24 18:09:18,2019-08-30,,53.12645833333333,52.075509259259256,46.83196759259259,After Disclosure,2019,303,0,479.0,5.0,112.0
CVE-2019-12402,org.apache.commons:commons-compress,jp.co.yahoo.yosegi:yosegi,yahoojapan/yosegi,https://github.com/yahoojapan/yosegi/commit/97eadb2a4d1d17c6afeab9ff74559a36d86f533f,2019-10-30 01:32:44,1,Silent,S1,S1,False,Medium,5.0,CWE-835,,2019-08-23 16:55:56,2019-08-24 18:09:18,2019-08-30,,67.35888888888888,66.30793981481482,61.06439814814815,After Disclosure,2019,303,0,28404.5,548.0,112.0
CVE-2019-12402,org.apache.commons:commons-compress,ca.uhn.hapi.fhir:hapi-fhir-cli-api,hapifhir/hapi-fhir,https://github.com/hapifhir/hapi-fhir/commit/272579761079a071f4dc9c07172b0efbce9886a0,2019-10-14 23:14:41,1,Silent,S1,S1,False,Medium,5.0,CWE-835,,2019-08-23 16:55:56,2019-08-24 18:09:18,2019-08-30,,52.263020833333336,51.21207175925926,45.968530092592594,After Disclosure,2019,303,0,3387.0,32.0,112.0
CVE-2019-12402,org.apache.commons:commons-compress,com.github.timofeevda.jstressy:jstressy-maven-plugin,timofeevda/jstressy,https://github.com/timofeevda/jstressy/commit/7ca2a2739abbb0cf1146a48237847b15241fd9f0,2019-11-13 08:08:31,1,Silent,S1,S1,False,Medium,5.0,CWE-835,,2019-08-23 16:55:56,2019-08-24 18:09:18,2019-08-30,,81.63373842592593,80.58278935185186,75.33924768518519,After Disclosure,2019,303,0,881.0,16.0,112.0
CVE-2019-12402,org.apache.commons:commons-compress,org.neo4j:neo4j-dbms,neo4j/neo4j,https://github.com/neo4j/neo4j/commit/71afc553f5fd04c2134745b7b6eb5c90b4170ce5,2019-09-10 18:23:17,1,Silent,S1,S1,False,Medium,5.0,CWE-835,,2019-08-23 16:55:56,2019-08-24 18:09:18,2019-08-30,,18.060659722222223,17.009710648148147,11.766168981481481,After Disclosure,2019,303,0,2410.0,50.0,112.0
CVE-2019-12402,org.apache.commons:commons-compress,org.cloudfoundry:cloudfoundry-util,cloudfoundry/cf-java-client,https://github.com/cloudfoundry/cf-java-client/commit/58e5c7690ec148bdd367f186f3163d7e1864b83a,2019-09-26 14:47:50,1,Silent,S1,S1,False,Medium,5.0,CWE-835,,2019-08-23 16:55:56,2019-08-24 18:09:18,2019-08-30,,33.91104166666667,32.86009259259259,27.616550925925925,After Disclosure,2019,303,0,1029.5,42.0,112.0
CVE-2019-12402,org.apache.commons:commons-compress,com.redhat.engineering:srcclr,project-ncl/sourceclear-invoker,https://github.com/project-ncl/sourceclear-invoker/commit/6f3794bbf33a218011ea5344e284ec7d72d8017d,2019-11-12 13:47:06,1,Silent,S1,S1,False,Medium,5.0,CWE-835,,2019-08-23 16:55:56,2019-08-24 18:09:18,2019-08-30,,80.86886574074074,79.81791666666666,74.574375,After Disclosure,2019,303,0,2600.0,44.0,112.0
CVE-2019-12402,org.apache.commons:commons-compress,com.xenoamess.docker:docker-client,XenoAmess/docker-client,https://github.com/XenoAmess/docker-client/commit/acba5646797051c1a2f16a626e76095e551e9481,2022-01-19 16:05:41,2,Silent,S1,S1,False,Medium,5.0,CWE-835,,2019-08-23 16:55:56,2019-08-24 18:09:18,2019-08-30,,879.9651041666667,878.9141550925926,873.6706134259259,After Disclosure,2019,303,0,31156.0,619.0,112.0
CVE-2019-12402,org.apache.commons:commons-compress,org.aksw.jena-sparql-api:jena-sparql-api-core,AKSW/jena-sparql-api,https://github.com/AKSW/jena-sparql-api/commit/c1461228e6682bae8e06411aabb5b4c6a05e664f,2020-01-15 09:03:39,1,Silent,S1,S1,False,Medium,5.0,CWE-835,,2019-08-23 16:55:56,2019-08-24 18:09:18,2019-08-30,,144.67202546296295,143.6210763888889,138.3775347222222,After Disclosure,2019,303,0,14861.0,373.0,112.0
CVE-2019-12402,org.apache.commons:commons-compress,org.fedoraproject.xmvn:xmvn-install,fedora-java/xmvn,https://github.com/fedora-java/xmvn/commit/37da12f679d67bf3579ca6dd306d2fce93c672c6,2019-10-27 19:53:18,1,Silent,S1,S1,False,Medium,5.0,CWE-835,,2019-08-23 16:55:56,2019-08-24 18:09:18,2019-08-30,,65.12317129629629,64.07222222222222,58.82868055555556,After Disclosure,2019,303,0,2457.0,61.0,112.0
CVE-2019-12402,org.apache.commons:commons-compress,org.owasp:dependency-check-core,jeremylong/DependencyCheck,https://github.com/jeremylong/DependencyCheck/commit/e999b736c3049be58c04ce74305f5fe464189f7a,2019-09-21 11:04:56,1,Silent,S1,S1,False,Medium,5.0,CWE-835,,2019-08-23 16:55:56,2019-08-24 18:09:18,2019-08-30,,28.75625,27.705300925925926,22.46175925925926,After Disclosure,2019,303,0,20066.0,227.5,112.0
CVE-2019-12402,org.apache.commons:commons-compress,com.github.dgroup:docker-unittests,dgroup/docker-unittests,https://github.com/dgroup/docker-unittests/commit/f05369bcf3ece03aea792f5ca06d07192d2df473,2019-08-30 21:30:38,1,Silent,S1,S1,False,Medium,5.0,CWE-835,,2019-08-23 16:55:56,2019-08-24 18:09:18,2019-08-30,,7.190763888888889,6.139814814814815,0.8962731481481482,After Disclosure,2019,303,0,3889.5,143.0,112.0
CVE-2019-12402,org.apache.commons:commons-compress,com.spotify:bigtable-autoscaler,spotify/bigtable-autoscaler,https://github.com/spotify/bigtable-autoscaler/commit/d1060f09c969dc69efea3161db1520b506dad001,2019-10-14 11:08:02,1,Silent,S1,S1,False,Medium,5.0,CWE-835,,2019-08-23 16:55:56,2019-08-24 18:09:18,2019-08-30,,51.758402777777775,50.707453703703706,45.46391203703703,After Disclosure,2019,303,0,2637.0,30.0,112.0
CVE-2019-12402,org.apache.commons:commons-compress,org.vafer:jdeb,tcurdt/jdeb,https://github.com/tcurdt/jdeb/commit/4fbaaad202f3fa594812ee0a710ea4eb4d78f57a,2020-03-20 01:25:09,1,Silent,S1,S1,False,Medium,5.0,CWE-835,,2019-08-23 16:55:56,2019-08-24 18:09:18,2019-08-30,,209.35362268518517,208.30267361111112,203.05913194444443,After Disclosure,2019,303,0,107149.0,1308.0,112.0
CVE-2019-12402,org.apache.commons:commons-compress,com.sangupta:jerry-core,sangupta/jerry-core,https://github.com/sangupta/jerry-core/commit/b1caa0baf30673bc67767a3e58b6e1cbde7e22d7,2019-10-22 20:06:12,1,Silent,S1,S1,False,Medium,5.0,CWE-835,,2019-08-23 16:55:56,2019-08-24 18:09:18,2019-08-30,,60.13212962962963,59.081180555555555,53.83763888888889,After Disclosure,2019,303,0,9933.0,108.0,112.0
CVE-2019-12402,org.apache.commons:commons-compress,org.apache.any23:apache-any23-core,apache/any23,https://github.com/apache/any23/commit/4a78cf50ef690f8faa94240d69cf6b7ce28926a5,2019-11-19 15:35:38,1,Silent,S1,S1,False,Medium,5.0,CWE-835,,2019-08-23 16:55:56,2019-08-24 18:09:18,2019-08-30,,87.94423611111111,86.89328703703704,81.64974537037037,After Disclosure,2019,303,0,16195.0,266.0,112.0
CVE-2019-12402,org.apache.commons:commons-compress,com.lithium.flow:flow,lithiumtech/flow,https://github.com/lithiumtech/flow/commit/02b9c34f7822d6b25bd6d47f82c64b103e129b05,2019-09-05 03:19:42,1,Silent,S1,S1,False,Medium,5.0,CWE-835,,2019-08-23 16:55:56,2019-08-24 18:09:18,2019-08-30,,12.433171296296296,11.382222222222222,6.138680555555555,After Disclosure,2019,303,0,13227.0,293.5,112.0
CVE-2019-12402,org.apache.commons:commons-compress,ru.kontur.extern-api:extern-api-java-sdk-common,skbkontur/extern-java-sdk,https://github.com/skbkontur/extern-java-sdk/commit/f0d2a98dcacf37fc4b8f92e10f52b659d7f6d807,2020-03-20 11:53:17,1,Silent,S1,S1,False,Medium,5.0,CWE-835,,2019-08-23 16:55:56,2019-08-24 18:09:18,2019-08-30,,209.78982638888888,208.73887731481483,203.49533564814814,After Disclosure,2019,303,0,9264.0,274.0,112.0
CVE-2019-12402,org.apache.commons:commons-compress,org.deeplearning4j:dl4j-spark-parameterserver_2.11,deeplearning4j/deeplearning4j,https://github.com/deeplearning4j/deeplearning4j/commit/47d19908f46239f44c381059fa5608eb0d6218ac,2019-11-14 08:38:20,4,Silent,S1,S1,False,Medium,5.0,CWE-835,,2019-08-23 16:55:56,2019-08-24 18:09:18,2019-08-30,,82.65444444444445,81.60349537037037,76.35995370370371,After Disclosure,2019,303,0,5000.0,44.0,112.0
CVE-2019-12402,org.apache.commons:commons-compress,com.github.nscuro:webdriver-manager,nscuro/webdriver-manager,https://github.com/nscuro/webdriver-manager/commit/a874e89ef7f82af0c18cacc96a8afa741b2d5c1d,2019-09-29 18:23:11,1,Silent,S1,S1,False,Medium,5.0,CWE-835,,2019-08-23 16:55:56,2019-08-24 18:09:18,2019-08-30,,37.06059027777778,36.0096412037037,30.766099537037036,After Disclosure,2019,303,0,2151.0,56.0,112.0
CVE-2019-12402,org.apache.commons:commons-compress,org.hyperledger.fabric-sdk-java:fabric-sdk-java,hyperledger/fabric-sdk-java,https://github.com/hyperledger/fabric-sdk-java/commit/199a600e7f72619d253bb739b67271e24fefa764,2019-11-28 13:53:34,1,Silent,S1,S1,False,Medium,5.0,CWE-835,,2019-08-23 16:55:56,2019-08-24 18:09:18,2019-08-30,,96.87335648148148,95.82240740740741,90.57886574074074,After Disclosure,2019,303,0,186463.0,1582.5,112.0
CVE-2019-12402,org.apache.commons:commons-compress,org.fuin.esmp:es-maven-plugin,fuinorg/event-store-maven-plugin,https://github.com/fuinorg/event-store-maven-plugin/commit/805659ad18a6019ccac7be70d4a3887519103912,2020-03-07 12:34:57,1,Silent,S1,S1,False,Medium,5.0,CWE-835,,2019-08-23 16:55:56,2019-08-24 18:09:18,2019-08-30,,196.81876157407407,195.7678125,190.52427083333333,After Disclosure,2019,303,0,1584.0,11.0,112.0
CVE-2019-12402,org.apache.commons:commons-compress,org.deeplearning4j:deeplearning4j-core,eclipse/deeplearning4j,https://github.com/eclipse/deeplearning4j/commit/44aafa8ec8e4d861cb70c002c6288df593f65cf2,2021-12-02 01:52:17,2,Silent,S1,S1,False,Medium,5.0,CWE-835,,2019-08-23 16:55:56,2019-08-24 18:09:18,2019-08-30,,831.3724652777778,830.3215162037037,825.077974537037,After Disclosure,2019,303,0,5656.0,80.0,112.0
CVE-2019-12402,org.apache.commons:commons-compress,com.wix:wix-embedded-mysql,wix/wix-embedded-mysql,https://github.com/wix/wix-embedded-mysql/commit/95b7598b1ab4808e79c481507c8cbe14aaa2624c,2019-11-02 21:11:06,1,Silent,S1,S1,False,Medium,5.0,CWE-835,,2019-08-23 16:55:56,2019-08-24 18:09:18,2019-08-30,,71.17719907407407,70.12625,64.88270833333333,After Disclosure,2019,303,0,2302.0,74.0,112.0
CVE-2019-12402,org.apache.commons:commons-compress,com.graphhopper:graphhopper-tools,graphhopper/graphhopper,https://github.com/graphhopper/graphhopper/commit/b0069f16fcfd7305ee9499298bfe9de35b9d0bba,2020-02-18 14:38:57,1,Silent,S1,S1,False,Medium,5.0,CWE-835,,2019-08-23 16:55:56,2019-08-24 18:09:18,2019-08-30,,178.90487268518518,177.8539236111111,172.61038194444444,After Disclosure,2019,303,0,1730.5,36.0,112.0
CVE-2019-12402,org.apache.commons:commons-compress,io.kubernetes:client-java,kubernetes-client/java,https://github.com/kubernetes-client/java/commit/e0a64bf1202bfc096db8e0b8abd9de60f76493b6,2019-10-14 21:50:26,1,Silent,S1,S1,False,Medium,5.0,CWE-835,,2019-08-23 16:55:56,2019-08-24 18:09:18,2019-08-30,,52.20451388888889,51.153564814814814,45.91002314814815,After Disclosure,2019,303,0,5690.0,110.0,112.0
CVE-2019-12402,org.apache.commons:commons-compress,com.github.eirslett:frontend-plugin-core,eirslett/frontend-maven-plugin,https://github.com/eirslett/frontend-maven-plugin/commit/2675a3402bffcd6d9857de5e820dc21fe62631da,2019-12-27 12:23:05,1,Silent,S1,S1,False,Medium,5.0,CWE-835,,2019-08-23 16:55:56,2019-08-24 18:09:18,2019-08-30,,125.81052083333333,124.75957175925926,119.51603009259259,After Disclosure,2019,303,0,2097.0,57.0,112.0
CVE-2019-12402,org.apache.commons:commons-compress,org.mandas:docker-client,dmandalidis/docker-client,https://github.com/dmandalidis/docker-client/commit/7d9892132c5bc060012b21a3a1c88c86cf3f0b39,2019-10-12 05:01:52,1,Silent,S1,S1,False,Medium,5.0,CWE-835,,2019-08-23 16:55:56,2019-08-24 18:09:18,2019-08-30,,49.50412037037037,48.4531712962963,43.20962962962963,After Disclosure,2019,303,0,30927.0,619.0,112.0
CVE-2019-12402,org.apache.commons:commons-compress,io.github.zlika:reproducible-build-maven-plugin,Zlika/reproducible-build-maven-plugin,https://github.com/Zlika/reproducible-build-maven-plugin/commit/ecce8213ee69c427d70cbc7774a440ae2d2f68c5,2019-10-16 18:50:35,1,Silent,S1,S1,False,Medium,5.0,CWE-835,,2019-08-23 16:55:56,2019-08-24 18:09:18,2019-08-30,,54.07961805555556,53.02866898148148,47.785127314814815,After Disclosure,2019,303,0,1128.0,21.0,112.0
CVE-2019-12402,org.apache.commons:commons-compress,com.rapid7.docker:docker-image-analyzer,rapid7/docker-image-analyzer,https://github.com/rapid7/docker-image-analyzer/commit/1804d1ae232e47e5b60c74df47e272566e111a8a,2019-12-05 03:07:26,1,Silent,S1,S1,False,Medium,5.0,CWE-835,,2019-08-23 16:55:56,2019-08-24 18:09:18,2019-08-30,,103.42465277777778,102.3737037037037,97.13016203703704,After Disclosure,2019,303,0,3734.0,73.0,112.0
CVE-2019-12402,org.apache.commons:commons-compress,org.powertac:logtool-core,powertac/powertac-server,https://github.com/powertac/powertac-server/commit/3d77a6f4a866c0014dbdd4c9bde96b926d058083,2019-11-25 14:56:29,1,Silent,S1,S1,False,Medium,5.0,CWE-835,,2019-08-23 16:55:56,2019-08-24 18:09:18,2019-08-30,,93.91704861111111,92.86609953703703,87.62255787037037,After Disclosure,2019,303,0,985.0,18.0,112.0
CVE-2019-12402,org.apache.commons:commons-compress,org.idpf:epubcheck,w3c/epubcheck,https://github.com/w3c/epubcheck/commit/928c26ac93d864bb0afb57f39a1c65d70f452cab,2020-04-30 21:47:29,1,Silent,S1,S1,False,Medium,5.0,CWE-835,,2019-08-23 16:55:56,2019-08-24 18:09:18,2019-08-30,,251.20246527777778,250.1515162037037,244.90797453703703,After Disclosure,2019,303,0,21896.5,402.0,112.0
CVE-2019-12402,org.apache.commons:commons-compress,io.fabric8:kubernetes-client,fabric8io/kubernetes-client,https://github.com/fabric8io/kubernetes-client/commit/61f44bdadd668d0fbc5c32bf6d96b86cd1ecdc93,2020-03-09 10:12:36,1,Silent,S1,S1,False,Medium,5.0,CWE-835,,2019-08-23 16:55:56,2019-08-24 18:09:18,2019-08-30,,198.71990740740742,197.66895833333334,192.42541666666668,After Disclosure,2019,303,0,23100.0,416.0,112.0
CVE-2019-12402,org.apache.commons:commons-compress,fr.inria.gforge.spoon:spoon-core,INRIA/spoon,https://github.com/INRIA/spoon/commit/d1884d753be5a874ad8ce54208e0fe58be20992a,2019-10-22 14:37:10,1,Silent,S1,S1,False,Medium,5.0,CWE-835,,2019-08-23 16:55:56,2019-08-24 18:09:18,2019-08-30,,59.903634259259256,58.85268518518519,53.60914351851852,After Disclosure,2019,303,0,62871.5,1106.5,112.0
CVE-2019-12402,org.apache.commons:commons-compress,com.kiwigrid:helm-maven-plugin,kokuwaio/helm-maven-plugin,https://github.com/kokuwaio/helm-maven-plugin/commit/3763889b32169d00c2bf980bd1a3dc9ba7ca2e36,2019-11-29 20:33:41,1,Silent,S1,S1,False,Medium,5.0,CWE-835,,2019-08-23 16:55:56,2019-08-24 18:09:18,2019-08-30,,98.15121527777778,97.1002662037037,91.85672453703704,After Disclosure,2019,303,0,826.0,12.0,112.0
CVE-2019-12402,org.apache.commons:commons-compress,org.beangle.ems:beangle-ems-core,beangle/beangle3,https://github.com/beangle/beangle3/commit/daf1c4648216b94a4e6352e723ea4f9b6e6129cd,2019-10-23 14:12:11,1,Silent,S1,S1,False,Medium,5.0,CWE-835,,2019-08-23 16:55:56,2019-08-24 18:09:18,2019-08-30,,60.88628472222222,59.835335648148146,54.59179398148148,After Disclosure,2019,303,0,2472.0,58.0,112.0
CVE-2019-12402,org.apache.commons:commons-compress,com.axway.ats.framework:ats-core,Axway/ats-framework,https://github.com/Axway/ats-framework/commit/29799c2bea3be21eb702bcd73175b8cf1236dafd,2019-10-14 08:06:14,1,Silent,S1,S1,False,Medium,5.0,CWE-835,,2019-08-23 16:55:56,2019-08-24 18:09:18,2019-08-30,,51.632152777777776,50.58120370370371,45.337662037037035,After Disclosure,2019,303,0,18906.0,210.0,112.0
CVE-2019-12402,org.apache.commons:commons-compress,io.wcm.tooling.commons:io.wcm.tooling.commons.crx-packmgr-helper,wcm-io/io.wcm.tooling.commons.crx-packmgr-helper,https://github.com/wcm-io/io.wcm.tooling.commons.crx-packmgr-helper/commit/3e9bfcec19b7797b552348f18f4d387fe8f5b03f,2019-10-21 08:55:10,1,Silent,S1,S1,False,Medium,5.0,CWE-835,,2019-08-23 16:55:56,2019-08-24 18:09:18,2019-08-30,,58.66613425925926,57.61518518518518,52.37164351851852,After Disclosure,2019,303,0,2255.0,44.0,112.0
CVE-2019-12402,org.apache.commons:commons-compress,com.qcloud.oceanus:flink-core,apache/flink,https://github.com/apache/flink/commit/0477368813fba33f0f9aa5ff82304516c499ed41,2020-03-13 15:50:59,1,Silent,S1,S1,False,Medium,5.0,CWE-835,,2019-08-23 16:55:56,2019-08-24 18:09:18,2019-08-30,,202.95489583333332,201.90394675925927,196.66040509259258,After Disclosure,2019,303,0,475524.0,1178.0,112.0
CVE-2019-12402,org.apache.commons:commons-compress,com.igormaznitsa:mvn-golang-wrapper,raydac/mvn-golang,https://github.com/raydac/mvn-golang/commit/cdd76b105182e003fdade85328be5eedc83d0a2a,2019-10-12 20:37:28,1,Silent,S1,S1,False,Medium,5.0,CWE-835,,2019-08-23 16:55:56,2019-08-24 18:09:18,2019-08-30,,50.15384259259259,49.10289351851852,43.859351851851855,After Disclosure,2019,303,0,3101.0,35.0,112.0
CVE-2019-12402,org.apache.commons:commons-compress,de.flapdoodle.embed:de.flapdoodle.embed.process,flapdoodle-oss/de.flapdoodle.embed.process,https://github.com/flapdoodle-oss/de.flapdoodle.embed.process/commit/2f2b231deb03df0554887ba037ce39f54838583a,2020-02-13 07:23:48,1,Silent,S1,S1,False,Medium,5.0,CWE-835,,2019-08-23 16:55:56,2019-08-24 18:09:18,2019-08-30,,173.60268518518518,172.5517361111111,167.30819444444444,After Disclosure,2019,303,0,4388.0,153.0,112.0
CVE-2019-12402,org.apache.commons:commons-compress,com.heroku.sdk:heroku-deploy,heroku/heroku-maven-plugin,https://github.com/heroku/heroku-maven-plugin/commit/924c25518ed21b48239bc0f95503b64d82d296f5,2019-10-21 14:31:24,1,Silent,S1,S1,False,Medium,5.0,CWE-835,,2019-08-23 16:55:56,2019-08-24 18:09:18,2019-08-30,,58.89962962962963,57.84868055555555,52.60513888888889,After Disclosure,2019,303,0,1509.0,28.0,112.0
CVE-2019-12402,org.apache.commons:commons-compress,io.zonky.test:embedded-postgres,zonkyio/embedded-postgres,https://github.com/zonkyio/embedded-postgres/commit/a564c949103cacebc80f6daa1a6e83841b39968b,2019-09-11 13:27:22,1,Silent,S1,S1,False,Medium,5.0,CWE-835,,2019-08-23 16:55:56,2019-08-24 18:09:18,2019-08-30,,18.855162037037037,17.804212962962964,12.560671296296297,After Disclosure,2019,303,0,1653.5,25.0,112.0
CVE-2019-12402,org.apache.commons:commons-compress,com.igormaznitsa:mvn-jlink-wrapper,raydac/mvn-jlink,https://github.com/raydac/mvn-jlink/commit/71018677fb8fb0097f58d403df4e3a78ff85c65d,2019-10-13 04:21:12,1,Silent,S1,S1,False,Medium,5.0,CWE-835,,2019-08-23 16:55:56,2019-08-24 18:09:18,2019-08-30,,50.47587962962963,49.424930555555555,44.18138888888889,After Disclosure,2019,303,0,2438.0,34.0,112.0
CVE-2018-8009,org.apache.hadoop:hadoop-common,org.janusgraph:janusgraph-all,JanusGraph/janusgraph,https://github.com/JanusGraph/janusgraph/commit/95329035e9c5be384010c19f9d753a86e0e6ecfd,2019-06-26 17:36:31,2,Transparent,T2,T2,False,Medium,6.5,CWE-22,2018-05-23 08:20:20,2018-05-23 17:20:53,2018-11-13 13:45:18,2018-11-13,399.3862384259259,399.0108564814815,225.16056712962964,225.73369212962962,After Release,2018,134,0,0.0,0.0,6350.0
CVE-2018-8009,org.apache.hadoop:hadoop-common,com.lithium.flow:flow,lithiumtech/flow,https://github.com/lithiumtech/flow/commit/57c07583c68df9d935df14c61087b2503518d5b7,2019-02-03 02:30:15,1,Transparent,T2,T2,False,Medium,6.5,CWE-22,2018-05-23 08:20:20,2018-05-23 17:20:53,2018-11-13 13:45:18,2018-11-13,255.7568865740741,255.38150462962963,81.53121527777778,82.10434027777778,After Release,2018,134,0,13227.0,293.5,6350.0
CVE-2018-8009,org.apache.hadoop:hadoop-common,com.ibm.stocator:stocator,SparkTC/stocator,https://github.com/SparkTC/stocator/commit/bb6047bd8e66d5a08aabe595a33e9573424507f0,2022-06-02 06:44:23,1,Transparent,T2,T2,False,Medium,6.5,CWE-22,2018-05-23 08:20:20,2018-05-23 17:20:53,2018-11-13 13:45:18,2018-11-13,1470.9333680555555,1470.5579861111112,1296.7076967592593,1297.2808217592592,After Release,2018,134,0,2891.0,38.5,6350.0
CVE-2018-8009,org.apache.hadoop:hadoop-common,io.vitess:vitess-hadoop,vitessio/vitess,https://github.com/vitessio/vitess/commit/5323272e8739c1a4f9a994e3023f53767f092ce4,2020-03-17 03:49:16,1,Transparent,T2,T2,False,Medium,6.5,CWE-22,2018-05-23 08:20:20,2018-05-23 17:20:53,2018-11-13 13:45:18,2018-11-13,663.8117592592592,663.4363773148148,489.58608796296295,490.15921296296295,After Release,2018,134,0,412.0,5.0,6350.0
CVE-2018-8009,org.apache.hadoop:hadoop-common,com.yahoo.datasketches:sketches-pig,DataSketches/sketches-pig,https://github.com/DataSketches/sketches-pig/commit/9e6ea1c843335fbfe9c9832080e01d130dcd5072,2019-10-08 00:33:04,1,Transparent,T2,T2,False,Medium,6.5,CWE-22,2018-05-23 08:20:20,2018-05-23 17:20:53,2018-11-13 13:45:18,2018-11-13,502.6755092592593,502.3001273148148,328.449837962963,329.02296296296294,After Release,2018,134,0,2823.0,63.0,6350.0
CVE-2018-8009,org.apache.hadoop:hadoop-common,com.hotels:waggle-dance-core,ExpediaGroup/waggle-dance,https://github.com/ExpediaGroup/waggle-dance/commit/cb5ecb3ae8f05d096fd4df5bc718f116eef01606,2022-02-16 16:45:04,2,Transparent,T2,T2,False,Medium,6.5,CWE-22,2018-05-23 08:20:20,2018-05-23 17:20:53,2018-11-13 13:45:18,2018-11-13,1365.3505092592593,1364.975127314815,1191.124837962963,1191.697962962963,After Release,2018,134,0,10000.0,406.0,6350.0
CVE-2018-8009,org.apache.hadoop:hadoop-common,org.datasyslab:geospark,DataSystemsLab/GeoSpark,https://github.com/DataSystemsLab/GeoSpark/commit/2ae9c1c0f316968b5bc59dc7b15aaaabf6518561,2022-08-03 03:29:24,1,Transparent,T2,T2,False,Medium,6.5,CWE-22,2018-05-23 08:20:20,2018-05-23 17:20:53,2018-11-13 13:45:18,2018-11-13,1532.7979629629629,1532.4225810185185,1358.5722916666666,1359.1454166666667,After Release,2018,134,0,532071.0,5227.0,6350.0
CVE-2018-8009,org.apache.hadoop:hadoop-common,com.github.jsr203hadoop:jsr203hadoop,damiencarol/jsr203-hadoop,https://github.com/damiencarol/jsr203-hadoop/commit/2a86bf610fa7cbeba39183ec2b75bcf56d4b61b0,2021-03-27 23:27:18,2,Transparent,T2,T2,False,Medium,6.5,CWE-22,2018-05-23 08:20:20,2018-05-23 17:20:53,2018-11-13 13:45:18,2018-11-13,1039.629837962963,1039.2544560185186,865.4041666666667,865.9772916666667,After Release,2018,134,0,2413.0,29.0,6350.0
CVE-2018-8009,org.apache.hadoop:hadoop-common,com.marklogic:mlcp,marklogic/marklogic-contentpump,https://github.com/marklogic/marklogic-contentpump/commit/6ca7d8ef2d269dac8a2f416888f814571d7d6eff,2022-07-19 01:10:32,2,Transparent,T2,T2,False,Medium,6.5,CWE-22,2018-05-23 08:20:20,2018-05-23 17:20:53,2018-11-13 13:45:18,2018-11-13,1517.7015277777778,1517.3261458333334,1343.4758564814815,1344.0489814814814,After Release,2018,134,0,12237.0,132.0,6350.0
CVE-2018-8009,org.apache.hadoop:hadoop-common,com.yahoo.datasketches:sketches-hive,DataSketches/sketches-hive,https://github.com/DataSketches/sketches-hive/commit/65d659c07d47213486f45e046ffa84e38162b4f0,2018-12-20 23:26:53,3,Transparent,T2,T2,False,Medium,6.5,CWE-22,2018-05-23 08:20:20,2018-05-23 17:20:53,2018-11-13 13:45:18,2018-11-13,211.62954861111112,211.25416666666666,37.403877314814814,37.97700231481482,After Release,2018,134,0,1654.0,53.0,6350.0
CVE-2021-39151,com.thoughtworks.xstream:xstream,com.swiftmq:swiftmq-client,iitsoftware/swiftmq-client,https://github.com/iitsoftware/swiftmq-client/commit/9506bd2e6e1163342b52f8c5c99fb9b13c8d90fc,2021-08-25 15:41:07,9,Silent,S1,S1,False,Medium,6.0,CWE-502;CWE-434,,2021-05-26 19:43:09,2021-08-22 13:57:44,2021-08-23,,90.8319212962963,3.0717939814814814,2.6535532407407407,After Disclosure,2021,179,0,149380.0,1984.0,566.0
CVE-2021-39151,com.thoughtworks.xstream:xstream,com.thankjava.toolkit3d:fast-toolkit3d,lazy-koala/java-toolkit,https://github.com/lazy-koala/java-toolkit/commit/614102adc1ddeb4146640c17cb4dce1b1a07d7dc,2022-02-01 00:57:29,9,Silent,S1,S1,False,Medium,6.0,CWE-502;CWE-434,,2021-05-26 19:43:09,2021-08-22 13:57:44,2021-08-23,,250.21828703703704,162.45815972222223,162.0399189814815,After Disclosure,2021,179,0,3457.0,53.0,566.0
CVE-2021-39151,com.thoughtworks.xstream:xstream,org.infinispan:infinispan-server-core,infinispan/infinispan,https://github.com/infinispan/infinispan/commit/d617eec6dfe533cea066961a5afb2340131556d3,2021-08-25 17:49:50,9,Silent,S1,S1,False,Medium,6.0,CWE-502;CWE-434,,2021-05-26 19:43:09,2021-08-22 13:57:44,2021-08-23,,90.92130787037037,3.1611805555555557,2.742939814814815,After Disclosure,2021,179,0,4452.0,97.0,566.0
CVE-2021-39151,com.thoughtworks.xstream:xstream,org.smooks:smooks-core,smooks/smooks,https://github.com/smooks/smooks/commit/b1412cfcf80e8bf7ddcc1ec709c256387879e6b6,2021-12-01 12:51:41,9,Silent,S1,S1,False,Medium,6.0,CWE-502;CWE-434,,2021-05-26 19:43:09,2021-08-22 13:57:44,2021-08-23,,188.71425925925925,100.95413194444444,100.5358912037037,After Disclosure,2021,179,0,19961.0,350.0,566.0
CVE-2021-39151,com.thoughtworks.xstream:xstream,org.patterntesting:patterntesting-rt,oboehm/PatternTesting2,https://github.com/oboehm/PatternTesting2/commit/3c61a09701c9e09a8839936d5d432b6e1a913e2f,2021-12-19 14:18:47,6,Silent,S1,S1,False,Medium,6.0,CWE-502;CWE-434,,2021-05-26 19:43:09,2021-08-22 13:57:44,2021-08-23,,206.77474537037037,119.01461805555556,118.59637731481482,After Disclosure,2021,179,0,11982.0,199.0,566.0
CVE-2021-39151,com.thoughtworks.xstream:xstream,org.javalite:javalite-async,javalite/activejdbc,https://github.com/javalite/activejdbc/commit/df9a9dd065faf12a9a6279266dee5857cd4b5c81,2021-08-25 15:54:57,9,Silent,S1,S1,False,Medium,6.0,CWE-502;CWE-434,,2021-05-26 19:43:09,2021-08-22 13:57:44,2021-08-23,,90.84152777777778,3.081400462962963,2.6631597222222223,After Disclosure,2021,179,0,1147.0,13.0,566.0
CVE-2021-39151,com.thoughtworks.xstream:xstream,com.sangupta:jerry-core,sangupta/jerry-core,https://github.com/sangupta/jerry-core/commit/926de8e002b40cd670a056ebb11493b3910a0a8b,2021-10-06 16:54:21,2,Silent,S1,S1,False,Medium,6.0,CWE-502;CWE-434,,2021-05-26 19:43:09,2021-08-22 13:57:44,2021-08-23,,132.8827777777778,45.122650462962966,44.70440972222222,After Disclosure,2021,179,0,9933.0,108.0,566.0
CVE-2021-39151,com.thoughtworks.xstream:xstream,com.github.psi-probe:psi-probe-core,psi-probe/psi-probe,https://github.com/psi-probe/psi-probe/commit/cf3dd7317060ef7cb67f57686b0d760bdfa659d5,2021-08-23 07:01:58,9,Silent,S1,S1,False,Medium,6.0,CWE-502;CWE-434,,2021-05-26 19:43:09,2021-08-22 13:57:44,2021-08-23,,88.47140046296296,0.7112731481481481,0.2930324074074074,After Disclosure,2021,179,0,19822.0,302.0,566.0
CVE-2021-39151,com.thoughtworks.xstream:xstream,de.alpharogroup:email-tails,lightblueseas/email-tails,https://github.com/lightblueseas/email-tails/commit/997627a510bf8c40e6f2e0f799827ba5c7180a44,2022-02-28 14:46:26,14,Silent,S1,S1,False,Medium,6.0,CWE-502;CWE-434,,2021-05-26 19:43:09,2021-08-22 13:57:44,2021-08-23,,277.79394675925926,190.03381944444445,189.6155787037037,After Disclosure,2021,179,0,1002.0,12.0,566.0
CVE-2021-39151,com.thoughtworks.xstream:xstream,org.wicketstuff:jqplot4java,wicketstuff/core,https://github.com/wicketstuff/core/commit/3fbd67082cf0ef7ec0114def59d07d496ded3a56,2021-08-25 15:46:01,9,Silent,S1,S1,False,Medium,6.0,CWE-502;CWE-434,,2021-05-26 19:43:09,2021-08-22 13:57:44,2021-08-23,,90.83532407407408,3.075196759259259,2.6569560185185184,After Disclosure,2021,179,0,6072.0,85.0,566.0
CVE-2021-39151,com.thoughtworks.xstream:xstream,org.ikasan:ikasan-builder,ikasanEIP/ikasan,https://github.com/ikasanEIP/ikasan/commit/61a7c97cafa108f1b62ae732aab3b5136d076901,2021-09-06 19:17:59,9,Silent,S1,S1,False,Medium,6.0,CWE-502;CWE-434,,2021-05-26 19:43:09,2021-08-22 13:57:44,2021-08-23,,102.98252314814815,15.222395833333334,14.804155092592593,After Disclosure,2021,179,0,6070.0,86.0,566.0
CVE-2021-39151,com.thoughtworks.xstream:xstream,io.quarkus:quarkus-junit5,quarkusio/quarkus,https://github.com/quarkusio/quarkus/commit/3aa4e47faa4b4df927d75a5379f45aeea3fc3f87,2021-08-23 20:37:45,9,Silent,S1,S1,False,Medium,6.0,CWE-502;CWE-434,,2021-05-26 19:43:09,2021-08-22 13:57:44,2021-08-23,,89.03791666666666,1.277789351851852,0.8595486111111111,After Disclosure,2021,179,0,1063.0,31.0,566.0
CVE-2021-39151,com.thoughtworks.xstream:xstream,com.xceptance:xlt,Xceptance/XLT,https://github.com/Xceptance/XLT/commit/1b675b0b83f1e66c98d765f92bf2bae4de5a9369,2021-08-31 15:14:53,9,Silent,S1,S1,False,Medium,6.0,CWE-502;CWE-434,,2021-05-26 19:43:09,2021-08-22 13:57:44,2021-08-23,,96.81370370370371,9.053576388888889,8.635335648148148,After Disclosure,2021,179,0,146667.0,2303.0,566.0
CVE-2021-39151,com.thoughtworks.xstream:xstream,org.optaplanner:optaplanner-examples,kiegroup/optaplanner,https://github.com/kiegroup/optaplanner/commit/31ec3c3a5aa5a7d05e4f80c0ae6439b1159ea62b,2021-08-31 16:40:48,9,Silent,S1,S1,False,Medium,6.0,CWE-502;CWE-434,,2021-05-26 19:43:09,2021-08-22 13:57:44,2021-08-23,,96.87336805555556,9.113240740740741,8.695,After Disclosure,2021,179,0,43487.0,668.0,566.0
CVE-2021-39151,com.thoughtworks.xstream:xstream,com.github.spotbugs:sonar-findbugs-plugin,spotbugs/sonar-findbugs,https://github.com/spotbugs/sonar-findbugs/commit/d4b81e4456be033422c6b1502ef6f8bd5fa1a8c5,2021-08-25 23:07:08,9,Silent,S1,S1,False,Medium,6.0,CWE-502;CWE-434,,2021-05-26 19:43:09,2021-08-22 13:57:44,2021-08-23,,91.14165509259259,3.381527777777778,2.963287037037037,After Disclosure,2021,179,0,13133.0,191.0,566.0
CVE-2021-39151,com.thoughtworks.xstream:xstream,ro.pippo:pippo-xstream,pippo-java/pippo,https://github.com/pippo-java/pippo/commit/8330892700e3911192f1e17a11100ec3ec58ef84,2021-11-02 09:00:16,9,Silent,S1,S1,False,Medium,6.0,CWE-502;CWE-434,,2021-05-26 19:43:09,2021-08-22 13:57:44,2021-08-23,,159.55355324074074,71.79342592592593,71.37518518518519,After Disclosure,2021,179,0,47.0,2.0,566.0
CVE-2021-39151,com.thoughtworks.xstream:xstream,org.powertac:common,powertac/powertac-core,https://github.com/powertac/powertac-core/commit/bdad13c6c171376de33fdca091023d69f6930e7d,2021-10-05 17:14:44,9,Silent,S1,S1,False,Medium,6.0,CWE-502;CWE-434,,2021-05-26 19:43:09,2021-08-22 13:57:44,2021-08-23,,131.89693287037036,44.136805555555554,43.71856481481481,After Disclosure,2021,179,0,8040.0,110.0,566.0
CVE-2021-39151,com.thoughtworks.xstream:xstream,net.ripe.rpki:rpki-commons,RIPE-NCC/rpki-commons,https://github.com/RIPE-NCC/rpki-commons/commit/cb41248bb0e21780857596da401b9a891c6ee1b7,2021-08-26 11:52:31,9,Silent,S1,S1,False,Medium,6.0,CWE-502;CWE-434,,2021-05-26 19:43:09,2021-08-22 13:57:44,2021-08-23,,91.6731712962963,3.9130439814814815,3.494803240740741,After Disclosure,2021,179,0,11426.0,225.0,566.0
CVE-2021-39151,com.thoughtworks.xstream:xstream,org.springframework.batch:spring-batch-core,spring-projects/spring-batch,https://github.com/spring-projects/spring-batch/commit/8400b1620528576845fdf42bdc363e10b82d173a,2021-08-25 16:54:36,9,Silent,S1,S1,False,Medium,6.0,CWE-502;CWE-434,,2021-05-26 19:43:09,2021-08-22 13:57:44,2021-08-23,,90.88295138888888,3.122824074074074,2.7045833333333333,After Disclosure,2021,179,0,24644.0,482.0,566.0
CVE-2021-39151,com.thoughtworks.xstream:xstream,no.mnemonic.messaging:requestsink-jms,mnemonic-no/messaging,https://github.com/mnemonic-no/messaging/commit/d8886c882334c967157a32be125fb0dc9b67f2d2,2021-09-09 08:47:56,9,Silent,S1,S1,False,Medium,6.0,CWE-502;CWE-434,,2021-05-26 19:43:09,2021-08-22 13:57:44,2021-08-23,,105.54498842592592,17.784861111111113,17.36662037037037,After Disclosure,2021,179,0,2679.0,37.0,566.0
CVE-2021-43859,com.thoughtworks.xstream:xstream,org.pitest:pitest,hcoles/pitest,https://github.com/hcoles/pitest/commit/f91fba9a3cceb7dcfe946b8d5d76baf82e625d6e,2022-02-01 00:56:40,1,Silent,S1,T4,True,Medium,5.0,CWE-400,,2022-01-29 16:53:37,2022-01-29 17:46:17,2022-02-01,,2.335451388888889,2.2988773148148147,0.03935185185185185,After Disclosure,2022,169,0,16694.0,550.0,609.0
CVE-2021-43859,com.thoughtworks.xstream:xstream,org.sonarsource.sonar-findbugs-plugin:sonar-findbugs-plugin,SonarSource/sonar-findbugs,https://github.com/SonarSource/sonar-findbugs/commit/6c567712e33bd8882c3c963854270d15f00a4e2a,2022-02-12 15:27:09,1,Silent,S1,T4,True,Medium,5.0,CWE-400,,2022-01-29 16:53:37,2022-01-29 17:46:17,2022-02-01,,13.939953703703704,13.90337962962963,11.643854166666667,After Disclosure,2022,169,0,1608.0,38.0,609.0
CVE-2021-43859,com.thoughtworks.xstream:xstream,net.bull.javamelody:javamelody-core,javamelody/javamelody,https://github.com/javamelody/javamelody/commit/cc6b1b8894ba21c06529bea7140f62832b8a4af4,2022-04-03 16:24:02,1,Silent,S1,T4,True,Medium,5.0,CWE-400,,2022-01-29 16:53:37,2022-01-29 17:46:17,2022-02-01,,63.97945601851852,63.942881944444444,61.68335648148148,After Disclosure,2022,169,0,19411.0,165.0,609.0
CVE-2021-43859,com.thoughtworks.xstream:xstream,com.custardsource.parfait:parfait-cxf,performancecopilot/parfait,https://github.com/performancecopilot/parfait/commit/4cd6502c8c5f9c93cd57bdf12a2968ffbdcd00b6,2022-02-01 00:57:12,1,Silent,S1,T4,True,Medium,5.0,CWE-400,,2022-01-29 16:53:37,2022-01-29 17:46:17,2022-02-01,,2.335821759259259,2.2992476851851853,0.03972222222222222,After Disclosure,2022,169,0,44.0,2.0,609.0
CVE-2021-43859,com.thoughtworks.xstream:xstream,com.servicelibre:jxsl,mercibe/jxsl,https://github.com/mercibe/jxsl/commit/842b914f96ba604def42b3abfe044c45f93fcfe3,2022-02-01 00:57:08,1,Silent,S1,T4,True,Medium,5.0,CWE-400,,2022-01-29 16:53:37,2022-01-29 17:46:17,2022-02-01,,2.335775462962963,2.2992013888888887,0.03967592592592593,After Disclosure,2022,169,0,1703.0,25.0,609.0
CVE-2021-43859,com.thoughtworks.xstream:xstream,org.sbml.jsbml:jsbml-core,sbmlteam/jsbml,https://github.com/sbmlteam/jsbml/commit/9902c3bb2e64d5e4b8e6b0a51cde6e2c1b7c6106,2022-02-01 15:11:12,1,Silent,S1,T4,True,Medium,5.0,CWE-400,,2022-01-29 16:53:37,2022-01-29 17:46:17,2022-02-01,,2.9288773148148146,2.8923032407407407,0.6327777777777778,After Disclosure,2022,169,0,37306.0,200.0,609.0
CVE-2021-28164,org.eclipse.jetty:jetty-server,us.springett:alpine-executable-war,stevespringett/Alpine,https://github.com/stevespringett/Alpine/commit/fc0090b48e855680372ad9a1799a836985178842,2021-05-17 02:24:44,1,Silent,S1,T4,True,Medium,5.0,,,2021-03-24 01:10:28,2021-03-25 09:36:22,2021-04-01,,54.051574074074075,52.70025462962963,46.10050925925926,After Disclosure,2021,26,0,406983.0,3595.0,2914.0
CVE-2021-28164,org.eclipse.jetty:jetty-server,org.aktin:broker-admin,aktin/broker,https://github.com/aktin/broker/commit/9608fd5fd85c6771fc1c0e3f7b485a62bd572533,2021-09-14 22:09:01,1,Silent,S1,T4,True,Medium,5.0,,,2021-03-24 01:10:28,2021-03-25 09:36:22,2021-04-01,,174.87399305555556,173.52267361111112,166.92292824074073,After Disclosure,2021,26,0,657.0,11.5,2914.0
CVE-2021-28164,org.eclipse.jetty:jetty-server,com.trib3:testing,trib3/leakycauldron,https://github.com/trib3/leakycauldron/commit/d7d6ef30e2086a6c3c52a7bd1ed2e44d9ffa0927,2021-03-29 18:22:19,1,Silent,S1,T4,True,Medium,5.0,,,2021-03-24 01:10:28,2021-03-25 09:36:22,2021-04-01,,5.7165625,4.365243055555555,-2.2345023148148146,Release->Disclosure,2021,26,0,480.0,10.0,2914.0
CVE-2021-28164,org.eclipse.jetty:jetty-server,com.yahoo.athenz:athenz-jetty-container,AthenZ/athenz,https://github.com/AthenZ/athenz/commit/a81588d740e026835ef7a7d59e8d9ffe303478d8,2021-04-02 20:24:51,1,Silent,S1,T4,True,Medium,5.0,,,2021-03-24 01:10:28,2021-03-25 09:36:22,2021-04-01,,9.801655092592593,8.450335648148148,1.8505902777777778,After Disclosure,2021,26,0,915.0,9.0,2914.0
CVE-2021-28164,org.eclipse.jetty:jetty-server,org.noear:solon.boot.jetty,noear/solon,https://github.com/noear/solon/commit/e55ff8fd836696b22f6f89b096041f521ce6c780,2021-07-20 02:10:41,1,Silent,S1,T4,True,Medium,5.0,,,2021-03-24 01:10:28,2021-03-25 09:36:22,2021-04-01,,118.04181712962964,116.69049768518518,110.09075231481482,After Disclosure,2021,26,0,739.0,16.0,2914.0
CVE-2021-28164,org.eclipse.jetty:jetty-server,io.nflow:nflow-jetty,NitorCreations/nflow,https://github.com/NitorCreations/nflow/commit/7de517e1920fa8379475862bc466850c787b7c15,2021-04-09 09:46:19,1,Silent,S1,T4,True,Medium,5.0,,,2021-03-24 01:10:28,2021-03-25 09:36:22,2021-04-01,,16.358229166666668,15.006909722222222,8.407164351851852,After Disclosure,2021,26,0,545.5,10.5,2914.0
CVE-2021-28164,org.eclipse.jetty:jetty-server,org.apache.avro:avro-ipc-jetty,apache/avro,https://github.com/apache/avro/commit/2b299efb6ce3b294991e3461304e4f1715579ddc,2021-04-04 09:36:26,1,Silent,S1,T4,True,Medium,5.0,,,2021-03-24 01:10:28,2021-03-25 09:36:22,2021-04-01,,11.351365740740741,10.000046296296297,3.400300925925926,After Disclosure,2021,26,0,164.0,3.0,2914.0
CVE-2021-28164,org.eclipse.jetty:jetty-server,org.ocpsoft.prettytime:sample-jstl,ocpsoft/prettytime,https://github.com/ocpsoft/prettytime/commit/c86e446cb3cb11b2d3c797544a6760c91bd1a7aa,2021-06-23 20:52:19,1,Silent,S1,T4,True,Medium,5.0,,,2021-03-24 01:10:28,2021-03-25 09:36:22,2021-04-01,,91.82072916666667,90.46940972222222,83.86966435185185,After Disclosure,2021,26,0,41.0,2.0,2914.0
CVE-2017-17485,com.fasterxml.jackson.core:jackson-databind,com.algolia:algoliasearch-common,algolia/algoliasearch-client-java-2,https://github.com/algolia/algoliasearch-client-java-2/commit/8028749cc376f0eb37f6ff8926d7343c22b8a2d0,2018-02-28 20:17:14,1,Transparent,T1,T1,False,High,7.5,CWE-502,2017-12-12 06:24:38,2017-12-12 17:15:56,2017-12-19 19:24:27,2018-01-10,78.57819444444445,78.12590277777778,71.0366550925926,49.845300925925926,After Disclosure,2018,172,0,12554.0,223.0,1372.0
CVE-2017-17485,com.fasterxml.jackson.core:jackson-databind,org.zalando:jackson-datatype-money,zalando/jackson-datatype-money,https://github.com/zalando/jackson-datatype-money/commit/43740e7db9e2adb54bc6bb8a3af317a132c0cfe3,2018-04-11 11:54:20,1,Transparent,T1,T1,False,High,7.5,CWE-502,2017-12-12 06:24:38,2017-12-12 17:15:56,2017-12-19 19:24:27,2018-01-10,120.22895833333334,119.77666666666667,112.68741898148149,91.49606481481482,After Disclosure,2018,172,0,503.0,17.0,1372.0
CVE-2017-17485,com.fasterxml.jackson.core:jackson-databind,com.graphaware.neo4j:api,graphaware/neo4j-framework,https://github.com/graphaware/neo4j-framework/commit/a445b4d1a5a0d8d706d8227ebb99ffe2c36d8c6b,2020-06-16 21:58:29,1,Transparent,T1,T1,False,High,7.5,CWE-502,2017-12-12 06:24:38,2017-12-12 17:15:56,2017-12-19 19:24:27,2018-01-10,917.6485069444444,917.1962152777778,910.1069675925926,888.9156134259259,After Disclosure,2018,172,0,187.0,6.0,1372.0
CVE-2017-17485,com.fasterxml.jackson.core:jackson-databind,io.github.devlibx.easy:helper,devlibx/easy,https://github.com/devlibx/easy/commit/9e241f5974bfc0b73262034b01c857cfa41084d5,2022-07-10 17:16:41,1,Transparent,T1,T1,False,High,7.5,CWE-502,2017-12-12 06:24:38,2017-12-12 17:15:56,2017-12-19 19:24:27,2018-01-10,1671.4528125,1671.0005208333334,1663.9112731481482,1642.7199189814814,After Disclosure,2018,172,0,1046.0,25.0,1372.0
CVE-2017-17485,com.fasterxml.jackson.core:jackson-databind,com.github.jsonld-java:jsonld-java,jsonld-java/jsonld-java,https://github.com/jsonld-java/jsonld-java/commit/25ae9525d0c9f942404ef1f133ab27d135e499ad,2018-04-03 01:39:11,1,Transparent,T1,T1,False,High,7.5,CWE-502,2017-12-12 06:24:38,2017-12-12 17:15:56,2017-12-19 19:24:27,2018-01-10,111.80177083333334,111.34947916666667,104.26023148148148,83.06887731481481,After Disclosure,2018,172,0,5695.0,48.0,1372.0
CVE-2017-17485,com.fasterxml.jackson.core:jackson-databind,com.pugwoo:woo-utils,pugwoo/woo-utils,https://github.com/pugwoo/woo-utils/commit/1f7f0859a4d76337ef737692941fdc6fb471c91e,2018-05-31 08:43:33,1,Transparent,T1,T1,False,High,7.5,CWE-502,2017-12-12 06:24:38,2017-12-12 17:15:56,2017-12-19 19:24:27,2018-01-10,170.0964699074074,169.64417824074073,162.55493055555556,141.3635763888889,After Disclosure,2018,172,0,4247.0,66.0,1372.0
CVE-2017-17485,com.fasterxml.jackson.core:jackson-databind,com.github.wz2cool:mybatis-dynamic-query,wz2cool/mybatis-dynamic-query,https://github.com/wz2cool/mybatis-dynamic-query/commit/c1120f31f94258a7697e7143965c82af69794002,2018-11-13 14:27:57,2,Transparent,T1,T1,False,High,7.5,CWE-502,2017-12-12 06:24:38,2017-12-12 17:15:56,2017-12-19 19:24:27,2018-01-10,336.3356365740741,335.88334490740743,328.7940972222222,307.60274305555555,After Disclosure,2018,172,0,1588.5,34.0,1372.0
CVE-2017-17485,com.fasterxml.jackson.core:jackson-databind,com.spotify:helios-services,spotify/helios,https://github.com/spotify/helios/commit/7f358dca1094ce406cfda17cba4dcd9daa47d567,2018-05-21 15:59:24,1,Transparent,T1,T1,False,High,7.5,CWE-502,2017-12-12 06:24:38,2017-12-12 17:15:56,2017-12-19 19:24:27,2018-01-10,160.3991435185185,159.94685185185185,152.85760416666668,131.66625,After Disclosure,2018,172,0,13873.5,266.0,1372.0
CVE-2017-17485,com.fasterxml.jackson.core:jackson-databind,org.wicketstuff:wicketstuff-restannotations-json,wicketstuff/core,https://github.com/wicketstuff/core/commit/81b81a26922d5f929c81c13678cd533baa5fab90,2018-02-17 16:17:33,1,Transparent,T1,T1,False,High,7.5,CWE-502,2017-12-12 06:24:38,2017-12-12 17:15:56,2017-12-19 19:24:27,2018-01-10,67.41174768518519,66.95945601851852,59.87020833333333,38.67885416666667,After Disclosure,2018,172,0,101.0,5.0,1372.0
CVE-2017-17485,com.fasterxml.jackson.core:jackson-databind,org.zalando:logbook-core,zalando/logbook,https://github.com/zalando/logbook/commit/6ffff7ca65a36ec08c671c22004c9a9f22419d21,2018-02-08 21:06:02,1,Transparent,T1,T1,False,High,7.5,CWE-502,2017-12-12 06:24:38,2017-12-12 17:15:56,2017-12-19 19:24:27,2018-01-10,58.61208333333333,58.15979166666666,51.07054398148148,29.879189814814815,After Disclosure,2018,172,0,1357.0,37.0,1372.0
CVE-2017-17485,com.fasterxml.jackson.core:jackson-databind,cn.com.riversoft:weixin-common,borball/weixin-sdk,https://github.com/borball/weixin-sdk/commit/da66e1f74d35223f550b6b7630d446fca800880f,2019-10-30 07:14:43,1,Transparent,T1,T1,False,High,7.5,CWE-502,2017-12-12 06:24:38,2017-12-12 17:15:56,2017-12-19 19:24:27,2018-01-10,687.0347800925925,686.5824884259259,679.4932407407407,658.301886574074,After Disclosure,2018,172,0,3176.0,69.0,1372.0
CVE-2017-17485,com.fasterxml.jackson.core:jackson-databind,de.digitalcollections:iiif-server-hymir,dbmdz/iiif-server-hymir,https://github.com/dbmdz/iiif-server-hymir/commit/b8e90a1b34c62076973ad99cfb967f3f9a263a76,2018-05-18 14:31:32,1,Transparent,T1,T1,False,High,7.5,CWE-502,2017-12-12 06:24:38,2017-12-12 17:15:56,2017-12-19 19:24:27,2018-01-10,157.338125,156.88583333333332,149.79658564814815,128.60523148148147,After Disclosure,2018,172,0,1538.0,28.0,1372.0
CVE-2017-17485,com.fasterxml.jackson.core:jackson-databind,com.arpnetworking.logback:logback-steno,arpnetworking/logback-steno,https://github.com/arpnetworking/logback-steno/commit/e39e91661b0c1bab59fe4ec2ea9cd8a12b3d6921,2018-06-24 06:17:08,1,Transparent,T1,T1,False,High,7.5,CWE-502,2017-12-12 06:24:38,2017-12-12 17:15:56,2017-12-19 19:24:27,2018-01-10,193.99479166666666,193.5425,186.45325231481482,165.26189814814813,After Disclosure,2018,172,0,3581.0,70.0,1372.0
CVE-2017-17485,com.fasterxml.jackson.core:jackson-databind,at.ac.ait:ariadne-json-route-format,dts-ait/ariadne-json-route-format,https://github.com/dts-ait/ariadne-json-route-format/commit/ab74595f9da8ce0012c8b90891f6d7926b34e834,2019-05-15 13:49:01,1,Transparent,T1,T1,False,High,7.5,CWE-502,2017-12-12 06:24:38,2017-12-12 17:15:56,2017-12-19 19:24:27,2018-01-10,519.308599537037,518.8563078703704,511.7670601851852,490.57570601851853,After Disclosure,2018,172,0,7039.0,71.0,1372.0
CVE-2017-17485,com.fasterxml.jackson.core:jackson-databind,com.yahoofinance-api:YahooFinanceAPI,sstrickx/yahoofinance-api,https://github.com/sstrickx/yahoofinance-api/commit/88a3ee277aa84119378c075e23c7a90f25ad0a48,2019-05-11 12:11:54,1,Transparent,T1,T1,False,High,7.5,CWE-502,2017-12-12 06:24:38,2017-12-12 17:15:56,2017-12-19 19:24:27,2018-01-10,515.2411574074074,514.7888657407408,507.69961805555556,486.5082638888889,After Disclosure,2018,172,0,3473.0,31.0,1372.0
CVE-2017-17485,com.fasterxml.jackson.core:jackson-databind,com.github.ddth:ddth-commons-core,DDTH/ddth-commons,https://github.com/DDTH/ddth-commons/commit/fad434d055ed420e5cc0ea66cc3155d1e23bd762,2018-04-27 07:56:05,1,Transparent,T1,T1,False,High,7.5,CWE-502,2017-12-12 06:24:38,2017-12-12 17:15:56,2017-12-19 19:24:27,2018-01-10,136.06350694444444,135.61121527777777,128.5219675925926,107.33061342592593,After Disclosure,2018,172,0,2543.5,36.0,1372.0
CVE-2017-17485,com.fasterxml.jackson.core:jackson-databind,com.messagebird:messagebird-api,messagebird/java-rest-api,https://github.com/messagebird/java-rest-api/commit/ce5c51c5e2e657ced73af80276119bf4eb8a8fa2,2019-02-07 14:19:01,1,Transparent,T1,T1,False,High,7.5,CWE-502,2017-12-12 06:24:38,2017-12-12 17:15:56,2017-12-19 19:24:27,2018-01-10,422.3294328703704,421.87714120370373,414.7878935185185,393.59653935185185,After Disclosure,2018,172,0,5636.0,98.0,1372.0
CVE-2017-17485,com.fasterxml.jackson.core:jackson-databind,com.bluecirclesoft.open:json-jee7-reader,mrami4/bluecircle-json-interface-generator,https://github.com/mrami4/bluecircle-json-interface-generator/commit/0f3859b74cdeb2191ac625781e1da59c1101e590,2018-12-25 04:18:28,1,Transparent,T1,T1,False,High,7.5,CWE-502,2017-12-12 06:24:38,2017-12-12 17:15:56,2017-12-19 19:24:27,2018-01-10,377.9123842592593,377.4600925925926,370.3708449074074,349.17949074074073,After Disclosure,2018,172,0,770.0,16.0,1372.0
CVE-2017-17485,com.fasterxml.jackson.core:jackson-databind,com.github.jsurfer:jsurfer-jackson,jsurfer/JsonSurfer,https://github.com/jsurfer/JsonSurfer/commit/0f3cef10b1291f70df38cee57164809d53359f2f,2018-03-04 05:33:15,1,Transparent,T1,T1,False,High,7.5,CWE-502,2017-12-12 06:24:38,2017-12-12 17:15:56,2017-12-19 19:24:27,2018-01-10,81.96431712962963,81.51202546296297,74.42277777777778,53.23142361111111,After Disclosure,2018,172,0,312.0,9.0,1372.0
CVE-2017-17485,com.fasterxml.jackson.core:jackson-databind,com.arpnetworking.commons:commons,arpnetworking/commons,https://github.com/arpnetworking/commons/commit/e916f5e616475a259cd20451b607857b7b799324,2018-06-24 06:15:53,1,Transparent,T1,T1,False,High,7.5,CWE-502,2017-12-12 06:24:38,2017-12-12 17:15:56,2017-12-19 19:24:27,2018-01-10,193.99392361111111,193.54163194444445,186.45238425925925,165.2610300925926,After Disclosure,2018,172,0,1372.0,50.0,1372.0
CVE-2017-17485,com.fasterxml.jackson.core:jackson-databind,pl.chilldev.commons:commons-aws,chilloutdevelopment/pl.chilldev.commons,https://github.com/chilloutdevelopment/pl.chilldev.commons/commit/709fb303622d349d2d6d6610666c4baf91c717ee,2018-05-03 22:51:19,1,Transparent,T1,T1,False,High,7.5,CWE-502,2017-12-12 06:24:38,2017-12-12 17:15:56,2017-12-19 19:24:27,2018-01-10,142.68519675925927,142.2329050925926,135.1436574074074,113.95230324074075,After Disclosure,2018,172,0,167.0,8.0,1372.0
CVE-2017-17485,com.fasterxml.jackson.core:jackson-databind,com.darksci:pardot-api-client,Crim/pardot-java-client,https://github.com/Crim/pardot-java-client/commit/d93a0ebd9525af33a62edf8f08a1efa8f3c18219,2018-02-09 14:52:49,1,Transparent,T1,T1,False,High,7.5,CWE-502,2017-12-12 06:24:38,2017-12-12 17:15:56,2017-12-19 19:24:27,2018-01-10,59.35290509259259,58.900613425925926,51.81136574074074,30.620011574074073,After Disclosure,2018,172,0,4616.0,124.0,1372.0
CVE-2017-17485,com.fasterxml.jackson.core:jackson-databind,com.jsunsoft.http:http-request,jsunsoftware/http-request,https://github.com/jsunsoftware/http-request/commit/bf7e5e42c46a63c877e826cc71e7082ec987ab57,2018-05-18 10:49:21,1,Transparent,T1,T1,False,High,7.5,CWE-502,2017-12-12 06:24:38,2017-12-12 17:15:56,2017-12-19 19:24:27,2018-01-10,157.18383101851853,156.73153935185186,149.64229166666667,128.4509375,After Disclosure,2018,172,0,1513.0,31.0,1372.0
CVE-2017-17485,com.fasterxml.jackson.core:jackson-databind,org.geolatte:geolatte-geojson,geolatte/geolatte-geom,https://github.com/geolatte/geolatte-geom/commit/0b6246341564255c5aba044ebae57fb6802f168b,2019-03-23 12:23:55,1,Transparent,T1,T1,False,High,7.5,CWE-502,2017-12-12 06:24:38,2017-12-12 17:15:56,2017-12-19 19:24:27,2018-01-10,466.24950231481483,465.79721064814817,458.70796296296294,437.5166087962963,After Disclosure,2018,172,0,757.0,17.0,1372.0
CVE-2017-17485,com.fasterxml.jackson.core:jackson-databind,com.github.obase:obase-data,obase/java,https://github.com/obase/java/commit/0c4329da731622fb0fd24eb0c330175ea58d7a60,2017-12-13 01:05:36,1,Transparent,T1,T1,False,High,7.5,CWE-502,2017-12-12 06:24:38,2017-12-12 17:15:56,2017-12-19 19:24:27,2018-01-10,0.778449074074074,0.3261574074074074,-6.763090277777778,-27.954444444444444,Fix->Release,2018,172,0,652.0,3.0,1372.0
CVE-2017-17485,com.fasterxml.jackson.core:jackson-databind,de.digitalcollections.iiif:iiif-apis,dbmdz/iiif-apis,https://github.com/dbmdz/iiif-apis/commit/d20ef80152899cce551c17d9563f007417d2a690,2018-10-17 09:02:02,1,Transparent,T1,T1,False,High,7.5,CWE-502,2017-12-12 06:24:38,2017-12-12 17:15:56,2017-12-19 19:24:27,2018-01-10,309.1093055555556,308.6570138888889,301.5677662037037,280.376412037037,After Disclosure,2018,172,0,5088.0,85.0,1372.0
CVE-2017-17485,com.fasterxml.jackson.core:jackson-databind,de.digitalcollections:iiif-bookshelf-webapp,dbmdz/iiif-bookshelf-webapp,https://github.com/dbmdz/iiif-bookshelf-webapp/commit/a2b82fc1723a3a3aa27c0e51a079b73cd7ff7802,2018-03-14 10:29:52,1,Transparent,T1,T1,False,High,7.5,CWE-502,2017-12-12 06:24:38,2017-12-12 17:15:56,2017-12-19 19:24:27,2018-01-10,92.17030092592593,91.71800925925926,84.62876157407408,63.437407407407406,After Disclosure,2018,172,0,1942.0,35.0,1372.0
CVE-2017-17485,com.fasterxml.jackson.core:jackson-databind,com.marklogic:mlcp,marklogic/marklogic-contentpump,https://github.com/marklogic/marklogic-contentpump/commit/5cb5dd64894b8813dc2e74ccd1787cac0a8a5ca4,2020-06-19 21:34:47,1,Transparent,T1,T1,False,High,7.5,CWE-502,2017-12-12 06:24:38,2017-12-12 17:15:56,2017-12-19 19:24:27,2018-01-10,920.6320486111111,920.1797569444444,913.0905092592593,891.8991550925925,After Disclosure,2018,172,0,12237.0,132.0,1372.0
CVE-2017-17485,com.fasterxml.jackson.core:jackson-databind,de.stklcode.jvault:connector,stklcode/jvaultconnector,https://github.com/stklcode/jvaultconnector/commit/38a7d4952d807ccaf4bc5e09f4d9855824214995,2018-01-29 15:34:28,1,Transparent,T1,T1,False,High,7.5,CWE-502,2017-12-12 06:24:38,2017-12-12 17:15:56,2017-12-19 19:24:27,2018-01-10,48.381828703703704,47.929537037037036,40.84028935185185,19.648935185185184,After Disclosure,2018,172,0,2562.5,38.5,1372.0
CVE-2014-0054,org.springframework:spring-oxm,org.broadleafcommerce:broadleaf-profile-web,BroadleafCommerce/BroadleafCommerce,https://github.com/BroadleafCommerce/BroadleafCommerce/commit/d8e04441aebdf834f59b5c17d1211a3c73ecc4c7,2014-05-11 17:33:42,2,Silent,S1,S1,False,Medium,6.8,CWE-352,,2014-02-18 15:54:30,2014-02-18 16:53:02,2014-04-17,,82.06888888888889,82.02824074074074,24.73173611111111,After Disclosure,2014,21,0,1286.0,27.0,2455.0
CVE-2014-0054,org.springframework:spring-oxm,org.jarbframework:jarb-sample,42BV/jarb,https://github.com/42BV/jarb/commit/9905da5e98bc56c7344fcf42b681c4d85c3032cb,2014-03-12 10:26:55,1,Silent,S1,S1,False,Medium,6.8,CWE-352,,2014-02-18 15:54:30,2014-02-18 16:53:02,2014-04-17,,21.772511574074073,21.731863425925926,-35.5646412037037,Release->Disclosure,2014,21,0,166.0,5.0,2455.0
CVE-2018-1000850,com.squareup.retrofit2:retrofit,org.asynchttpclient:async-http-client-extras-retrofit2,AsyncHttpClient/async-http-client,https://github.com/AsyncHttpClient/async-http-client/commit/9bb2be22f3f16d292dfde6210481e71c7a72f32f,2019-01-24 09:38:44,1,Transparent,T1,T1,False,Medium,6.4,CWE-22,2018-10-16 20:24:22,2018-10-22 22:03:02,2018-11-18 16:26:27,2018-12-20,99.55164351851852,93.483125,66.71686342592592,35.40189814814815,After Disclosure,2018,129,0,611.0,5.0,27953.0
CVE-2018-1000850,com.squareup.retrofit2:retrofit,com.taxjar:taxjar-java,taxjar/taxjar-java,https://github.com/taxjar/taxjar-java/commit/f9f837c95e73b16e20c718c8f657b8a574dcb2b5,2019-01-02 22:02:24,1,Transparent,T1,T1,False,Medium,6.4,CWE-22,2018-10-16 20:24:22,2018-10-22 22:03:02,2018-11-18 16:26:27,2018-12-20,78.0680787037037,71.99956018518519,45.23329861111111,13.918333333333333,After Disclosure,2018,129,0,2691.0,61.0,27953.0
CVE-2018-1000850,com.squareup.retrofit2:retrofit,cn.springboot:best-pay-sdk,Pay-Group/best-pay-sdk,https://github.com/Pay-Group/best-pay-sdk/commit/5de8992805606e6d37f978d423bf0ed0898e4018,2019-09-10 03:27:15,3,Transparent,T1,T1,False,Medium,6.4,CWE-22,2018-10-16 20:24:22,2018-10-22 22:03:02,2018-11-18 16:26:27,2018-12-20,328.29366898148146,322.225150462963,295.4588888888889,264.1439236111111,After Disclosure,2018,129,0,7035.0,67.0,27953.0
CVE-2018-1000850,com.squareup.retrofit2:retrofit,com.contentful.java:java-sdk,contentful/contentful.java,https://github.com/contentful/contentful.java/commit/7cfc170989c3ecec86bc7c6c95876f498ed0ec1c,2019-01-30 13:44:43,1,Transparent,T1,T1,False,Medium,6.4,CWE-22,2018-10-16 20:24:22,2018-10-22 22:03:02,2018-11-18 16:26:27,2018-12-20,105.72246527777777,99.65394675925926,72.88768518518519,41.57271990740741,After Disclosure,2018,129,0,2863.0,87.0,27953.0
CVE-2018-1000850,com.squareup.retrofit2:retrofit,org.iota:jota,iotaledger/iota-java,https://github.com/iotaledger/iota-java/commit/97cdad1a31e63ec6c968cc60214bd714e7a23a15,2019-04-25 15:49:26,1,Transparent,T1,T1,False,Medium,6.4,CWE-22,2018-10-16 20:24:22,2018-10-22 22:03:02,2018-11-18 16:26:27,2018-12-20,190.80907407407406,184.74055555555555,157.97429398148148,126.65932870370371,After Disclosure,2018,129,0,4838.0,86.0,27953.0
CVE-2018-1000850,com.squareup.retrofit2:retrofit,com.dracoon:dracoon-sdk,dracoon/dracoon-java-sdk,https://github.com/dracoon/dracoon-java-sdk/commit/8a89f25107df50c539af31b3d2037ea678a8f4ba,2019-02-14 10:10:15,1,Transparent,T1,T1,False,Medium,6.4,CWE-22,2018-10-16 20:24:22,2018-10-22 22:03:02,2018-11-18 16:26:27,2018-12-20,120.57353009259259,114.50501157407408,87.73875,56.42378472222222,After Disclosure,2018,129,0,7539.0,163.0,27953.0
CVE-2018-1000850,com.squareup.retrofit2:retrofit,com.taboola:backstage-api-java-client,taboola/backstage-api-java-client,https://github.com/taboola/backstage-api-java-client/commit/8ae409b169848390a559d2f43653ef6e48b3d329,2018-12-21 21:38:20,1,Transparent,T1,T1,False,Medium,6.4,CWE-22,2018-10-16 20:24:22,2018-10-22 22:03:02,2018-11-18 16:26:27,2018-12-20,66.05136574074074,59.98284722222222,33.21658564814815,1.9016203703703705,After Disclosure,2018,129,0,4930.0,125.0,27953.0
CVE-2018-1000850,com.squareup.retrofit2:retrofit,io.graphenee:gx-core,ijazfx/graphenee,https://github.com/ijazfx/graphenee/commit/54f223429d8bf32507654b6a583233e3840bc8bc,2018-12-27 08:17:08,1,Transparent,T1,T1,False,Medium,6.4,CWE-22,2018-10-16 20:24:22,2018-10-22 22:03:02,2018-11-18 16:26:27,2018-12-20,71.49497685185185,65.42645833333333,38.66019675925926,7.345231481481481,After Disclosure,2018,129,0,7422.0,94.0,27953.0
CVE-2018-1000850,com.squareup.retrofit2:retrofit,com.uwetrottmann.thetvdb-java:thetvdb-java,UweTrottmann/thetvdb-java,https://github.com/UweTrottmann/thetvdb-java/commit/8e154e7511952e3c2515a80b85a0c79fa36bb78d,2018-12-07 08:51:44,1,Transparent,T1,T1,False,Medium,6.4,CWE-22,2018-10-16 20:24:22,2018-10-22 22:03:02,2018-11-18 16:26:27,2018-12-20,51.51900462962963,45.45048611111111,18.684224537037036,-12.630740740740741,Release->Disclosure,2018,129,0,667.0,40.0,27953.0
CVE-2018-1000850,com.squareup.retrofit2:retrofit,io.github.bonigarcia:selenium-jupiter,bonigarcia/selenium-jupiter,https://github.com/bonigarcia/selenium-jupiter/commit/45711e1f00dc0f17fbf339e47bbb7c61e31ecf59,2018-12-22 22:58:34,1,Transparent,T1,T1,False,Medium,6.4,CWE-22,2018-10-16 20:24:22,2018-10-22 22:03:02,2018-11-18 16:26:27,2018-12-20,67.10708333333334,61.03856481481481,34.27230324074074,2.957337962962963,After Disclosure,2018,129,0,2418.0,44.0,27953.0
CVE-2018-1000850,com.squareup.retrofit2:retrofit,com.contentful.java:cma-sdk,contentful/contentful-management.java,https://github.com/contentful/contentful-management.java/commit/31b2a43c9e8f70f3852bb289b4aa8122b3b52692,2019-01-14 09:22:04,1,Transparent,T1,T1,False,Medium,6.4,CWE-22,2018-10-16 20:24:22,2018-10-22 22:03:02,2018-11-18 16:26:27,2018-12-20,89.54006944444444,83.47155092592592,56.70528935185185,25.390324074074073,After Disclosure,2018,129,0,6382.0,231.0,27953.0
CVE-2018-1000850,com.squareup.retrofit2:retrofit,com.abubusoft:kripton-retrofit-converter,xcesco/kripton,https://github.com/xcesco/kripton/commit/4e5d78720fef38bf82001899f54c7183cd077504,2019-01-18 00:58:12,1,Transparent,T1,T1,False,Medium,6.4,CWE-22,2018-10-16 20:24:22,2018-10-22 22:03:02,2018-11-18 16:26:27,2018-12-20,93.19016203703704,87.12164351851852,60.355381944444446,29.040416666666665,After Disclosure,2018,129,0,300.0,8.0,27953.0
CVE-2018-1000850,com.squareup.retrofit2:retrofit,com.uwetrottmann.tmdb2:tmdb-java,UweTrottmann/tmdb-java,https://github.com/UweTrottmann/tmdb-java/commit/1c2b96c9a4ebdd7da3bcf4292491f73515ecdc03,2019-02-06 10:26:33,1,Transparent,T1,T1,False,Medium,6.4,CWE-22,2018-10-16 20:24:22,2018-10-22 22:03:02,2018-11-18 16:26:27,2018-12-20,112.58484953703703,106.51633101851851,79.75006944444445,48.43510416666667,After Disclosure,2018,129,0,3330.0,159.0,27953.0
CVE-2018-1000850,com.squareup.retrofit2:retrofit,org.influxdb:influxdb-java,influxdata/influxdb-java,https://github.com/influxdata/influxdb-java/commit/2da8f688b419a30b8bc70412a838b8fafa63ebe6,2018-11-24 09:57:02,1,Transparent,T1,T1,False,Medium,6.4,CWE-22,2018-10-16 20:24:22,2018-10-22 22:03:02,2018-11-18 16:26:27,2018-12-20,38.56435185185185,32.49583333333333,5.729571759259259,-25.58539351851852,Release->Disclosure,2018,129,0,1469.0,29.0,27953.0
CVE-2018-1000850,com.squareup.retrofit2:retrofit,com.github.felixgail:gplaymusic,FelixGail/gplaymusic,https://github.com/FelixGail/gplaymusic/commit/48a493df17cd769576b3d6a411d99b32a5dcd9d5,2019-05-10 14:08:44,1,Transparent,T1,T1,False,Medium,6.4,CWE-22,2018-10-16 20:24:22,2018-10-22 22:03:02,2018-11-18 16:26:27,2018-12-20,205.73914351851852,199.670625,172.90436342592594,141.58939814814815,After Disclosure,2018,129,0,4752.0,107.0,27953.0
CVE-2018-1000850,com.squareup.retrofit2:retrofit,com.bynder:bynder-java-sdk,Bynder/bynder-java-sdk,https://github.com/Bynder/bynder-java-sdk/commit/10b774da41f1003b07e47cc008e21a5bccbc4e26,2019-01-09 14:26:39,1,Transparent,T1,T1,False,Medium,6.4,CWE-22,2018-10-16 20:24:22,2018-10-22 22:03:02,2018-11-18 16:26:27,2018-12-20,84.75158564814815,78.68306712962963,51.916805555555555,20.60184027777778,After Disclosure,2018,129,0,2959.0,108.0,27953.0
CVE-2018-1000850,com.squareup.retrofit2:retrofit,com.uwetrottmann.trakt5:trakt-java,UweTrottmann/trakt-java,https://github.com/UweTrottmann/trakt-java/commit/b82c93405424356b7893a9058b441e2ff8b169e0,2018-11-23 15:17:10,1,Transparent,T1,T1,False,Medium,6.4,CWE-22,2018-10-16 20:24:22,2018-10-22 22:03:02,2018-11-18 16:26:27,2018-12-20,37.78666666666667,31.71814814814815,4.9518865740740745,-26.363078703703703,Release->Disclosure,2018,129,0,2597.0,114.0,27953.0
CVE-2018-1000850,com.squareup.retrofit2:retrofit,com.orbitz.consul:consul-client,OrbitzWorldwide/consul-client,https://github.com/OrbitzWorldwide/consul-client/commit/d0ba5a5d66bf974edfcc99b933904745f50997a2,2019-01-09 18:09:16,1,Transparent,T1,T1,False,Medium,6.4,CWE-22,2018-10-16 20:24:22,2018-10-22 22:03:02,2018-11-18 16:26:27,2018-12-20,84.90618055555555,78.83766203703703,52.07140046296296,20.756435185185186,After Disclosure,2018,129,0,24148.5,358.5,27953.0
CVE-2018-1000850,com.squareup.retrofit2:retrofit,com.jituancaiyun.openapi:openapi-client,jituancaiyun/openapi-java-sdk,https://github.com/jituancaiyun/openapi-java-sdk/commit/ff17961f4c3db4035e25690c77d05439c4436e35,2019-03-12 03:27:55,1,Transparent,T1,T1,False,Medium,6.4,CWE-22,2018-10-16 20:24:22,2018-10-22 22:03:02,2018-11-18 16:26:27,2018-12-20,146.29413194444444,140.22561342592593,113.45935185185185,82.14438657407408,After Disclosure,2018,129,0,7752.0,149.0,27953.0
CVE-2018-1000850,com.squareup.retrofit2:retrofit,org.graylog2:graylog2-server,Graylog2/graylog2-server,https://github.com/Graylog2/graylog2-server/commit/4299bcfd6f6685cc44696052e2dd0fde56b89fd1,2019-07-02 16:06:52,1,Transparent,T1,T1,False,Medium,6.4,CWE-22,2018-10-16 20:24:22,2018-10-22 22:03:02,2018-11-18 16:26:27,2018-12-20,258.82118055555554,252.75266203703703,225.98640046296296,194.67143518518517,After Disclosure,2018,129,0,81519.0,2129.5,27953.0
CVE-2021-21351,com.thoughtworks.xstream:xstream,com.github.psi-probe:psi-probe-core,psi-probe/psi-probe,https://github.com/psi-probe/psi-probe/commit/7fab8b106f725eab6eebb2bd99188605c105a2f7,2021-03-15 05:47:19,4,Transparent,T1,T1,False,Medium,6.5,CWE-502;CWE-434,2021-01-05 22:45:58,2021-01-06 14:28:50,2021-03-13 00:22:38,2021-03-22,68.29260416666666,67.63783564814815,2.2254745370370372,-6.7588078703703705,Release->Disclosure,2021,179,0,19822.0,302.0,535.0
CVE-2021-21351,com.thoughtworks.xstream:xstream,org.smooks:smooks-all,smooks/smooks,https://github.com/smooks/smooks/commit/eb9cf831fe330ee8271612e2a3dbeb4ef0da2199,2021-03-22 18:24:46,4,Transparent,T1,T1,False,Medium,6.5,CWE-502;CWE-434,2021-01-05 22:45:58,2021-01-06 14:28:50,2021-03-13 00:22:38,2021-03-22,75.81861111111111,75.16384259259259,9.751481481481482,0.7671990740740741,After Disclosure,2021,179,0,25018.0,475.0,535.0
CVE-2021-21351,com.thoughtworks.xstream:xstream,no.mnemonic.messaging:requestsink-jms,mnemonic-no/messaging,https://github.com/mnemonic-no/messaging/commit/ad1d2ddde0f14edbade60c0c50acc40813048778,2021-04-19 13:56:09,4,Transparent,T1,T1,False,Medium,6.5,CWE-502;CWE-434,2021-01-05 22:45:58,2021-01-06 14:28:50,2021-03-13 00:22:38,2021-03-22,103.63207175925926,102.97730324074074,37.56494212962963,28.580659722222222,After Disclosure,2021,179,0,2679.0,37.0,535.0
CVE-2021-21351,com.thoughtworks.xstream:xstream,org.patterntesting:patterntesting-rt,oboehm/PatternTesting2,https://github.com/oboehm/PatternTesting2/commit/23be204ec99d64604a7122c4f8cefb423ba6a340,2021-05-18 20:26:17,3,Transparent,T1,T1,False,Medium,6.5,CWE-502;CWE-434,2021-01-05 22:45:58,2021-01-06 14:28:50,2021-03-13 00:22:38,2021-03-22,132.9029976851852,132.24822916666668,66.83586805555555,57.851585648148145,After Disclosure,2021,179,0,11982.0,199.0,535.0
CVE-2021-21351,com.thoughtworks.xstream:xstream,com.sangupta:jerry-core,sangupta/jerry-core,https://github.com/sangupta/jerry-core/commit/380b8ce5df0ffb3edf334d129d58deb200802fee,2021-08-25 15:34:34,10,Transparent,T1,T1,False,Medium,6.5,CWE-502;CWE-434,2021-01-05 22:45:58,2021-01-06 14:28:50,2021-03-13 00:22:38,2021-03-22,231.70041666666665,231.04564814814816,165.63328703703704,156.64900462962962,After Disclosure,2021,179,0,9933.0,108.0,535.0
CVE-2021-21351,com.thoughtworks.xstream:xstream,org.neo4j.build.plugins:licensing-maven-plugin,neo4j/licensing-maven-plugin,https://github.com/neo4j/licensing-maven-plugin/commit/26a039e7f2d41eada122c97686b5b0f0553d5538,2021-04-23 06:57:29,5,Transparent,T1,T1,False,Medium,6.5,CWE-502;CWE-434,2021-01-05 22:45:58,2021-01-06 14:28:50,2021-03-13 00:22:38,2021-03-22,107.34133101851852,106.6865625,41.27420138888889,32.289918981481485,After Disclosure,2021,179,0,1627.0,14.0,535.0
CVE-2021-21351,com.thoughtworks.xstream:xstream,org.ikasan:ikasan-filetransfer-common,ikasanEIP/ikasan,https://github.com/ikasanEIP/ikasan/commit/f3046e83a2231cc76d98c01c8fecc3715229b468,2021-05-04 20:07:15,6,Transparent,T1,T1,False,Medium,6.5,CWE-502;CWE-434,2021-01-05 22:45:58,2021-01-06 14:28:50,2021-03-13 00:22:38,2021-03-22,118.88978009259259,118.23501157407408,52.82265046296296,43.838368055555556,After Disclosure,2021,179,0,2737.0,43.0,535.0
CVE-2021-21351,com.thoughtworks.xstream:xstream,io.quarkus:quarkus-junit5,quarkusio/quarkus,https://github.com/quarkusio/quarkus/commit/2e61de4423803616d2a17ec25ac398b754005fd1,2021-03-15 22:06:04,4,Transparent,T1,T1,False,Medium,6.5,CWE-502;CWE-434,2021-01-05 22:45:58,2021-01-06 14:28:50,2021-03-13 00:22:38,2021-03-22,68.97229166666666,68.31752314814815,2.9051620370370372,-6.0791203703703705,Release->Disclosure,2021,179,0,1063.0,31.0,535.0
CVE-2021-21351,com.thoughtworks.xstream:xstream,com.swiftmq:swiftmq-client,iitsoftware/swiftmq-client,https://github.com/iitsoftware/swiftmq-client/commit/10eb973b3cfc9c5afa58868326306efcf2b82413,2021-03-22 23:52:39,4,Transparent,T1,T1,False,Medium,6.5,CWE-502;CWE-434,2021-01-05 22:45:58,2021-01-06 14:28:50,2021-03-13 00:22:38,2021-03-22,76.04630787037037,75.39153935185185,9.97917824074074,0.9948958333333333,After Disclosure,2021,179,0,149380.0,1984.0,535.0
CVE-2021-21351,com.thoughtworks.xstream:xstream,com.thankjava.toolkit3d:fast-toolkit3d,lazy-koala/java-toolkit,https://github.com/lazy-koala/java-toolkit/commit/16d615c76b02bc1b470e1adfe1ef8e2894e196e4,2021-03-22 23:46:33,5,Transparent,T1,T1,False,Medium,6.5,CWE-502;CWE-434,2021-01-05 22:45:58,2021-01-06 14:28:50,2021-03-13 00:22:38,2021-03-22,76.04207175925926,75.38730324074074,9.97494212962963,0.9906597222222222,After Disclosure,2021,179,0,3457.0,53.0,535.0
CVE-2021-21351,com.thoughtworks.xstream:xstream,org.wicketstuff:jqplot4java,wicketstuff/core,https://github.com/wicketstuff/core/commit/8e386bd8dd2411f31c66bd45717f32fb40f9ad75,2021-03-23 06:56:31,4,Transparent,T1,T1,False,Medium,6.5,CWE-502;CWE-434,2021-01-05 22:45:58,2021-01-06 14:28:50,2021-03-13 00:22:38,2021-03-22,76.34065972222223,75.6858912037037,10.273530092592592,1.2892476851851853,After Disclosure,2021,179,0,6072.0,85.0,535.0
CVE-2021-21351,com.thoughtworks.xstream:xstream,com.xceptance:xlt,Xceptance/XLT,https://github.com/Xceptance/XLT/commit/c11b5e4a66dad8b821f68be09d1cf4de90630753,2021-06-02 12:44:03,5,Transparent,T1,T1,False,Medium,6.5,CWE-502;CWE-434,2021-01-05 22:45:58,2021-01-06 14:28:50,2021-03-13 00:22:38,2021-03-22,147.58200231481482,146.9272337962963,81.51487268518518,72.53059027777778,After Disclosure,2021,179,0,146667.0,2303.0,535.0
CVE-2021-21351,com.thoughtworks.xstream:xstream,de.alpharogroup:email-tails,lightblueseas/email-tails,https://github.com/lightblueseas/email-tails/commit/997627a510bf8c40e6f2e0f799827ba5c7180a44,2022-02-28 14:46:26,14,Transparent,T1,T1,False,Medium,6.5,CWE-502;CWE-434,2021-01-05 22:45:58,2021-01-06 14:28:50,2021-03-13 00:22:38,2021-03-22,418.66699074074074,418.01222222222225,352.5998611111111,343.6155787037037,After Disclosure,2021,179,0,1002.0,12.0,535.0
CVE-2021-21351,com.thoughtworks.xstream:xstream,com.github.spotbugs:sonar-findbugs-plugin,spotbugs/sonar-findbugs,https://github.com/spotbugs/sonar-findbugs/commit/046b7c1ba7d0411c201f4fad61145950614e093a,2021-05-19 04:10:58,4,Transparent,T1,T1,False,Medium,6.5,CWE-502;CWE-434,2021-01-05 22:45:58,2021-01-06 14:28:50,2021-03-13 00:22:38,2021-03-22,133.22569444444446,132.57092592592593,67.15856481481481,58.17428240740741,After Disclosure,2021,179,0,13133.0,191.0,535.0
CVE-2021-21351,com.thoughtworks.xstream:xstream,com.btc-ag.redg:redg-generator,btc-ag/redg,https://github.com/btc-ag/redg/commit/c47593c9b555254a369d2f5dc2d6fcfc21be7d3d,2021-06-06 14:20:45,5,Transparent,T1,T1,False,Medium,6.5,CWE-502;CWE-434,2021-01-05 22:45:58,2021-01-06 14:28:50,2021-03-13 00:22:38,2021-03-22,151.6491550925926,150.99438657407407,85.58202546296296,76.59774305555555,After Disclosure,2021,179,0,1890.0,43.0,535.0
CVE-2021-21351,com.thoughtworks.xstream:xstream,org.powertac:common,powertac/powertac-core,https://github.com/powertac/powertac-core/commit/182d71556780cd823d9247b747e35df336090698,2021-03-22 23:48:47,4,Transparent,T1,T1,False,Medium,6.5,CWE-502;CWE-434,2021-01-05 22:45:58,2021-01-06 14:28:50,2021-03-13 00:22:38,2021-03-22,76.04362268518518,75.38885416666666,9.976493055555556,0.9922106481481482,After Disclosure,2021,179,0,8040.0,110.0,535.0
CVE-2021-21351,com.thoughtworks.xstream:xstream,net.ripe.rpki:rpki-commons,RIPE-NCC/rpki-commons,https://github.com/RIPE-NCC/rpki-commons/commit/7a2a808255688e09b67641e17abaa26a9ea163be,2021-03-22 23:46:26,4,Transparent,T1,T1,False,Medium,6.5,CWE-502;CWE-434,2021-01-05 22:45:58,2021-01-06 14:28:50,2021-03-13 00:22:38,2021-03-22,76.04199074074074,75.38722222222222,9.97486111111111,0.9905787037037037,After Disclosure,2021,179,0,11426.0,225.0,535.0
CVE-2021-21351,com.thoughtworks.xstream:xstream,org.javalite:javalite-async,javalite/activejdbc,https://github.com/javalite/activejdbc/commit/9d6517b4d1ba17fb6571c4abd369795fca7287ce,2021-04-20 21:36:46,5,Transparent,T1,T1,False,Medium,6.5,CWE-502;CWE-434,2021-01-05 22:45:58,2021-01-06 14:28:50,2021-03-13 00:22:38,2021-03-22,104.95194444444445,104.29717592592593,38.88481481481482,29.900532407407407,After Disclosure,2021,179,0,1147.0,13.0,535.0
CVE-2021-21351,com.thoughtworks.xstream:xstream,de.digitalcollections.model:dc-model-xml,dbmdz/digitalcollections-model,https://github.com/dbmdz/digitalcollections-model/commit/1488ea1216365fdaffee9fce6904933c5d3d109c,2021-02-16 16:44:35,4,Transparent,T1,T1,False,Medium,6.5,CWE-502;CWE-434,2021-01-05 22:45:58,2021-01-06 14:28:50,2021-03-13 00:22:38,2021-03-22,41.74903935185185,41.09427083333333,-24.318090277777777,-33.30237268518518,Fix->Release,2021,179,0,209.0,5.0,535.0
CVE-2021-21351,com.thoughtworks.xstream:xstream,ro.pippo:pippo-xstream,pippo-java/pippo,https://github.com/pippo-java/pippo/commit/58397c14e558073bc4f934d0a84685d8e9f39ac7,2021-05-19 09:02:02,5,Transparent,T1,T1,False,Medium,6.5,CWE-502;CWE-434,2021-01-05 22:45:58,2021-01-06 14:28:50,2021-03-13 00:22:38,2021-03-22,133.42782407407407,132.77305555555554,67.36069444444445,58.376412037037035,After Disclosure,2021,179,0,47.0,2.0,535.0
CVE-2021-21351,com.thoughtworks.xstream:xstream,org.infinispan:infinispan-server-core,infinispan/infinispan,https://github.com/infinispan/infinispan/commit/172f2d3831fefcb1a018bd4090232f74c59a44dd,2021-03-18 07:16:58,4,Transparent,T1,T1,False,Medium,6.5,CWE-502;CWE-434,2021-01-05 22:45:58,2021-01-06 14:28:50,2021-03-13 00:22:38,2021-03-22,71.3548611111111,70.7000925925926,5.287731481481481,-3.696550925925926,Release->Disclosure,2021,179,0,4452.0,97.0,535.0
CVE-2021-21351,com.thoughtworks.xstream:xstream,org.kie.kogito:drools-compiler,kiegroup/kogito-runtimes,https://github.com/kiegroup/kogito-runtimes/commit/be534eb1bf87d95083fc9caa90b680b40f42c749,2021-05-15 06:57:43,13,Transparent,T1,T1,False,Medium,6.5,CWE-502;CWE-434,2021-01-05 22:45:58,2021-01-06 14:28:50,2021-03-13 00:22:38,2021-03-22,129.34149305555556,128.68672453703704,63.27436342592593,54.29008101851852,After Disclosure,2021,179,0,97108.0,770.0,535.0
CVE-2013-2055,org.apache.wicket:wicket-core,org.wicketstuff:wicketstuff-portlet,wicketstuff/core,https://github.com/wicketstuff/core/commit/e6bdc2b97dfd8e902a63dc05f375451573fb5282,2014-09-23 18:37:09,3,Silent,S1,S1,False,Medium,5.0,,,2013-05-13 12:46:47,2013-05-17 19:44:57,2014-02-10,,498.2433101851852,493.9529166666667,225.7757986111111,After Disclosure,2014,14,0,1931.5,18.0,130.0
CVE-2013-2055,org.apache.wicket:wicket-core,com.googlecode.wicked-charts:wicked-charts-wicket6,thombergs/wicked-charts,https://github.com/thombergs/wicked-charts/commit/ba0ad5bad4dddbd8a56a77acd4e260f4e646ab4d,2013-11-24 20:25:14,1,Silent,S1,S1,False,Medium,5.0,,,2013-05-13 12:46:47,2013-05-17 19:44:57,2014-02-10,,195.31836805555557,191.02797453703704,-77.14914351851851,Release->Disclosure,2014,14,0,993.0,23.0,130.0
CVE-2020-13936,org.apache.velocity:velocity-engine-core,cn.hutool:hutool-extra,dromara/hutool,https://github.com/dromara/hutool/commit/7aadf761c0cb06613a9671243256b6df37755cdc,2021-03-12 16:16:05,1,Transparent,T1,T1,False,Critical,9.0,,2020-08-05 18:59:31,2021-02-25 19:56:37,2021-02-27 12:52:57,2021-03-10,218.88650462962963,14.846851851851852,13.141064814814815,2.677835648148148,After Disclosure,2021,84,0,6416.0,123.0,209.0
CVE-2020-13936,org.apache.velocity:velocity-engine-core,org.fastquery:fastquery,xixifeng/fastquery,https://github.com/xixifeng/fastquery/commit/7da437353fc740726ed19c999e7d3a11271ab995,2021-04-02 03:26:20,1,Transparent,T1,T1,False,Critical,9.0,,2020-08-05 18:59:31,2021-02-25 19:56:37,2021-02-27 12:52:57,2021-03-10,239.3519560185185,35.31230324074074,33.606516203703706,23.143287037037037,After Disclosure,2021,84,0,7263.0,132.0,209.0
CVE-2020-13936,org.apache.velocity:velocity-engine-core,org.owasp:dependency-check-core,jeremylong/DependencyCheck,https://github.com/jeremylong/DependencyCheck/commit/a730eea00eceb7bebff3aad6af64602ad5fde10d,2021-03-08 05:42:31,1,Transparent,T1,T1,False,Critical,9.0,,2020-08-05 18:59:31,2021-02-25 19:56:37,2021-02-27 12:52:57,2021-03-10,214.4465277777778,10.406875,8.701087962962964,-1.7621412037037036,Release->Disclosure,2021,84,0,20066.0,227.5,209.0
CVE-2020-13936,org.apache.velocity:velocity-engine-core,org.dspace:dspace-api,DSpace/DSpace,https://github.com/DSpace/DSpace/commit/6f78c0b8ba43184aab1166812b97466777e02def,2022-03-24 16:58:14,1,Transparent,T1,T1,False,Critical,9.0,,2020-08-05 18:59:31,2021-02-25 19:56:37,2021-02-27 12:52:57,2021-03-10,595.915775462963,391.8761226851852,390.1703356481481,379.7071064814815,After Disclosure,2021,84,0,96065.0,1092.0,209.0
CVE-2020-13936,org.apache.velocity:velocity-engine-core,de.uni-mannheim.informatik.dws.melt:matching-eval,dwslab/melt,https://github.com/dwslab/melt/commit/84cf87cc3f1f8151e76e7ee2ad5fb33d06e50dee,2021-08-24 15:44:57,1,Transparent,T1,T1,False,Critical,9.0,,2020-08-05 18:59:31,2021-02-25 19:56:37,2021-02-27 12:52:57,2021-03-10,383.86488425925927,179.8252314814815,178.11944444444444,167.6562152777778,After Disclosure,2021,84,0,7148.0,94.0,209.0
CVE-2020-13936,org.apache.velocity:velocity-engine-core,org.noear:solon.view.velocity,noear/solon,https://github.com/noear/solon/commit/aea579a9d3f965e904252b38e3d916b9dbf6020c,2021-10-04 07:59:40,1,Transparent,T1,T1,False,Critical,9.0,,2020-08-05 18:59:31,2021-02-25 19:56:37,2021-02-27 12:52:57,2021-03-10,424.5417708333333,220.50211805555554,218.79633101851852,208.33310185185186,After Disclosure,2021,84,0,197.0,3.0,209.0
CVE-2020-13936,org.apache.velocity:velocity-engine-core,org.mock-server:mockserver-core,jamesdbloom/mockservice,https://github.com/jamesdbloom/mockservice/commit/574057f81c6b0bb6b68e1aaf967715d0e2c95a57,2022-01-15 02:39:03,1,Transparent,T1,T1,False,Critical,9.0,,2020-08-05 18:59:31,2021-02-25 19:56:37,2021-02-27 12:52:57,2021-03-10,527.3191203703703,323.2794675925926,321.57368055555554,311.11045138888886,After Disclosure,2021,84,0,4500.0,106.0,209.0
CVE-2020-13936,org.apache.velocity:velocity-engine-core,org.jboss.ws.cxf:jbossws-cxf-client,jbossws/jbossws-cxf,https://github.com/jbossws/jbossws-cxf/commit/a772e8548eeaa87b86de4589491d3f18f11f8512,2021-03-23 04:30:29,1,Transparent,T1,T1,False,Critical,9.0,,2020-08-05 18:59:31,2021-02-25 19:56:37,2021-02-27 12:52:57,2021-03-10,229.39650462962962,25.35685185185185,23.651064814814816,13.187835648148148,After Disclosure,2021,84,0,4454.0,90.0,209.0
CVE-2020-13936,org.apache.velocity:velocity-engine-core,org.mybatis.scripting:mybatis-velocity,mybatis/velocity-scripting,https://github.com/mybatis/velocity-scripting/commit/f162ca83915aa0a3cf1adea02de4e331d593d22c,2021-03-08 05:47:39,1,Transparent,T1,T1,False,Critical,9.0,,2020-08-05 18:59:31,2021-02-25 19:56:37,2021-02-27 12:52:57,2021-03-10,214.4500925925926,10.410439814814815,8.704652777777778,-1.7585763888888888,Release->Disclosure,2021,84,0,1036.0,17.0,209.0
CVE-2020-13936,org.apache.velocity:velocity-engine-core,de.gsi:microservice,GSI-CS-CO/chart-fx,https://github.com/GSI-CS-CO/chart-fx/commit/b32310623da144514383e8bc96d26a995f5f1389,2022-07-20 08:48:43,1,Transparent,T1,T1,False,Critical,9.0,,2020-08-05 18:59:31,2021-02-25 19:56:37,2021-02-27 12:52:57,2021-03-10,713.5758333333333,509.5361805555556,507.8303935185185,497.36716435185184,After Disclosure,2021,84,0,7761.0,43.0,209.0
CVE-2020-13936,org.apache.velocity:velocity-engine-core,com.github.piotrkot.takes:takes,yegor256/takes,https://github.com/yegor256/takes/commit/f772e5cf06c1325a2a45f71da2ba3901fba6bbcf,2022-07-11 14:00:10,1,Transparent,T1,T1,False,Critical,9.0,,2020-08-05 18:59:31,2021-02-25 19:56:37,2021-02-27 12:52:57,2021-03-10,704.7921180555555,500.7524652777778,499.04667824074073,488.58344907407405,After Disclosure,2021,84,0,14951.0,381.0,209.0
CVE-2020-13936,org.apache.velocity:velocity-engine-core,org.apache.avro:avro-compiler,apache/avro,https://github.com/apache/avro/commit/8824d6577368cf29b867efcd331151259c24e7b0,2021-03-09 16:52:22,1,Transparent,T1,T1,False,Critical,9.0,,2020-08-05 18:59:31,2021-02-25 19:56:37,2021-02-27 12:52:57,2021-03-10,215.9117013888889,11.872048611111111,10.166261574074074,-0.2969675925925926,Release->Disclosure,2021,84,0,6113.0,31.0,209.0
CVE-2020-13936,org.apache.velocity:velocity-engine-core,org.odftoolkit:schema2template,tdf/odftoolkit,https://github.com/tdf/odftoolkit/commit/55f32e99d903e185fbd39fb5bfc58815393d378d,2021-07-01 05:47:29,1,Transparent,T1,T1,False,Critical,9.0,,2020-08-05 18:59:31,2021-02-25 19:56:37,2021-02-27 12:52:57,2021-03-10,329.44997685185183,125.41032407407407,123.70453703703704,113.24130787037036,After Disclosure,2021,84,0,2661.0,27.0,209.0
CVE-2020-13936,org.apache.velocity:velocity-engine-core,global.namespace.truelicense:truelicense-maven-plugin,christian-schlichtherle/truelicense,https://github.com/christian-schlichtherle/truelicense/commit/427164ca558f52f60cd9c1d2b9896ff781f027ad,2021-05-08 16:11:55,1,Transparent,T1,T1,False,Critical,9.0,,2020-08-05 18:59:31,2021-02-25 19:56:37,2021-02-27 12:52:57,2021-03-10,275.8836111111111,71.84395833333333,70.13817129629629,59.67494212962963,After Disclosure,2021,84,0,2137.0,39.0,209.0
CVE-2019-11272,org.springframework.security:spring-security-core,org.appng:appng-core,appNG/appng,https://github.com/appNG/appng/commit/fd09821a699ada97b6fcd798bcef7a9343437ac3,2019-07-30 12:37:30,2,Transparent,T1,T1,False,High,7.5,CWE-522,2019-06-19 17:48:44,2019-06-19 12:48:55,2019-06-19 18:35:00,2019-06-26,40.783865740740744,40.99207175925926,40.751736111111114,34.526041666666664,After Disclosure,2019,63,0,19802.0,231.0,3259.0
CVE-2019-11272,org.springframework.security:spring-security-core,at.researchstudio.sat:won-owner,researchstudio-sat/webofneeds,https://github.com/researchstudio-sat/webofneeds/commit/65e0d534d27e69f7682e64131737008919d3c7a9,2019-11-27 07:24:58,2,Transparent,T1,T1,False,High,7.5,CWE-522,2019-06-19 17:48:44,2019-06-19 12:48:55,2019-06-19 18:35:00,2019-06-26,160.5668287037037,160.77503472222222,160.53469907407407,154.30900462962964,After Disclosure,2019,63,0,2293.0,42.0,3259.0
CVE-2019-11272,org.springframework.security:spring-security-core,org.openl:org.openl.commons.web,openl-tablets/openl-tablets,https://github.com/openl-tablets/openl-tablets/commit/470d79f51b65c088dafb0132200ed6d50eaf65dd,2019-06-26 21:06:05,2,Transparent,T1,T1,False,High,7.5,CWE-522,2019-06-19 17:48:44,2019-06-19 12:48:55,2019-06-19 18:35:00,2019-06-26,7.137048611111111,7.34525462962963,7.1049189814814815,0.8792245370370371,After Disclosure,2019,63,0,593.0,8.0,3259.0
CVE-2019-11272,org.springframework.security:spring-security-core,io.syndesis.server:server-endpoint,syndesisio/syndesis,https://github.com/syndesisio/syndesis/commit/4a9d9e731c0ca39903a762daccd7c06f0eea2e70,2019-07-03 14:20:41,1,Transparent,T1,T1,False,High,7.5,CWE-522,2019-06-19 17:48:44,2019-06-19 12:48:55,2019-06-19 18:35:00,2019-06-26,13.855520833333333,14.063726851851852,13.823391203703704,7.597696759259259,After Disclosure,2019,63,0,6098.0,133.0,3259.0
CVE-2019-11272,org.springframework.security:spring-security-core,com.kerb4j:kerb4j-server-spring-security,bedrin/kerb4j,https://github.com/bedrin/kerb4j/commit/4c7af0766714330e13f78bab68895a68f7f0ab4d,2020-09-02 22:29:53,3,Transparent,T1,T1,False,High,7.5,CWE-522,2019-06-19 17:48:44,2019-06-19 12:48:55,2019-06-19 18:35:00,2019-06-26,441.1952430555556,441.40344907407405,441.1631134259259,434.93741898148147,After Disclosure,2019,63,0,644.0,12.0,3259.0
CVE-2020-2933,mysql:mysql-connector-java,org.duracloud.snapshot:snapshot-service-impl,duracloud/snapshot,https://github.com/duracloud/snapshot/commit/b871f3f371239112788c4889613e7e819c5607a1,2020-12-14 17:40:57,4,Silent,S2,S2,False,Low,3.5,,,2020-04-09 00:44:02,2020-04-20 04:52:28,2020-04-15,,249.70619212962964,238.53366898148147,243.73677083333334,After Release,2020,138,0,2276762.0,29762.0,393.0
CVE-2020-2933,mysql:mysql-connector-java,org.duracloud.db:account-management-db-repo,duracloud/duracloud-db,https://github.com/duracloud/duracloud-db/commit/eaa4a85914f77080163c2f2083ad72ac5545a958,2020-08-24 13:38:26,4,Silent,S2,S2,False,Low,3.5,,,2020-04-09 00:44:02,2020-04-20 04:52:28,2020-04-15,,137.5377777777778,126.36525462962963,131.5683564814815,After Release,2020,138,0,346.0,13.0,393.0
CVE-2020-2933,mysql:mysql-connector-java,org.appng:appng-scheduler,appNG/appng-scheduler,https://github.com/appNG/appng-scheduler/commit/7542fd6cd3fc6ba804442d854528e0e58e4c53b5,2021-09-23 14:29:25,1,Silent,S2,S2,False,Low,3.5,,,2020-04-09 00:44:02,2020-04-20 04:52:28,2020-04-15,,532.5731828703704,521.4006597222223,526.603761574074,After Release,2020,138,0,1166.0,20.0,393.0
CVE-2020-2933,mysql:mysql-connector-java,org.rapidoid:rapidoid-quick,rapidoid/rapidoid,https://github.com/rapidoid/rapidoid/commit/5862f394c06ee97c211d906e4804e4a386e88187,2020-08-08 20:15:57,3,Silent,S2,S2,False,Low,3.5,,,2020-04-09 00:44:02,2020-04-20 04:52:28,2020-04-15,,121.81383101851851,110.64130787037037,115.84440972222222,After Release,2020,138,0,0.0,0.0,393.0
CVE-2020-2933,mysql:mysql-connector-java,com.thankjava.toolkit3d:fast-toolkit3d,lazy-koala/java-toolkit,https://github.com/lazy-koala/java-toolkit/commit/0d1dffed46d628e73496e77f349edbf3334af1b5,2020-07-06 02:40:13,1,Silent,S2,S2,False,Low,3.5,,,2020-04-09 00:44:02,2020-04-20 04:52:28,2020-04-15,,88.08068287037037,76.90815972222222,82.11126157407408,After Release,2020,138,0,3457.0,53.0,393.0
CVE-2020-13933,org.apache.shiro:shiro-web,io.buji:buji-pac4j,bujiio/buji-pac4j,https://github.com/bujiio/buji-pac4j/commit/fd7429be8f8e9908483edfe9d916bab59ca04b27,2020-08-19 07:08:08,1,Transparent,T1,T1,False,Medium,5.0,,2020-05-05 14:31:27,2020-05-05 17:04:12,2020-08-11 16:02:15,2020-08-17,105.6921412037037,105.58606481481482,7.629085648148148,2.297314814814815,After Disclosure,2020,51,0,423.0,9.0,2737.0
CVE-2020-13933,org.apache.shiro:shiro-web,net.cofcool.chaos:chaos-server-security-shiro,cofcool/chaos-server,https://github.com/cofcool/chaos-server/commit/c96d06cfc2707e3dbe06500e8b6025815d51eccd,2020-08-26 01:44:00,1,Transparent,T1,T1,False,Medium,5.0,,2020-05-05 14:31:27,2020-05-05 17:04:12,2020-08-11 16:02:15,2020-08-17,112.46704861111111,112.36097222222222,14.403993055555556,9.072222222222223,After Disclosure,2020,51,0,615.0,12.0,2737.0
CVE-2020-13933,org.apache.shiro:shiro-web,com.flowlogix:flowlogix-jee,flowlogix/flowlogix,https://github.com/flowlogix/flowlogix/commit/042dd1ebfe740813262787e7e8eb0851d2d680c4,2020-09-23 18:43:49,3,Transparent,T1,T1,False,Medium,5.0,,2020-05-05 14:31:27,2020-05-05 17:04:12,2020-08-11 16:02:15,2020-08-17,141.17525462962962,141.06917824074074,43.11219907407408,37.78042824074074,After Disclosure,2020,51,0,1718.5,38.0,2737.0
CVE-2020-13933,org.apache.shiro:shiro-web,com.lambkit:lambkit,gismaker/lambkit,https://github.com/gismaker/lambkit/commit/8df320055d00082e3db99eec03fc51b73eb5ab7e,2022-01-19 01:04:24,2,Transparent,T1,T1,False,Medium,5.0,,2020-05-05 14:31:27,2020-05-05 17:04:12,2020-08-11 16:02:15,2020-08-17,623.4395486111111,623.3334722222222,525.3764930555556,520.0447222222223,After Disclosure,2020,51,0,79709.0,873.0,2737.0
CVE-2020-13933,org.apache.shiro:shiro-web,com.github.mizool:mizool-core,mizool/mizool,https://github.com/mizool/mizool/commit/41edf769f64c8e14d1e071d6fc8e9c03d065c787,2021-04-26 11:41:42,2,Transparent,T1,T1,False,Medium,5.0,,2020-05-05 14:31:27,2020-05-05 17:04:12,2020-08-11 16:02:15,2020-08-17,355.88211805555557,355.7760416666667,257.8190625,252.48729166666666,After Disclosure,2020,51,0,1644.0,63.0,2737.0
CVE-2020-13933,org.apache.shiro:shiro-web,com.github.waffle:waffle-shiro,Waffle/waffle,https://github.com/Waffle/waffle/commit/8bc7ac1360fda26b6c37d4399945ea949ae9185c,2020-08-18 05:22:05,1,Transparent,T1,T1,False,Medium,5.0,,2020-05-05 14:31:27,2020-05-05 17:04:12,2020-08-11 16:02:15,2020-08-17,104.61849537037037,104.51241898148149,6.5554398148148145,1.2236689814814814,After Disclosure,2020,51,0,618.0,12.0,2737.0
CVE-2020-13933,org.apache.shiro:shiro-web,com.ruijc:spring-boot-starter-shiro,storezhang/utils,https://github.com/storezhang/utils/commit/6df231d8e639b45c4ff11585a2f0d9c704d068a8,2021-09-20 20:29:33,2,Transparent,T1,T1,False,Medium,5.0,,2020-05-05 14:31:27,2020-05-05 17:04:12,2020-08-11 16:02:15,2020-08-17,503.24868055555555,503.1426041666667,405.185625,399.8538541666667,After Disclosure,2020,51,0,1108.0,18.0,2737.0
CVE-2020-13933,org.apache.shiro:shiro-web,io.jboot:jboot,yangfuhai/jboot,https://github.com/yangfuhai/jboot/commit/ad4fb812ff51318f5ab1bd927434c5f871a48b9d,2021-03-04 13:01:08,3,Transparent,T1,T1,False,Medium,5.0,,2020-05-05 14:31:27,2020-05-05 17:04:12,2020-08-11 16:02:15,2020-08-17,302.9372800925926,302.8312037037037,204.87422453703704,199.5424537037037,After Disclosure,2020,51,0,38902.0,651.0,2737.0
CVE-2017-14063,org.asynchttpclient:async-http-client,com.arpnetworking.metrics:metrics-cluster-aggregator,arpnetworking/metrics-cluster-aggregator,https://github.com/arpnetworking/metrics-cluster-aggregator/commit/40a289b9b09414ef7afbda88797d069b94be03ac,2021-01-21 21:10:11,1,Transparent,T1,T1,False,Medium,5.0,CWE-20,2017-08-28 08:43:49,2017-08-28 10:51:37,2017-08-28 11:36:39,2017-08-31,1242.518310185185,1242.4295601851852,1242.398287037037,1239.8820717592594,After Disclosure,2017,32,0,21216.0,390.0,3576.0
CVE-2017-14063,org.asynchttpclient:async-http-client,com.mingweisamuel.zyra:zyra,MingweiSamuel/Zyra,https://github.com/MingweiSamuel/Zyra/commit/988f0991740d157cd9e93fca710e8296e5452bbb,2019-06-14 03:14:14,1,Transparent,T1,T1,False,Medium,5.0,CWE-20,2017-08-28 08:43:49,2017-08-28 10:51:37,2017-08-28 11:36:39,2017-08-31,654.7711226851852,654.6823726851852,654.651099537037,652.1348842592593,After Disclosure,2017,32,0,8766.0,151.0,3576.0
CVE-2018-1335,org.apache.tika:tika-core,org.orienteer:orienteer-core,OrienteerBAP/Orienteer,https://github.com/OrienteerBAP/Orienteer/commit/27fed93dab3afeeefa0c18b3318b256e96ee4b00,2018-10-27 19:58:42,1,Silent,S1,S1,False,Critical,9.3,,,2018-04-16 15:37:46,2018-04-16 20:53:18,2018-04-25,,194.18120370370372,193.96208333333334,185.83243055555556,After Disclosure,2018,31,0,27796.0,733.0,565.0
CVE-2018-1335,org.apache.tika:tika-core,com.blossom-project:blossom-core-common,blossom-project/blossom,https://github.com/blossom-project/blossom/commit/871c86dc1539d67755f286874f4c838fd614a662,2018-10-18 12:53:03,1,Silent,S1,S1,False,Critical,9.3,,,2018-04-16 15:37:46,2018-04-16 20:53:18,2018-04-25,,184.88561342592592,184.66649305555555,176.53684027777777,After Disclosure,2018,31,0,4141.0,121.0,565.0
CVE-2018-1335,org.apache.tika:tika-core,org.restheart:restheart,SoftInstigate/restheart,https://github.com/SoftInstigate/restheart/commit/1e22ed1dcab1ad89799ced51d8b4af4176e4c52c,2018-05-10 16:51:01,1,Silent,S1,S1,False,Critical,9.3,,,2018-04-16 15:37:46,2018-04-16 20:53:18,2018-04-25,,24.050868055555554,23.831747685185185,15.702094907407407,After Disclosure,2018,31,0,17819.0,229.0,565.0
CVE-2018-1335,org.apache.tika:tika-core,org.apache.any23:apache-any23-core,apache/any23,https://github.com/apache/any23/commit/6b76f3466da0916dc7f61b8136133b55e0400ffa,2018-07-02 23:24:38,3,Silent,S1,S1,False,Critical,9.3,,,2018-04-16 15:37:46,2018-04-16 20:53:18,2018-04-25,,77.32421296296296,77.1050925925926,68.97543981481482,After Disclosure,2018,31,0,16195.0,266.0,565.0
CVE-2018-1335,org.apache.tika:tika-core,com.aquaticinformatics:aquarius.sdk,AquaticInformatics/aquarius-sdk-java,https://github.com/AquaticInformatics/aquarius-sdk-java/commit/926f541122585734c7d91b6a09b858021ec2f0a9,2018-12-24 22:19:02,1,Silent,S1,S1,False,Critical,9.3,,,2018-04-16 15:37:46,2018-04-16 20:53:18,2018-04-25,,252.2786574074074,252.05953703703705,243.92988425925927,After Disclosure,2018,31,0,40730.0,811.0,565.0
CVE-2021-31684,net.minidev:json-smart,org.btrplace:scheduler-json,btrplace/scheduler,https://github.com/btrplace/scheduler/commit/d16f55c6545f6bb57c52fa55790a3331e4bf7978,2021-04-26 06:46:45,1,Transparent,T1,T1,False,Medium,5.0,CWE-787,2021-04-16 03:23:55,2021-04-17 18:52:59,2021-04-19 21:41:40,2021-06-01,10.140856481481482,8.495671296296296,6.378530092592593,-35.717534722222226,Release->Disclosure,2021,68,0,2701.0,53.0,101.0
CVE-2021-31684,net.minidev:json-smart,com.pinterest:secor,pinterest/secor,https://github.com/pinterest/secor/commit/d38701c7f5973b64933eb7f60c8e7b0464dceedf,2021-04-27 22:45:31,1,Transparent,T1,T1,False,Medium,5.0,CWE-787,2021-04-16 03:23:55,2021-04-17 18:52:59,2021-04-19 21:41:40,2021-06-01,11.806666666666667,10.16148148148148,8.044340277777778,-34.05172453703704,Release->Disclosure,2021,68,0,6909.0,127.0,101.0
CVE-2021-31684,net.minidev:json-smart,io.github.shiruka:api,shiruka/api,https://github.com/shiruka/api/commit/33de9168c7221b8dee553a6bca6fe3ae019bb194,2021-04-20 12:05:52,1,Transparent,T1,T1,False,Medium,5.0,CWE-787,2021-04-16 03:23:55,2021-04-17 18:52:59,2021-04-19 21:41:40,2021-06-01,4.362465277777778,2.7172800925925924,0.6001388888888889,-41.495925925925924,Release->Disclosure,2021,68,0,7897.0,182.0,101.0
CVE-2021-22118,org.springframework:spring-web,com.github.chhorz:oas-generator-spring-web,chhorz/oas-generator,https://github.com/chhorz/oas-generator/commit/76c0fb512d5f6069ee9a5cb269af6e89aa8834a4,2021-05-17 05:01:04,1,Transparent,T1,T1,False,Medium,4.6,CWE-668,2021-05-11 16:04:48,2021-05-11 21:12:50,2021-05-12 05:38:51,2021-05-27,5.539074074074074,5.325162037037037,4.973761574074074,-9.790925925925926,Release->Disclosure,2021,78,0,900.0,13.0,
CVE-2021-22118,org.springframework:spring-web,com.consol.citrus:citrus-http,citrusframework/citrus,https://github.com/citrusframework/citrus/commit/5f1cded8753e2e506423856e99a4e34569c538cb,2022-01-10 16:10:50,2,Transparent,T1,T1,False,Medium,4.6,CWE-668,2021-05-11 16:04:48,2021-05-11 21:12:50,2021-05-12 05:38:51,2021-05-27,244.00418981481482,243.7902777777778,243.43887731481482,228.6741898148148,After Disclosure,2021,78,0,4163.5,61.0,
CVE-2021-22118,org.springframework:spring-web,ca.uhn.hapi.fhir:hapi-fhir-cli-api,hapifhir/hapi-fhir,https://github.com/hapifhir/hapi-fhir/commit/786112284b0af22d67498a1417240f30a11306bb,2021-05-30 23:04:14,1,Transparent,T1,T1,False,Medium,4.6,CWE-668,2021-05-11 16:04:48,2021-05-11 21:12:50,2021-05-12 05:38:51,2021-05-27,19.291273148148147,19.07736111111111,18.72596064814815,3.9612731481481482,After Disclosure,2021,78,0,3387.0,32.0,
CVE-2021-22118,org.springframework:spring-web,com.rabbitmq:http-client,rabbitmq/hop,https://github.com/rabbitmq/hop/commit/c6dfbf60942c18c32e68398d1f2e54fde5889ee6,2021-05-17 07:25:16,1,Transparent,T1,T1,False,Medium,4.6,CWE-668,2021-05-11 16:04:48,2021-05-11 21:12:50,2021-05-12 05:38:51,2021-05-27,5.639212962962963,5.425300925925926,5.073900462962963,-9.690787037037037,Release->Disclosure,2021,78,0,5332.0,47.0,
CVE-2021-22118,org.springframework:spring-web,com.azure.spring:azure-spring-cloud-feature-management-web,Azure/azure-sdk-for-java,https://github.com/Azure/azure-sdk-for-java/commit/400f6401c84e426a8a428d18a5b5d47f5ab2baf7,2021-05-27 09:05:52,1,Transparent,T1,T1,False,Medium,4.6,CWE-668,2021-05-11 16:04:48,2021-05-11 21:12:50,2021-05-12 05:38:51,2021-05-27,15.709074074074074,15.495162037037037,15.143761574074073,0.37907407407407406,After Disclosure,2021,78,0,169.0,6.0,
CVE-2021-22118,org.springframework:spring-web,org.springframework.hateoas:spring-hateoas,spring-projects/spring-hateoas,https://github.com/spring-projects/spring-hateoas/commit/847d76d6e2b8b550e52d76ea00cfc42faa4e736a,2021-05-12 11:39:42,1,Transparent,T1,T1,False,Medium,4.6,CWE-668,2021-05-11 16:04:48,2021-05-11 21:12:50,2021-05-12 05:38:51,2021-05-27,0.8159027777777778,0.6019907407407408,0.25059027777777776,-14.514097222222222,Release->Disclosure,2021,78,0,9992.5,231.5,
CVE-2021-22118,org.springframework:spring-web,org.optaplanner:optaplanner-spring-boot-autoconfigure,kiegroup/optaplanner,https://github.com/kiegroup/optaplanner/commit/01c3257d935c3eb353bc5cc7ae472522b726d6b3,2022-04-01 09:45:49,1,Transparent,T1,T1,False,Medium,4.6,CWE-668,2021-05-11 16:04:48,2021-05-11 21:12:50,2021-05-12 05:38:51,2021-05-27,324.7368171296296,324.52290509259257,324.1715046296296,309.40681712962964,After Disclosure,2021,78,0,509.0,9.5,
CVE-2021-22118,org.springframework:spring-web,org.cometd:cometd-documentation,cometd/cometd,https://github.com/cometd/cometd/commit/74a25d36ee405f043efe90a42ce78f687d95d627,2021-05-17 08:08:42,1,Transparent,T1,T1,False,Medium,4.6,CWE-668,2021-05-11 16:04:48,2021-05-11 21:12:50,2021-05-12 05:38:51,2021-05-27,5.669375,5.455462962962963,5.1040625,-9.660625,Release->Disclosure,2021,78,0,1924.0,100.0,
CVE-2021-22118,org.springframework:spring-web,org.wildfly.clustering:wildfly-clustering-spring-session-core,wildfly-clustering/wildfly-clustering-spring-session,https://github.com/wildfly-clustering/wildfly-clustering-spring-session/commit/71e2b72c9ad564444cbddb4c98529374487673a5,2021-05-19 17:14:45,1,Transparent,T1,T1,False,Medium,4.6,CWE-668,2021-05-11 16:04:48,2021-05-11 21:12:50,2021-05-12 05:38:51,2021-05-27,8.04857638888889,7.834664351851852,7.483263888888889,-7.281423611111111,Release->Disclosure,2021,78,0,2726.0,60.0,
CVE-2021-22118,org.springframework:spring-web,org.tmurakam:spring-session-ext-mongo,tmurakam/spring-session-ext-mongo,https://github.com/tmurakam/spring-session-ext-mongo/commit/09c715105bc060431cdfacf24bacb490bccfd53b,2021-09-04 00:31:12,1,Transparent,T1,T1,False,Medium,4.6,CWE-668,2021-05-11 16:04:48,2021-05-11 21:12:50,2021-05-12 05:38:51,2021-05-27,115.35166666666667,115.13775462962963,114.78635416666667,100.02166666666666,After Disclosure,2021,78,0,249.0,4.0,
CVE-2021-22118,org.springframework:spring-web,org.togglz:togglz-spring-web,togglz/togglz,https://github.com/togglz/togglz/commit/92cd7b225a255d5bb2f193f8ab99eabad72f96fa,2021-05-18 13:49:51,1,Transparent,T1,T1,False,Medium,4.6,CWE-668,2021-05-11 16:04:48,2021-05-11 21:12:50,2021-05-12 05:38:51,2021-05-27,6.906284722222222,6.692372685185185,6.340972222222222,-8.423715277777777,Release->Disclosure,2021,78,0,145.0,4.5,
CVE-2020-5421,org.springframework:spring-web,at.researchstudio.sat:won-owner,researchstudio-sat/webofneeds,https://github.com/researchstudio-sat/webofneeds/commit/58ac70152da0abc2926cb9070c3452345acefeb1,2021-01-15 13:42:08,2,Silent,S1,S1,False,Low,3.6,,,2020-09-07 21:41:30,2020-09-15 13:46:35,2020-09-19,,129.66710648148148,121.99690972222223,118.57092592592592,After Disclosure,2020,97,0,2293.0,42.0,36477.0
CVE-2020-5421,org.springframework:spring-web,com.github.waffle:waffle-spring-security4,Waffle/waffle,https://github.com/Waffle/waffle/commit/3381ecc6db16490406cee228ca8f31857cc9a703,2020-11-24 23:44:10,1,Silent,S1,S1,False,Low,3.6,,,2020-09-07 21:41:30,2020-09-15 13:46:35,2020-09-19,,78.08518518518518,70.41498842592593,66.98900462962963,After Disclosure,2020,97,0,585.0,8.0,36477.0
CVE-2020-5421,org.springframework:spring-web,com.github.relucent:yyl-base-lib,Relucent/yyl-base-lib,https://github.com/Relucent/yyl-base-lib/commit/a7e40f2a3dc52ba606cfed5d9eecd33da4ba0b78,2022-02-07 03:36:58,1,Silent,S1,S1,False,Low,3.6,,,2020-09-07 21:41:30,2020-09-15 13:46:35,2020-09-19,,517.2468518518518,509.5766550925926,506.1506712962963,After Disclosure,2020,97,0,15217.0,254.0,36477.0
CVE-2020-5421,org.springframework:spring-web,com.baidu:jprotobuf-rpc-core-spring,Baidu-ecom/Jprotobuf-rpc-socket,https://github.com/Baidu-ecom/Jprotobuf-rpc-socket/commit/2fdc34ecf7fde3bf4ee948b85c633c182a838f17,2021-09-09 03:13:04,1,Silent,S1,S1,False,Low,3.6,,,2020-09-07 21:41:30,2020-09-15 13:46:35,2020-09-19,,366.23025462962966,358.5600578703704,355.1340740740741,After Disclosure,2020,97,0,278.0,6.0,36477.0
CVE-2016-2402,com.squareup.okhttp3:okhttp,com.telekom.m2m.cot:java-rest-client,cloud-of-things/cot-java-rest-sdk,https://github.com/cloud-of-things/cot-java-rest-sdk/commit/0e1c147426e4ae80af6a6d09066eca97a39493c8,2017-08-24 14:29:40,1,Transparent,T1,T1,False,Medium,4.3,CWE-295,2016-02-07 04:36:49,2016-02-07 11:21:22,2016-02-07 22:10:19,2017-01-30,564.4117013888889,564.1307638888889,563.6801041666666,206.60393518518518,After Disclosure,2017,23,0,2363.0,43.0,7885.0
CVE-2016-2402,com.squareup.okhttp3:okhttp,org.twitter4j:twitter4j-http2-support,yusuke/twitter4j,https://github.com/yusuke/twitter4j/commit/3a019411498ab77e4f3417024f72ae0f106dd489,2018-08-07 23:02:33,1,Transparent,T1,T1,False,Medium,4.3,CWE-295,2016-02-07 04:36:49,2016-02-07 11:21:22,2016-02-07 22:10:19,2017-01-30,912.7678703703704,912.4869328703704,912.0362731481481,554.9601041666666,After Disclosure,2017,23,0,320.0,6.0,7885.0
CVE-2016-2402,com.squareup.okhttp3:okhttp,org.sonarsource.orchestrator:sonar-orchestrator,SonarSource/orchestrator,https://github.com/SonarSource/orchestrator/commit/09efceb9693d35a7c5038fb0fd8ad1ed379fc983,2016-09-07 13:29:08,1,Transparent,T1,T1,False,Medium,4.3,CWE-295,2016-02-07 04:36:49,2016-02-07 11:21:22,2016-02-07 22:10:19,2017-01-30,213.36966435185184,213.08872685185185,212.63806712962963,-144.43810185185185,Release->Disclosure,2017,23,0,32489.0,347.0,7885.0
CVE-2016-2402,com.squareup.okhttp3:okhttp,com.squareup.keywhiz:keywhiz-testing,square/keywhiz,https://github.com/square/keywhiz/commit/5fb47e01138dd67c766b1e718defa4839dcb3e3c,2017-12-05 01:19:30,1,Transparent,T1,T1,False,Medium,4.3,CWE-295,2016-02-07 04:36:49,2016-02-07 11:21:22,2016-02-07 22:10:19,2017-01-30,666.8629745370371,666.582037037037,666.1313773148148,309.0552083333333,After Disclosure,2017,23,0,182.5,5.5,7885.0
CVE-2021-39141,com.thoughtworks.xstream:xstream,com.swiftmq:swiftmq-client,iitsoftware/swiftmq-client,https://github.com/iitsoftware/swiftmq-client/commit/9506bd2e6e1163342b52f8c5c99fb9b13c8d90fc,2021-08-25 15:41:07,9,Silent,S1,S1,False,Medium,6.0,CWE-502;CWE-434,,2021-05-26 19:43:09,2021-08-22 13:57:44,2021-08-23,,90.8319212962963,3.0717939814814814,2.6535532407407407,After Disclosure,2021,179,0,149380.0,1984.0,566.0
CVE-2021-39141,com.thoughtworks.xstream:xstream,com.sangupta:jerry-core,sangupta/jerry-core,https://github.com/sangupta/jerry-core/commit/380b8ce5df0ffb3edf334d129d58deb200802fee,2021-08-25 15:34:34,10,Silent,S1,S1,False,Medium,6.0,CWE-502;CWE-434,,2021-05-26 19:43:09,2021-08-22 13:57:44,2021-08-23,,90.82737268518518,3.06724537037037,2.6490046296296295,After Disclosure,2021,179,0,9933.0,108.0,566.0
CVE-2021-39141,com.thoughtworks.xstream:xstream,org.patterntesting:patterntesting-rt,oboehm/PatternTesting2,https://github.com/oboehm/PatternTesting2/commit/3c61a09701c9e09a8839936d5d432b6e1a913e2f,2021-12-19 14:18:47,6,Silent,S1,S1,False,Medium,6.0,CWE-502;CWE-434,,2021-05-26 19:43:09,2021-08-22 13:57:44,2021-08-23,,206.77474537037037,119.01461805555556,118.59637731481482,After Disclosure,2021,179,0,11982.0,199.0,566.0
CVE-2021-39141,com.thoughtworks.xstream:xstream,org.wicketstuff:wicketstuff-dashboard-core,wicketstuff/core,https://github.com/wicketstuff/core/commit/3fbd67082cf0ef7ec0114def59d07d496ded3a56,2021-08-25 15:46:01,9,Silent,S1,S1,False,Medium,6.0,CWE-502;CWE-434,,2021-05-26 19:43:09,2021-08-22 13:57:44,2021-08-23,,90.83532407407408,3.075196759259259,2.6569560185185184,After Disclosure,2021,179,0,1584.0,55.0,566.0
CVE-2021-39141,com.thoughtworks.xstream:xstream,no.mnemonic.messaging:requestsink-jms,mnemonic-no/messaging,https://github.com/mnemonic-no/messaging/commit/d8886c882334c967157a32be125fb0dc9b67f2d2,2021-09-09 08:47:56,9,Silent,S1,S1,False,Medium,6.0,CWE-502;CWE-434,,2021-05-26 19:43:09,2021-08-22 13:57:44,2021-08-23,,105.54498842592592,17.784861111111113,17.36662037037037,After Disclosure,2021,179,0,2679.0,37.0,566.0
CVE-2021-39141,com.thoughtworks.xstream:xstream,org.javalite:javalite-async,javalite/activejdbc,https://github.com/javalite/activejdbc/commit/df9a9dd065faf12a9a6279266dee5857cd4b5c81,2021-08-25 15:54:57,9,Silent,S1,S1,False,Medium,6.0,CWE-502;CWE-434,,2021-05-26 19:43:09,2021-08-22 13:57:44,2021-08-23,,90.84152777777778,3.081400462962963,2.6631597222222223,After Disclosure,2021,179,0,1147.0,13.0,566.0
CVE-2021-39141,com.thoughtworks.xstream:xstream,net.ripe.rpki:rpki-commons,RIPE-NCC/rpki-commons,https://github.com/RIPE-NCC/rpki-commons/commit/cb41248bb0e21780857596da401b9a891c6ee1b7,2021-08-26 11:52:31,9,Silent,S1,S1,False,Medium,6.0,CWE-502;CWE-434,,2021-05-26 19:43:09,2021-08-22 13:57:44,2021-08-23,,91.6731712962963,3.9130439814814815,3.494803240740741,After Disclosure,2021,179,0,11426.0,225.0,566.0
CVE-2021-39141,com.thoughtworks.xstream:xstream,de.alpharogroup:email-tails,lightblueseas/email-tails,https://github.com/lightblueseas/email-tails/commit/997627a510bf8c40e6f2e0f799827ba5c7180a44,2022-02-28 14:46:26,14,Silent,S1,S1,False,Medium,6.0,CWE-502;CWE-434,,2021-05-26 19:43:09,2021-08-22 13:57:44,2021-08-23,,277.79394675925926,190.03381944444445,189.6155787037037,After Disclosure,2021,179,0,1002.0,12.0,566.0
CVE-2021-39141,com.thoughtworks.xstream:xstream,com.thankjava.toolkit3d:fast-toolkit3d,lazy-koala/java-toolkit,https://github.com/lazy-koala/java-toolkit/commit/614102adc1ddeb4146640c17cb4dce1b1a07d7dc,2022-02-01 00:57:29,9,Silent,S1,S1,False,Medium,6.0,CWE-502;CWE-434,,2021-05-26 19:43:09,2021-08-22 13:57:44,2021-08-23,,250.21828703703704,162.45815972222223,162.0399189814815,After Disclosure,2021,179,0,3457.0,53.0,566.0
CVE-2021-39141,com.thoughtworks.xstream:xstream,org.springframework.batch:spring-batch-core,spring-projects/spring-batch,https://github.com/spring-projects/spring-batch/commit/8400b1620528576845fdf42bdc363e10b82d173a,2021-08-25 16:54:36,9,Silent,S1,S1,False,Medium,6.0,CWE-502;CWE-434,,2021-05-26 19:43:09,2021-08-22 13:57:44,2021-08-23,,90.88295138888888,3.122824074074074,2.7045833333333333,After Disclosure,2021,179,0,24644.0,482.0,566.0
CVE-2021-39141,com.thoughtworks.xstream:xstream,com.github.psi-probe:psi-probe-core,psi-probe/psi-probe,https://github.com/psi-probe/psi-probe/commit/cf3dd7317060ef7cb67f57686b0d760bdfa659d5,2021-08-23 07:01:58,9,Silent,S1,S1,False,Medium,6.0,CWE-502;CWE-434,,2021-05-26 19:43:09,2021-08-22 13:57:44,2021-08-23,,88.47140046296296,0.7112731481481481,0.2930324074074074,After Disclosure,2021,179,0,19822.0,302.0,566.0
CVE-2021-39141,com.thoughtworks.xstream:xstream,org.ikasan:ikasan-filetransfer-common,ikasanEIP/ikasan,https://github.com/ikasanEIP/ikasan/commit/61a7c97cafa108f1b62ae732aab3b5136d076901,2021-09-06 19:17:59,9,Silent,S1,S1,False,Medium,6.0,CWE-502;CWE-434,,2021-05-26 19:43:09,2021-08-22 13:57:44,2021-08-23,,102.98252314814815,15.222395833333334,14.804155092592593,After Disclosure,2021,179,0,2737.0,43.0,566.0
CVE-2021-39141,com.thoughtworks.xstream:xstream,io.quarkus:quarkus-junit5,quarkusio/quarkus,https://github.com/quarkusio/quarkus/commit/3aa4e47faa4b4df927d75a5379f45aeea3fc3f87,2021-08-23 20:37:45,9,Silent,S1,S1,False,Medium,6.0,CWE-502;CWE-434,,2021-05-26 19:43:09,2021-08-22 13:57:44,2021-08-23,,89.03791666666666,1.277789351851852,0.8595486111111111,After Disclosure,2021,179,0,1063.0,31.0,566.0
CVE-2021-39141,com.thoughtworks.xstream:xstream,com.github.spotbugs:sonar-findbugs-plugin,spotbugs/sonar-findbugs,https://github.com/spotbugs/sonar-findbugs/commit/d4b81e4456be033422c6b1502ef6f8bd5fa1a8c5,2021-08-25 23:07:08,9,Silent,S1,S1,False,Medium,6.0,CWE-502;CWE-434,,2021-05-26 19:43:09,2021-08-22 13:57:44,2021-08-23,,91.14165509259259,3.381527777777778,2.963287037037037,After Disclosure,2021,179,0,13133.0,191.0,566.0
CVE-2021-39141,com.thoughtworks.xstream:xstream,com.xceptance:xlt,Xceptance/XLT,https://github.com/Xceptance/XLT/commit/1b675b0b83f1e66c98d765f92bf2bae4de5a9369,2021-08-31 15:14:53,9,Silent,S1,S1,False,Medium,6.0,CWE-502;CWE-434,,2021-05-26 19:43:09,2021-08-22 13:57:44,2021-08-23,,96.81370370370371,9.053576388888889,8.635335648148148,After Disclosure,2021,179,0,146667.0,2303.0,566.0
CVE-2021-39141,com.thoughtworks.xstream:xstream,org.powertac:common,powertac/powertac-core,https://github.com/powertac/powertac-core/commit/bdad13c6c171376de33fdca091023d69f6930e7d,2021-10-05 17:14:44,9,Silent,S1,S1,False,Medium,6.0,CWE-502;CWE-434,,2021-05-26 19:43:09,2021-08-22 13:57:44,2021-08-23,,131.89693287037036,44.136805555555554,43.71856481481481,After Disclosure,2021,179,0,8040.0,110.0,566.0
CVE-2021-39141,com.thoughtworks.xstream:xstream,ro.pippo:pippo-xstream,pippo-java/pippo,https://github.com/pippo-java/pippo/commit/8330892700e3911192f1e17a11100ec3ec58ef84,2021-11-02 09:00:16,9,Silent,S1,S1,False,Medium,6.0,CWE-502;CWE-434,,2021-05-26 19:43:09,2021-08-22 13:57:44,2021-08-23,,159.55355324074074,71.79342592592593,71.37518518518519,After Disclosure,2021,179,0,47.0,2.0,566.0
CVE-2021-39141,com.thoughtworks.xstream:xstream,org.infinispan:infinispan-server-core,infinispan/infinispan,https://github.com/infinispan/infinispan/commit/d617eec6dfe533cea066961a5afb2340131556d3,2021-08-25 17:49:50,9,Silent,S1,S1,False,Medium,6.0,CWE-502;CWE-434,,2021-05-26 19:43:09,2021-08-22 13:57:44,2021-08-23,,90.92130787037037,3.1611805555555557,2.742939814814815,After Disclosure,2021,179,0,4452.0,97.0,566.0
CVE-2021-39141,com.thoughtworks.xstream:xstream,org.optaplanner:optaplanner-examples,kiegroup/optaplanner,https://github.com/kiegroup/optaplanner/commit/31ec3c3a5aa5a7d05e4f80c0ae6439b1159ea62b,2021-08-31 16:40:48,9,Silent,S1,S1,False,Medium,6.0,CWE-502;CWE-434,,2021-05-26 19:43:09,2021-08-22 13:57:44,2021-08-23,,96.87336805555556,9.113240740740741,8.695,After Disclosure,2021,179,0,43487.0,668.0,566.0
CVE-2021-39141,com.thoughtworks.xstream:xstream,org.smooks:smooks-core,smooks/smooks,https://github.com/smooks/smooks/commit/b1412cfcf80e8bf7ddcc1ec709c256387879e6b6,2021-12-01 12:51:41,9,Silent,S1,S1,False,Medium,6.0,CWE-502;CWE-434,,2021-05-26 19:43:09,2021-08-22 13:57:44,2021-08-23,,188.71425925925925,100.95413194444444,100.5358912037037,After Disclosure,2021,179,0,19961.0,350.0,566.0
CVE-2018-12418,com.github.junrar:junrar,org.whitesource:whitesource-fs-agent,whitesource/fs-agent,https://github.com/whitesource/fs-agent/commit/5de39bdc5f636287d4a2de4233b373c66b544c16,2018-11-01 08:35:18,1,Transparent,T1,T1,False,Medium,4.3,CWE-835,2018-05-30 12:41:42,2018-05-30 23:22:23,2018-06-01 23:33:55,2018-06-14,154.82888888888888,154.38396990740742,152.37596064814815,140.35784722222223,After Disclosure,2018,18,0,19077.0,166.0,38.0
CVE-2018-12418,com.github.junrar:junrar,de.tudarmstadt.ukp.dkpro.core:de.tudarmstadt.ukp.dkpro.core.api.datasets-asl,dkpro/dkpro-core,https://github.com/dkpro/dkpro-core/commit/04f326428c26f8933540973d2f91517c81bae0d3,2019-03-19 20:27:53,1,Transparent,T1,T1,False,Medium,4.3,CWE-835,2018-05-30 12:41:42,2018-05-30 23:22:23,2018-06-01 23:33:55,2018-06-14,293.3237384259259,292.87881944444445,290.8708101851852,278.85269675925923,After Disclosure,2018,18,0,1436.0,25.0,38.0
CVE-2018-12540,io.vertx:vertx-web,com.zandero:rest.vertx,Zandero/rest.vertx,https://github.com/Zandero/rest.vertx/commit/cae033029ccffae36c275102d6588fe70b851773,2018-10-04 06:40:05,1,Transparent,T3,T3,False,Medium,6.8,CWE-352,2018-07-12 10:03:32,2018-07-12 12:04:21,2018-07-12 12:04:30,2018-07-12,83.85871527777778,83.77481481481482,83.77471064814814,84.27783564814816,After Release,2018,42,0,3931.5,60.5,411.0
CVE-2018-12540,io.vertx:vertx-web,in.erail:api-framework,vinscom/api-framework,https://github.com/vinscom/api-framework/commit/f272ce877ce93a11aa14b4d367df5fdcae93d989,2018-10-04 21:25:26,2,Transparent,T3,T3,False,Medium,6.8,CWE-352,2018-07-12 10:03:32,2018-07-12 12:04:21,2018-07-12 12:04:30,2018-07-12,84.47354166666666,84.3896412037037,84.38953703703703,84.89266203703704,After Release,2018,42,0,2599.0,43.0,411.0
CVE-2018-12540,io.vertx:vertx-web,org.eclipse.hono:hono-adapter-http-vertx-base,eclipse/hono,https://github.com/eclipse/hono/commit/1d28eab6026d7e2cdd0a76c090a75e9e0f08e2bd,2018-07-20 10:37:02,1,Transparent,T3,T3,False,Medium,6.8,CWE-352,2018-07-12 10:03:32,2018-07-12 12:04:21,2018-07-12 12:04:30,2018-07-12,8.02326388888889,7.939363425925926,7.939259259259259,8.44238425925926,After Release,2018,42,0,406.0,4.0,411.0
CVE-2018-12540,io.vertx:vertx-web,com.github.timofeevda.jstressy:jstressy-metrics,timofeevda/jstressy,https://github.com/timofeevda/jstressy/commit/24aa7b9a0adfc52bec18de5098dbaafc3721b539,2018-11-04 16:17:49,1,Transparent,T3,T3,False,Medium,6.8,CWE-352,2018-07-12 10:03:32,2018-07-12 12:04:21,2018-07-12 12:04:30,2018-07-12,115.25991898148148,115.17601851851852,115.17591435185186,115.67903935185186,After Release,2018,42,0,175.0,7.0,411.0
CVE-2018-12540,io.vertx:vertx-web,org.swisspush:rest-storage,swisspush/vertx-rest-storage,https://github.com/swisspush/vertx-rest-storage/commit/b69a3d627d688648aba16621487cb5a1db76aac8,2022-01-10 09:47:15,3,Transparent,T3,T3,False,Medium,6.8,CWE-352,2018-07-12 10:03:32,2018-07-12 12:04:21,2018-07-12 12:04:30,2018-07-12,1277.9886921296297,1277.9047916666666,1277.9046875,1278.4078125,After Release,2018,42,0,3147.0,43.0,411.0
CVE-2018-12540,io.vertx:vertx-web,org.swisspush.gateleen:gateleen-core,swisspush/gateleen,https://github.com/swisspush/gateleen/commit/ade46952e421da4c29d97e6ee289714c0e14b7a2,2018-08-02 13:43:38,2,Transparent,T3,T3,False,Medium,6.8,CWE-352,2018-07-12 10:03:32,2018-07-12 12:04:21,2018-07-12 12:04:30,2018-07-12,21.15284722222222,21.06894675925926,21.068842592592592,21.571967592592593,After Release,2018,42,0,5107.0,79.0,411.0
CVE-2019-10173,com.thoughtworks.xstream:xstream,com.github.jjYBdx4IL.utils:vmmgmt-utils,jjYBdx4IL/misc,https://github.com/jjYBdx4IL/misc/commit/99246ef5e647a62706a8bc4f14cf490030df5ee5,2019-06-11 13:48:37,2,Transparent,T1,T1,False,High,7.5,CWE-94,2018-02-20 19:18:11,2018-02-21 01:36:36,2018-10-22 22:05:37,2019-07-23,475.77113425925927,475.50834490740743,231.6548611111111,-41.42457175925926,Release->Disclosure,2019,160,0,940.0,18.0,264.0
CVE-2019-10173,com.thoughtworks.xstream:xstream,com.naspat:wx-tools-cp,naspart/wx-tools,https://github.com/naspart/wx-tools/commit/d713c11f0e762ba99f3d33779e80ea4b2be363ba,2019-10-12 06:05:35,2,Transparent,T1,T1,False,High,7.5,CWE-94,2018-02-20 19:18:11,2018-02-21 01:36:36,2018-10-22 22:05:37,2019-07-23,598.4495833333333,598.1867939814815,354.3333101851852,81.25387731481482,After Disclosure,2019,160,0,6420.0,88.0,264.0
CVE-2019-10173,com.thoughtworks.xstream:xstream,org.ikasan:ikasan-filetransfer-common,ikasanEIP/ikasan,https://github.com/ikasanEIP/ikasan/commit/add3b5c48cd5c32a100f28f7d3cf32795dc25d26,2019-10-10 08:07:42,2,Transparent,T1,T1,False,High,7.5,CWE-94,2018-02-20 19:18:11,2018-02-21 01:36:36,2018-10-22 22:05:37,2019-07-23,596.5343865740741,596.2715972222222,352.4181134259259,79.33868055555556,After Disclosure,2019,160,0,2737.0,43.0,264.0
CVE-2019-10173,com.thoughtworks.xstream:xstream,org.bonitasoft.engine:bonita-client,bonitasoft/bonita-engine,https://github.com/bonitasoft/bonita-engine/commit/2eae9dde2354a68ff3739ff160b5c3f6677d06ea,2019-04-05 15:58:02,2,Transparent,T1,T1,False,High,7.5,CWE-94,2018-02-20 19:18:11,2018-02-21 01:36:36,2018-10-22 22:05:37,2019-07-23,408.86100694444445,408.5982175925926,164.7447337962963,-108.33469907407408,Release->Disclosure,2019,160,0,927.0,17.0,264.0
CVE-2019-10173,com.thoughtworks.xstream:xstream,org.infinispan:infinispan-server-core,infinispan/infinispan,https://github.com/infinispan/infinispan/commit/fa89f568a34c2595e10eaffaa02708b09c5a1ad2,2019-07-03 14:38:47,2,Transparent,T1,T1,False,High,7.5,CWE-94,2018-02-20 19:18:11,2018-02-21 01:36:36,2018-10-22 22:05:37,2019-07-23,497.80597222222224,497.54318287037034,253.68969907407407,-19.389733796296298,Release->Disclosure,2019,160,0,4452.0,97.0,264.0
CVE-2019-10173,com.thoughtworks.xstream:xstream,org.craftercms:crafter-profile-client,craftercms/profile,https://github.com/craftercms/profile/commit/ce3d0ffe7c5849e8632dbc99e43c0da9705ba15d,2019-08-27 19:56:22,2,Transparent,T1,T1,False,High,7.5,CWE-94,2018-02-20 19:18:11,2018-02-21 01:36:36,2018-10-22 22:05:37,2019-07-23,553.0265162037037,552.7637268518519,308.91024305555555,35.830810185185186,After Disclosure,2019,160,0,830.0,13.0,264.0
CVE-2019-10173,com.thoughtworks.xstream:xstream,org.easybatch:easybatch-xstream,j-easy/easy-batch,https://github.com/j-easy/easy-batch/commit/c7c124199769b254672fe5b3e78b2f027907de51,2019-05-20 22:10:04,2,Transparent,T1,T1,False,High,7.5,CWE-94,2018-02-20 19:18:11,2018-02-21 01:36:36,2018-10-22 22:05:37,2019-07-23,454.11936342592594,453.85657407407405,210.00309027777777,-63.076342592592596,Release->Disclosure,2019,160,0,53.0,2.0,264.0
CVE-2019-10173,com.thoughtworks.xstream:xstream,edu.illinois.cs:idflakies,idflakies/iDFlakies,https://github.com/idflakies/iDFlakies/commit/7b7b67316cd5ee90a7a48c18564bd08f9971565f,2020-02-26 01:12:05,2,Transparent,T1,T1,False,High,7.5,CWE-94,2018-02-20 19:18:11,2018-02-21 01:36:36,2018-10-22 22:05:37,2019-07-23,735.2457638888889,734.9829745370371,491.1294907407407,218.05005787037038,After Disclosure,2019,160,0,3732.0,56.0,264.0
CVE-2019-10173,com.thoughtworks.xstream:xstream,org.axonframework:axon-messaging,AxonFramework/AxonFramework,https://github.com/AxonFramework/AxonFramework/commit/598b4a3db9f0e8356e84f2b691a6e4838701f8cd,2019-06-05 12:21:31,2,Transparent,T1,T1,False,High,7.5,CWE-94,2018-02-20 19:18:11,2018-02-21 01:36:36,2018-10-22 22:05:37,2019-07-23,469.71064814814815,469.4478587962963,225.594375,-47.48505787037037,Release->Disclosure,2019,160,0,17166.0,513.0,264.0
CVE-2019-10173,com.thoughtworks.xstream:xstream,net.ymate.framework:ymate-framework-commons,suninformation/ymate-framework-v2,https://github.com/suninformation/ymate-framework-v2/commit/f2e33af471b9944a5753f6b07ade5bbeceac2122,2019-09-20 01:50:39,2,Transparent,T1,T1,False,High,7.5,CWE-94,2018-02-20 19:18:11,2018-02-21 01:36:36,2018-10-22 22:05:37,2019-07-23,576.2725462962962,576.0097569444445,332.15627314814816,59.07684027777778,After Disclosure,2019,160,0,2879.0,47.0,264.0
CVE-2019-10173,com.thoughtworks.xstream:xstream,org.craftercms:crafter-core,craftercms/core,https://github.com/craftercms/core/commit/efc4f3a317ec6da2bda9fb636c596059e830bdb5,2019-08-27 19:45:38,2,Transparent,T1,T1,False,High,7.5,CWE-94,2018-02-20 19:18:11,2018-02-21 01:36:36,2018-10-22 22:05:37,2019-07-23,553.0190625,552.7562731481481,308.9027893518519,35.82335648148148,After Disclosure,2019,160,0,6999.0,168.0,264.0
CVE-2019-10173,com.thoughtworks.xstream:xstream,com.github.bjuvensjo:rsimulator-aop,bjuvensjo/rsimulator,https://github.com/bjuvensjo/rsimulator/commit/9a2cd8a1cebda0f816be40b13fd6a63cb97b26cf,2021-05-12 12:02:29,2,Transparent,T1,T1,False,High,7.5,CWE-94,2018-02-20 19:18:11,2018-02-21 01:36:36,2018-10-22 22:05:37,2019-07-23,1176.6974305555555,1176.4346412037037,932.5811574074074,659.501724537037,After Disclosure,2019,160,0,177.0,5.0,264.0
CVE-2019-10173,com.thoughtworks.xstream:xstream,com.thankjava.toolkit3d:fast-toolkit3d,lazy-koala/java-toolkit,https://github.com/lazy-koala/java-toolkit/commit/bd9acc04a5c0fbb78d8dcefd5556df4670cb1645,2019-07-30 02:47:47,2,Transparent,T1,T1,False,High,7.5,CWE-94,2018-02-20 19:18:11,2018-02-21 01:36:36,2018-10-22 22:05:37,2019-07-23,524.3122222222222,524.0494328703704,280.19594907407406,7.1165162037037035,After Disclosure,2019,160,0,3457.0,53.0,264.0
CVE-2019-10173,com.thoughtworks.xstream:xstream,org.evosuite:evosuite-client,EvoSuite/evosuite,https://github.com/EvoSuite/evosuite/commit/d2ab9d7afcfbece8db52b44bfadb276c95746923,2020-09-22 10:13:20,2,Transparent,T1,T1,False,High,7.5,CWE-94,2018-02-20 19:18:11,2018-02-21 01:36:36,2018-10-22 22:05:37,2019-07-23,944.6216319444444,944.3588425925926,700.5053587962963,427.4259259259259,After Disclosure,2019,160,0,119512.5,1220.0,264.0
CVE-2019-10173,com.thoughtworks.xstream:xstream,com.github.spotbugs:sonar-findbugs-plugin,spotbugs/sonar-findbugs,https://github.com/spotbugs/sonar-findbugs/commit/8e52f90fa3f85e1a51f0cd1cd372fed496c1434f,2019-09-23 02:59:51,2,Transparent,T1,T1,False,High,7.5,CWE-94,2018-02-20 19:18:11,2018-02-21 01:36:36,2018-10-22 22:05:37,2019-07-23,579.3206018518518,579.0578125,335.2043287037037,62.12489583333333,After Disclosure,2019,160,0,13133.0,191.0,264.0
CVE-2020-28491,com.fasterxml.jackson.dataformat:jackson-dataformat-cbor,com.commercetools.sdk.jvm.core:commercetools-internal-processors,commercetools/commercetools-jvm-sdk,https://github.com/commercetools/commercetools-jvm-sdk/commit/5cd2c8fe30886eaf24256e938e4a3c49b643624f,2020-12-04 22:14:29,1,Transparent,T1,T1,False,Medium,5.0,CWE-770,2019-10-17 01:59:37,2020-12-04 16:27:55,2020-12-11 16:54:44,2021-02-18,414.8436574074074,0.2406712962962963,-6.777951388888889,-75.07327546296297,Fix->Release,2021,34,0,4463.0,98.0,194.0
CVE-2020-28491,com.fasterxml.jackson.dataformat:jackson-dataformat-cbor,com.google.crypto.tink:tink-gcpkms,google/tink,https://github.com/google/tink/commit/babe6e42e641845b6a3e94b79db98628713eca31,2021-03-03 11:06:54,1,Transparent,T1,T1,False,Medium,5.0,CWE-770,2019-10-17 01:59:37,2020-12-04 16:27:55,2020-12-11 16:54:44,2021-02-18,503.38005787037036,88.77707175925926,81.75844907407408,13.463125,After Disclosure,2021,34,0,10105.0,129.0,194.0
CVE-2020-28491,com.fasterxml.jackson.dataformat:jackson-dataformat-cbor,org.opencastproject:opencast-asset-manager-storage-aws,opencast/opencast,https://github.com/opencast/opencast/commit/377808cfc53d36d2fbe8345fc7d948325f9fc453,2021-04-23 23:48:16,1,Transparent,T1,T1,False,Medium,5.0,CWE-770,2019-10-17 01:59:37,2020-12-04 16:27:55,2020-12-11 16:54:44,2021-02-18,554.9087847222222,140.3057986111111,133.28717592592594,64.99185185185185,After Disclosure,2021,34,0,978.0,8.0,194.0
CVE-2020-28491,com.fasterxml.jackson.dataformat:jackson-dataformat-cbor,org.streampipes:streampipes-dataformat-cbor,streampipes/streampipes,https://github.com/streampipes/streampipes/commit/e50deb03bca8aebdfd7e13a2bdfc245a068e18a3,2021-02-07 11:38:59,1,Transparent,T1,T1,False,Medium,5.0,CWE-770,2019-10-17 01:59:37,2020-12-04 16:27:55,2020-12-11 16:54:44,2021-02-18,479.402337962963,64.79935185185185,57.78072916666667,-10.514594907407407,Release->Disclosure,2021,34,0,45.0,2.0,194.0
CVE-2020-28491,com.fasterxml.jackson.dataformat:jackson-dataformat-cbor,com.erudika:para-core,Erudika/para,https://github.com/Erudika/para/commit/8aa13a5bd7c7fad5223bc66fbdef2536b689635c,2021-02-27 16:36:29,2,Transparent,T1,T1,False,Medium,5.0,CWE-770,2019-10-17 01:59:37,2020-12-04 16:27:55,2020-12-11 16:54:44,2021-02-18,499.6089351851852,85.00594907407407,77.98732638888889,9.692002314814815,After Disclosure,2021,34,0,8321.0,85.0,194.0
CVE-2022-0839,org.liquibase:liquibase-core,org.flowable:flowable-dmn-engine,flowable/flowable-engine,https://github.com/flowable/flowable-engine/commit/840f59d37864c8456de009dda3823af77c017c9a,2022-03-23 10:51:41,1,Transparent,T1,T1,False,High,7.5,CWE-611,2022-01-19 20:09:28,2022-02-08 13:14:40,2022-02-21 12:40:01,2022-03-04,62.61265046296296,42.90070601851852,29.92476851851852,19.45255787037037,After Disclosure,2022,37,0,8702.0,155.0,2851.0
CVE-2022-0839,org.liquibase:liquibase-core,tech.cassandre.trading.bot:cassandre-trading-bot-spring-boot-autoconfigure,cassandre-tech/cassandre-trading-bot,https://github.com/cassandre-tech/cassandre-trading-bot/commit/7cc03973d33ac9a2131a996b7b693945c8fc810b,2022-02-22 17:06:55,1,Transparent,T1,T1,False,High,7.5,CWE-611,2022-01-19 20:09:28,2022-02-08 13:14:40,2022-02-21 12:40:01,2022-03-04,33.87322916666667,14.161284722222222,1.1853472222222223,-9.286863425925926,Release->Disclosure,2022,37,0,8578.0,117.0,2851.0
CVE-2022-0839,org.liquibase:liquibase-core,org.liquibase.ext:liquibase-filechangelog,liquibase/liquibase-filechangelog,https://github.com/liquibase/liquibase-filechangelog/commit/ac782bc8be8f77f339749161710eaf3afbd65b16,2022-02-22 17:45:56,1,Transparent,T1,T1,False,High,7.5,CWE-611,2022-01-19 20:09:28,2022-02-08 13:14:40,2022-02-21 12:40:01,2022-03-04,33.90032407407407,14.18837962962963,1.2124421296296297,-9.259768518518518,Release->Disclosure,2022,37,0,53.0,2.0,2851.0
CVE-2022-0839,org.liquibase:liquibase-core,org.liquibase.ext:liquibase-cosmosdb,liquibase/liquibase-cosmosdb,https://github.com/liquibase/liquibase-cosmosdb/commit/c73d50c5b66eca300807c95d7be25032513c24d8,2022-03-28 14:52:16,1,Transparent,T1,T1,False,High,7.5,CWE-611,2022-01-19 20:09:28,2022-02-08 13:14:40,2022-02-21 12:40:01,2022-03-04,67.77972222222222,48.06777777777778,35.09184027777778,24.619629629629628,After Disclosure,2022,37,0,4011.0,68.0,2851.0
CVE-2022-0839,org.liquibase:liquibase-core,org.liquibase.ext:liquibase-db2i,liquibase/liquibase-db2i,https://github.com/liquibase/liquibase-db2i/commit/9988fad4b94e15422099993aea2e40974edbfae7,2022-02-22 17:45:59,1,Transparent,T1,T1,False,High,7.5,CWE-611,2022-01-19 20:09:28,2022-02-08 13:14:40,2022-02-21 12:40:01,2022-03-04,33.900358796296295,14.188414351851852,1.2124768518518518,-9.259733796296297,Release->Disclosure,2022,37,0,284.0,6.0,2851.0
CVE-2022-0839,org.liquibase:liquibase-core,org.liquibase.ext:liquibase-cache,liquibase/liquibase-cache,https://github.com/liquibase/liquibase-cache/commit/d945ddb8857ae7a736214eb021f9d7004e03b391,2022-02-22 17:45:58,1,Transparent,T1,T1,False,High,7.5,CWE-611,2022-01-19 20:09:28,2022-02-08 13:14:40,2022-02-21 12:40:01,2022-03-04,33.90034722222222,14.188402777777778,1.2124652777777778,-9.25974537037037,Release->Disclosure,2022,37,0,318.0,12.0,2851.0
CVE-2022-0839,org.liquibase:liquibase-core,de.trustable.ca3s.core:ca-3-s,kuehne-trustable-de/ca3sCore,https://github.com/kuehne-trustable-de/ca3sCore/commit/5c15d4112b4fec864be7997341bce6bf6f51c438,2022-03-08 21:29:19,1,Transparent,T1,T1,False,High,7.5,CWE-611,2022-01-19 20:09:28,2022-02-08 13:14:40,2022-02-21 12:40:01,2022-03-04,48.05545138888889,28.343506944444446,15.367569444444445,4.895358796296296,After Disclosure,2022,37,0,35874.0,453.0,2851.0
CVE-2022-23221,com.h2database:h2,com.sqlancer:sqlancer,sqlancer/sqlancer,https://github.com/sqlancer/sqlancer/commit/aee9b692c2862c9c6d7c779b329352777b2d3b81,2022-01-18 12:19:50,1,Transparent,T1,T1,False,Critical,10.0,CWE-94,2022-01-06 16:20:34,2022-01-07 00:48:25,2022-01-17 10:10:44,2022-01-19,11.832824074074074,11.480150462962962,1.0896527777777778,-0.4862268518518518,Release->Disclosure,2022,34,0,41025.0,1016.0,2980.0
CVE-2022-23221,com.h2database:h2,com.erudika:para-dao-sql,erudika/para-dao-sql,https://github.com/erudika/para-dao-sql/commit/317cececb8c8255de6d1cb53a62c2a4f85d991bb,2022-01-21 16:30:19,1,Transparent,T1,T1,False,Critical,10.0,CWE-94,2022-01-06 16:20:34,2022-01-07 00:48:25,2022-01-17 10:10:44,2022-01-19,15.006770833333333,14.654097222222223,4.263599537037037,2.6877199074074074,After Disclosure,2022,34,0,917.0,10.0,2980.0
CVE-2022-23221,com.h2database:h2,org.b3log:latke-repository-h2,88250/latke,https://github.com/88250/latke/commit/ae6277796c43dc73b9104736ca95602cdbc5e6f5,2022-01-21 23:36:36,1,Transparent,T1,T1,False,Critical,10.0,CWE-94,2022-01-06 16:20:34,2022-01-07 00:48:25,2022-01-17 10:10:44,2022-01-19,15.302800925925926,14.950127314814814,4.5596296296296295,2.98375,After Disclosure,2022,34,0,175.0,3.0,2980.0
CVE-2022-23221,com.h2database:h2,io.r2dbc:r2dbc-h2,r2dbc/r2dbc-h2,https://github.com/r2dbc/r2dbc-h2/commit/209882afcddb85909710147ad8060f7a0704c62a,2022-02-02 15:50:44,1,Transparent,T1,T1,False,Critical,10.0,CWE-94,2022-01-06 16:20:34,2022-01-07 00:48:25,2022-01-17 10:10:44,2022-01-19,26.979282407407407,26.626608796296296,16.23611111111111,14.660231481481482,After Disclosure,2022,34,0,2632.0,71.0,2980.0
CVE-2022-23221,com.h2database:h2,org.phoebus:service-olog,Olog/phoebus-olog,https://github.com/Olog/phoebus-olog/commit/0e7d47ed991457ae2cd8a37890060ffb73e08cfd,2022-02-09 06:54:18,1,Transparent,T1,T1,False,Critical,10.0,CWE-94,2022-01-06 16:20:34,2022-01-07 00:48:25,2022-01-17 10:10:44,2022-01-19,33.606759259259256,33.25408564814815,22.863587962962963,21.287708333333335,After Disclosure,2022,34,0,4808.0,54.0,2980.0
CVE-2022-23221,com.h2database:h2,network.oxalis:oxalis-persistence,OxalisCommunity/oxalis,https://github.com/OxalisCommunity/oxalis/commit/fb63bf2aca58c970e5d22614c36554b9bd80c90f,2022-01-07 05:58:17,1,Transparent,T1,T1,False,Critical,10.0,CWE-94,2022-01-06 16:20:34,2022-01-07 00:48:25,2022-01-17 10:10:44,2022-01-19,0.5678587962962963,0.21518518518518517,-10.1753125,-11.75119212962963,Fix->Release,2022,34,0,635.0,22.0,2980.0
CVE-2022-23221,com.h2database:h2,au.org.consumerdatastandards:data-holder,ConsumerDataStandardsAustralia/java-artefacts,https://github.com/ConsumerDataStandardsAustralia/java-artefacts/commit/32828072e371d051ddb0011647ffe110c9801cb8,2022-01-21 23:28:49,1,Transparent,T1,T1,False,Critical,10.0,CWE-94,2022-01-06 16:20:34,2022-01-07 00:48:25,2022-01-17 10:10:44,2022-01-19,15.297395833333333,14.944722222222222,4.554224537037037,2.9783449074074073,After Disclosure,2022,34,0,20831.0,292.0,2980.0
CVE-2022-23221,com.h2database:h2,com.github.simonalong:Neo,SimonAlong/Neo,https://github.com/SimonAlong/Neo/commit/652e5c410c385c4268c39f7c1ba8b69ecc535022,2022-01-22 06:08:24,1,Transparent,T1,T1,False,Critical,10.0,CWE-94,2022-01-06 16:20:34,2022-01-07 00:48:25,2022-01-17 10:10:44,2022-01-19,15.574884259259258,15.222210648148149,4.831712962962963,3.2558333333333334,After Disclosure,2022,34,0,16356.0,160.5,2980.0
CVE-2022-23221,com.h2database:h2,de.trustable.ca3s.core:ca-3-s,kuehne-trustable-de/ca3sCore,https://github.com/kuehne-trustable-de/ca3sCore/commit/83571cf9e512c0fbbbce4244580dd8dcbac88808,2022-01-22 20:37:53,1,Transparent,T1,T1,False,Critical,10.0,CWE-94,2022-01-06 16:20:34,2022-01-07 00:48:25,2022-01-17 10:10:44,2022-01-19,16.17869212962963,15.826018518518518,5.435520833333333,3.8596412037037036,After Disclosure,2022,34,0,35874.0,453.0,2980.0
CVE-2022-23221,com.h2database:h2,org.flywaydb.enterprise:flyway-commandline,flyway/flyway,https://github.com/flyway/flyway/commit/8e713767c2c0c8a41b452eaf4e59286649b8a67c,2022-01-21 12:07:09,1,Transparent,T1,T1,False,Critical,10.0,CWE-94,2022-01-06 16:20:34,2022-01-07 00:48:25,2022-01-17 10:10:44,2022-01-19,14.824016203703703,14.471342592592592,4.080844907407408,2.504965277777778,After Disclosure,2022,34,0,1351.0,15.0,2980.0
CVE-2022-23221,com.h2database:h2,org.jooq:jooq-meta-extensions,jOOQ/jOOQ,https://github.com/jOOQ/jOOQ/commit/9002ad4cf12f2dd783bd0e21fae6afd8ab5c5ecc,2022-01-21 23:21:15,1,Transparent,T1,T1,False,Critical,10.0,CWE-94,2022-01-06 16:20:34,2022-01-07 00:48:25,2022-01-17 10:10:44,2022-01-19,15.292141203703704,14.939467592592592,4.5489699074074075,2.9730902777777777,After Disclosure,2022,34,0,640.0,10.0,2980.0
CVE-2022-23221,com.h2database:h2,com.xresch:cfw,xresch/CoreFramework,https://github.com/xresch/CoreFramework/commit/43a69ea361d134848b0e8d29b34bd4e73e7edc78,2022-04-26 14:22:13,1,Transparent,T1,T1,False,Critical,10.0,CWE-94,2022-01-06 16:20:34,2022-01-07 00:48:25,2022-01-17 10:10:44,2022-01-19,109.9178125,109.5651388888889,99.1746412037037,97.59876157407408,After Disclosure,2022,34,0,20734.0,336.0,2980.0
CVE-2017-3586,mysql:mysql-connector-java,org.duracloud.db:mill-db-repo,duracloud/duracloud-db,https://github.com/duracloud/duracloud-db/commit/eaa4a85914f77080163c2f2083ad72ac5545a958,2020-08-24 13:38:26,4,Silent,S1,S1,False,Medium,5.5,,,2017-04-04 17:52:55,2017-04-13 16:17:38,2017-04-24,,1237.823275462963,1228.8894444444445,1218.5683564814815,After Disclosure,2017,138,0,1067.0,19.0,107.0
CVE-2017-3586,mysql:mysql-connector-java,com.thankjava.toolkit3d:fast-toolkit3d,lazy-koala/java-toolkit,https://github.com/lazy-koala/java-toolkit/commit/5c6288cd4049bad800a5d7aec66dc8545abaf034,2017-08-07 14:39:07,3,Silent,S1,S1,False,Medium,5.5,,,2017-04-04 17:52:55,2017-04-13 16:17:38,2017-04-24,,124.86541666666666,115.93158564814814,105.61049768518518,After Disclosure,2017,138,0,3457.0,53.0,107.0
CVE-2017-3586,mysql:mysql-connector-java,org.jsimpledb:jsimpledb-kv-mysql,archiecobbs/jsimpledb,https://github.com/archiecobbs/jsimpledb/commit/1bffb74f9aae1aad7834c8faaea561dd6a3f1ca2,2017-06-05 15:52:25,3,Silent,S1,S1,False,Medium,5.5,,,2017-04-04 17:52:55,2017-04-13 16:17:38,2017-04-24,,61.91631944444445,52.98248842592593,42.661400462962966,After Disclosure,2017,138,0,120.0,3.0,107.0
CVE-2017-3586,mysql:mysql-connector-java,com.alibaba:druid,alibaba/druid,https://github.com/alibaba/druid/commit/df8d99b468e85aed87351b48e121414325165533,2017-12-02 07:13:07,2,Silent,S1,S1,False,Medium,5.5,,,2017-04-04 17:52:55,2017-04-13 16:17:38,2017-04-24,,241.55569444444444,232.62186342592594,222.30077546296297,After Disclosure,2017,138,0,125207.0,1094.0,107.0
CVE-2017-3586,mysql:mysql-connector-java,org.wallride:wallride-bootstrap,tagbangers/wallride,https://github.com/tagbangers/wallride/commit/b521041674a43687bafee1301472cc8af26b5cc7,2018-07-12 02:52:29,3,Silent,S1,S1,False,Medium,5.5,,,2017-04-04 17:52:55,2017-04-13 16:17:38,2017-04-24,,463.3746990740741,454.44086805555554,444.1197800925926,After Disclosure,2017,138,0,754.0,8.0,107.0
CVE-2017-3586,mysql:mysql-connector-java,com.impetus.fabric:fabric-jdbc-driver,Impetus/fabric-jdbc-connector,https://github.com/Impetus/fabric-jdbc-connector/commit/4626a4353410ec9503f282f8841922d1f9c22967,2018-05-08 10:55:29,3,Silent,S1,S1,False,Medium,5.5,,,2017-04-04 17:52:55,2017-04-13 16:17:38,2017-04-24,,398.7101157407407,389.7762847222222,379.45519675925925,After Disclosure,2017,138,0,4477.0,31.0,107.0
CVE-2017-3586,mysql:mysql-connector-java,com.helger:peppol-smp-server-sql,phax/peppol-smp-server,https://github.com/phax/peppol-smp-server/commit/de0cb2746d6ae1945ae0845c4d5836cef3cb8d5f,2018-01-02 09:34:45,3,Silent,S1,S1,False,Medium,5.5,,,2017-04-04 17:52:55,2017-04-13 16:17:38,2017-04-24,,272.6540509259259,263.7202199074074,253.39913194444443,After Disclosure,2017,138,0,2431.0,55.0,107.0
CVE-2017-3586,mysql:mysql-connector-java,com.nitorcreations:nflow-tests,NitorCreations/nflow,https://github.com/NitorCreations/nflow/commit/34fc16c971c1ab44936b936f53073634ef1e7ff8,2017-07-13 07:54:35,3,Silent,S1,S1,False,Medium,5.5,,,2017-04-04 17:52:55,2017-04-13 16:17:38,2017-04-24,,99.58449074074075,90.65065972222222,80.32957175925925,After Disclosure,2017,138,0,1180623.0,15806.0,107.0
CVE-2017-3586,mysql:mysql-connector-java,org.duracloud.snapshot:snapshot-service-impl,duracloud/snapshot,https://github.com/duracloud/snapshot/commit/b871f3f371239112788c4889613e7e819c5607a1,2020-12-14 17:40:57,4,Silent,S1,S1,False,Medium,5.5,,,2017-04-04 17:52:55,2017-04-13 16:17:38,2017-04-24,,1349.991689814815,1341.0578587962964,1330.7367708333334,After Disclosure,2017,138,0,2276762.0,29762.0,107.0
CVE-2018-12537,io.vertx:vertx-core,org.swisspush.gateleen:gateleen-delegate,swisspush/gateleen,https://github.com/swisspush/gateleen/commit/ade46952e421da4c29d97e6ee289714c0e14b7a2,2018-08-02 13:43:38,2,Transparent,T2,T2,False,Medium,5.0,CWE-20,2018-05-23 10:31:39,2018-05-24 16:36:56,2018-11-09 15:03:54,2018-08-14,71.13332175925926,69.87965277777778,-99.05574074074075,-11.428032407407407,Fix->Disclosure,2018,111,0,594.0,8.0,7254.0
CVE-2018-12537,io.vertx:vertx-core,org.swisspush:redisques,swisspush/vertx-redisques,https://github.com/swisspush/vertx-redisques/commit/9cdc64d3352f2df3df8a976f4580eedb3b22982a,2021-12-06 07:30:25,1,Transparent,T2,T2,False,Medium,5.0,CWE-20,2018-05-23 10:31:39,2018-05-24 16:36:56,2018-11-09 15:03:54,2018-08-14,1292.8741435185186,1291.6204745370371,1122.6850810185185,1210.312789351852,After Release,2018,111,0,2282.0,31.0,7254.0
CVE-2018-12537,io.vertx:vertx-core,org.swisspush:rest-storage,swisspush/vertx-rest-storage,https://github.com/swisspush/vertx-rest-storage/commit/b69a3d627d688648aba16621487cb5a1db76aac8,2022-01-10 09:47:15,3,Transparent,T2,T2,False,Medium,5.0,CWE-20,2018-05-23 10:31:39,2018-05-24 16:36:56,2018-11-09 15:03:54,2018-08-14,1327.9691666666668,1326.7154976851853,1157.7801041666667,1245.4078125,After Release,2018,111,0,3147.0,43.0,7254.0
CVE-2018-12537,io.vertx:vertx-core,org.swisspush:rest-mirror,swisspush/vertx-rest-mirror,https://github.com/swisspush/vertx-rest-mirror/commit/7c5564e909085fc23d816e68d9b516017b788947,2018-12-04 15:09:02,1,Transparent,T2,T2,False,Medium,5.0,CWE-20,2018-05-23 10:31:39,2018-05-24 16:36:56,2018-11-09 15:03:54,2018-08-14,195.1926273148148,193.93895833333335,25.003564814814816,112.63127314814815,After Release,2018,111,0,436.0,7.0,7254.0
CVE-2018-12537,io.vertx:vertx-core,org.jspare.vertx:vertx-jspare,jspare-projects/vertx-jspare,https://github.com/jspare-projects/vertx-jspare/commit/dfb4c8ff93ae4c48a1b2cf0fb33070a2a24a210f,2019-03-20 11:34:37,1,Transparent,T2,T2,False,Medium,5.0,CWE-20,2018-05-23 10:31:39,2018-05-24 16:36:56,2018-11-09 15:03:54,2018-08-14,301.04372685185183,299.7900578703704,130.85466435185185,218.4823726851852,After Release,2018,111,0,1526.0,33.5,7254.0
CVE-2018-12537,io.vertx:vertx-core,com.github.susom:vertx-base,susom/vertx-base,https://github.com/susom/vertx-base/commit/e9d3bce5a40902f089b9ba248cab59db4a3f649c,2018-09-21 14:45:34,1,Transparent,T2,T2,False,Medium,5.0,CWE-20,2018-05-23 10:31:39,2018-05-24 16:36:56,2018-11-09 15:03:54,2018-08-14,121.17633101851852,119.92266203703704,-49.01273148148148,38.61497685185185,Disclosure->Release,2018,111,0,16887.0,156.0,7254.0
CVE-2018-12537,io.vertx:vertx-core,nl.jpoint.vertx-deploy-tools:vertx-deploy-test-application,msoute/vertx-deploy-mod,https://github.com/msoute/vertx-deploy-mod/commit/f9ba83e91b7896dfa45203e9940074c9817b31a0,2018-06-07 14:53:40,1,Transparent,T2,T2,False,Medium,5.0,CWE-20,2018-05-23 10:31:39,2018-05-24 16:36:56,2018-11-09 15:03:54,2018-08-14,15.181956018518518,13.928287037037038,-155.0071064814815,-67.37939814814816,Fix->Disclosure,2018,111,0,15.0,1.0,7254.0
CVE-2018-12537,io.vertx:vertx-core,com.github.susom:database,susom/database,https://github.com/susom/database/commit/bdbbda6dcfe0e8518fab97685e62d4e6d55b2cd9,2018-10-22 18:11:15,1,Transparent,T2,T2,False,Medium,5.0,CWE-20,2018-05-23 10:31:39,2018-05-24 16:36:56,2018-11-09 15:03:54,2018-08-14,152.31916666666666,151.0654976851852,-17.869895833333334,69.7578125,Disclosure->Release,2018,111,0,19111.0,193.0,7254.0
CVE-2018-12537,io.vertx:vertx-core,com.statful.client:client-vertx,statful/statful-client-vertx,https://github.com/statful/statful-client-vertx/commit/7e5a8605a38f25f0e83f493c3140cc80943f3917,2018-10-17 15:20:38,1,Transparent,T2,T2,False,Medium,5.0,CWE-20,2018-05-23 10:31:39,2018-05-24 16:36:56,2018-11-09 15:03:54,2018-08-14,147.20068287037037,145.94701388888888,-22.98837962962963,64.6393287037037,Disclosure->Release,2018,111,0,1682.0,32.0,7254.0
CVE-2018-1067,io.undertow:undertow-core,io.jboot:jboot,yangfuhai/jboot,https://github.com/yangfuhai/jboot/commit/311fb3228e6ff8af7681400595b5f122923865b1,2018-05-16 03:45:11,3,Silent,S1,S1,False,Medium,5.8,CWE-113,,2018-04-27 09:40:10,2018-05-03 08:24:12,2018-05-21,,18.753483796296297,12.806238425925926,-4.843622685185185,Release->Disclosure,2018,53,0,38902.0,651.0,1777.0
CVE-2018-1067,io.undertow:undertow-core,io.mangoo:mangooio-core,svenkubiak/mangooio,https://github.com/svenkubiak/mangooio/commit/af7f4c74f84378649dbb028b79e6d2de9d169dff,2018-05-03 06:56:02,2,Silent,S1,S1,False,Medium,5.8,CWE-113,,2018-04-27 09:40:10,2018-05-03 08:24:12,2018-05-21,,5.886018518518519,-0.06122685185185185,-17.711087962962964,Fix->Release,2018,53,0,7903.5,109.0,1777.0
CVE-2016-1000346,org.bouncycastle:bcprov-jdk15on,io.netty:netty-example,netty/netty,https://github.com/netty/netty/commit/0dc246eb129796313b58c1dbdd674aa289f72cad,2021-01-01 18:31:44,7,Silent,S1,S1,False,Medium,4.3,CWE-320,,2016-10-29 14:10:40,2016-12-23 15:30:08,2018-06-04,,1525.1812962962963,1470.1261111111112,942.7720370370371,After Disclosure,2018,155,0,10870.0,260.0,321.0
CVE-2016-1000346,org.bouncycastle:bcprov-jdk15on,de.taimos:dvalin-jaxrs,taimos/dvalin,https://github.com/taimos/dvalin/commit/255285f19aef973caa27a2a53204ec9007a8c9dc,2022-01-20 13:02:38,7,Silent,S1,S1,False,Medium,4.3,CWE-320,,2016-10-29 14:10:40,2016-12-23 15:30:08,2018-06-04,,1908.9527546296297,1853.8975694444443,1326.5434953703705,After Disclosure,2018,155,0,2164.0,51.0,321.0
CVE-2016-1000346,org.bouncycastle:bcprov-jdk15on,net.sf.openas2:openas2-server,OpenAS2/OpenAs2App,https://github.com/OpenAS2/OpenAs2App/commit/320e7feb0ff579976f34f2d40d10f34d2d8fde18,2018-06-04 18:16:43,7,Silent,S1,S1,False,Medium,4.3,CWE-320,,2016-10-29 14:10:40,2016-12-23 15:30:08,2018-06-04,,583.1708680555555,528.1156828703704,0.7616087962962963,After Disclosure,2018,155,0,15046.0,228.0,321.0
CVE-2016-1000346,org.bouncycastle:bcprov-jdk15on,no.digipost:certificate-validator,digipost/certificate-validator,https://github.com/digipost/certificate-validator/commit/b148ba11c9f9385d612e3d4ccd6d3cad020c07fd,2019-06-05 07:49:09,7,Silent,S1,S1,False,Medium,4.3,CWE-320,,2016-10-29 14:10:40,2016-12-23 15:30:08,2018-06-04,,948.7350578703704,893.6798726851852,366.3257986111111,After Disclosure,2018,155,0,1103.0,24.0,321.0
CVE-2016-1000346,org.bouncycastle:bcprov-jdk15on,org.digidoc4j:digidoc4j,open-eid/digidoc4j,https://github.com/open-eid/digidoc4j/commit/78a400c3a59ea787885eb9c9370468bb7ea61c64,2018-02-14 09:04:46,7,Silent,S1,S1,False,Medium,4.3,CWE-320,,2016-10-29 14:10:40,2016-12-23 15:30:08,2018-06-04,,472.78756944444444,417.7323842592593,-109.62168981481481,Release->Disclosure,2018,155,0,11552.0,162.0,321.0
CVE-2016-1000346,org.bouncycastle:bcprov-jdk15on,net.anotheria:ano-util,anotheria/ano-util,https://github.com/anotheria/ano-util/commit/0635219589847eb0582e222fde326912e521211e,2021-08-13 15:29:15,7,Silent,S1,S1,False,Medium,4.3,CWE-320,,2016-10-29 14:10:40,2016-12-23 15:30:08,2018-06-04,,1749.0545717592593,1693.9993865740742,1166.6453125,After Disclosure,2018,155,0,7703.0,139.0,321.0
CVE-2016-1000346,org.bouncycastle:bcprov-jdk15on,org.smallmind:smallmind-nutsnbolts,zenbones/SmallMind,https://github.com/zenbones/SmallMind/commit/487b69edc6fb1249b778f345b4571a349cb5277b,2019-04-23 20:21:49,7,Silent,S1,S1,False,Medium,4.3,CWE-320,,2016-10-29 14:10:40,2016-12-23 15:30:08,2018-06-04,,906.2577430555556,851.2025578703704,323.8484837962963,After Disclosure,2018,155,0,13821.0,389.0,321.0
CVE-2016-1000346,org.bouncycastle:bcprov-jdk15on,no.digipost:digipost-api-client-java,digipost/digipost-api-client-java,https://github.com/digipost/digipost-api-client-java/commit/b4be4fb911f048cf08f1b4546250c47143840ae6,2020-09-15 10:59:43,7,Silent,S1,S1,False,Medium,4.3,CWE-320,,2016-10-29 14:10:40,2016-12-23 15:30:08,2018-06-04,,1416.8673958333334,1361.812210648148,834.458136574074,After Disclosure,2018,155,0,7810.0,182.0,321.0
CVE-2016-1000346,org.bouncycastle:bcprov-jdk15on,com.augustcellars.cose:cose-java,cose-wg/cose-java,https://github.com/cose-wg/cose-java/commit/4025bdbc51c381f170cd54abf593d5cf8f892c80,2019-07-08 19:44:43,7,Silent,S1,S1,False,Medium,4.3,CWE-320,,2016-10-29 14:10:40,2016-12-23 15:30:08,2018-06-04,,982.2319791666666,927.1767939814815,399.8227199074074,After Disclosure,2018,155,0,2943.0,30.0,321.0
CVE-2016-1000346,org.bouncycastle:bcprov-jdk15on,com.cybersource:cybersource-sdk-java,CyberSource/cybersource-sdk-java,https://github.com/CyberSource/cybersource-sdk-java/commit/f1d2a09b85a2294b312b9dbf1733a4df3bb9af9a,2019-03-06 13:51:03,7,Silent,S1,S1,False,Medium,4.3,CWE-320,,2016-10-29 14:10:40,2016-12-23 15:30:08,2018-06-04,,857.9863773148148,802.9311921296296,275.57711805555556,After Disclosure,2018,155,0,2569.0,23.0,321.0
CVE-2016-1000346,org.bouncycastle:bcprov-jdk15on,no.difi.sdp:sikker-digital-post-klient-java,difi/sikker-digital-post-klient,https://github.com/difi/sikker-digital-post-klient/commit/66e3cf656c3e49d5f4f5c00b5cfdb30fcca9fdf3,2019-03-15 13:29:11,7,Silent,S1,S1,False,Medium,4.3,CWE-320,,2016-10-29 14:10:40,2016-12-23 15:30:08,2018-06-04,,866.9711921296297,811.9160069444445,284.56193287037036,After Disclosure,2018,155,0,3234.0,120.0,321.0
CVE-2016-1000346,org.bouncycastle:bcprov-jdk15on,de.alpharogroup:crypt-core,astrapi69/mystic-crypt,https://github.com/astrapi69/mystic-crypt/commit/d53951f5b8b9d538e6e4d17c4b6598e72ce41863,2018-01-06 12:34:33,7,Silent,S1,S1,False,Medium,4.3,CWE-320,,2016-10-29 14:10:40,2016-12-23 15:30:08,2018-06-04,,433.9332523148148,378.87806712962964,-148.47600694444444,Release->Disclosure,2018,155,0,1230.0,45.0,321.0
CVE-2016-1000346,org.bouncycastle:bcprov-jdk15on,io.baltoro:client-lib,junaidontable/baltoro.lib,https://github.com/junaidontable/baltoro.lib/commit/7fb0f21ba08ba297824f51f8d54ea11f3ced6ba3,2020-04-28 03:51:57,7,Silent,S1,S1,False,Medium,4.3,CWE-320,,2016-10-29 14:10:40,2016-12-23 15:30:08,2018-06-04,,1276.570335648148,1221.515150462963,694.1610763888889,After Disclosure,2018,155,0,6771.0,138.0,321.0
CVE-2018-12542,io.vertx:vertx-web,org.swisspush.gateleen:gateleen-core,swisspush/gateleen,https://github.com/swisspush/gateleen/commit/75fe5373282d9a2d448edb9c7b976d6b9cbd53df,2019-01-18 16:41:31,1,Transparent,T1,T1,False,High,7.5,CWE-22,2018-10-03 07:06:09,2018-10-03 09:06:47,2018-10-03 09:07:08,2018-10-10,107.39956018518518,107.31578703703704,107.31554398148148,100.69549768518519,After Disclosure,2018,42,0,5107.0,79.0,444.0
CVE-2018-12542,io.vertx:vertx-web,com.github.timofeevda.jstressy:jstressy-api,timofeevda/jstressy,https://github.com/timofeevda/jstressy/commit/59caf84c1d97a299f25f2eb7f47065d860331573,2018-11-04 16:35:50,1,Transparent,T1,T1,False,High,7.5,CWE-22,2018-10-03 07:06:09,2018-10-03 09:06:47,2018-10-03 09:07:08,2018-10-10,32.39561342592592,32.311840277777776,32.311597222222225,25.691550925925927,After Disclosure,2018,42,0,227.0,23.0,444.0
CVE-2018-12542,io.vertx:vertx-web,com.zandero:rest.vertx,Zandero/rest.vertx,https://github.com/Zandero/rest.vertx/commit/febcd8caa13fbb171149e8ff03e10744af0f0c01,2018-10-18 08:06:54,1,Transparent,T1,T1,False,High,7.5,CWE-22,2018-10-03 07:06:09,2018-10-03 09:06:47,2018-10-03 09:07:08,2018-10-10,15.0421875,14.958414351851852,14.958171296296296,8.338125,After Disclosure,2018,42,0,3931.5,60.5,444.0
CVE-2018-12542,io.vertx:vertx-web,com.github.mcollovati.vertx:vertx-vaadin8,mcollovati/vertx-vaadin,https://github.com/mcollovati/vertx-vaadin/commit/80bd415f3fae44850a7cc795a1ae3a20382ef3b3,2018-11-03 18:00:20,1,Transparent,T1,T1,False,High,7.5,CWE-22,2018-10-03 07:06:09,2018-10-03 09:06:47,2018-10-03 09:07:08,2018-10-10,31.45429398148148,31.370520833333334,31.370277777777776,24.75023148148148,After Disclosure,2018,42,0,2733.0,48.0,444.0
CVE-2018-12542,io.vertx:vertx-web,org.eclipse.hono:hono-adapter-http-vertx-base,eclipse/hono,https://github.com/eclipse/hono/commit/25ff0583daaadced41b48de07923c41f01c0d74c,2018-10-08 08:24:25,1,Transparent,T1,T1,False,High,7.5,CWE-22,2018-10-03 07:06:09,2018-10-03 09:06:47,2018-10-03 09:07:08,2018-10-10,5.054351851851852,4.970578703703704,4.970335648148148,-1.649710648148148,Release->Disclosure,2018,42,0,406.0,4.0,444.0
CVE-2018-12542,io.vertx:vertx-web,in.erail:api-framework,vinscom/api-framework,https://github.com/vinscom/api-framework/commit/f272ce877ce93a11aa14b4d367df5fdcae93d989,2018-10-04 21:25:26,2,Transparent,T1,T1,False,High,7.5,CWE-22,2018-10-03 07:06:09,2018-10-03 09:06:47,2018-10-03 09:07:08,2018-10-10,1.596724537037037,1.5129513888888888,1.5127083333333333,-5.107337962962963,Release->Disclosure,2018,42,0,2599.0,43.0,444.0
CVE-2018-12542,io.vertx:vertx-web,org.swisspush:rest-storage,swisspush/vertx-rest-storage,https://github.com/swisspush/vertx-rest-storage/commit/b69a3d627d688648aba16621487cb5a1db76aac8,2022-01-10 09:47:15,3,Transparent,T1,T1,False,High,7.5,CWE-22,2018-10-03 07:06:09,2018-10-03 09:06:47,2018-10-03 09:07:08,2018-10-10,1195.111875,1195.028101851852,1195.0278587962962,1188.4078125,After Disclosure,2018,42,0,3147.0,43.0,444.0
CVE-2018-1314,org.apache.hive:hive-exec,org.apache.ranger:ranger-hive-plugin,apache/ranger,https://github.com/apache/ranger/commit/f78cf3f7aec119f7613b5dca98710aa3138e2d75,2019-02-28 00:05:32,1,Transparent,T1,T1,False,Medium,4.0,CWE-862,2018-02-23 00:27:00,2018-10-25 11:09:00,2018-10-31 14:19:11,2018-11-08,369.9850925925926,125.53925925925925,119.4071875,112.00384259259259,After Disclosure,2018,24,0,2108.0,27.0,1981.0
CVE-2018-1314,org.apache.hive:hive-exec,nl.basjes.parse.httpdlog:httpdlog-serde,nielsbasjes/logparser,https://github.com/nielsbasjes/logparser/commit/2a02887c93f1ed2ba36894dbf1a43d36f1d7f3df,2019-01-08 14:10:36,1,Transparent,T1,T1,False,Medium,4.0,CWE-862,2018-02-23 00:27:00,2018-10-25 11:09:00,2018-10-31 14:19:11,2018-11-08,319.57194444444445,75.12611111111111,68.99403935185185,61.590694444444445,After Disclosure,2018,24,0,214.0,3.0,1981.0
CVE-2017-3164,org.apache.solr:solr-core,org.opensextant:opensextant-xponents,OpenSextant/Xponents,https://github.com/OpenSextant/Xponents/commit/a932fab1e2f0550e168b6a378a8cefede92de724,2019-01-25 23:57:32,1,Transparent,T1,T1,False,Medium,5.0,CWE-918,2018-09-14 14:45:00,2019-01-15 11:44:57,2019-03-04 01:58:51,2019-03-08,133.3837037037037,10.508738425925927,-37.08424768518518,-41.00171296296296,Fix->Release,2019,14,0,15496.0,138.0,0.0
CVE-2017-3164,org.apache.solr:solr-core,cool.solr:solr-util,solr-cool/solr-util,https://github.com/solr-cool/solr-util/commit/74004a448d2408e9cf089260153d5b2422fa32d2,2020-12-22 08:55:02,4,Transparent,T1,T1,False,Medium,5.0,CWE-918,2018-09-14 14:45:00,2019-01-15 11:44:57,2019-03-04 01:58:51,2019-03-08,829.7569675925926,706.8820023148148,659.2890162037037,655.3715509259259,After Disclosure,2019,14,0,615.0,11.0,0.0
CVE-2017-3164,org.apache.solr:solr-core,com.lucidworks.spark:spark-solr,LucidWorks/spark-solr,https://github.com/LucidWorks/spark-solr/commit/8df54fcb1ff8389728c372a8989c67a2d00c97ae,2019-01-29 19:26:30,1,Transparent,T1,T1,False,Medium,5.0,CWE-918,2018-09-14 14:45:00,2019-01-15 11:44:57,2019-03-04 01:58:51,2019-03-08,137.1954861111111,14.320520833333333,-33.272465277777776,-37.189930555555556,Fix->Release,2019,14,0,27951.0,431.0,0.0
CVE-2017-3164,org.apache.solr:solr-core,cool.solr:solr-analyzers,solr-cool/solr-analyzers,https://github.com/solr-cool/solr-analyzers/commit/250d555e02c92f5716bef67b6ae6e1700c25e13a,2021-06-01 20:33:47,2,Transparent,T1,T1,False,Medium,5.0,CWE-918,2018-09-14 14:45:00,2019-01-15 11:44:57,2019-03-04 01:58:51,2019-03-08,991.2422106481481,868.3672453703704,820.7742592592592,816.8567939814815,After Disclosure,2019,14,0,356.0,5.0,0.0
CVE-2017-3164,org.apache.solr:solr-core,cool.solr:solr-thymeleaf,solr-cool/solr-thymeleaf,https://github.com/solr-cool/solr-thymeleaf/commit/2eca07b234865945c65b783ff0dbced6d15e5d8a,2020-08-25 17:40:51,2,Transparent,T1,T1,False,Medium,5.0,CWE-918,2018-09-14 14:45:00,2019-01-15 11:44:57,2019-03-04 01:58:51,2019-03-08,711.1221180555556,588.2471527777777,540.6541666666667,536.7367013888888,After Disclosure,2019,14,0,381.0,5.0,0.0
CVE-2015-0899,struts:struts,com.github.hazendaz:displaytag,hazendaz/displaytag,https://github.com/hazendaz/displaytag/commit/29837d22e6ca55041244ee8c9e95f629e8884d90,2017-11-26 02:09:02,3,Silent,S1,T4,True,Medium,5.0,CWE-20,,2015-05-13 10:27:13,2016-06-08 11:38:30,2016-07-04,,927.6540393518519,535.6045370370371,510.0896064814815,After Disclosure,2016,31,0,10331.0,128.0,0.0
CVE-2015-0899,struts:struts,net.anotheria:moskito-web,anotheria/moskito,https://github.com/anotheria/moskito/commit/f9eddfe017fc658e772ff133814ef96b38668994,2020-12-03 14:37:43,3,Silent,S1,T4,True,Medium,5.0,CWE-20,,2015-05-13 10:27:13,2016-06-08 11:38:30,2016-07-04,,2031.1739583333333,1639.1244560185185,1613.609525462963,After Disclosure,2016,31,0,1166.0,16.0,0.0
CVE-2022-21724,org.postgresql:postgresql,com.aceql:aceql-http,kawansoft/aceql-http,https://github.com/kawansoft/aceql-http/commit/599bd0aba113a9c714c5b9b44adb2fd7eedc13ef,2022-02-07 13:48:34,2,Silent,S1,T4,True,High,7.5,CWE-665,,2022-02-01 07:27:13,2022-02-01 09:47:11,2022-02-02,,6.264826388888889,6.167627314814815,5.575393518518519,After Disclosure,2022,200,0,17233.0,216.0,980.0
CVE-2022-21724,org.postgresql:postgresql,de.digitalcollections.cudami:dc-cudami-server-backend-jdbi,dbmdz/cudami,https://github.com/dbmdz/cudami/commit/a4e13cbd28a9b88ee0242f9a0f832522d9d8a723,2022-04-11 09:12:25,1,Silent,S1,T4,True,High,7.5,CWE-665,,2022-02-01 07:27:13,2022-02-01 09:47:11,2022-02-02,,69.07305555555556,68.97585648148149,68.38362268518519,After Disclosure,2022,200,0,1256.0,13.0,980.0
CVE-2022-21724,org.postgresql:postgresql,org.ehrbase.openehr:service,ehrbase/ehrbase,https://github.com/ehrbase/ehrbase/commit/f29dd5dfdfd43a3fccfbb450829b8bb957659a7b,2022-02-16 08:06:58,1,Silent,S1,T4,True,High,7.5,CWE-665,,2022-02-01 07:27:13,2022-02-01 09:47:11,2022-02-02,,15.027604166666666,14.930405092592592,14.338171296296297,After Disclosure,2022,200,0,23747.0,321.0,980.0
CVE-2022-21724,org.postgresql:postgresql,io.zonky.test:embedded-postgres,zonkyio/embedded-postgres,https://github.com/zonkyio/embedded-postgres/commit/63bc0de48b06e1119ac473d16565fe1913fe3514,2022-05-08 19:09:48,1,Silent,S1,T4,True,High,7.5,CWE-665,,2022-02-01 07:27:13,2022-02-01 09:47:11,2022-02-02,,96.4879050925926,96.39070601851851,95.79847222222222,After Disclosure,2022,200,0,1653.5,25.0,980.0
CVE-2022-21724,org.postgresql:postgresql,org.fastquery:fastquery,xixifeng/fastquery,https://github.com/xixifeng/fastquery/commit/64132fe8155dd23968d9a9932a759397d3921ea3,2022-04-08 02:23:05,2,Silent,S1,T4,True,High,7.5,CWE-665,,2022-02-01 07:27:13,2022-02-01 09:47:11,2022-02-02,,65.7887962962963,65.69159722222223,65.09936342592593,After Disclosure,2022,200,0,7263.0,132.0,980.0
CVE-2022-21724,org.postgresql:postgresql,io.americanexpress:synapse-data-postgres,americanexpress/synapse,https://github.com/americanexpress/synapse/commit/44764ff467a54337a0eee14e37ad41f02ef0825d,2022-04-04 21:27:02,2,Silent,S1,T4,True,High,7.5,CWE-665,,2022-02-01 07:27:13,2022-02-01 09:47:11,2022-02-02,,62.58320601851852,62.48600694444445,61.89377314814815,After Disclosure,2022,200,0,181.0,2.0,980.0
CVE-2022-21724,org.postgresql:postgresql,org.logevents:logevents-servlets-demo,jhannes/logevents,https://github.com/jhannes/logevents/commit/d12a07ce0ccdd64eb9d39bba27cd0ea5edc7f447,2022-02-17 22:32:40,1,Silent,S1,T4,True,High,7.5,CWE-665,,2022-02-01 07:27:13,2022-02-01 09:47:11,2022-02-02,,16.62878472222222,16.53158564814815,15.939351851851852,After Disclosure,2022,200,0,244.0,5.5,980.0
CVE-2022-21724,org.postgresql:postgresql,com.baidu.hugegraph:hugegraph-loader,hugegraph/hugegraph-loader,https://github.com/hugegraph/hugegraph-loader/commit/a21ae61436563e7f40ca333414bba66046d6b226,2022-02-17 05:23:10,2,Silent,S1,T4,True,High,7.5,CWE-665,,2022-02-01 07:27:13,2022-02-01 09:47:11,2022-02-02,,15.913854166666667,15.816655092592592,15.224421296296295,After Disclosure,2022,200,0,7373.0,115.0,980.0
CVE-2019-10093,org.apache.tika:tika-parsers,org.icij.extract:extract-lib,ICIJ/extract,https://github.com/ICIJ/extract/commit/6cc8702505856941396b36ca51ecc5c74fd71c4a,2019-08-12 15:16:40,1,Transparent,T1,T1,False,Medium,4.3,CWE-770,2019-07-24 12:14:01,2019-07-24 08:23:09,2019-07-29 12:10:42,2019-08-02,19.126840277777777,19.287164351851853,14.129143518518518,10.636574074074074,After Disclosure,2019,15,0,5488.0,113.0,809.0
CVE-2019-10093,org.apache.tika:tika-parsers,fr.pilato.elasticsearch.crawler:fscrawler-tika,dadoonet/fscrawler,https://github.com/dadoonet/fscrawler/commit/20e32d874edc2c4cc661648d568d5803c0e2e145,2019-08-02 04:26:53,1,Transparent,T1,T1,False,Medium,4.3,CWE-770,2019-07-24 12:14:01,2019-07-24 08:23:09,2019-07-29 12:10:42,2019-08-02,8.675601851851852,8.835925925925926,3.6779050925925927,0.18533564814814815,After Disclosure,2019,15,0,633.0,10.0,809.0
CVE-2019-10093,org.apache.tika:tika-parsers,uk.ac.gate:gate-core,GateNLP/gate-core,https://github.com/GateNLP/gate-core/commit/5f004c41cc6d53c96a0dbfa3a8ee36b3f19be1a7,2019-08-09 08:37:03,1,Transparent,T1,T1,False,Medium,4.3,CWE-770,2019-07-24 12:14:01,2019-07-24 08:23:09,2019-07-29 12:10:42,2019-08-02,15.849328703703703,16.009652777777777,10.851631944444444,7.3590625,After Disclosure,2019,15,0,138899.0,2226.0,809.0
CVE-2019-10093,org.apache.tika:tika-parsers,org.codelibs.fess:fess-crawler,codelibs/fess-crawler,https://github.com/codelibs/fess-crawler/commit/f97257a21126c68faf9fad7f20febd9fa5e909c8,2019-08-12 06:08:21,1,Transparent,T1,T1,False,Medium,4.3,CWE-770,2019-07-24 12:14:01,2019-07-24 08:23:09,2019-07-29 12:10:42,2019-08-02,18.746064814814815,18.906388888888888,13.748368055555556,10.25579861111111,After Disclosure,2019,15,0,11447.0,152.0,809.0
CVE-2019-10093,org.apache.tika:tika-parsers,com.digitalpebble.stormcrawler:storm-crawler-tika,DigitalPebble/storm-crawler,https://github.com/DigitalPebble/storm-crawler/commit/ba44d1d3801e8ce20bba93f7617bbe08b299bc3c,2019-08-05 06:21:16,3,Transparent,T1,T1,False,Medium,4.3,CWE-770,2019-07-24 12:14:01,2019-07-24 08:23:09,2019-07-29 12:10:42,2019-08-02,11.755034722222222,11.915358796296296,6.757337962962963,3.2647685185185185,After Disclosure,2019,15,0,578.5,4.0,809.0
CVE-2019-10093,org.apache.tika:tika-parsers,org.apache.any23:apache-any23-core,apache/any23,https://github.com/apache/any23/commit/8bff6e435a81a6271203297bfdc7cecde3fc4227,2019-09-23 03:48:26,1,Transparent,T1,T1,False,Medium,4.3,CWE-770,2019-07-24 12:14:01,2019-07-24 08:23:09,2019-07-29 12:10:42,2019-08-02,60.64890046296296,60.80922453703704,55.6512037037037,52.15863425925926,After Disclosure,2019,15,0,16195.0,266.0,809.0
CVE-2018-15756,org.springframework:spring-web,org.apache.openmeetings:openmeetings-db,apache/openmeetings,https://github.com/apache/openmeetings/commit/f5199b424831ee0e99011fd6805bdd51bf6d3303,2018-10-28 06:40:20,1,Silent,S1,S1,False,Medium,5.0,,,2018-10-14 22:53:33,2018-10-15 08:01:46,2018-10-18,,13.324155092592592,12.943449074074074,10.278009259259258,After Disclosure,2018,70,0,28869.5,138.0,21576.0
CVE-2018-15756,org.springframework:spring-web,ca.uhn.hapi.fhir:hapi-fhir-cli-api,hapifhir/hapi-fhir,https://github.com/hapifhir/hapi-fhir/commit/3121334bfdd2d5f4ece70b370891a56e862f9dc5,2018-11-07 23:28:28,2,Silent,S1,S1,False,Medium,5.0,,,2018-10-14 22:53:33,2018-10-15 08:01:46,2018-10-18,,24.024247685185184,23.643541666666668,20.978101851851854,After Disclosure,2018,70,0,3387.0,32.0,21576.0
CVE-2018-15756,org.springframework:spring-web,com.consol.citrus:citrus-http,citrusframework/citrus,https://github.com/citrusframework/citrus/commit/c515758a7911b32fea8c5adbac351aafac34d148,2020-03-11 10:27:47,1,Silent,S1,S1,False,Medium,5.0,,,2018-10-14 22:53:33,2018-10-15 08:01:46,2018-10-18,,513.4821064814815,513.1014004629629,510.4359606481481,After Disclosure,2018,70,0,4163.5,61.0,21576.0
CVE-2019-17359,org.bouncycastle:bcprov-jdk15on,io.mangoo:mangooio-core,svenkubiak/mangooio,https://github.com/svenkubiak/mangooio/commit/4f82524d1cf176073fcc267e713b406da0098369,2019-10-10 09:24:00,1,Silent,S1,S1,False,Medium,5.0,CWE-770,,2019-09-30 06:55:22,2019-10-06 21:05:42,2019-10-08,,10.103217592592593,3.5127083333333333,2.3916666666666666,After Disclosure,2019,43,0,7903.5,109.0,956.0
CVE-2019-17359,org.bouncycastle:bcprov-jdk15on,com.helger:ph-bc,phax/ph-commons,https://github.com/phax/ph-commons/commit/feee982d02a8413de18c0ee894625f279e216278,2019-10-13 22:36:32,1,Silent,S1,S1,False,Medium,5.0,CWE-770,,2019-09-30 06:55:22,2019-10-06 21:05:42,2019-10-08,,13.653587962962963,7.063078703703703,5.9420370370370375,After Disclosure,2019,43,0,52.0,2.0,956.0
CVE-2019-17359,org.bouncycastle:bcprov-jdk15on,org.jboss.aerogear.unifiedpush:unifiedpush-model-api,aerogear/aerogear-unifiedpush-server,https://github.com/aerogear/aerogear-unifiedpush-server/commit/048cf4383778f3c281242aa78f4474083f8809e3,2020-07-09 13:12:53,1,Silent,S1,S1,False,Medium,5.0,CWE-770,,2019-09-30 06:55:22,2019-10-06 21:05:42,2019-10-08,,283.2621643518519,276.6716550925926,275.5506134259259,After Disclosure,2019,43,0,1257.0,32.0,956.0
CVE-2019-17359,org.bouncycastle:bcprov-jdk15on,de.dentrassi.maven:rpm,ctron/rpm-builder,https://github.com/ctron/rpm-builder/commit/623c86ae75e0b4517aa26694edf6dfcdc0942e96,2021-11-29 08:51:05,1,Silent,S1,S1,False,Medium,5.0,CWE-770,,2019-09-30 06:55:22,2019-10-06 21:05:42,2019-10-08,,791.0803587962963,784.489849537037,783.3688078703703,After Disclosure,2019,43,0,5185.0,88.0,956.0
CVE-2018-11802,org.apache.solr:solr-core,cool.solr:solr-analyzers,solr-cool/solr-analyzers,https://github.com/solr-cool/solr-analyzers/commit/250d555e02c92f5716bef67b6ae6e1700c25e13a,2021-06-01 20:33:47,2,Silent,S1,S1,False,Medium,4.0,CWE-863,,2019-01-04 15:03:47,2019-02-04 09:44:46,2020-04-01,,879.2291666666666,848.4507060185185,426.8567939814815,After Disclosure,2020,14,0,356.0,5.0,2024.0
CVE-2018-11802,org.apache.solr:solr-core,cool.solr:solr-util,solr-cool/solr-util,https://github.com/solr-cool/solr-util/commit/74004a448d2408e9cf089260153d5b2422fa32d2,2020-12-22 08:55:02,4,Silent,S1,S1,False,Medium,4.0,CWE-863,,2019-01-04 15:03:47,2019-02-04 09:44:46,2020-04-01,,717.7439236111111,686.965462962963,265.37155092592593,After Disclosure,2020,14,0,615.0,11.0,2024.0
CVE-2018-11802,org.apache.solr:solr-core,cool.solr:solr-thymeleaf,solr-cool/solr-thymeleaf,https://github.com/solr-cool/solr-thymeleaf/commit/2eca07b234865945c65b783ff0dbced6d15e5d8a,2020-08-25 17:40:51,2,Silent,S1,S1,False,Medium,4.0,CWE-863,,2019-01-04 15:03:47,2019-02-04 09:44:46,2020-04-01,,599.1090740740741,568.3306134259259,146.7367013888889,After Disclosure,2020,14,0,381.0,5.0,2024.0
CVE-2020-26259,com.thoughtworks.xstream:xstream,com.github.spotbugs:sonar-findbugs-plugin,spotbugs/sonar-findbugs,https://github.com/spotbugs/sonar-findbugs/commit/b90ee32f663bbca4f3150396b50f1cb363b006a6,2020-12-30 10:27:06,1,Silent,S1,T4,True,Medium,6.4,CWE-78,,2020-12-12 19:40:25,2020-12-13 00:21:52,2020-12-15,,17.615752314814817,17.420300925925925,15.43548611111111,After Disclosure,2020,179,0,13133.0,191.0,515.0
CVE-2020-26259,com.thoughtworks.xstream:xstream,com.sangupta:jerry-core,sangupta/jerry-core,https://github.com/sangupta/jerry-core/commit/380b8ce5df0ffb3edf334d129d58deb200802fee,2021-08-25 15:34:34,10,Silent,S1,T4,True,Medium,6.4,CWE-78,,2020-12-12 19:40:25,2020-12-13 00:21:52,2020-12-15,,255.82927083333334,255.63381944444444,253.64900462962962,After Disclosure,2020,179,0,9933.0,108.0,515.0
CVE-2020-26259,com.thoughtworks.xstream:xstream,org.cyclonedx:cyclonedx-core-java,CycloneDX/cyclonedx-core-java,https://github.com/CycloneDX/cyclonedx-core-java/commit/3d681070a34095a024fe4a3d253549e2c3eedc8b,2020-12-14 15:48:03,2,Silent,S1,T4,True,Medium,6.4,CWE-78,,2020-12-12 19:40:25,2020-12-13 00:21:52,2020-12-15,,1.8386342592592593,1.6431828703703704,-0.34163194444444445,Release->Disclosure,2020,179,0,1976.0,32.0,515.0
CVE-2020-26259,com.thoughtworks.xstream:xstream,org.wicketstuff:jqplot4java,wicketstuff/core,https://github.com/wicketstuff/core/commit/dac5f25b4b29691f9afebde71aff714dfa264a81,2020-12-21 17:09:27,1,Silent,S1,T4,True,Medium,6.4,CWE-78,,2020-12-12 19:40:25,2020-12-13 00:21:52,2020-12-15,,8.895162037037037,8.699710648148148,6.714895833333333,After Disclosure,2020,179,0,6072.0,85.0,515.0
CVE-2020-26259,com.thoughtworks.xstream:xstream,org.ikasan:ikasan-builder,ikasanEIP/ikasan,https://github.com/ikasanEIP/ikasan/commit/f3046e83a2231cc76d98c01c8fecc3715229b468,2021-05-04 20:07:15,6,Silent,S1,T4,True,Medium,6.4,CWE-78,,2020-12-12 19:40:25,2020-12-13 00:21:52,2020-12-15,,143.01863425925927,142.82318287037037,140.83836805555555,After Disclosure,2020,179,0,6070.0,86.0,515.0
CVE-2020-26259,com.thoughtworks.xstream:xstream,org.neo4j.build.plugins:licensing-maven-plugin,neo4j/licensing-maven-plugin,https://github.com/neo4j/licensing-maven-plugin/commit/26a039e7f2d41eada122c97686b5b0f0553d5538,2021-04-23 06:57:29,5,Silent,S1,T4,True,Medium,6.4,CWE-78,,2020-12-12 19:40:25,2020-12-13 00:21:52,2020-12-15,,131.4701851851852,131.2747337962963,129.2899189814815,After Disclosure,2020,179,0,1627.0,14.0,515.0
CVE-2020-26259,com.thoughtworks.xstream:xstream,com.thankjava.toolkit3d:fast-toolkit3d,lazy-koala/java-toolkit,https://github.com/lazy-koala/java-toolkit/commit/16d615c76b02bc1b470e1adfe1ef8e2894e196e4,2021-03-22 23:46:33,5,Silent,S1,T4,True,Medium,6.4,CWE-78,,2020-12-12 19:40:25,2020-12-13 00:21:52,2020-12-15,,100.17092592592593,99.97547453703703,97.99065972222222,After Disclosure,2020,179,0,3457.0,53.0,515.0
CVE-2020-26259,com.thoughtworks.xstream:xstream,org.jeasy:easy-batch-xstream,j-easy/easy-batch,https://github.com/j-easy/easy-batch/commit/d20af19f2e59707c9b56ed4c54bf034d346325fd,2020-12-18 21:50:32,1,Silent,S1,T4,True,Medium,6.4,CWE-78,,2020-12-12 19:40:25,2020-12-13 00:21:52,2020-12-15,,6.090358796296297,5.894907407407407,3.9100925925925925,After Disclosure,2020,179,0,53.0,2.0,515.0
CVE-2020-26259,com.thoughtworks.xstream:xstream,com.naspat:wx-tools-pay,naspart/wx-tools,https://github.com/naspart/wx-tools/commit/51de53350d981f4b2935e1eec4e63786610a6e11,2021-02-18 09:28:38,1,Silent,S1,T4,True,Medium,6.4,CWE-78,,2020-12-12 19:40:25,2020-12-13 00:21:52,2020-12-15,,67.57515046296297,67.37969907407407,65.39488425925926,After Disclosure,2020,179,0,18718.0,151.0,515.0
CVE-2020-26259,com.thoughtworks.xstream:xstream,com.github.psi-probe:psi-probe-core,psi-probe/psi-probe,https://github.com/psi-probe/psi-probe/commit/7fdf6ebd0a3c1a717b799d2332053aebf2ff0c7a,2020-12-14 06:17:48,1,Silent,S1,T4,True,Medium,6.4,CWE-78,,2020-12-12 19:40:25,2020-12-13 00:21:52,2020-12-15,,1.4426273148148148,1.2471759259259259,-0.7376388888888888,Release->Disclosure,2020,179,0,19822.0,302.0,515.0
CVE-2020-26259,com.thoughtworks.xstream:xstream,store.jesframework:jes-core,egetman/jes,https://github.com/egetman/jes/commit/a3bf2ae1e1e67221b938f06528a2344e101f6b2d,2020-12-21 16:58:10,1,Silent,S1,T4,True,Medium,6.4,CWE-78,,2020-12-12 19:40:25,2020-12-13 00:21:52,2020-12-15,,8.887326388888889,8.691875,6.707060185185185,After Disclosure,2020,179,0,4091.0,99.0,515.0
CVE-2020-26259,com.thoughtworks.xstream:xstream,org.powertac:common,powertac/powertac-core,https://github.com/powertac/powertac-core/commit/80347a5ace41abfa7aacafb572759d81d54724bb,2020-12-15 17:26:29,1,Silent,S1,T4,True,Medium,6.4,CWE-78,,2020-12-12 19:40:25,2020-12-13 00:21:52,2020-12-15,,2.9069907407407407,2.711539351851852,0.726724537037037,After Disclosure,2020,179,0,8040.0,110.0,515.0
CVE-2020-26259,com.thoughtworks.xstream:xstream,de.alpharogroup:email-tails,lightblueseas/email-tails,https://github.com/lightblueseas/email-tails/commit/997627a510bf8c40e6f2e0f799827ba5c7180a44,2022-02-28 14:46:26,14,Silent,S1,T4,True,Medium,6.4,CWE-78,,2020-12-12 19:40:25,2020-12-13 00:21:52,2020-12-15,,442.7958449074074,442.6003935185185,440.6155787037037,After Disclosure,2020,179,0,1002.0,12.0,515.0
CVE-2020-26259,com.thoughtworks.xstream:xstream,net.ripe.rpki:rpki-commons,RIPE-NCC/rpki-commons,https://github.com/RIPE-NCC/rpki-commons/commit/441684836fc19396aea8d97b6de9140466d69f31,2020-12-21 15:10:49,1,Silent,S1,T4,True,Medium,6.4,CWE-78,,2020-12-12 19:40:25,2020-12-13 00:21:52,2020-12-15,,8.812777777777777,8.61732638888889,6.632511574074074,After Disclosure,2020,179,0,11426.0,225.0,515.0
CVE-2020-26259,com.thoughtworks.xstream:xstream,com.swiftmq:swiftmq-client,iitsoftware/swiftmq-client,https://github.com/iitsoftware/swiftmq-client/commit/1d2e776087315d2e972a202e7898f786de080399,2020-12-21 16:53:53,1,Silent,S1,T4,True,Medium,6.4,CWE-78,,2020-12-12 19:40:25,2020-12-13 00:21:52,2020-12-15,,8.884351851851852,8.688900462962962,6.704085648148149,After Disclosure,2020,179,0,149380.0,1984.0,515.0
CVE-2020-26259,com.thoughtworks.xstream:xstream,org.patterntesting:patterntesting-rt,oboehm/PatternTesting2,https://github.com/oboehm/PatternTesting2/commit/23be204ec99d64604a7122c4f8cefb423ba6a340,2021-05-18 20:26:17,3,Silent,S1,T4,True,Medium,6.4,CWE-78,,2020-12-12 19:40:25,2020-12-13 00:21:52,2020-12-15,,157.03185185185185,156.83640046296296,154.85158564814816,After Disclosure,2020,179,0,11982.0,199.0,515.0
CVE-2020-26259,com.thoughtworks.xstream:xstream,no.mnemonic.messaging:requestsink-jms,mnemonic-no/messaging,https://github.com/mnemonic-no/messaging/commit/be97b8f6cc89c15a4a46ea91fb287a6866805d68,2020-12-16 11:02:49,1,Silent,S1,T4,True,Medium,6.4,CWE-78,,2020-12-12 19:40:25,2020-12-13 00:21:52,2020-12-15,,3.6405555555555558,3.445104166666667,1.4602893518518518,After Disclosure,2020,179,0,2679.0,37.0,515.0
CVE-2020-26259,com.thoughtworks.xstream:xstream,com.xceptance:xlt,Xceptance/XLT,https://github.com/Xceptance/XLT/commit/c11b5e4a66dad8b821f68be09d1cf4de90630753,2021-06-02 12:44:03,5,Silent,S1,T4,True,Medium,6.4,CWE-78,,2020-12-12 19:40:25,2020-12-13 00:21:52,2020-12-15,,171.71085648148147,171.5154050925926,169.53059027777778,After Disclosure,2020,179,0,146667.0,2303.0,515.0
CVE-2020-26259,com.thoughtworks.xstream:xstream,com.btc-ag.redg:redg-generator,btc-ag/redg,https://github.com/btc-ag/redg/commit/c47593c9b555254a369d2f5dc2d6fcfc21be7d3d,2021-06-06 14:20:45,5,Silent,S1,T4,True,Medium,6.4,CWE-78,,2020-12-12 19:40:25,2020-12-13 00:21:52,2020-12-15,,175.77800925925925,175.58255787037038,173.59774305555555,After Disclosure,2020,179,0,1890.0,43.0,515.0
CVE-2020-26259,com.thoughtworks.xstream:xstream,io.quarkus:quarkus-junit5,quarkusio/quarkus,https://github.com/quarkusio/quarkus/commit/267dd815e99e4b4bc8a3ccc0b2b6475f74278c69,2021-01-08 12:36:32,1,Silent,S1,T4,True,Medium,6.4,CWE-78,,2020-12-12 19:40:25,2020-12-13 00:21:52,2020-12-15,,26.705636574074074,26.510185185185186,24.52537037037037,After Disclosure,2020,179,0,1063.0,31.0,515.0
CVE-2020-26259,com.thoughtworks.xstream:xstream,org.javalite:javalite-async,javalite/activejdbc,https://github.com/javalite/activejdbc/commit/9d6517b4d1ba17fb6571c4abd369795fca7287ce,2021-04-20 21:36:46,5,Silent,S1,T4,True,Medium,6.4,CWE-78,,2020-12-12 19:40:25,2020-12-13 00:21:52,2020-12-15,,129.0807986111111,128.8853472222222,126.90053240740741,After Disclosure,2020,179,0,1147.0,13.0,515.0
CVE-2020-26259,com.thoughtworks.xstream:xstream,ro.pippo:pippo-xstream,pippo-java/pippo,https://github.com/pippo-java/pippo/commit/58397c14e558073bc4f934d0a84685d8e9f39ac7,2021-05-19 09:02:02,5,Silent,S1,T4,True,Medium,6.4,CWE-78,,2020-12-12 19:40:25,2020-12-13 00:21:52,2020-12-15,,157.55667824074075,157.36122685185185,155.37641203703703,After Disclosure,2020,179,0,47.0,2.0,515.0
CVE-2020-26259,com.thoughtworks.xstream:xstream,org.infinispan:infinispan-server-core,infinispan/infinispan,https://github.com/infinispan/infinispan/commit/165a0bfa00c762d47220a00e65e33e29f3e9a4a5,2020-12-22 12:42:52,1,Silent,S1,T4,True,Medium,6.4,CWE-78,,2020-12-12 19:40:25,2020-12-13 00:21:52,2020-12-15,,9.710034722222222,9.514583333333333,7.529768518518519,After Disclosure,2020,179,0,4452.0,97.0,515.0
CVE-2020-26259,com.thoughtworks.xstream:xstream,de.digitalcollections.model:dc-model-xml,dbmdz/digitalcollections-model,https://github.com/dbmdz/digitalcollections-model/commit/c54bcd5fda77b5e6eae07cce6e2b2017a1269082,2021-01-11 11:56:37,1,Silent,S1,T4,True,Medium,6.4,CWE-78,,2020-12-12 19:40:25,2020-12-13 00:21:52,2020-12-15,,29.67791666666667,29.482465277777777,27.497650462962962,After Disclosure,2020,179,0,209.0,5.0,515.0
CVE-2018-8027,org.apache.camel:camel-core,com.consol.citrus:citrus-camel,citrusframework/citrus,https://github.com/citrusframework/citrus/commit/be3edc7753e095c62ce1068b54a2491baa01e9f1,2018-06-29 13:47:26,1,Transparent,T1,T1,False,High,7.5,CWE-611,2018-04-16 08:54:00,2018-04-16 10:58:01,2018-04-28 22:38:10,2018-07-31,74.20377314814814,74.11765046296296,61.63143518518518,-31.42539351851852,Release->Disclosure,2018,30,0,770.5,22.5,1625.0
CVE-2018-8027,org.apache.camel:camel-core,org.apache.plc4x:apache-camel,apache/incubator-plc4x,https://github.com/apache/incubator-plc4x/commit/22b44fe32bb837963b24b7c271e83f0c9a241854,2019-03-05 11:47:50,1,Transparent,T1,T1,False,High,7.5,CWE-611,2018-04-16 08:54:00,2018-04-16 10:58:01,2018-04-28 22:38:10,2018-07-31,323.1207175925926,323.0345949074074,310.5483796296296,217.49155092592594,After Disclosure,2018,30,0,426.0,6.0,1625.0
CVE-2021-21349,com.thoughtworks.xstream:xstream,com.swiftmq:swiftmq-client,iitsoftware/swiftmq-client,https://github.com/iitsoftware/swiftmq-client/commit/10eb973b3cfc9c5afa58868326306efcf2b82413,2021-03-22 23:52:39,4,Silent,S1,S1,False,Medium,5.0,CWE-918;CWE-502,,2021-03-09 23:55:45,2021-03-13 00:22:38,2021-03-22,,12.997847222222223,9.97917824074074,0.9948958333333333,After Disclosure,2021,179,0,149380.0,1984.0,542.0
CVE-2021-21349,com.thoughtworks.xstream:xstream,com.xceptance:xlt,Xceptance/XLT,https://github.com/Xceptance/XLT/commit/c11b5e4a66dad8b821f68be09d1cf4de90630753,2021-06-02 12:44:03,5,Silent,S1,S1,False,Medium,5.0,CWE-918;CWE-502,,2021-03-09 23:55:45,2021-03-13 00:22:38,2021-03-22,,84.53354166666666,81.51487268518518,72.53059027777778,After Disclosure,2021,179,0,146667.0,2303.0,542.0
CVE-2021-21349,com.thoughtworks.xstream:xstream,org.patterntesting:patterntesting-rt,oboehm/PatternTesting2,https://github.com/oboehm/PatternTesting2/commit/667cb549379023a3f7e114bb9bd88cd3ed19987d,2021-06-07 19:32:38,2,Silent,S1,S1,False,Medium,5.0,CWE-918;CWE-502,,2021-03-09 23:55:45,2021-03-13 00:22:38,2021-03-22,,89.8172800925926,86.79861111111111,77.81432870370371,After Disclosure,2021,179,0,11982.0,199.0,542.0
CVE-2021-21349,com.thoughtworks.xstream:xstream,com.sangupta:jerry-core,sangupta/jerry-core,https://github.com/sangupta/jerry-core/commit/ebc407d3406391432928e28e2ed6268030498529,2021-10-06 16:54:12,3,Silent,S1,S1,False,Medium,5.0,CWE-918;CWE-502,,2021-03-09 23:55:45,2021-03-13 00:22:38,2021-03-22,,210.70725694444445,207.68858796296297,198.70430555555555,After Disclosure,2021,179,0,9933.0,108.0,542.0
CVE-2021-21349,com.thoughtworks.xstream:xstream,ro.pippo:pippo-xstream,pippo-java/pippo,https://github.com/pippo-java/pippo/commit/58397c14e558073bc4f934d0a84685d8e9f39ac7,2021-05-19 09:02:02,5,Silent,S1,S1,False,Medium,5.0,CWE-918;CWE-502,,2021-03-09 23:55:45,2021-03-13 00:22:38,2021-03-22,,70.37936342592593,67.36069444444445,58.376412037037035,After Disclosure,2021,179,0,47.0,2.0,542.0
CVE-2021-21349,com.thoughtworks.xstream:xstream,org.infinispan:infinispan-server-core,infinispan/infinispan,https://github.com/infinispan/infinispan/commit/172f2d3831fefcb1a018bd4090232f74c59a44dd,2021-03-18 07:16:58,4,Silent,S1,S1,False,Medium,5.0,CWE-918;CWE-502,,2021-03-09 23:55:45,2021-03-13 00:22:38,2021-03-22,,8.306400462962962,5.287731481481481,-3.696550925925926,Release->Disclosure,2021,179,0,4452.0,97.0,542.0
CVE-2021-21349,com.thoughtworks.xstream:xstream,org.ikasan:ikasan-filetransfer-common,ikasanEIP/ikasan,https://github.com/ikasanEIP/ikasan/commit/f3046e83a2231cc76d98c01c8fecc3715229b468,2021-05-04 20:07:15,6,Silent,S1,S1,False,Medium,5.0,CWE-918;CWE-502,,2021-03-09 23:55:45,2021-03-13 00:22:38,2021-03-22,,55.841319444444444,52.82265046296296,43.838368055555556,After Disclosure,2021,179,0,2737.0,43.0,542.0
CVE-2021-21349,com.thoughtworks.xstream:xstream,org.smooks:smooks-core,smooks/smooks,https://github.com/smooks/smooks/commit/eb9cf831fe330ee8271612e2a3dbeb4ef0da2199,2021-03-22 18:24:46,4,Silent,S1,S1,False,Medium,5.0,CWE-918;CWE-502,,2021-03-09 23:55:45,2021-03-13 00:22:38,2021-03-22,,12.770150462962963,9.751481481481482,0.7671990740740741,After Disclosure,2021,179,0,19961.0,350.0,542.0
CVE-2021-21349,com.thoughtworks.xstream:xstream,org.javalite:javalite-async,javalite/activejdbc,https://github.com/javalite/activejdbc/commit/9d6517b4d1ba17fb6571c4abd369795fca7287ce,2021-04-20 21:36:46,5,Silent,S1,S1,False,Medium,5.0,CWE-918;CWE-502,,2021-03-09 23:55:45,2021-03-13 00:22:38,2021-03-22,,41.9034837962963,38.88481481481482,29.900532407407407,After Disclosure,2021,179,0,1147.0,13.0,542.0
CVE-2021-21349,com.thoughtworks.xstream:xstream,org.neo4j.build.plugins:licensing-maven-plugin,neo4j/licensing-maven-plugin,https://github.com/neo4j/licensing-maven-plugin/commit/26a039e7f2d41eada122c97686b5b0f0553d5538,2021-04-23 06:57:29,5,Silent,S1,S1,False,Medium,5.0,CWE-918;CWE-502,,2021-03-09 23:55:45,2021-03-13 00:22:38,2021-03-22,,44.29287037037037,41.27420138888889,32.289918981481485,After Disclosure,2021,179,0,1627.0,14.0,542.0
CVE-2021-21349,com.thoughtworks.xstream:xstream,com.github.psi-probe:psi-probe-core,psi-probe/psi-probe,https://github.com/psi-probe/psi-probe/commit/7fab8b106f725eab6eebb2bd99188605c105a2f7,2021-03-15 05:47:19,4,Silent,S1,S1,False,Medium,5.0,CWE-918;CWE-502,,2021-03-09 23:55:45,2021-03-13 00:22:38,2021-03-22,,5.244143518518518,2.2254745370370372,-6.7588078703703705,Release->Disclosure,2021,179,0,19822.0,302.0,542.0
CVE-2021-21349,com.thoughtworks.xstream:xstream,org.wicketstuff:jqplot4java,wicketstuff/core,https://github.com/wicketstuff/core/commit/8e386bd8dd2411f31c66bd45717f32fb40f9ad75,2021-03-23 06:56:31,4,Silent,S1,S1,False,Medium,5.0,CWE-918;CWE-502,,2021-03-09 23:55:45,2021-03-13 00:22:38,2021-03-22,,13.292199074074073,10.273530092592592,1.2892476851851853,After Disclosure,2021,179,0,6072.0,85.0,542.0
CVE-2021-21349,com.thoughtworks.xstream:xstream,org.kie.kogito:drools-compiler,kiegroup/kogito-runtimes,https://github.com/kiegroup/kogito-runtimes/commit/be534eb1bf87d95083fc9caa90b680b40f42c749,2021-05-15 06:57:43,13,Silent,S1,S1,False,Medium,5.0,CWE-918;CWE-502,,2021-03-09 23:55:45,2021-03-13 00:22:38,2021-03-22,,66.29303240740741,63.27436342592593,54.29008101851852,After Disclosure,2021,179,0,97108.0,770.0,542.0
CVE-2021-21349,com.thoughtworks.xstream:xstream,io.quarkus:quarkus-junit5,quarkusio/quarkus,https://github.com/quarkusio/quarkus/commit/2e61de4423803616d2a17ec25ac398b754005fd1,2021-03-15 22:06:04,4,Silent,S1,S1,False,Medium,5.0,CWE-918;CWE-502,,2021-03-09 23:55:45,2021-03-13 00:22:38,2021-03-22,,5.923831018518518,2.9051620370370372,-6.0791203703703705,Release->Disclosure,2021,179,0,1063.0,31.0,542.0
CVE-2021-21349,com.thoughtworks.xstream:xstream,com.btc-ag.redg:redg-generator,btc-ag/redg,https://github.com/btc-ag/redg/commit/c47593c9b555254a369d2f5dc2d6fcfc21be7d3d,2021-06-06 14:20:45,5,Silent,S1,S1,False,Medium,5.0,CWE-918;CWE-502,,2021-03-09 23:55:45,2021-03-13 00:22:38,2021-03-22,,88.60069444444444,85.58202546296296,76.59774305555555,After Disclosure,2021,179,0,1890.0,43.0,542.0
CVE-2021-21349,com.thoughtworks.xstream:xstream,no.mnemonic.messaging:requestsink-jms,mnemonic-no/messaging,https://github.com/mnemonic-no/messaging/commit/ad1d2ddde0f14edbade60c0c50acc40813048778,2021-04-19 13:56:09,4,Silent,S1,S1,False,Medium,5.0,CWE-918;CWE-502,,2021-03-09 23:55:45,2021-03-13 00:22:38,2021-03-22,,40.58361111111111,37.56494212962963,28.580659722222222,After Disclosure,2021,179,0,2679.0,37.0,542.0
CVE-2021-21349,com.thoughtworks.xstream:xstream,com.thankjava.toolkit3d:fast-toolkit3d,lazy-koala/java-toolkit,https://github.com/lazy-koala/java-toolkit/commit/16d615c76b02bc1b470e1adfe1ef8e2894e196e4,2021-03-22 23:46:33,5,Silent,S1,S1,False,Medium,5.0,CWE-918;CWE-502,,2021-03-09 23:55:45,2021-03-13 00:22:38,2021-03-22,,12.993611111111111,9.97494212962963,0.9906597222222222,After Disclosure,2021,179,0,3457.0,53.0,542.0
CVE-2021-21349,com.thoughtworks.xstream:xstream,de.alpharogroup:email-tails,lightblueseas/email-tails,https://github.com/lightblueseas/email-tails/commit/997627a510bf8c40e6f2e0f799827ba5c7180a44,2022-02-28 14:46:26,14,Silent,S1,S1,False,Medium,5.0,CWE-918;CWE-502,,2021-03-09 23:55:45,2021-03-13 00:22:38,2021-03-22,,355.6185300925926,352.5998611111111,343.6155787037037,After Disclosure,2021,179,0,1002.0,12.0,542.0
CVE-2021-21349,com.thoughtworks.xstream:xstream,org.powertac:common,powertac/powertac-core,https://github.com/powertac/powertac-core/commit/182d71556780cd823d9247b747e35df336090698,2021-03-22 23:48:47,4,Silent,S1,S1,False,Medium,5.0,CWE-918;CWE-502,,2021-03-09 23:55:45,2021-03-13 00:22:38,2021-03-22,,12.995162037037037,9.976493055555556,0.9922106481481482,After Disclosure,2021,179,0,8040.0,110.0,542.0
CVE-2021-21349,com.thoughtworks.xstream:xstream,net.ripe.rpki:rpki-commons,RIPE-NCC/rpki-commons,https://github.com/RIPE-NCC/rpki-commons/commit/7a2a808255688e09b67641e17abaa26a9ea163be,2021-03-22 23:46:26,4,Silent,S1,S1,False,Medium,5.0,CWE-918;CWE-502,,2021-03-09 23:55:45,2021-03-13 00:22:38,2021-03-22,,12.993530092592593,9.97486111111111,0.9905787037037037,After Disclosure,2021,179,0,11426.0,225.0,542.0
CVE-2021-21349,com.thoughtworks.xstream:xstream,com.github.spotbugs:sonar-findbugs-plugin,spotbugs/sonar-findbugs,https://github.com/spotbugs/sonar-findbugs/commit/046b7c1ba7d0411c201f4fad61145950614e093a,2021-05-19 04:10:58,4,Silent,S1,S1,False,Medium,5.0,CWE-918;CWE-502,,2021-03-09 23:55:45,2021-03-13 00:22:38,2021-03-22,,70.17723379629629,67.15856481481481,58.17428240740741,After Disclosure,2021,179,0,13133.0,191.0,542.0
CVE-2018-11771,org.apache.commons:commons-compress,com.fizzed:stork-deploy,fizzed/stork,https://github.com/fizzed/stork/commit/94fb23c6b86736f49445c9c52bd896c8150ebdf4,2021-08-02 16:57:24,2,Silent,S1,S1,False,Medium,4.3,CWE-835,,2018-08-09 20:39:23,2018-08-13 09:14:05,2018-08-16,,1088.8458449074074,1085.321747685185,1082.7065277777779,After Disclosure,2018,107,0,1674.5,23.0,83.0
CVE-2018-11771,org.apache.commons:commons-compress,org.owasp:dependency-check-core,jeremylong/DependencyCheck,https://github.com/jeremylong/DependencyCheck/commit/b850754bf177ec86e9daba82c4dca217da84b0da,2018-08-17 07:37:06,1,Silent,S1,S1,False,Medium,4.3,CWE-835,,2018-08-09 20:39:23,2018-08-13 09:14:05,2018-08-16,,7.456747685185185,3.932650462962963,1.3174305555555557,After Disclosure,2018,107,0,20066.0,227.5,83.0
CVE-2018-11771,org.apache.commons:commons-compress,com.sangupta:jerry-core,sangupta/jerry-core,https://github.com/sangupta/jerry-core/commit/67d6034f4c87c71c31957996b69b9995616e01b1,2019-02-20 21:02:55,1,Silent,S1,S1,False,Medium,4.3,CWE-835,,2018-08-09 20:39:23,2018-08-13 09:14:05,2018-08-16,,195.0163425925926,191.49224537037037,188.87702546296296,After Disclosure,2018,107,0,9933.0,108.0,83.0
CVE-2018-11771,org.apache.commons:commons-compress,org.webjars:webjars-locator-core,webjars/webjars-locator-core,https://github.com/webjars/webjars-locator-core/commit/4889f55b55f5f4b3e4ac91688bcf9a29e272a46a,2018-10-16 03:51:07,1,Silent,S1,S1,False,Medium,4.3,CWE-835,,2018-08-09 20:39:23,2018-08-13 09:14:05,2018-08-16,,67.29981481481481,63.77571759259259,61.160497685185184,After Disclosure,2018,107,0,801.0,14.0,83.0
CVE-2018-11771,org.apache.commons:commons-compress,gov.nasa.gsfc.heasarc:nom-tam-fits,nom-tam-fits/nom-tam-fits,https://github.com/nom-tam-fits/nom-tam-fits/commit/2a3fc7b8261a533959a87583993013c569e5f1ab,2019-07-11 12:19:11,1,Silent,S1,S1,False,Medium,4.3,CWE-835,,2018-08-09 20:39:23,2018-08-13 09:14:05,2018-08-16,,335.6526388888889,332.12854166666665,329.51332175925927,After Disclosure,2018,107,0,19390.0,289.0,83.0
CVE-2018-11771,org.apache.commons:commons-compress,com.lithium.flow:flow,lithiumtech/flow,https://github.com/lithiumtech/flow/commit/dfaad6843be0bdc77eb13316f00e07060feaefe2,2018-09-18 04:17:37,2,Silent,S1,S1,False,Medium,4.3,CWE-835,,2018-08-09 20:39:23,2018-08-13 09:14:05,2018-08-16,,39.318217592592596,35.79412037037037,33.178900462962964,After Disclosure,2018,107,0,13227.0,293.5,83.0
CVE-2018-11771,org.apache.commons:commons-compress,org.fuin.esmp:es-maven-plugin,fuinorg/event-store-maven-plugin,https://github.com/fuinorg/event-store-maven-plugin/commit/a20360471d390553b2df04c7290d370345ddb272,2019-01-02 09:34:05,3,Silent,S1,S1,False,Medium,4.3,CWE-835,,2018-08-09 20:39:23,2018-08-13 09:14:05,2018-08-16,,145.5379861111111,142.01388888888889,139.39866898148148,After Disclosure,2018,107,0,1584.0,11.0,83.0
CVE-2018-11771,org.apache.commons:commons-compress,com.nitorcreations:willow-deployer,NitorCreations/willow,https://github.com/NitorCreations/willow/commit/ee5b5a63b503e81154375a7b9265d78ff6fb023a,2020-03-24 08:46:52,1,Silent,S1,S1,False,Medium,4.3,CWE-835,,2018-08-09 20:39:23,2018-08-13 09:14:05,2018-08-16,,592.5051967592592,588.981099537037,586.3658796296296,After Disclosure,2018,107,0,3473.0,57.0,83.0
CVE-2018-11771,org.apache.commons:commons-compress,de.uni-rostock.sbi:ModelCrawler,binfalse/ModelCrawler,https://github.com/binfalse/ModelCrawler/commit/833e566caa633cc53b4e572b37152187ea96fdc2,2018-10-22 09:08:20,1,Silent,S1,S1,False,Medium,4.3,CWE-835,,2018-08-09 20:39:23,2018-08-13 09:14:05,2018-08-16,,73.52010416666667,69.99600694444445,67.38078703703704,After Disclosure,2018,107,0,3409.0,37.0,83.0
CVE-2018-11771,org.apache.commons:commons-compress,com.alibaba.otter:canal.parse,alibaba/canal,https://github.com/alibaba/canal/commit/5a2efbf9cb59009d003d40316d2513c3bddbbd1b,2019-04-07 10:23:53,1,Silent,S1,S1,False,Medium,4.3,CWE-835,,2018-08-09 20:39:23,2018-08-13 09:14:05,2018-08-16,,240.57256944444444,237.04847222222222,234.4332523148148,After Disclosure,2018,107,0,8886.0,118.0,83.0
CVE-2018-11771,org.apache.commons:commons-compress,com.graphhopper:graphhopper-tools,graphhopper/graphhopper,https://github.com/graphhopper/graphhopper/commit/cc331d5f04d761eb4b081ab25da66cb44aa2e396,2019-05-31 14:29:00,1,Silent,S1,S1,False,Medium,4.3,CWE-835,,2018-08-09 20:39:23,2018-08-13 09:14:05,2018-08-16,,294.74278935185185,291.21869212962963,288.6034722222222,After Disclosure,2018,107,0,1730.5,36.0,83.0
CVE-2018-11771,org.apache.commons:commons-compress,co.cask.cdap:cdap-app-fabric,caskdata/cdap,https://github.com/caskdata/cdap/commit/f584b9d1b62d8be5cddf1db9a26657dcafd1701f,2018-10-24 19:52:55,1,Silent,S1,S1,False,Medium,4.3,CWE-835,,2018-08-09 20:39:23,2018-08-13 09:14:05,2018-08-16,,75.96773148148148,72.44363425925926,69.82841435185185,After Disclosure,2018,107,0,39855.0,926.0,83.0
CVE-2018-11771,org.apache.commons:commons-compress,org.dishevelled:dsh-compress,heuermh/dishevelled,https://github.com/heuermh/dishevelled/commit/61f2052cb23814c94a6efc19edd1888b61c1c532,2018-10-19 17:53:54,1,Silent,S1,S1,False,Medium,4.3,CWE-835,,2018-08-09 20:39:23,2018-08-13 09:14:05,2018-08-16,,70.88508101851852,67.3609837962963,64.74576388888889,After Disclosure,2018,107,0,366.0,19.0,83.0
CVE-2018-11771,org.apache.commons:commons-compress,com.spotify:docker-client,spotify/docker-client,https://github.com/spotify/docker-client/commit/faaf94c831152efe564f72b4a7727b7247229e92,2018-10-22 16:00:28,1,Silent,S1,S1,False,Medium,4.3,CWE-835,,2018-08-09 20:39:23,2018-08-13 09:14:05,2018-08-16,,73.80630787037038,70.28221064814815,67.66699074074074,After Disclosure,2018,107,0,6488.0,93.0,83.0
CVE-2018-11771,org.apache.commons:commons-compress,org.rauschig:jarchivelib,thrau/jarchivelib,https://github.com/thrau/jarchivelib/commit/e4ae35e827e6cec651e625396c144cd5f00711df,2018-11-08 21:08:35,2,Silent,S1,S1,False,Medium,4.3,CWE-835,,2018-08-09 20:39:23,2018-08-13 09:14:05,2018-08-16,,91.02027777777778,87.49618055555555,84.88096064814815,After Disclosure,2018,107,0,1312.0,34.0,83.0
CVE-2018-11771,org.apache.commons:commons-compress,com.antwerkz.bottlerocket:bottlerocket,evanchooly/bottlerocket,https://github.com/evanchooly/bottlerocket/commit/a5c1ac001d2ebfd47c907aa64e10522100158378,2020-07-18 22:44:11,1,Silent,S1,S1,False,Medium,4.3,CWE-835,,2018-08-09 20:39:23,2018-08-13 09:14:05,2018-08-16,,709.0866666666667,705.5625694444444,702.947349537037,After Disclosure,2018,107,0,1821.0,31.0,83.0
CVE-2018-11771,org.apache.commons:commons-compress,io.arivera.oss:embedded-rabbitmq,AlejandroRivera/embedded-rabbitmq,https://github.com/AlejandroRivera/embedded-rabbitmq/commit/c903dc0e166bef6319aa84ca7d1ee5c5888bdfcd,2018-12-03 21:42:05,1,Silent,S1,S1,False,Medium,4.3,CWE-835,,2018-08-09 20:39:23,2018-08-13 09:14:05,2018-08-16,,116.04354166666667,112.51944444444445,109.90422453703704,After Disclosure,2018,107,0,2648.0,71.0,83.0
CVE-2018-11771,org.apache.commons:commons-compress,org.wikidata.wdtk:wdtk-client,Wikidata/Wikidata-Toolkit,https://github.com/Wikidata/Wikidata-Toolkit/commit/0c8bf00a9ce7f0283f79a9f7e39c433f4ca0a0cc,2019-06-12 13:38:23,1,Silent,S1,S1,False,Medium,4.3,CWE-835,,2018-08-09 20:39:23,2018-08-13 09:14:05,2018-08-16,,306.7076388888889,303.18354166666666,300.5683217592593,After Disclosure,2018,107,0,1803.0,18.0,83.0
CVE-2018-11771,org.apache.commons:commons-compress,com.aerse.maven:deb-maven-plugin,dernasherbrezon/deb-maven-plugin,https://github.com/dernasherbrezon/deb-maven-plugin/commit/a88e2a2a78365d1c9131bf97343e1c91c446f0d9,2018-10-19 19:18:53,1,Silent,S1,S1,False,Medium,4.3,CWE-835,,2018-08-09 20:39:23,2018-08-13 09:14:05,2018-08-16,,70.94409722222223,67.42,64.8047800925926,After Disclosure,2018,107,0,870.0,9.0,83.0
CVE-2018-11771,org.apache.commons:commons-compress,org.structr:structr-ui,structr/structr,https://github.com/structr/structr/commit/1e7687e857a86390cf38673d109cec7c40a9179b,2019-02-02 22:08:39,1,Silent,S1,S1,False,Medium,4.3,CWE-835,,2018-08-09 20:39:23,2018-08-13 09:14:05,2018-08-16,,177.06199074074075,173.53789351851853,170.92267361111112,After Disclosure,2018,107,0,32073.0,525.0,83.0
CVE-2015-5531,org.elasticsearch:elasticsearch,io.fabric8:elasticsearch-cloud-kubernetes,fabric8io/elasticsearch-cloud-kubernetes,https://github.com/fabric8io/elasticsearch-cloud-kubernetes/commit/a068b40c3d836fd05febbc549a25e25643f33922,2015-08-19 18:42:25,1,Silent,S1,S1,False,Medium,5.0,CWE-22,,2015-07-14 21:54:42,2015-07-16 14:05:27,2015-08-17,,35.86646990740741,34.19233796296297,2.7794560185185184,After Disclosure,2015,44,0,221.0,5.0,10453.0
CVE-2015-5531,org.elasticsearch:elasticsearch,com.github.alexcojocaru:elasticsearch-maven-plugin,alexcojocaru/elasticsearch-maven-plugin,https://github.com/alexcojocaru/elasticsearch-maven-plugin/commit/a53962b78cdec1f9827931814b253f912e9a5545,2015-11-15 20:51:25,1,Silent,S1,S1,False,Medium,5.0,CWE-22,,2015-07-14 21:54:42,2015-07-16 14:05:27,2015-08-17,,123.95605324074074,122.28192129629629,90.86903935185185,After Disclosure,2015,44,0,580.0,12.0,10453.0
CVE-2015-5531,org.elasticsearch:elasticsearch,com.lithium.flow:flow,lithiumtech/flow,https://github.com/lithiumtech/flow/commit/9038ee3703f1f47895fb05e9bbe0b7f3be144464,2015-07-24 21:07:45,1,Silent,S1,S1,False,Medium,5.0,CWE-22,,2015-07-14 21:54:42,2015-07-16 14:05:27,2015-08-17,,9.967395833333333,8.29326388888889,-23.119618055555556,Release->Disclosure,2015,44,0,13227.0,293.5,10453.0
CVE-2015-5531,org.elasticsearch:elasticsearch,org.codelibs:elasticsearch-analysis-ja,codelibs/elasticsearch-analysis-ja,https://github.com/codelibs/elasticsearch-analysis-ja/commit/faee3ecf05784690e04f888e70e9af4d8e12a675,2015-07-30 05:05:00,1,Silent,S1,S1,False,Medium,5.0,CWE-22,,2015-07-14 21:54:42,2015-07-16 14:05:27,2015-08-17,,15.298819444444444,13.6246875,-17.788194444444443,Release->Disclosure,2015,44,0,423.0,10.0,10453.0
CVE-2015-5531,org.elasticsearch:elasticsearch,org.graylog2:graylog2-server,Graylog2/graylog2-server,https://github.com/Graylog2/graylog2-server/commit/4a42dd5002e52b8080072b0bae650b6255783bc7,2015-07-20 16:05:46,1,Silent,S1,S1,False,Medium,5.0,CWE-22,,2015-07-14 21:54:42,2015-07-16 14:05:27,2015-08-17,,5.757685185185185,4.08355324074074,-27.329328703703705,Release->Disclosure,2015,44,0,81519.0,2129.5,10453.0
CVE-2015-5531,org.elasticsearch:elasticsearch,io.vertigo:vertigo-bundle,KleeGroup/vertigo,https://github.com/KleeGroup/vertigo/commit/a42b05a77420ca8681e66f8f6ef1fb5681867d40,2015-11-20 16:07:07,1,Silent,S1,S1,False,Medium,5.0,CWE-22,,2015-07-14 21:54:42,2015-07-16 14:05:27,2015-08-17,,128.75862268518517,127.08449074074075,95.6716087962963,After Disclosure,2015,44,0,41668.0,924.0,10453.0
CVE-2015-5531,org.elasticsearch:elasticsearch,org.codelibs:elasticsearch-sstmpl,codelibs/elasticsearch-sstmpl,https://github.com/codelibs/elasticsearch-sstmpl/commit/d194844b0b43b2a9ddcd5d1e8594b387d054ac30,2015-07-30 06:07:54,1,Silent,S1,S1,False,Medium,5.0,CWE-22,,2015-07-14 21:54:42,2015-07-16 14:05:27,2015-08-17,,15.3425,13.668368055555556,-17.74451388888889,Release->Disclosure,2015,44,0,285.0,9.0,10453.0
CVE-2015-5531,org.elasticsearch:elasticsearch,org.codelibs:elasticsearch-analysis-kuromoji-neologd,codelibs/elasticsearch-analysis-kuromoji-neologd,https://github.com/codelibs/elasticsearch-analysis-kuromoji-neologd/commit/8d4d92529df4ece89324dd6779e6bc0cbad221a6,2015-07-30 04:09:14,1,Silent,S1,S1,False,Medium,5.0,CWE-22,,2015-07-14 21:54:42,2015-07-16 14:05:27,2015-08-17,,15.260092592592592,13.585960648148149,-17.826921296296295,Release->Disclosure,2015,44,0,618.0,22.0,10453.0
CVE-2015-5531,org.elasticsearch:elasticsearch,io.vertigo:vertigo-dynamo-impl,vertigo-io/vertigo,https://github.com/vertigo-io/vertigo/commit/47b8a740c7ffec32178a87b6d2d6ef655229aaeb,2015-11-10 16:10:57,1,Silent,S1,S1,False,Medium,5.0,CWE-22,,2015-07-14 21:54:42,2015-07-16 14:05:27,2015-08-17,,118.76128472222223,117.08715277777777,85.67427083333334,After Disclosure,2015,44,0,17024.0,298.0,10453.0
CVE-2015-5531,org.elasticsearch:elasticsearch,org.codelibs:elasticsearch-dynarank,codelibs/elasticsearch-dynarank,https://github.com/codelibs/elasticsearch-dynarank/commit/5b658f9eea628ca18740ff07ffcf22974789f894,2015-07-30 05:40:36,1,Silent,S1,S1,False,Medium,5.0,CWE-22,,2015-07-14 21:54:42,2015-07-16 14:05:27,2015-08-17,,15.323541666666667,13.649409722222222,-17.763472222222223,Release->Disclosure,2015,44,0,71403.0,1717.0,10453.0
CVE-2015-5531,org.elasticsearch:elasticsearch,org.bedework.caleng:bw-calendar-engine-core,Bedework/bw-calendar-engine,https://github.com/Bedework/bw-calendar-engine/commit/2bf897b602ec2105f84838f413e7f4d968e4a5c1,2019-07-09 15:21:23,1,Silent,S1,S1,False,Medium,5.0,CWE-22,,2015-07-14 21:54:42,2015-07-16 14:05:27,2015-08-17,,1455.726863425926,1454.0527314814815,1422.639849537037,After Disclosure,2015,44,0,12025.0,62.0,10453.0
CVE-2019-17632,org.eclipse.jetty:jetty-server,com.aspectran:aspectran-with-jetty,aspectran/aspectran,https://github.com/aspectran/aspectran/commit/6c3b83cbae563afea536825d67545f500bcfb2eb,2019-11-22 05:14:08,1,Transparent,T1,T1,False,Medium,4.3,CWE-79,2019-11-20 15:48:56,2019-11-20 15:21:07,2019-11-20 15:25:01,2019-11-25,1.5591666666666666,1.5784837962962963,1.575775462962963,-2.781851851851852,Report->Disclosure,2019,12,0,216.0,3.0,2499.0
CVE-2019-17632,org.eclipse.jetty:jetty-server,org.aktin:broker-admin,aktin/broker,https://github.com/aktin/broker/commit/35e781a7a0a3ee4d6c5eef927b701510232ccd7d,2020-02-23 22:28:44,1,Transparent,T1,T1,False,Medium,4.3,CWE-79,2019-11-20 15:48:56,2019-11-20 15:21:07,2019-11-20 15:25:01,2019-11-25,95.27763888888889,95.29695601851851,95.29424768518518,90.93662037037036,After Disclosure,2019,12,0,657.0,11.5,2499.0
CVE-2019-17632,org.eclipse.jetty:jetty-server,org.exist-db:exist-core,exist-db/exist,https://github.com/exist-db/exist/commit/b0e51e74bd0224bbc754f38f4784450a3d447485,2019-11-22 03:24:42,1,Transparent,T1,T1,False,Medium,4.3,CWE-79,2019-11-20 15:48:56,2019-11-20 15:21:07,2019-11-20 15:25:01,2019-11-25,1.4831712962962964,1.502488425925926,1.4997800925925926,-2.8578472222222224,Report->Disclosure,2019,12,0,238534.0,2176.5,2499.0
CVE-2010-1622,org.springframework:spring-beans,org.springframework.ws:spring-ws-core,spring-projects/spring-ws,https://github.com/spring-projects/spring-ws/commit/f0e98d1f28eb6f9baad62ffe383b0ba6da86d29f,2010-06-16 23:22:35,1,Silent,S1,S1,False,Medium,6.0,CWE-94,,2010-05-27 13:45:21,2010-06-15 14:15:01,2010-06-21,,20.400856481481483,1.3802546296296296,-4.0259837962962965,Release->Disclosure,2010,90,0,18021.0,374.0,0.0
CVE-2010-1622,org.springframework:spring-beans,org.springframework.webflow:spring-binding,spring-projects/spring-webflow,https://github.com/spring-projects/spring-webflow/commit/5ca1a1d58ab194abe9b9ed4073c653645a128117,2010-06-16 07:33:26,1,Silent,S1,S1,False,Medium,6.0,CWE-94,,2010-05-27 13:45:21,2010-06-15 14:15:01,2010-06-21,,19.741724537037037,0.7211226851851852,-4.68511574074074,Release->Disclosure,2010,90,0,5411.0,134.0,0.0
CVE-2019-3778,org.springframework.security.oauth:spring-security-oauth2,io.github.jhipster:jhipster-framework,jhipster/jhipster,https://github.com/jhipster/jhipster/commit/754115388b87751293aa4764c33418b35fb6c757,2019-02-19 23:08:55,1,Transparent,T1,T1,False,Medium,6.4,CWE-601,2019-02-19 01:18:01,2019-02-18 20:18:09,2019-02-19 14:47:00,2019-03-07,0.9103472222222222,1.118587962962963,0.34855324074074073,-15.035474537037038,Release->Disclosure,2019,29,0,2996.0,115.0,3041.0
CVE-2018-1282,org.apache.hive:hive-jdbc,com.hotels:beeju,HotelsDotCom/beeju,https://github.com/HotelsDotCom/beeju/commit/967f7daeb42aa8e8b91c235f2f1d34aa8c1b98e0,2018-12-18 09:35:55,2,Silent,S1,S1,False,High,7.5,CWE-89,,2018-03-01 14:34:03,2018-03-22 15:37:46,2018-04-05,,291.792962962963,270.74871527777776,257.3999421296296,After Disclosure,2018,21,0,384.0,9.0,1580.0
CVE-2018-1282,org.apache.hive:hive-jdbc,com.klarna:hiverunner,klarna/HiveRunner,https://github.com/klarna/HiveRunner/commit/80d990c5220ab5aa175b73f993b7a485817b3081,2018-07-09 11:26:38,1,Silent,S1,S1,False,High,7.5,CWE-89,,2018-03-01 14:34:03,2018-03-22 15:37:46,2018-04-05,,129.86984953703703,108.82560185185186,95.4768287037037,After Disclosure,2018,21,0,2613.0,59.0,1580.0
CVE-2018-1282,org.apache.hive:hive-jdbc,co.cask.cdap:cdap-explore,caskdata/cdap,https://github.com/caskdata/cdap/commit/ba9b279504b517325d2a1b2defdcb7e959bd4b9f,2022-07-22 12:15:48,1,Silent,S1,S1,False,High,7.5,CWE-89,,2018-03-01 14:34:03,2018-03-22 15:37:46,2018-04-05,,1603.9039930555555,1582.8597453703703,1569.5109722222223,After Disclosure,2018,21,0,6672.0,117.0,1580.0
CVE-2016-3086,org.apache.hadoop:hadoop-common,com.hotels.road:road-hive-metastore-core,HotelsDotCom/data-highway,https://github.com/HotelsDotCom/data-highway/commit/91f36e25217632b2183735dbccd246705f874377,2019-01-16 21:01:31,2,Transparent,T1,T1,False,Medium,5.0,CWE-200,2016-05-06 16:33:36,2016-09-14 20:59:22,2016-09-27 14:20:51,2017-09-05,985.1860532407408,854.0014930555556,841.2782407407408,498.87605324074076,After Disclosure,2017,158,0,337.0,10.0,1938.0
CVE-2016-3086,org.apache.hadoop:hadoop-common,org.apache.reef:reef-runtime-multi,apache/reef,https://github.com/apache/reef/commit/bd617bd4f9830454c876dabe4b74c93706bd4d0e,2017-07-28 15:42:22,2,Transparent,T1,T1,False,Medium,5.0,CWE-200,2016-05-06 16:33:36,2016-09-14 20:59:22,2016-09-27 14:20:51,2017-09-05,447.9644212962963,316.77986111111113,304.0566087962963,-38.3455787037037,Release->Disclosure,2017,158,0,1053.0,31.0,1938.0
CVE-2016-3086,org.apache.hadoop:hadoop-common,com.hotels:corc-cascading,HotelsDotCom/corc,https://github.com/HotelsDotCom/corc/commit/9ab5e940febb121a515622cae7b14ae33192d99d,2019-07-04 12:54:36,2,Transparent,T1,T1,False,Medium,5.0,CWE-200,2016-05-06 16:33:36,2016-09-14 20:59:22,2016-09-27 14:20:51,2017-09-05,1153.8479166666666,1022.6633564814815,1009.9401041666666,667.5379166666667,After Disclosure,2017,158,0,605.0,12.0,1938.0
CVE-2016-3086,org.apache.hadoop:hadoop-common,com.qubole.rubix:rubix-presto,qubole/rubix,https://github.com/qubole/rubix/commit/5749e600901cb23456d53c7af3640d67ab70f54b,2020-07-08 12:03:41,3,Transparent,T1,T1,False,Medium,5.0,CWE-200,2016-05-06 16:33:36,2016-09-14 20:59:22,2016-09-27 14:20:51,2017-09-05,1523.8125578703705,1392.6279976851852,1379.9047453703704,1037.5025578703703,After Disclosure,2017,158,0,76411.0,1810.0,1938.0
CVE-2016-3086,org.apache.hadoop:hadoop-common,com.lucidworks.spark:spark-solr,LucidWorks/spark-solr,https://github.com/LucidWorks/spark-solr/commit/38ea9311f3b0a80794c2084fca8695e41c3871db,2019-06-19 14:46:22,1,Transparent,T1,T1,False,Medium,5.0,CWE-200,2016-05-06 16:33:36,2016-09-14 20:59:22,2016-09-27 14:20:51,2017-09-05,1138.9255324074074,1007.7409722222222,995.0177199074074,652.6155324074074,After Disclosure,2017,158,0,27951.0,431.0,1938.0
CVE-2016-3086,org.apache.hadoop:hadoop-common,com.marklogic:mlcp,marklogic/marklogic-contentpump,https://github.com/marklogic/marklogic-contentpump/commit/006e3602245af0d32cbd1e317a6339f2c88dc63f,2021-04-28 21:39:19,2,Transparent,T1,T1,False,Medium,5.0,CWE-200,2016-05-06 16:33:36,2016-09-14 20:59:22,2016-09-27 14:20:51,2017-09-05,1818.2123032407408,1687.0277430555554,1674.3044907407407,1331.9023032407408,After Disclosure,2017,158,0,12237.0,132.0,1938.0
CVE-2016-3086,org.apache.hadoop:hadoop-common,cz.seznam.euphoria:euphoria-hadoop,seznam/euphoria,https://github.com/seznam/euphoria/commit/b531e0639b78d77b6e2a2e4c04dba526903ae32a,2017-11-14 18:32:05,1,Transparent,T1,T1,False,Medium,5.0,CWE-200,2016-05-06 16:33:36,2016-09-14 20:59:22,2016-09-27 14:20:51,2017-09-05,557.0822800925926,425.8977199074074,413.1744675925926,70.7722800925926,After Disclosure,2017,158,0,1022.0,33.0,1938.0
CVE-2016-3086,org.apache.hadoop:hadoop-common,com.hotels:circus-train-distcp-copier,ExpediaGroup/circus-train,https://github.com/ExpediaGroup/circus-train/commit/1d8fd0315287815620a1f30d75ffedef8628946b,2018-01-16 14:35:02,2,Transparent,T1,T1,False,Medium,5.0,CWE-200,2016-05-06 16:33:36,2016-09-14 20:59:22,2016-09-27 14:20:51,2017-09-05,619.9176620370371,488.73310185185187,476.00984953703704,133.60766203703704,After Disclosure,2017,158,0,515.0,15.0,1938.0
CVE-2016-3086,org.apache.hadoop:hadoop-common,com.streamxhub.streamx:streamx-flink-repl,streamxhub/streamx,https://github.com/streamxhub/streamx/commit/904ea5e1526b5691a3298a4bcbf94bdf645f2051,2021-06-11 14:36:31,3,Transparent,T1,T1,False,Medium,5.0,CWE-200,2016-05-06 16:33:36,2016-09-14 20:59:22,2016-09-27 14:20:51,2017-09-05,1861.9186921296296,1730.7341319444445,1718.0108796296297,1375.6086921296296,After Disclosure,2017,158,0,6163.0,110.0,1938.0
CVE-2016-5393,org.apache.hadoop:hadoop-common,com.lithium.flow:flow,lithiumtech/flow,https://github.com/lithiumtech/flow/commit/d8dced20a72ca7e4d2a2f305356c505588098b13,2017-01-03 04:25:25,1,Silent,S1,S1,False,Medium,6.5,CWE-284,,2016-08-03 14:32:21,2016-08-15 12:52:39,2016-11-29,,152.5785185185185,140.64775462962962,35.184317129629626,After Disclosure,2016,134,0,13227.0,293.5,1812.0
CVE-2016-5393,org.apache.hadoop:hadoop-common,com.hotels:waggle-dance-core,ExpediaGroup/waggle-dance,https://github.com/ExpediaGroup/waggle-dance/commit/cb5ecb3ae8f05d096fd4df5bc718f116eef01606,2022-02-16 16:45:04,2,Silent,S1,S1,False,Medium,6.5,CWE-284,,2016-08-03 14:32:21,2016-08-15 12:52:39,2016-11-29,,2023.0921643518518,2011.161400462963,1905.697962962963,After Disclosure,2016,134,0,10000.0,406.0,1812.0
CVE-2016-5393,org.apache.hadoop:hadoop-common,com.google.cloud.bigdataoss:bigquery-connector,GoogleCloudPlatform/bigdata-interop,https://github.com/GoogleCloudPlatform/bigdata-interop/commit/4de77efe795f57b9cbff164fe66a2285239f369a,2017-10-26 21:54:52,1,Silent,S1,S1,False,Medium,6.5,CWE-284,,2016-08-03 14:32:21,2016-08-15 12:52:39,2016-11-29,,449.30730324074074,437.3765393518519,331.9131018518519,After Disclosure,2016,134,0,2800.0,42.0,1812.0
CVE-2016-5393,org.apache.hadoop:hadoop-common,org.janusgraph:janusgraph-all,JanusGraph/janusgraph,https://github.com/JanusGraph/janusgraph/commit/95329035e9c5be384010c19f9d753a86e0e6ecfd,2019-06-26 17:36:31,2,Silent,S1,S1,False,Medium,6.5,CWE-284,,2016-08-03 14:32:21,2016-08-15 12:52:39,2016-11-29,,1057.1278935185185,1045.1971296296297,939.7336921296296,After Disclosure,2016,134,0,0.0,0.0,1812.0
CVE-2016-5393,org.apache.hadoop:hadoop-common,io.github.zhou-dong:aerospike-mapreduce,zhou-dong/aerospike-hadoop,https://github.com/zhou-dong/aerospike-hadoop/commit/78c6d393b7b41d3511fa45c9b6882b6001070ef4,2018-11-15 00:10:01,1,Silent,S1,S1,False,Medium,6.5,CWE-284,,2016-08-03 14:32:21,2016-08-15 12:52:39,2016-11-29,,833.4011574074074,821.4703935185186,716.0069560185185,After Disclosure,2016,134,0,1248.0,18.0,1812.0
CVE-2016-5393,org.apache.hadoop:hadoop-common,com.hotels:beeju,HotelsDotCom/beeju,https://github.com/HotelsDotCom/beeju/commit/d48fd884b09f6de99f6375a336daaf914dbfa170,2021-02-12 12:14:02,1,Silent,S1,S1,False,Medium,6.5,CWE-284,,2016-08-03 14:32:21,2016-08-15 12:52:39,2016-11-29,,1653.9039467592593,1641.9731828703705,1536.5097453703704,After Disclosure,2016,134,0,384.0,9.0,1812.0
CVE-2016-5393,org.apache.hadoop:hadoop-common,com.yahoo.datasketches:sketches-pig,DataSketches/sketches-pig,https://github.com/DataSketches/sketches-pig/commit/207ecd1d66239e56765f01b81714ed092356c990,2016-09-22 17:17:55,1,Silent,S1,S1,False,Medium,6.5,CWE-284,,2016-08-03 14:32:21,2016-08-15 12:52:39,2016-11-29,,50.11497685185185,38.18421296296296,-67.27922453703704,Release->Disclosure,2016,134,0,2823.0,63.0,1812.0
CVE-2016-5393,org.apache.hadoop:hadoop-common,com.yahoo.datasketches:sketches-hive,DataSketches/sketches-hive,https://github.com/DataSketches/sketches-hive/commit/d4047e0771ee943243de2e93f4a65bf1c4d81889,2016-09-30 18:36:03,1,Silent,S1,S1,False,Medium,6.5,CWE-284,,2016-08-03 14:32:21,2016-08-15 12:52:39,2016-11-29,,58.16923611111111,46.23847222222222,-59.22496527777778,Release->Disclosure,2016,134,0,1654.0,53.0,1812.0
CVE-2016-5393,org.apache.hadoop:hadoop-common,com.github.jsr203hadoop:jsr203hadoop,damiencarol/jsr203-hadoop,https://github.com/damiencarol/jsr203-hadoop/commit/4f28f8de7613b7c2b41c70ff38fae2861a07a5a5,2016-09-06 14:28:15,1,Silent,S1,S1,False,Medium,6.5,CWE-284,,2016-08-03 14:32:21,2016-08-15 12:52:39,2016-11-29,,33.99715277777778,22.066388888888888,-83.39704861111112,Release->Disclosure,2016,134,0,2413.0,29.0,1812.0
CVE-2016-5393,org.apache.hadoop:hadoop-common,io.arenadata.hive:hive-jdbc,arenadata/hive,https://github.com/arenadata/hive/commit/392b6e3203a47608976a24edac4970a82b554bad,2017-04-10 01:25:27,1,Silent,S1,S1,False,Medium,6.5,CWE-284,,2016-08-03 14:32:21,2016-08-15 12:52:39,2016-11-29,,249.45354166666667,237.52277777777778,132.05934027777778,After Disclosure,2016,134,0,6714.0,40.0,1812.0
CVE-2016-5393,org.apache.hadoop:hadoop-common,com.ibm.stocator:stocator,SparkTC/stocator,https://github.com/SparkTC/stocator/commit/631b3c663c024a984d82503d584f2fe97d10d319,2017-08-29 20:53:10,1,Silent,S1,S1,False,Medium,6.5,CWE-284,,2016-08-03 14:32:21,2016-08-15 12:52:39,2016-11-29,,391.2644560185185,379.33369212962964,273.87025462962964,After Disclosure,2016,134,0,2891.0,38.5,1812.0
CVE-2015-1776,org.apache.hadoop:hadoop-mapreduce-client-core,com.hotels.road:road-hive-metastore-core,HotelsDotCom/data-highway,https://github.com/HotelsDotCom/data-highway/commit/91f36e25217632b2183735dbccd246705f874377,2019-01-16 21:01:31,2,Silent,S1,S1,False,Low,2.1,CWE-200,,2015-05-14 16:07:56,2015-08-25 10:52:45,2016-04-19,,1343.203877314815,1240.4227546296297,1002.8760532407407,After Disclosure,2016,47,0,337.0,10.0,525.0
CVE-2015-1776,org.apache.hadoop:hadoop-mapreduce-client-core,com.hotels:corc-core,HotelsDotCom/corc,https://github.com/HotelsDotCom/corc/commit/9ab5e940febb121a515622cae7b14ae33192d99d,2019-07-04 12:54:36,2,Silent,S1,S1,False,Low,2.1,CWE-200,,2015-05-14 16:07:56,2015-08-25 10:52:45,2016-04-19,,1511.8657407407406,1409.0846180555557,1171.5379166666667,After Disclosure,2016,47,0,1276.0,46.0,525.0
CVE-2015-1776,org.apache.hadoop:hadoop-mapreduce-client-core,com.marklogic:mlcp,marklogic/marklogic-contentpump,https://github.com/marklogic/marklogic-contentpump/commit/66a16326842e315887035e0b9c868cb6739fd140,2016-06-15 20:14:44,1,Silent,S1,S1,False,Low,2.1,CWE-200,,2015-05-14 16:07:56,2015-08-25 10:52:45,2016-04-19,,398.1713888888889,295.39026620370373,57.84356481481481,After Disclosure,2016,47,0,12237.0,132.0,525.0
CVE-2015-1776,org.apache.hadoop:hadoop-mapreduce-client-core,org.apache.reef:reef-examples,apache/reef,https://github.com/apache/reef/commit/c4f934f044fdacb3845ce3a083e940249d6de693,2018-07-06 23:59:37,1,Silent,S1,S1,False,Low,2.1,CWE-200,,2015-05-14 16:07:56,2015-08-25 10:52:45,2016-04-19,,1149.3275578703704,1046.5464351851851,808.9997337962963,After Disclosure,2016,47,0,5134.0,197.0,525.0
CVE-2015-1776,org.apache.hadoop:hadoop-mapreduce-client-core,com.ibm.stocator:stocator,SparkTC/stocator,https://github.com/SparkTC/stocator/commit/d723141c827bb01061ead49e213fdcae9f1ad475,2016-09-15 12:53:03,1,Silent,S1,S1,False,Low,2.1,CWE-200,,2015-05-14 16:07:56,2015-08-25 10:52:45,2016-04-19,,489.86466435185184,387.0835416666667,149.53684027777777,After Disclosure,2016,47,0,2891.0,38.5,525.0
CVE-2015-1776,org.apache.hadoop:hadoop-mapreduce-client-core,com.yahoo.datasketches:sketches-hive,DataSketches/sketches-hive,https://github.com/DataSketches/sketches-hive/commit/1824b958ac8f31aade769d37f6638f9e26bd5a9f,2016-06-03 20:33:53,1,Silent,S1,S1,False,Low,2.1,CWE-200,,2015-05-14 16:07:56,2015-08-25 10:52:45,2016-04-19,,386.1846875,283.40356481481484,45.85686342592592,After Disclosure,2016,47,0,1654.0,53.0,525.0
CVE-2015-1776,org.apache.hadoop:hadoop-mapreduce-client-core,com.google.cloud.bigdataoss:gcs-connector,GoogleCloudPlatform/bigdata-interop,https://github.com/GoogleCloudPlatform/bigdata-interop/commit/fd9d79e32f7b807c178250f4a3e7a69a3bc929e5,2016-10-04 18:11:51,1,Silent,S1,S1,False,Low,2.1,CWE-200,,2015-05-14 16:07:56,2015-08-25 10:52:45,2016-04-19,,509.08605324074074,406.30493055555553,168.75822916666667,After Disclosure,2016,47,0,2077.0,20.0,525.0
CVE-2014-3120,org.elasticsearch:elasticsearch,fr.pilato.elasticsearch.river:rssriver,dadoonet/rssriver,https://github.com/dadoonet/rssriver/commit/0785ef502f18a3099154c31440c59581601231fc,2014-05-07 10:53:34,1,Transparent,T1,T1,False,Medium,6.8,CWE-284,2014-04-17 13:38:05,2014-04-25 15:23:08,2014-05-22 12:46:30,2014-07-28,19.885752314814816,11.812800925925925,-15.078425925925925,-81.54613425925926,Fix->Release,2014,39,0,624.5,11.5,5810.0
CVE-2014-3120,org.elasticsearch:elasticsearch,com.code972:elasticsearch-analysis-hebrew,synhershko/elasticsearch-analysis-hebrew,https://github.com/synhershko/elasticsearch-analysis-hebrew/commit/d1a5b81c74b7bf1ef1bbd10831c2e053c28dbf4f,2014-06-20 13:06:20,2,Transparent,T1,T1,False,Medium,6.8,CWE-284,2014-04-17 13:38:05,2014-04-25 15:23:08,2014-05-22 12:46:30,2014-07-28,63.97795138888889,55.905,29.013773148148147,-37.45393518518519,Release->Disclosure,2014,39,0,672.0,19.0,5810.0
CVE-2014-3120,org.elasticsearch:elasticsearch,com.yakaz.elasticsearch.plugins:elasticsearch-action-updatebyquery,yakaz/elasticsearch-action-updatebyquery,https://github.com/yakaz/elasticsearch-action-updatebyquery/commit/74fb0202822a0599caf1cf578f5209c57162a82b,2014-08-10 20:33:15,1,Transparent,T1,T1,False,Medium,6.8,CWE-284,2014-04-17 13:38:05,2014-04-25 15:23:08,2014-05-22 12:46:30,2014-07-28,115.28831018518518,107.2153587962963,80.32413194444445,13.856423611111111,After Disclosure,2014,39,0,1943.5,38.0,5810.0
CVE-2014-3120,org.elasticsearch:elasticsearch,com.github.richardwilly98.elasticsearch:elasticsearch-river-mongodb,richardwilly98/elasticsearch-river-mongodb,https://github.com/richardwilly98/elasticsearch-river-mongodb/commit/6000719014487f28078a557fc64fedd838533271,2014-06-29 14:07:44,1,Transparent,T1,T1,False,Medium,6.8,CWE-284,2014-04-17 13:38:05,2014-04-25 15:23:08,2014-05-22 12:46:30,2014-07-28,73.02059027777777,64.94763888888889,38.056412037037035,-28.411296296296296,Release->Disclosure,2014,39,0,3820.5,28.5,5810.0
CVE-2014-3120,org.elasticsearch:elasticsearch,org.codelibs:elasticsearch-solr-api,codelibs/elasticsearch-solr-api,https://github.com/codelibs/elasticsearch-solr-api/commit/924f8217b142e49e91f6429983c79a47715121e7,2014-05-24 23:51:20,1,Transparent,T1,T1,False,Medium,6.8,CWE-284,2014-04-17 13:38:05,2014-04-25 15:23:08,2014-05-22 12:46:30,2014-07-28,37.425868055555554,29.352916666666665,2.461689814814815,-64.00601851851852,Release->Disclosure,2014,39,0,73250.0,1719.0,5810.0
CVE-2014-3120,org.elasticsearch:elasticsearch,org.carrot2:elasticsearch-carrot2,carrot2/elasticsearch-carrot2,https://github.com/carrot2/elasticsearch-carrot2/commit/b185dece8444a5aba10f9723948d9cbdd55a9508,2014-05-28 09:16:07,1,Transparent,T1,T1,False,Medium,6.8,CWE-284,2014-04-17 13:38:05,2014-04-25 15:23:08,2014-05-22 12:46:30,2014-07-28,40.818078703703705,32.745127314814816,5.853900462962963,-60.61380787037037,Release->Disclosure,2014,39,0,1700.0,36.0,5810.0
CVE-2014-3120,org.elasticsearch:elasticsearch,fr.pilato.spring:spring-elasticsearch,dadoonet/spring-elasticsearch,https://github.com/dadoonet/spring-elasticsearch/commit/a71e8a2c3095e1eceda2e1a3d78831b8aded3dd9,2014-08-20 09:23:27,1,Transparent,T1,T1,False,Medium,6.8,CWE-284,2014-04-17 13:38:05,2014-04-25 15:23:08,2014-05-22 12:46:30,2014-07-28,124.8231712962963,116.75021990740741,89.85899305555556,23.391284722222224,After Disclosure,2014,39,0,822.0,12.0,5810.0
CVE-2014-3120,org.elasticsearch:elasticsearch,com.github.alexcojocaru:elasticsearch-maven-plugin,alexcojocaru/elasticsearch-maven-plugin,https://github.com/alexcojocaru/elasticsearch-maven-plugin/commit/4b0a4d065fe2ff3bceeaae0d98f81d8d340a6145,2014-10-24 19:09:57,1,Transparent,T1,T1,False,Medium,6.8,CWE-284,2014-04-17 13:38:05,2014-04-25 15:23:08,2014-05-22 12:46:30,2014-07-28,190.23046296296297,182.15751157407408,155.26628472222222,88.79857638888889,After Disclosure,2014,39,0,580.0,12.0,5810.0
CVE-2019-20444,io.netty:netty-codec-http,org.mock-server:mockserver-integration-testing,jamesdbloom/mockservice,https://github.com/jamesdbloom/mockservice/commit/1b83bc9086470e046a82600698e5e040cac3695c,2019-12-29 15:46:57,3,Transparent,T2,T2,False,Medium,6.4,CWE-444,2019-12-11 09:46:47,2019-12-11 15:49:41,2022-03-11 17:13:08,2020-01-29,18.25011574074074,17.998101851851853,-803.059849537037,-30.342395833333335,Fix->Disclosure,2020,41,0,1356.0,12.0,20616.0
CVE-2019-20444,io.netty:netty-codec-http,org.b3log:latke-core,88250/latke,https://github.com/88250/latke/commit/9fbf6ff100204398910e0833aa15d146edde5530,2020-01-14 08:18:46,3,Transparent,T2,T2,False,Medium,6.4,CWE-444,2019-12-11 09:46:47,2019-12-11 15:49:41,2022-03-11 17:13:08,2020-01-29,33.93887731481482,33.68686342592593,-787.371087962963,-14.65363425925926,Fix->Disclosure,2020,41,0,13469.0,193.0,20616.0
CVE-2019-20444,io.netty:netty-codec-http,com.azure:azure-cosmos,Azure/azure-sdk-for-java,https://github.com/Azure/azure-sdk-for-java/commit/884c9e85240da6cd7a513972fb17500458b20128,2020-02-12 06:01:29,2,Transparent,T2,T2,False,Medium,6.4,CWE-444,2019-12-11 09:46:47,2019-12-11 15:49:41,2022-03-11 17:13:08,2020-01-29,62.84354166666667,62.59152777777778,-758.4664236111112,14.251030092592593,Disclosure->Release,2020,41,0,42037.0,648.0,20616.0
CVE-2019-20444,io.netty:netty-codec-http,com.typesafe.netty:netty-reactive-streams-http,playframework/netty-reactive-streams,https://github.com/playframework/netty-reactive-streams/commit/2496188dc1b834445782b0ed7d10d6e947d4b6dc,2019-12-27 13:17:03,3,Transparent,T2,T2,False,Medium,6.4,CWE-444,2019-12-11 09:46:47,2019-12-11 15:49:41,2022-03-11 17:13:08,2020-01-29,16.146018518518517,15.89400462962963,-805.1639467592593,-32.44649305555556,Fix->Disclosure,2020,41,0,1054.0,27.0,20616.0
CVE-2019-20444,io.netty:netty-codec-http,com.simplyti.cloud:simple-server-clients-http,simplyti/simple-server,https://github.com/simplyti/simple-server/commit/db941a90d83767508fcf98d74c0b31b5fd297cbc,2019-12-29 22:42:26,3,Transparent,T2,T2,False,Medium,6.4,CWE-444,2019-12-11 09:46:47,2019-12-11 15:49:41,2022-03-11 17:13:08,2020-01-29,18.538645833333334,18.286631944444444,-802.7713194444444,-30.05386574074074,Fix->Disclosure,2020,41,0,988.0,27.0,20616.0
CVE-2019-20444,io.netty:netty-codec-http,io.jooby:jooby-netty,jooby-project/jooby,https://github.com/jooby-project/jooby/commit/812dd779de64c3031cacbf3a16c9b89b37db5ce0,2019-12-19 07:02:17,3,Transparent,T2,T2,False,Medium,6.4,CWE-444,2019-12-11 09:46:47,2019-12-11 15:49:41,2022-03-11 17:13:08,2020-01-29,7.885763888888889,7.63375,-813.4242013888888,-40.706747685185185,Fix->Disclosure,2020,41,0,1960.0,16.0,20616.0
CVE-2021-20328,org.mongodb:mongo-java-driver,io.firebus:firebus-adapters,ngrondin/firebus,https://github.com/ngrondin/firebus/commit/f7deb6873a224e4b5b60697fdd2cbe9357a2fe9b,2021-09-16 05:13:10,1,Silent,S1,S1,False,Medium,4.3,CWE-295,,2021-02-18 14:36:21,2021-02-18 15:34:11,2021-02-25,,209.60890046296296,209.56873842592591,203.21747685185184,After Disclosure,2021,15,0,1285.0,12.0,2259.0
CVE-2021-20328,org.mongodb:mongo-java-driver,de.iip-ecosphere.platform.external.si.matjazcerkvenik:alertmonitor,matjaz99/alertmonitor,https://github.com/matjaz99/alertmonitor/commit/1ecf68602370e7733ed071793ab6f8c1733715aa,2022-06-27 17:29:55,1,Silent,S1,S1,False,Medium,4.3,CWE-295,,2021-02-18 14:36:21,2021-02-18 15:34:11,2021-02-25,,494.1205324074074,494.08037037037036,487.7291087962963,After Disclosure,2021,15,0,4517.0,56.0,2259.0
CVE-2020-10683,org.dom4j:dom4j,au.com.acegi:xml-format-maven-plugin,acegi/xml-format-maven-plugin,https://github.com/acegi/xml-format-maven-plugin/commit/111687fc2a061c0e44bb1bc883144feb0c0e8a3a,2020-04-12 00:13:33,1,Silent,S1,S1,False,High,7.5,CWE-611,,2020-04-11 19:27:50,2020-04-11 20:00:19,2020-05-01,,0.19841435185185186,0.17585648148148147,-18.990590277777777,Release->Disclosure,2020,21,0,452.0,4.0,551.0
CVE-2021-39148,com.thoughtworks.xstream:xstream,org.powertac:common,powertac/powertac-core,https://github.com/powertac/powertac-core/commit/bdad13c6c171376de33fdca091023d69f6930e7d,2021-10-05 17:14:44,9,Silent,S1,S1,False,Medium,6.0,CWE-502;CWE-434,,2021-05-26 19:43:09,2021-08-22 13:57:44,2021-08-23,,131.89693287037036,44.136805555555554,43.71856481481481,After Disclosure,2021,179,0,8040.0,110.0,566.0
CVE-2021-39148,com.thoughtworks.xstream:xstream,org.ikasan:ikasan-filetransfer-common,ikasanEIP/ikasan,https://github.com/ikasanEIP/ikasan/commit/61a7c97cafa108f1b62ae732aab3b5136d076901,2021-09-06 19:17:59,9,Silent,S1,S1,False,Medium,6.0,CWE-502;CWE-434,,2021-05-26 19:43:09,2021-08-22 13:57:44,2021-08-23,,102.98252314814815,15.222395833333334,14.804155092592593,After Disclosure,2021,179,0,2737.0,43.0,566.0
CVE-2021-39148,com.thoughtworks.xstream:xstream,com.thankjava.toolkit3d:fast-toolkit3d,lazy-koala/java-toolkit,https://github.com/lazy-koala/java-toolkit/commit/614102adc1ddeb4146640c17cb4dce1b1a07d7dc,2022-02-01 00:57:29,9,Silent,S1,S1,False,Medium,6.0,CWE-502;CWE-434,,2021-05-26 19:43:09,2021-08-22 13:57:44,2021-08-23,,250.21828703703704,162.45815972222223,162.0399189814815,After Disclosure,2021,179,0,3457.0,53.0,566.0
CVE-2021-39148,com.thoughtworks.xstream:xstream,org.smooks:smooks-core,smooks/smooks,https://github.com/smooks/smooks/commit/b1412cfcf80e8bf7ddcc1ec709c256387879e6b6,2021-12-01 12:51:41,9,Silent,S1,S1,False,Medium,6.0,CWE-502;CWE-434,,2021-05-26 19:43:09,2021-08-22 13:57:44,2021-08-23,,188.71425925925925,100.95413194444444,100.5358912037037,After Disclosure,2021,179,0,19961.0,350.0,566.0
CVE-2021-39148,com.thoughtworks.xstream:xstream,org.patterntesting:patterntesting-rt,oboehm/PatternTesting2,https://github.com/oboehm/PatternTesting2/commit/6c3890ddd5f37c91b71dd825b6a24c3b045a2e31,2022-01-08 20:39:29,3,Silent,S1,S1,False,Medium,6.0,CWE-502;CWE-434,,2021-05-26 19:43:09,2021-08-22 13:57:44,2021-08-23,,227.03912037037037,139.27899305555556,138.86075231481482,After Disclosure,2021,179,0,11982.0,199.0,566.0
CVE-2021-39148,com.thoughtworks.xstream:xstream,com.sangupta:jerry-core,sangupta/jerry-core,https://github.com/sangupta/jerry-core/commit/380b8ce5df0ffb3edf334d129d58deb200802fee,2021-08-25 15:34:34,10,Silent,S1,S1,False,Medium,6.0,CWE-502;CWE-434,,2021-05-26 19:43:09,2021-08-22 13:57:44,2021-08-23,,90.82737268518518,3.06724537037037,2.6490046296296295,After Disclosure,2021,179,0,9933.0,108.0,566.0
CVE-2021-39148,com.thoughtworks.xstream:xstream,com.swiftmq:swiftmq-client,iitsoftware/swiftmq-client,https://github.com/iitsoftware/swiftmq-client/commit/9506bd2e6e1163342b52f8c5c99fb9b13c8d90fc,2021-08-25 15:41:07,9,Silent,S1,S1,False,Medium,6.0,CWE-502;CWE-434,,2021-05-26 19:43:09,2021-08-22 13:57:44,2021-08-23,,90.8319212962963,3.0717939814814814,2.6535532407407407,After Disclosure,2021,179,0,149380.0,1984.0,566.0
CVE-2021-39148,com.thoughtworks.xstream:xstream,ro.pippo:pippo-xstream,pippo-java/pippo,https://github.com/pippo-java/pippo/commit/8330892700e3911192f1e17a11100ec3ec58ef84,2021-11-02 09:00:16,9,Silent,S1,S1,False,Medium,6.0,CWE-502;CWE-434,,2021-05-26 19:43:09,2021-08-22 13:57:44,2021-08-23,,159.55355324074074,71.79342592592593,71.37518518518519,After Disclosure,2021,179,0,47.0,2.0,566.0
CVE-2021-39148,com.thoughtworks.xstream:xstream,com.github.spotbugs:sonar-findbugs-plugin,spotbugs/sonar-findbugs,https://github.com/spotbugs/sonar-findbugs/commit/d4b81e4456be033422c6b1502ef6f8bd5fa1a8c5,2021-08-25 23:07:08,9,Silent,S1,S1,False,Medium,6.0,CWE-502;CWE-434,,2021-05-26 19:43:09,2021-08-22 13:57:44,2021-08-23,,91.14165509259259,3.381527777777778,2.963287037037037,After Disclosure,2021,179,0,13133.0,191.0,566.0
CVE-2021-39148,com.thoughtworks.xstream:xstream,org.optaplanner:optaplanner-examples,kiegroup/optaplanner,https://github.com/kiegroup/optaplanner/commit/31ec3c3a5aa5a7d05e4f80c0ae6439b1159ea62b,2021-08-31 16:40:48,9,Silent,S1,S1,False,Medium,6.0,CWE-502;CWE-434,,2021-05-26 19:43:09,2021-08-22 13:57:44,2021-08-23,,96.87336805555556,9.113240740740741,8.695,After Disclosure,2021,179,0,43487.0,668.0,566.0
CVE-2021-39148,com.thoughtworks.xstream:xstream,io.quarkus:quarkus-junit5,quarkusio/quarkus,https://github.com/quarkusio/quarkus/commit/3aa4e47faa4b4df927d75a5379f45aeea3fc3f87,2021-08-23 20:37:45,9,Silent,S1,S1,False,Medium,6.0,CWE-502;CWE-434,,2021-05-26 19:43:09,2021-08-22 13:57:44,2021-08-23,,89.03791666666666,1.277789351851852,0.8595486111111111,After Disclosure,2021,179,0,1063.0,31.0,566.0
CVE-2021-39148,com.thoughtworks.xstream:xstream,org.javalite:javalite-async,javalite/activejdbc,https://github.com/javalite/activejdbc/commit/df9a9dd065faf12a9a6279266dee5857cd4b5c81,2021-08-25 15:54:57,9,Silent,S1,S1,False,Medium,6.0,CWE-502;CWE-434,,2021-05-26 19:43:09,2021-08-22 13:57:44,2021-08-23,,90.84152777777778,3.081400462962963,2.6631597222222223,After Disclosure,2021,179,0,1147.0,13.0,566.0
CVE-2021-39148,com.thoughtworks.xstream:xstream,no.mnemonic.messaging:requestsink-jms,mnemonic-no/messaging,https://github.com/mnemonic-no/messaging/commit/d8886c882334c967157a32be125fb0dc9b67f2d2,2021-09-09 08:47:56,9,Silent,S1,S1,False,Medium,6.0,CWE-502;CWE-434,,2021-05-26 19:43:09,2021-08-22 13:57:44,2021-08-23,,105.54498842592592,17.784861111111113,17.36662037037037,After Disclosure,2021,179,0,2679.0,37.0,566.0
CVE-2021-39148,com.thoughtworks.xstream:xstream,org.infinispan:infinispan-server-core,infinispan/infinispan,https://github.com/infinispan/infinispan/commit/d617eec6dfe533cea066961a5afb2340131556d3,2021-08-25 17:49:50,9,Silent,S1,S1,False,Medium,6.0,CWE-502;CWE-434,,2021-05-26 19:43:09,2021-08-22 13:57:44,2021-08-23,,90.92130787037037,3.1611805555555557,2.742939814814815,After Disclosure,2021,179,0,4452.0,97.0,566.0
CVE-2021-39148,com.thoughtworks.xstream:xstream,de.alpharogroup:email-tails,lightblueseas/email-tails,https://github.com/lightblueseas/email-tails/commit/997627a510bf8c40e6f2e0f799827ba5c7180a44,2022-02-28 14:46:26,14,Silent,S1,S1,False,Medium,6.0,CWE-502;CWE-434,,2021-05-26 19:43:09,2021-08-22 13:57:44,2021-08-23,,277.79394675925926,190.03381944444445,189.6155787037037,After Disclosure,2021,179,0,1002.0,12.0,566.0
CVE-2021-39148,com.thoughtworks.xstream:xstream,net.ripe.rpki:rpki-commons,RIPE-NCC/rpki-commons,https://github.com/RIPE-NCC/rpki-commons/commit/cb41248bb0e21780857596da401b9a891c6ee1b7,2021-08-26 11:52:31,9,Silent,S1,S1,False,Medium,6.0,CWE-502;CWE-434,,2021-05-26 19:43:09,2021-08-22 13:57:44,2021-08-23,,91.6731712962963,3.9130439814814815,3.494803240740741,After Disclosure,2021,179,0,11426.0,225.0,566.0
CVE-2021-39148,com.thoughtworks.xstream:xstream,org.wicketstuff:wicketstuff-dashboard-core,wicketstuff/core,https://github.com/wicketstuff/core/commit/3fbd67082cf0ef7ec0114def59d07d496ded3a56,2021-08-25 15:46:01,9,Silent,S1,S1,False,Medium,6.0,CWE-502;CWE-434,,2021-05-26 19:43:09,2021-08-22 13:57:44,2021-08-23,,90.83532407407408,3.075196759259259,2.6569560185185184,After Disclosure,2021,179,0,1584.0,55.0,566.0
CVE-2021-39148,com.thoughtworks.xstream:xstream,org.springframework.batch:spring-batch-core,spring-projects/spring-batch,https://github.com/spring-projects/spring-batch/commit/8400b1620528576845fdf42bdc363e10b82d173a,2021-08-25 16:54:36,9,Silent,S1,S1,False,Medium,6.0,CWE-502;CWE-434,,2021-05-26 19:43:09,2021-08-22 13:57:44,2021-08-23,,90.88295138888888,3.122824074074074,2.7045833333333333,After Disclosure,2021,179,0,24644.0,482.0,566.0
CVE-2021-39148,com.thoughtworks.xstream:xstream,com.github.psi-probe:psi-probe-core,psi-probe/psi-probe,https://github.com/psi-probe/psi-probe/commit/cf3dd7317060ef7cb67f57686b0d760bdfa659d5,2021-08-23 07:01:58,9,Silent,S1,S1,False,Medium,6.0,CWE-502;CWE-434,,2021-05-26 19:43:09,2021-08-22 13:57:44,2021-08-23,,88.47140046296296,0.7112731481481481,0.2930324074074074,After Disclosure,2021,179,0,19822.0,302.0,566.0
CVE-2021-39148,com.thoughtworks.xstream:xstream,com.xceptance:xlt,Xceptance/XLT,https://github.com/Xceptance/XLT/commit/1b675b0b83f1e66c98d765f92bf2bae4de5a9369,2021-08-31 15:14:53,9,Silent,S1,S1,False,Medium,6.0,CWE-502;CWE-434,,2021-05-26 19:43:09,2021-08-22 13:57:44,2021-08-23,,96.81370370370371,9.053576388888889,8.635335648148148,After Disclosure,2021,179,0,146667.0,2303.0,566.0
CVE-2018-9159,com.sparkjava:spark-core,org.pac4j:spark-pac4j,pac4j/spark-pac4j,https://github.com/pac4j/spark-pac4j/commit/feca83631ed5d61e27dd09e4852007dea4cee188,2018-07-25 14:08:55,1,Transparent,T1,T1,False,Medium,5.0,CWE-22,2018-02-25 05:25:55,2018-03-07 14:43:02,2018-03-07 14:43:02,2018-03-31,150.36319444444445,139.97630787037036,139.97630787037036,116.58952546296297,After Disclosure,2018,27,0,373.0,5.5,6548.0
CVE-2018-9159,com.sparkjava:spark-core,net.nextpulse:jadmin,yholkamp/jadmin,https://github.com/yholkamp/jadmin/commit/4980dbeebe0740065da48d45051815cfd53f7541,2018-10-19 17:23:44,1,Transparent,T1,T1,False,Medium,5.0,CWE-22,2018-02-25 05:25:55,2018-03-07 14:43:02,2018-03-07 14:43:02,2018-03-31,236.49848379629628,226.11159722222223,226.11159722222223,202.7248148148148,After Disclosure,2018,27,0,1985.0,52.0,6548.0
CVE-2018-9159,com.sparkjava:spark-core,io.vertigo:vertigo-vega-impl,vertigo-io/vertigo,https://github.com/vertigo-io/vertigo/commit/3ae75d0a1de12f26b123ba6ba37c5c86e1360a94,2019-03-15 15:10:53,2,Transparent,T1,T1,False,Medium,5.0,CWE-22,2018-02-25 05:25:55,2018-03-07 14:43:02,2018-03-07 14:43:02,2018-03-31,383.40622685185184,373.01934027777776,373.01934027777776,349.63255787037036,After Disclosure,2018,27,0,6219.0,115.0,6548.0
CVE-2016-1000343,org.bouncycastle:bcprov-jdk15on,org.digidoc4j:digidoc4j,open-eid/digidoc4j,https://github.com/open-eid/digidoc4j/commit/78a400c3a59ea787885eb9c9370468bb7ea61c64,2018-02-14 09:04:46,7,Silent,S1,S1,False,Medium,5.0,CWE-310,,2016-11-04 10:04:21,2016-12-23 15:30:08,2018-06-04,,466.95862268518516,417.7323842592593,-109.62168981481481,Release->Disclosure,2018,155,0,11552.0,162.0,322.0
CVE-2016-1000343,org.bouncycastle:bcprov-jdk15on,de.alpharogroup:crypt-core,astrapi69/mystic-crypt,https://github.com/astrapi69/mystic-crypt/commit/d53951f5b8b9d538e6e4d17c4b6598e72ce41863,2018-01-06 12:34:33,7,Silent,S1,S1,False,Medium,5.0,CWE-310,,2016-11-04 10:04:21,2016-12-23 15:30:08,2018-06-04,,428.1043055555556,378.87806712962964,-148.47600694444444,Release->Disclosure,2018,155,0,1230.0,45.0,322.0
CVE-2016-1000343,org.bouncycastle:bcprov-jdk15on,net.sf.openas2:openas2-server,OpenAS2/OpenAs2App,https://github.com/OpenAS2/OpenAs2App/commit/320e7feb0ff579976f34f2d40d10f34d2d8fde18,2018-06-04 18:16:43,7,Silent,S1,S1,False,Medium,5.0,CWE-310,,2016-11-04 10:04:21,2016-12-23 15:30:08,2018-06-04,,577.3419212962963,528.1156828703704,0.7616087962962963,After Disclosure,2018,155,0,15046.0,228.0,322.0
CVE-2016-1000343,org.bouncycastle:bcprov-jdk15on,no.difi.sdp:sikker-digital-post-klient-java,difi/sikker-digital-post-klient,https://github.com/difi/sikker-digital-post-klient/commit/66e3cf656c3e49d5f4f5c00b5cfdb30fcca9fdf3,2019-03-15 13:29:11,7,Silent,S1,S1,False,Medium,5.0,CWE-310,,2016-11-04 10:04:21,2016-12-23 15:30:08,2018-06-04,,861.1422453703703,811.9160069444445,284.56193287037036,After Disclosure,2018,155,0,3234.0,120.0,322.0
CVE-2016-1000343,org.bouncycastle:bcprov-jdk15on,com.augustcellars.cose:cose-java,cose-wg/cose-java,https://github.com/cose-wg/cose-java/commit/4025bdbc51c381f170cd54abf593d5cf8f892c80,2019-07-08 19:44:43,7,Silent,S1,S1,False,Medium,5.0,CWE-310,,2016-11-04 10:04:21,2016-12-23 15:30:08,2018-06-04,,976.4030324074074,927.1767939814815,399.8227199074074,After Disclosure,2018,155,0,2943.0,30.0,322.0
CVE-2016-1000343,org.bouncycastle:bcprov-jdk15on,org.smallmind:smallmind-nutsnbolts,zenbones/SmallMind,https://github.com/zenbones/SmallMind/commit/487b69edc6fb1249b778f345b4571a349cb5277b,2019-04-23 20:21:49,7,Silent,S1,S1,False,Medium,5.0,CWE-310,,2016-11-04 10:04:21,2016-12-23 15:30:08,2018-06-04,,900.4287962962962,851.2025578703704,323.8484837962963,After Disclosure,2018,155,0,13821.0,389.0,322.0
CVE-2016-1000343,org.bouncycastle:bcprov-jdk15on,no.digipost:digipost-api-client-java,digipost/digipost-api-client-java,https://github.com/digipost/digipost-api-client-java/commit/b4be4fb911f048cf08f1b4546250c47143840ae6,2020-09-15 10:59:43,7,Silent,S1,S1,False,Medium,5.0,CWE-310,,2016-11-04 10:04:21,2016-12-23 15:30:08,2018-06-04,,1411.0384490740742,1361.812210648148,834.458136574074,After Disclosure,2018,155,0,7810.0,182.0,322.0
CVE-2016-1000343,org.bouncycastle:bcprov-jdk15on,io.netty:netty-example,netty/netty,https://github.com/netty/netty/commit/0dc246eb129796313b58c1dbdd674aa289f72cad,2021-01-01 18:31:44,7,Silent,S1,S1,False,Medium,5.0,CWE-310,,2016-11-04 10:04:21,2016-12-23 15:30:08,2018-06-04,,1519.352349537037,1470.1261111111112,942.7720370370371,After Disclosure,2018,155,0,10870.0,260.0,322.0
CVE-2016-1000343,org.bouncycastle:bcprov-jdk15on,net.anotheria:ano-util,anotheria/ano-util,https://github.com/anotheria/ano-util/commit/0635219589847eb0582e222fde326912e521211e,2021-08-13 15:29:15,7,Silent,S1,S1,False,Medium,5.0,CWE-310,,2016-11-04 10:04:21,2016-12-23 15:30:08,2018-06-04,,1743.225625,1693.9993865740742,1166.6453125,After Disclosure,2018,155,0,7703.0,139.0,322.0
CVE-2016-1000343,org.bouncycastle:bcprov-jdk15on,io.baltoro:client-lib,junaidontable/baltoro.lib,https://github.com/junaidontable/baltoro.lib/commit/7fb0f21ba08ba297824f51f8d54ea11f3ced6ba3,2020-04-28 03:51:57,7,Silent,S1,S1,False,Medium,5.0,CWE-310,,2016-11-04 10:04:21,2016-12-23 15:30:08,2018-06-04,,1270.7413888888889,1221.515150462963,694.1610763888889,After Disclosure,2018,155,0,6771.0,138.0,322.0
CVE-2016-1000343,org.bouncycastle:bcprov-jdk15on,de.taimos:dvalin-jaxrs,taimos/dvalin,https://github.com/taimos/dvalin/commit/255285f19aef973caa27a2a53204ec9007a8c9dc,2022-01-20 13:02:38,7,Silent,S1,S1,False,Medium,5.0,CWE-310,,2016-11-04 10:04:21,2016-12-23 15:30:08,2018-06-04,,1903.1238078703705,1853.8975694444443,1326.5434953703705,After Disclosure,2018,155,0,2164.0,51.0,322.0
CVE-2016-1000343,org.bouncycastle:bcprov-jdk15on,com.cybersource:cybersource-sdk-java,CyberSource/cybersource-sdk-java,https://github.com/CyberSource/cybersource-sdk-java/commit/f1d2a09b85a2294b312b9dbf1733a4df3bb9af9a,2019-03-06 13:51:03,7,Silent,S1,S1,False,Medium,5.0,CWE-310,,2016-11-04 10:04:21,2016-12-23 15:30:08,2018-06-04,,852.1574305555556,802.9311921296296,275.57711805555556,After Disclosure,2018,155,0,2569.0,23.0,322.0
CVE-2016-1000343,org.bouncycastle:bcprov-jdk15on,no.digipost:certificate-validator,digipost/certificate-validator,https://github.com/digipost/certificate-validator/commit/b148ba11c9f9385d612e3d4ccd6d3cad020c07fd,2019-06-05 07:49:09,7,Silent,S1,S1,False,Medium,5.0,CWE-310,,2016-11-04 10:04:21,2016-12-23 15:30:08,2018-06-04,,942.9061111111112,893.6798726851852,366.3257986111111,After Disclosure,2018,155,0,1103.0,24.0,322.0
CVE-2020-35217,io.vertx:vertx-web,com.zandero:rest.vertx,Zandero/rest.vertx,https://github.com/Zandero/rest.vertx/commit/18c7ffaa38670977c4d8b007e7f33dd864cf7a43,2021-02-14 21:39:54,1,Transparent,T1,T1,False,Medium,6.8,CWE-352,2020-05-19 20:39:31,2020-05-25 09:46:29,2020-05-28 10:58:46,2021-01-20,271.0419328703704,265.49542824074075,262.44523148148147,25.902708333333333,After Disclosure,2021,44,0,3931.5,60.5,703.0
CVE-2020-35217,io.vertx:vertx-web,com.github.timofeevda.jstressy:jstressy-api,timofeevda/jstressy,https://github.com/timofeevda/jstressy/commit/ba2835bb76d6f88844e7a114a151b42120a95db3,2021-03-26 08:58:45,1,Transparent,T1,T1,False,Medium,6.8,CWE-352,2020-05-19 20:39:31,2020-05-25 09:46:29,2020-05-28 10:58:46,2021-01-20,310.5133564814815,304.96685185185186,301.9166550925926,65.37413194444444,After Disclosure,2021,44,0,227.0,23.0,703.0
CVE-2018-1296,org.apache.hadoop:hadoop-hdfs,com.marklogic:marklogic-mapreduce2,marklogic/marklogic-contentpump,https://github.com/marklogic/marklogic-contentpump/commit/6ca7d8ef2d269dac8a2f416888f814571d7d6eff,2022-07-19 01:10:32,2,Transparent,T1,T1,False,Medium,5.0,CWE-200,2017-11-17 11:43:00,2017-11-28 18:07:39,2017-12-01 19:14:32,2019-02-07,1704.560787037037,1693.2936689814815,1690.2472222222223,1258.0489814814814,After Disclosure,2019,53,0,10291.0,144.0,3887.0
CVE-2018-1296,org.apache.hadoop:hadoop-hdfs,com.streamxhub.streamx:streamx-flink-repl,streamxhub/streamx,https://github.com/streamxhub/streamx/commit/904ea5e1526b5691a3298a4bcbf94bdf645f2051,2021-06-11 14:36:31,3,Transparent,T1,T1,False,Medium,5.0,CWE-200,2017-11-17 11:43:00,2017-11-28 18:07:39,2017-12-01 19:14:32,2019-02-07,1302.1204976851852,1290.8533796296297,1287.8069328703705,855.6086921296296,After Disclosure,2019,53,0,6163.0,110.0,3887.0
CVE-2018-1296,org.apache.hadoop:hadoop-hdfs,com.qubole.rubix:rubix-hadoop2,qubole/rubix,https://github.com/qubole/rubix/commit/5749e600901cb23456d53c7af3640d67ab70f54b,2020-07-08 12:03:41,3,Transparent,T1,T1,False,Medium,5.0,CWE-200,2017-11-17 11:43:00,2017-11-28 18:07:39,2017-12-01 19:14:32,2019-02-07,964.0143634259259,952.7472453703704,949.7007986111112,517.5025578703704,After Disclosure,2019,53,0,72538.0,1730.0,3887.0
CVE-2018-1296,org.apache.hadoop:hadoop-hdfs,com.github.jsr203hadoop:jsr203hadoop,damiencarol/jsr203-hadoop,https://github.com/damiencarol/jsr203-hadoop/commit/2a86bf610fa7cbeba39183ec2b75bcf56d4b61b0,2021-03-27 23:27:18,2,Transparent,T1,T1,False,Medium,5.0,CWE-200,2017-11-17 11:43:00,2017-11-28 18:07:39,2017-12-01 19:14:32,2019-02-07,1226.4890972222222,1215.2219791666666,1212.1755324074074,779.9772916666667,After Disclosure,2019,53,0,2413.0,29.0,3887.0
CVE-2018-17197,org.apache.tika:tika-parsers,fr.pilato.elasticsearch.crawler:fscrawler-tika,dadoonet/fscrawler,https://github.com/dadoonet/fscrawler/commit/a45187810f8f445afce32505c62455a24f906097,2018-12-18 16:32:25,1,Silent,S1,S1,False,Medium,4.3,CWE-835,,2018-11-08 13:48:00,2018-12-17 20:04:44,2018-12-24,,40.11417824074074,0.8525578703703703,-5.31082175925926,Release->Disclosure,2018,13,0,633.0,10.0,672.0
CVE-2018-17197,org.apache.tika:tika-parsers,org.codelibs.fess:fess-crawler,codelibs/fess-crawler,https://github.com/codelibs/fess-crawler/commit/dd02518d433a8764a450d04202df9bb119f84353,2019-01-01 07:56:33,1,Silent,S1,S1,False,Medium,4.3,CWE-835,,2018-11-08 13:48:00,2018-12-17 20:04:44,2018-12-24,,53.7559375,14.49431712962963,8.3309375,After Disclosure,2018,13,0,11447.0,152.0,672.0
CVE-2018-17197,org.apache.tika:tika-parsers,com.digitalpebble.stormcrawler:storm-crawler-tika,DigitalPebble/storm-crawler,https://github.com/DigitalPebble/storm-crawler/commit/9c70cbc75a2d6c7e36ecbc8f8d648fde2f827ca6,2019-01-02 10:58:22,1,Silent,S1,S1,False,Medium,4.3,CWE-835,,2018-11-08 13:48:00,2018-12-17 20:04:44,2018-12-24,,54.88219907407407,15.620578703703703,9.457199074074074,After Disclosure,2018,13,0,578.5,4.0,672.0
CVE-2018-17197,org.apache.tika:tika-parsers,org.appng:appng-search,appNG/appng,https://github.com/appNG/appng/commit/62b55e61825e658c77bcdbe60fd34ce545f2c8a4,2022-05-18 12:10:38,4,Silent,S1,S1,False,Medium,4.3,CWE-835,,2018-11-08 13:48:00,2018-12-17 20:04:44,2018-12-24,,1286.9323842592592,1247.6707638888888,1241.5073842592592,After Disclosure,2018,13,0,2164.0,30.0,672.0
CVE-2018-17197,org.apache.tika:tika-parsers,org.icij.extract:extract-lib,ICIJ/extract,https://github.com/ICIJ/extract/commit/80d23d1a24248ea5d9086ff633c6fc48c44b5e9c,2019-06-07 10:35:53,1,Silent,S1,S1,False,Medium,4.3,CWE-835,,2018-11-08 13:48:00,2018-12-17 20:04:44,2018-12-24,,210.86658564814815,171.60496527777778,165.44158564814813,After Disclosure,2018,13,0,5488.0,113.0,672.0
CVE-2020-7238,io.netty:netty-codec-http,org.b3log:latke-core,88250/latke,https://github.com/88250/latke/commit/9fbf6ff100204398910e0833aa15d146edde5530,2020-01-14 08:18:46,3,Transparent,T1,T1,False,Medium,5.0,CWE-444,2019-12-10 10:17:16,2019-12-13 08:53:19,2019-12-18 08:31:43,2020-01-27,34.91770833333333,31.976006944444446,26.991006944444443,-12.65363425925926,Release->Disclosure,2020,41,0,13469.0,193.0,20639.0
CVE-2020-7238,io.netty:netty-codec-http,io.jooby:jooby-netty,jooby-project/jooby,https://github.com/jooby-project/jooby/commit/812dd779de64c3031cacbf3a16c9b89b37db5ce0,2019-12-19 07:02:17,3,Transparent,T1,T1,False,Medium,5.0,CWE-444,2019-12-10 10:17:16,2019-12-13 08:53:19,2019-12-18 08:31:43,2020-01-27,8.864594907407408,5.922893518518518,0.9378935185185185,-38.706747685185185,Release->Disclosure,2020,41,0,1960.0,16.0,20639.0
CVE-2020-7238,io.netty:netty-codec-http,com.typesafe.netty:netty-reactive-streams-http,playframework/netty-reactive-streams,https://github.com/playframework/netty-reactive-streams/commit/2496188dc1b834445782b0ed7d10d6e947d4b6dc,2019-12-27 13:17:03,3,Transparent,T1,T1,False,Medium,5.0,CWE-444,2019-12-10 10:17:16,2019-12-13 08:53:19,2019-12-18 08:31:43,2020-01-27,17.124849537037036,14.183148148148149,9.198148148148148,-30.446493055555557,Release->Disclosure,2020,41,0,1054.0,27.0,20639.0
CVE-2020-7238,io.netty:netty-codec-http,org.mock-server:mockserver-integration-testing,jamesdbloom/mockservice,https://github.com/jamesdbloom/mockservice/commit/1b83bc9086470e046a82600698e5e040cac3695c,2019-12-29 15:46:57,3,Transparent,T1,T1,False,Medium,5.0,CWE-444,2019-12-10 10:17:16,2019-12-13 08:53:19,2019-12-18 08:31:43,2020-01-27,19.22894675925926,16.28724537037037,11.30224537037037,-28.342395833333335,Release->Disclosure,2020,41,0,1356.0,12.0,20639.0
CVE-2020-7238,io.netty:netty-codec-http,com.simplyti.cloud:simple-server-clients-http,simplyti/simple-server,https://github.com/simplyti/simple-server/commit/db941a90d83767508fcf98d74c0b31b5fd297cbc,2019-12-29 22:42:26,3,Transparent,T1,T1,False,Medium,5.0,CWE-444,2019-12-10 10:17:16,2019-12-13 08:53:19,2019-12-18 08:31:43,2020-01-27,19.517476851851853,16.575775462962962,11.590775462962963,-28.05386574074074,Release->Disclosure,2020,41,0,988.0,27.0,20639.0
CVE-2020-7692,com.google.oauth-client:google-oauth-client,com.google.cloud.bigdataoss:bigquery-connector,GoogleCloudPlatform/bigdata-interop,https://github.com/GoogleCloudPlatform/bigdata-interop/commit/8118d88dd76a3a9c871f1d42c424b759ae350ec1,2020-07-15 02:01:17,1,Transparent,T1,T1,False,Medium,6.4,CWE-863,2020-05-29 17:10:27,2020-06-29 12:57:20,2020-06-29 20:52:05,2020-07-09,46.36863425925926,15.544409722222222,15.214722222222223,6.084224537037037,After Disclosure,2020,26,0,2800.0,42.0,473.0
CVE-2020-7692,com.google.oauth-client:google-oauth-client,org.dspace:dspace-api,DSpace/DSpace,https://github.com/DSpace/DSpace/commit/ec9d81b218de9feaca3f84fb98a6251c0d764c4f,2021-12-02 21:04:45,1,Transparent,T1,T1,False,Medium,6.4,CWE-863,2020-05-29 17:10:27,2020-06-29 12:57:20,2020-06-29 20:52:05,2020-07-09,552.1627083333333,521.3384837962963,521.0087962962963,511.8782986111111,After Disclosure,2020,26,0,96065.0,1092.0,473.0
CVE-2020-7692,com.google.oauth-client:google-oauth-client,io.prestosql:presto-google-sheets,prestosql/presto,https://github.com/prestosql/presto/commit/30b6b68f6c2f98811684faca8237698d890dddbc,2021-01-03 00:40:20,1,Transparent,T1,T1,False,Medium,6.4,CWE-863,2020-05-29 17:10:27,2020-06-29 12:57:20,2020-06-29 20:52:05,2020-07-09,218.31241898148147,187.48819444444445,187.15850694444444,178.02800925925925,After Disclosure,2020,26,0,1003.0,21.0,473.0
CVE-2020-10714,org.wildfly.security:wildfly-elytron,org.jboss.invocation:jboss-invocation,jbossas/jboss-invocation,https://github.com/jbossas/jboss-invocation/commit/8a23dab40a6b63bacca385d374cd24574f1518f9,2022-08-01 15:57:56,2,Silent,S1,S1,False,Medium,5.1,CWE-384,,2020-04-09 17:42:15,2020-04-27 16:37:44,2020-09-23,,843.9275578703704,825.9723611111111,677.6652314814814,After Disclosure,2020,12,0,2324.0,57.0,39.0
CVE-2020-10714,org.wildfly.security:wildfly-elytron,org.wildfly.core:wildfly-cli,wildfly/wildfly-core,https://github.com/wildfly/wildfly-core/commit/255f019017a5ccf146616d8d9990ee1ae7f74be7,2020-04-28 14:49:49,1,Silent,S1,S1,False,Medium,5.1,CWE-384,,2020-04-09 17:42:15,2020-04-27 16:37:44,2020-09-23,,18.88025462962963,0.9250578703703703,-147.38207175925925,Release->Disclosure,2020,12,0,35887.0,745.0,39.0
CVE-2020-10714,org.wildfly.security:wildfly-elytron,org.jboss:jboss-ejb-client,wildfly/jboss-ejb-client,https://github.com/wildfly/jboss-ejb-client/commit/7c31d863847dc97a14eb47a861003f68372a4dba,2021-09-15 12:43:59,2,Silent,S1,S1,False,Medium,5.1,CWE-384,,2020-04-09 17:42:15,2020-04-27 16:37:44,2020-09-23,,523.7928703703703,505.8376736111111,357.53054398148146,After Disclosure,2020,12,0,13669.0,202.0,39.0
CVE-2020-10714,org.wildfly.security:wildfly-elytron,org.jboss.remotingjmx:remoting-jmx,jbossas/remoting-jmx,https://github.com/jbossas/remoting-jmx/commit/d0aa9a8f7dead492e57ace2d52bf83fc086f8535,2021-01-08 11:39:27,1,Silent,S1,S1,False,Medium,5.1,CWE-384,,2020-04-09 17:42:15,2020-04-27 16:37:44,2020-09-23,,273.74805555555554,255.7928587962963,107.48572916666667,After Disclosure,2020,12,0,7449.0,233.0,39.0
CVE-2015-7521,org.apache.hive:hive-exec,com.hotels:circus-train-hive-view,ExpediaGroup/circus-train,https://github.com/ExpediaGroup/circus-train/commit/1d8fd0315287815620a1f30d75ffedef8628946b,2018-01-16 14:35:02,2,Transparent,T2,T2,False,High,7.5,CWE-287,2016-01-14 23:43:00,2016-01-18 12:46:19,2016-06-17 00:47:37,2016-01-29,732.6194675925926,729.0754976851852,578.5745949074075,718.607662037037,After Release,2016,36,0,266.0,4.0,685.0
CVE-2015-7521,org.apache.hive:hive-exec,com.hotels:beeju,HotelsDotCom/beeju,https://github.com/HotelsDotCom/beeju/commit/a4079650d170d49919ae3b9e9163da758a2f2153,2017-08-17 16:11:43,1,Transparent,T2,T2,False,High,7.5,CWE-287,2016-01-14 23:43:00,2016-01-18 12:46:19,2016-06-17 00:47:37,2016-01-29,580.6866087962962,577.1426388888889,426.64173611111113,566.6748032407407,After Release,2016,36,0,384.0,9.0,685.0
CVE-2015-7521,org.apache.hive:hive-exec,com.yahoo.datasketches:sketches-hive,DataSketches/sketches-hive,https://github.com/DataSketches/sketches-hive/commit/65d659c07d47213486f45e046ffa84e38162b4f0,2018-12-20 23:26:53,3,Transparent,T2,T2,False,High,7.5,CWE-287,2016-01-14 23:43:00,2016-01-18 12:46:19,2016-06-17 00:47:37,2016-01-29,1070.9888078703705,1067.444837962963,916.9439351851852,1056.9770023148149,After Release,2016,36,0,1654.0,53.0,685.0
CVE-2021-29262,org.apache.solr:solr-core,cool.solr:solr-util,solr-cool/solr-util,https://github.com/solr-cool/solr-util/commit/0f25e26817dd310957208900c7b17cdeb99bc9fe,2021-06-01 17:49:31,2,Silent,S1,S1,False,Medium,4.3,CWE-522,,2021-04-06 10:06:58,2021-04-06 16:06:43,2021-04-13,,56.321215277777775,56.07138888888889,49.742719907407405,After Disclosure,2021,14,0,615.0,11.0,3893.0
CVE-2021-29262,org.apache.solr:solr-core,cool.solr:solr-analyzers,solr-cool/solr-analyzers,https://github.com/solr-cool/solr-analyzers/commit/c6b828e3b7163ab0fe80af0ba3e85331ccf40b59,2021-06-02 06:17:04,4,Silent,S1,S1,False,Medium,4.3,CWE-522,,2021-04-06 10:06:58,2021-04-06 16:06:43,2021-04-13,,56.84034722222222,56.590520833333336,50.26185185185185,After Disclosure,2021,14,0,356.0,5.0,3893.0
CVE-2021-29262,org.apache.solr:solr-core,org.textexploration.mtas:mtas,textexploration/mtas,https://github.com/textexploration/mtas/commit/933d3b8c3f88e88fe63197ee05a9841e0aa0fe0b,2021-06-06 06:55:26,2,Silent,S1,S1,False,Medium,4.3,CWE-522,,2021-04-06 10:06:58,2021-04-06 16:06:43,2021-04-13,,60.86699074074074,60.617164351851855,54.28849537037037,After Disclosure,2021,14,0,51332.0,351.0,3893.0
CVE-2021-29262,org.apache.solr:solr-core,cool.solr:solr-thymeleaf,solr-cool/solr-thymeleaf,https://github.com/solr-cool/solr-thymeleaf/commit/60b748c080b55a40f533b6fedd6e1f8aa464260a,2021-06-01 20:25:13,1,Silent,S1,S1,False,Medium,4.3,CWE-522,,2021-04-06 10:06:58,2021-04-06 16:06:43,2021-04-13,,56.429340277777776,56.17951388888889,49.85084490740741,After Disclosure,2021,14,0,381.0,5.0,3893.0
CVE-2021-29262,org.apache.solr:solr-core,com.lucidworks.spark:spark-solr,LucidWorks/spark-solr,https://github.com/LucidWorks/spark-solr/commit/f175ec380a5bc50f6da478b48e0f443fb38746f4,2021-04-15 14:42:29,2,Silent,S1,S1,False,Medium,4.3,CWE-522,,2021-04-06 10:06:58,2021-04-06 16:06:43,2021-04-13,,9.191331018518518,8.94150462962963,2.612835648148148,After Disclosure,2021,14,0,27951.0,431.0,3893.0
CVE-2021-28657,org.apache.tika:tika-parsers,com.digitalpebble.stormcrawler:storm-crawler-tika,DigitalPebble/storm-crawler,https://github.com/DigitalPebble/storm-crawler/commit/648676308487148a7e5c45edd55fb11ddbc6691a,2021-04-09 07:19:23,1,Silent,S1,S1,False,Medium,4.3,CWE-835,,2021-02-16 12:19:00,2021-03-24 10:27:53,2021-03-31,,51.79193287037037,15.869097222222223,9.305127314814815,After Disclosure,2021,19,0,578.5,4.0,1096.0
CVE-2021-28657,org.apache.tika:tika-parsers,org.teamapps:universal-db,teamapps-org/universal-db,https://github.com/teamapps-org/universal-db/commit/6c1b6e4f22c5d9316386b7179ed76317c935da61,2021-05-06 06:49:55,1,Silent,S1,S1,False,Medium,4.3,CWE-835,,2021-02-16 12:19:00,2021-03-24 10:27:53,2021-03-31,,78.77146990740741,42.848634259259256,36.28466435185185,After Disclosure,2021,19,0,19395.0,217.0,1096.0
CVE-2021-28657,org.apache.tika:tika-parsers,org.dspace:dspace-api,DSpace/DSpace,https://github.com/DSpace/DSpace/commit/c7a8e1b3b54ef5654b049b965f424a856f3e5d4e,2022-04-04 15:19:34,1,Silent,S1,S1,False,Medium,4.3,CWE-835,,2021-02-16 12:19:00,2021-03-24 10:27:53,2021-03-31,,412.12539351851854,376.20255787037036,369.63858796296296,After Disclosure,2021,19,0,96065.0,1092.0,1096.0
CVE-2021-28657,org.apache.tika:tika-parsers,org.codelibs.fess:fess-crawler,codelibs/fess-crawler,https://github.com/codelibs/fess-crawler/commit/c1cf8532318f04a0a587c31b942943d8d8dd6c8a,2021-04-01 01:52:38,1,Silent,S1,S1,False,Medium,4.3,CWE-835,,2021-02-16 12:19:00,2021-03-24 10:27:53,2021-03-31,,43.56502314814815,7.6421875,1.0782175925925925,After Disclosure,2021,19,0,11447.0,152.0,1096.0
CVE-2021-28657,org.apache.tika:tika-parsers,io.annot8:annot8-components-tika,annot8/annot8-components,https://github.com/annot8/annot8-components/commit/6b54b8c25de127dc0ba6616e159046e6dc34088b,2021-04-06 13:42:17,1,Silent,S1,S1,False,Medium,4.3,CWE-835,,2021-02-16 12:19:00,2021-03-24 10:27:53,2021-03-31,,49.05783564814815,13.135,6.571030092592593,After Disclosure,2021,19,0,81.0,2.0,1096.0
CVE-2018-11777,org.apache.hive:hive-exec,com.hotels:beeju,HotelsDotCom/beeju,https://github.com/HotelsDotCom/beeju/commit/967f7daeb42aa8e8b91c235f2f1d34aa8c1b98e0,2018-12-18 09:35:55,2,Transparent,T1,T1,False,Medium,5.5,,2018-08-18 05:07:00,2018-10-25 00:12:32,2018-10-31 14:19:11,2018-11-08,122.18674768518518,54.39123842592593,47.80328703703704,40.39994212962963,After Disclosure,2018,36,0,384.0,9.0,1980.0
CVE-2018-11777,org.apache.hive:hive-exec,com.hotels:circus-train-hive-view,ExpediaGroup/circus-train,https://github.com/ExpediaGroup/circus-train/commit/18fd1190b0ca5c2ffea4992a8a0f50281b0c8c44,2020-04-24 16:08:31,1,Transparent,T1,T1,False,Medium,5.5,,2018-08-18 05:07:00,2018-10-25 00:12:32,2018-10-31 14:19:11,2018-11-08,615.4593865740741,547.6638773148148,541.075925925926,533.6725810185185,After Disclosure,2018,36,0,266.0,4.0,1980.0
CVE-2018-11777,org.apache.hive:hive-exec,com.yahoo.datasketches:sketches-hive,DataSketches/sketches-hive,https://github.com/DataSketches/sketches-hive/commit/65d659c07d47213486f45e046ffa84e38162b4f0,2018-12-20 23:26:53,3,Transparent,T1,T1,False,Medium,5.5,,2018-08-18 05:07:00,2018-10-25 00:12:32,2018-10-31 14:19:11,2018-11-08,124.76380787037037,56.96829861111111,50.38034722222222,42.97700231481482,After Disclosure,2018,36,0,1654.0,53.0,1980.0
CVE-2019-3795,org.springframework.security:spring-security-core,io.syndesis.server:server-credential,syndesisio/syndesis,https://github.com/syndesisio/syndesis/commit/f5d11755da8ea18e58cf331b70d2471142b7fb79,2019-05-23 15:12:42,1,Transparent,T1,T1,False,Medium,5.0,CWE-330,2019-04-02 15:16:44,2019-04-02 09:36:46,2019-04-02 18:58:47,2019-04-09,50.997199074074075,51.23328703703704,50.84299768518518,44.63381944444444,After Disclosure,2019,63,0,2567.0,70.0,3031.0
CVE-2019-3795,org.springframework.security:spring-security-core,com.kerb4j:kerb4j-server-spring-security,bedrin/kerb4j,https://github.com/bedrin/kerb4j/commit/4c7af0766714330e13f78bab68895a68f7f0ab4d,2020-09-02 22:29:53,3,Transparent,T1,T1,False,Medium,5.0,CWE-330,2019-04-02 15:16:44,2019-04-02 09:36:46,2019-04-02 18:58:47,2019-04-09,519.3007986111111,519.5368865740741,519.1465972222222,512.9374189814815,After Disclosure,2019,63,0,644.0,12.0,3031.0
CVE-2019-3795,org.springframework.security:spring-security-core,at.researchstudio.sat:won-owner,researchstudio-sat/webofneeds,https://github.com/researchstudio-sat/webofneeds/commit/65e0d534d27e69f7682e64131737008919d3c7a9,2019-11-27 07:24:58,2,Transparent,T1,T1,False,Medium,5.0,CWE-330,2019-04-02 15:16:44,2019-04-02 09:36:46,2019-04-02 18:58:47,2019-04-09,238.67238425925925,238.90847222222223,238.51818287037037,232.30900462962964,After Disclosure,2019,63,0,2293.0,42.0,3031.0
CVE-2019-3795,org.springframework.security:spring-security-core,org.openl:org.openl.commons.web,openl-tablets/openl-tablets,https://github.com/openl-tablets/openl-tablets/commit/470d79f51b65c088dafb0132200ed6d50eaf65dd,2019-06-26 21:06:05,2,Transparent,T1,T1,False,Medium,5.0,CWE-330,2019-04-02 15:16:44,2019-04-02 09:36:46,2019-04-02 18:58:47,2019-04-09,85.24260416666667,85.47869212962964,85.08840277777777,78.87922453703703,After Disclosure,2019,63,0,593.0,8.0,3031.0
CVE-2019-3795,org.springframework.security:spring-security-core,org.appng:appng-core,appNG/appng,https://github.com/appNG/appng/commit/fd09821a699ada97b6fcd798bcef7a9343437ac3,2019-07-30 12:37:30,2,Transparent,T1,T1,False,Medium,5.0,CWE-330,2019-04-02 15:16:44,2019-04-02 09:36:46,2019-04-02 18:58:47,2019-04-09,118.88942129629629,119.12550925925926,118.73521990740741,112.52604166666667,After Disclosure,2019,63,0,19802.0,231.0,3031.0
CVE-2020-17521,org.codehaus.groovy:groovy,biz.aQute:biz.aQute.openapi.gradle.plugin,aQute-os/biz.aQute.openapi,https://github.com/aQute-os/biz.aQute.openapi/commit/bb381bc5bb64a92756cd8e84c6949d0a2c9d6cfd,2020-12-09 19:04:08,1,Transparent,T1,T1,False,Low,2.1,,2020-11-19 22:48:00,2020-11-20 14:01:10,2020-11-30 15:07:46,2020-12-07,19.844537037037036,19.21039351851852,9.164143518518518,2.794537037037037,After Disclosure,2020,111,0,44749.0,271.0,3686.0
CVE-2020-26939,org.bouncycastle:bcprov-ext-jdk15on,org.apache.distributedlog:distributedlog-core-shaded,apache/bookkeeper,https://github.com/apache/bookkeeper/commit/09b3105640bfe6d0ccd11aff9c6030f110c62295,2021-03-04 08:47:52,1,Silent,S1,S1,False,Medium,5.0,CWE-203,,2018-08-08 08:59:10,2019-02-05 22:49:44,2020-11-02,,938.9921527777777,757.4153703703704,122.36657407407408,After Disclosure,2020,12,0,647804.0,9153.0,661.0
CVE-2020-26939,org.bouncycastle:bcprov-ext-jdk15on,dev.galasa:dev.galasa.framework.k8s.controller,galasa-dev/framework,https://github.com/galasa-dev/framework/commit/1172ec301dca510bea1647d1617dd54eb966f7de,2021-07-06 08:24:54,1,Silent,S1,S1,False,Medium,5.0,CWE-203,,2018-08-08 08:59:10,2019-02-05 22:49:44,2020-11-02,,1062.9762037037037,881.3994212962963,246.350625,After Disclosure,2020,12,0,1005.0,13.0,661.0
CVE-2015-0264,org.apache.camel:camel-core,io.fabric8.examples:fabric-loanbroker-rateservice,fabric8io/fabric8,https://github.com/fabric8io/fabric8/commit/4e8421e6e584bd234d162a722095aa069c3b8863,2015-03-11 05:37:02,1,Transparent,T1,T1,False,Medium,5.0,,2015-02-04 07:25:00,2015-03-02 08:15:44,2015-03-07 03:03:50,2015-06-03,34.92502314814815,8.889791666666667,4.106388888888889,-83.76594907407407,Release->Disclosure,2015,28,0,30.0,1.0,330.0
CVE-2015-0264,org.apache.camel:camel-core,org.apache-extras.camel-extra:camel-couchbase,camel-extra/camel-extra,https://github.com/camel-extra/camel-extra/commit/59d02a25c671b925235792e883f455fb6225da60,2015-06-27 20:59:42,2,Transparent,T1,T1,False,Medium,5.0,,2015-02-04 07:25:00,2015-03-02 08:15:44,2015-03-07 03:03:50,2015-06-03,143.56576388888888,117.5305324074074,112.74712962962963,24.874791666666667,After Disclosure,2015,28,0,744.0,6.0,330.0
CVE-2019-7614,org.elasticsearch:elasticsearch,org.codelibs.fess:fess-ds-elasticsearch,codelibs/fess-ds-elasticsearch,https://github.com/codelibs/fess-ds-elasticsearch/commit/b6ded96d04ee5f85c9c2aa7628cd60d8f5064f56,2019-08-15 09:19:36,1,Transparent,T1,T1,False,Medium,4.3,CWE-362,2019-06-28 08:07:35,2019-07-03 10:36:12,2019-07-23 14:10:58,2019-07-30,48.05001157407408,42.94680555555556,22.797662037037036,16.38861111111111,After Disclosure,2019,31,0,228.0,2.0,38978.0
CVE-2019-7614,org.elasticsearch:elasticsearch,org.bedework.caleng:bw-calendar-engine-core-common,Bedework/bw-calendar-engine,https://github.com/Bedework/bw-calendar-engine/commit/a6d1ca3156669ab2455e62fbe32c488b5ff5491b,2021-06-17 03:00:05,1,Transparent,T1,T1,False,Medium,4.3,CWE-362,2019-06-28 08:07:35,2019-07-03 10:36:12,2019-07-23 14:10:58,2019-07-30,719.7864583333334,714.6832523148148,694.5341087962963,688.1250578703704,After Disclosure,2019,31,0,8317.0,38.0,38978.0
CVE-2019-7614,org.elasticsearch:elasticsearch,com.amazon.opendistroforelasticsearch:opendistro_security,opendistro-for-elasticsearch/security,https://github.com/opendistro-for-elasticsearch/security/commit/a3d7a56e7c21ff011dad66a75389d157732f43fc,2019-11-20 02:54:31,1,Transparent,T1,T1,False,Medium,4.3,CWE-362,2019-06-28 08:07:35,2019-07-03 10:36:12,2019-07-23 14:10:58,2019-07-30,144.78259259259258,139.67938657407407,119.53024305555556,113.12119212962963,After Disclosure,2019,31,0,25812.0,391.0,38978.0
CVE-2019-7614,org.elasticsearch:elasticsearch,org.codelibs.fess:fess-ds-atlassian,codelibs/fess-ds-atlassian,https://github.com/codelibs/fess-ds-atlassian/commit/d3c47d184a6750df41d72a5674803a60bc57ae52,2019-08-15 08:49:42,1,Transparent,T1,T1,False,Medium,4.3,CWE-362,2019-06-28 08:07:35,2019-07-03 10:36:12,2019-07-23 14:10:58,2019-07-30,48.02924768518518,42.92604166666667,22.77689814814815,16.367847222222224,After Disclosure,2019,31,0,2015.0,45.0,38978.0
CVE-2019-7614,org.elasticsearch:elasticsearch,com.github.cafaudit:caf-audit-binding-elasticsearch,CAFAudit/audit-service,https://github.com/CAFAudit/audit-service/commit/0930f82d6c7c11b0987740e37e8c383ee38ef5d8,2020-06-01 15:31:17,1,Transparent,T1,T1,False,Medium,4.3,CWE-362,2019-06-28 08:07:35,2019-07-03 10:36:12,2019-07-23 14:10:58,2019-07-30,339.308125,334.20491898148146,314.05577546296297,307.646724537037,After Disclosure,2019,31,0,496.5,14.5,38978.0
CVE-2019-7614,org.elasticsearch:elasticsearch,org.codelibs:elasticsearch-dataformat,codelibs/elasticsearch-dataformat,https://github.com/codelibs/elasticsearch-dataformat/commit/33d7e1f2e6347eae3850f0bedb2c8271ead16371,2019-07-30 21:12:03,1,Transparent,T1,T1,False,Medium,4.3,CWE-362,2019-06-28 08:07:35,2019-07-03 10:36:12,2019-07-23 14:10:58,2019-07-30,32.54476851851852,27.4415625,7.2924189814814815,0.8833680555555555,After Disclosure,2019,31,0,1074.0,22.0,38978.0
CVE-2019-7614,org.elasticsearch:elasticsearch,org.codelibs:elasticsearch-configsync,codelibs/elasticsearch-configsync,https://github.com/codelibs/elasticsearch-configsync/commit/b292fd2b9281ac2dbdc1443230c9c6175fc4e8f5,2019-07-30 21:11:56,1,Transparent,T1,T1,False,Medium,4.3,CWE-362,2019-06-28 08:07:35,2019-07-03 10:36:12,2019-07-23 14:10:58,2019-07-30,32.5446875,27.441481481481482,7.2923379629629625,0.883287037037037,After Disclosure,2019,31,0,1050.5,37.5,38978.0
CVE-2019-7614,org.elasticsearch:elasticsearch,org.n52.arctic-sea:iceland-statistics-geolocation,52North/arctic-sea,https://github.com/52North/arctic-sea/commit/006effb9fad75d0d7d1425fc3f0329b7f5c1965c,2019-08-12 11:46:05,1,Transparent,T1,T1,False,Medium,4.3,CWE-362,2019-06-28 08:07:35,2019-07-03 10:36:12,2019-07-23 14:10:58,2019-07-30,45.15173611111111,40.04853009259259,19.899386574074075,13.490335648148148,After Disclosure,2019,31,0,258.0,4.0,38978.0
CVE-2019-7614,org.elasticsearch:elasticsearch,org.codelibs.fess:fess-ds-gsuite,codelibs/fess-ds-gsuite,https://github.com/codelibs/fess-ds-gsuite/commit/2dac91626d0ab0bb97d24af66f792d1cc889f08d,2019-08-15 08:59:47,1,Transparent,T1,T1,False,Medium,4.3,CWE-362,2019-06-28 08:07:35,2019-07-03 10:36:12,2019-07-23 14:10:58,2019-07-30,48.03625,42.93304398148148,22.78390046296296,16.374849537037036,After Disclosure,2019,31,0,10553.5,137.0,38978.0
CVE-2019-7614,org.elasticsearch:elasticsearch,org.codelibs.fess:fess-ds-gitbucket,codelibs/fess-ds-gitbucket,https://github.com/codelibs/fess-ds-gitbucket/commit/de8e244df01e1973dfc10e3cdda6e78ab8125fd4,2019-08-15 08:55:20,1,Transparent,T1,T1,False,Medium,4.3,CWE-362,2019-06-28 08:07:35,2019-07-03 10:36:12,2019-07-23 14:10:58,2019-07-30,48.03315972222222,42.9299537037037,22.780810185185185,16.37175925925926,After Disclosure,2019,31,0,393.0,3.0,38978.0
CVE-2019-7614,org.elasticsearch:elasticsearch,org.codelibs:elasticsearch-analysis-extension,codelibs/elasticsearch-analysis-extension,https://github.com/codelibs/elasticsearch-analysis-extension/commit/7a982a238b244f87b22a586755c4c8154634f95d,2019-07-30 21:11:22,1,Transparent,T1,T1,False,Medium,4.3,CWE-362,2019-06-28 08:07:35,2019-07-03 10:36:12,2019-07-23 14:10:58,2019-07-30,32.54429398148148,27.441087962962964,7.291944444444445,0.8828935185185185,After Disclosure,2019,31,0,1500.0,30.0,38978.0
CVE-2019-7614,org.elasticsearch:elasticsearch,org.codelibs:elasticsearch-minhash,codelibs/elasticsearch-minhash,https://github.com/codelibs/elasticsearch-minhash/commit/59d1cc9774cb4288fabbd60ab4f7171b600e4085,2019-07-30 21:11:48,1,Transparent,T1,T1,False,Medium,4.3,CWE-362,2019-06-28 08:07:35,2019-07-03 10:36:12,2019-07-23 14:10:58,2019-07-30,32.54459490740741,27.441388888888888,7.29224537037037,0.8831944444444444,After Disclosure,2019,31,0,442.0,11.0,38978.0
CVE-2019-7614,org.elasticsearch:elasticsearch,org.codelibs.fess:fess-ds-db,codelibs/fess-ds-db,https://github.com/codelibs/fess-ds-db/commit/34c48e938db60c70c54d243231a7fc4b97ac3d7e,2019-08-15 09:05:35,1,Transparent,T1,T1,False,Medium,4.3,CWE-362,2019-06-28 08:07:35,2019-07-03 10:36:12,2019-07-23 14:10:58,2019-07-30,48.040277777777774,42.93707175925926,22.78792824074074,16.378877314814815,After Disclosure,2019,31,0,244.0,2.0,38978.0
CVE-2019-7614,org.elasticsearch:elasticsearch,org.lionsoul:jcseg-elasticsearch,lionsoul2014/jcseg,https://github.com/lionsoul2014/jcseg/commit/16600e17271a82413060132a4d90ab43a27dc51d,2019-10-14 02:20:15,1,Transparent,T1,T1,False,Medium,4.3,CWE-362,2019-06-28 08:07:35,2019-07-03 10:36:12,2019-07-23 14:10:58,2019-07-30,107.7587962962963,102.65559027777778,82.50644675925926,76.09739583333334,After Disclosure,2019,31,0,280.0,11.0,38978.0
CVE-2019-7614,org.elasticsearch:elasticsearch,org.codelibs:elasticsearch-analysis-fess,codelibs/elasticsearch-analysis-fess,https://github.com/codelibs/elasticsearch-analysis-fess/commit/3defe3255e048588fcbfa53cf4cf686f19c07e0b,2019-07-30 21:11:32,1,Transparent,T1,T1,False,Medium,4.3,CWE-362,2019-06-28 08:07:35,2019-07-03 10:36:12,2019-07-23 14:10:58,2019-07-30,32.54440972222222,27.441203703703703,7.292060185185186,0.8830092592592592,After Disclosure,2019,31,0,672.5,23.0,38978.0
CVE-2019-7614,org.elasticsearch:elasticsearch,org.codelibs.fess:fess-ds-csv,codelibs/fess-ds-csv,https://github.com/codelibs/fess-ds-csv/commit/0f4f8f8b230fa4953c05bf72cd6d8bafb4c3aa5d,2019-08-15 09:42:19,1,Transparent,T1,T1,False,Medium,4.3,CWE-362,2019-06-28 08:07:35,2019-07-03 10:36:12,2019-07-23 14:10:58,2019-07-30,48.06578703703704,42.96258101851852,22.8134375,16.404386574074074,After Disclosure,2019,31,0,418.0,2.0,38978.0
CVE-2014-3578,org.springframework:spring-core,com.davidkarlsen.commonstransaction.spring:commons-transaction-spring,davidkarlsen/Commons-Transaction-Spring-Integration,https://github.com/davidkarlsen/Commons-Transaction-Spring-Integration/commit/92e4055fb3ca8f7189819fdc9cd4cc0aebc0a0db,2014-09-27 11:44:15,1,Silent,S1,S1,False,Medium,5.0,CWE-22,,2014-05-15 17:26:52,2014-07-18 09:12:19,2015-02-19,,134.76207175925927,71.10550925925926,-144.5109375,Release->Disclosure,2015,185,0,329.0,4.0,2841.0
CVE-2014-3578,org.springframework:spring-core,org.wicketstuff:wicketstuff-annotation,wicketstuff/core,https://github.com/wicketstuff/core/commit/e6bdc2b97dfd8e902a63dc05f375451573fb5282,2014-09-23 18:37:09,3,Silent,S1,S1,False,Medium,5.0,CWE-22,,2014-05-15 17:26:52,2014-07-18 09:12:19,2015-02-19,,131.04880787037038,67.39224537037038,-148.2242013888889,Release->Disclosure,2015,185,0,238.0,4.0,2841.0
CVE-2014-3578,org.springframework:spring-core,org.archive.heritrix:heritrix-commons,internetarchive/heritrix3,https://github.com/internetarchive/heritrix3/commit/5f52a14afcb08b788213eed986d9cc3e47438d80,2021-02-15 07:20:00,3,Silent,S1,S1,False,Medium,5.0,CWE-22,,2014-05-15 17:26:52,2014-07-18 09:12:19,2015-02-19,,2467.578564814815,2403.922002314815,2188.3055555555557,After Disclosure,2015,185,0,6160.0,94.0,2841.0
CVE-2014-3578,org.springframework:spring-core,org.bedework.evreg:bw-event-registration-common,Bedework/bw-event-registration,https://github.com/Bedework/bw-event-registration/commit/b68208174b6ef09ee4c6d9039899823f508ab87b,2019-11-02 19:54:01,2,Silent,S1,S1,False,Medium,5.0,CWE-22,,2014-05-15 17:26:52,2014-07-18 09:12:19,2015-02-19,,1997.1021875,1933.445625,1717.8291782407407,After Disclosure,2015,185,0,3316.0,31.0,2841.0
CVE-2014-3578,org.springframework:spring-core,org.powermock.examples:powermock-examples-spring-mockito-xml,jayway/powermock,https://github.com/jayway/powermock/commit/8c605c6fbcb74e726c0c53d17c9a417048b90c20,2016-12-03 14:09:36,3,Silent,S1,S1,False,Medium,5.0,CWE-22,,2014-05-15 17:26:52,2014-07-18 09:12:19,2015-02-19,,932.8630092592592,869.2064467592593,653.59,After Disclosure,2015,185,0,89.0,4.0,2841.0
CVE-2014-3578,org.springframework:spring-core,org.jdal:jdal-core,chelu/jdal,https://github.com/chelu/jdal/commit/287f14092c4ec62c18cd073533d7a79b03ab99a7,2015-04-24 22:59:16,1,Silent,S1,S1,False,Medium,5.0,CWE-22,,2014-05-15 17:26:52,2014-07-18 09:12:19,2015-02-19,,344.23083333333335,280.57427083333334,64.95782407407407,After Disclosure,2015,185,0,4606.0,96.0,2841.0
CVE-2014-3578,org.springframework:spring-core,net.javacrumbs:smock-http-metro,lukas-krecan/smock,https://github.com/lukas-krecan/smock/commit/c145d3b75b51570ffab85455bdde524ccff2b370,2017-09-25 19:04:42,3,Silent,S1,S1,False,Medium,5.0,CWE-22,,2014-05-15 17:26:52,2014-07-18 09:12:19,2015-02-19,,1229.0679398148147,1165.411377314815,949.7949305555555,After Disclosure,2015,185,0,62.0,3.0,2841.0
CVE-2014-3578,org.springframework:spring-core,com.custardsource.parfait:parfait-jmx,performancecopilot/parfait,https://github.com/performancecopilot/parfait/commit/ac6d15595c23225c45e222b2ad52c5156cd7bb62,2016-04-14 05:56:18,3,Silent,S1,S1,False,Medium,5.0,CWE-22,,2014-05-15 17:26:52,2014-07-18 09:12:19,2015-02-19,,699.5204398148148,635.8638773148148,420.2474305555556,After Disclosure,2015,185,0,349.0,7.0,2841.0
CVE-2014-3578,org.springframework:spring-core,org.fuzzydb:org.fuzzydb.util,whirlwind-match/fuzzydb,https://github.com/whirlwind-match/fuzzydb/commit/602c407f39fe51399156e28efe18d4f2ad2587d1,2018-01-02 22:35:20,2,Silent,S1,S1,False,Medium,5.0,CWE-22,,2014-05-15 17:26:52,2014-07-18 09:12:19,2015-02-19,,1328.214212962963,1264.557650462963,1048.9412037037036,After Disclosure,2015,185,0,4772.0,82.0,2841.0
CVE-2014-3578,org.springframework:spring-core,com.inspire-software.lib.dto.geda:geda.spring-integration,inspire-software/geda-genericdto,https://github.com/inspire-software/geda-genericdto/commit/6c2912fa24fa4a45ea4457da0060343d6943873b,2021-02-27 16:07:56,2,Silent,S1,S1,False,Medium,5.0,CWE-22,,2014-05-15 17:26:52,2014-07-18 09:12:19,2015-02-19,,2479.945185185185,2416.288622685185,2200.672175925926,After Disclosure,2015,185,0,1700.0,31.0,2841.0
CVE-2014-3578,org.springframework:spring-core,at.molindo:esi4j,molindo/esi4j,https://github.com/molindo/esi4j/commit/7f7c6ea7576505d9ce33eb8df2319a8c83084e29,2015-11-13 16:20:10,1,Silent,S1,S1,False,Medium,5.0,CWE-22,,2014-05-15 17:26:52,2014-07-18 09:12:19,2015-02-19,,546.9536805555556,483.29711805555553,267.6806712962963,After Disclosure,2015,185,0,5825.0,187.0,2841.0
CVE-2014-3578,org.springframework:spring-core,org.javasimon:javasimon-spring,virgo47/javasimon,https://github.com/virgo47/javasimon/commit/069ddc91be7ea06ac3fcc8f579a29dc1117c3ae2,2015-07-29 20:48:22,2,Silent,S1,S1,False,Medium,5.0,CWE-22,,2014-05-15 17:26:52,2014-07-18 09:12:19,2015-02-19,,440.13993055555557,376.48336805555556,160.86692129629628,After Disclosure,2015,185,0,94.0,5.0,2841.0
CVE-2014-3578,org.springframework:spring-core,org.fishwife:jrugged-spring,Comcast/jrugged,https://github.com/Comcast/jrugged/commit/76777e9b25088b1afa8ebf711f727c5633636e0b,2015-06-25 20:06:47,3,Silent,S1,S1,False,Medium,5.0,CWE-22,,2014-05-15 17:26:52,2014-07-18 09:12:19,2015-02-19,,406.1110532407407,342.45449074074077,126.83804398148148,After Disclosure,2015,185,0,1414.0,41.0,2841.0
CVE-2014-3578,org.springframework:spring-core,org.bedework.bw-synch:bw-synch-common,Bedework/bw-synch,https://github.com/Bedework/bw-synch/commit/101629e96655a2df9daeab7c9df5ee4f6d29867e,2018-10-18 04:57:57,2,Silent,S1,S1,False,Medium,5.0,CWE-22,,2014-05-15 17:26:52,2014-07-18 09:12:19,2015-02-19,,1616.4799189814814,1552.8233564814814,1337.2069097222222,After Disclosure,2015,185,0,6451.0,85.0,2841.0
CVE-2019-20445,io.netty:netty-codec-http,org.b3log:latke-core,88250/latke,https://github.com/88250/latke/commit/9fbf6ff100204398910e0833aa15d146edde5530,2020-01-14 08:18:46,3,Transparent,T1,T1,False,Medium,6.4,CWE-444,2019-12-10 10:17:16,2019-12-13 08:53:19,2019-12-18 08:31:43,2020-01-29,34.91770833333333,31.976006944444446,26.991006944444443,-14.65363425925926,Release->Disclosure,2020,41,0,13469.0,193.0,20639.0
CVE-2019-20445,io.netty:netty-codec-http,com.typesafe.netty:netty-reactive-streams-http,playframework/netty-reactive-streams,https://github.com/playframework/netty-reactive-streams/commit/2496188dc1b834445782b0ed7d10d6e947d4b6dc,2019-12-27 13:17:03,3,Transparent,T1,T1,False,Medium,6.4,CWE-444,2019-12-10 10:17:16,2019-12-13 08:53:19,2019-12-18 08:31:43,2020-01-29,17.124849537037036,14.183148148148149,9.198148148148148,-32.44649305555556,Release->Disclosure,2020,41,0,1054.0,27.0,20639.0
CVE-2019-20445,io.netty:netty-codec-http,com.azure:azure-cosmos,Azure/azure-sdk-for-java,https://github.com/Azure/azure-sdk-for-java/commit/884c9e85240da6cd7a513972fb17500458b20128,2020-02-12 06:01:29,2,Transparent,T1,T1,False,Medium,6.4,CWE-444,2019-12-10 10:17:16,2019-12-13 08:53:19,2019-12-18 08:31:43,2020-01-29,63.82237268518519,60.8806712962963,55.8956712962963,14.251030092592593,After Disclosure,2020,41,0,42037.0,648.0,20639.0
CVE-2019-20445,io.netty:netty-codec-http,com.simplyti.cloud:simple-server-clients-http,simplyti/simple-server,https://github.com/simplyti/simple-server/commit/db941a90d83767508fcf98d74c0b31b5fd297cbc,2019-12-29 22:42:26,3,Transparent,T1,T1,False,Medium,6.4,CWE-444,2019-12-10 10:17:16,2019-12-13 08:53:19,2019-12-18 08:31:43,2020-01-29,19.517476851851853,16.575775462962962,11.590775462962963,-30.05386574074074,Release->Disclosure,2020,41,0,988.0,27.0,20639.0
CVE-2019-20445,io.netty:netty-codec-http,org.jooby:jooby-netty,jooby-project/jooby,https://github.com/jooby-project/jooby/commit/812dd779de64c3031cacbf3a16c9b89b37db5ce0,2019-12-19 07:02:17,3,Transparent,T1,T1,False,Medium,6.4,CWE-444,2019-12-10 10:17:16,2019-12-13 08:53:19,2019-12-18 08:31:43,2020-01-29,8.864594907407408,5.922893518518518,0.9378935185185185,-40.706747685185185,Release->Disclosure,2020,41,0,1438.0,14.0,20639.0
CVE-2019-20445,io.netty:netty-codec-http,org.mock-server:mockserver-integration-testing,jamesdbloom/mockservice,https://github.com/jamesdbloom/mockservice/commit/1b83bc9086470e046a82600698e5e040cac3695c,2019-12-29 15:46:57,3,Transparent,T1,T1,False,Medium,6.4,CWE-444,2019-12-10 10:17:16,2019-12-13 08:53:19,2019-12-18 08:31:43,2020-01-29,19.22894675925926,16.28724537037037,11.30224537037037,-30.342395833333335,Release->Disclosure,2020,41,0,1356.0,12.0,20639.0
CVE-2019-10184,io.undertow:undertow-servlet,org.keycloak:keycloak-wildfly-adapter,keycloak/keycloak,https://github.com/keycloak/keycloak/commit/37304fdd7dafc77a7a73dd2c883eeb47ab902ff5,2019-10-21 12:06:44,1,Transparent,T5,T5,False,Medium,5.0,CWE-862,2019-07-24 15:34:48,2019-07-30 03:07:00,2019-07-30 03:30:07,2019-07-25,88.85550925925926,83.37481481481481,83.35876157407408,88.50467592592592,After Release,2019,19,0,254.0,4.0,2293.0
CVE-2021-41269,com.cronutils:cron-utils,com.coreoz:wisp,Coreoz/Wisp,https://github.com/Coreoz/Wisp/commit/55f4ca303b4a96c137da0cd7e70bd47f62140bc5,2021-11-15 23:27:52,1,Transparent,T1,T1,False,Medium,6.8,CWE-94,2021-10-23 15:57:21,2021-10-30 15:12:11,2021-11-14 22:38:14,2021-11-15,23.312858796296297,16.344224537037036,1.0344675925925926,0.9776851851851852,After Disclosure,2021,25,0,863.0,19.0,772.0
CVE-2021-41269,com.cronutils:cron-utils,com.spotify:styx-common,spotify/styx,https://github.com/spotify/styx/commit/9c2b34b2a7314e19e1d6c6ae0f6fc25dc33b39f2,2021-11-24 10:12:45,1,Transparent,T1,T1,False,Medium,6.8,CWE-94,2021-10-23 15:57:21,2021-10-30 15:12:11,2021-11-14 22:38:14,2021-11-15,31.760694444444443,24.792060185185186,9.482303240740741,9.425520833333334,After Disclosure,2021,25,0,16369.0,293.0,772.0
CVE-2020-13957,org.apache.solr:solr-core,cool.solr:solr-thymeleaf,solr-cool/solr-thymeleaf,https://github.com/solr-cool/solr-thymeleaf/commit/ae5c2fc4f0f0bf1e65b2a3e18e46770ce3018c73,2020-10-12 06:04:22,1,Silent,S1,S1,False,High,7.5,CWE-863,,2020-10-01 16:32:18,2020-10-01 16:32:18,2020-10-13,,10.563935185185185,10.563935185185185,-0.7469675925925926,Release->Disclosure,2020,14,0,381.0,5.0,3555.0
CVE-2020-13957,org.apache.solr:solr-core,cool.solr:solr-analyzers,solr-cool/solr-analyzers,https://github.com/solr-cool/solr-analyzers/commit/c6b828e3b7163ab0fe80af0ba3e85331ccf40b59,2021-06-02 06:17:04,4,Silent,S1,S1,False,High,7.5,CWE-863,,2020-10-01 16:32:18,2020-10-01 16:32:18,2020-10-13,,243.57275462962963,243.57275462962963,232.26185185185184,After Disclosure,2020,14,0,356.0,5.0,3555.0
CVE-2020-13957,org.apache.solr:solr-core,com.lucidworks.spark:spark-solr,LucidWorks/spark-solr,https://github.com/LucidWorks/spark-solr/commit/9cb0830832647f8666af2fef82216801506b61dc,2021-04-06 12:13:54,2,Silent,S1,S1,False,High,7.5,CWE-863,,2020-10-01 16:32:18,2020-10-01 16:32:18,2020-10-13,,186.82055555555556,186.82055555555556,175.50965277777777,After Disclosure,2020,14,0,27951.0,431.0,3555.0
CVE-2020-13957,org.apache.solr:solr-core,org.textexploration.mtas:mtas,textexploration/mtas,https://github.com/textexploration/mtas/commit/005a8e2a48ecf0a380282d19d550ebb94dc37f52,2020-11-22 10:31:12,1,Silent,S1,S1,False,High,7.5,CWE-863,,2020-10-01 16:32:18,2020-10-01 16:32:18,2020-10-13,,51.74923611111111,51.74923611111111,40.43833333333333,After Disclosure,2020,14,0,51332.0,351.0,3555.0
CVE-2020-13957,org.apache.solr:solr-core,cool.solr:solr-util,solr-cool/solr-util,https://github.com/solr-cool/solr-util/commit/74004a448d2408e9cf089260153d5b2422fa32d2,2020-12-22 08:55:02,4,Silent,S1,S1,False,High,7.5,CWE-863,,2020-10-01 16:32:18,2020-10-01 16:32:18,2020-10-13,,81.6824537037037,81.6824537037037,70.37155092592593,After Disclosure,2020,14,0,615.0,11.0,3555.0
CVE-2012-1089,org.apache.wicket:wicket-core,org.wicketopia:wicketopia,jwcarman/Wicketopia,https://github.com/jwcarman/Wicketopia/commit/3c81eb5bd07934cd2cfe2bbd7ed4205b89ba0f08,2013-02-12 05:05:46,1,Silent,S1,S1,False,Medium,5.0,CWE-22,,2012-02-29 17:11:55,2012-03-05 08:50:24,2012-03-23,,348.49572916666665,343.84400462962964,326.212337962963,After Disclosure,2012,13,0,2306.0,110.0,102.0
CVE-2018-1000632,org.dom4j:dom4j,org.quickfixj:quickfixj-dictgenerator,quickfix-j/quickfixj,https://github.com/quickfix-j/quickfixj/commit/6e499576aec0ef268b637bd97982c0a41189d828,2020-01-15 13:18:18,1,Transparent,T1,T1,False,Medium,5.0,CWE-91,2018-07-01 09:25:35,2018-07-01 11:27:15,2018-07-01 16:10:26,2018-08-20,563.1616087962963,563.0771180555555,562.880462962963,513.554375,After Disclosure,2018,29,0,756.0,13.0,333.0
CVE-2017-9096,com.itextpdf:itextpdf,org.xhtmlrenderer:flying-saucer-pdf-itext5,flyingsaucerproject/flyingsaucer,https://github.com/flyingsaucerproject/flyingsaucer/commit/e5671a93f08d5a0cd7dedf890fcf84cae54ee842,2021-03-24 12:49:16,1,Silent,S1,S1,False,Medium,6.8,CWE-611,,2017-08-01 17:59:03,2017-08-17 15:15:36,2017-11-08,,1330.7848726851853,1314.8983796296295,1232.534212962963,After Disclosure,2017,20,0,4917.0,61.0,486.0
CVE-2017-9096,com.itextpdf:itextpdf,com.github.mkolisnyk:cucumber-report-generator,mkolisnyk/cucumber-reports,https://github.com/mkolisnyk/cucumber-reports/commit/ab3be6e600d3321d1ea6cc737414d3dd83118eb7,2017-09-15 11:30:05,1,Silent,S1,S1,False,Medium,6.8,CWE-611,,2017-08-01 17:59:03,2017-08-17 15:15:36,2017-11-08,,44.72988425925926,28.843391203703703,-53.520775462962966,Release->Disclosure,2017,20,0,6267.0,103.5,486.0
CVE-2018-1000613,org.bouncycastle:bcprov-jdk15on,org.cryptomator:siv-mode,cryptomator/siv-mode,https://github.com/cryptomator/siv-mode/commit/bb00b3b7ea66ec089dbee0687885688635541c3f,2018-07-23 08:01:51,2,Silent,S1,S1,False,High,7.5,CWE-502;CWE-470,,2018-03-03 15:54:14,2018-07-02 08:14:10,2018-07-09,,141.67195601851853,20.991446759259258,14.334618055555556,After Disclosure,2018,156,0,2292.0,21.0,572.0
CVE-2018-1000613,org.bouncycastle:bcprov-jdk15on,com.qcloud:cos_api,tencentyun/cos-java-sdk-v5,https://github.com/tencentyun/cos-java-sdk-v5/commit/740648b9b055ddd84902a89e5dd370ef0529070b,2020-04-23 10:11:22,2,Silent,S1,S1,False,High,7.5,CWE-502;CWE-470,,2018-03-03 15:54:14,2018-07-02 08:14:10,2018-07-09,,781.7618981481481,661.0813888888889,654.4245601851852,After Disclosure,2018,156,0,25281.5,448.5,572.0
CVE-2018-1000613,org.bouncycastle:bcprov-jdk15on,org.fuin.esmp:es-maven-plugin,fuinorg/event-store-maven-plugin,https://github.com/fuinorg/event-store-maven-plugin/commit/a20360471d390553b2df04c7290d370345ddb272,2019-01-02 09:34:05,3,Silent,S1,S1,False,High,7.5,CWE-502;CWE-470,,2018-03-03 15:54:14,2018-07-02 08:14:10,2018-07-09,,304.73600694444445,184.05549768518517,177.39866898148148,After Disclosure,2018,156,0,1584.0,11.0,572.0
CVE-2018-1000613,org.bouncycastle:bcprov-jdk15on,com.helger:ph-ebinterface,phax/ph-ebinterface,https://github.com/phax/ph-ebinterface/commit/7eac82937285ee7c809e37454e19b93aac2368d0,2018-06-13 20:09:11,2,Silent,S1,S1,False,High,7.5,CWE-502;CWE-470,,2018-03-03 15:54:14,2018-07-02 08:14:10,2018-07-09,,102.1770486111111,-18.50346064814815,-25.16028935185185,Fix->Release,2018,156,0,39489.0,342.0,572.0
CVE-2018-1000613,org.bouncycastle:bcprov-jdk15on,cn.springboot:best-pay-sdk,Pay-Group/best-pay-sdk,https://github.com/Pay-Group/best-pay-sdk/commit/5de8992805606e6d37f978d423bf0ed0898e4018,2019-09-10 03:27:15,3,Silent,S1,S1,False,High,7.5,CWE-502;CWE-470,,2018-03-03 15:54:14,2018-07-02 08:14:10,2018-07-09,,555.4812615740741,434.8007523148148,428.1439236111111,After Disclosure,2018,156,0,7035.0,67.0,572.0
CVE-2018-1000613,org.bouncycastle:bcprov-jdk15on,org.pac4j:pac4j-jwt,pac4j/pac4j,https://github.com/pac4j/pac4j/commit/be2b0254f00e2306c87ceea6c9c061eace11899b,2019-03-11 07:13:45,2,Silent,S1,S1,False,High,7.5,CWE-502;CWE-470,,2018-03-03 15:54:14,2018-07-02 08:14:10,2018-07-09,,372.63855324074075,251.9580439814815,245.30121527777777,After Disclosure,2018,156,0,302.0,4.0,572.0
CVE-2018-1000613,org.bouncycastle:bcprov-jdk15on,org.shredzone.acme4j:acme4j-utils,shred/acme4j,https://github.com/shred/acme4j/commit/d4f2374311a4b031bdd35340b613d87ed5758881,2018-07-15 13:19:55,2,Silent,S1,S1,False,High,7.5,CWE-502;CWE-470,,2018-03-03 15:54:14,2018-07-02 08:14:10,2018-07-09,,133.89283564814815,13.212326388888888,6.555497685185185,After Disclosure,2018,156,0,208.0,3.0,572.0
CVE-2018-1000613,org.bouncycastle:bcprov-jdk15on,com.blossom-project:blossom-module-filemanager,blossom-project/blossom,https://github.com/blossom-project/blossom/commit/19d9309972bcf1f8c08c95c36b7e326e16175998,2019-06-19 11:48:40,2,Silent,S1,S1,False,High,7.5,CWE-502;CWE-470,,2018-03-03 15:54:14,2018-07-02 08:14:10,2018-07-09,,472.8294675925926,352.1489583333333,345.49212962962963,After Disclosure,2018,156,0,565.0,17.0,572.0
CVE-2018-1000613,org.bouncycastle:bcprov-jdk15on,org.red5:websocket,Red5/red5-websocket,https://github.com/Red5/red5-websocket/commit/9bef9708ce2f922e20a9140cc29b258e0017c299,2018-03-17 19:34:05,2,Silent,S1,S1,False,High,7.5,CWE-502;CWE-470,,2018-03-03 15:54:14,2018-07-02 08:14:10,2018-07-09,,14.152673611111112,-106.52783564814816,-113.18466435185185,Fix->Release,2018,156,0,1673.0,30.0,572.0
CVE-2018-1000613,org.bouncycastle:bcprov-jdk15on,edu.psu.swe.commons:commons-jaxrs,PennState/commons-jaxrs,https://github.com/PennState/commons-jaxrs/commit/3a221e6656f4d7266a2edfd2de59319842d6839b,2018-10-04 12:21:59,2,Silent,S1,S1,False,High,7.5,CWE-502;CWE-470,,2018-03-03 15:54:14,2018-07-02 08:14:10,2018-07-09,,214.85260416666668,94.17209490740741,87.5152662037037,After Disclosure,2018,156,0,4904.5,107.5,572.0
CVE-2018-1000613,org.bouncycastle:bcprov-jdk15on,org.mule.services:mule-service-soap,mulesoft/mule-soap-service,https://github.com/mulesoft/mule-soap-service/commit/add7b2f0d4a680f90049add568b04d549027ff90,2018-09-07 17:45:07,2,Silent,S1,S1,False,High,7.5,CWE-502;CWE-470,,2018-03-03 15:54:14,2018-07-02 08:14:10,2018-07-09,,188.07700231481482,67.39649305555555,60.73966435185185,After Disclosure,2018,156,0,3178.0,70.0,572.0
CVE-2018-1000613,org.bouncycastle:bcprov-jdk15on,org.appenders.log4j:log4j2-elasticsearch-jest,rfoltyns/log4j2-elasticsearch,https://github.com/rfoltyns/log4j2-elasticsearch/commit/cfde9ac65baff91e3363de73c1c7f259558b47f1,2021-08-24 20:11:35,2,Silent,S1,S1,False,High,7.5,CWE-502;CWE-470,,2018-03-03 15:54:14,2018-07-02 08:14:10,2018-07-09,,1270.1787152777779,1149.4982060185184,1142.8413773148147,After Disclosure,2018,156,0,1968.5,50.5,572.0
CVE-2018-1000613,org.bouncycastle:bcprov-jdk15on,org.opentelecoms.gsm0348:gsm0348-crypto,opentelecoms-org/gsm0348,https://github.com/opentelecoms-org/gsm0348/commit/49c9c37112e6dc51acc103391ac4af386b80887c,2018-09-19 12:41:58,2,Silent,S1,S1,False,High,7.5,CWE-502;CWE-470,,2018-03-03 15:54:14,2018-07-02 08:14:10,2018-07-09,,199.8664814814815,79.18597222222222,72.52914351851852,After Disclosure,2018,156,0,514.0,13.0,572.0
CVE-2018-1000613,org.bouncycastle:bcprov-jdk15on,com.codahale:xsalsa20poly1305,codahale/xsalsa20poly1305,https://github.com/codahale/xsalsa20poly1305/commit/b52d6ecd7c0e251cc83f06d4b01bc01febf2f675,2018-07-08 04:11:52,2,Silent,S1,S1,False,High,7.5,CWE-502;CWE-470,,2018-03-03 15:54:14,2018-07-02 08:14:10,2018-07-09,,126.51224537037037,5.831736111111111,-0.8250925925925926,Release->Disclosure,2018,156,0,202.0,4.0,572.0
CVE-2018-1000613,org.bouncycastle:bcprov-jdk15on,com.consol.citrus:citrus-ssh,citrusframework/citrus,https://github.com/citrusframework/citrus/commit/47fe2b3e093ec0c2a0a087410d8bd335ea066f37,2021-05-10 12:02:51,2,Silent,S1,S1,False,High,7.5,CWE-502;CWE-470,,2018-03-03 15:54:14,2018-07-02 08:14:10,2018-07-09,,1163.8393171296295,1043.1588078703703,1036.5019791666666,After Disclosure,2018,156,0,1382.0,26.0,572.0
CVE-2018-1000613,org.bouncycastle:bcprov-jdk15on,com.redhat.red.build:koji-build-finder,release-engineering/koji-build-finder,https://github.com/release-engineering/koji-build-finder/commit/25451ed3ecf39aa35177ae1fd109a6663f83c618,2018-07-26 03:15:02,2,Silent,S1,S1,False,High,7.5,CWE-502;CWE-470,,2018-03-03 15:54:14,2018-07-02 08:14:10,2018-07-09,,144.47277777777776,23.79226851851852,17.135439814814816,After Disclosure,2018,156,0,3667.0,41.0,572.0
CVE-2018-1000613,org.bouncycastle:bcprov-jdk15on,com.fireflysource:firefly-wechat,hypercube1024/firefly,https://github.com/hypercube1024/firefly/commit/a444abe302d73fe8f34d9c283587e92f48719880,2020-03-05 10:13:43,1,Silent,S1,S1,False,High,7.5,CWE-502;CWE-470,,2018-03-03 15:54:14,2018-07-02 08:14:10,2018-07-09,,732.7635300925926,612.0830208333333,605.4261921296296,After Disclosure,2018,156,0,3914.0,82.0,572.0
CVE-2018-1000613,org.bouncycastle:bcprov-jdk15on,com.github.martinpaljak:globalplatformpro,martinpaljak/GlobalPlatformPro,https://github.com/martinpaljak/GlobalPlatformPro/commit/e2bf7a34d8c70a02546a40b5b96b1191ede80639,2018-09-05 13:15:21,2,Silent,S1,S1,False,High,7.5,CWE-502;CWE-470,,2018-03-03 15:54:14,2018-07-02 08:14:10,2018-07-09,,185.88966435185185,65.2091550925926,58.552326388888886,After Disclosure,2018,156,0,5024.0,54.0,572.0
CVE-2018-1000613,org.bouncycastle:bcprov-jdk15on,io.getlime.security:powerauth-java-prov,wultra/powerauth-crypto,https://github.com/wultra/powerauth-crypto/commit/8904009072d8aa5782a4d2031480d483afe47348,2018-07-30 11:35:43,2,Silent,S1,S1,False,High,7.5,CWE-502;CWE-470,,2018-03-03 15:54:14,2018-07-02 08:14:10,2018-07-09,,148.82047453703703,28.139965277777776,21.483136574074074,After Disclosure,2018,156,0,188.0,4.0,572.0
CVE-2018-1000613,org.bouncycastle:bcprov-jdk15on,org.wso2.transport.http:org.wso2.transport.http.netty,wso2/transport-http,https://github.com/wso2/transport-http/commit/2ab54032b69f5c6c57a9e8a860d0501ec95317da,2018-12-05 06:10:25,2,Silent,S1,S1,False,High,7.5,CWE-502;CWE-470,,2018-03-03 15:54:14,2018-07-02 08:14:10,2018-07-09,,276.5945717592593,155.9140625,149.2572337962963,After Disclosure,2018,156,0,15977.0,227.0,572.0
CVE-2018-1000613,org.bouncycastle:bcprov-jdk15on,io.getlime.security:powerauth-java-cmd-lib,wultra/powerauth-cmd-tool,https://github.com/wultra/powerauth-cmd-tool/commit/6d48d25b4e5a4621d15d9dd2e9ba232c04a2d3be,2018-07-15 22:30:24,2,Silent,S1,S1,False,High,7.5,CWE-502;CWE-470,,2018-03-03 15:54:14,2018-07-02 08:14:10,2018-07-09,,134.27511574074074,13.594606481481481,6.937777777777778,After Disclosure,2018,156,0,3281.0,46.0,572.0
CVE-2018-1000613,org.bouncycastle:bcprov-jdk15on,com.joyent.http-signature:http-signature-common,joyent/java-http-signature,https://github.com/joyent/java-http-signature/commit/454eba23a96f56ca78585ec0eabce5f87789192e,2019-01-17 18:28:24,2,Silent,S1,S1,False,High,7.5,CWE-502;CWE-470,,2018-03-03 15:54:14,2018-07-02 08:14:10,2018-07-09,,320.10706018518516,199.42655092592594,192.7697222222222,After Disclosure,2018,156,0,573.0,9.0,572.0
CVE-2018-1000613,org.bouncycastle:bcprov-jdk15on,de.alpharogroup:crypt-core,astrapi69/mystic-crypt,https://github.com/astrapi69/mystic-crypt/commit/46acbb01ecff1b785073546420b951d915aa12ae,2018-07-19 11:04:41,2,Silent,S1,S1,False,High,7.5,CWE-502;CWE-470,,2018-03-03 15:54:14,2018-07-02 08:14:10,2018-07-09,,137.79892361111112,17.11841435185185,10.461585648148148,After Disclosure,2018,156,0,1230.0,45.0,572.0
CVE-2018-1000613,org.bouncycastle:bcprov-jdk15on,net.sf.openas2:openas2-server,OpenAS2/OpenAs2App,https://github.com/OpenAS2/OpenAs2App/commit/df4d72b91d17e9fba8e3913dc5d81053513d993f,2019-09-05 06:57:08,2,Silent,S1,S1,False,High,7.5,CWE-502;CWE-470,,2018-03-03 15:54:14,2018-07-02 08:14:10,2018-07-09,,550.6270138888889,429.94650462962966,423.2896759259259,After Disclosure,2018,156,0,15046.0,228.0,572.0
CVE-2018-1000613,org.bouncycastle:bcprov-jdk15on,io.mangoo:mangooio-core,svenkubiak/mangooio,https://github.com/svenkubiak/mangooio/commit/5f9462de5b84f094d2e5783c2048f37b47725f2f,2018-07-06 07:47:01,2,Silent,S1,S1,False,High,7.5,CWE-502;CWE-470,,2018-03-03 15:54:14,2018-07-02 08:14:10,2018-07-09,,124.6616550925926,3.981145833333333,-2.6756828703703706,Release->Disclosure,2018,156,0,7903.5,109.0,572.0
CVE-2018-1000613,org.bouncycastle:bcprov-jdk15on,com.github.rockylomo:rxlib,RockyLOMO/rxlib,https://github.com/RockyLOMO/rxlib/commit/49f8d947dd7add272736e6580cea1a047bd611f2,2019-12-05 01:21:35,2,Silent,S1,S1,False,High,7.5,CWE-502;CWE-470,,2018-03-03 15:54:14,2018-07-02 08:14:10,2018-07-09,,641.3939930555556,520.7134837962963,514.0566550925926,After Disclosure,2018,156,0,13623.0,210.0,572.0
CVE-2018-1000613,org.bouncycastle:bcprov-jdk15on,org.cryptacular:cryptacular,vt-middleware/cryptacular,https://github.com/vt-middleware/cryptacular/commit/aec1456297eda9d054e665127d37e6c00f094c97,2019-01-09 16:04:09,2,Silent,S1,S1,False,High,7.5,CWE-502;CWE-470,,2018-03-03 15:54:14,2018-07-02 08:14:10,2018-07-09,,312.0068865740741,191.3263773148148,184.6695486111111,After Disclosure,2018,156,0,5255.0,124.0,572.0
CVE-2018-1000613,org.bouncycastle:bcprov-jdk15on,io.github.in-toto:in-toto,in-toto/in-toto-java,https://github.com/in-toto/in-toto-java/commit/b1355a620ae5aad9a9f3ce1cdcfcdbbac32bee2b,2020-09-07 20:09:00,2,Silent,S1,S1,False,High,7.5,CWE-502;CWE-470,,2018-03-03 15:54:14,2018-07-02 08:14:10,2018-07-09,,919.1769212962963,798.4964120370371,791.8395833333333,After Disclosure,2018,156,0,539.0,11.0,572.0
CVE-2018-1000613,org.bouncycastle:bcprov-jdk15on,com.qwazr:qwazr-library-pdfbox,qwazr/library-modules,https://github.com/qwazr/library-modules/commit/17973848018e147bac083b0b1f860ad05e44bff2,2018-08-19 09:06:48,2,Silent,S1,S1,False,High,7.5,CWE-502;CWE-470,,2018-03-03 15:54:14,2018-07-02 08:14:10,2018-07-09,,168.71706018518518,48.03655092592592,41.37972222222222,After Disclosure,2018,156,0,129.0,3.0,572.0
CVE-2013-6429,org.springframework:spring-core,org.broadleafcommerce:broadleaf-common,BroadleafCommerce/BroadleafCommerce,https://github.com/BroadleafCommerce/BroadleafCommerce/commit/d8e04441aebdf834f59b5c17d1211a3c73ecc4c7,2014-05-11 17:33:42,2,Silent,S1,S1,False,Medium,6.8,CWE-352;CWE-611,,2013-11-05 09:49:13,2013-11-06 11:51:36,2014-01-26,,187.32255787037036,186.23756944444443,105.7317361111111,After Disclosure,2014,185,0,9421.0,207.0,1980.0
CVE-2013-6429,org.springframework:spring-core,org.fuzzydb:org.fuzzydb.util,whirlwind-match/fuzzydb,https://github.com/whirlwind-match/fuzzydb/commit/602c407f39fe51399156e28efe18d4f2ad2587d1,2018-01-02 22:35:20,2,Silent,S1,S1,False,Medium,6.8,CWE-352;CWE-611,,2013-11-05 09:49:13,2013-11-06 11:51:36,2014-01-26,,1519.532025462963,1518.447037037037,1437.9412037037036,After Disclosure,2014,185,0,4772.0,82.0,1980.0
CVE-2013-6429,org.springframework:spring-core,org.archive.heritrix:heritrix-commons,internetarchive/heritrix3,https://github.com/internetarchive/heritrix3/commit/5f52a14afcb08b788213eed986d9cc3e47438d80,2021-02-15 07:20:00,3,Silent,S1,S1,False,Medium,6.8,CWE-352;CWE-611,,2013-11-05 09:49:13,2013-11-06 11:51:36,2014-01-26,,2658.896377314815,2657.811388888889,2577.3055555555557,After Disclosure,2014,185,0,6160.0,94.0,1980.0
CVE-2013-6429,org.springframework:spring-core,org.geomajas.widget:geomajas-widget-searchandfilter,geomajas/geomajas-project-client-gwt,https://github.com/geomajas/geomajas-project-client-gwt/commit/bca58ec34f51161aaa49f1ecb59dc6d4ccc85763,2013-11-22 10:06:42,2,Silent,S1,S1,False,Medium,6.8,CWE-352;CWE-611,,2013-11-05 09:49:13,2013-11-06 11:51:36,2014-01-26,,17.012141203703703,15.927152777777778,-64.57868055555555,Release->Disclosure,2014,185,0,2297.0,42.0,1980.0
CVE-2013-6429,org.springframework:spring-core,org.jdal:jdal-web,chelu/jdal,https://github.com/chelu/jdal/commit/4b38d2aac972d98309c95e3df564611f3c52f188,2014-02-12 21:05:05,1,Silent,S1,S1,False,Medium,6.8,CWE-352;CWE-611,,2013-11-05 09:49:13,2013-11-06 11:51:36,2014-01-26,,99.46935185185185,98.38436342592593,17.87853009259259,After Disclosure,2014,185,0,198.0,4.0,1980.0
CVE-2013-6429,org.springframework:spring-core,org.connid.bundles.soap:org.connid.bundles.soap,Tirasa/ConnIdSOAPBundle,https://github.com/Tirasa/ConnIdSOAPBundle/commit/839335d25d6c0fce272743250c5f41029e16454f,2013-11-29 08:11:12,1,Silent,S1,S1,False,Medium,6.8,CWE-352;CWE-611,,2013-11-05 09:49:13,2013-11-06 11:51:36,2014-01-26,,23.93193287037037,22.846944444444443,-57.65888888888889,Release->Disclosure,2014,185,0,683.0,4.0,1980.0
CVE-2013-6429,org.springframework:spring-core,org.thymeleaf.extras:thymeleaf-extras-tiles2,thymeleaf/thymeleaf-extras-tiles2,https://github.com/thymeleaf/thymeleaf-extras-tiles2/commit/bc173a820a16f7a2911a3d4f0c0d5b3f4258389b,2014-01-11 22:33:33,1,Silent,S1,S1,False,Medium,6.8,CWE-352;CWE-611,,2013-11-05 09:49:13,2013-11-06 11:51:36,2014-01-26,,67.53078703703704,66.44579861111112,-14.060034722222222,Release->Disclosure,2014,185,0,852.0,19.0,1980.0
CVE-2013-6429,org.springframework:spring-core,org.powermock.examples:powermock-examples-spring-mockito-xml-agent,jayway/powermock,https://github.com/jayway/powermock/commit/8c605c6fbcb74e726c0c53d17c9a417048b90c20,2016-12-03 14:09:36,3,Silent,S1,S1,False,Medium,6.8,CWE-352;CWE-611,,2013-11-05 09:49:13,2013-11-06 11:51:36,2014-01-26,,1124.1808217592593,1123.0958333333333,1042.59,After Disclosure,2014,185,0,89.0,4.0,1980.0
CVE-2013-6429,org.springframework:spring-core,net.javacrumbs:smock-http-metro,lukas-krecan/smock,https://github.com/lukas-krecan/smock/commit/c145d3b75b51570ffab85455bdde524ccff2b370,2017-09-25 19:04:42,3,Silent,S1,S1,False,Medium,6.8,CWE-352;CWE-611,,2013-11-05 09:49:13,2013-11-06 11:51:36,2014-01-26,,1420.385752314815,1419.300763888889,1338.7949305555555,After Disclosure,2014,185,0,62.0,3.0,1980.0
CVE-2013-6429,org.springframework:spring-core,com.inspire-software.lib.dto.geda:geda.spring-integration,inspire-software/geda-genericdto,https://github.com/inspire-software/geda-genericdto/commit/6c2912fa24fa4a45ea4457da0060343d6943873b,2021-02-27 16:07:56,2,Silent,S1,S1,False,Medium,6.8,CWE-352;CWE-611,,2013-11-05 09:49:13,2013-11-06 11:51:36,2014-01-26,,2671.2629976851854,2670.1780092592594,2589.672175925926,After Disclosure,2014,185,0,1700.0,31.0,1980.0
CVE-2013-6429,org.springframework:spring-core,com.smartling:smartling-api-sdk,Smartling/api-sdk-java,https://github.com/Smartling/api-sdk-java/commit/aa8f3be0f0883d3101af4a5cd68e216154fac04a,2014-04-28 15:38:01,1,Silent,S1,S1,False,Medium,6.8,CWE-352;CWE-611,,2013-11-05 09:49:13,2013-11-06 11:51:36,2014-01-26,,174.2422222222222,173.1572337962963,92.65140046296297,After Disclosure,2014,185,0,1202.0,33.0,1980.0
CVE-2013-6429,org.springframework:spring-core,com.custardsource.parfait:parfait-jmx,performancecopilot/parfait,https://github.com/performancecopilot/parfait/commit/ac6d15595c23225c45e222b2ad52c5156cd7bb62,2016-04-14 05:56:18,3,Silent,S1,S1,False,Medium,6.8,CWE-352;CWE-611,,2013-11-05 09:49:13,2013-11-06 11:51:36,2014-01-26,,890.8382523148148,889.7532638888889,809.2474305555555,After Disclosure,2014,185,0,349.0,7.0,1980.0
CVE-2013-6429,org.springframework:spring-core,com.davidkarlsen.commonstransaction.spring:commons-transaction-spring,davidkarlsen/Commons-Transaction-Spring-Integration,https://github.com/davidkarlsen/Commons-Transaction-Spring-Integration/commit/c84adb81622f0a45ac9a79a52e6bc50e4e1bcc51,2014-03-16 21:11:35,1,Silent,S1,S1,False,Medium,6.8,CWE-352;CWE-611,,2013-11-05 09:49:13,2013-11-06 11:51:36,2014-01-26,,131.47386574074073,130.3888773148148,49.88304398148148,After Disclosure,2014,185,0,329.0,4.0,1980.0
CVE-2013-6429,org.springframework:spring-core,org.wicketstuff:wicketstuff-annotation,wicketstuff/core,https://github.com/wicketstuff/core/commit/ba448a9bf339a49d48900d49985c2f9a1ebd0b91,2014-03-19 09:43:34,1,Silent,S1,S1,False,Medium,6.8,CWE-352;CWE-611,,2013-11-05 09:49:13,2013-11-06 11:51:36,2014-01-26,,133.9960763888889,132.91108796296297,52.40525462962963,After Disclosure,2014,185,0,238.0,4.0,1980.0
CVE-2013-6429,org.springframework:spring-core,org.bedework.evreg:bw-event-registration-common,Bedework/bw-event-registration,https://github.com/Bedework/bw-event-registration/commit/b68208174b6ef09ee4c6d9039899823f508ab87b,2019-11-02 19:54:01,2,Silent,S1,S1,False,Medium,6.8,CWE-352;CWE-611,,2013-11-05 09:49:13,2013-11-06 11:51:36,2014-01-26,,2188.42,2187.335011574074,2106.829178240741,After Disclosure,2014,185,0,3316.0,31.0,1980.0
CVE-2013-6429,org.springframework:spring-core,org.javasimon:javasimon-spring,virgo47/javasimon,https://github.com/virgo47/javasimon/commit/069ddc91be7ea06ac3fcc8f579a29dc1117c3ae2,2015-07-29 20:48:22,2,Silent,S1,S1,False,Medium,6.8,CWE-352;CWE-611,,2013-11-05 09:49:13,2013-11-06 11:51:36,2014-01-26,,631.4577430555555,630.3727546296296,549.8669212962963,After Disclosure,2014,185,0,94.0,5.0,1980.0
CVE-2013-6429,org.springframework:spring-core,org.fishwife:jrugged-spring,Comcast/jrugged,https://github.com/Comcast/jrugged/commit/76777e9b25088b1afa8ebf711f727c5633636e0b,2015-06-25 20:06:47,3,Silent,S1,S1,False,Medium,6.8,CWE-352;CWE-611,,2013-11-05 09:49:13,2013-11-06 11:51:36,2014-01-26,,597.4288657407408,596.3438773148148,515.8380439814815,After Disclosure,2014,185,0,1414.0,41.0,1980.0
CVE-2013-6429,org.springframework:spring-core,at.molindo:esi4j,molindo/esi4j,https://github.com/molindo/esi4j/commit/bef4cb9a080adf52d1e3df2037b17b15514990c8,2014-02-12 10:48:13,1,Silent,S1,S1,False,Medium,6.8,CWE-352;CWE-611,,2013-11-05 09:49:13,2013-11-06 11:51:36,2014-01-26,,99.04097222222222,97.9559837962963,17.450150462962963,After Disclosure,2014,185,0,5825.0,187.0,1980.0
CVE-2013-6429,org.springframework:spring-core,org.bedework.bw-synch:bw-synch-common,Bedework/bw-synch,https://github.com/Bedework/bw-synch/commit/101629e96655a2df9daeab7c9df5ee4f6d29867e,2018-10-18 04:57:57,2,Silent,S1,S1,False,Medium,6.8,CWE-352;CWE-611,,2013-11-05 09:49:13,2013-11-06 11:51:36,2014-01-26,,1807.7977314814814,1806.7127430555556,1726.2069097222222,After Disclosure,2014,185,0,6451.0,85.0,1980.0
CVE-2019-17638,org.eclipse.jetty:jetty-server,io.nflow:nflow-jetty,NitorCreations/nflow,https://github.com/NitorCreations/nflow/commit/aa65609ce4fdbe05ef79e7ee8d99fc6c65da7340,2020-08-12 07:24:22,1,Transparent,T1,T1,False,High,7.5,CWE-672,2020-06-03 14:33:35,2020-06-03 22:54:12,2020-06-11 07:21:18,2020-07-09,69.70193287037037,69.35428240740741,62.00212962962963,34.30858796296296,After Disclosure,2020,23,0,545.5,10.5,2684.0
CVE-2019-17638,org.eclipse.jetty:jetty-server,com.trib3:server,trib3/leakycauldron,https://github.com/trib3/leakycauldron/commit/ef6439ab900d870872304eb1283a8c7408e8934f,2020-06-18 00:16:32,1,Transparent,T1,T1,False,High,7.5,CWE-672,2020-06-03 14:33:35,2020-06-03 22:54:12,2020-06-11 07:21:18,2020-07-09,14.404826388888889,14.057175925925925,6.705023148148148,-20.988518518518518,Release->Disclosure,2020,23,0,1841.0,57.0,2684.0
CVE-2019-17638,org.eclipse.jetty:jetty-server,io.jooby:jooby-jetty,jooby-project/jooby,https://github.com/jooby-project/jooby/commit/f946cbabdfe8b224513ca6a13fb5a5b329c2d90e,2020-06-04 14:13:06,1,Transparent,T1,T1,False,High,7.5,CWE-672,2020-06-03 14:33:35,2020-06-03 22:54:12,2020-06-11 07:21:18,2020-07-09,0.9857754629629629,0.638125,-6.714027777777778,-34.40756944444445,Fix->Release,2020,23,0,1402.0,10.0,2684.0
CVE-2019-17638,org.eclipse.jetty:jetty-server,org.apache.avro:avro-ipc-jetty,apache/avro,https://github.com/apache/avro/commit/372313b018c4b34e17469327aaf8e9381e6a4524,2020-11-13 09:23:49,1,Transparent,T1,T1,False,High,7.5,CWE-672,2020-06-03 14:33:35,2020-06-03 22:54:12,2020-06-11 07:21:18,2020-07-09,162.78488425925926,162.43723379629628,155.0850810185185,127.39153935185185,After Disclosure,2020,23,0,164.0,3.0,2684.0
CVE-2019-17638,org.eclipse.jetty:jetty-server,io.permazen:permazen-guiapp,permazen/permazen,https://github.com/permazen/permazen/commit/3df48d6f3f86a9a037a6fee66eccfcf215e7c363,2020-08-05 15:42:11,1,Transparent,T1,T1,False,High,7.5,CWE-672,2020-06-03 14:33:35,2020-06-03 22:54:12,2020-06-11 07:21:18,2020-07-09,63.04763888888889,62.69998842592592,55.34783564814815,27.65429398148148,After Disclosure,2020,23,0,1172.5,26.0,2684.0
CVE-2019-17638,org.eclipse.jetty:jetty-server,org.kiwiproject:kiwi,kiwiproject/kiwi,https://github.com/kiwiproject/kiwi/commit/d9a4da32ee008adf8e09b7ec01ee0548e92f34d6,2020-08-05 17:44:11,1,Transparent,T1,T1,False,High,7.5,CWE-672,2020-06-03 14:33:35,2020-06-03 22:54:12,2020-06-11 07:21:18,2020-07-09,63.13236111111111,62.78471064814815,55.43255787037037,27.739016203703702,After Disclosure,2020,23,0,6736.0,110.0,2684.0
CVE-2019-17638,org.eclipse.jetty:jetty-server,org.cryptomator:webdav-nio-adapter,cryptomator/webdav-nio-adapter,https://github.com/cryptomator/webdav-nio-adapter/commit/c32c520240cd6010802097b6638f119dd5c4ffba,2020-08-18 07:33:13,1,Transparent,T1,T1,False,High,7.5,CWE-672,2020-06-03 14:33:35,2020-06-03 22:54:12,2020-06-11 07:21:18,2020-07-09,75.7080787037037,75.36042824074075,68.00827546296296,40.314733796296295,After Disclosure,2020,23,0,3714.0,90.0,2684.0
CVE-2019-17638,org.eclipse.jetty:jetty-server,com.lithium.flow:flow,lithiumtech/flow,https://github.com/lithiumtech/flow/commit/c428b2498c625e4a79f2edb3a6b7dbcf33a10d4b,2020-08-06 20:46:30,1,Transparent,T1,T1,False,High,7.5,CWE-672,2020-06-03 14:33:35,2020-06-03 22:54:12,2020-06-11 07:21:18,2020-07-09,64.2589699074074,63.911319444444445,56.55916666666667,28.865625,After Disclosure,2020,23,0,13227.0,293.5,2684.0
CVE-2019-17638,org.eclipse.jetty:jetty-server,com.aspectran:aspectran-with-jetty,aspectran/aspectran,https://github.com/aspectran/aspectran/commit/abf80f70ee5ef459a8c6c38eade08c47fe70adfa,2020-06-12 18:24:35,1,Transparent,T1,T1,False,High,7.5,CWE-672,2020-06-03 14:33:35,2020-06-03 22:54:12,2020-06-11 07:21:18,2020-07-09,9.160416666666666,8.812766203703704,1.460613425925926,-26.23292824074074,Release->Disclosure,2020,23,0,216.0,3.0,2684.0
CVE-2020-13692,org.postgresql:postgresql,org.n52.series.db:generator,52North/series-hibernate,https://github.com/52North/series-hibernate/commit/79d88f5fa4ec6e259b969152964cf22dfab916ad,2022-02-16 01:19:34,1,Silent,S1,S1,False,Medium,6.8,CWE-611,,2020-06-01 08:54:32,2020-06-01 08:54:32,2020-06-04,,624.6840509259259,624.6840509259259,622.0552546296296,After Disclosure,2020,200,0,698.0,15.0,759.0
CVE-2020-13692,org.postgresql:postgresql,com.kohlschutter.junixsocket:junixsocket-demo,kohlschutter/junixsocket,https://github.com/kohlschutter/junixsocket/commit/e832a916a401adf5d4627808cc48bda02e4f7106,2021-04-17 01:52:46,1,Silent,S1,S1,False,Medium,6.8,CWE-611,,2020-06-01 08:54:32,2020-06-01 08:54:32,2020-06-04,,319.7071064814815,319.7071064814815,317.07831018518516,After Disclosure,2020,200,0,2437.0,56.0,759.0
CVE-2020-13692,org.postgresql:postgresql,com.arcadeanalytics:arcade-connectors-rdbms,ArcadeData/arcade-connectors,https://github.com/ArcadeData/arcade-connectors/commit/250cd9b5deb1a0dc133b437fad63c201536576fa,2020-06-15 09:04:11,1,Silent,S1,S1,False,Medium,6.8,CWE-611,,2020-06-01 08:54:32,2020-06-01 08:54:32,2020-06-04,,14.006701388888889,14.006701388888889,11.377905092592593,After Disclosure,2020,200,0,667938.0,8137.0,759.0
CVE-2020-13692,org.postgresql:postgresql,com.spotify:dbeam-core,spotify/dbeam,https://github.com/spotify/dbeam/commit/4aabb369f5b0cf4b9315a047f26d4618e08a0a24,2020-10-16 04:33:01,1,Silent,S1,S1,False,Medium,6.8,CWE-611,,2020-06-01 08:54:32,2020-06-01 08:54:32,2020-06-04,,136.8183912037037,136.8183912037037,134.1895949074074,After Disclosure,2020,200,0,2244.0,50.0,759.0
CVE-2020-13692,org.postgresql:postgresql,org.factcast:factcast-store-pgsql,factcast/factcast,https://github.com/factcast/factcast/commit/a448a5639ff5fe0fdcb45b1c384629695c02d6a3,2020-06-21 19:51:48,1,Silent,S1,S1,False,Medium,6.8,CWE-611,,2020-06-01 08:54:32,2020-06-01 08:54:32,2020-06-04,,20.456435185185185,20.456435185185185,17.827638888888888,After Disclosure,2020,200,0,2140.0,38.0,759.0
CVE-2020-13692,org.postgresql:postgresql,com.nimbusframework:nimbus-aws,thomasjallerton/nimbus-core,https://github.com/thomasjallerton/nimbus-core/commit/6f78f25805647c709f76dd7cf6f19c255e9c1afc,2021-12-08 23:04:56,2,Silent,S1,S1,False,Medium,6.8,CWE-611,,2020-06-01 08:54:32,2020-06-01 08:54:32,2020-06-04,,555.5905555555555,555.5905555555555,552.9617592592592,After Disclosure,2020,200,0,13447.0,171.0,759.0
CVE-2020-13692,org.postgresql:postgresql,net.officefloor.persistence:officejdbc_postgresql,officefloor/OfficeFloor,https://github.com/officefloor/OfficeFloor/commit/3e4644ecdc755d82b15b374ab14f778e5cecc625,2020-06-10 20:26:50,1,Silent,S1,S1,False,Medium,6.8,CWE-611,,2020-06-01 08:54:32,2020-06-01 08:54:32,2020-06-04,,9.48076388888889,9.48076388888889,6.851967592592593,After Disclosure,2020,200,0,88.0,3.0,759.0
CVE-2020-13692,org.postgresql:postgresql,com.aceql:aceql-http,kawansoft/aceql-http,https://github.com/kawansoft/aceql-http/commit/599bd0aba113a9c714c5b9b44adb2fd7eedc13ef,2022-02-07 13:48:34,2,Silent,S1,S1,False,Medium,6.8,CWE-611,,2020-06-01 08:54:32,2020-06-01 08:54:32,2020-06-04,,616.2041898148149,616.2041898148149,613.5753935185185,After Disclosure,2020,200,0,17233.0,216.0,759.0
CVE-2020-13692,org.postgresql:postgresql,com.github.labai:ted-driver,labai/ted,https://github.com/labai/ted/commit/64e0a4b226b0b37f30f75e8a546ad8c56f6e51a3,2022-02-27 06:31:14,1,Silent,S1,S1,False,Medium,6.8,CWE-611,,2020-06-01 08:54:32,2020-06-01 08:54:32,2020-06-04,,635.9004861111111,635.9004861111111,633.2716898148149,After Disclosure,2020,200,0,5158.0,109.0,759.0
CVE-2020-13692,org.postgresql:postgresql,nl.geodienstencentrum.maven:schemaspy-maven-plugin,GeoDienstenCentrum/schemaspy-maven-plugin,https://github.com/GeoDienstenCentrum/schemaspy-maven-plugin/commit/92859a6a847462a36332015ae06e8ac03c55d583,2020-06-15 02:48:46,1,Silent,S1,S1,False,Medium,6.8,CWE-611,,2020-06-01 08:54:32,2020-06-01 08:54:32,2020-06-04,,13.74599537037037,13.74599537037037,11.117199074074074,After Disclosure,2020,200,0,10380.0,115.0,759.0
CVE-2020-13692,org.postgresql:postgresql,sh.platform:config,platformsh/config-reader-java,https://github.com/platformsh/config-reader-java/commit/75d1f5b85ac37e26317310cdd72ad8c6bea3fa74,2020-08-12 14:14:07,1,Silent,S1,S1,False,Medium,6.8,CWE-611,,2020-06-01 08:54:32,2020-06-01 08:54:32,2020-06-04,,72.22193287037037,72.22193287037037,69.59313657407408,After Disclosure,2020,200,0,878.0,29.0,759.0
CVE-2020-13692,org.postgresql:postgresql,org.ehrbase.openehr:service,ehrbase/ehrbase,https://github.com/ehrbase/ehrbase/commit/78941e69b5f1743fd66cc24b6c454debc3b5a9b1,2020-11-13 03:34:29,1,Silent,S1,S1,False,Medium,6.8,CWE-611,,2020-06-01 08:54:32,2020-06-01 08:54:32,2020-06-04,,164.77774305555556,164.77774305555556,162.14894675925925,After Disclosure,2020,200,0,23747.0,321.0,759.0
CVE-2020-13692,org.postgresql:postgresql,org.jzenith:jzenith-postgresql,marcust/jzenith,https://github.com/marcust/jzenith/commit/90232c28f17cee20a4412c6165313fa69d963740,2020-06-11 04:56:10,1,Silent,S1,S1,False,Medium,6.8,CWE-611,,2020-06-01 08:54:32,2020-06-01 08:54:32,2020-06-04,,9.834467592592592,9.834467592592592,7.2056712962962965,After Disclosure,2020,200,0,259.0,7.0,759.0
CVE-2020-13692,org.postgresql:postgresql,org.minimalj:minimalj,BrunoEberhard/minimal-j,https://github.com/BrunoEberhard/minimal-j/commit/ba9ec135468d49c8c3b457fd81e081db4134672d,2022-02-02 00:49:58,1,Silent,S1,S1,False,Medium,6.8,CWE-611,,2020-06-01 08:54:32,2020-06-01 08:54:32,2020-06-04,,610.6634953703704,610.6634953703704,608.0346990740741,After Disclosure,2020,200,0,24248.0,463.0,759.0
CVE-2020-13692,org.postgresql:postgresql,org.logevents:logevents-servlets-demo,jhannes/logevents,https://github.com/jhannes/logevents/commit/6dc6bd369779184d7fa24851b5d749f60b5c3bf6,2020-12-01 10:10:38,1,Silent,S1,S1,False,Medium,6.8,CWE-611,,2020-06-01 08:54:32,2020-06-01 08:54:32,2020-06-04,,183.05284722222223,183.05284722222223,180.42405092592594,After Disclosure,2020,200,0,244.0,5.5,759.0
CVE-2020-13692,org.postgresql:postgresql,io.cloudslang.content:cs-database,CloudSlang/cs-actions,https://github.com/CloudSlang/cs-actions/commit/3e4b5759260298a3c286418a7068bc3355dd15d7,2020-08-03 14:45:24,1,Silent,S1,S1,False,Medium,6.8,CWE-611,,2020-06-01 08:54:32,2020-06-01 08:54:32,2020-06-04,,63.243657407407404,63.243657407407404,60.61486111111111,After Disclosure,2020,200,0,3744.5,50.5,759.0
CVE-2020-13692,org.postgresql:postgresql,org.fastquery:fastquery,xixifeng/fastquery,https://github.com/xixifeng/fastquery/commit/64132fe8155dd23968d9a9932a759397d3921ea3,2022-04-08 02:23:05,2,Silent,S1,S1,False,Medium,6.8,CWE-611,,2020-06-01 08:54:32,2020-06-01 08:54:32,2020-06-04,,675.7281597222222,675.7281597222222,673.099363425926,After Disclosure,2020,200,0,7263.0,132.0,759.0
CVE-2020-13692,org.postgresql:postgresql,de.digitalcollections.cudami:dc-cudami-server-backend-jdbi,dbmdz/cudami,https://github.com/dbmdz/cudami/commit/d72d85cb7c59133d149debe74df9166c4302a2af,2020-06-18 13:54:19,1,Silent,S1,S1,False,Medium,6.8,CWE-611,,2020-06-01 08:54:32,2020-06-01 08:54:32,2020-06-04,,17.208182870370372,17.208182870370372,14.579386574074075,After Disclosure,2020,200,0,1256.0,13.0,759.0
CVE-2020-13692,org.postgresql:postgresql,de.bytefish:pgbulkinsert,PgBulkInsert/PgBulkInsert,https://github.com/PgBulkInsert/PgBulkInsert/commit/18b25ded936a93952cc0b19cb548bfbe312d4a2f,2020-06-11 08:24:27,1,Silent,S1,S1,False,Medium,6.8,CWE-611,,2020-06-01 08:54:32,2020-06-01 08:54:32,2020-06-04,,9.979108796296297,9.979108796296297,7.3503125,After Disclosure,2020,200,0,2077.0,77.0,759.0
CVE-2020-13692,org.postgresql:postgresql,io.nflow:nflow-tests,NitorCreations/nflow,https://github.com/NitorCreations/nflow/commit/c0329658b01c209374da58023cced2b0971758b4,2020-08-31 12:50:16,1,Silent,S1,S1,False,Medium,6.8,CWE-611,,2020-06-01 08:54:32,2020-06-01 08:54:32,2020-06-04,,91.1637037037037,91.1637037037037,88.5349074074074,After Disclosure,2020,200,0,1202232.0,16022.0,759.0
CVE-2020-13692,org.postgresql:postgresql,be.yildiz-games:module-database-postgresql,yildiz-online/module-database-postgresql,https://github.com/yildiz-online/module-database-postgresql/commit/332cf4264ad97122427e9c3857b10d70ee190e75,2020-06-11 02:24:23,1,Silent,S1,S1,False,Medium,6.8,CWE-611,,2020-06-01 08:54:32,2020-06-01 08:54:32,2020-06-04,,9.7290625,9.7290625,7.100266203703704,After Disclosure,2020,200,0,66.0,4.0,759.0
CVE-2020-13692,org.postgresql:postgresql,io.americanexpress:synapse-data-postgres,americanexpress/synapse,https://github.com/americanexpress/synapse/commit/44764ff467a54337a0eee14e37ad41f02ef0825d,2022-04-04 21:27:02,2,Silent,S1,S1,False,Medium,6.8,CWE-611,,2020-06-01 08:54:32,2020-06-01 08:54:32,2020-06-04,,672.5225694444445,672.5225694444445,669.8937731481482,After Disclosure,2020,200,0,181.0,2.0,759.0
CVE-2020-13692,org.postgresql:postgresql,de.viadee.camunda:camunda-kafka-polling-client,viadee/camunda-kafka-polling-client,https://github.com/viadee/camunda-kafka-polling-client/commit/67b299d48d220818fc19c686885bca5dbbb6bd44,2021-08-06 14:57:10,1,Silent,S1,S1,False,Medium,6.8,CWE-611,,2020-06-01 08:54:32,2020-06-01 08:54:32,2020-06-04,,431.2518287037037,431.2518287037037,428.6230324074074,After Disclosure,2020,200,0,5957.0,89.0,759.0
CVE-2020-13692,org.postgresql:postgresql,io.prestosql:presto-product-tests,prestosql/presto,https://github.com/prestosql/presto/commit/cb33b014db59c34a532bfc6af2cac480808d3d5f,2021-08-04 17:12:14,1,Silent,S1,S1,False,Medium,6.8,CWE-611,,2020-06-01 08:54:32,2020-06-01 08:54:32,2020-06-04,,429.345625,429.345625,426.7168287037037,After Disclosure,2020,200,0,6900.0,106.0,759.0
CVE-2020-13692,org.postgresql:postgresql,io.debezium:debezium-connector-postgres,debezium/debezium,https://github.com/debezium/debezium/commit/5df2152aaf3baebbe667edad85ea38d851b1a54a,2020-07-09 18:25:23,1,Silent,S1,S1,False,Medium,6.8,CWE-611,,2020-06-01 08:54:32,2020-06-01 08:54:32,2020-06-04,,38.39642361111111,38.39642361111111,35.76762731481482,After Disclosure,2020,200,0,9240.0,99.0,759.0
CVE-2020-13692,org.postgresql:postgresql,io.zonky.test:embedded-postgres,zonkyio/embedded-postgres,https://github.com/zonkyio/embedded-postgres/commit/0fc492ce7ab76fee55d6d17d8caf6b111d944d42,2020-08-04 00:50:32,1,Silent,S1,S1,False,Medium,6.8,CWE-611,,2020-06-01 08:54:32,2020-06-01 08:54:32,2020-06-04,,63.66388888888889,63.66388888888889,61.03509259259259,After Disclosure,2020,200,0,1653.5,25.0,759.0
CVE-2020-13692,org.postgresql:postgresql,com.github.javawebers:yt-mybatis,javawebers/yt,https://github.com/javawebers/yt/commit/2812a68313cc0fa724657c19b722e6912cfa71ec,2020-08-12 07:10:31,1,Silent,S1,S1,False,Medium,6.8,CWE-611,,2020-06-01 08:54:32,2020-06-01 08:54:32,2020-06-04,,71.9277662037037,71.9277662037037,69.29896990740741,After Disclosure,2020,200,0,2168.0,32.0,759.0
CVE-2020-13692,org.postgresql:postgresql,com.baidu.hugegraph:hugegraph-loader,hugegraph/hugegraph-loader,https://github.com/hugegraph/hugegraph-loader/commit/a21ae61436563e7f40ca333414bba66046d6b226,2022-02-17 05:23:10,2,Silent,S1,S1,False,Medium,6.8,CWE-611,,2020-06-01 08:54:32,2020-06-01 08:54:32,2020-06-04,,625.8532175925926,625.8532175925926,623.2244212962963,After Disclosure,2020,200,0,7373.0,115.0,759.0
CVE-2018-1000180,org.bouncycastle:bcprov-jdk15on,io.getlime.security:powerauth-java-cmd-lib,wultra/powerauth-cmd-tool,https://github.com/wultra/powerauth-cmd-tool/commit/6d48d25b4e5a4621d15d9dd2e9ba232c04a2d3be,2018-07-15 22:30:24,2,Silent,S2,S2,False,Medium,5.0,CWE-327,,2018-04-19 18:40:01,2018-07-02 08:14:10,2018-06-05,,87.15998842592593,13.594606481481481,40.937777777777775,After Release,2018,156,0,3281.0,46.0,595.0
CVE-2018-1000180,org.bouncycastle:bcprov-jdk15on,org.mule.services:mule-service-soap,mulesoft/mule-soap-service,https://github.com/mulesoft/mule-soap-service/commit/add7b2f0d4a680f90049add568b04d549027ff90,2018-09-07 17:45:07,2,Silent,S2,S2,False,Medium,5.0,CWE-327,,2018-04-19 18:40:01,2018-07-02 08:14:10,2018-06-05,,140.961875,67.39649305555555,94.73966435185186,After Release,2018,156,0,3178.0,70.0,595.0
CVE-2018-1000180,org.bouncycastle:bcprov-jdk15on,com.codahale:xsalsa20poly1305,codahale/xsalsa20poly1305,https://github.com/codahale/xsalsa20poly1305/commit/b52d6ecd7c0e251cc83f06d4b01bc01febf2f675,2018-07-08 04:11:52,2,Silent,S2,S2,False,Medium,5.0,CWE-327,,2018-04-19 18:40:01,2018-07-02 08:14:10,2018-06-05,,79.39711805555555,5.831736111111111,33.17490740740741,After Release,2018,156,0,202.0,4.0,595.0
CVE-2018-1000180,org.bouncycastle:bcprov-jdk15on,com.qcloud:cos_api,tencentyun/cos-java-sdk-v5,https://github.com/tencentyun/cos-java-sdk-v5/commit/740648b9b055ddd84902a89e5dd370ef0529070b,2020-04-23 10:11:22,2,Silent,S2,S2,False,Medium,5.0,CWE-327,,2018-04-19 18:40:01,2018-07-02 08:14:10,2018-06-05,,734.6467708333333,661.0813888888889,688.4245601851852,After Release,2018,156,0,25281.5,448.5,595.0
CVE-2018-1000180,org.bouncycastle:bcprov-jdk15on,org.wso2.transport.http:org.wso2.transport.http.netty,wso2/transport-http,https://github.com/wso2/transport-http/commit/2ab54032b69f5c6c57a9e8a860d0501ec95317da,2018-12-05 06:10:25,2,Silent,S2,S2,False,Medium,5.0,CWE-327,,2018-04-19 18:40:01,2018-07-02 08:14:10,2018-06-05,,229.47944444444445,155.9140625,183.2572337962963,After Release,2018,156,0,15977.0,227.0,595.0
CVE-2018-1000180,org.bouncycastle:bcprov-jdk15on,de.alpharogroup:crypt-core,astrapi69/mystic-crypt,https://github.com/astrapi69/mystic-crypt/commit/46acbb01ecff1b785073546420b951d915aa12ae,2018-07-19 11:04:41,2,Silent,S2,S2,False,Medium,5.0,CWE-327,,2018-04-19 18:40:01,2018-07-02 08:14:10,2018-06-05,,90.6837962962963,17.11841435185185,44.46158564814815,After Release,2018,156,0,1230.0,45.0,595.0
CVE-2018-1000180,org.bouncycastle:bcprov-jdk15on,org.fuin.esmp:es-maven-plugin,fuinorg/event-store-maven-plugin,https://github.com/fuinorg/event-store-maven-plugin/commit/a20360471d390553b2df04c7290d370345ddb272,2019-01-02 09:34:05,3,Silent,S2,S2,False,Medium,5.0,CWE-327,,2018-04-19 18:40:01,2018-07-02 08:14:10,2018-06-05,,257.62087962962966,184.05549768518517,211.39866898148148,After Release,2018,156,0,1584.0,11.0,595.0
CVE-2018-1000180,org.bouncycastle:bcprov-jdk15on,net.sf.openas2:openas2-server,OpenAS2/OpenAs2App,https://github.com/OpenAS2/OpenAs2App/commit/df4d72b91d17e9fba8e3913dc5d81053513d993f,2019-09-05 06:57:08,2,Silent,S2,S2,False,Medium,5.0,CWE-327,,2018-04-19 18:40:01,2018-07-02 08:14:10,2018-06-05,,503.5118865740741,429.94650462962966,457.2896759259259,After Release,2018,156,0,15046.0,228.0,595.0
CVE-2018-1000180,org.bouncycastle:bcprov-jdk15on,org.appenders.log4j:log4j2-elasticsearch-jest,rfoltyns/log4j2-elasticsearch,https://github.com/rfoltyns/log4j2-elasticsearch/commit/cfde9ac65baff91e3363de73c1c7f259558b47f1,2021-08-24 20:11:35,2,Silent,S2,S2,False,Medium,5.0,CWE-327,,2018-04-19 18:40:01,2018-07-02 08:14:10,2018-06-05,,1223.0635879629629,1149.4982060185184,1176.8413773148147,After Release,2018,156,0,1968.5,50.5,595.0
CVE-2018-1000180,org.bouncycastle:bcprov-jdk15on,com.blossom-project:blossom-module-filemanager,blossom-project/blossom,https://github.com/blossom-project/blossom/commit/19d9309972bcf1f8c08c95c36b7e326e16175998,2019-06-19 11:48:40,2,Silent,S2,S2,False,Medium,5.0,CWE-327,,2018-04-19 18:40:01,2018-07-02 08:14:10,2018-06-05,,425.71434027777775,352.1489583333333,379.49212962962963,After Release,2018,156,0,565.0,17.0,595.0
CVE-2018-1000180,org.bouncycastle:bcprov-jdk15on,com.egzosn:pay-java-ali,egzosn/pay-java-parent,https://github.com/egzosn/pay-java-parent/commit/891d128b0d903c02f5389f7cea41bdf045449fa8,2019-10-22 05:56:06,1,Silent,S2,S2,False,Medium,5.0,CWE-327,,2018-04-19 18:40:01,2018-07-02 08:14:10,2018-06-05,,550.4695023148148,476.9041203703704,504.2472916666667,After Release,2018,156,0,1915.0,16.0,595.0
CVE-2018-1000180,org.bouncycastle:bcprov-jdk15on,com.github.rockylomo:rxlib,RockyLOMO/rxlib,https://github.com/RockyLOMO/rxlib/commit/49f8d947dd7add272736e6580cea1a047bd611f2,2019-12-05 01:21:35,2,Silent,S2,S2,False,Medium,5.0,CWE-327,,2018-04-19 18:40:01,2018-07-02 08:14:10,2018-06-05,,594.2788657407407,520.7134837962963,548.0566550925926,After Release,2018,156,0,13623.0,210.0,595.0
CVE-2018-1000180,org.bouncycastle:bcprov-jdk15on,edu.psu.swe.commons:commons-jaxrs,PennState/commons-jaxrs,https://github.com/PennState/commons-jaxrs/commit/3a221e6656f4d7266a2edfd2de59319842d6839b,2018-10-04 12:21:59,2,Silent,S2,S2,False,Medium,5.0,CWE-327,,2018-04-19 18:40:01,2018-07-02 08:14:10,2018-06-05,,167.73747685185185,94.17209490740741,121.5152662037037,After Release,2018,156,0,4904.5,107.5,595.0
CVE-2018-1000180,org.bouncycastle:bcprov-jdk15on,org.cryptacular:cryptacular,vt-middleware/cryptacular,https://github.com/vt-middleware/cryptacular/commit/aec1456297eda9d054e665127d37e6c00f094c97,2019-01-09 16:04:09,2,Silent,S2,S2,False,Medium,5.0,CWE-327,,2018-04-19 18:40:01,2018-07-02 08:14:10,2018-06-05,,264.89175925925923,191.3263773148148,218.6695486111111,After Release,2018,156,0,5255.0,124.0,595.0
CVE-2018-1000180,org.bouncycastle:bcprov-jdk15on,org.shredzone.acme4j:acme4j-utils,shred/acme4j,https://github.com/shred/acme4j/commit/d4f2374311a4b031bdd35340b613d87ed5758881,2018-07-15 13:19:55,2,Silent,S2,S2,False,Medium,5.0,CWE-327,,2018-04-19 18:40:01,2018-07-02 08:14:10,2018-06-05,,86.77770833333334,13.212326388888888,40.55549768518519,After Release,2018,156,0,208.0,3.0,595.0
CVE-2018-1000180,org.bouncycastle:bcprov-jdk15on,io.github.in-toto:in-toto,in-toto/in-toto-java,https://github.com/in-toto/in-toto-java/commit/b1355a620ae5aad9a9f3ce1cdcfcdbbac32bee2b,2020-09-07 20:09:00,2,Silent,S2,S2,False,Medium,5.0,CWE-327,,2018-04-19 18:40:01,2018-07-02 08:14:10,2018-06-05,,872.0617939814815,798.4964120370371,825.8395833333333,After Release,2018,156,0,539.0,11.0,595.0
CVE-2018-1000180,org.bouncycastle:bcprov-jdk15on,cn.springboot:best-pay-sdk,Pay-Group/best-pay-sdk,https://github.com/Pay-Group/best-pay-sdk/commit/5de8992805606e6d37f978d423bf0ed0898e4018,2019-09-10 03:27:15,3,Silent,S2,S2,False,Medium,5.0,CWE-327,,2018-04-19 18:40:01,2018-07-02 08:14:10,2018-06-05,,508.36613425925924,434.8007523148148,462.1439236111111,After Release,2018,156,0,7035.0,67.0,595.0
CVE-2018-1000180,org.bouncycastle:bcprov-jdk15on,org.pac4j:pac4j-jwt,pac4j/pac4j,https://github.com/pac4j/pac4j/commit/be2b0254f00e2306c87ceea6c9c061eace11899b,2019-03-11 07:13:45,2,Silent,S2,S2,False,Medium,5.0,CWE-327,,2018-04-19 18:40:01,2018-07-02 08:14:10,2018-06-05,,325.52342592592595,251.9580439814815,279.30121527777777,After Release,2018,156,0,302.0,4.0,595.0
CVE-2018-1000180,org.bouncycastle:bcprov-jdk15on,com.consol.citrus:citrus-ssh,citrusframework/citrus,https://github.com/citrusframework/citrus/commit/47fe2b3e093ec0c2a0a087410d8bd335ea066f37,2021-05-10 12:02:51,2,Silent,S2,S2,False,Medium,5.0,CWE-327,,2018-04-19 18:40:01,2018-07-02 08:14:10,2018-06-05,,1116.7241898148147,1043.1588078703703,1070.5019791666666,After Release,2018,156,0,1382.0,26.0,595.0
CVE-2018-1000180,org.bouncycastle:bcprov-jdk15on,com.qwazr:qwazr-library-pdfbox,qwazr/library-modules,https://github.com/qwazr/library-modules/commit/17973848018e147bac083b0b1f860ad05e44bff2,2018-08-19 09:06:48,2,Silent,S2,S2,False,Medium,5.0,CWE-327,,2018-04-19 18:40:01,2018-07-02 08:14:10,2018-06-05,,121.60193287037038,48.03655092592592,75.37972222222223,After Release,2018,156,0,129.0,3.0,595.0
CVE-2018-1000180,org.bouncycastle:bcprov-jdk15on,org.opentelecoms.gsm0348:gsm0348-impl,opentelecoms-org/gsm0348,https://github.com/opentelecoms-org/gsm0348/commit/49c9c37112e6dc51acc103391ac4af386b80887c,2018-09-19 12:41:58,2,Silent,S2,S2,False,Medium,5.0,CWE-327,,2018-04-19 18:40:01,2018-07-02 08:14:10,2018-06-05,,152.75135416666666,79.18597222222222,106.52914351851852,After Release,2018,156,0,1612.0,18.0,595.0
CVE-2018-1000180,org.bouncycastle:bcprov-jdk15on,com.joyent.http-signature:http-signature-common,joyent/java-http-signature,https://github.com/joyent/java-http-signature/commit/454eba23a96f56ca78585ec0eabce5f87789192e,2019-01-17 18:28:24,2,Silent,S2,S2,False,Medium,5.0,CWE-327,,2018-04-19 18:40:01,2018-07-02 08:14:10,2018-06-05,,272.99193287037036,199.42655092592594,226.7697222222222,After Release,2018,156,0,573.0,9.0,595.0
CVE-2018-1000180,org.bouncycastle:bcprov-jdk15on,io.mangoo:mangooio-core,svenkubiak/mangooio,https://github.com/svenkubiak/mangooio/commit/5f9462de5b84f094d2e5783c2048f37b47725f2f,2018-07-06 07:47:01,2,Silent,S2,S2,False,Medium,5.0,CWE-327,,2018-04-19 18:40:01,2018-07-02 08:14:10,2018-06-05,,77.54652777777778,3.981145833333333,31.32431712962963,After Release,2018,156,0,7903.5,109.0,595.0
CVE-2018-1000180,org.bouncycastle:bcprov-jdk15on,com.github.martinpaljak:globalplatformpro,martinpaljak/GlobalPlatformPro,https://github.com/martinpaljak/GlobalPlatformPro/commit/e2bf7a34d8c70a02546a40b5b96b1191ede80639,2018-09-05 13:15:21,2,Silent,S2,S2,False,Medium,5.0,CWE-327,,2018-04-19 18:40:01,2018-07-02 08:14:10,2018-06-05,,138.77453703703705,65.2091550925926,92.55232638888889,After Release,2018,156,0,5024.0,54.0,595.0
CVE-2018-1000180,org.bouncycastle:bcprov-jdk15on,com.redhat.red.build:koji-build-finder,release-engineering/koji-build-finder,https://github.com/release-engineering/koji-build-finder/commit/25451ed3ecf39aa35177ae1fd109a6663f83c618,2018-07-26 03:15:02,2,Silent,S2,S2,False,Medium,5.0,CWE-327,,2018-04-19 18:40:01,2018-07-02 08:14:10,2018-06-05,,97.35765046296297,23.79226851851852,51.135439814814816,After Release,2018,156,0,3667.0,41.0,595.0
CVE-2018-1000180,org.bouncycastle:bcprov-jdk15on,org.cryptomator:siv-mode,cryptomator/siv-mode,https://github.com/cryptomator/siv-mode/commit/bb00b3b7ea66ec089dbee0687885688635541c3f,2018-07-23 08:01:51,2,Silent,S2,S2,False,Medium,5.0,CWE-327,,2018-04-19 18:40:01,2018-07-02 08:14:10,2018-06-05,,94.5568287037037,20.991446759259258,48.33461805555555,After Release,2018,156,0,2292.0,21.0,595.0
CVE-2018-1000180,org.bouncycastle:bcprov-jdk15on,com.helger:ph-ebinterface,phax/ph-ebinterface,https://github.com/phax/ph-ebinterface/commit/7eac82937285ee7c809e37454e19b93aac2368d0,2018-06-13 20:09:11,2,Silent,S2,S2,False,Medium,5.0,CWE-327,,2018-04-19 18:40:01,2018-07-02 08:14:10,2018-06-05,,55.0619212962963,-18.50346064814815,8.839710648148149,Disclosure->Release,2018,156,0,39489.0,342.0,595.0
CVE-2018-1000180,org.bouncycastle:bcprov-jdk15on,io.getlime.security:powerauth-java-prov,wultra/powerauth-crypto,https://github.com/wultra/powerauth-crypto/commit/8904009072d8aa5782a4d2031480d483afe47348,2018-07-30 11:35:43,2,Silent,S2,S2,False,Medium,5.0,CWE-327,,2018-04-19 18:40:01,2018-07-02 08:14:10,2018-06-05,,101.70534722222222,28.139965277777776,55.483136574074074,After Release,2018,156,0,188.0,4.0,595.0
CVE-2018-7489,com.fasterxml.jackson.core:jackson-databind,net.logstash.logback:logstash-logback-encoder,logfellow/logstash-logback-encoder,https://github.com/logfellow/logstash-logback-encoder/commit/a3df7878a66137a81a3095eadab76915e7a3a4b1,2018-04-12 08:32:50,1,Transparent,T1,T1,False,High,7.5,CWE-184;CWE-502,2017-08-17 21:24:26,2017-08-17 15:12:47,2017-08-23 21:26:44,2018-02-26,237.46416666666667,237.72225694444444,231.46256944444445,45.35613425925926,After Disclosure,2018,302,0,24427.0,335.0,1248.0
CVE-2018-7489,com.fasterxml.jackson.core:jackson-databind,io.swagger:swagger-jaxrs2,swagger-api/swagger-core,https://github.com/swagger-api/swagger-core/commit/b84d815fde04be116a20a213f2dc1c00f2669669,2018-04-10 09:22:29,1,Transparent,T1,T1,False,High,7.5,CWE-184;CWE-502,2017-08-17 21:24:26,2017-08-17 15:12:47,2017-08-23 21:26:44,2018-02-26,235.49864583333334,235.7567361111111,229.4970486111111,43.39061342592593,After Disclosure,2018,302,0,2460.0,25.0,1248.0
CVE-2018-7489,com.fasterxml.jackson.core:jackson-databind,com.commercetools.sdk.jvm.core:commercetools-internal-docs,commercetools/commercetools-jvm-sdk,https://github.com/commercetools/commercetools-jvm-sdk/commit/80070c46bac5c7ecbe252098690b4b5dd6316074,2018-04-16 08:02:16,1,Transparent,T1,T1,False,High,7.5,CWE-184;CWE-502,2017-08-17 21:24:26,2017-08-17 15:12:47,2017-08-23 21:26:44,2018-02-26,241.44293981481482,241.7010300925926,235.4413425925926,49.33490740740741,After Disclosure,2018,302,0,132.0,22.0,1248.0
CVE-2018-7489,com.fasterxml.jackson.core:jackson-databind,ch.rasc:sse-eventbus,ralscha/sse-eventbus,https://github.com/ralscha/sse-eventbus/commit/36fa6a9968a2978eeadb78b40b0af7c19997b35a,2018-04-04 04:24:03,1,Transparent,T1,T1,False,High,7.5,CWE-184;CWE-502,2017-08-17 21:24:26,2017-08-17 15:12:47,2017-08-23 21:26:44,2018-02-26,229.29140046296297,229.54949074074074,223.28980324074075,37.183368055555555,After Disclosure,2018,302,0,982.0,15.0,1248.0
CVE-2018-7489,com.fasterxml.jackson.core:jackson-databind,org.schoellerfamily.gedbrowser:geoservice-common,dickschoeller/gedbrowser,https://github.com/dickschoeller/gedbrowser/commit/c03725d14a9cfdef32fe776dbbe52ffbcaabb44b,2018-04-03 15:56:17,1,Transparent,T1,T1,False,High,7.5,CWE-184;CWE-502,2017-08-17 21:24:26,2017-08-17 15:12:47,2017-08-23 21:26:44,2018-02-26,228.77211805555555,229.03020833333332,222.77052083333334,36.664085648148145,After Disclosure,2018,302,0,173.0,7.0,1248.0
CVE-2018-7489,com.fasterxml.jackson.core:jackson-databind,org.axonframework:axon-distributed-commandbus-springcloud,AxonFramework/AxonFramework,https://github.com/AxonFramework/AxonFramework/commit/baa7d9b3d3825a286c1ed1f375a3849b1f6666ef,2018-10-16 19:27:19,1,Transparent,T1,T1,False,High,7.5,CWE-184;CWE-502,2017-08-17 21:24:26,2017-08-17 15:12:47,2017-08-23 21:26:44,2018-02-26,424.91866898148146,425.17675925925926,418.9170717592593,232.81063657407407,After Disclosure,2018,302,0,588.0,8.0,1248.0
CVE-2018-7489,com.fasterxml.jackson.core:jackson-databind,org.litote.kmongo:kmongo-async-shared,Litote/kmongo,https://github.com/Litote/kmongo/commit/b05eb31859b0848aa2666fef46d230f3ea954dfc,2018-09-19 19:12:28,1,Transparent,T1,T1,False,High,7.5,CWE-184;CWE-502,2017-08-17 21:24:26,2017-08-17 15:12:47,2017-08-23 21:26:44,2018-02-26,397.90835648148146,398.16644675925926,391.9067592592593,205.80032407407407,After Disclosure,2018,302,0,86.0,2.0,1248.0
CVE-2018-7489,com.fasterxml.jackson.core:jackson-databind,com.consol.citrus:citrus-core,citrusframework/citrus,https://github.com/citrusframework/citrus/commit/083667d7f857db17bb83a3c0b126b382c008df12,2018-07-12 12:05:46,1,Transparent,T1,T1,False,High,7.5,CWE-184;CWE-502,2017-08-17 21:24:26,2017-08-17 15:12:47,2017-08-23 21:26:44,2018-02-26,328.61203703703706,328.8701273148148,322.6104398148148,136.50400462962963,After Disclosure,2018,302,0,24167.0,524.0,1248.0
CVE-2018-7489,com.fasterxml.jackson.core:jackson-databind,org.zalando:riptide-stream,zalando/riptide,https://github.com/zalando/riptide/commit/b1a251d9fcb55400ef7e1b1102f23d41d3c5eb89,2018-04-11 11:54:20,1,Transparent,T1,T1,False,High,7.5,CWE-184;CWE-502,2017-08-17 21:24:26,2017-08-17 15:12:47,2017-08-23 21:26:44,2018-02-26,236.6040972222222,236.8621875,230.6025,44.496064814814815,After Disclosure,2018,302,0,298.0,8.0,1248.0
CVE-2018-7489,com.fasterxml.jackson.core:jackson-databind,org.glassfish.main.admin:admin-util,eclipse-ee4j/glassfish,https://github.com/eclipse-ee4j/glassfish/commit/eac66d65e6a8eccedaaf40fac0e514d12c71e314,2019-04-11 20:36:36,1,Transparent,T1,T1,False,High,7.5,CWE-184;CWE-502,2017-08-17 21:24:26,2017-08-17 15:12:47,2017-08-23 21:26:44,2018-02-26,601.9667824074074,602.2248726851852,595.9651851851852,409.85875,After Disclosure,2018,302,0,11922.0,181.0,1248.0
CVE-2018-7489,com.fasterxml.jackson.core:jackson-databind,com.datastax.oss.simulacron:simulacron-common,datastax/simulacron,https://github.com/datastax/simulacron/commit/3589e75f87c3c2e469c6303510c359f466b0b369,2018-06-06 19:56:33,1,Transparent,T1,T1,False,High,7.5,CWE-184;CWE-502,2017-08-17 21:24:26,2017-08-17 15:12:47,2017-08-23 21:26:44,2018-02-26,292.9389699074074,293.1970601851852,286.9373726851852,100.8309375,After Disclosure,2018,302,0,4485.0,113.0,1248.0
CVE-2018-7489,com.fasterxml.jackson.core:jackson-databind,io.getlime.security:powerauth-push-client,wultra/powerauth-push-server,https://github.com/wultra/powerauth-push-server/commit/168bb2b8c154b31c9cccb508ab4baf5a14606cb0,2018-05-29 13:46:44,1,Transparent,T1,T1,False,High,7.5,CWE-184;CWE-502,2017-08-17 21:24:26,2017-08-17 15:12:47,2017-08-23 21:26:44,2018-02-26,284.6821527777778,284.9402430555556,278.68055555555554,92.57412037037037,After Disclosure,2018,302,0,546.0,19.0,1248.0
CVE-2018-7489,com.fasterxml.jackson.core:jackson-databind,com.tomtom.speedtools:core,tomtom-international/speedtools,https://github.com/tomtom-international/speedtools/commit/7fd0c8c74e75258adb0e9ac1773d5568948ab29b,2018-11-28 11:31:55,1,Transparent,T1,T1,False,High,7.5,CWE-184;CWE-502,2017-08-17 21:24:26,2017-08-17 15:12:47,2017-08-23 21:26:44,2018-02-26,467.5885300925926,467.8466203703704,461.5869328703704,275.4804976851852,After Disclosure,2018,302,0,2459.0,55.0,1248.0
CVE-2018-7489,com.fasterxml.jackson.core:jackson-databind,com.maxmind.minfraud:minfraud,maxmind/minfraud-api-java,https://github.com/maxmind/minfraud-api-java/commit/341e676abac556b27af6a7c74fcd23e551ac622f,2018-04-05 23:00:13,1,Transparent,T1,T1,False,High,7.5,CWE-184;CWE-502,2017-08-17 21:24:26,2017-08-17 15:12:47,2017-08-23 21:26:44,2018-02-26,231.0665162037037,231.32460648148148,225.06491898148147,38.9584837962963,After Disclosure,2018,302,0,2353.0,69.0,1248.0
CVE-2018-7489,com.fasterxml.jackson.core:jackson-databind,com.ecfront.dew:common,gudaoxuri/dew-common,https://github.com/gudaoxuri/dew-common/commit/c44c8a2ee04ec06895080e3c88a15cfb00a51b75,2018-11-05 10:09:50,1,Transparent,T1,T1,False,High,7.5,CWE-184;CWE-502,2017-08-17 21:24:26,2017-08-17 15:12:47,2017-08-23 21:26:44,2018-02-26,444.5315277777778,444.78961805555554,438.52993055555555,252.42349537037038,After Disclosure,2018,302,0,2763.0,48.5,1248.0
CVE-2018-7489,com.fasterxml.jackson.core:jackson-databind,com.tomtom.http:goji-http-client,tomtom-international/goji-http-client,https://github.com/tomtom-international/goji-http-client/commit/cfd15b321dec5a79cb476dbb5b6446603d97b7cb,2018-06-14 12:02:27,1,Transparent,T1,T1,False,High,7.5,CWE-184;CWE-502,2017-08-17 21:24:26,2017-08-17 15:12:47,2017-08-23 21:26:44,2018-02-26,300.60973379629627,300.86782407407406,294.6081365740741,108.50170138888889,After Disclosure,2018,302,0,809.0,12.0,1248.0
CVE-2018-7489,com.fasterxml.jackson.core:jackson-databind,org.fujion:fujion-common,fujion/fujion-framework,https://github.com/fujion/fujion-framework/commit/0d0b76df7663ef658c39bf69c995180af93ff0e3,2018-04-12 13:39:33,1,Transparent,T1,T1,False,High,7.5,CWE-184;CWE-502,2017-08-17 21:24:26,2017-08-17 15:12:47,2017-08-23 21:26:44,2018-02-26,237.67716435185184,237.93525462962964,231.67556712962963,45.56913194444444,After Disclosure,2018,302,0,2314.0,48.0,1248.0
CVE-2018-7489,com.fasterxml.jackson.core:jackson-databind,com.weblyzard.api:weblyzard-api,weblyzard/weblyzard_api,https://github.com/weblyzard/weblyzard_api/commit/b01a67355623f92221dc1754daadaeb00669c00a,2017-10-03 06:57:47,2,Transparent,T1,T1,False,High,7.5,CWE-184;CWE-502,2017-08-17 21:24:26,2017-08-17 15:12:47,2017-08-23 21:26:44,2018-02-26,46.398159722222225,46.65625,40.3965625,-145.7098726851852,Release->Disclosure,2018,302,0,4255.0,58.0,1248.0
CVE-2018-7489,com.fasterxml.jackson.core:jackson-databind,com.github.wz2cool:mybatis-dynamic-query,wz2cool/mybatis-dynamic-query,https://github.com/wz2cool/mybatis-dynamic-query/commit/c1120f31f94258a7697e7143965c82af69794002,2018-11-13 14:27:57,2,Transparent,T1,T1,False,High,7.5,CWE-184;CWE-502,2017-08-17 21:24:26,2017-08-17 15:12:47,2017-08-23 21:26:44,2018-02-26,452.71077546296294,452.96886574074074,446.70917824074075,260.60274305555555,After Disclosure,2018,302,0,1588.5,34.0,1248.0
CVE-2018-7489,com.fasterxml.jackson.core:jackson-databind,org.devocative:wickomp,mbizhani/Wickomp,https://github.com/mbizhani/Wickomp/commit/26b6702a7a7b10f884f58507c62c8cd00a90b14c,2018-04-11 15:47:42,1,Transparent,T1,T1,False,High,7.5,CWE-184;CWE-502,2017-08-17 21:24:26,2017-08-17 15:12:47,2017-08-23 21:26:44,2018-02-26,236.7661574074074,237.02424768518517,230.7645601851852,44.658125,After Disclosure,2018,302,0,9033.0,176.0,1248.0
CVE-2016-7051,com.fasterxml.jackson.dataformat:jackson-dataformat-xml,cn.com.riversoft:weixin-pay,borball/weixin-sdk,https://github.com/borball/weixin-sdk/commit/ee2c4b1a60a16ae270ecee792e60bf15fc11149c,2016-12-22 01:56:36,1,Silent,S1,S1,False,Medium,5.0,CWE-611;CWE-918,,2016-09-26 20:11:18,2016-09-26 20:12:32,2017-04-14,,86.23979166666666,86.23893518518518,-112.91902777777777,Release->Disclosure,2017,20,0,2897.0,44.0,162.0
CVE-2014-7839,org.jboss.resteasy:resteasy-jaxrs,org.modeshape:modeshape-web-jcr-rest,ModeShape/modeshape,https://github.com/ModeShape/modeshape/commit/46f9ab4f90b1fa5df66a069248c3e7bce55ee0d1,2015-07-20 13:14:21,1,Silent,S3,S3,False,Medium,6.4,CWE-20,,2014-12-12 00:16:48,2015-03-20 09:48:09,2014-11-25,,220.53996527777778,122.14319444444445,237.55163194444444,After Release,2014,47,0,2958.0,42.0,206.0
CVE-2014-7839,org.jboss.resteasy:resteasy-jaxrs,se.l4.dust:dust-jaxrs-resteasy,LevelFourAB/dust,https://github.com/LevelFourAB/dust/commit/3886b11cd7fd56d654f460519b0e4a79631fb3d6,2017-10-04 08:43:46,1,Silent,S3,S3,False,Medium,6.4,CWE-20,,2014-12-12 00:16:48,2015-03-20 09:48:09,2014-11-25,,1027.352060185185,928.9552893518519,1044.3637268518519,After Release,2014,47,0,288.0,6.0,206.0
CVE-2014-7839,org.jboss.resteasy:resteasy-jaxrs,org.keycloak:keycloak-services,keycloak/keycloak,https://github.com/keycloak/keycloak/commit/cc2de52a1af323c814d8d26c3b3b750a2ec4e662,2015-06-12 12:20:08,1,Silent,S3,S3,False,Medium,6.4,CWE-20,,2014-12-12 00:16:48,2015-03-20 09:48:09,2014-11-25,,182.5023148148148,84.10554398148147,199.5139814814815,After Release,2014,47,0,34134.0,435.5,206.0
CVE-2014-7839,org.jboss.resteasy:resteasy-jaxrs,org.wildfly:wildfly-rts,wildfly/wildfly,https://github.com/wildfly/wildfly/commit/0bf0e7dc02c59284602ba83ee1c45e0ed93b8590,2015-03-22 23:57:32,1,Silent,S3,S3,False,Medium,6.4,CWE-20,,2014-12-12 00:16:48,2015-03-20 09:48:09,2014-11-25,,100.98662037037037,2.589849537037037,117.99828703703703,After Release,2014,47,0,854.0,21.0,206.0
CVE-2020-10719,io.undertow:undertow-core,com.networknt:graphql-security,networknt/light-graphql-4j,https://github.com/networknt/light-graphql-4j/commit/7522565cab2832c878f25d407545312ad47bc081,2020-05-28 13:49:52,1,Silent,S1,S1,False,Medium,6.4,CWE-444,,2020-05-15 02:02:37,2020-05-15 03:41:06,2020-05-26,,13.491145833333333,13.42275462962963,2.576296296296296,After Disclosure,2020,75,0,163.0,1.0,2553.0
CVE-2020-10719,io.undertow:undertow-core,com.networknt:swagger-security,networknt/light-rest-4j,https://github.com/networknt/light-rest-4j/commit/fa5328029ad27e63e7c9206d0f0bbee273766703,2020-05-28 13:49:48,1,Silent,S1,S1,False,Medium,6.4,CWE-444,,2020-05-15 02:02:37,2020-05-15 03:41:06,2020-05-26,,13.491099537037037,13.422708333333333,2.57625,After Disclosure,2020,75,0,217.0,1.0,2553.0
CVE-2020-10719,io.undertow:undertow-core,com.networknt:rpc-router,networknt/light-hybrid-4j,https://github.com/networknt/light-hybrid-4j/commit/9526e0d9f66c44ef792c1ee521530c8150bd3d09,2020-05-28 13:49:56,1,Silent,S1,S1,False,Medium,6.4,CWE-444,,2020-05-15 02:02:37,2020-05-15 03:41:06,2020-05-26,,13.49119212962963,13.422800925925927,2.5763425925925927,After Disclosure,2020,75,0,1541.5,15.0,2553.0
CVE-2020-10719,io.undertow:undertow-core,com.networknt:cors,networknt/light-4j,https://github.com/networknt/light-4j/commit/a658be3e92435813652f53a19f21c5c2adec75a6,2020-05-28 13:49:43,1,Silent,S1,S1,False,Medium,6.4,CWE-444,,2020-05-15 02:02:37,2020-05-15 03:41:06,2020-05-26,,13.491041666666666,13.422650462962963,2.5761921296296295,After Disclosure,2020,75,0,248.5,4.0,2553.0
CVE-2020-10719,io.undertow:undertow-core,com.paulhammant.servirtium:servirtium-undertow,paul-hammant/servirtium,https://github.com/paul-hammant/servirtium/commit/e6d7ccc9835a28f1fc61efa5904fa9ce980ca4cd,2021-12-14 21:35:13,1,Silent,S1,S1,False,Medium,6.4,CWE-444,,2020-05-15 02:02:37,2020-05-15 03:41:06,2020-05-26,,578.8143055555555,578.7459143518519,567.8994560185185,After Disclosure,2020,75,0,189.0,1.0,2553.0
CVE-2020-10719,io.undertow:undertow-core,org.keycloak:keycloak-installed-adapter,keycloak/keycloak,https://github.com/keycloak/keycloak/commit/969b09f530b3fe6b6a8c3f0d25ad52c1d8b6c970,2020-07-20 20:15:08,1,Silent,S1,S1,False,Medium,6.4,CWE-444,,2020-05-15 02:02:37,2020-05-15 03:41:06,2020-05-26,,66.75869212962964,66.69030092592592,55.843842592592594,After Disclosure,2020,75,0,689.0,6.0,2553.0
CVE-2020-10719,io.undertow:undertow-core,com.networknt:hazelcast-manager,networknt/light-session-4j,https://github.com/networknt/light-session-4j/commit/c4f714e87d069bd7aa8bd59dd8a21b7dea4b2504,2020-05-28 13:50:03,1,Silent,S1,S1,False,Medium,6.4,CWE-444,,2020-05-15 02:02:37,2020-05-15 03:41:06,2020-05-26,,13.491273148148148,13.422881944444445,2.576423611111111,After Disclosure,2020,75,0,246.0,4.0,2553.0
CVE-2020-10719,io.undertow:undertow-core,io.basestar:basestar-connector-undertow,basestar/basestar,https://github.com/basestar/basestar/commit/fa04a6ca56a8e7ae671aef6dd68ef0fba1ed2788,2021-06-24 09:20:19,1,Silent,S1,S1,False,Medium,6.4,CWE-444,,2020-05-15 02:02:37,2020-05-15 03:41:06,2020-05-26,,405.30395833333336,405.23556712962966,394.3891087962963,After Disclosure,2020,75,0,187.0,3.0,2553.0
CVE-2020-10719,io.undertow:undertow-core,com.popokis:popok,soasada/popok,https://github.com/soasada/popok/commit/d126837c7c2106f13aa1d8fa0afec49e7d43cea3,2022-01-07 17:33:08,1,Silent,S1,S1,False,Medium,6.4,CWE-444,,2020-05-15 02:02:37,2020-05-15 03:41:06,2020-05-26,,602.6461921296296,602.5778009259259,591.7313425925926,After Disclosure,2020,75,0,1400.5,47.0,2553.0
CVE-2020-10719,io.undertow:undertow-core,com.networknt:stateless-auth,networknt/light-spa-4j,https://github.com/networknt/light-spa-4j/commit/c6dbaca06898eb24e2a627be2a55c36d8ad143c0,2020-05-28 13:50:07,1,Silent,S1,S1,False,Medium,6.4,CWE-444,,2020-05-15 02:02:37,2020-05-15 03:41:06,2020-05-26,,13.491319444444445,13.42292824074074,2.5764699074074073,After Disclosure,2020,75,0,351.5,2.0,2553.0
CVE-2020-10719,io.undertow:undertow-core,io.mangoo:mangooio-core,svenkubiak/mangooio,https://github.com/svenkubiak/mangooio/commit/88a1a1156d662506617a4fc1a0308786c5f484c8,2020-05-16 16:11:00,1,Silent,S1,S1,False,Medium,6.4,CWE-444,,2020-05-15 02:02:37,2020-05-15 03:41:06,2020-05-26,,1.5891550925925926,1.5207638888888888,-9.325694444444444,Release->Disclosure,2020,75,0,7903.5,109.0,2553.0
CVE-2020-10719,io.undertow:undertow-core,com.aspectran:aspectran-with-undertow,aspectran/aspectran,https://github.com/aspectran/aspectran/commit/aadbd3db4a84e34d73776bfce41e44bf88b972d8,2020-05-15 15:23:31,1,Silent,S1,S1,False,Medium,6.4,CWE-444,,2020-05-15 02:02:37,2020-05-15 03:41:06,2020-05-26,,0.5561805555555556,0.48778935185185185,-10.35866898148148,Release->Disclosure,2020,75,0,3277.0,46.0,2553.0
CVE-2018-12538,org.eclipse.jetty:jetty-server,io.airlift:http-server,airlift/airlift,https://github.com/airlift/airlift/commit/5e74a631df627a34a5875a3b7f5d8dd4f1932171,2018-04-27 17:22:00,1,Transparent,T1,T1,False,Medium,6.5,CWE-384,2018-01-08 14:37:56,2018-01-10 16:40:53,2018-03-20 07:18:24,2018-06-22,109.11393518518518,107.02855324074073,38.41916666666667,-55.27638888888889,Release->Disclosure,2018,56,0,2353.0,30.0,1585.0
CVE-2018-12538,org.eclipse.jetty:jetty-server,org.teknux:jetty-bootstrap,teknux-org/jetty-bootstrap,https://github.com/teknux-org/jetty-bootstrap/commit/732866cc6d60b37560b987d86f1107692ad67bd7,2018-11-27 16:04:02,1,Transparent,T1,T1,False,Medium,6.5,CWE-384,2018-01-08 14:37:56,2018-01-10 16:40:53,2018-03-20 07:18:24,2018-06-22,323.0597916666667,320.9744097222222,252.36502314814814,158.66946759259258,After Disclosure,2018,56,0,1939.0,27.0,1585.0
CVE-2018-12538,org.eclipse.jetty:jetty-server,com.github.searls:jasmine-maven-plugin,searls/jasmine-maven-plugin,https://github.com/searls/jasmine-maven-plugin/commit/36f8262b73c912eb80a4a53e79aae4ba2e481b48,2020-09-15 14:06:15,1,Transparent,T1,T1,False,Medium,6.5,CWE-384,2018-01-08 14:37:56,2018-01-10 16:40:53,2018-03-20 07:18:24,2018-06-22,980.9779976851852,978.8926157407408,910.2832291666666,816.5876736111111,After Disclosure,2018,56,0,1339864.5,60.5,1585.0
CVE-2018-12538,org.eclipse.jetty:jetty-server,com.consol.citrus:citrus-http,citrusframework/citrus,https://github.com/citrusframework/citrus/commit/a52812c84308e22434c1c1017e833454dcfe2036,2018-10-19 07:12:51,1,Transparent,T1,T1,False,Medium,6.5,CWE-384,2018-01-08 14:37:56,2018-01-10 16:40:53,2018-03-20 07:18:24,2018-06-22,283.69091435185186,281.6055324074074,212.99614583333334,119.30059027777777,After Disclosure,2018,56,0,4163.5,61.0,1585.0
CVE-2018-12538,org.eclipse.jetty:jetty-server,org.cryptomator:webdav-nio-adapter,cryptomator/webdav-nio-adapter,https://github.com/cryptomator/webdav-nio-adapter/commit/58aec0f0af1fafa86e4ebab839570944b5d54564,2018-05-08 09:02:53,1,Transparent,T1,T1,False,Medium,6.5,CWE-384,2018-01-08 14:37:56,2018-01-10 16:40:53,2018-03-20 07:18:24,2018-06-22,119.76732638888889,117.68194444444444,49.07255787037037,-44.62299768518518,Release->Disclosure,2018,56,0,3714.0,90.0,1585.0
CVE-2018-12538,org.eclipse.jetty:jetty-server,de.alpharogroup:jetty-runner-config,astrapi69/jetty-runner,https://github.com/astrapi69/jetty-runner/commit/1b4c4a275cf66c5e8f25341aed48185831fb143f,2018-07-14 16:12:45,1,Transparent,T1,T1,False,Medium,6.5,CWE-384,2018-01-08 14:37:56,2018-01-10 16:40:53,2018-03-20 07:18:24,2018-06-22,187.0658449074074,184.98046296296297,116.3710763888889,22.675520833333334,After Disclosure,2018,56,0,1266.5,12.5,1585.0
CVE-2018-12538,org.eclipse.jetty:jetty-server,org.blobit:blobit-services,diennea/blobit,https://github.com/diennea/blobit/commit/5e15956258b927e1714073ef95699d071818a887,2019-07-23 14:17:57,1,Transparent,T1,T1,False,Medium,6.5,CWE-384,2018-01-08 14:37:56,2018-01-10 16:40:53,2018-03-20 07:18:24,2018-06-22,560.9861226851851,558.9007407407407,490.2913541666667,396.5957986111111,After Disclosure,2018,56,0,1076.0,10.0,1585.0
CVE-2018-12538,org.eclipse.jetty:jetty-server,org.apache.juneau:juneau-microservice-server,apache/juneau,https://github.com/apache/juneau/commit/312d87badd25b879c13052f7490b924cf5ece7c7,2018-07-26 00:40:17,1,Transparent,T1,T1,False,Medium,6.5,CWE-384,2018-01-08 14:37:56,2018-01-10 16:40:53,2018-03-20 07:18:24,2018-06-22,198.4182986111111,196.33291666666668,127.7235300925926,34.02797453703704,After Disclosure,2018,56,0,1902.0,27.0,1585.0
CVE-2018-12538,org.eclipse.jetty:jetty-server,org.jooby:jooby-jetty,jooby-project/jooby,https://github.com/jooby-project/jooby/commit/1e458ddc9d3b3328ec71dc62f1aec9823f9b1def,2018-04-17 15:35:32,1,Transparent,T1,T1,False,Medium,6.5,CWE-384,2018-01-08 14:37:56,2018-01-10 16:40:53,2018-03-20 07:18:24,2018-06-22,99.04,96.95461805555556,28.34523148148148,-65.35032407407408,Release->Disclosure,2018,56,0,607.5,9.0,1585.0
CVE-2018-12538,org.eclipse.jetty:jetty-server,io.javalin:javalin,tipsy/javalin,https://github.com/tipsy/javalin/commit/dade1cadc93a6f7ea84662f5fc5cdf99f0b6c4b2,2018-03-22 20:09:26,1,Transparent,T1,T1,False,Medium,6.5,CWE-384,2018-01-08 14:37:56,2018-01-10 16:40:53,2018-03-20 07:18:24,2018-06-22,73.23020833333334,71.14482638888889,2.535439814814815,-91.16011574074074,Release->Disclosure,2018,56,0,4863.0,81.0,1585.0
CVE-2018-12538,org.eclipse.jetty:jetty-server,org.dspace:dspace-api,DSpace/DSpace,https://github.com/DSpace/DSpace/commit/f34f44d7e00f5258ef875b3e2ddd2ac88dde5920,2020-07-07 13:52:38,1,Transparent,T1,T1,False,Medium,6.5,CWE-384,2018-01-08 14:37:56,2018-01-10 16:40:53,2018-03-20 07:18:24,2018-06-22,910.9685416666666,908.8831597222222,840.2737731481482,746.5782175925926,After Disclosure,2018,56,0,96065.0,1092.0,1585.0
CVE-2018-12538,org.eclipse.jetty:jetty-server,io.jboot:jboot,yangfuhai/jboot,https://github.com/yangfuhai/jboot/commit/311fb3228e6ff8af7681400595b5f122923865b1,2018-05-16 03:45:11,3,Transparent,T1,T1,False,Medium,6.5,CWE-384,2018-01-08 14:37:56,2018-01-10 16:40:53,2018-03-20 07:18:24,2018-06-22,127.54670138888889,125.46131944444444,56.85193287037037,-36.84362268518519,Release->Disclosure,2018,56,0,38902.0,651.0,1585.0
CVE-2018-12538,org.eclipse.jetty:jetty-server,us.springett:alpine-executable-war,stevespringett/Alpine,https://github.com/stevespringett/Alpine/commit/8f61ff279a2dcb3889a94d76cfe6fff8867f9187,2018-05-27 05:38:15,1,Transparent,T1,T1,False,Medium,6.5,CWE-384,2018-01-08 14:37:56,2018-01-10 16:40:53,2018-03-20 07:18:24,2018-06-22,138.6252199074074,136.53983796296296,67.93045138888888,-25.765104166666667,Release->Disclosure,2018,56,0,406983.0,3595.0,1585.0
CVE-2018-12538,org.eclipse.jetty:jetty-server,com.aspectran:aspectran-with-jetty,aspectran/aspectran,https://github.com/aspectran/aspectran/commit/4daa51043269f168a1cfc286846a2e1dffc6c94c,2018-03-21 03:43:08,1,Transparent,T1,T1,False,Medium,6.5,CWE-384,2018-01-08 14:37:56,2018-01-10 16:40:53,2018-03-20 07:18:24,2018-06-22,71.54527777777778,69.45989583333333,0.8505092592592592,-92.8450462962963,Release->Disclosure,2018,56,0,216.0,3.0,1585.0
CVE-2018-12538,org.eclipse.jetty:jetty-server,ws.ament.hammock:web-jetty,hammock-project/hammock,https://github.com/hammock-project/hammock/commit/1e4d98df802ba94051986b1e324a7a94e3ef912f,2018-04-10 01:30:35,1,Transparent,T1,T1,False,Medium,6.5,CWE-384,2018-01-08 14:37:56,2018-01-10 16:40:53,2018-03-20 07:18:24,2018-06-22,91.45322916666667,89.36784722222222,20.758460648148148,-72.93709490740741,Release->Disclosure,2018,56,0,112.0,2.0,1585.0
CVE-2018-12538,org.eclipse.jetty:jetty-server,no.difi.oxalis:oxalis-test-impl,difi/oxalis,https://github.com/difi/oxalis/commit/9f98097c265945e698f88e12f495ae3202fc5156,2018-04-28 09:19:41,1,Transparent,T1,T1,False,Medium,6.5,CWE-384,2018-01-08 14:37:56,2018-01-10 16:40:53,2018-03-20 07:18:24,2018-06-22,109.77899305555556,107.69361111111111,39.08422453703704,-54.61133101851852,Release->Disclosure,2018,56,0,339.0,11.0,1585.0
CVE-2018-12538,org.eclipse.jetty:jetty-server,org.basex:basex-api,BaseXdb/basex,https://github.com/BaseXdb/basex/commit/eb44279751d7dc00fadea13fc2ce414dd8fd1405,2018-04-25 09:35:20,3,Transparent,T1,T1,False,Medium,6.5,CWE-384,2018-01-08 14:37:56,2018-01-10 16:40:53,2018-03-20 07:18:24,2018-06-22,106.78986111111111,104.70447916666667,36.09509259259259,-57.600462962962965,Release->Disclosure,2018,56,0,6682.0,95.0,1585.0
CVE-2018-12538,org.eclipse.jetty:jetty-server,com.spotify:bigtable-autoscaler,spotify/bigtable-autoscaler,https://github.com/spotify/bigtable-autoscaler/commit/f4c5d13d25fc69026315199e032a1560583cb962,2018-11-28 15:49:26,1,Transparent,T1,T1,False,Medium,6.5,CWE-384,2018-01-08 14:37:56,2018-01-10 16:40:53,2018-03-20 07:18:24,2018-06-22,324.0496527777778,321.96427083333333,253.35488425925925,159.6593287037037,After Disclosure,2018,56,0,2637.0,30.0,1585.0
CVE-2018-12538,org.eclipse.jetty:jetty-server,com.sparkjava:spark-core,perwendel/spark,https://github.com/perwendel/spark/commit/e0c4a2f94df3c40bd90cf26fe26b0cbca31b3430,2018-06-27 20:08:24,1,Transparent,T1,T1,False,Medium,6.5,CWE-384,2018-01-08 14:37:56,2018-01-10 16:40:53,2018-03-20 07:18:24,2018-06-22,170.22949074074074,168.1441087962963,99.53472222222223,5.839166666666666,After Disclosure,2018,56,0,5738.0,118.0,1585.0
CVE-2017-7536,org.hibernate:hibernate-validator,org.smallmind:web-jersey,zenbones/SmallMind,https://github.com/zenbones/SmallMind/commit/e0dc2099eae8760b3bdd03606cf889c16e589722,2018-05-01 23:36:51,1,Silent,S1,S1,False,Medium,4.4,CWE-470,,2017-10-19 15:44:27,2017-10-19 15:58:18,2018-01-10,,194.32805555555555,194.3184375,111.98392361111111,After Disclosure,2018,29,0,3357.5,100.0,364.0
CVE-2017-7536,org.hibernate:hibernate-validator,com.erudika:para-core,Erudika/para,https://github.com/Erudika/para/commit/1a0ffb93122c78bd042ef543219e774c3d6374a7,2018-01-23 23:32:16,1,Silent,S1,S1,False,Medium,4.4,CWE-470,,2017-10-19 15:44:27,2017-10-19 15:58:18,2018-01-10,,96.32487268518518,96.31525462962964,13.98074074074074,After Disclosure,2018,29,0,8321.0,85.0,364.0
CVE-2017-7536,org.hibernate:hibernate-validator,de.galan:commons,galan/commons,https://github.com/galan/commons/commit/78ac9c0c3d411b5300aaac6dfe5336b712716991,2021-01-26 08:13:53,1,Silent,S1,S1,False,Medium,4.4,CWE-470,,2017-10-19 15:44:27,2017-10-19 15:58:18,2018-01-10,,1194.6871064814816,1194.677488425926,1112.342974537037,After Disclosure,2018,29,0,3688.5,64.5,364.0
CVE-2017-7536,org.hibernate:hibernate-validator,ca.uhn.hapi.fhir:hapi-fhir-jpaserver-base,hapifhir/hapi-fhir,https://github.com/hapifhir/hapi-fhir/commit/3121334bfdd2d5f4ece70b370891a56e862f9dc5,2018-11-07 23:28:28,2,Silent,S1,S1,False,Medium,4.4,CWE-470,,2017-10-19 15:44:27,2017-10-19 15:58:18,2018-01-10,,384.3222337962963,384.31261574074074,301.9781018518519,After Disclosure,2018,29,0,41511.0,484.0,364.0
CVE-2017-7536,org.hibernate:hibernate-validator,com.tngtech.java:config-builder,TNG/config-builder,https://github.com/TNG/config-builder/commit/559304363ee9b65d4ec5bc781d66357e33b7c43a,2018-06-16 12:20:29,1,Silent,S1,S1,False,Medium,4.4,CWE-470,,2017-10-19 15:44:27,2017-10-19 15:58:18,2018-01-10,,239.85835648148148,239.84873842592592,157.51422453703702,After Disclosure,2018,29,0,1653.5,71.0,364.0
CVE-2018-1324,org.apache.commons:commons-compress,com.fizzed:stork-deploy,fizzed/stork,https://github.com/fizzed/stork/commit/94fb23c6b86736f49445c9c52bd896c8150ebdf4,2021-08-02 16:57:24,2,Silent,S1,S1,False,Medium,4.3,CWE-835,,2017-12-22 19:34:57,2018-02-02 18:34:59,2018-03-16,,1318.8905902777778,1276.9322337962963,1235.7065277777779,After Disclosure,2018,75,0,1674.5,23.0,69.0
CVE-2018-1324,org.apache.commons:commons-compress,com.lithium.flow:flow,lithiumtech/flow,https://github.com/lithiumtech/flow/commit/dfaad6843be0bdc77eb13316f00e07060feaefe2,2018-09-18 04:17:37,2,Silent,S1,S1,False,Medium,4.3,CWE-835,,2017-12-22 19:34:57,2018-02-02 18:34:59,2018-03-16,,269.36296296296297,227.4046064814815,186.17890046296296,After Disclosure,2018,75,0,13227.0,293.5,69.0
CVE-2018-1324,org.apache.commons:commons-compress,org.tallison.lucene:gramreaper,tballison/lucene-addons,https://github.com/tballison/lucene-addons/commit/b51a2fd097a3d0b9cf5a81032239f023644bb512,2019-01-18 12:21:01,1,Silent,S1,S1,False,Medium,4.3,CWE-835,,2017-12-22 19:34:57,2018-02-02 18:34:59,2018-03-16,,391.6986574074074,349.7403009259259,308.5145949074074,After Disclosure,2018,75,0,455330.0,6156.0,69.0
CVE-2018-1324,org.apache.commons:commons-compress,uk.gov.nationalarchives:droid-command-line,digital-preservation/droid,https://github.com/digital-preservation/droid/commit/4ffbc5390b63bcd587c24697d0890effc841ced5,2019-09-02 12:41:02,1,Silent,S1,S1,False,Medium,4.3,CWE-835,,2017-12-22 19:34:57,2018-02-02 18:34:59,2018-03-16,,618.7125578703703,576.7542013888889,535.5284953703704,After Disclosure,2018,75,0,4024.0,99.0,69.0
CVE-2018-1324,org.apache.commons:commons-compress,org.apache.any23:apache-any23-core,apache/any23,https://github.com/apache/any23/commit/6b76f3466da0916dc7f61b8136133b55e0400ffa,2018-07-02 23:24:38,3,Silent,S1,S1,False,Medium,4.3,CWE-835,,2017-12-22 19:34:57,2018-02-02 18:34:59,2018-03-16,,192.1595023148148,150.20114583333333,108.97543981481482,After Disclosure,2018,75,0,16195.0,266.0,69.0
CVE-2018-1324,org.apache.commons:commons-compress,org.cloudfoundry:cloudfoundry-util,cloudfoundry/cf-java-client,https://github.com/cloudfoundry/cf-java-client/commit/e74edfb9a71d7b56f704d65e8178c16baa233972,2018-02-14 17:18:57,1,Silent,S1,S1,False,Medium,4.3,CWE-835,,2017-12-22 19:34:57,2018-02-02 18:34:59,2018-03-16,,53.90555555555556,11.947199074074074,-29.278506944444445,Release->Disclosure,2018,75,0,1029.5,42.0,69.0
CVE-2018-1324,org.apache.commons:commons-compress,org.rauschig:jarchivelib,thrau/jarchivelib,https://github.com/thrau/jarchivelib/commit/e4ae35e827e6cec651e625396c144cd5f00711df,2018-11-08 21:08:35,2,Silent,S1,S1,False,Medium,4.3,CWE-835,,2017-12-22 19:34:57,2018-02-02 18:34:59,2018-03-16,,321.06502314814816,279.1066666666667,237.88096064814815,After Disclosure,2018,75,0,1312.0,34.0,69.0
CVE-2018-1324,org.apache.commons:commons-compress,org.hyperledger.fabric-sdk-java:fabric-sdk-java,hyperledger/fabric-sdk-java,https://github.com/hyperledger/fabric-sdk-java/commit/7c768d6403a95b28d40ffe8f01bfb5be24a3a442,2018-02-18 20:30:15,1,Silent,S1,S1,False,Medium,4.3,CWE-835,,2017-12-22 19:34:57,2018-02-02 18:34:59,2018-03-16,,58.038402777777776,16.080046296296295,-25.145659722222224,Release->Disclosure,2018,75,0,186463.0,1582.5,69.0
CVE-2018-1324,org.apache.commons:commons-compress,org.dishevelled:dsh-compress,heuermh/dishevelled,https://github.com/heuermh/dishevelled/commit/cba6e147b1518e64fab270cfdd057211d239691a,2018-02-12 18:00:53,1,Silent,S1,S1,False,Medium,4.3,CWE-835,,2017-12-22 19:34:57,2018-02-02 18:34:59,2018-03-16,,51.93467592592592,9.976319444444444,-31.249386574074073,Release->Disclosure,2018,75,0,366.0,19.0,69.0
CVE-2018-1324,org.apache.commons:commons-compress,org.owasp:dependency-check-core,jeremylong/DependencyCheck,https://github.com/jeremylong/DependencyCheck/commit/92b4a74440eb80ca65815e9cbb2361fa7b4fef0e,2018-02-06 11:33:29,1,Silent,S1,S1,False,Medium,4.3,CWE-835,,2017-12-22 19:34:57,2018-02-02 18:34:59,2018-03-16,,45.66564814814815,3.707291666666667,-37.51841435185185,Release->Disclosure,2018,75,0,20066.0,227.5,69.0
CVE-2018-1324,org.apache.commons:commons-compress,org.aksw.jena-sparql-api:jena-sparql-api-core,AKSW/jena-sparql-api,https://github.com/AKSW/jena-sparql-api/commit/1aac2df92e1cb1b5dad6ce467ffe93244717c833,2019-05-02 17:36:11,1,Silent,S1,S1,False,Medium,4.3,CWE-835,,2017-12-22 19:34:57,2018-02-02 18:34:59,2018-03-16,,495.9175231481481,453.95916666666665,412.73346064814814,After Disclosure,2018,75,0,14861.0,373.0,69.0
CVE-2018-1324,org.apache.commons:commons-compress,com.qwazr:qwazr-library-archiver,qwazr/library-modules,https://github.com/qwazr/library-modules/commit/822bf1ca05ffae3436cf377ab9bcc2f01cca4a65,2018-02-21 14:01:08,1,Silent,S1,S1,False,Medium,4.3,CWE-835,,2017-12-22 19:34:57,2018-02-02 18:34:59,2018-03-16,,60.76818287037037,18.80982638888889,-22.41587962962963,Release->Disclosure,2018,75,0,285.0,2.0,69.0
CVE-2018-1324,org.apache.commons:commons-compress,com.wix:wix-embedded-mysql,wix/wix-embedded-mysql,https://github.com/wix/wix-embedded-mysql/commit/3f5224396ffc4806d8901e2565a7f2ea2ec3b054,2019-09-02 20:26:53,1,Silent,S1,S1,False,Medium,4.3,CWE-835,,2017-12-22 19:34:57,2018-02-02 18:34:59,2018-03-16,,619.0360648148148,577.0777083333334,535.8520023148149,After Disclosure,2018,75,0,2302.0,74.0,69.0
CVE-2018-1324,org.apache.commons:commons-compress,com.igormaznitsa:mvn-golang-wrapper,raydac/mvn-golang,https://github.com/raydac/mvn-golang/commit/fedd2b9c456b8055f3b1216af978245561c41636,2018-03-30 20:38:40,1,Silent,S1,S1,False,Medium,4.3,CWE-835,,2017-12-22 19:34:57,2018-02-02 18:34:59,2018-03-16,,98.04424768518518,56.0858912037037,14.860185185185186,After Disclosure,2018,75,0,3101.0,35.0,69.0
CVE-2018-1324,org.apache.commons:commons-compress,com.powsybl:powsybl-commons,powsybl/powsybl-core,https://github.com/powsybl/powsybl-core/commit/5128fcf80451656b412e2ef979b23c9582493397,2018-08-13 19:15:40,1,Silent,S1,S1,False,Medium,4.3,CWE-835,,2017-12-22 19:34:57,2018-02-02 18:34:59,2018-03-16,,233.9866087962963,192.0282523148148,150.8025462962963,After Disclosure,2018,75,0,4171.5,109.0,69.0
CVE-2018-1324,org.apache.commons:commons-compress,org.opensextant:opensextant-xponents-basics,OpenSextant/Xponents,https://github.com/OpenSextant/Xponents/commit/c1d6c88df289e4421c723d9e3c378af9c267b0d3,2018-05-17 10:56:08,1,Silent,S1,S1,False,Medium,4.3,CWE-835,,2017-12-22 19:34:57,2018-02-02 18:34:59,2018-03-16,,145.63971064814814,103.68135416666667,62.45564814814815,After Disclosure,2018,75,0,3568.0,29.0,69.0
CVE-2018-1324,org.apache.commons:commons-compress,org.appng:appng-core,appNG/appng,https://github.com/appNG/appng/commit/d0e4e23a465e594994f1df2ad4203ca65892e8a4,2019-01-03 14:07:17,1,Silent,S1,S1,False,Medium,4.3,CWE-835,,2017-12-22 19:34:57,2018-02-02 18:34:59,2018-03-16,,376.7724537037037,334.81409722222224,293.5883912037037,After Disclosure,2018,75,0,19802.0,231.0,69.0
CVE-2018-1324,org.apache.commons:commons-compress,io.github.zlika:reproducible-build-maven-plugin,Zlika/reproducible-build-maven-plugin,https://github.com/Zlika/reproducible-build-maven-plugin/commit/cbffd93b0fd5022a9fa37b69853d79bd2564c4f4,2018-02-16 12:35:01,1,Silent,S1,S1,False,Medium,4.3,CWE-835,,2017-12-22 19:34:57,2018-02-02 18:34:59,2018-03-16,,55.70837962962963,13.750023148148149,-27.47568287037037,Release->Disclosure,2018,75,0,1128.0,21.0,69.0
CVE-2020-11050,org.java-websocket:Java-WebSocket,org.graphwalker:graphwalker-websocket,GraphWalker/graphwalker-project,https://github.com/GraphWalker/graphwalker-project/commit/3a6a26d116efeb7b37e16145508c9a8056bfd2d8,2020-06-23 11:32:35,1,Silent,S2,S2,False,Medium,6.8,CWE-295,,2020-04-13 17:39:26,2020-05-07 05:27:52,2020-05-07,,70.74524305555556,47.25327546296296,47.48096064814815,After Release,2020,41,0,378.0,3.0,6306.0
CVE-2020-11050,org.java-websocket:Java-WebSocket,org.aktin:broker-client-websocket,aktin/broker,https://github.com/aktin/broker/commit/20d666ac0b55ec50b74e54821d0408c8fa4f1955,2020-11-05 23:45:04,1,Silent,S2,S2,False,Medium,6.8,CWE-295,,2020-04-13 17:39:26,2020-05-07 05:27:52,2020-05-07,,206.25391203703703,182.76194444444445,182.98962962962963,After Release,2020,41,0,38.0,1.0,6306.0
CVE-2020-11050,org.java-websocket:Java-WebSocket,org.noear:solon.boot.websocket,noear/solon,https://github.com/noear/solon/commit/00020c3d6c92190eead3d6e0ffb9599ee24c8b40,2020-06-17 04:50:34,1,Silent,S2,S2,False,Medium,6.8,CWE-295,,2020-04-13 17:39:26,2020-05-07 05:27:52,2020-05-07,,64.46606481481481,40.97409722222222,41.20178240740741,After Release,2020,41,0,5109.0,66.0,6306.0
CVE-2020-11050,org.java-websocket:Java-WebSocket,io.playn:playn-robovm,playn/playn,https://github.com/playn/playn/commit/296a68f8290f7bdcbc563b66297ab2a976782f0b,2020-05-08 18:55:21,1,Silent,S2,S2,False,Medium,6.8,CWE-295,,2020-04-13 17:39:26,2020-05-07 05:27:52,2020-05-07,,25.052719907407408,1.5607523148148148,1.7884375,After Release,2020,41,0,3853.0,55.0,6306.0
CVE-2020-11050,org.java-websocket:Java-WebSocket,com.peersafe:chainsql,chainsql/java-chainsql-api,https://github.com/chainsql/java-chainsql-api/commit/c07bb8775f41ddeb1cff7fcbcfe52f82b9fa4ec9,2020-07-02 06:50:47,1,Silent,S2,S2,False,Medium,6.8,CWE-295,,2020-04-13 17:39:26,2020-05-07 05:27:52,2020-05-07,,79.5495486111111,56.05758101851852,56.285266203703706,After Release,2020,41,0,16117.0,389.0,6306.0
CVE-2020-11989,org.apache.shiro:shiro-web,com.github.waffle:waffle-shiro,Waffle/waffle,https://github.com/Waffle/waffle/commit/eec1be4e277db46fc9429f23f776a082b3ed4179,2020-05-04 05:49:51,1,Transparent,T1,T1,False,High,7.5,,2020-04-07 09:41:00,2020-04-07 15:56:56,2020-04-26 20:42:18,2020-06-22,26.839479166666667,26.57841435185185,7.380243055555556,-48.75704861111111,Release->Disclosure,2020,51,0,618.0,12.0,2696.0
CVE-2020-11989,org.apache.shiro:shiro-web,com.flowlogix:flowlogix-tapestry-gwt,flowlogix/flowlogix,https://github.com/flowlogix/flowlogix/commit/042dd1ebfe740813262787e7e8eb0851d2d680c4,2020-09-23 18:43:49,3,Transparent,T1,T1,False,High,7.5,,2020-04-07 09:41:00,2020-04-07 15:56:56,2020-04-26 20:42:18,2020-06-22,169.3769560185185,169.1158912037037,149.91771990740742,93.78042824074075,After Disclosure,2020,51,0,270.0,7.0,2696.0
CVE-2020-11989,org.apache.shiro:shiro-web,com.lambkit:lambkit,gismaker/lambkit,https://github.com/gismaker/lambkit/commit/8df320055d00082e3db99eec03fc51b73eb5ab7e,2022-01-19 01:04:24,2,Transparent,T1,T1,False,High,7.5,,2020-04-07 09:41:00,2020-04-07 15:56:56,2020-04-26 20:42:18,2020-06-22,651.64125,651.3801851851852,632.1820138888888,576.0447222222223,After Disclosure,2020,51,0,79709.0,873.0,2696.0
CVE-2020-11989,org.apache.shiro:shiro-web,net.cofcool.chaos:chaos-server-security-shiro,cofcool/chaos-server,https://github.com/cofcool/chaos-server/commit/a4116596c37939535dd3bf5b60e3352fab4d6b09,2020-07-30 07:32:31,1,Transparent,T1,T1,False,High,7.5,,2020-04-07 09:41:00,2020-04-07 15:56:56,2020-04-26 20:42:18,2020-06-22,113.91077546296296,113.64971064814814,94.45153935185185,38.31424768518519,After Disclosure,2020,51,0,615.0,12.0,2696.0
CVE-2020-11989,org.apache.shiro:shiro-web,com.github.mizool:mizool,mizool/mizool,https://github.com/mizool/mizool/commit/41edf769f64c8e14d1e071d6fc8e9c03d065c787,2021-04-26 11:41:42,2,Transparent,T1,T1,False,High,7.5,,2020-04-07 09:41:00,2020-04-07 15:56:56,2020-04-26 20:42:18,2020-06-22,384.08381944444443,383.8227546296296,364.6245833333333,308.4872916666667,After Disclosure,2020,51,0,2247.0,81.0,2696.0
CVE-2020-11989,org.apache.shiro:shiro-web,io.jboot:jboot,yangfuhai/jboot,https://github.com/yangfuhai/jboot/commit/ad4fb812ff51318f5ab1bd927434c5f871a48b9d,2021-03-04 13:01:08,3,Transparent,T1,T1,False,High,7.5,,2020-04-07 09:41:00,2020-04-07 15:56:56,2020-04-26 20:42:18,2020-06-22,331.1389814814815,330.8779166666667,311.67974537037037,255.5424537037037,After Disclosure,2020,51,0,38902.0,651.0,2696.0
CVE-2020-11989,org.apache.shiro:shiro-web,com.ruijc:spring-boot-starter-shiro,storezhang/utils,https://github.com/storezhang/utils/commit/6df231d8e639b45c4ff11585a2f0d9c704d068a8,2021-09-20 20:29:33,2,Transparent,T1,T1,False,High,7.5,,2020-04-07 09:41:00,2020-04-07 15:56:56,2020-04-26 20:42:18,2020-06-22,531.4503819444444,531.1893171296297,511.99114583333335,455.8538541666667,After Disclosure,2020,51,0,1108.0,18.0,2696.0
CVE-2020-11989,org.apache.shiro:shiro-web,io.buji:buji-pac4j,bujiio/buji-pac4j,https://github.com/bujiio/buji-pac4j/commit/867688e712ac0a2c865b14c8a45717897ebaa2d4,2020-05-04 06:18:34,1,Transparent,T1,T1,False,High,7.5,,2020-04-07 09:41:00,2020-04-07 15:56:56,2020-04-26 20:42:18,2020-06-22,26.859421296296297,26.59835648148148,7.400185185185185,-48.73710648148148,Release->Disclosure,2020,51,0,423.0,9.0,2696.0
CVE-2016-1181,struts:struts,net.anotheria:moskito-web,anotheria/moskito,https://github.com/anotheria/moskito/commit/f9eddfe017fc658e772ff133814ef96b38668994,2020-12-03 14:37:43,3,Silent,S1,T4,True,Medium,6.8,,,2016-06-08 11:38:30,2016-06-08 11:38:30,2016-07-04,,1639.1244560185185,1639.1244560185185,1613.609525462963,After Disclosure,2016,31,0,1166.0,16.0,6.0
CVE-2016-1181,struts:struts,com.github.hazendaz:displaytag,hazendaz/displaytag,https://github.com/hazendaz/displaytag/commit/29837d22e6ca55041244ee8c9e95f629e8884d90,2017-11-26 02:09:02,3,Silent,S1,T4,True,Medium,6.8,,,2016-06-08 11:38:30,2016-06-08 11:38:30,2016-07-04,,535.6045370370371,535.6045370370371,510.0896064814815,After Disclosure,2016,31,0,10331.0,128.0,6.0
CVE-2018-1320,org.apache.thrift:libthrift,io.trino.hive:hive-apache,trinodb/trino-hive-apache,https://github.com/trinodb/trino-hive-apache/commit/0bba352a01c26b6569f4e23e956a10421748e0ac,2019-01-25 08:00:26,1,Silent,S1,S1,False,Medium,5.0,CWE-295,,2018-03-05 12:00:22,2018-12-18 20:24:34,2019-01-07,,325.83337962962963,37.48324074074074,18.33363425925926,After Disclosure,2019,139,0,1289165.0,21268.0,4095.0
CVE-2018-1320,org.apache.thrift:libthrift,com.facebook.presto.hive:hive-apache,prestodb/presto-hive-apache,https://github.com/prestodb/presto-hive-apache/commit/9af0cef7a7c1cfbf2bac46f14289b12b1f2b3ce5,2019-08-29 23:06:07,1,Silent,S1,S1,False,Medium,5.0,CWE-295,,2018-03-05 12:00:22,2018-12-18 20:24:34,2019-01-07,,542.4623263888889,254.1121875,234.9625810185185,After Disclosure,2019,139,0,1249497.0,32279.0,4095.0
CVE-2018-1320,org.apache.thrift:libthrift,org.alluxio:alluxio-core-server-master,alluxio/alluxio,https://github.com/alluxio/alluxio/commit/8cc5a292f4c6e38ed0066ce5bd700cc946dc3803,2019-01-20 06:05:19,1,Silent,S1,S1,False,Medium,5.0,CWE-295,,2018-03-05 12:00:22,2018-12-18 20:24:34,2019-01-07,,320.7534375,32.40329861111111,13.253692129629629,After Disclosure,2019,139,0,12791.0,236.0,4095.0
CVE-2018-1320,org.apache.thrift:libthrift,org.apache.parquet:parquet-cascading,apache/parquet-mr,https://github.com/apache/parquet-mr/commit/9d1006f853c99387834b10fc37e2c3548b2034d9,2019-01-30 09:23:38,1,Silent,S1,S1,False,Medium,5.0,CWE-295,,2018-03-05 12:00:22,2018-12-18 20:24:34,2019-01-07,,330.89115740740743,42.54101851851852,23.391412037037036,After Disclosure,2019,139,0,593.0,11.0,4095.0
CVE-2018-1320,org.apache.thrift:libthrift,org.apache.airavata:airavata-gfac-client,apache/airavata,https://github.com/apache/airavata/commit/d172f91977fcc031470059eae52a146e7dbf05b6,2018-12-06 02:28:10,1,Silent,S1,S1,False,Medium,5.0,CWE-295,,2018-03-05 12:00:22,2018-12-18 20:24:34,2019-01-07,,275.60263888888886,-12.7475,-31.897106481481483,Fix->Release,2019,139,0,2716.0,61.0,4095.0
CVE-2018-1320,org.apache.thrift:libthrift,io.prestosql.hive:hive-apache,prestosql/presto-hive-apache,https://github.com/prestosql/presto-hive-apache/commit/0bba352a01c26b6569f4e23e956a10421748e0ac,2019-01-25 08:00:26,1,Silent,S1,S1,False,Medium,5.0,CWE-295,,2018-03-05 12:00:22,2018-12-18 20:24:34,2019-01-07,,325.83337962962963,37.48324074074074,18.33363425925926,After Disclosure,2019,139,0,1244391.0,20206.0,4095.0
CVE-2018-1320,org.apache.thrift:libthrift,com.github.ddth:ddth-commons-core,DDTH/ddth-commons,https://github.com/DDTH/ddth-commons/commit/d737a9c33b79b12ddbac101ddd62c623cd689b95,2019-03-13 09:21:58,1,Silent,S1,S1,False,Medium,5.0,CWE-295,,2018-03-05 12:00:22,2018-12-18 20:24:34,2019-01-07,,372.89,84.53986111111111,65.39025462962962,After Disclosure,2019,139,0,2543.5,36.0,4095.0
CVE-2018-1320,org.apache.thrift:libthrift,io.druid.extensions.contrib:druid-thrift-extensions,druid-io/druid,https://github.com/druid-io/druid/commit/af74acaa8509cb86763843cd214af862bdcd3bbc,2019-12-05 22:34:35,1,Silent,S1,S1,False,Medium,5.0,CWE-295,,2018-03-05 12:00:22,2018-12-18 20:24:34,2019-01-07,,640.4404282407407,352.0902893518519,332.9406828703704,After Disclosure,2019,139,0,193.0,7.0,4095.0
CVE-2018-1320,org.apache.thrift:libthrift,io.arenadata.hive:hive-jdbc,arenadata/hive,https://github.com/arenadata/hive/commit/1945e2f67e5b09cdda40146b87e1ba492f897196,2020-09-02 01:15:44,1,Silent,S1,S1,False,Medium,5.0,CWE-295,,2018-03-05 12:00:22,2018-12-18 20:24:34,2019-01-07,,911.552337962963,623.2021990740741,604.0525925925926,After Disclosure,2019,139,0,6714.0,40.0,4095.0
CVE-2018-1320,org.apache.thrift:libthrift,com.ikasoa:ikasoa-core,venwyhk/ikasoa,https://github.com/venwyhk/ikasoa/commit/47202d823613de9f53de58a2b2d5c508f41ffb43,2019-02-08 20:49:45,1,Silent,S1,S1,False,Medium,5.0,CWE-295,,2018-03-05 12:00:22,2018-12-18 20:24:34,2019-01-07,,340.3676273148148,52.017488425925926,32.86788194444444,After Disclosure,2019,139,0,2677.0,71.5,4095.0
CVE-2015-1427,org.elasticsearch:elasticsearch,org.codelibs:elasticsearch-sstmpl,codelibs/elasticsearch-sstmpl,https://github.com/codelibs/elasticsearch-sstmpl/commit/5091d569783d67ac47ed0c66ef832969e4cdc1ec,2015-03-02 02:22:22,1,Silent,S2,S2,False,High,7.5,CWE-284,,2015-02-11 13:21:43,2015-08-24 10:30:20,2015-02-17,,18.542118055555555,-175.33886574074074,13.098865740740742,Disclosure->Release,2015,44,0,285.0,9.0,8581.0
CVE-2015-1427,org.elasticsearch:elasticsearch,org.vertexium:vertexium-elasticsearch-base,v5analytics/vertexium,https://github.com/v5analytics/vertexium/commit/7fb3443747a01d6156e9e64a91346ed5232197fa,2015-07-20 16:02:29,1,Silent,S2,S2,False,High,7.5,CWE-284,,2015-02-11 13:21:43,2015-08-24 10:30:20,2015-02-17,,159.11164351851852,-34.76934027777778,153.6683912037037,Disclosure->Release,2015,44,0,1539.0,17.0,8581.0
CVE-2015-1427,org.elasticsearch:elasticsearch,com.github.richardwilly98.elasticsearch:elasticsearch-river-mongodb,richardwilly98/elasticsearch-river-mongodb,https://github.com/richardwilly98/elasticsearch-river-mongodb/commit/b64b94bab693cb9441671c21d5125793a33f4236,2015-08-13 15:51:29,1,Silent,S2,S2,False,High,7.5,CWE-284,,2015-02-11 13:21:43,2015-08-24 10:30:20,2015-02-17,,183.10400462962963,-10.776979166666667,177.66075231481483,Disclosure->Release,2015,44,0,3820.5,28.5,8581.0
CVE-2015-1427,org.elasticsearch:elasticsearch,org.easybatch:easybatch-tutorials,benas/easy-batch,https://github.com/benas/easy-batch/commit/a636313f55a8819a8a10c599c70b510e830b75bc,2015-03-28 14:16:27,1,Silent,S2,S2,False,High,7.5,CWE-284,,2015-02-11 13:21:43,2015-08-24 10:30:20,2015-02-17,,45.03800925925926,-148.84297453703704,39.59475694444444,Disclosure->Release,2015,44,0,1532.0,60.0,8581.0
CVE-2015-1427,org.elasticsearch:elasticsearch,org.codelibs:elasticsearch-dynarank,codelibs/elasticsearch-dynarank,https://github.com/codelibs/elasticsearch-dynarank/commit/44603983c6e187cc873c16065a60e00a56a3f18e,2015-03-02 01:58:42,1,Silent,S2,S2,False,High,7.5,CWE-284,,2015-02-11 13:21:43,2015-08-24 10:30:20,2015-02-17,,18.52568287037037,-175.35530092592592,13.082430555555556,Disclosure->Release,2015,44,0,71403.0,1717.0,8581.0
CVE-2015-1427,org.elasticsearch:elasticsearch,com.yakaz.elasticsearch.plugins:elasticsearch-action-updatebyquery,yakaz/elasticsearch-action-updatebyquery,https://github.com/yakaz/elasticsearch-action-updatebyquery/commit/eeab345cbc2ccf5c600808b258d4c7c73df98a0b,2015-04-02 15:06:18,1,Silent,S2,S2,False,High,7.5,CWE-284,,2015-02-11 13:21:43,2015-08-24 10:30:20,2015-02-17,,50.07262731481482,-143.80835648148147,44.629375,Disclosure->Release,2015,44,0,1943.5,38.0,8581.0
CVE-2015-1427,org.elasticsearch:elasticsearch,org.carrot2:elasticsearch-carrot2,carrot2/elasticsearch-carrot2,https://github.com/carrot2/elasticsearch-carrot2/commit/be73474318a5492e3726ba5077976b2d09bbfa2b,2015-04-10 08:22:25,1,Silent,S2,S2,False,High,7.5,CWE-284,,2015-02-11 13:21:43,2015-08-24 10:30:20,2015-02-17,,57.79215277777778,-136.0888310185185,52.348900462962966,Disclosure->Release,2015,44,0,1700.0,36.0,8581.0
CVE-2015-1427,org.elasticsearch:elasticsearch,org.codelibs:elasticsearch-taste,codelibs/elasticsearch-taste,https://github.com/codelibs/elasticsearch-taste/commit/fbcc920b8e65aa5371f873a4f8edd20e2384d9b1,2015-04-23 04:41:39,1,Silent,S2,S2,False,High,7.5,CWE-284,,2015-02-11 13:21:43,2015-08-24 10:30:20,2015-02-17,,70.6388425925926,-123.24214120370371,65.19559027777778,Disclosure->Release,2015,44,0,15045.0,286.0,8581.0
CVE-2015-1427,org.elasticsearch:elasticsearch,at.molindo:esi4j,molindo/esi4j,https://github.com/molindo/esi4j/commit/aed5d84c356d8e99cc8a836043cb0352bb4080dc,2015-02-20 16:28:16,1,Silent,S2,S2,False,High,7.5,CWE-284,,2015-02-11 13:21:43,2015-08-24 10:30:20,2015-02-17,,9.129548611111112,-184.7514351851852,3.6862962962962964,Disclosure->Release,2015,44,0,5825.0,187.0,8581.0
CVE-2015-1427,org.elasticsearch:elasticsearch,org.codelibs:elasticsearch-lang-velocity,codelibs/elasticsearch-lang-velocity,https://github.com/codelibs/elasticsearch-lang-velocity/commit/17d1de9336ddafa184e9603e83df3388623f58e1,2015-03-02 02:28:15,1,Silent,S2,S2,False,High,7.5,CWE-284,,2015-02-11 13:21:43,2015-08-24 10:30:20,2015-02-17,,18.546203703703704,-175.33478009259258,13.102951388888888,Disclosure->Release,2015,44,0,301.0,4.0,8581.0
CVE-2015-1427,org.elasticsearch:elasticsearch,com.github.alexcojocaru:elasticsearch-maven-plugin,alexcojocaru/elasticsearch-maven-plugin,https://github.com/alexcojocaru/elasticsearch-maven-plugin/commit/093da4977521b90980d230967f9700a8d11c7eb4,2015-06-23 18:09:46,1,Silent,S2,S2,False,High,7.5,CWE-284,,2015-02-11 13:21:43,2015-08-24 10:30:20,2015-02-17,,132.20003472222223,-61.68094907407407,126.75678240740741,Disclosure->Release,2015,44,0,580.0,12.0,8581.0
CVE-2015-1427,org.elasticsearch:elasticsearch,org.codelibs:elasticsearch-cluster-runner,codelibs/elasticsearch-cluster-runner,https://github.com/codelibs/elasticsearch-cluster-runner/commit/3be0f64859e06ae35d71f78b439ae03f895b8229,2015-02-26 08:43:15,1,Silent,S2,S2,False,High,7.5,CWE-284,,2015-02-11 13:21:43,2015-08-24 10:30:20,2015-02-17,,14.80662037037037,-179.07436342592592,9.363368055555556,Disclosure->Release,2015,44,0,1395.0,37.0,8581.0
CVE-2015-1427,org.elasticsearch:elasticsearch,org.dspace:dspace-api,DSpace/DSpace,https://github.com/DSpace/DSpace/commit/8fb788dcc509bdda99249bc3651d1359c1013a88,2018-01-02 18:23:31,1,Silent,S2,S2,False,High,7.5,CWE-284,,2015-02-11 13:21:43,2015-08-24 10:30:20,2015-02-17,,1056.2095833333333,862.328599537037,1050.7663310185185,After Release,2015,44,0,96065.0,1092.0,8581.0
CVE-2021-39139,com.thoughtworks.xstream:xstream,de.alpharogroup:email-tails,lightblueseas/email-tails,https://github.com/lightblueseas/email-tails/commit/997627a510bf8c40e6f2e0f799827ba5c7180a44,2022-02-28 14:46:26,14,Silent,S1,S1,False,Medium,6.5,CWE-502;CWE-434,,2021-05-26 19:43:09,2021-08-22 13:57:44,2021-08-23,,277.79394675925926,190.03381944444445,189.6155787037037,After Disclosure,2021,179,0,1002.0,12.0,566.0
CVE-2021-39139,com.thoughtworks.xstream:xstream,com.thankjava.toolkit3d:fast-toolkit3d,lazy-koala/java-toolkit,https://github.com/lazy-koala/java-toolkit/commit/614102adc1ddeb4146640c17cb4dce1b1a07d7dc,2022-02-01 00:57:29,9,Silent,S1,S1,False,Medium,6.5,CWE-502;CWE-434,,2021-05-26 19:43:09,2021-08-22 13:57:44,2021-08-23,,250.21828703703704,162.45815972222223,162.0399189814815,After Disclosure,2021,179,0,3457.0,53.0,566.0
CVE-2021-39139,com.thoughtworks.xstream:xstream,org.patterntesting:patterntesting-rt,oboehm/PatternTesting2,https://github.com/oboehm/PatternTesting2/commit/6c3890ddd5f37c91b71dd825b6a24c3b045a2e31,2022-01-08 20:39:29,3,Silent,S1,S1,False,Medium,6.5,CWE-502;CWE-434,,2021-05-26 19:43:09,2021-08-22 13:57:44,2021-08-23,,227.03912037037037,139.27899305555556,138.86075231481482,After Disclosure,2021,179,0,11982.0,199.0,566.0
CVE-2021-39139,com.thoughtworks.xstream:xstream,org.springframework.batch:spring-batch-core,spring-projects/spring-batch,https://github.com/spring-projects/spring-batch/commit/8400b1620528576845fdf42bdc363e10b82d173a,2021-08-25 16:54:36,9,Silent,S1,S1,False,Medium,6.5,CWE-502;CWE-434,,2021-05-26 19:43:09,2021-08-22 13:57:44,2021-08-23,,90.88295138888888,3.122824074074074,2.7045833333333333,After Disclosure,2021,179,0,24644.0,482.0,566.0
CVE-2021-39139,com.thoughtworks.xstream:xstream,ro.pippo:pippo-xstream,pippo-java/pippo,https://github.com/pippo-java/pippo/commit/8330892700e3911192f1e17a11100ec3ec58ef84,2021-11-02 09:00:16,9,Silent,S1,S1,False,Medium,6.5,CWE-502;CWE-434,,2021-05-26 19:43:09,2021-08-22 13:57:44,2021-08-23,,159.55355324074074,71.79342592592593,71.37518518518519,After Disclosure,2021,179,0,47.0,2.0,566.0
CVE-2021-39139,com.thoughtworks.xstream:xstream,com.github.spotbugs:sonar-findbugs-plugin,spotbugs/sonar-findbugs,https://github.com/spotbugs/sonar-findbugs/commit/d4b81e4456be033422c6b1502ef6f8bd5fa1a8c5,2021-08-25 23:07:08,9,Silent,S1,S1,False,Medium,6.5,CWE-502;CWE-434,,2021-05-26 19:43:09,2021-08-22 13:57:44,2021-08-23,,91.14165509259259,3.381527777777778,2.963287037037037,After Disclosure,2021,179,0,13133.0,191.0,566.0
CVE-2021-39139,com.thoughtworks.xstream:xstream,net.ripe.rpki:rpki-commons,RIPE-NCC/rpki-commons,https://github.com/RIPE-NCC/rpki-commons/commit/cb41248bb0e21780857596da401b9a891c6ee1b7,2021-08-26 11:52:31,9,Silent,S1,S1,False,Medium,6.5,CWE-502;CWE-434,,2021-05-26 19:43:09,2021-08-22 13:57:44,2021-08-23,,91.6731712962963,3.9130439814814815,3.494803240740741,After Disclosure,2021,179,0,11426.0,225.0,566.0
CVE-2021-39139,com.thoughtworks.xstream:xstream,org.ikasan:ikasan-builder,ikasanEIP/ikasan,https://github.com/ikasanEIP/ikasan/commit/61a7c97cafa108f1b62ae732aab3b5136d076901,2021-09-06 19:17:59,9,Silent,S1,S1,False,Medium,6.5,CWE-502;CWE-434,,2021-05-26 19:43:09,2021-08-22 13:57:44,2021-08-23,,102.98252314814815,15.222395833333334,14.804155092592593,After Disclosure,2021,179,0,6070.0,86.0,566.0
CVE-2021-39139,com.thoughtworks.xstream:xstream,org.infinispan:infinispan-server-core,infinispan/infinispan,https://github.com/infinispan/infinispan/commit/d617eec6dfe533cea066961a5afb2340131556d3,2021-08-25 17:49:50,9,Silent,S1,S1,False,Medium,6.5,CWE-502;CWE-434,,2021-05-26 19:43:09,2021-08-22 13:57:44,2021-08-23,,90.92130787037037,3.1611805555555557,2.742939814814815,After Disclosure,2021,179,0,4452.0,97.0,566.0
CVE-2021-39139,com.thoughtworks.xstream:xstream,com.sangupta:jerry-core,sangupta/jerry-core,https://github.com/sangupta/jerry-core/commit/380b8ce5df0ffb3edf334d129d58deb200802fee,2021-08-25 15:34:34,10,Silent,S1,S1,False,Medium,6.5,CWE-502;CWE-434,,2021-05-26 19:43:09,2021-08-22 13:57:44,2021-08-23,,90.82737268518518,3.06724537037037,2.6490046296296295,After Disclosure,2021,179,0,9933.0,108.0,566.0
CVE-2021-39139,com.thoughtworks.xstream:xstream,org.wicketstuff:wicketstuff-dashboard-core,wicketstuff/core,https://github.com/wicketstuff/core/commit/3fbd67082cf0ef7ec0114def59d07d496ded3a56,2021-08-25 15:46:01,9,Silent,S1,S1,False,Medium,6.5,CWE-502;CWE-434,,2021-05-26 19:43:09,2021-08-22 13:57:44,2021-08-23,,90.83532407407408,3.075196759259259,2.6569560185185184,After Disclosure,2021,179,0,1584.0,55.0,566.0
CVE-2021-39139,com.thoughtworks.xstream:xstream,com.swiftmq:swiftmq-client,iitsoftware/swiftmq-client,https://github.com/iitsoftware/swiftmq-client/commit/9506bd2e6e1163342b52f8c5c99fb9b13c8d90fc,2021-08-25 15:41:07,9,Silent,S1,S1,False,Medium,6.5,CWE-502;CWE-434,,2021-05-26 19:43:09,2021-08-22 13:57:44,2021-08-23,,90.8319212962963,3.0717939814814814,2.6535532407407407,After Disclosure,2021,179,0,149380.0,1984.0,566.0
CVE-2021-39139,com.thoughtworks.xstream:xstream,no.mnemonic.messaging:requestsink-jms,mnemonic-no/messaging,https://github.com/mnemonic-no/messaging/commit/d8886c882334c967157a32be125fb0dc9b67f2d2,2021-09-09 08:47:56,9,Silent,S1,S1,False,Medium,6.5,CWE-502;CWE-434,,2021-05-26 19:43:09,2021-08-22 13:57:44,2021-08-23,,105.54498842592592,17.784861111111113,17.36662037037037,After Disclosure,2021,179,0,2679.0,37.0,566.0
CVE-2021-39139,com.thoughtworks.xstream:xstream,com.xceptance:xlt,Xceptance/XLT,https://github.com/Xceptance/XLT/commit/1b675b0b83f1e66c98d765f92bf2bae4de5a9369,2021-08-31 15:14:53,9,Silent,S1,S1,False,Medium,6.5,CWE-502;CWE-434,,2021-05-26 19:43:09,2021-08-22 13:57:44,2021-08-23,,96.81370370370371,9.053576388888889,8.635335648148148,After Disclosure,2021,179,0,146667.0,2303.0,566.0
CVE-2021-39139,com.thoughtworks.xstream:xstream,com.github.psi-probe:psi-probe-core,psi-probe/psi-probe,https://github.com/psi-probe/psi-probe/commit/cf3dd7317060ef7cb67f57686b0d760bdfa659d5,2021-08-23 07:01:58,9,Silent,S1,S1,False,Medium,6.5,CWE-502;CWE-434,,2021-05-26 19:43:09,2021-08-22 13:57:44,2021-08-23,,88.47140046296296,0.7112731481481481,0.2930324074074074,After Disclosure,2021,179,0,19822.0,302.0,566.0
CVE-2021-39139,com.thoughtworks.xstream:xstream,io.quarkus:quarkus-junit5,quarkusio/quarkus,https://github.com/quarkusio/quarkus/commit/3aa4e47faa4b4df927d75a5379f45aeea3fc3f87,2021-08-23 20:37:45,9,Silent,S1,S1,False,Medium,6.5,CWE-502;CWE-434,,2021-05-26 19:43:09,2021-08-22 13:57:44,2021-08-23,,89.03791666666666,1.277789351851852,0.8595486111111111,After Disclosure,2021,179,0,1063.0,31.0,566.0
CVE-2021-39139,com.thoughtworks.xstream:xstream,org.javalite:javalite-async,javalite/activejdbc,https://github.com/javalite/activejdbc/commit/df9a9dd065faf12a9a6279266dee5857cd4b5c81,2021-08-25 15:54:57,9,Silent,S1,S1,False,Medium,6.5,CWE-502;CWE-434,,2021-05-26 19:43:09,2021-08-22 13:57:44,2021-08-23,,90.84152777777778,3.081400462962963,2.6631597222222223,After Disclosure,2021,179,0,1147.0,13.0,566.0
CVE-2021-39139,com.thoughtworks.xstream:xstream,org.optaplanner:optaplanner-examples,kiegroup/optaplanner,https://github.com/kiegroup/optaplanner/commit/31ec3c3a5aa5a7d05e4f80c0ae6439b1159ea62b,2021-08-31 16:40:48,9,Silent,S1,S1,False,Medium,6.5,CWE-502;CWE-434,,2021-05-26 19:43:09,2021-08-22 13:57:44,2021-08-23,,96.87336805555556,9.113240740740741,8.695,After Disclosure,2021,179,0,43487.0,668.0,566.0
CVE-2021-39139,com.thoughtworks.xstream:xstream,org.smooks:smooks-core,smooks/smooks,https://github.com/smooks/smooks/commit/b1412cfcf80e8bf7ddcc1ec709c256387879e6b6,2021-12-01 12:51:41,9,Silent,S1,S1,False,Medium,6.5,CWE-502;CWE-434,,2021-05-26 19:43:09,2021-08-22 13:57:44,2021-08-23,,188.71425925925925,100.95413194444444,100.5358912037037,After Disclosure,2021,179,0,19961.0,350.0,566.0
CVE-2021-39139,com.thoughtworks.xstream:xstream,org.powertac:common,powertac/powertac-core,https://github.com/powertac/powertac-core/commit/bdad13c6c171376de33fdca091023d69f6930e7d,2021-10-05 17:14:44,9,Silent,S1,S1,False,Medium,6.5,CWE-502;CWE-434,,2021-05-26 19:43:09,2021-08-22 13:57:44,2021-08-23,,131.89693287037036,44.136805555555554,43.71856481481481,After Disclosure,2021,179,0,8040.0,110.0,566.0
