CVE,upstream_GA,downstream_GA,downstream_repo,class,pattern,stage,after_disclosure,delay_fix,delay_release,delay_disclosure,delay_report
CVE-2021-37714,org.jsoup:jsoup,com.github.btheu.estivate:estivate,btheu/estivate,Transparent,T1,After disclosure,1,110.1340625,110.00347222222224,107.65572916666666,110.5545023148148
CVE-2021-37714,org.jsoup:jsoup,com.jcabi:jcabi-http,jcabi/jcabi-http,Transparent,T1,Safe window,0,1.4371643518518518,1.306574074074074,-1.0411689814814815,1.8576041666666667
CVE-2021-37714,org.jsoup:jsoup,in.ashwanthkumar:gocd-java-client,ashwanthkumar/gocd-java-client,Transparent,T1,After disclosure,1,46.4393287037037,46.30873842592592,43.96099537037037,46.85976851851852
CVE-2021-37714,org.jsoup:jsoup,tech.grasshopper:pdfextentreporter,grasshopper7/pdfextentreporter,Transparent,T1,After disclosure,1,197.99994212962963,197.86935185185183,195.5216087962963,198.42038194444444
CVE-2021-37714,org.jsoup:jsoup,de.trustable.ca3s.core:ca-3-s,kuehne-trustable-de/ca3sCore,Transparent,T1,After disclosure,1,8.375590277777778,8.245,5.897256944444444,8.796030092592593
CVE-2021-37714,org.jsoup:jsoup,org.owasp:dependency-check-core,jeremylong/DependencyCheck,Transparent,T1,Safe window,0,0.5282291666666666,0.3976388888888889,-1.9501041666666667,0.9486689814814816
CVE-2021-37714,org.jsoup:jsoup,org.appng:appng-formtags,appNG/appng,Transparent,T1,After disclosure,1,171.12722222222223,170.99663194444443,168.64888888888888,171.54766203703704
CVE-2021-37714,org.jsoup:jsoup,io.sfrei:tracksearch,s-frei/TrackSearch,Transparent,T1,After disclosure,1,64.3687037037037,64.23811342592593,61.89037037037037,64.78914351851851
CVE-2021-37714,org.jsoup:jsoup,com.couchbase.client:kafka-connect-couchbase,couchbase/kafka-connect-couchbase,Transparent,T1,After disclosure,1,29.18667824074074,29.05608796296296,26.708344907407408,29.607118055555556
CVE-2021-37714,org.jsoup:jsoup,com.github.nbbrd.spreadsheet4j:spreadsheet-html,nbbrd/spreadsheet4j,Transparent,T1,Safe window,0,0.6483101851851852,0.5177199074074074,-1.830023148148148,1.06875
CVE-2021-37714,org.jsoup:jsoup,com.github.liaochong:myexcel,liaochong/myexcel,Transparent,T1,After disclosure,1,27.05103009259259,26.920439814814817,24.57269675925926,27.471469907407407
CVE-2021-37714,org.jsoup:jsoup,cn.hiboot.mcn:mcn-boot-autoconfigure,kse-music/mcn-boot-project,Transparent,T1,After disclosure,1,23.70630787037037,23.575717592592593,21.22797453703704,24.126747685185187
CVE-2021-37714,org.jsoup:jsoup,tech.grasshopper:cucumber-pdf-report,grasshopper7/cucumber-pdf-report,Transparent,T1,After disclosure,1,240.3019907407407,240.17140046296296,237.8236574074074,240.72243055555555
CVE-2021-37714,org.jsoup:jsoup,org.apache.nlpcraft:nlpcraft,apache/incubator-nlpcraft,Transparent,T1,After disclosure,1,50.66266203703704,50.53207175925926,48.184328703703706,51.08310185185185
CVE-2021-37714,org.jsoup:jsoup,com.github.nicho92:mkm-api-java,nicho92/mkm-api-java,Transparent,T1,After disclosure,1,8.84,8.709409722222222,6.361666666666666,9.260439814814816
CVE-2021-37714,org.jsoup:jsoup,wiki.thin:thin-wiki,thin-wiki/thin-wiki,Transparent,T1,Safe window,0,0.8591666666666666,0.7285763888888889,-1.6191666666666666,1.2796064814814814
CVE-2021-37714,org.jsoup:jsoup,net.revelc.code.formatter:formatter-maven-plugin,revelc/formatter-maven-plugin,Transparent,T1,After disclosure,1,146.38055555555556,146.2499652777778,143.90222222222224,146.80099537037037
CVE-2021-37714,org.jsoup:jsoup,io.github.georgberky.maven.plugins.depsupdate:dependency-update-maven-plugin,georgberky/dependency-update-maven-plugin,Transparent,T1,After disclosure,1,185.21508101851853,185.08449074074073,182.7367476851852,185.63552083333337
CVE-2021-37714,org.jsoup:jsoup,com.digitalpebble.stormcrawler:storm-crawler-core,DigitalPebble/storm-crawler,Transparent,T1,After disclosure,1,15.944039351851853,15.813449074074072,13.46570601851852,16.364479166666666
CVE-2021-37714,org.jsoup:jsoup,io.github.cheny2151:toolbox,cheny2151/toolbox,Transparent,T1,After disclosure,1,129.68078703703705,129.55019675925925,127.20245370370372,130.10122685185186
CVE-2021-37714,org.jsoup:jsoup,io.github.lijiahangmax:orion-http,lijiahangmax/orion-kit,Transparent,T1,After disclosure,1,273.8966898148148,273.76609953703706,271.41835648148145,274.3171296296296
CVE-2021-37714,org.jsoup:jsoup,ru.sokomishalov.skraper:skrapers,sokomishalov/skraper,Transparent,T1,Safe window,0,0.7583796296296297,0.6277893518518518,-1.7199537037037036,1.1788194444444444
CVE-2021-37714,org.jsoup:jsoup,com.github.loki-afro:metalarchives-api,Loki-Afro/metalarchives,Transparent,T1,After disclosure,1,156.97686342592593,156.84627314814816,154.4985300925926,157.39730324074074
CVE-2021-37714,org.jsoup:jsoup,org.spdx:licenseListPublisher,spdx/LicenseListPublisher,Transparent,T1,After disclosure,1,8.393009259259259,8.262418981481481,5.914675925925926,8.813449074074073
CVE-2021-37714,org.jsoup:jsoup,io.archivesunleashed:aut,archivesunleashed/aut,Transparent,T1,After disclosure,1,9.034375,8.903784722222222,6.556041666666666,9.454814814814815
CVE-2021-37714,org.jsoup:jsoup,us.codecraft:xsoup,code4craft/xsoup,Transparent,T1,After disclosure,1,317.66189814814817,317.53130787037037,315.1835648148148,318.082337962963
CVE-2021-37714,org.jsoup:jsoup,org.zoxweb:zoxweb-core,fidusio/zoxweb-core,Transparent,T1,After disclosure,1,9.8421875,9.711597222222222,7.363854166666667,10.262627314814814
CVE-2021-37714,org.jsoup:jsoup,net.serenity-bdd:serenity-model,serenity-bdd/serenity-core,Transparent,T1,After disclosure,1,105.3429398148148,105.21234953703704,102.86460648148147,105.76337962962964
CVE-2021-37714,org.jsoup:jsoup,de.sonallux.spotify:spotify-web-api-parser,sonallux/spotify-web-api,Transparent,T1,After disclosure,1,8.297060185185185,8.166469907407407,5.818726851851852,8.7175
CVE-2021-37714,org.jsoup:jsoup,io.annot8:annot8-components-documents,annot8/annot8-components,Transparent,T1,After disclosure,1,72.79652777777778,72.6659375,70.31819444444444,73.2169675925926
CVE-2021-37714,org.jsoup:jsoup,com.erudika:para-core,Erudika/para,Transparent,T1,After disclosure,1,8.364942129629629,8.234351851851851,5.886608796296296,8.785381944444444
CVE-2021-37714,org.jsoup:jsoup,com.geccocrawler:gecco,xtuhcy/gecco,Transparent,T1,After disclosure,1,8.349884259259259,8.219293981481481,5.871550925925926,8.770324074074074
CVE-2021-37714,org.jsoup:jsoup,com.github.huanying04.utils:jixiv,Huanying04/jixiv,Transparent,T1,After disclosure,1,10.883506944444443,10.752916666666666,8.405173611111111,11.30394675925926
CVE-2021-37714,org.jsoup:jsoup,org.apache.any23:apache-any23-core,apache/any23,Transparent,T1,After disclosure,1,29.106273148148148,28.97568287037037,26.627939814814816,29.526712962962964
CVE-2021-37714,org.jsoup:jsoup,net.sf.mpxj:mpxj,joniles/mpxj,Transparent,T1,After disclosure,1,5.231805555555556,5.1012152777777775,2.7534722222222223,5.652245370370371
CVE-2021-37714,org.jsoup:jsoup,com.googlecode.ez-vcard:ez-vcard,mangstadt/ez-vcard,Transparent,T1,After disclosure,1,8.35042824074074,8.219837962962963,5.872094907407408,8.770868055555555
CVE-2021-37714,org.jsoup:jsoup,io.yupiik.maven:minisite-core,yupiik/tools-maven-plugin,Transparent,T1,After disclosure,1,8.375243055555556,8.244652777777778,5.896909722222222,8.79568287037037
CVE-2021-37714,org.jsoup:jsoup,org.javalite:activeweb,javalite/activejdbc,Transparent,T1,After disclosure,1,8.36068287037037,8.230092592592593,5.882349537037037,8.781122685185185
CVE-2021-37714,org.jsoup:jsoup,com.github.codemonstur:htmlcompiler,codemonstur/HTMLCompiler,Transparent,T1,After disclosure,1,10.25101851851852,10.120428240740742,7.7726851851851855,10.671458333333334
CVE-2019-3888,io.undertow:undertow-core,com.networknt:rpc-security,networknt/light-hybrid-4j,Transparent,T1,After disclosure,1,77.62202546296297,70.71899305555556,1.9664583333333336,1396.9947685185184
CVE-2019-3888,io.undertow:undertow-core,com.networknt:metrics,networknt/light-4j,Transparent,T1,After disclosure,1,77.62190972222223,70.71887731481482,1.9663425925925928,1396.9946527777777
CVE-2019-3888,io.undertow:undertow-core,com.networknt:jdbc-manager,networknt/light-session-4j,Transparent,T1,After disclosure,1,77.6222337962963,70.71920138888889,1.9666666666666663,1396.9949768518518
CVE-2019-3888,io.undertow:undertow-core,org.actframework:act,actframework/actframework,Transparent,T1,After disclosure,1,457.824375,450.92134259259257,382.1688078703704,1777.1971180555556
CVE-2019-3888,io.undertow:undertow-core,org.restheart:restheart,SoftInstigate/restheart,Transparent,T1,Safe window,0,19.31505787037037,12.412025462962964,-56.34050925925926,1338.687800925926
CVE-2019-3888,io.undertow:undertow-core,io.mangoo:mangooio-core,svenkubiak/mangooio,Transparent,T1,Safe window,0,11.24579861111111,4.342766203703704,-64.40976851851852,1330.6185416666667
CVE-2019-3888,io.undertow:undertow-core,com.networknt:graphql-common,networknt/light-graphql-4j,Transparent,T1,After disclosure,1,77.62199074074074,70.71895833333333,1.966423611111111,1396.9947337962965
CVE-2019-3888,io.undertow:undertow-core,com.networknt:swagger-security,networknt/light-rest-4j,Transparent,T1,After disclosure,1,77.62195601851852,70.71892361111111,1.966388888888889,1396.994699074074
CVE-2019-3888,io.undertow:undertow-core,de.ruedigermoeller:kontraktor-http,RuedigerMoeller/kontraktor,Transparent,T1,After disclosure,1,415.28047453703704,408.3774421296296,339.6249074074074,1734.653217592593
CVE-2018-1339,org.apache.tika:tika-parsers,org.apache.any23:apache-any23-core,apache/any23,Silent,S1,After disclosure,1,77.32445601851852,77.1050925925926,68.97543981481482,
CVE-2018-1339,org.apache.tika:tika-parsers,com.digitalpebble.stormcrawler:storm-crawler-tika,DigitalPebble/storm-crawler,Silent,S1,After disclosure,1,16.73633101851852,16.516967592592593,8.387314814814815,
CVE-2018-1339,org.apache.tika:tika-parsers,org.codelibs.fess:fess-crawler,codelibs/fess-crawler,Silent,S1,After disclosure,1,88.94869212962963,88.7293287037037,80.59967592592592,
CVE-2017-12196,io.undertow:undertow-core,com.networknt:audit,networknt/light-4j,Silent,S1,After disclosure,1,137.6170138888889,137.37252314814816,105.97607638888888,
CVE-2017-12196,io.undertow:undertow-core,com.networknt:graphql-router,networknt/light-graphql-4j,Silent,S1,After disclosure,1,137.6186574074074,137.37416666666667,105.9777199074074,
CVE-2017-12196,io.undertow:undertow-core,io.jboot:jboot,yangfuhai/jboot,Silent,S1,Safe window,0,3.912824074074074,3.6683333333333334,-27.72811342592593,
CVE-2017-12196,io.undertow:undertow-core,io.mangoo:mangooio-core,svenkubiak/mangooio,Silent,S1,Safe window,0,2.9027314814814815,2.658240740740741,-28.73820601851852,
CVE-2017-12196,io.undertow:undertow-core,com.networknt:rpc-security,networknt/light-hybrid-4j,Silent,S1,After disclosure,1,137.61927083333333,137.3747800925926,105.97833333333334,
CVE-2017-12196,io.undertow:undertow-core,com.networknt:swagger-validator,networknt/light-rest-4j,Silent,S1,After disclosure,1,137.6180439814815,137.37355324074073,105.97710648148148,
CVE-2017-12196,io.undertow:undertow-core,org.actframework:act,actframework/actframework,Silent,S1,After disclosure,1,53.53109953703704,53.2866087962963,21.890162037037037,
CVE-2016-1182,struts:struts,net.anotheria:moskito-web,anotheria/moskito,Silent,S1,After disclosure,1,1639.1244560185185,1639.1244560185185,1613.609525462963,
CVE-2016-1182,struts:struts,com.github.hazendaz:displaytag,hazendaz/displaytag,Silent,S1,After disclosure,1,535.6045370370371,535.6045370370371,510.0896064814815,
CVE-2021-22569,com.google.protobuf:protobuf-java,software.amazon.kinesis:amazon-kinesis-client,awslabs/amazon-kinesis-client,Transparent,T1,After disclosure,1,51.51755787037037,51.51755787037037,46.93782407407407,51.311643518518515
CVE-2021-22569,com.google.protobuf:protobuf-java,io.apicurio:apicurio-registry-protobuf-schema-utilities,apicurio/apicurio-registry,Transparent,T1,Safe window,0,1.3200810185185186,1.3200810185185186,-3.2596527777777777,1.1141666666666667
CVE-2021-22569,com.google.protobuf:protobuf-java,no.entur.mapstruct.spi:protobuf-usage,entur/mapstruct-spi-protobuf,Transparent,T1,Safe window,0,0.5737962962962962,0.5737962962962962,-4.0059375,0.3678819444444444
CVE-2021-22569,com.google.protobuf:protobuf-java,org.hyperledger.fabric-sdk-java:fabric-sdk-java,hyperledger/fabric-sdk-java,Transparent,T1,After disclosure,1,11.9690625,11.9690625,7.389328703703704,11.763148148148147
CVE-2021-22569,com.google.protobuf:protobuf-java,io.automatiko.workflow:automatiko-workflow-core,automatiko-io/automatiko-engine,Transparent,T1,After disclosure,1,5.185138888888889,5.185138888888889,0.6054050925925926,4.979224537037037
CVE-2021-22569,com.google.protobuf:protobuf-java,org.projectnessie:nessie-server-store,projectnessie/nessie,Transparent,T1,Safe window,0,0.9352662037037036,0.9352662037037036,-3.644467592592593,0.7293518518518518
CVE-2021-22569,com.google.protobuf:protobuf-java,io.envoyproxy.protoc-gen-validate:pgv-java-stub,envoyproxy/protoc-gen-validate,Transparent,T1,After disclosure,1,56.244490740740744,56.244490740740744,51.66475694444444,56.03857638888889
CVE-2021-22569,com.google.protobuf:protobuf-java,xyz.gianlu.librespot:librespot-lib,librespot-org/librespot-java,Transparent,T1,Safe window,0,0.7972337962962963,0.7972337962962963,-3.7825,0.5913194444444444
CVE-2021-22569,com.google.protobuf:protobuf-java,io.zeebe:zeebe-exporter-protobuf,camunda-community-hub/zeebe-exporter-protobuf,Transparent,T1,Safe window,0,0.9318981481481482,0.9318981481481482,-3.647835648148148,0.7259837962962963
CVE-2021-22569,com.google.protobuf:protobuf-java,io.kubernetes:client-java-proto,kubernetes-client/java,Transparent,T1,Safe window,0,0.6643171296296296,0.6643171296296296,-3.915416666666667,0.4584027777777777
CVE-2021-22569,com.google.protobuf:protobuf-java,org.bboxdb:bboxdb-tools,jnidzwetzki/bboxdb,Transparent,T1,Safe window,0,0.7546064814814815,0.7546064814814815,-3.825127314814815,0.5486921296296297
CVE-2017-3589,mysql:mysql-connector-java,org.jsimpledb:jsimpledb-kv-sql,archiecobbs/jsimpledb,Silent,S1,After disclosure,1,61.736875,52.98248842592593,42.661400462962966,
CVE-2017-3589,mysql:mysql-connector-java,org.duracloud.snapshot:snapshot-common-db,duracloud/snapshot,Silent,S1,After disclosure,1,1349.8122453703704,1341.0578587962964,1330.7367708333334,
CVE-2017-3589,mysql:mysql-connector-java,org.wallride:wallride-bootstrap,tagbangers/wallride,Silent,S1,After disclosure,1,463.1952546296296,454.44086805555554,444.1197800925926,
CVE-2017-3589,mysql:mysql-connector-java,com.thankjava.toolkit3d:fast-toolkit3d,lazy-koala/java-toolkit,Silent,S1,After disclosure,1,124.68597222222222,115.93158564814814,105.61049768518518,
CVE-2017-3589,mysql:mysql-connector-java,com.helger:peppol-smp-server-sql,phax/peppol-smp-server,Silent,S1,After disclosure,1,272.4746064814815,263.7202199074074,253.39913194444443,
CVE-2017-3589,mysql:mysql-connector-java,com.alibaba:druid,alibaba/druid,Silent,S1,After disclosure,1,241.37625,232.6218634259259,222.30077546296295,
CVE-2017-3589,mysql:mysql-connector-java,io.nflow:nflow-tests,NitorCreations/nflow,Silent,S1,After disclosure,1,99.40504629629628,90.65065972222222,80.32957175925925,
CVE-2017-3589,mysql:mysql-connector-java,org.duracloud.db:mill-db-repo,duracloud/duracloud-db,Silent,S1,After disclosure,1,1237.6438310185183,1228.8894444444445,1218.5683564814815,
CVE-2017-3589,mysql:mysql-connector-java,com.impetus.fabric:fabric-jdbc-driver,Impetus/fabric-jdbc-connector,Silent,S1,After disclosure,1,398.5306712962963,389.7762847222222,379.45519675925925,
CVE-2016-5001,org.apache.hadoop:hadoop-hdfs,com.marklogic:marklogic-mapreduce2,marklogic/marklogic-contentpump,Transparent,T1,After disclosure,1,1937.3841898148148,1912.0709027777775,1337.9023032407408,1958.941886574074
CVE-2016-5001,org.apache.hadoop:hadoop-hdfs,org.apache.reef:reef-io,apache/reef,Transparent,T1,Safe window,0,567.1363078703704,541.8230208333333,-32.3455787037037,588.6940046296296
CVE-2016-5001,org.apache.hadoop:hadoop-hdfs,com.qubole.rubix:rubix-hadoop2,qubole/rubix,Transparent,T1,After disclosure,1,1642.9844444444443,1617.6711574074077,1043.5025578703703,1664.5421412037035
CVE-2016-5001,org.apache.hadoop:hadoop-hdfs,com.streamxhub.streamx:streamx-flink-repl,streamxhub/streamx,Transparent,T1,After disclosure,1,1981.0905787037036,1955.7772916666668,1381.6086921296296,2002.648275462963
CVE-2016-1000339,org.bouncycastle:bcprov-jdk15on,no.digipost:digipost-api-client-java,digipost/digipost-api-client-java,Silent,S1,After disclosure,1,1414.047372685185,1361.812210648148,834.458136574074,
CVE-2016-1000339,org.bouncycastle:bcprov-jdk15on,io.baltoro:client-lib,junaidontable/baltoro.lib,Silent,S1,After disclosure,1,1273.7503125,1221.515150462963,694.1610763888889,
CVE-2016-1000339,org.bouncycastle:bcprov-jdk15on,de.taimos:dvalin-jaxrs,taimos/dvalin,Silent,S1,After disclosure,1,1906.1327314814816,1853.8975694444443,1326.5434953703705,
CVE-2016-1000339,org.bouncycastle:bcprov-jdk15on,com.augustcellars.cose:cose-java,cose-wg/cose-java,Silent,S1,After disclosure,1,979.4119560185184,927.1767939814816,399.8227199074074,
CVE-2016-1000339,org.bouncycastle:bcprov-jdk15on,net.anotheria:ano-util,anotheria/ano-util,Silent,S1,After disclosure,1,1746.2345486111112,1693.9993865740742,1166.6453125,
CVE-2016-1000339,org.bouncycastle:bcprov-jdk15on,com.cybersource:cybersource-sdk-java,CyberSource/cybersource-sdk-java,Silent,S1,After disclosure,1,855.1663541666667,802.9311921296296,275.57711805555556,
CVE-2016-1000339,org.bouncycastle:bcprov-jdk15on,no.difi.sdp:sikker-digital-post-klient-java,difi/sikker-digital-post-klient,Silent,S1,After disclosure,1,864.1511689814815,811.9160069444445,284.56193287037036,
CVE-2016-1000339,org.bouncycastle:bcprov-jdk15on,no.digipost:certificate-validator,digipost/certificate-validator,Silent,S1,After disclosure,1,945.9150347222222,893.6798726851852,366.3257986111111,
CVE-2016-1000339,org.bouncycastle:bcprov-jdk15on,net.sf.openas2:openas2-server,OpenAS2/OpenAs2App,Silent,S1,After disclosure,1,580.3508449074075,528.1156828703704,0.7616087962962963,
CVE-2016-1000339,org.bouncycastle:bcprov-jdk15on,io.netty:netty-example,netty/netty,Silent,S1,After disclosure,1,1522.3612731481485,1470.1261111111112,942.7720370370372,
CVE-2016-1000339,org.bouncycastle:bcprov-jdk15on,org.smallmind:smallmind-nutsnbolts,zenbones/SmallMind,Silent,S1,After disclosure,1,903.4377199074074,851.2025578703704,323.8484837962963,
CVE-2016-1000339,org.bouncycastle:bcprov-jdk15on,org.digidoc4j:digidoc4j,open-eid/digidoc4j,Silent,S1,Safe window,0,469.9675462962963,417.7323842592593,-109.6216898148148,
CVE-2016-1000339,org.bouncycastle:bcprov-jdk15on,de.alpharogroup:crypt-core,astrapi69/mystic-crypt,Silent,S1,Safe window,0,431.11322916666666,378.8780671296296,-148.47600694444444,
CVE-2020-1951,org.apache.tika:tika-parsers,com.digitalpebble.stormcrawler:storm-crawler-tika,DigitalPebble/storm-crawler,Silent,S1,After disclosure,1,100.03881944444444,84.01983796296297,72.60422453703704,
CVE-2020-1951,org.apache.tika:tika-parsers,org.codelibs.fess:fess-crawler,codelibs/fess-crawler,Silent,S1,After disclosure,1,82.81421296296297,66.79523148148148,55.379618055555554,
CVE-2020-1951,org.apache.tika:tika-parsers,org.craftercms:crafter-search-elasticsearch,craftercms/search,Silent,S1,After disclosure,1,142.1694097222222,126.15042824074074,114.7348148148148,
CVE-2020-1951,org.apache.tika:tika-parsers,org.icij.extract:extract-lib,ICIJ/extract,Silent,S1,After disclosure,1,202.7869675925926,186.7679861111111,175.35237268518517,
CVE-2020-1951,org.apache.tika:tika-parsers,org.teamapps:universal-db,teamapps-org/universal-db,Silent,S1,After disclosure,1,122.02207175925926,106.00309027777776,94.58747685185185,
CVE-2021-21343,com.thoughtworks.xstream:xstream,org.pitest:pitest,hcoles/pitest,Silent,S1,After disclosure,1,83.45181712962963,80.43314814814815,71.44886574074074,
CVE-2021-21343,com.thoughtworks.xstream:xstream,org.broadleafcommerce:broadleaf-profile-web,BroadleafCommerce/BroadleafCommerce,Silent,S1,After disclosure,1,190.9017939814815,187.883125,178.8988425925926,
CVE-2021-21343,com.thoughtworks.xstream:xstream,com.custardsource.parfait:parfait-cxf,performancecopilot/parfait,Silent,S1,After disclosure,1,12.991944444444444,9.973275462962963,0.9889930555555556,
CVE-2021-21343,com.thoughtworks.xstream:xstream,com.servicelibre:jxsl,mercibe/jxsl,Silent,S1,After disclosure,1,12.993449074074077,9.974780092592592,0.9904976851851852,
CVE-2021-21343,com.thoughtworks.xstream:xstream,org.sakaiproject:sakai-citations-impl,sakaiproject/sakai,Silent,S1,After disclosure,1,96.58430555555556,93.56563657407408,84.58135416666667,
CVE-2021-21343,com.thoughtworks.xstream:xstream,org.ikasan:ikasan-test,ikasanEIP/ikasan,Silent,S1,After disclosure,1,55.84131944444445,52.82265046296296,43.83836805555555,
CVE-2021-21343,com.thoughtworks.xstream:xstream,org.sbml.jsbml:jsbml-core,sbmlteam/jsbml,Silent,S1,After disclosure,1,158.83246527777777,155.8137962962963,146.8295138888889,
CVE-2021-21343,com.thoughtworks.xstream:xstream,net.bull.javamelody:javamelody-core,javamelody/javamelody,Silent,S1,After disclosure,1,17.472037037037037,14.453368055555556,5.469085648148148,
CVE-2021-21343,com.thoughtworks.xstream:xstream,net.sf.oval:oval,sebthom/oval,Silent,S1,Safe window,0,5.6607870370370375,2.6421180555555557,-6.342164351851852,
CVE-2021-21343,com.thoughtworks.xstream:xstream,org.sonarsource.sonar-findbugs-plugin:sonar-findbugs-plugin,SonarSource/sonar-findbugs,Silent,S1,After disclosure,1,70.17723379629629,67.15856481481481,58.17428240740741,
CVE-2021-21343,com.thoughtworks.xstream:xstream,uk.ac.gate:gate-core,GateNLP/gate-core,Silent,S1,After disclosure,1,77.50135416666667,74.48268518518519,65.49840277777778,
CVE-2017-9735,org.eclipse.jetty:jetty-util,org.cometd.java:cometd-java-annotations,cometd/cometd,Transparent,T1,After disclosure,1,853.2327893518518,838.0356944444444,822.6780208333333,853.3628819444444
CVE-2020-13941,org.apache.solr:solr-core,com.lucidworks.spark:spark-solr,LucidWorks/spark-solr,Transparent,T1,After disclosure,1,280.95520833333336,279.8514583333333,232.50965277777777,281.04798611111113
CVE-2020-13941,org.apache.solr:solr-core,cool.solr:solr-thymeleaf,solr-cool/solr-thymeleaf,Transparent,T1,After disclosure,1,57.185,56.08125,8.739444444444445,57.27777777777778
CVE-2020-13941,org.apache.solr:solr-core,org.textexploration.mtas:mtas,textexploration/mtas,Transparent,T1,After disclosure,1,50.15285879629629,49.049108796296295,1.7073032407407407,50.24563657407408
CVE-2020-13941,org.apache.solr:solr-core,cool.solr:solr-util,solr-cool/solr-util,Transparent,T1,After disclosure,1,175.8171064814815,174.71335648148147,127.37155092592592,175.90988425925926
CVE-2020-13941,org.apache.solr:solr-core,cool.solr:solr-analyzers,solr-cool/solr-analyzers,Transparent,T1,After disclosure,1,337.7074074074074,336.6036574074074,289.2618518518519,337.80018518518517
CVE-2019-12086,com.fasterxml.jackson.core:jackson-databind,com.huaweicloud.dis:huaweicloud-sdk-java-dis-iface,huaweicloud/huaweicloud-sdk-java-dis,Transparent,T1,After disclosure,1,413.7832638888889,412.26792824074073,411.1073148148148,416.3770601851852
CVE-2019-12086,com.fasterxml.jackson.core:jackson-databind,com.qaprosoft:carina-utils,zebrunner/carina,Transparent,T1,After disclosure,1,26.22436342592593,24.709027777777777,23.548414351851857,28.818159722222223
CVE-2019-12086,com.fasterxml.jackson.core:jackson-databind,com.digitalpebble.stormcrawler:storm-crawler-core,DigitalPebble/storm-crawler,Transparent,T1,After disclosure,1,632.314212962963,630.7988773148148,629.6382638888889,634.9080092592593
CVE-2019-12086,com.fasterxml.jackson.core:jackson-databind,org.springframework.hateoas:spring-hateoas,spring-projects/spring-hateoas,Transparent,T1,After disclosure,1,22.415636574074075,20.90030092592593,19.7396875,25.00943287037037
CVE-2020-17523,org.apache.shiro:shiro-core,io.bootique.shiro:bootique-shiro,bootique/bootique-shiro,Silent,S1,After disclosure,1,247.37277777777777,241.4138425925926,235.31197916666667,
CVE-2020-17523,org.apache.shiro:shiro-core,com.erigir:wrench-shiro-oauth,bitblit/wrench,Silent,S1,After disclosure,1,531.3729861111111,525.414050925926,519.3121875,
CVE-2020-17523,org.apache.shiro:shiro-core,org.pac4j:pac4j-config,pac4j/pac4j,Silent,S1,Safe window,0,10.341956018518518,4.383020833333333,-1.7188425925925923,
CVE-2020-17523,org.apache.shiro:shiro-core,org.pac4j:play-pac4j_2.12,pac4j/play-pac4j,Silent,S1,Safe window,0,10.342280092592592,4.383344907407407,-1.7185185185185186,
CVE-2020-17523,org.apache.shiro:shiro-core,org.fcrepo:fcrepo-auth-webac,fcrepo/fcrepo,Silent,S1,After disclosure,1,29.027939814814815,23.069004629629628,16.967141203703704,
CVE-2020-17523,org.apache.shiro:shiro-core,org.telegram:telegrambots-chat-session-bot,rubenlagus/TelegramBots,Silent,S1,After disclosure,1,241.9230092592593,235.9640740740741,229.86221064814816,
CVE-2020-17523,org.apache.shiro:shiro-core,io.jboot:jboot,yangfuhai/jboot,Silent,S1,After disclosure,1,41.60325231481482,35.64431712962963,29.542453703703703,
CVE-2020-17523,org.apache.shiro:shiro-core,org.wicketstuff:wicketstuff-shiro,wicketstuff/core,Silent,S1,After disclosure,1,68.64990740740741,62.69097222222222,56.589108796296294,
CVE-2018-11039,org.springframework:spring-web,com.consol.citrus:citrus-http,citrusframework/citrus,Transparent,T1,After disclosure,1,223.8454398148148,223.03211805555551,210.64993055555556,223.9461921296296
CVE-2018-11039,org.springframework:spring-web,org.zalando:riptide-httpclient,zalando/riptide,Transparent,T1,Safe window,0,2.122048611111111,1.3087268518518518,-11.073460648148147,2.222800925925926
CVE-2018-11039,org.springframework:spring-web,org.flowable:flowable-dmn-rest,flowable/flowable-engine,Transparent,T1,After disclosure,1,65.57861111111112,64.76528935185185,52.383101851851855,65.67936342592593
CVE-2018-11039,org.springframework:spring-web,org.wicketstuff:wicketstuff-springreference,wicketstuff/core,Transparent,T1,After disclosure,1,97.9020601851852,97.08873842592592,84.70655092592592,98.0028125
CVE-2018-11039,org.springframework:spring-web,org.sakaiproject.jsf:jsf-app,sakaiproject/sakai,Transparent,T1,After disclosure,1,127.4079398148148,126.59461805555556,114.21243055555556,127.50869212962964
CVE-2018-11039,org.springframework:spring-web,org.nutz:nutzboot-core,nutzam/nutzboot,Transparent,T1,After disclosure,1,15.552789351851851,14.739467592592591,2.3572800925925925,15.653541666666667
CVE-2018-11039,org.springframework:spring-web,com.mercateo.rest:rest-schemagen-spring,Mercateo/rest-schemagen-spring,Transparent,T1,After disclosure,1,35.61460648148148,34.80128472222222,22.419097222222224,35.71535879629629
CVE-2018-11039,org.springframework:spring-web,org.apache.ranger:ranger-kms,apache/ranger,Transparent,T1,After disclosure,1,119.42914351851852,118.61582175925926,106.23363425925926,119.52989583333331
CVE-2018-11039,org.springframework:spring-web,com.github.fartherp:framework-core,fartherp/framework,Transparent,T1,After disclosure,1,200.32944444444445,199.5161226851852,187.1339351851852,200.43019675925925
CVE-2017-4995,org.springframework.security:spring-security-core,de.terrestris:shogun2-core,terrestris/shogun2,Transparent,T1,Safe window,0,99.6667824074074,99.42956018518518,-72.37976851851852,100.98234953703704
CVE-2017-4995,org.springframework.security:spring-security-core,com.erudika:para-server,Erudika/para,Transparent,T1,Safe window,0,39.92350694444445,39.686284722222226,-132.1230439814815,41.239074074074075
CVE-2019-0207,org.apache.tapestry:tapestry-ioc,com.flowlogix:flowlogix-tapestry,flowlogix/flowlogix,Silent,S1,After disclosure,1,389.2828240740741,389.2828240740741,373.8287037037037,
CVE-2019-0207,org.apache.tapestry:tapestry-ioc,org.tynamo:tapestry-security,tynamo/tapestry-security,Silent,S1,After disclosure,1,235.80659722222225,235.80659722222225,220.35247685185183,
CVE-2016-9177,com.sparkjava:spark-core,org.jbake:jbake-maven-plugin,jbake-org/jbake-maven-plugin,Transparent,T3,After disclosure,1,1822.405358796296,1822.2671759259256,1824.9953472222223,1823.454837962963
CVE-2016-9177,com.sparkjava:spark-core,org.pac4j:spark-pac4j,pac4j/spark-pac4j,Transparent,T3,After disclosure,1,120.83783564814814,120.69965277777776,123.42782407407408,121.8873148148148
CVE-2016-9177,com.sparkjava:spark-core,com.conveyal:r5,conveyal/r5,Transparent,T3,After disclosure,1,408.8828703703704,408.7446875,411.4728587962963,409.93234953703706
CVE-2021-3642,org.wildfly.security:wildfly-elytron,org.jboss.invocation:jboss-invocation,jbossas/jboss-invocation,Transparent,T1,After disclosure,1,383.1983333333333,383.1581597222222,361.6652314814815,383.9833101851852
CVE-2021-3642,org.wildfly.security:wildfly-elytron,org.jboss:jboss-ejb-client,wildfly/jboss-ejb-client,Transparent,T1,After disclosure,1,63.06364583333333,63.023472222222225,41.53054398148148,63.848622685185184
CVE-2014-3558,org.hibernate:hibernate-validator,io.restx:restx-core,restx/restx,Silent,S2,After disclosure,1,152.20140046296297,60.86768518518519,83.57377314814815,
CVE-2014-3558,org.hibernate:hibernate-validator,com.premiumminds:billy-spain,premium-minds/billy,Silent,S2,After disclosure,1,1972.3277546296297,1880.994039351852,1903.7001273148148,
CVE-2014-3558,org.hibernate:hibernate-validator,com.github.almex:raildelays-domain,almex/Raildelays,Silent,S2,After disclosure,1,392.35716435185185,301.02344907407405,323.72953703703706,
CVE-2014-3558,org.hibernate:hibernate-validator,org.wisdom-framework:samples,wisdom-framework/wisdom,Silent,S2,After disclosure,1,171.97377314814815,80.64005787037037,103.34614583333334,
CVE-2014-3558,org.hibernate:hibernate-validator,org.web4thejob:org.web4thejob.orm.h4,web4thejob/home,Silent,S2,After disclosure,1,330.4679398148148,239.13422453703703,261.8403125,
CVE-2018-1271,org.springframework:spring-webmvc,org.flowable:flowable-ui-idm-conf,flowable/flowable-engine,Silent,S1,After disclosure,1,147.8815625,134.54194444444445,132.38310185185185,
CVE-2018-1271,org.springframework:spring-webmvc,net.eulerframework:euler-web-core,euler-projects/euler-framework,Silent,S1,After disclosure,1,111.17179398148149,97.83217592592592,95.67333333333332,
CVE-2018-1271,org.springframework:spring-webmvc,org.dellroad:dellroad-stuff-vaadin7,archiecobbs/dellroad-stuff,Silent,S1,After disclosure,1,1393.5906944444444,1380.2510763888888,1378.0922337962963,
CVE-2018-1271,org.springframework:spring-webmvc,org.springframework.ws:spring-ws-core,spring-projects/spring-ws,Silent,S1,After disclosure,1,126.10329861111111,112.76368055555557,110.60483796296296,
CVE-2016-5007,org.springframework.security:spring-security-config,org.carewebframework:org.carewebframework.security.spring.core,carewebframework/carewebframework-core,Transparent,T1,Safe window,0,242.5722800925926,242.1901967592593,-79.76981481481481,242.3642476851852
CVE-2016-5007,org.springframework.security:spring-security-config,ee.telekom.workflow:workflow-web,zutnop/telekom-workflow-engine,Transparent,T1,After disclosure,1,1225.6924652777775,1225.3103819444443,903.3503703703705,1225.4844328703705
CVE-2016-5007,org.springframework.security:spring-security-config,org.activiti:activiti-rest,Activiti/Activiti,Transparent,T1,After disclosure,1,337.0040046296296,336.6219212962963,14.661909722222225,336.79597222222225
CVE-2016-5007,org.springframework.security:spring-security-config,ca.bc.gov.open.cpf:cpf-api-app,bcgov/cpf,Transparent,T1,After disclosure,1,912.000324074074,911.6182407407408,589.6582291666666,911.7922916666666
CVE-2016-5007,org.springframework.security:spring-security-config,net.eulerframework:euler-web-authentication,euler-projects/euler-framework,Transparent,T1,After disclosure,1,435.01947916666666,434.63739583333336,112.67738425925926,434.8114467592592
CVE-2016-5007,org.springframework.security:spring-security-config,org.flowable:flowable-ui-idm-conf,flowable/flowable-engine,Transparent,T1,After disclosure,1,354.11840277777776,353.73631944444446,31.77630787037037,353.91037037037034
CVE-2016-5007,org.springframework.security:spring-security-config,de.terrestris:shogun2-core,terrestris/shogun2,Transparent,T1,Safe window,0,251.7299189814815,251.34783564814813,-70.61217592592592,251.52188657407407
CVE-2016-5007,org.springframework.security:spring-security-config,org.ow2.petals.flowable:flowable-common-rest,petalslink/flowable-engine,Transparent,T1,After disclosure,1,354.11840277777776,353.73631944444446,31.77630787037037,353.91037037037034
CVE-2021-21347,com.thoughtworks.xstream:xstream,com.github.spotbugs:sonar-findbugs-plugin,spotbugs/sonar-findbugs,Transparent,T1,After disclosure,1,259.14730324074077,254.18721064814815,58.17428240740741,313.5159375
CVE-2021-21347,com.thoughtworks.xstream:xstream,org.wicketstuff:jqplot4java,wicketstuff/core,Transparent,T1,After disclosure,1,202.2622685185185,197.30217592592592,1.2892476851851853,256.6309027777778
CVE-2021-21347,com.thoughtworks.xstream:xstream,org.smooks:smooks-all,smooks/smooks,Transparent,T1,After disclosure,1,201.7402199074074,196.7801273148148,0.7671990740740741,256.1088541666667
CVE-2021-21347,com.thoughtworks.xstream:xstream,org.patterntesting:patterntesting-rt,oboehm/PatternTesting2,Transparent,T1,After disclosure,1,278.787349537037,273.82725694444446,77.81432870370371,333.1559837962963
CVE-2021-21347,com.thoughtworks.xstream:xstream,no.mnemonic.messaging:requestsink-jms,mnemonic-no/messaging,Transparent,T1,After disclosure,1,229.55368055555556,224.59358796296297,28.580659722222222,283.9223148148148
CVE-2021-21347,com.thoughtworks.xstream:xstream,com.github.psi-probe:psi-probe-core,psi-probe/psi-probe,Transparent,T1,Safe window,0,194.21421296296296,189.25412037037037,-6.7588078703703705,248.58284722222223
CVE-2021-21347,com.thoughtworks.xstream:xstream,org.javalite:javalite-async,javalite/activejdbc,Transparent,T1,After disclosure,1,230.87355324074073,225.91346064814817,29.900532407407407,285.2421875
CVE-2021-21347,com.thoughtworks.xstream:xstream,com.swiftmq:swiftmq-client,iitsoftware/swiftmq-client,Transparent,T1,After disclosure,1,201.96791666666667,197.00782407407408,0.9948958333333332,256.3365509259259
CVE-2021-21347,com.thoughtworks.xstream:xstream,ro.pippo:pippo-xstream,pippo-java/pippo,Transparent,T1,After disclosure,1,259.3494328703704,254.3893402777778,58.376412037037035,313.7180671296296
CVE-2021-21347,com.thoughtworks.xstream:xstream,de.digitalcollections.model:dc-model-xml,dbmdz/digitalcollections-model,Transparent,T1,Safe window,0,167.67064814814816,162.71055555555554,-33.30237268518518,222.0392824074074
CVE-2021-21347,com.thoughtworks.xstream:xstream,org.cyclonedx:cyclonedx-core-java,CycloneDX/cyclonedx-core-java,Transparent,T1,Safe window,0,168.10694444444445,163.14685185185186,-32.86607638888889,222.4755787037037
CVE-2021-21347,com.thoughtworks.xstream:xstream,com.sangupta:jerry-core,sangupta/jerry-core,Transparent,T1,After disclosure,1,357.62202546296294,352.6619328703704,156.64900462962962,411.99065972222223
CVE-2021-21347,com.thoughtworks.xstream:xstream,com.xceptance:xlt,Xceptance/XLT,Transparent,T1,After disclosure,1,273.5036111111111,268.5435185185185,72.53059027777778,327.87224537037036
CVE-2021-21347,com.thoughtworks.xstream:xstream,org.ikasan:ikasan-filetransfer-common,ikasanEIP/ikasan,Transparent,T1,After disclosure,1,244.8113888888889,239.85129629629628,43.83836805555555,299.18002314814817
CVE-2021-21347,com.thoughtworks.xstream:xstream,org.optaplanner:optaplanner-examples,kiegroup/optaplanner,Transparent,T1,Safe window,0,58.590694444444445,53.63060185185185,-142.38232638888888,112.9593287037037
CVE-2021-21347,com.thoughtworks.xstream:xstream,org.kie.kogito:drools-compiler,kiegroup/kogito-runtimes,Transparent,T1,After disclosure,1,255.26310185185184,250.30300925925928,54.29008101851852,309.63173611111114
CVE-2021-21347,com.thoughtworks.xstream:xstream,com.thankjava.toolkit3d:fast-toolkit3d,lazy-koala/java-toolkit,Transparent,T1,After disclosure,1,201.96368055555556,197.00358796296297,0.9906597222222222,256.3323148148148
CVE-2021-21347,com.thoughtworks.xstream:xstream,org.neo4j.build.plugins:licensing-maven-plugin,neo4j/licensing-maven-plugin,Transparent,T1,After disclosure,1,233.2629398148148,228.30284722222223,32.289918981481485,287.6315740740741
CVE-2021-21347,com.thoughtworks.xstream:xstream,org.powertac:common,powertac/powertac-core,Transparent,T1,After disclosure,1,201.96523148148148,197.0051388888889,0.9922106481481482,256.33386574074075
CVE-2021-21347,com.thoughtworks.xstream:xstream,com.btc-ag.redg:redg-generator,btc-ag/redg,Transparent,T1,After disclosure,1,277.5707638888889,272.6106712962963,76.59774305555555,331.93939814814814
CVE-2021-21347,com.thoughtworks.xstream:xstream,org.infinispan:infinispan-server-core,infinispan/infinispan,Transparent,T1,Safe window,0,197.2764699074074,192.3163773148148,-3.696550925925926,251.64510416666667
CVE-2021-21347,com.thoughtworks.xstream:xstream,net.ripe.rpki:rpki-commons,RIPE-NCC/rpki-commons,Transparent,T1,After disclosure,1,201.96359953703703,197.00350694444444,0.9905787037037036,256.3322337962963
CVE-2021-21347,com.thoughtworks.xstream:xstream,de.alpharogroup:email-tails,lightblueseas/email-tails,Transparent,T1,After disclosure,1,544.588599537037,539.6285069444444,343.6155787037037,598.9572337962964
CVE-2021-21347,com.thoughtworks.xstream:xstream,io.quarkus:quarkus-junit5,quarkusio/quarkus,Transparent,T1,Safe window,0,194.89390046296296,189.93380787037037,-6.0791203703703705,249.26253472222223
CVE-2021-39147,com.thoughtworks.xstream:xstream,org.springframework.batch:spring-batch-core,spring-projects/spring-batch,Silent,S1,After disclosure,1,90.88295138888888,3.122824074074074,2.7045833333333333,
CVE-2021-39147,com.thoughtworks.xstream:xstream,org.patterntesting:patterntesting-rt,oboehm/PatternTesting2,Silent,S1,After disclosure,1,206.77474537037037,119.01461805555556,118.59637731481482,
CVE-2021-39147,com.thoughtworks.xstream:xstream,ro.pippo:pippo-xstream,pippo-java/pippo,Silent,S1,After disclosure,1,159.55355324074074,71.79342592592593,71.37518518518519,
CVE-2021-39147,com.thoughtworks.xstream:xstream,com.github.psi-probe:psi-probe-core,psi-probe/psi-probe,Silent,S1,After disclosure,1,88.47140046296296,0.7112731481481481,0.2930324074074074,
CVE-2021-39147,com.thoughtworks.xstream:xstream,org.wicketstuff:jqplot4java,wicketstuff/core,Silent,S1,After disclosure,1,90.83532407407408,3.075196759259259,2.6569560185185184,
CVE-2021-39147,com.thoughtworks.xstream:xstream,com.sangupta:jerry-core,sangupta/jerry-core,Silent,S1,After disclosure,1,90.82737268518518,3.06724537037037,2.6490046296296295,
CVE-2021-39147,com.thoughtworks.xstream:xstream,com.thankjava.toolkit3d:fast-toolkit3d,lazy-koala/java-toolkit,Silent,S1,After disclosure,1,250.21828703703704,162.45815972222223,162.0399189814815,
CVE-2021-39147,com.thoughtworks.xstream:xstream,org.ikasan:ikasan-filetransfer-common,ikasanEIP/ikasan,Silent,S1,After disclosure,1,102.98252314814816,15.222395833333334,14.804155092592593,
CVE-2021-39147,com.thoughtworks.xstream:xstream,org.javalite:javalite-async,javalite/activejdbc,Silent,S1,After disclosure,1,90.84152777777778,3.081400462962963,2.6631597222222223,
CVE-2021-39147,com.thoughtworks.xstream:xstream,io.quarkus:quarkus-junit5,quarkusio/quarkus,Silent,S1,After disclosure,1,89.03791666666666,1.277789351851852,0.8595486111111111,
CVE-2021-39147,com.thoughtworks.xstream:xstream,de.alpharogroup:email-tails,lightblueseas/email-tails,Silent,S1,After disclosure,1,277.79394675925926,190.03381944444445,189.6155787037037,
CVE-2021-39147,com.thoughtworks.xstream:xstream,org.infinispan:infinispan-server-core,infinispan/infinispan,Silent,S1,After disclosure,1,90.92130787037036,3.1611805555555557,2.742939814814815,
CVE-2021-39147,com.thoughtworks.xstream:xstream,com.swiftmq:swiftmq-client,iitsoftware/swiftmq-client,Silent,S1,After disclosure,1,90.8319212962963,3.0717939814814814,2.6535532407407407,
CVE-2021-39147,com.thoughtworks.xstream:xstream,org.powertac:common,powertac/powertac-core,Silent,S1,After disclosure,1,131.89693287037036,44.136805555555554,43.71856481481481,
CVE-2021-39147,com.thoughtworks.xstream:xstream,org.optaplanner:optaplanner-examples,kiegroup/optaplanner,Silent,S1,After disclosure,1,96.87336805555556,9.11324074074074,8.695,
CVE-2021-39147,com.thoughtworks.xstream:xstream,net.ripe.rpki:rpki-commons,RIPE-NCC/rpki-commons,Silent,S1,After disclosure,1,91.6731712962963,3.9130439814814815,3.494803240740741,
CVE-2021-39147,com.thoughtworks.xstream:xstream,com.github.spotbugs:sonar-findbugs-plugin,spotbugs/sonar-findbugs,Silent,S1,After disclosure,1,91.1416550925926,3.381527777777778,2.963287037037037,
CVE-2021-39147,com.thoughtworks.xstream:xstream,no.mnemonic.messaging:requestsink-jms,mnemonic-no/messaging,Silent,S1,After disclosure,1,105.54498842592592,17.784861111111113,17.36662037037037,
CVE-2021-39147,com.thoughtworks.xstream:xstream,org.smooks:smooks-core,smooks/smooks,Silent,S1,After disclosure,1,188.71425925925925,100.95413194444444,100.5358912037037,
CVE-2021-39147,com.thoughtworks.xstream:xstream,com.xceptance:xlt,Xceptance/XLT,Silent,S1,After disclosure,1,96.81370370370372,9.053576388888889,8.635335648148148,
CVE-2017-7561,org.jboss.resteasy:resteasy-jaxrs,com.cerner.beadledom:beadledom-resteasy,cerner/beadledom,Silent,S3,After disclosure,1,244.87778935185185,174.87734953703705,300.62925925925924,
CVE-2017-7561,org.jboss.resteasy:resteasy-jaxrs,org.wildfly:wildfly-jaxrs,wildfly/wildfly,Silent,S3,After disclosure,1,98.88789351851852,28.887453703703702,154.63936342592592,
CVE-2017-7561,org.jboss.resteasy:resteasy-jaxrs,com.alibaba:dubbo,apache/incubator-dubbo,Silent,S3,After disclosure,1,64.56917824074074,-5.431261574074074,120.32064814814817,
CVE-2013-6430,org.springframework:spring-web,org.thymeleaf:thymeleaf-spring3,thymeleaf/thymeleaf-spring,Silent,S1,After disclosure,1,3219.8425347222224,3193.52630787037,700.119386574074,
CVE-2016-1000341,org.bouncycastle:bcprov-jdk15on,no.digipost:certificate-validator,digipost/certificate-validator,Silent,S1,After disclosure,1,962.7534027777778,893.6798726851852,366.3257986111111,
CVE-2016-1000341,org.bouncycastle:bcprov-jdk15on,net.anotheria:ano-util,anotheria/ano-util,Silent,S1,After disclosure,1,1763.0729166666667,1693.9993865740742,1166.6453125,
CVE-2016-1000341,org.bouncycastle:bcprov-jdk15on,com.cybersource:cybersource-sdk-java,CyberSource/cybersource-sdk-java,Silent,S1,After disclosure,1,872.0047222222222,802.9311921296296,275.57711805555556,
CVE-2016-1000341,org.bouncycastle:bcprov-jdk15on,org.digidoc4j:digidoc4j,open-eid/digidoc4j,Silent,S1,Safe window,0,486.80591435185187,417.7323842592593,-109.6216898148148,
CVE-2016-1000341,org.bouncycastle:bcprov-jdk15on,io.baltoro:client-lib,junaidontable/baltoro.lib,Silent,S1,After disclosure,1,1290.5886805555556,1221.515150462963,694.1610763888889,
CVE-2016-1000341,org.bouncycastle:bcprov-jdk15on,com.augustcellars.cose:cose-java,cose-wg/cose-java,Silent,S1,After disclosure,1,996.250324074074,927.1767939814816,399.8227199074074,
CVE-2016-1000341,org.bouncycastle:bcprov-jdk15on,net.sf.openas2:openas2-server,OpenAS2/OpenAs2App,Silent,S1,After disclosure,1,597.189212962963,528.1156828703704,0.7616087962962963,
CVE-2016-1000341,org.bouncycastle:bcprov-jdk15on,no.digipost:digipost-api-client-java,digipost/digipost-api-client-java,Silent,S1,After disclosure,1,1430.8857407407406,1361.812210648148,834.458136574074,
CVE-2016-1000341,org.bouncycastle:bcprov-jdk15on,no.difi.sdp:sikker-digital-post-klient-java,difi/sikker-digital-post-klient,Silent,S1,After disclosure,1,880.989537037037,811.9160069444445,284.56193287037036,
CVE-2016-1000341,org.bouncycastle:bcprov-jdk15on,org.smallmind:smallmind-nutsnbolts,zenbones/SmallMind,Silent,S1,After disclosure,1,920.276087962963,851.2025578703704,323.8484837962963,
CVE-2016-1000341,org.bouncycastle:bcprov-jdk15on,de.taimos:dvalin-jaxrs,taimos/dvalin,Silent,S1,After disclosure,1,1922.971099537037,1853.8975694444443,1326.5434953703705,
CVE-2016-1000341,org.bouncycastle:bcprov-jdk15on,de.alpharogroup:crypt-core,astrapi69/mystic-crypt,Silent,S1,Safe window,0,447.95159722222223,378.8780671296296,-148.47600694444444,
CVE-2016-1000341,org.bouncycastle:bcprov-jdk15on,io.netty:netty-example,netty/netty,Silent,S1,After disclosure,1,1539.1996412037038,1470.1261111111112,942.7720370370372,
CVE-2015-3192,org.springframework:spring-web,org.zalando:fahrschein,zalando-nakadi/fahrschein,Silent,S1,After disclosure,1,526.2915972222222,526.2425694444445,148.66524305555555,
CVE-2015-3192,org.springframework:spring-web,com.github.kristofa:brave-resteasy-spring,kristofa/brave,Silent,S1,After disclosure,1,439.6875,439.6384722222222,62.061145833333335,
CVE-2015-3192,org.springframework:spring-web,org.activiti:activiti-app-rest,Activiti/Activiti,Silent,S1,After disclosure,1,709.2882638888889,709.2392361111112,331.6619097222222,
CVE-2015-3192,org.springframework:spring-web,org.restler:restler-spring-mvc,excelsior-oss/restler,Silent,S1,Safe window,0,257.8991898148148,257.850162037037,-119.72716435185184,
CVE-2015-3192,org.springframework:spring-web,org.zalando:riptide,zalando/riptide,Silent,S1,After disclosure,1,1524.8018865740742,1524.7528587962963,1147.1755324074074,
CVE-2015-3192,org.springframework:spring-web,org.mule.modules:mule-module-builders,mulesoft/mule,Silent,S1,After disclosure,1,398.5346064814815,398.4855787037037,20.908252314814813,
CVE-2015-3192,org.springframework:spring-web,com.erigir:wrench-ape,bitblit/wrench,Silent,S1,Safe window,0,321.47640046296294,321.42737268518516,-56.1499537037037,
CVE-2015-3192,org.springframework:spring-web,org.wicketstuff:wicketstuff-springreference,wicketstuff/core,Silent,S1,After disclosure,1,383.1262384259259,383.07721064814814,5.499884259259259,
CVE-2015-3192,org.springframework:spring-web,com.jsmartframework:jsmart-web,jefalbino/jsmart-web,Silent,S1,After disclosure,1,435.5045717592593,435.4555439814814,57.87821759259259,
CVE-2021-36090,org.apache.commons:commons-compress,com.sangupta:jerry-core,sangupta/jerry-core,Silent,S1,After disclosure,1,95.87042824074074,88.9167013888889,85.70430555555555,
CVE-2021-36090,org.apache.commons:commons-compress,io.github.zlika:reproducible-build-maven-plugin,Zlika/reproducible-build-maven-plugin,Silent,S1,After disclosure,1,30.948599537037037,23.994872685185182,20.78247685185185,
CVE-2021-36090,org.apache.commons:commons-compress,org.hyperledger.fabric-sdk-java:fabric-sdk-java,hyperledger/fabric-sdk-java,Silent,S1,After disclosure,1,46.67744212962963,39.72371527777778,36.511319444444446,
CVE-2021-36090,org.apache.commons:commons-compress,de.mediathekview:MLib,mediathekview/MLib,Silent,S1,After disclosure,1,187.57141203703705,180.6176851851852,177.40528935185185,
CVE-2021-36090,org.apache.commons:commons-compress,nl.jpoint.vertx-deploy-tools:vertx-deploy-agent,msoute/vertx-deploy-mod,Silent,S1,After disclosure,1,125.46659722222222,118.51287037037036,115.30047453703703,
CVE-2021-36090,org.apache.commons:commons-compress,no.difi.meldingsutveksling:altinn-client,felleslosninger/efm-integrasjonspunkt,Silent,S1,After disclosure,1,30.88869212962963,23.934965277777778,20.72256944444445,
CVE-2021-36090,org.apache.commons:commons-compress,org.mycore:mycore-base,MyCoRe-Org/mycore,Silent,S1,After disclosure,1,88.51372685185186,81.56,78.34760416666667,
CVE-2021-36090,org.apache.commons:commons-compress,com.googlecode.cmake-maven-project:cmake-binaries-plugin,cmake-maven-project/cmake-maven-project,Silent,S1,After disclosure,1,30.891064814814815,23.937337962962964,20.72494212962963,
CVE-2021-36090,org.apache.commons:commons-compress,org.dkpro.core:dkpro-core-api-resources-asl,dkpro/dkpro-core,Silent,S1,After disclosure,1,166.49783564814814,159.54410879629629,156.33171296296297,
CVE-2021-36090,org.apache.commons:commons-compress,org.opencastproject:opencast-ingest-service-impl,opencast/opencast,Silent,S1,After disclosure,1,32.87387731481481,25.92015046296296,22.70775462962963,
CVE-2021-36090,org.apache.commons:commons-compress,ru.kontur.extern-api:extern-api-java-sdk-common,skbkontur/extern-java-sdk,Silent,S1,After disclosure,1,30.885914351851852,23.9321875,20.719791666666666,
CVE-2021-36090,org.apache.commons:commons-compress,jp.co.yahoo.yosegi:yosegi,yahoojapan/yosegi,Silent,S1,After disclosure,1,201.4882638888889,194.53453703703704,191.3221412037037,
CVE-2021-36090,org.apache.commons:commons-compress,org.exist-db:exist-compression,exist-db/exist,Silent,S1,After disclosure,1,31.012453703703702,24.05872685185185,20.84633101851852,
CVE-2021-36090,org.apache.commons:commons-compress,com.lithium.flow:flow,lithiumtech/flow,Silent,S1,After disclosure,1,31.229004629629628,24.275277777777777,21.062881944444445,
CVE-2021-36090,org.apache.commons:commons-compress,com.igormaznitsa:mvn-jlink-wrapper,raydac/mvn-jlink,Silent,S1,After disclosure,1,143.59738425925926,136.6436574074074,133.43126157407409,
CVE-2021-36090,org.apache.commons:commons-compress,com.github.nosan:embedded-cassandra,nosan/embedded-cassandra,Silent,S1,After disclosure,1,10.291516203703704,3.337789351851852,0.1253935185185185,
CVE-2021-36090,org.apache.commons:commons-compress,com.aerse.maven:deb-maven-plugin,dernasherbrezon/deb-maven-plugin,Silent,S1,After disclosure,1,30.881608796296295,23.927881944444444,20.71548611111111,
CVE-2021-36090,org.apache.commons:commons-compress,com.igormaznitsa:mvn-golang-wrapper,raydac/mvn-golang,Silent,S1,After disclosure,1,31.029641203703704,24.075914351851853,20.86351851851852,
CVE-2021-36090,org.apache.commons:commons-compress,io.kubernetes:client-java,kubernetes-client/java,Silent,S1,After disclosure,1,11.832337962962963,4.878611111111111,1.6662152777777777,
CVE-2021-36090,org.apache.commons:commons-compress,org.rauschig:jarchivelib,thrau/jarchivelib,Silent,S1,After disclosure,1,38.62940972222222,31.67568287037037,28.46328703703704,
CVE-2021-36090,org.apache.commons:commons-compress,com.openshift:openshift-restclient-java,openshift/openshift-restclient-java,Silent,S1,After disclosure,1,60.76431712962963,53.81059027777778,50.598194444444445,
CVE-2021-36090,org.apache.commons:commons-compress,com.credibledoc:credible-doc-generator,credibledoc/credible-doc,Silent,S1,After disclosure,1,29.847326388888888,22.893599537037037,19.681203703703705,
CVE-2021-36090,org.apache.commons:commons-compress,org.deeplearning4j:deeplearning4j-modelexport-solr,eclipse/deeplearning4j,Silent,S1,After disclosure,1,152.24409722222222,145.29037037037037,142.07797453703705,
CVE-2021-36090,org.apache.commons:commons-compress,org.neo4j:neo4j-dbms,neo4j/neo4j,Silent,S1,After disclosure,1,34.53724537037037,27.583518518518517,24.371122685185185,
CVE-2021-36090,org.apache.commons:commons-compress,de.flapdoodle.embed:de.flapdoodle.embed.process,flapdoodle-oss/de.flapdoodle.embed.process,Silent,S1,After disclosure,1,30.88398148148148,23.93025462962963,20.717858796296294,
CVE-2021-36090,org.apache.commons:commons-compress,org.idpf:epubcheck,w3c/epubcheck,Silent,S1,After disclosure,1,132.54738425925925,125.5936574074074,122.38126157407407,
CVE-2021-36090,org.apache.commons:commons-compress,org.cloudfoundry:cloudfoundry-util,cloudfoundry/cf-java-client,Silent,S1,After disclosure,1,54.679722222222225,47.72599537037037,44.51359953703704,
CVE-2021-36090,org.apache.commons:commons-compress,io.dekorate:dekorate-core,dekorateio/dekorate,Silent,S1,After disclosure,1,125.72375,118.77002314814816,115.5576273148148,
CVE-2021-36090,org.apache.commons:commons-compress,com.blinkfox:jpack-maven-plugin,blinkfox/jpack-maven-plugin,Silent,S1,After disclosure,1,30.88636574074074,23.93263888888889,20.720243055555557,
CVE-2021-36090,org.apache.commons:commons-compress,com.kiwigrid:helm-maven-plugin,kokuwaio/helm-maven-plugin,Silent,S1,After disclosure,1,30.886689814814815,23.932962962962964,20.72056712962963,
CVE-2021-36090,org.apache.commons:commons-compress,ca.uhn.hapi.fhir:hapi-fhir-cli-api,hapifhir/hapi-fhir,Silent,S1,After disclosure,1,24.717569444444443,17.763842592592592,14.551446759259258,
CVE-2021-36090,org.apache.commons:commons-compress,com.github.eirslett:frontend-plugin-core,eirslett/frontend-maven-plugin,Silent,S1,After disclosure,1,30.878032407407407,23.924305555555556,20.711909722222224,
CVE-2021-36090,org.apache.commons:commons-compress,com.graphhopper:graphhopper-tools,graphhopper/graphhopper,Silent,S1,After disclosure,1,51.62025462962963,44.66652777777778,41.45413194444444,
CVE-2021-36090,org.apache.commons:commons-compress,com.github.bld-commons.excel:generator-excel,bld-commons/dev-excel,Silent,S1,After disclosure,1,38.70204861111111,31.74832175925926,28.535925925925927,
CVE-2021-36090,org.apache.commons:commons-compress,io.wcm.tooling.commons:io.wcm.tooling.commons.crx-packmgr-helper,wcm-io/io.wcm.tooling.commons.crx-packmgr-helper,Silent,S1,After disclosure,1,34.89432870370371,27.940601851851852,24.72820601851852,
CVE-2021-36090,org.apache.commons:commons-compress,com.qcloud.oceanus:flink-core,apache/flink,Silent,S1,After disclosure,1,67.6405324074074,60.68680555555556,57.47440972222222,
CVE-2021-36090,org.apache.commons:commons-compress,org.fedoraproject.xmvn:xmvn-install,fedora-java/xmvn,Silent,S1,After disclosure,1,12.44664351851852,5.492916666666667,2.2805208333333336,
CVE-2021-36090,org.apache.commons:commons-compress,org.spdx:spdx-tools,spdx/tools,Silent,S1,After disclosure,1,30.886400462962964,23.93267361111111,20.720277777777778,
CVE-2021-36090,org.apache.commons:commons-compress,org.appng:appng-core,appNG/appng,Silent,S1,After disclosure,1,38.58125,31.62752314814815,28.415127314814814,
CVE-2021-36090,org.apache.commons:commons-compress,org.apache.any23:apache-any23-core,apache/any23,Silent,S1,After disclosure,1,124.13278935185186,117.1790625,113.96666666666668,
CVE-2021-36090,org.apache.commons:commons-compress,com.heroku.sdk:heroku-deploy,heroku/heroku-maven-plugin,Silent,S1,After disclosure,1,37.65303240740741,30.69930555555555,27.486909722222222,
CVE-2021-36090,org.apache.commons:commons-compress,org.vafer:jdeb,tcurdt/jdeb,Silent,S1,After disclosure,1,13.893854166666667,6.940127314814815,3.7277314814814817,
CVE-2021-36090,org.apache.commons:commons-compress,org.powertac:logtool-core,powertac/powertac-server,Silent,S1,After disclosure,1,30.88545138888889,23.93172453703704,20.719328703703702,
CVE-2021-36090,org.apache.commons:commons-compress,org.orbisgis:h2gis,orbisgis/H2GIS,Silent,S1,After disclosure,1,156.80030092592594,149.84657407407408,146.63417824074074,
CVE-2021-36090,org.apache.commons:commons-compress,io.spring.initializr:initializr-web,spring-io/initializr,Silent,S1,After disclosure,1,49.39001157407407,42.436284722222226,39.22388888888889,
CVE-2021-36090,org.apache.commons:commons-compress,org.dishevelled:dsh-compress,heuermh/dishevelled,Silent,S1,After disclosure,1,20.278622685185184,13.324895833333333,10.1125,
CVE-2021-36090,org.apache.commons:commons-compress,no.difi.sdp:sikker-digital-post-klient-java,difi/sikker-digital-post-klient,Silent,S1,After disclosure,1,62.46130787037037,55.50758101851852,52.29518518518518,
CVE-2021-36090,org.apache.commons:commons-compress,fr.inria.gforge.spoon:spoon-core,INRIA/spoon,Silent,S1,After disclosure,1,13.446828703703703,6.4931018518518515,3.2807060185185186,
CVE-2021-36090,org.apache.commons:commons-compress,io.archivesunleashed:aut,archivesunleashed/aut,Silent,S1,After disclosure,1,325.9258449074074,318.97211805555554,315.7597222222222,
CVE-2021-36090,org.apache.commons:commons-compress,io.zonky.test:embedded-postgres,zonkyio/embedded-postgres,Silent,S1,After disclosure,1,40.12186342592592,33.168136574074076,29.95574074074074,
CVE-2021-36090,org.apache.commons:commons-compress,com.axway.ats.framework:ats-core,Axway/ats-framework,Silent,S1,After disclosure,1,89.80349537037037,82.84976851851852,79.63737268518518,
CVE-2021-36090,org.apache.commons:commons-compress,org.owasp:dependency-check-core,jeremylong/DependencyCheck,Silent,S1,After disclosure,1,17.634814814814813,10.681087962962962,7.46869212962963,
CVE-2021-36090,org.apache.commons:commons-compress,com.xenoamess.docker:docker-client,XenoAmess/docker-client,Silent,S1,After disclosure,1,200.83673611111112,193.88300925925927,190.67061342592592,
CVE-2021-36090,org.apache.commons:commons-compress,org.beangle.ems:beangle-ems-core,beangle/beangle3,Silent,S1,After disclosure,1,285.7317824074074,278.77805555555557,275.5656597222222,
CVE-2021-36090,org.apache.commons:commons-compress,org.mandas:docker-client,dmandalidis/docker-client,Silent,S1,After disclosure,1,12.344386574074074,5.390659722222222,2.178263888888889,
CVE-2021-36090,org.apache.commons:commons-compress,io.fabric8:kubernetes-client,fabric8io/kubernetes-client,Silent,S1,After disclosure,1,13.535763888888887,6.582037037037037,3.369641203703704,
CVE-2021-21346,com.thoughtworks.xstream:xstream,org.wicketstuff:jqplot4java,wicketstuff/core,Silent,S1,After disclosure,1,13.292199074074071,10.273530092592592,1.2892476851851853,
CVE-2021-21346,com.thoughtworks.xstream:xstream,io.quarkus:quarkus-junit5,quarkusio/quarkus,Silent,S1,Safe window,0,5.923831018518518,2.9051620370370372,-6.0791203703703705,
CVE-2021-21346,com.thoughtworks.xstream:xstream,org.patterntesting:patterntesting-rt,oboehm/PatternTesting2,Silent,S1,After disclosure,1,69.85453703703703,66.83586805555555,57.851585648148145,
CVE-2021-21346,com.thoughtworks.xstream:xstream,net.ripe.rpki:rpki-commons,RIPE-NCC/rpki-commons,Silent,S1,After disclosure,1,12.993530092592591,9.97486111111111,0.9905787037037036,
CVE-2021-21346,com.thoughtworks.xstream:xstream,com.btc-ag.redg:redg-generator,btc-ag/redg,Silent,S1,After disclosure,1,88.60069444444444,85.58202546296296,76.59774305555555,
CVE-2021-21346,com.thoughtworks.xstream:xstream,com.sangupta:jerry-core,sangupta/jerry-core,Silent,S1,After disclosure,1,168.65195601851852,165.63328703703704,156.64900462962962,
CVE-2021-21346,com.thoughtworks.xstream:xstream,org.smooks:smooks-all,smooks/smooks,Silent,S1,After disclosure,1,12.770150462962963,9.751481481481482,0.7671990740740741,
CVE-2021-21346,com.thoughtworks.xstream:xstream,com.xceptance:xlt,Xceptance/XLT,Silent,S1,After disclosure,1,84.53354166666666,81.51487268518518,72.53059027777778,
CVE-2021-21346,com.thoughtworks.xstream:xstream,com.github.psi-probe:psi-probe-core,psi-probe/psi-probe,Silent,S1,Safe window,0,5.244143518518518,2.2254745370370372,-6.7588078703703705,
CVE-2021-21346,com.thoughtworks.xstream:xstream,org.kie.kogito:drools-compiler,kiegroup/kogito-runtimes,Silent,S1,After disclosure,1,66.29303240740741,63.27436342592593,54.29008101851852,
CVE-2021-21346,com.thoughtworks.xstream:xstream,ro.pippo:pippo-xstream,pippo-java/pippo,Silent,S1,After disclosure,1,70.37936342592593,67.36069444444445,58.376412037037035,
CVE-2021-21346,com.thoughtworks.xstream:xstream,org.javalite:javalite-async,javalite/activejdbc,Silent,S1,After disclosure,1,41.9034837962963,38.88481481481482,29.900532407407407,
CVE-2021-21346,com.thoughtworks.xstream:xstream,no.mnemonic.messaging:requestsink-jms,mnemonic-no/messaging,Silent,S1,After disclosure,1,40.58361111111111,37.56494212962963,28.580659722222222,
CVE-2021-21346,com.thoughtworks.xstream:xstream,org.powertac:common,powertac/powertac-core,Silent,S1,After disclosure,1,12.995162037037035,9.976493055555556,0.9922106481481482,
CVE-2021-21346,com.thoughtworks.xstream:xstream,org.neo4j.build.plugins:licensing-maven-plugin,neo4j/licensing-maven-plugin,Silent,S1,After disclosure,1,44.29287037037037,41.27420138888889,32.289918981481485,
CVE-2021-21346,com.thoughtworks.xstream:xstream,de.alpharogroup:email-tails,lightblueseas/email-tails,Silent,S1,After disclosure,1,355.6185300925926,352.5998611111111,343.6155787037037,
CVE-2021-21346,com.thoughtworks.xstream:xstream,com.swiftmq:swiftmq-client,iitsoftware/swiftmq-client,Silent,S1,After disclosure,1,12.997847222222225,9.97917824074074,0.9948958333333332,
CVE-2021-21346,com.thoughtworks.xstream:xstream,org.ikasan:ikasan-filetransfer-common,ikasanEIP/ikasan,Silent,S1,After disclosure,1,55.84131944444445,52.82265046296296,43.83836805555555,
CVE-2021-21346,com.thoughtworks.xstream:xstream,com.thankjava.toolkit3d:fast-toolkit3d,lazy-koala/java-toolkit,Silent,S1,After disclosure,1,12.993611111111113,9.97494212962963,0.9906597222222222,
CVE-2021-21346,com.thoughtworks.xstream:xstream,com.github.spotbugs:sonar-findbugs-plugin,spotbugs/sonar-findbugs,Silent,S1,After disclosure,1,70.17723379629629,67.15856481481481,58.17428240740741,
CVE-2021-21346,com.thoughtworks.xstream:xstream,org.infinispan:infinispan-server-core,infinispan/infinispan,Silent,S1,Safe window,0,8.306400462962962,5.287731481481481,-3.696550925925926,
CVE-2016-3720,com.fasterxml.jackson.dataformat:jackson-dataformat-xml,org.wisdom-framework:wisdom-executors,wisdom-framework/wisdom,Transparent,T1,After disclosure,1,1537.9679282407408,1523.4849421296296,1481.8922569444444,1537.8973495370371
CVE-2016-3720,com.fasterxml.jackson.dataformat:jackson-dataformat-xml,org.esbtools.message.admin:esb-message-admin-rest-save-client,esbtools/esb-message-admin,Transparent,T1,After disclosure,1,333.45837962962963,318.9753935185185,277.3827083333333,333.38780092592594
CVE-2018-18928,com.ibm.icu:icu4j,org.mycore:mycore-base,MyCoRe-Org/mycore,Transparent,T2,After disclosure,1,398.9996180555556,237.25427083333332,395.7574652777778,398.8983333333333
CVE-2021-30179,org.apache.dubbo:dubbo,org.aoju:bus-tracer,aoju/bus,Transparent,T1,Safe window,0,237.3909837962963,112.07083333333334,-0.9142361111111112,260.6907986111111
CVE-2021-30179,org.apache.dubbo:dubbo,com.alibaba.csp:sentinel-apache-dubbo-adapter,alibaba/Sentinel,Transparent,T1,After disclosure,1,433.3819675925926,308.0618171296296,195.0767476851852,456.6817824074074
CVE-2016-6806,org.apache.wicket:wicket-core,org.wicketstuff:wicketstuff-openlayers3-bootstrap,wicketstuff/core,Silent,S1,Safe window,0,317.4636111111111,287.22243055555555,-59.8940625,
CVE-2016-6806,org.apache.wicket:wicket-core,de.alpharogroup:wicket-jetty9-runner,astrapi69/jetty-runner,Silent,S1,After disclosure,1,965.9920254629628,935.7508449074074,588.6343518518519,
CVE-2016-6806,org.apache.wicket:wicket-core,org.wicketstuff.wiquery:wiquery-core,wicketstuff/wiquery,Silent,S1,After disclosure,1,478.868599537037,448.6274189814814,101.51092592592592,
CVE-2017-3523,mysql:mysql-connector-java,org.duracloud.snapshot:snapshot-service-impl,duracloud/snapshot,Silent,S1,After disclosure,1,1412.7600462962962,1398.9257291666668,1330.7367708333334,
CVE-2017-3523,mysql:mysql-connector-java,com.thankjava.toolkit3d:fast-toolkit3d,lazy-koala/java-toolkit,Silent,S1,After disclosure,1,187.63377314814815,173.79945601851853,105.61049768518518,
CVE-2017-3523,mysql:mysql-connector-java,com.helger:peppol-smp-server-sql,phax/peppol-smp-server,Silent,S1,After disclosure,1,335.42240740740743,321.5880902777778,253.39913194444443,
CVE-2017-3523,mysql:mysql-connector-java,org.rapidoid:rapidoid-quick,rapidoid/rapidoid,Silent,S1,Safe window,0,56.85334490740741,43.01902777777778,-25.169930555555556,
CVE-2017-3523,mysql:mysql-connector-java,org.wallride:wallride-bootstrap,tagbangers/wallride,Silent,S1,After disclosure,1,526.1430555555555,512.308738425926,444.1197800925926,
CVE-2017-3523,mysql:mysql-connector-java,com.nitorcreations:nflow-tests,NitorCreations/nflow,Silent,S1,After disclosure,1,162.3528472222222,148.51853009259258,80.32957175925925,
CVE-2017-3523,mysql:mysql-connector-java,com.alibaba:druid,alibaba/druid,Silent,S1,After disclosure,1,161.54043981481482,147.7061226851852,79.51716435185185,
CVE-2017-3523,mysql:mysql-connector-java,com.jporm:jpo-test-data,ufoscout/jporm,Silent,S1,Safe window,0,17.77380787037037,3.939490740740741,-64.2494675925926,
CVE-2017-3523,mysql:mysql-connector-java,org.jsimpledb:jsimpledb-kv-sql,archiecobbs/jsimpledb,Silent,S1,After disclosure,1,124.68467592592592,110.85035879629628,42.661400462962966,
CVE-2017-3523,mysql:mysql-connector-java,com.impetus.fabric:fabric-jdbc-driver,Impetus/fabric-jdbc-connector,Silent,S1,After disclosure,1,461.4784722222222,447.6441550925926,379.45519675925925,
CVE-2017-3523,mysql:mysql-connector-java,org.duracloud.db:account-management-db-repo,duracloud/duracloud-db,Silent,S1,After disclosure,1,1300.5916319444443,1286.757314814815,1218.5683564814815,
CVE-2021-39149,com.thoughtworks.xstream:xstream,com.thankjava.toolkit3d:fast-toolkit3d,lazy-koala/java-toolkit,Silent,S1,After disclosure,1,250.21828703703704,162.45815972222223,162.0399189814815,
CVE-2021-39149,com.thoughtworks.xstream:xstream,de.alpharogroup:email-tails,lightblueseas/email-tails,Silent,S1,After disclosure,1,277.79394675925926,190.03381944444445,189.6155787037037,
CVE-2021-39149,com.thoughtworks.xstream:xstream,org.patterntesting:patterntesting-rt,oboehm/PatternTesting2,Silent,S1,After disclosure,1,206.77474537037037,119.01461805555556,118.59637731481482,
CVE-2021-39149,com.thoughtworks.xstream:xstream,org.optaplanner:optaplanner-examples,kiegroup/optaplanner,Silent,S1,After disclosure,1,96.87336805555556,9.11324074074074,8.695,
CVE-2021-39149,com.thoughtworks.xstream:xstream,org.springframework.batch:spring-batch-core,spring-projects/spring-batch,Silent,S1,After disclosure,1,90.88295138888888,3.122824074074074,2.7045833333333333,
CVE-2021-39149,com.thoughtworks.xstream:xstream,org.ikasan:ikasan-filetransfer-common,ikasanEIP/ikasan,Silent,S1,After disclosure,1,102.98252314814816,15.222395833333334,14.804155092592593,
CVE-2021-39149,com.thoughtworks.xstream:xstream,org.javalite:javalite-async,javalite/activejdbc,Silent,S1,After disclosure,1,90.84152777777778,3.081400462962963,2.6631597222222223,
CVE-2021-39149,com.thoughtworks.xstream:xstream,net.ripe.rpki:rpki-commons,RIPE-NCC/rpki-commons,Silent,S1,After disclosure,1,91.6731712962963,3.9130439814814815,3.494803240740741,
CVE-2021-39149,com.thoughtworks.xstream:xstream,com.github.psi-probe:psi-probe-core,psi-probe/psi-probe,Silent,S1,After disclosure,1,88.47140046296296,0.7112731481481481,0.2930324074074074,
CVE-2021-39149,com.thoughtworks.xstream:xstream,io.quarkus:quarkus-junit5,quarkusio/quarkus,Silent,S1,After disclosure,1,89.03791666666666,1.277789351851852,0.8595486111111111,
CVE-2021-39149,com.thoughtworks.xstream:xstream,com.sangupta:jerry-core,sangupta/jerry-core,Silent,S1,After disclosure,1,90.82737268518518,3.06724537037037,2.6490046296296295,
CVE-2021-39149,com.thoughtworks.xstream:xstream,com.github.spotbugs:sonar-findbugs-plugin,spotbugs/sonar-findbugs,Silent,S1,After disclosure,1,91.1416550925926,3.381527777777778,2.963287037037037,
CVE-2021-39149,com.thoughtworks.xstream:xstream,org.wicketstuff:wicketstuff-dashboard-core,wicketstuff/core,Silent,S1,After disclosure,1,90.83532407407408,3.075196759259259,2.6569560185185184,
CVE-2021-39149,com.thoughtworks.xstream:xstream,ro.pippo:pippo-xstream,pippo-java/pippo,Silent,S1,After disclosure,1,159.55355324074074,71.79342592592593,71.37518518518519,
CVE-2021-39149,com.thoughtworks.xstream:xstream,com.swiftmq:swiftmq-client,iitsoftware/swiftmq-client,Silent,S1,After disclosure,1,90.8319212962963,3.0717939814814814,2.6535532407407407,
CVE-2021-39149,com.thoughtworks.xstream:xstream,org.powertac:common,powertac/powertac-core,Silent,S1,After disclosure,1,131.89693287037036,44.136805555555554,43.71856481481481,
CVE-2021-39149,com.thoughtworks.xstream:xstream,no.mnemonic.messaging:requestsink-jms,mnemonic-no/messaging,Silent,S1,After disclosure,1,105.54498842592592,17.784861111111113,17.36662037037037,
CVE-2021-39149,com.thoughtworks.xstream:xstream,org.smooks:smooks-core,smooks/smooks,Silent,S1,After disclosure,1,188.71425925925925,100.95413194444444,100.5358912037037,
CVE-2021-39149,com.thoughtworks.xstream:xstream,org.infinispan:infinispan-server-core,infinispan/infinispan,Silent,S1,After disclosure,1,90.92130787037036,3.1611805555555557,2.742939814814815,
CVE-2021-39149,com.thoughtworks.xstream:xstream,com.xceptance:xlt,Xceptance/XLT,Silent,S1,After disclosure,1,96.81370370370372,9.053576388888889,8.635335648148148,
CVE-2018-8012,org.apache.zookeeper:zookeeper,org.datavec:datavec-hadoop,deeplearning4j/deeplearning4j,Transparent,T3,After disclosure,1,54.90921296296296,22.954016203703706,542.3599537037037,65.45421296296297
CVE-2018-8012,org.apache.zookeeper:zookeeper,io.bddhub:detective.core,detectiveframework/detective,Transparent,T3,After disclosure,1,108.7150925925926,76.75989583333333,596.1658333333334,119.2600925925926
CVE-2018-8012,org.apache.zookeeper:zookeeper,io.fluo:fluo-accumulo,fluo-io/fluo,Transparent,T3,After disclosure,1,54.43415509259259,22.478958333333335,541.8848958333333,64.97915509259259
CVE-2018-8012,org.apache.zookeeper:zookeeper,org.blazingcache:blazingcache-core,diennea/blazingcache,Transparent,T3,After disclosure,1,285.0565393518518,253.1013425925926,772.5072800925926,295.60153935185184
CVE-2018-8012,org.apache.zookeeper:zookeeper,io.arenadata.hive:hive-jdbc,arenadata/hive,Transparent,T3,After disclosure,1,5.614756944444444,-26.340439814814815,493.0654976851851,16.159756944444446
CVE-2018-8012,org.apache.zookeeper:zookeeper,org.deeplearning4j:deeplearning4j-modelexport-solr,eclipse/deeplearning4j,Transparent,T3,After disclosure,1,872.9837384259259,841.0285416666667,1360.4344791666667,883.5287384259259
CVE-2021-38153,org.apache.kafka:kafka-clients,eu.de4a:de4a-kafka-client,de4a-wp5/de4a-commons,Transparent,T1,After disclosure,1,61.71686342592593,20.03005787037037,8.491979166666667,85.83277777777778
CVE-2021-38153,org.apache.kafka:kafka-clients,io.kcache:kcache-rocksdb,rayokota/kcache,Transparent,T1,After disclosure,1,59.24743055555555,17.560625,6.022546296296296,83.36334490740741
CVE-2021-38153,org.apache.kafka:kafka-clients,io.virtualan:virtualization,virtualansoftware/virtualan,Transparent,T1,After disclosure,1,53.38255787037037,11.695752314814817,0.1576736111111111,77.49847222222222
CVE-2021-38153,org.apache.kafka:kafka-clients,io.zeebe:zeebe-kafka-exporter,zeebe-io/zeebe-kafka-exporter,Transparent,T1,After disclosure,1,191.6594328703704,149.97262731481482,138.4345486111111,215.77534722222225
CVE-2021-38153,org.apache.kafka:kafka-clients,com.consol.citrus:citrus-kafka,citrusframework/citrus,Transparent,T1,After disclosure,1,163.89907407407406,122.21226851851851,110.6741898148148,188.0149884259259
CVE-2021-38153,org.apache.kafka:kafka-clients,io.streamthoughts:kafka-connect-filepulse-azure-storage-fs,streamthoughts/kafka-connect-file-pulse,Transparent,T1,After disclosure,1,300.11378472222225,258.4269791666667,246.88890046296297,324.22969907407406
CVE-2021-38153,org.apache.kafka:kafka-clients,de.viadee.camunda:camunda-kafka-polling-client,viadee/camunda-kafka-polling-client,Transparent,T1,After disclosure,1,144.58824074074073,102.90143518518518,91.36335648148147,168.7041550925926
CVE-2021-38153,org.apache.kafka:kafka-clients,com.networknt:kafka-consumer,networknt/light-kafka,Transparent,T1,After disclosure,1,304.8125925925926,263.125787037037,251.58770833333332,328.92850694444445
CVE-2021-38153,org.apache.kafka:kafka-clients,org.teamapps:universal-db,teamapps-org/universal-db,Transparent,T1,After disclosure,1,251.07686342592592,209.3900578703704,197.85197916666667,275.1927777777778
CVE-2021-38153,org.apache.kafka:kafka-clients,uk.co.gresearch.siembol:responding-stream,g-research/siembol,Transparent,T1,After disclosure,1,157.95185185185184,116.26504629629628,104.7269675925926,182.0677662037037
CVE-2021-38153,org.apache.kafka:kafka-clients,com.izettle:metrics-influxdb,iZettle/dropwizard-metrics-influxdb,Transparent,T1,After disclosure,1,185.8283101851852,144.14150462962962,132.60342592592593,209.94422453703703
CVE-2021-38153,org.apache.kafka:kafka-clients,io.confluent.parallelconsumer:parallel-consumer-core,confluentinc/parallel-consumer,Transparent,T1,After disclosure,1,235.81122685185184,194.1244212962963,182.5863425925926,259.9271412037037
CVE-2021-38153,org.apache.kafka:kafka-clients,io.kareldb:kareldb-core,rayokota/kareldb,Transparent,T1,After disclosure,1,60.518483796296294,18.83167824074074,7.293599537037037,84.63439814814815
CVE-2021-38153,org.apache.kafka:kafka-clients,org.apache.plc4x:plc4j-apache-kafka,apache/plc4x,Transparent,T1,After disclosure,1,145.86313657407408,104.17633101851852,92.63825231481482,169.97905092592592
CVE-2021-38153,org.apache.kafka:kafka-clients,io.annot8:annot8-components-kafka,annot8/annot8-components,Transparent,T1,After disclosure,1,88.5430787037037,46.85627314814815,35.318194444444444,112.65899305555556
CVE-2021-38153,org.apache.kafka:kafka-clients,com.github.rahulsinghai:logback-kafka-appender,rahulsinghai/logback-kafka-appender,Transparent,T1,After disclosure,1,242.1562152777778,200.46940972222225,188.9313310185185,266.2721296296296
CVE-2021-38153,org.apache.kafka:kafka-clients,com.github.charithe:kafka-junit,charithe/kafka-junit,Transparent,T1,After disclosure,1,177.6137037037037,135.92689814814815,124.38881944444444,201.72961805555556
CVE-2021-38153,org.apache.kafka:kafka-clients,no.mnemonic.messaging:documentchannel-kafka,mnemonic-no/messaging,Transparent,T1,After disclosure,1,75.50694444444444,33.82013888888889,22.282060185185184,99.6228587962963
CVE-2016-3093,ognl:ognl,org.milyn:milyn-smooks-templating,smooks/smooks,Transparent,T1,After disclosure,1,1731.8392361111112,1624.8888078703703,1345.2623611111112,1732.291226851852
CVE-2021-39153,com.thoughtworks.xstream:xstream,com.github.spotbugs:sonar-findbugs-plugin,spotbugs/sonar-findbugs,Silent,S1,After disclosure,1,91.1416550925926,3.381527777777778,2.963287037037037,
CVE-2021-39153,com.thoughtworks.xstream:xstream,org.ikasan:ikasan-builder,ikasanEIP/ikasan,Silent,S1,After disclosure,1,102.98252314814816,15.222395833333334,14.804155092592593,
CVE-2021-39153,com.thoughtworks.xstream:xstream,com.sangupta:jerry-core,sangupta/jerry-core,Silent,S1,After disclosure,1,132.8826736111111,45.1225462962963,44.70430555555556,
CVE-2021-39153,com.thoughtworks.xstream:xstream,org.patterntesting:patterntesting-rt,oboehm/PatternTesting2,Silent,S1,After disclosure,1,206.77474537037037,119.01461805555556,118.59637731481482,
CVE-2021-39153,com.thoughtworks.xstream:xstream,org.powertac:common,powertac/powertac-core,Silent,S1,After disclosure,1,131.89693287037036,44.136805555555554,43.71856481481481,
CVE-2021-39153,com.thoughtworks.xstream:xstream,net.ripe.rpki:rpki-commons,RIPE-NCC/rpki-commons,Silent,S1,After disclosure,1,91.6731712962963,3.9130439814814815,3.494803240740741,
CVE-2021-39153,com.thoughtworks.xstream:xstream,de.alpharogroup:email-tails,lightblueseas/email-tails,Silent,S1,After disclosure,1,277.79394675925926,190.03381944444445,189.6155787037037,
CVE-2021-39153,com.thoughtworks.xstream:xstream,no.mnemonic.messaging:requestsink-jms,mnemonic-no/messaging,Silent,S1,After disclosure,1,105.54498842592592,17.784861111111113,17.36662037037037,
CVE-2021-39153,com.thoughtworks.xstream:xstream,com.github.psi-probe:psi-probe-core,psi-probe/psi-probe,Silent,S1,After disclosure,1,88.47140046296296,0.7112731481481481,0.2930324074074074,
CVE-2021-39153,com.thoughtworks.xstream:xstream,org.smooks:smooks-core,smooks/smooks,Silent,S1,After disclosure,1,188.71425925925925,100.95413194444444,100.5358912037037,
CVE-2021-39153,com.thoughtworks.xstream:xstream,com.swiftmq:swiftmq-client,iitsoftware/swiftmq-client,Silent,S1,After disclosure,1,90.8319212962963,3.0717939814814814,2.6535532407407407,
CVE-2021-39153,com.thoughtworks.xstream:xstream,org.springframework.batch:spring-batch-core,spring-projects/spring-batch,Silent,S1,After disclosure,1,90.88295138888888,3.122824074074074,2.7045833333333333,
CVE-2021-39153,com.thoughtworks.xstream:xstream,org.wicketstuff:wicketstuff-dashboard-core,wicketstuff/core,Silent,S1,After disclosure,1,90.83532407407408,3.075196759259259,2.6569560185185184,
CVE-2021-39153,com.thoughtworks.xstream:xstream,io.quarkus:quarkus-junit5,quarkusio/quarkus,Silent,S1,After disclosure,1,89.03791666666666,1.277789351851852,0.8595486111111111,
CVE-2021-39153,com.thoughtworks.xstream:xstream,org.optaplanner:optaplanner-examples,kiegroup/optaplanner,Silent,S1,After disclosure,1,96.87336805555556,9.11324074074074,8.695,
CVE-2021-39153,com.thoughtworks.xstream:xstream,com.thankjava.toolkit3d:fast-toolkit3d,lazy-koala/java-toolkit,Silent,S1,After disclosure,1,250.21828703703704,162.45815972222223,162.0399189814815,
CVE-2021-39153,com.thoughtworks.xstream:xstream,com.xceptance:xlt,Xceptance/XLT,Silent,S1,After disclosure,1,96.81370370370372,9.053576388888889,8.635335648148148,
CVE-2021-39153,com.thoughtworks.xstream:xstream,org.infinispan:infinispan-server-core,infinispan/infinispan,Silent,S1,After disclosure,1,90.92130787037036,3.1611805555555557,2.742939814814815,
CVE-2021-39153,com.thoughtworks.xstream:xstream,ro.pippo:pippo-xstream,pippo-java/pippo,Silent,S1,After disclosure,1,159.55355324074074,71.79342592592593,71.37518518518519,
CVE-2021-39153,com.thoughtworks.xstream:xstream,org.javalite:javalite-async,javalite/activejdbc,Silent,S1,After disclosure,1,90.84152777777778,3.081400462962963,2.6631597222222223,
CVE-2017-9803,org.apache.solr:solr-core,org.tallison.solr:solr-5410,tballison/lucene-addons,Transparent,T1,After disclosure,1,182.83215277777776,169.81041666666667,150.6203935185185,183.0646064814815
CVE-2017-9803,org.apache.solr:solr-core,com.lucidworks.spark:spark-solr,LucidWorks/spark-solr,Transparent,T1,Safe window,0,23.23199074074074,10.21025462962963,-8.979768518518519,23.46444444444445
CVE-2021-22112,org.springframework.security:spring-security-web,org.zalando:problem-spring-web-autoconfigure,zalando/problem-spring-web,Transparent,T1,Safe window,0,3.6362847222222223,3.6222453703703703,-7.627743055555555,17.43021990740741
CVE-2021-22112,org.springframework.security:spring-security-web,com.erudika:para-server,Erudika/para,Transparent,T1,After disclosure,1,15.956030092592592,15.94199074074074,4.692002314814815,29.74996527777778
CVE-2021-22112,org.springframework.security:spring-security-web,org.pac4j:spring-security-pac4j,pac4j/spring-security-pac4j,Transparent,T1,Safe window,0,0.5700462962962963,0.5560069444444444,-10.69398148148148,14.36398148148148
CVE-2021-22112,org.springframework.security:spring-security-web,com.github.waffle:waffle-spring-security5,Waffle/waffle,Transparent,T1,After disclosure,1,88.29476851851852,88.28072916666666,77.03074074074074,102.0887037037037
CVE-2021-22112,org.springframework.security:spring-security-web,com.github.psi-probe:psi-probe-core,psi-probe/psi-probe,Transparent,T1,Safe window,0,0.496400462962963,0.4823611111111111,-10.767627314814815,14.290335648148147
CVE-2017-3166,org.apache.hadoop:hadoop-mapreduce-client-core,co.cask.wrangler:wrangler-service,hydrator/wrangler,Transparent,T1,Safe window,0,144.4777662037037,2.094537037037037,-105.95260416666666,144.86532407407407
CVE-2017-3166,org.apache.hadoop:hadoop-mapreduce-client-core,net.sansa-stack:sansa-owl-spark_2.11,SANSA-Stack/SANSA-OWL,Transparent,T1,After disclosure,1,637.9444444444445,495.56121527777776,387.5140740740741,638.3320023148148
CVE-2017-5643,org.apache.camel:camel-core,org.fcrepo.camel:fcrepo-ldpath,fcrepo-exts/fcrepo-camel-toolbox,Transparent,T1,After disclosure,1,745.4288310185185,735.970625,728.765625,748.3038194444445
CVE-2017-5643,org.apache.camel:camel-core,org.fcrepo.camel:fcrepo-camel,fcrepo-exts/fcrepo-camel,Transparent,T1,After disclosure,1,710.4723148148148,701.0141087962963,693.8091087962963,713.3473032407408
CVE-2017-5643,org.apache.camel:camel-core,com.github.oscerd:camel-cassandra,oscerd/camel-cassandra,Transparent,T1,Safe window,0,14.107280092592593,4.649074074074074,-2.555925925925926,16.98226851851852
CVE-2017-5643,org.apache.camel:camel-core,org.fcrepo.camel:fcrepo-serialization,fcrepo4-exts/fcrepo-camel-toolbox,Transparent,T1,After disclosure,1,745.4288310185185,735.970625,728.765625,748.3038194444445
CVE-2016-1000345,org.bouncycastle:bcprov-jdk15on,com.augustcellars.cose:cose-java,cose-wg/cose-java,Silent,S1,After disclosure,1,1045.2671064814815,927.1767939814816,399.8227199074074,
CVE-2016-1000345,org.bouncycastle:bcprov-jdk15on,net.anotheria:ano-util,anotheria/ano-util,Silent,S1,After disclosure,1,1812.089699074074,1693.9993865740742,1166.6453125,
CVE-2016-1000345,org.bouncycastle:bcprov-jdk15on,de.alpharogroup:crypt-core,astrapi69/mystic-crypt,Silent,S1,Safe window,0,496.9683796296296,378.8780671296296,-148.47600694444444,
CVE-2016-1000345,org.bouncycastle:bcprov-jdk15on,io.baltoro:client-lib,junaidontable/baltoro.lib,Silent,S1,After disclosure,1,1339.605462962963,1221.515150462963,694.1610763888889,
CVE-2016-1000345,org.bouncycastle:bcprov-jdk15on,org.digidoc4j:digidoc4j,open-eid/digidoc4j,Silent,S1,Safe window,0,535.8226967592593,417.7323842592593,-109.6216898148148,
CVE-2016-1000345,org.bouncycastle:bcprov-jdk15on,net.sf.openas2:openas2-server,OpenAS2/OpenAs2App,Silent,S1,After disclosure,1,646.2059953703704,528.1156828703704,0.7616087962962963,
CVE-2016-1000345,org.bouncycastle:bcprov-jdk15on,no.digipost:digipost-api-client-java,digipost/digipost-api-client-java,Silent,S1,After disclosure,1,1479.9025231481482,1361.812210648148,834.458136574074,
CVE-2016-1000345,org.bouncycastle:bcprov-jdk15on,de.taimos:dvalin-jaxrs,taimos/dvalin,Silent,S1,After disclosure,1,1971.9878819444448,1853.8975694444443,1326.5434953703705,
CVE-2016-1000345,org.bouncycastle:bcprov-jdk15on,no.digipost:certificate-validator,digipost/certificate-validator,Silent,S1,After disclosure,1,1011.7701851851853,893.6798726851852,366.3257986111111,
CVE-2016-1000345,org.bouncycastle:bcprov-jdk15on,org.smallmind:smallmind-nutsnbolts,zenbones/SmallMind,Silent,S1,After disclosure,1,969.2928703703705,851.2025578703704,323.8484837962963,
CVE-2016-1000345,org.bouncycastle:bcprov-jdk15on,io.netty:netty-example,netty/netty,Silent,S1,After disclosure,1,1588.2164236111112,1470.1261111111112,942.7720370370372,
CVE-2016-1000345,org.bouncycastle:bcprov-jdk15on,no.difi.sdp:sikker-digital-post-klient-java,difi/sikker-digital-post-klient,Silent,S1,After disclosure,1,930.0063194444444,811.9160069444445,284.56193287037036,
CVE-2016-1000345,org.bouncycastle:bcprov-jdk15on,com.cybersource:cybersource-sdk-java,CyberSource/cybersource-sdk-java,Silent,S1,After disclosure,1,921.0215046296296,802.9311921296296,275.57711805555556,
CVE-2016-6346,org.jboss.resteasy:resteasy-jaxrs,org.wildfly:wildfly-jaxrs,wildfly/wildfly,Transparent,T3,After disclosure,1,41.28420138888889,32.77984953703704,56.71842592592593,41.72273148148148
CVE-2016-6346,org.jboss.resteasy:resteasy-jaxrs,com.peterphi.std.guice:stdlib-guice-common,petergeneric/stdlib,Transparent,T3,After disclosure,1,376.21396990740743,367.7096180555555,391.64819444444447,376.6525
CVE-2016-6346,org.jboss.resteasy:resteasy-jaxrs,org.hibernate.ogm:hibernate-ogm-couchdb,hibernate/hibernate-ogm,Transparent,T3,After disclosure,1,456.0934953703704,447.58914351851854,471.5277199074074,456.53202546296296
CVE-2016-6346,org.jboss.resteasy:resteasy-jaxrs,ws.ament.hammock:rest-resteasy,hammock-project/hammock,Transparent,T3,After disclosure,1,121.62594907407409,113.12159722222222,137.0601736111111,122.06447916666669
CVE-2016-6346,org.jboss.resteasy:resteasy-jaxrs,com.alibaba:dubbo,apache/incubator-dubbo,Transparent,T3,After disclosure,1,475.8864236111111,467.3820717592593,491.32064814814817,476.3249537037037
CVE-2016-6346,org.jboss.resteasy:resteasy-jaxrs,com.voodoodyne.gstrap:gstrap,stickfigure/gstrap,Transparent,T3,After disclosure,1,118.59766203703704,110.0933101851852,134.03188657407406,119.03619212962964
CVE-2017-8028,org.springframework.ldap:spring-ldap-core,org.ikasan:ikasan-security,ikasanEIP/ikasan,Transparent,T1,After disclosure,1,529.904675925926,529.6461689814815,478.50572916666664,851.9246180555556
CVE-2017-8028,org.springframework.ldap:spring-ldap-core,org.jasig.service.persondir:person-directory-impl,Jasig/person-directory,Transparent,T1,After disclosure,1,481.74501157407406,481.4865046296296,430.3460648148149,803.7649537037037
CVE-2016-9879,org.springframework.security:spring-security-web,org.activiti:activiti-rest,Activiti/Activiti,Transparent,T1,After disclosure,1,169.28413194444445,168.9372800925926,153.66190972222222,169.03980324074075
CVE-2016-9879,org.springframework.security:spring-security-web,de.terrestris:shogun2-core,terrestris/shogun2,Transparent,T1,After disclosure,1,84.0100462962963,83.66319444444444,68.38782407407408,83.7657175925926
CVE-2016-9879,org.springframework.security:spring-security-web,org.duracloud:security,duracloud/duracloud,Transparent,T1,After disclosure,1,1807.508576388889,1807.1617245370371,1791.8863541666667,1807.2642476851852
CVE-2016-9879,org.springframework.security:spring-security-web,org.carewebframework:org.carewebframework.security.spring.core,carewebframework/carewebframework-core,Transparent,T1,After disclosure,1,74.85240740740741,74.50555555555556,59.230185185185185,74.6080787037037
CVE-2016-9879,org.springframework.security:spring-security-web,ee.telekom.workflow:workflow-web,zutnop/telekom-workflow-engine,Transparent,T1,After disclosure,1,1057.9725925925925,1057.6257407407406,1042.3503703703705,1057.728263888889
CVE-2016-9879,org.springframework.security:spring-security-web,com.erudika:para-server,Erudika/para,Transparent,T1,Safe window,0,13.588587962962963,13.241736111111113,-2.033634259259259,13.34425925925926
CVE-2016-9879,org.springframework.security:spring-security-web,ca.bc.gov.open.cpf:cpf-api-app,bcgov/cpf,Transparent,T1,After disclosure,1,744.2804513888889,743.933599537037,728.6582291666666,744.0361226851852
CVE-2016-6802,org.apache.shiro:shiro-web,org.tynamo:tapestry-security,tynamo/tapestry-security,Silent,S1,After disclosure,1,201.1364351851852,201.0770023148148,190.82181712962964,
CVE-2016-6802,org.apache.shiro:shiro-web,com.flowlogix:flowlogix-tapestry-gwt,flowlogix/flowlogix,Silent,S1,After disclosure,1,115.35324074074074,115.29380787037036,105.0386226851852,
CVE-2016-6802,org.apache.shiro:shiro-web,org.wicketstuff:wicketstuff-shiro,wicketstuff/core,Silent,S1,After disclosure,1,331.99984953703705,331.9404166666667,321.6852314814815,
CVE-2016-6802,org.apache.shiro:shiro-web,de.hu-berlin.german.korpling.annis:annis-service,korpling/ANNIS,Silent,S1,After disclosure,1,699.0011574074074,698.9417245370371,688.6865393518518,
CVE-2016-6802,org.apache.shiro:shiro-web,com.github.sogyf:goja-boot,GojaFramework/goja,Silent,S1,After disclosure,1,28.59787037037037,28.5384375,18.283252314814813,
CVE-2016-6802,org.apache.shiro:shiro-web,com.freedomotic:restapi-v3,freedomotic/freedomotic,Silent,S1,After disclosure,1,90.94340277777778,90.8839699074074,80.62878472222222,
CVE-2016-6802,org.apache.shiro:shiro-web,com.enioka.jqm:jqm-api-client-hibernate,enioka/jqm,Silent,S1,After disclosure,1,36.81440972222222,36.75497685185185,26.499791666666667,
CVE-2016-6802,org.apache.shiro:shiro-web,com.erigir:wrench-shiro-oauth,bitblit/wrench,Silent,S1,After disclosure,1,364.1531828703704,364.09375,353.8385648148148,
CVE-2016-6802,org.apache.shiro:shiro-web,io.buji:buji-pac4j,bujiio/buji-pac4j,Silent,S1,Safe window,0,3.7961342592592593,3.7367013888888887,-6.518483796296296,
CVE-2016-6802,org.apache.shiro:shiro-web,org.nutz:nutz-integration-shiro,nutzam/nutzmore,Silent,S1,After disclosure,1,13.608993055555556,13.549560185185186,3.294375,
CVE-2016-6802,org.apache.shiro:shiro-web,com.github.dblock.waffle:waffle-shiro,dblock/waffle,Silent,S1,After disclosure,1,24.387002314814815,24.32756944444445,14.07238425925926,
CVE-2020-1745,io.undertow:undertow-core,com.networknt:stateless-auth,networknt/light-spa-4j,Silent,S1,Safe window,0,21.472881944444445,15.586574074074074,-32.34965277777778,
CVE-2020-1745,io.undertow:undertow-core,xyz.gianlu.librespot:librespot-api,librespot-org/librespot-java,Silent,S1,After disclosure,1,62.43100694444445,56.544699074074074,8.608472222222222,
CVE-2020-1745,io.undertow:undertow-core,com.networknt:dump,networknt/light-4j,Silent,S1,Safe window,0,21.472604166666667,15.586296296296297,-32.34993055555555,
CVE-2020-1745,io.undertow:undertow-core,com.networknt:graphql-validator,networknt/light-graphql-4j,Silent,S1,Safe window,0,21.472708333333333,15.586400462962963,-32.349826388888886,
CVE-2020-1745,io.undertow:undertow-core,com.networknt:openapi-meta,networknt/light-rest-4j,Silent,S1,Safe window,0,21.472673611111112,15.58636574074074,-32.34986111111111,
CVE-2020-1745,io.undertow:undertow-core,com.networknt:rpc-router,networknt/light-hybrid-4j,Silent,S1,Safe window,0,21.47275462962963,15.58644675925926,-32.349780092592596,
CVE-2020-1745,io.undertow:undertow-core,io.mangoo:mangooio-core,svenkubiak/mangooio,Silent,S1,Safe window,0,7.188101851851852,1.3017939814814814,-46.63443287037037,
CVE-2020-1745,io.undertow:undertow-core,org.keycloak:keycloak-undertow-adapter,keycloak/keycloak,Silent,S1,Safe window,0,50.29456018518518,44.40825231481482,-3.527974537037037,
CVE-2020-1745,io.undertow:undertow-core,io.jooby:jooby-utow,jooby-project/jooby,Silent,S1,After disclosure,1,69.5089699074074,63.62266203703704,15.686435185185186,
CVE-2020-1745,io.undertow:undertow-core,com.networknt:session-core,networknt/light-session-4j,Silent,S1,Safe window,0,21.47283564814815,15.586527777777778,-32.349699074074074,
CVE-2020-11995,org.apache.dubbo:dubbo,com.alibaba.csp:sentinel-apache-dubbo-adapter,alibaba/Sentinel,Transparent,T1,After disclosure,1,522.6335532407408,513.3610069444444,336.0767476851852,532.4756018518518
CVE-2020-1695,org.jboss.resteasy:resteasy-jaxrs,com.peterphi.std.guice:stdlib-guice-common,petergeneric/stdlib,Silent,S1,After disclosure,1,11.071805555555557,5.13744212962963,3.709525462962963,
CVE-2020-1695,org.jboss.resteasy:resteasy-jaxrs,org.wildfly:wildfly-jaxrs,wildfly/wildfly,Silent,S1,Safe window,0,6.2026967592592595,0.2683333333333333,-1.1595833333333334,
CVE-2021-28168,org.glassfish.jersey.core:jersey-common,com.erudika:para-client,Erudika/para,Transparent,T1,After disclosure,1,51.9178125,8.573414351851852,3.4017245370370373,81.02739583333333
CVE-2016-4437,org.apache.shiro:shiro-core,com.github.jnoee:coo.core.security,jnoee/coo,Silent,S2,After disclosure,1,86.3822800925926,-101.66667824074074,55.06474537037037,
CVE-2016-4437,org.apache.shiro:shiro-core,com.flowlogix:flowlogix-tapestry,flowlogix/flowlogix,Silent,S2,After disclosure,1,241.3561574074074,53.30719907407408,210.03862268518515,
CVE-2016-4437,org.apache.shiro:shiro-core,org.crazycake:shiro-redis,alexxiyang/shiro-redis,Silent,S2,After disclosure,1,680.6627083333333,492.61375,649.3451736111111,
CVE-2016-4437,org.apache.shiro:shiro-core,org.amebastack.security:ameba-shiro,intelligentcode/ameba-shiro,Silent,S2,After disclosure,1,80.60542824074074,-107.4435300925926,49.28789351851851,
CVE-2016-4437,org.apache.shiro:shiro-core,com.stormpath.shiro:stormpath-shiro-core,stormpath/stormpath-shiro,Silent,S2,After disclosure,1,73.15138888888889,-114.89756944444444,41.83385416666667,
CVE-2016-4437,org.apache.shiro:shiro-core,de.hu-berlin.german.korpling.annis:annis-service,korpling/ANNIS,Silent,S2,After disclosure,1,825.0040740740741,636.9551157407408,793.6865393518518,
CVE-2016-4437,org.apache.shiro:shiro-core,org.smallmind:smallmind-nutsnbolts,zenbones/SmallMind,Silent,S2,After disclosure,1,1493.2302662037036,1305.1813078703703,1461.9127314814814,
CVE-2016-4437,org.apache.shiro:shiro-core,com.erigir:wrench-shiro-oauth,bitblit/wrench,Silent,S2,After disclosure,1,490.15609953703705,302.1071412037037,458.8385648148148,
CVE-2016-4437,org.apache.shiro:shiro-core,org.wicketstuff:wicketstuff-shiro,wicketstuff/core,Silent,S2,After disclosure,1,71.81741898148148,-116.23153935185184,40.49988425925926,
CVE-2016-4437,org.apache.shiro:shiro-core,io.buji:buji-pac4j-core,bujiio/buji-pac4j,Silent,S2,After disclosure,1,66.90548611111112,-121.14347222222224,35.58795138888889,
CVE-2016-4437,org.apache.shiro:shiro-core,com.github.sogyf:goja-boot,GojaFramework/goja,Silent,S2,After disclosure,1,154.60078703703704,-33.448171296296294,123.28325231481482,
CVE-2016-4437,org.apache.shiro:shiro-core,com.freedomotic:freedomotic-core,freedomotic/freedomotic,Silent,S2,After disclosure,1,216.94631944444444,28.89736111111111,185.62878472222224,
CVE-2018-1002200,org.codehaus.plexus:plexus-archiver,ro.kuberam.maven.plugins:kuberam-expath-plugin,claudius108/kuberam-expath-plugin,Transparent,T1,After disclosure,1,98.7551736111111,98.73417824074076,19.326793981481483,98.87487268518518
CVE-2018-1002200,org.codehaus.plexus:plexus-archiver,com.ea.async:ea-async-maven-plugin,electronicarts/ea-async,Transparent,T1,After disclosure,1,83.60315972222222,83.58216435185186,4.174780092592592,83.7228587962963
CVE-2018-1002200,org.codehaus.plexus:plexus-archiver,com.github.alexcojocaru:elasticsearch-maven-plugin,alexcojocaru/elasticsearch-maven-plugin,Transparent,T1,After disclosure,1,1516.0692939814817,1516.048298611111,1436.640914351852,1516.1889930555556
CVE-2018-1002200,org.codehaus.plexus:plexus-archiver,com.github.veithen.phos:jacoco-maven-plugin,veithen/phos,Transparent,T1,After disclosure,1,962.0490972222224,962.0281018518518,882.6207175925925,962.1687962962964
CVE-2011-2894,org.springframework:spring-core,org.springframework.webflow:spring-binding,spring-projects/spring-webflow,Silent,S1,After disclosure,1,249.5515046296296,220.87159722222225,174.93065972222223,
CVE-2011-2894,org.springframework:spring-core,net.javacrumbs:smock-http-metro,lukas-krecan/smock,Silent,S1,After disclosure,1,2258.4157754629628,2229.7358680555553,2183.794930555556,
CVE-2011-2894,org.springframework:spring-core,org.springframework.amqp:spring-amqp,spring-projects/spring-amqp,Silent,S1,After disclosure,1,314.25049768518517,285.5705902777778,239.62965277777775,
CVE-2011-2894,org.springframework:spring-core,org.geomajas.widget:geomajas-widget-searchandfilter,geomajas/geomajas-project-client-gwt,Silent,S1,Before release,0,27.159305555555555,-1.5206018518518518,-47.461539351851854,
CVE-2011-2894,org.springframework:spring-core,org.archive.heritrix:heritrix-commons,internetarchive/heritrix3,Silent,S1,After disclosure,1,3496.926400462963,3468.2464930555557,3422.3055555555557,
CVE-2011-2894,org.springframework:spring-core,org.javasimon:javasimon-spring,virgo47/javasimon,Silent,S1,After disclosure,1,211.48966435185184,182.80975694444444,136.86881944444443,
CVE-2011-2894,org.springframework:spring-core,org.fishwife:jrugged-spring,Comcast/jrugged,Silent,S1,After disclosure,1,1435.4588888888889,1406.7789814814814,1360.8380439814814,
CVE-2011-2894,org.springframework:spring-core,com.custardsource.parfait:parfait-jmx,performancecopilot/parfait,Silent,S1,After disclosure,1,1728.8682754629629,1700.1883680555557,1654.2474305555556,
CVE-2011-2894,org.springframework:spring-core,org.springframework.ldap:spring-ldap-ldif-batch,SpringSource/spring-ldap,Silent,S1,After disclosure,1,756.9016550925926,728.2217476851852,682.2808101851851,
CVE-2011-2894,org.springframework:spring-core,org.springframework.ws:spring-ws-core,spring-projects/spring-ws,Silent,S1,After disclosure,1,77.00747685185185,48.32756944444444,2.3866319444444444,
CVE-2011-2894,org.springframework:spring-core,org.springframework.ldap:spring-ldap-ldif-core,spring-projects/spring-ldap,Silent,S1,After disclosure,1,756.9016550925926,728.2217476851852,682.2808101851851,
CVE-2011-2894,org.springframework:spring-core,org.powermock.examples:powermock-examples-spring-mockito-xml,jayway/powermock,Silent,S1,After disclosure,1,1962.2108449074071,1933.5309375,1887.59,
CVE-2011-2894,org.springframework:spring-core,org.jdal:jdal-swing,chelu/jdal,Silent,S1,After disclosure,1,229.6230787037037,200.9431712962963,155.0022337962963,
CVE-2011-2894,org.springframework:spring-core,org.mybatis:mybatis-spring,mybatis/spring,Silent,S1,Safe window,0,46.23945601851852,17.55954861111111,-28.38138888888889,
CVE-2011-2894,org.springframework:spring-core,com.davidkarlsen.commonstransaction.spring:commons-transaction-spring,davidkarlsen/Commons-Transaction-Spring-Integration,Silent,S1,After disclosure,1,463.19047453703706,434.5105671296296,388.5696296296296,
CVE-2011-2894,org.springframework:spring-core,org.ektorp:org.ektorp.spring,helun/Ektorp,Silent,S1,Before release,0,14.06792824074074,-14.611979166666666,-60.55291666666667,
CVE-2011-2894,org.springframework:spring-core,com.gwtplatform:gwtp-dispatch-server-spring,ArcBees/GWTP,Silent,S1,After disclosure,1,413.470775462963,384.7908680555555,338.84993055555555,
CVE-2011-2894,org.springframework:spring-core,org.connid.bundles.soap:utilities,Tirasa/ConnIdSOAPBundle,Silent,S1,After disclosure,1,183.1934259259259,154.5135185185185,108.57258101851852,
CVE-2011-2894,org.springframework:spring-core,org.dspace:dspace-xmlui-wing,DSpace/DSpace,Silent,S1,After disclosure,1,448.1172916666667,419.43738425925926,373.4964467592592,
CVE-2011-2894,org.springframework:spring-core,org.fcrepo:fcrepo-server,fcrepo3/fcrepo,Silent,S1,After disclosure,1,301.84550925925925,273.1656018518519,227.22466435185183,
CVE-2020-5408,org.springframework.security:spring-security-core,org.appng:appng-core,appNG/appng,Transparent,T1,After disclosure,1,84.74643518518519,55.860914351851854,48.32177083333333,89.39905092592592
CVE-2020-5408,org.springframework.security:spring-security-core,at.researchstudio.sat:won-owner,researchstudio-sat/webofneeds,Transparent,T1,After disclosure,1,282.99559027777775,254.11006944444443,246.57092592592593,287.6482060185185
CVE-2020-5408,org.springframework.security:spring-security-core,com.kerb4j:kerb4j-server-spring-security,bedrin/kerb4j,Transparent,T1,After disclosure,1,148.36208333333337,119.4765625,111.93741898148149,153.0146990740741
CVE-2016-4993,io.undertow:undertow-core,io.mangoo:mangooio-core,svenkubiak/mangooio,Silent,S1,Safe window,0,5.300451388888889,2.1047337962962964,-8.225625,
CVE-2016-4993,io.undertow:undertow-core,org.keycloak:keycloak-undertow-adapter,keycloak/keycloak,Silent,S1,After disclosure,1,256.0465625,252.8508449074074,242.5204861111111,
CVE-2020-28052,org.bouncycastle:bcprov-jdk15on,org.sejda:sejda-sambox,torakiki/sejda,Silent,S1,After disclosure,1,382.9336226851852,378.6053935185185,333.33451388888886,
CVE-2020-28052,org.bouncycastle:bcprov-jdk15on,io.github.in-toto:in-toto,in-toto/in-toto-java,Silent,S1,After disclosure,1,184.45128472222223,180.12305555555557,134.85217592592593,
CVE-2020-28052,org.bouncycastle:bcprov-jdk15on,dev.paseto:jpaseto-bouncy-castle,paseto-toolkit/jpaseto,Silent,S1,After disclosure,1,170.4588425925926,166.13061342592593,120.8597337962963,
CVE-2020-28052,org.bouncycastle:bcprov-jdk15on,com.sendgrid:sendgrid-java,sendgrid/sendgrid-java,Silent,S1,Safe window,0,8.513333333333334,4.185104166666667,-41.08577546296296,
CVE-2020-28052,org.bouncycastle:bcprov-jdk15on,org.jitsi:zrtp4j-light,jitsi/zrtp4j,Silent,S1,After disclosure,1,564.1847685185185,559.8565393518519,514.5856597222222,
CVE-2020-28052,org.bouncycastle:bcprov-jdk15on,com.datasonnet:datasonnet-mapper,datasonnet/datasonnet-mapper,Silent,S1,After disclosure,1,191.2519675925926,186.92373842592593,141.6528587962963,
CVE-2020-28052,org.bouncycastle:bcprov-jdk15on,dnsjava:dnsjava,dnsjava/dnsjava,Silent,S1,After disclosure,1,185.19895833333337,180.87072916666668,135.59984953703704,
CVE-2020-28052,org.bouncycastle:bcprov-jdk15on,no.digipost:digipost-api-client-java,digipost/digipost-api-client-java,Silent,S1,After disclosure,1,184.44988425925925,180.1216550925926,134.85077546296296,
CVE-2020-28052,org.bouncycastle:bcprov-jdk15on,org.smallmind:smallmind-ansible,zenbones/SmallMind,Silent,S1,After disclosure,1,308.4241435185185,304.09591435185183,258.8250347222222,
CVE-2020-28052,org.bouncycastle:bcprov-jdk15on,io.mangoo:mangooio-core,svenkubiak/mangooio,Silent,S1,Safe window,0,6.980578703703704,2.652349537037037,-42.61853009259259,
CVE-2020-28052,org.bouncycastle:bcprov-jdk15on,com.godaddy.asherah:appencryption,godaddy/asherah,Silent,S1,After disclosure,1,75.3294675925926,71.00123842592592,25.730358796296297,
CVE-2020-28052,org.bouncycastle:bcprov-jdk15on,com.silamoney.client:SilamoneySDK,Sila-Money/sila-sdk-java,Silent,S1,After disclosure,1,194.8073726851852,190.47914351851853,145.2082638888889,
CVE-2020-28052,org.bouncycastle:bcprov-jdk15on,com.github.shalousun:common-util,shalousun/ApplicationPower,Silent,S1,Safe window,0,47.33769675925926,43.00946759259259,-2.261412037037037,
CVE-2020-28052,org.bouncycastle:bcprov-jdk15on,org.shredzone.acme4j:acme4j-utils,shred/acme4j,Silent,S1,After disclosure,1,51.33891203703703,47.01068287037037,1.7398032407407409,
CVE-2020-28052,org.bouncycastle:bcprov-jdk15on,org.jitsi:jitsi-srtp,jitsi/jitsi-srtp,Silent,S1,After disclosure,1,209.4086226851852,205.08039351851852,159.8095138888889,
CVE-2020-28052,org.bouncycastle:bcprov-jdk15on,dev.jlibra:jlibra-core,ketola/jlibra,Silent,S1,Safe window,0,26.58508101851852,22.256851851851852,-23.014027777777777,
CVE-2020-28052,org.bouncycastle:bcprov-jdk15on,com.esaulpaugh:headlong,esaulpaugh/headlong,Silent,S1,After disclosure,1,64.62200231481482,60.29377314814815,15.02289351851852,
CVE-2020-28052,org.bouncycastle:bcprov-jdk15on,de.captaingoldfish:scim-sdk-client,Captain-P-Goldfish/SCIM,Silent,S1,Safe window,0,38.07791666666667,33.7496875,-11.521192129629627,
CVE-2020-28052,org.bouncycastle:bcprov-jdk15on,technology.tabula:tabula,tabulapdf/tabula-java,Silent,S1,After disclosure,1,184.1272337962963,179.79900462962962,134.528125,
CVE-2020-28052,org.bouncycastle:bcprov-jdk15on,org.drasyl:drasyl-core,drasyl-overlay/drasyl,Silent,S1,Safe window,0,14.194108796296296,9.86587962962963,-35.405,
CVE-2020-28052,org.bouncycastle:bcprov-jdk15on,com.helger:ph-bc,phax/ph-commons,Silent,S1,Safe window,0,5.366539351851852,1.0383101851851853,-44.23256944444445,
CVE-2020-28052,org.bouncycastle:bcprov-jdk15on,net.sf.openas2:openas2-server,OpenAS2/OpenAs2App,Silent,S1,After disclosure,1,211.99758101851853,207.66935185185184,162.3984722222222,
CVE-2020-28052,org.bouncycastle:bcprov-jdk15on,org.pac4j:pac4j-jwt,pac4j/pac4j,Silent,S1,Safe window,0,6.048611111111111,1.7203819444444444,-43.550497685185185,
CVE-2020-28052,org.bouncycastle:bcprov-jdk15on,cn.hyperchain:litesdk,hyperchain/javasdk,Silent,S1,After disclosure,1,411.92141203703704,407.5931828703704,362.3223032407407,
CVE-2020-28052,org.bouncycastle:bcprov-jdk15on,com.amazon.opendistroforelasticsearch:opendistro_security,opendistro-for-elasticsearch/security,Silent,S1,After disclosure,1,54.49079861111111,50.16256944444444,4.891689814814815,
CVE-2020-28052,org.bouncycastle:bcprov-jdk15on,net.ripe.rpki:rpki-commons,RIPE-NCC/rpki-commons,Silent,S1,Safe window,0,13.966643518518518,9.638414351851852,-35.632465277777776,
CVE-2014-6439,org.elasticsearch:elasticsearch,com.digitalpebble:storm-crawler,DigitalPebble/storm-crawler,Transparent,T1,After disclosure,1,135.2814351851852,113.13351851851851,105.75543981481482,171.08459490740742
CVE-2014-6439,org.elasticsearch:elasticsearch,fr.pilato.elasticsearch.river:rssriver,dadoonet/rssriver,Transparent,T1,Before release,0,8.970543981481482,-13.177372685185183,-20.55545138888889,44.7737037037037
CVE-2014-6439,org.elasticsearch:elasticsearch,com.englishtown:vertx-mod-elasticsearch,englishtown/vertx-mod-elasticsearch,Transparent,T1,After disclosure,1,85.42986111111111,63.28194444444444,55.90386574074074,121.23302083333331
CVE-2014-6439,org.elasticsearch:elasticsearch,org.codelibs:elasticsearch-solr-api,codelibs/elasticsearch-solr-api,Transparent,T1,After disclosure,1,33.88231481481481,11.734398148148149,4.356319444444445,69.68547453703704
CVE-2014-6439,org.elasticsearch:elasticsearch,org.codelibs:elasticsearch-dataformat,codelibs/elasticsearch-dataformat,Transparent,T1,After disclosure,1,33.85760416666667,11.7096875,4.331608796296297,69.6607638888889
CVE-2014-6439,org.elasticsearch:elasticsearch,fr.pilato.spring:spring-elasticsearch,dadoonet/spring-elasticsearch,Transparent,T1,After disclosure,1,116.09596064814816,93.94804398148148,86.56996527777778,151.89912037037038
CVE-2014-6439,org.elasticsearch:elasticsearch,io.fabric8.insight:insight-activemq,fabric8io/fabric8,Transparent,T1,After disclosure,1,324.15832175925925,302.0104050925926,294.6323263888889,359.9614814814815
CVE-2019-10094,org.apache.tika:tika-core,com.digitalpebble.stormcrawler:storm-crawler-core,DigitalPebble/storm-crawler,Silent,S1,After disclosure,1,11.393483796296296,6.757337962962963,3.2647685185185185,
CVE-2019-10094,org.apache.tika:tika-core,io.rocketbase.commons:commons-asset-core,rocketbase-io/commons-asset,Silent,S1,Safe window,0,6.002037037037037,1.3658912037037036,-2.1266782407407407,
CVE-2019-10094,org.apache.tika:tika-core,org.restheart:restheart,SoftInstigate/restheart,Silent,S1,After disclosure,1,13.509722222222225,8.873576388888889,5.381006944444445,
CVE-2019-10094,org.apache.tika:tika-core,com.github.mike10004:har-replay-exec,mike10004/har-replay,Silent,S1,After disclosure,1,69.88362268518519,65.24747685185186,61.75490740740741,
CVE-2019-10094,org.apache.tika:tika-core,com.buschmais.jqassistant.neo4jserver:neo4jv3,jqassistant/jqa-neo4j-backend,Silent,S1,After disclosure,1,117.54975694444444,112.91361111111112,109.42104166666668,
CVE-2019-10094,org.apache.tika:tika-core,org.appng:appng-search,appNG/appng,Silent,S1,After disclosure,1,1028.6360995370371,1023.9999537037036,1020.5073842592592,
CVE-2018-14642,io.undertow:undertow-core,com.networknt:hazelcast-manager,networknt/light-session-4j,Silent,S3,After disclosure,1,77.15763888888888,-0.7761111111111111,118.88966435185183,
CVE-2018-14642,io.undertow:undertow-core,com.networknt:swagger-validator,networknt/light-rest-4j,Silent,S3,After disclosure,1,77.15711805555556,-0.7766319444444445,118.88914351851852,
CVE-2018-14642,io.undertow:undertow-core,io.mangoo:mangooio-core,svenkubiak/mangooio,Silent,S3,After disclosure,1,2.703078703703704,-75.2306712962963,44.43510416666667,
CVE-2018-14642,io.undertow:undertow-core,com.networknt:audit,networknt/light-4j,Silent,S3,After disclosure,1,77.15689814814814,-0.7768518518518519,118.88892361111112,
CVE-2018-14642,io.undertow:undertow-core,com.networknt:rpc-router,networknt/light-hybrid-4j,Silent,S3,After disclosure,1,77.15724537037038,-0.7765046296296296,118.88927083333331,
CVE-2018-14642,io.undertow:undertow-core,com.networknt:graphql-router,networknt/light-graphql-4j,Silent,S3,After disclosure,1,77.1571875,-0.7765625,118.88921296296296,
CVE-2018-14642,io.undertow:undertow-core,com.popokis:popok,soasada/popok,Silent,S3,After disclosure,1,45.1146875,-32.8190625,86.84671296296297,
CVE-2020-10688,org.jboss.resteasy:resteasy-jaxrs,com.peterphi.std.guice:stdlib-guice-common,petergeneric/stdlib,Transparent,T1,After disclosure,1,539.0586574074074,538.8291666666667,110.8314351851852,552.2721064814815
CVE-2019-0231,org.apache.mina:mina-core,io.milton:milton-server-ce,miltonio/milton2,Silent,S1,After disclosure,1,924.5015162037035,919.917800925926,748.3844444444444,
CVE-2018-1114,io.undertow:undertow-core,com.networknt:server,networknt/light-4j,Transparent,T1,Safe window,0,98.5233449074074,89.61979166666667,-41.02392361111111,101.42472222222224
CVE-2018-1114,io.undertow:undertow-core,com.networknt:openapi-validator,networknt/light-rest-4j,Transparent,T1,Safe window,0,98.524375,89.62082175925926,-41.022893518518515,101.42575231481482
CVE-2018-1114,io.undertow:undertow-core,com.networknt:rpc-router,networknt/light-hybrid-4j,Transparent,T1,Safe window,0,98.52560185185185,89.62204861111111,-41.02166666666667,101.42697916666668
CVE-2018-1114,io.undertow:undertow-core,io.mangoo:mangooio-core,svenkubiak/mangooio,Transparent,T1,Before release,0,8.836180555555556,-0.0673726851851851,-130.71108796296295,11.73755787037037
CVE-2018-1114,io.undertow:undertow-core,com.networknt:graphql-validator,networknt/light-graphql-4j,Transparent,T1,Safe window,0,98.52498842592593,89.62143518518519,-41.022280092592595,101.42636574074074
CVE-2018-1114,io.undertow:undertow-core,io.jboot:jboot,yangfuhai/jboot,Transparent,T1,Safe window,0,21.703645833333333,12.800092592592591,-117.84362268518518,24.60502314814815
CVE-2018-1114,io.undertow:undertow-core,com.networknt:session-core,networknt/light-session-4j,Transparent,T1,Safe window,0,98.52905092592592,89.62549768518518,-41.01821759259259,101.43042824074074
CVE-2018-1114,io.undertow:undertow-core,de.ruedigermoeller:kontraktor-http,RuedigerMoeller/kontraktor,Transparent,T1,After disclosure,1,753.1721759259259,744.2686226851852,613.6249074074074,756.0735532407407
CVE-2018-1114,io.undertow:undertow-core,org.actframework:act,actframework/actframework,Transparent,T1,After disclosure,1,795.7160763888888,786.8125231481481,656.1688078703704,798.6174537037037
CVE-2018-1114,io.undertow:undertow-core,org.jooby:jooby-undertow,jooby-project/jooby,Transparent,T1,Safe window,0,76.33120370370371,67.42765046296296,-63.216064814814814,79.23258101851852
CVE-2018-1114,io.undertow:undertow-core,org.restheart:restheart,SoftInstigate/restheart,Transparent,T1,Safe window,0,43.08158564814815,34.17803240740741,-96.46568287037036,45.982962962962965
CVE-2019-5427,com.mchange:c3p0,org.rapidoid:rapidoid-sql,rapidoid/rapidoid,Silent,S1,After disclosure,1,511.90715277777775,511.8750694444444,474.8444097222222,
CVE-2019-5427,com.mchange:c3p0,org.opencastproject:opencast-common,opencast/opencast,Silent,S1,Safe window,0,8.658067129629629,8.625983796296296,-28.404675925925925,
CVE-2019-5427,com.mchange:c3p0,com.github.furkandogan:web-automation-template,furkandogan/web-automation-template,Silent,S1,After disclosure,1,989.7351967592592,989.703113425926,952.6724537037036,
CVE-2019-5427,com.mchange:c3p0,io.vertigo:vertigo-database-impl,vertigo-io/vertigo,Silent,S1,After disclosure,1,222.7370023148148,222.70491898148148,185.6742592592593,
CVE-2019-5427,com.mchange:c3p0,org.unidal.framework:dal-jdbc,unidal/frameworks,Silent,S1,After disclosure,1,1109.3717129629629,1109.3396296296296,1072.3089699074071,
CVE-2019-5427,com.mchange:c3p0,org.umlg:sqlg-core,pietermartin/sqlg,Silent,S1,After disclosure,1,446.30252314814817,446.2704398148149,409.2397800925926,
CVE-2019-5427,com.mchange:c3p0,com.github.psi-probe:psi-probe-core,psi-probe/psi-probe,Silent,S1,Safe window,0,9.340127314814817,9.30804398148148,-27.72261574074074,
CVE-2019-5427,com.mchange:c3p0,org.mybatis:mybatis-guice,mybatis/guice,Silent,S1,After disclosure,1,231.8620023148148,231.82991898148148,194.7992592592593,
CVE-2019-5427,com.mchange:c3p0,cn.6tail:nlf2-plugin-c3p0,6tail/nlf2-maven,Silent,S1,After disclosure,1,227.94189814814817,227.9098148148148,190.87915509259255,
CVE-2019-5427,com.mchange:c3p0,com.vladmihalcea.flexy-pool:flexy-c3p0,vladmihalcea/flexy-pool,Silent,S1,Safe window,0,23.23790509259259,23.20582175925926,-13.824837962962963,
CVE-2019-5427,com.mchange:c3p0,io.cloudslang.content:cs-database,CloudSlang/cs-actions,Silent,S1,After disclosure,1,247.36550925925928,247.33342592592592,210.3027662037037,
CVE-2019-5427,com.mchange:c3p0,org.fastquery:fastquery,xixifeng/fastquery,Silent,S1,Safe window,0,18.179039351851852,18.14695601851852,-18.883703703703706,
CVE-2020-5398,org.springframework:spring-web,ca.uhn.hapi.fhir:hapi-fhir-cli-api,hapifhir/hapi-fhir,Transparent,T1,After disclosure,1,15.518252314814816,8.379606481481481,6.822361111111111,34.25127314814815
CVE-2020-5398,org.springframework:spring-web,org.apache.openmeetings:openmeetings-db,apache/openmeetings,Transparent,T1,After disclosure,1,10.949548611111112,3.8109027777777778,2.2536574074074074,29.682569444444443
CVE-2020-5529,net.sourceforge.htmlunit:htmlunit,de.codescape.bitvunit:bitvunit-core,codescape/bitvunit,Silent,S1,After disclosure,1,130.4803125,126.43574074074074,113.3133912037037,
CVE-2020-5529,net.sourceforge.htmlunit:htmlunit,org.tynamo:tynamo-test,tynamo/tynamo-test,Silent,S1,After disclosure,1,86.63951388888889,82.59494212962963,69.47259259259259,
CVE-2016-4000,org.python:jython-standalone,io.cucumber:cucumber-jython,cucumber/cucumber-jvm,Silent,S1,After disclosure,1,618.8195254629629,617.5384027777778,98.67856481481482,
CVE-2016-4000,org.python:jython-standalone,io.cloudslang.lang:cloudslang-api-commons,CloudSlang/cloud-slang,Silent,S1,After disclosure,1,1535.4390162037037,1534.1578935185184,1015.2980555555556,
CVE-2016-4000,org.python:jython-standalone,kr.motd.maven:sphinx-maven-plugin,trustin/sphinx-maven-plugin,Silent,S1,After disclosure,1,803.4423148148148,802.1611921296296,283.30135416666667,
CVE-2016-4000,org.python:jython-standalone,io.cloudslang:runtime-management-impl,CloudSlang/score,Silent,S1,After disclosure,1,1535.3900810185185,1534.1089583333332,1015.2491203703704,
CVE-2015-0263,org.apache.camel:camel-core,org.apache-extras.camel-extra:camel-db4o,camel-extra/camel-extra,Silent,S1,After disclosure,1,117.53052083333333,112.74712962962964,24.874791666666667,
CVE-2015-0263,org.apache.camel:camel-core,org.fcrepo.camel:fcrepo-camel,fcrepo-exts/fcrepo-camel,Silent,S1,After disclosure,1,112.5065625,107.7231712962963,19.850833333333338,
CVE-2015-0263,org.apache.camel:camel-core,com.consol.citrus:citrus-camel,citrusframework/citrus,Silent,S1,After disclosure,1,152.28383101851853,147.50043981481485,59.62810185185185,
CVE-2015-0263,org.apache.camel:camel-core,de.wayofquality.blended:blended-itestsupport,woq-blended/blended,Silent,S1,After disclosure,1,217.29857638888888,212.51518518518515,124.64284722222222,
CVE-2021-39152,com.thoughtworks.xstream:xstream,com.thankjava.toolkit3d:fast-toolkit3d,lazy-koala/java-toolkit,Silent,S1,After disclosure,1,250.21828703703704,162.45815972222223,162.0399189814815,
CVE-2021-39152,com.thoughtworks.xstream:xstream,com.sangupta:jerry-core,sangupta/jerry-core,Silent,S1,After disclosure,1,90.82737268518518,3.06724537037037,2.6490046296296295,
CVE-2021-39152,com.thoughtworks.xstream:xstream,com.swiftmq:swiftmq-client,iitsoftware/swiftmq-client,Silent,S1,After disclosure,1,90.8319212962963,3.0717939814814814,2.6535532407407407,
CVE-2021-39152,com.thoughtworks.xstream:xstream,org.ikasan:ikasan-builder,ikasanEIP/ikasan,Silent,S1,After disclosure,1,102.98252314814816,15.222395833333334,14.804155092592593,
CVE-2021-39152,com.thoughtworks.xstream:xstream,com.github.spotbugs:sonar-findbugs-plugin,spotbugs/sonar-findbugs,Silent,S1,After disclosure,1,91.1416550925926,3.381527777777778,2.963287037037037,
CVE-2021-39152,com.thoughtworks.xstream:xstream,org.springframework.batch:spring-batch-core,spring-projects/spring-batch,Silent,S1,After disclosure,1,90.88295138888888,3.122824074074074,2.7045833333333333,
CVE-2021-39152,com.thoughtworks.xstream:xstream,com.xceptance:xlt,Xceptance/XLT,Silent,S1,After disclosure,1,96.81370370370372,9.053576388888889,8.635335648148148,
CVE-2021-39152,com.thoughtworks.xstream:xstream,org.javalite:javalite-async,javalite/activejdbc,Silent,S1,After disclosure,1,90.84152777777778,3.081400462962963,2.6631597222222223,
CVE-2021-39152,com.thoughtworks.xstream:xstream,net.ripe.rpki:rpki-commons,RIPE-NCC/rpki-commons,Silent,S1,After disclosure,1,91.6731712962963,3.9130439814814815,3.494803240740741,
CVE-2021-39152,com.thoughtworks.xstream:xstream,org.infinispan:infinispan-server-core,infinispan/infinispan,Silent,S1,After disclosure,1,90.92130787037036,3.1611805555555557,2.742939814814815,
CVE-2021-39152,com.thoughtworks.xstream:xstream,org.optaplanner:optaplanner-examples,kiegroup/optaplanner,Silent,S1,After disclosure,1,96.87336805555556,9.11324074074074,8.695,
CVE-2021-39152,com.thoughtworks.xstream:xstream,org.patterntesting:patterntesting-rt,oboehm/PatternTesting2,Silent,S1,After disclosure,1,227.03912037037037,139.27899305555556,138.86075231481482,
CVE-2021-39152,com.thoughtworks.xstream:xstream,org.smooks:smooks-core,smooks/smooks,Silent,S1,After disclosure,1,188.71425925925925,100.95413194444444,100.5358912037037,
CVE-2021-39152,com.thoughtworks.xstream:xstream,no.mnemonic.messaging:requestsink-jms,mnemonic-no/messaging,Silent,S1,After disclosure,1,105.54498842592592,17.784861111111113,17.36662037037037,
CVE-2021-39152,com.thoughtworks.xstream:xstream,org.powertac:common,powertac/powertac-core,Silent,S1,After disclosure,1,131.89693287037036,44.136805555555554,43.71856481481481,
CVE-2021-39152,com.thoughtworks.xstream:xstream,org.wicketstuff:jqplot4java,wicketstuff/core,Silent,S1,After disclosure,1,90.83532407407408,3.075196759259259,2.6569560185185184,
CVE-2021-39152,com.thoughtworks.xstream:xstream,com.github.psi-probe:psi-probe-core,psi-probe/psi-probe,Silent,S1,After disclosure,1,88.47140046296296,0.7112731481481481,0.2930324074074074,
CVE-2021-39152,com.thoughtworks.xstream:xstream,io.quarkus:quarkus-junit5,quarkusio/quarkus,Silent,S1,After disclosure,1,89.03791666666666,1.277789351851852,0.8595486111111111,
CVE-2021-39152,com.thoughtworks.xstream:xstream,de.alpharogroup:email-tails,lightblueseas/email-tails,Silent,S1,After disclosure,1,277.79394675925926,190.03381944444445,189.6155787037037,
CVE-2021-39152,com.thoughtworks.xstream:xstream,ro.pippo:pippo-xstream,pippo-java/pippo,Silent,S1,After disclosure,1,159.55355324074074,71.79342592592593,71.37518518518519,
CVE-2017-1000487,org.codehaus.plexus:plexus-utils,org.bsc.maven:confluence-reporting-maven-plugin,bsorrentino/maven-confluence-plugin,Silent,S1,After disclosure,1,2374.7283217592594,2316.0104050925925,842.5534722222222,
CVE-2017-1000487,org.codehaus.plexus:plexus-utils,io.konig:konig-schemagen-maven-plugin,konigio/konig,Silent,S1,After disclosure,1,1776.7966319444445,1718.0787152777775,244.6217824074074,
CVE-2017-1000487,org.codehaus.plexus:plexus-utils,gov.nasa.pds.model:model-dmdocument,nasa-pds/pds4-information-model,Silent,S1,After disclosure,1,2864.024340277778,2805.3064236111113,1331.8494907407407,
CVE-2017-1000487,org.codehaus.plexus:plexus-utils,com.github.ozsie:detekt-maven-plugin,ozsie/detekt-maven-plugin,Silent,S1,After disclosure,1,2191.983055555555,2133.265138888889,659.8082060185185,
CVE-2017-1000487,org.codehaus.plexus:plexus-utils,org.utplsql:utplsql-maven-plugin,utPLSQL/utPLSQL-maven-plugin,Silent,S1,After disclosure,1,2312.662997685185,2253.9450810185185,780.4881481481482,
CVE-2017-1000487,org.codehaus.plexus:plexus-utils,com.contrastsecurity:contrast-maven-plugin,Contrast-Security-OSS/contrast-maven-plugin,Silent,S1,After disclosure,1,1807.9899421296295,1749.272025462963,275.8150925925926,
CVE-2017-1000487,org.codehaus.plexus:plexus-utils,com.github.funthomas424242:plantuml-maven-plugin,Huluvu424242/plantuml-maven-plugin,Silent,S1,After disclosure,1,2254.8757523148147,2196.157835648148,722.7009027777777,
CVE-2017-1000487,org.codehaus.plexus:plexus-utils,com.disney.studio.cucumber.slices.plugin:cucumber-slices-maven-plugin,DisneyStudios/cucumber-slices-maven-plugin,Silent,S1,After disclosure,1,2014.8003935185184,1956.082476851852,482.6255439814815,
CVE-2017-1000487,org.codehaus.plexus:plexus-utils,io.snyk:snyk-maven-plugin,snyk/snyk-maven-plugin,Silent,S1,After disclosure,1,2144.240787037037,2085.5228703703706,612.0659375,
CVE-2017-1000487,org.codehaus.plexus:plexus-utils,com.apigee.edge.config:apigee-config-maven-plugin,apigee/apigee-config-maven-plugin,Silent,S1,After disclosure,1,2380.0363194444444,2321.318402777778,847.8614699074074,
CVE-2017-1000487,org.codehaus.plexus:plexus-utils,com.michaelhradek:aurkitu-maven-plugin,mhradek/aurkitu,Silent,S1,Safe window,0,1429.4737731481482,1370.7558564814815,-102.7010763888889,
CVE-2017-1000487,org.codehaus.plexus:plexus-utils,com.apigee.smartdocs.config:apigee-smartdocs-maven-plugin,apigee/apigee-smartdocs-maven-plugin,Silent,S1,After disclosure,1,3173.1036921296295,3114.385775462963,1640.928842592593,
CVE-2016-6345,org.jboss.resteasy:resteasy-jaxrs,com.peterphi.std.guice:stdlib-guice-common,petergeneric/stdlib,Silent,S3,After disclosure,1,384.8039467592593,367.7096180555555,391.64819444444447,
CVE-2016-6345,org.jboss.resteasy:resteasy-jaxrs,org.wildfly:wildfly-jaxrs,wildfly/wildfly,Silent,S3,After disclosure,1,21.651527777777776,4.557199074074074,28.495775462962964,
CVE-2016-6345,org.jboss.resteasy:resteasy-jaxrs,ws.ament.hammock:rest-resteasy,hammock-project/hammock,Silent,S3,After disclosure,1,130.21592592592592,113.12159722222222,137.0601736111111,
CVE-2016-6345,org.jboss.resteasy:resteasy-jaxrs,org.hibernate.ogm:hibernate-ogm-couchdb,hibernate/hibernate-ogm,Silent,S3,After disclosure,1,464.68347222222224,447.58914351851854,471.5277199074074,
CVE-2016-6345,org.jboss.resteasy:resteasy-jaxrs,com.alibaba:dubbo,apache/incubator-dubbo,Silent,S3,After disclosure,1,484.47640046296294,467.3820717592593,491.32064814814817,
CVE-2016-6345,org.jboss.resteasy:resteasy-jaxrs,com.voodoodyne.gstrap:gstrap,stickfigure/gstrap,Silent,S3,After disclosure,1,127.18763888888888,110.0933101851852,134.03188657407406,
CVE-2020-1950,org.apache.tika:tika-parsers,com.digitalpebble.stormcrawler:storm-crawler-tika,DigitalPebble/storm-crawler,Silent,S1,After disclosure,1,59.84829861111111,43.82931712962963,32.4137037037037,
CVE-2020-1950,org.apache.tika:tika-parsers,uk.ac.gate:gate-core,GateNLP/gate-core,Silent,S1,After disclosure,1,331.83363425925927,315.8146527777778,304.39903935185185,
CVE-2020-1950,org.apache.tika:tika-parsers,org.apache.any23:apache-any23-core,apache/any23,Silent,S1,After disclosure,1,34.40447916666667,18.385497685185182,6.969884259259259,
CVE-2020-1950,org.apache.tika:tika-parsers,fr.pilato.elasticsearch.crawler:fscrawler-tika,dadoonet/fscrawler,Silent,S1,Safe window,0,23.289675925925927,7.270694444444445,-4.1449189814814815,
CVE-2020-1950,org.apache.tika:tika-parsers,org.icij.extract:extract-lib,ICIJ/extract,Silent,S1,After disclosure,1,202.7869675925926,186.7679861111111,175.35237268518517,
CVE-2020-1950,org.apache.tika:tika-parsers,org.codelibs.fess:fess-crawler,codelibs/fess-crawler,Silent,S1,After disclosure,1,82.81421296296297,66.79523148148148,55.379618055555554,
CVE-2020-1953,org.apache.commons:commons-configuration2,de.julielab:jcore-db-test-utilities,JULIELab/jcore-dependencies,Silent,S1,After disclosure,1,327.44909722222224,324.7367476851852,319.34726851851855,
CVE-2020-1953,org.apache.commons:commons-configuration2,com.nordstrom.tools:settings,sbabcoc/Settings,Silent,S1,After disclosure,1,145.94690972222222,143.2345601851852,137.84508101851853,
CVE-2020-1953,org.apache.commons:commons-configuration2,com.cerner.beadledom:beadledom-resteasy,cerner/beadledom,Silent,S1,After disclosure,1,35.7240625,33.01171296296296,27.622233796296296,
CVE-2020-1953,org.apache.commons:commons-configuration2,com.goldmansachs.obevo:obevo-core,goldmansachs/obevo,Silent,S1,After disclosure,1,109.6475,106.93515046296297,101.54567129629628,
CVE-2020-1953,org.apache.commons:commons-configuration2,org.openksavi.sponge:sponge-core,softelnet/sponge,Silent,S1,After disclosure,1,13.077511574074077,10.365162037037036,4.97568287037037,
CVE-2020-1953,org.apache.commons:commons-configuration2,com.sitture:env-config,sitture/env-config,Silent,S1,After disclosure,1,77.9783449074074,75.26599537037038,69.8765162037037,
CVE-2020-1953,org.apache.commons:commons-configuration2,de.julielab:costosys,JULIELab/costosys,Silent,S1,After disclosure,1,452.38989583333336,449.6775462962962,444.2880671296296,
CVE-2020-1953,org.apache.commons:commons-configuration2,org.linqs:psl-core,linqs/psl,Silent,S1,After disclosure,1,856.796875,854.0845254629629,848.6950462962963,
CVE-2020-26945,org.mybatis:mybatis,com.baayso:commons,baayso/commons,Silent,S1,After disclosure,1,478.337037037037,475.22037037037035,472.44614583333333,
CVE-2020-26945,org.mybatis:mybatis,com.xishankeji:Demo,gzxishan/OftenPorter,Silent,S1,After disclosure,1,85.94912037037037,82.8324537037037,80.05822916666666,
CVE-2020-26945,org.mybatis:mybatis,org.flowable:flowable-variable-service,flowable/flowable-engine,Silent,S1,After disclosure,1,135.1748263888889,132.05815972222223,129.2839351851852,
CVE-2020-26945,org.mybatis:mybatis,com.fastjrun.codeg:sdkg-service,fastjrun/sdkg,Silent,S1,After disclosure,1,464.40582175925925,461.2891550925926,458.5149305555556,
CVE-2020-26945,org.mybatis:mybatis,pro.taskana.simplehistory:taskana-simplehistory-provider,taskana/taskana,Silent,S1,Safe window,0,5.279618055555556,2.1629513888888887,-0.6112731481481481,
CVE-2020-26945,org.mybatis:mybatis,com.github.dreamroute:locker,Dreamroute/locker,Silent,S1,After disclosure,1,119.24975694444444,116.13309027777778,113.35886574074074,
CVE-2020-26945,org.mybatis:mybatis,io.nuls.v2:nuls-core-h2,nuls-io/nuls-v2,Silent,S1,After disclosure,1,322.99309027777775,319.87642361111114,317.10219907407406,
CVE-2020-26945,org.mybatis:mybatis,org.languagetool:languagetool-server,languagetool-org/languagetool,Silent,S1,Safe window,0,4.558842592592592,1.442175925925926,-1.3320486111111112,
CVE-2020-26945,org.mybatis:mybatis,org.mybatis.spring.boot:mybatis-spring-boot-autoconfigure,mybatis/spring-boot-starter,Silent,S1,Safe window,0,3.1281018518518517,0.0114351851851851,-2.762789351851852,
CVE-2020-26945,org.mybatis:mybatis,com.github.relucent:yyl-base-lib,Relucent/yyl-base-lib,Silent,S1,After disclosure,1,473.33827546296294,470.2216087962963,467.44738425925925,
CVE-2020-26945,org.mybatis:mybatis,com.github.superscorpion:medusa,SuperScorpion/medusa,Silent,S1,After disclosure,1,103.02358796296296,99.90692129629628,97.13269675925926,
CVE-2020-26945,org.mybatis:mybatis,org.test4j:test4j-core,test4j/test4j,Silent,S1,After disclosure,1,104.39510416666668,101.2784375,98.50421296296297,
CVE-2020-26945,org.mybatis:mybatis,com.thankjava.toolkit3d:fast-toolkit3d,lazy-koala/java-toolkit,Silent,S1,After disclosure,1,200.62038194444443,197.5037152777778,194.72949074074072,
CVE-2020-26945,org.mybatis:mybatis,com.qwazr:qwazr-library-mybatis,qwazr/library-modules,Silent,S1,Safe window,0,4.376087962962963,1.2594212962962965,-1.5148032407407408,
CVE-2020-26945,org.mybatis:mybatis,org.mybatis.scripting:mybatis-velocity,mybatis/velocity-scripting,Silent,S1,Safe window,0,3.1349768518518517,0.0183101851851851,-2.755914351851852,
CVE-2020-26945,org.mybatis:mybatis,com.aspectran:aspectran-with-mybatis,aspectran/aspectran,Silent,S1,Safe window,0,3.842048611111111,0.7253819444444445,-2.0488425925925924,
CVE-2018-11761,org.apache.tika:tika-core,org.opencastproject:opencast-working-file-repository-service-impl,opencast/opencast,Silent,S1,After disclosure,1,75.36010416666667,33.220729166666665,28.91298611111111,
CVE-2018-11761,org.apache.tika:tika-core,org.appng:appng-search,appNG/appng,Silent,S1,After disclosure,1,1383.9545023148148,1341.8151273148148,1337.5073842592592,
CVE-2018-11761,org.apache.tika:tika-core,io.rocketbase.commons:commons-asset-core,rocketbase-io/commons-asset,Silent,S1,After disclosure,1,66.77965277777778,24.64027777777778,20.33253472222222,
CVE-2018-11761,org.apache.tika:tika-core,com.github.mike10004:har-replay-exec,mike10004/har-replay,Silent,S1,After disclosure,1,75.36949074074074,33.23011574074074,28.922372685185184,
CVE-2018-11761,org.apache.tika:tika-core,org.restheart:restheart,SoftInstigate/restheart,Silent,S1,After disclosure,1,76.0862962962963,33.946921296296296,29.63917824074074,
CVE-2018-11761,org.apache.tika:tika-core,com.digitalpebble.stormcrawler:storm-crawler-core,DigitalPebble/storm-crawler,Silent,S1,After disclosure,1,46.80890046296296,4.669525462962963,0.3617824074074074,
CVE-2020-13920,org.apache.activemq:activemq-broker,org.ikasan:sample-builder-pattern,ikasanEIP/ikasan,Transparent,T1,After disclosure,1,459.8042361111111,442.4822337962962,261.3633564814815,459.8975462962963
CVE-2020-13920,org.apache.activemq:activemq-broker,com.hazelcast.simulator:simulator,hazelcast/hazelcast-simulator,Transparent,T1,After disclosure,1,770.9238888888889,753.6018865740741,572.4830092592592,771.017199074074
CVE-2021-39140,com.thoughtworks.xstream:xstream,com.sangupta:jerry-core,sangupta/jerry-core,Silent,S1,After disclosure,1,132.8827777777778,45.122650462962966,44.70440972222222,
CVE-2021-39140,com.thoughtworks.xstream:xstream,org.springframework.batch:spring-batch-core,spring-projects/spring-batch,Silent,S1,After disclosure,1,90.88295138888888,3.122824074074074,2.7045833333333333,
CVE-2021-39140,com.thoughtworks.xstream:xstream,com.thankjava.toolkit3d:fast-toolkit3d,lazy-koala/java-toolkit,Silent,S1,After disclosure,1,250.21828703703704,162.45815972222223,162.0399189814815,
CVE-2021-39140,com.thoughtworks.xstream:xstream,org.infinispan:infinispan-server-core,infinispan/infinispan,Silent,S1,After disclosure,1,90.92130787037036,3.1611805555555557,2.742939814814815,
CVE-2021-39140,com.thoughtworks.xstream:xstream,org.javalite:javalite-async,javalite/activejdbc,Silent,S1,After disclosure,1,90.84152777777778,3.081400462962963,2.6631597222222223,
CVE-2021-39140,com.thoughtworks.xstream:xstream,de.alpharogroup:email-tails,lightblueseas/email-tails,Silent,S1,After disclosure,1,277.79394675925926,190.03381944444445,189.6155787037037,
CVE-2021-39140,com.thoughtworks.xstream:xstream,org.patterntesting:patterntesting-rt,oboehm/PatternTesting2,Silent,S1,After disclosure,1,206.77474537037037,119.01461805555556,118.59637731481482,
CVE-2021-39140,com.thoughtworks.xstream:xstream,com.github.spotbugs:sonar-findbugs-plugin,spotbugs/sonar-findbugs,Silent,S1,After disclosure,1,91.1416550925926,3.381527777777778,2.963287037037037,
CVE-2021-39140,com.thoughtworks.xstream:xstream,no.mnemonic.messaging:requestsink-jms,mnemonic-no/messaging,Silent,S1,After disclosure,1,105.54498842592592,17.784861111111113,17.36662037037037,
CVE-2021-39140,com.thoughtworks.xstream:xstream,com.github.psi-probe:psi-probe-core,psi-probe/psi-probe,Silent,S1,After disclosure,1,88.47140046296296,0.7112731481481481,0.2930324074074074,
CVE-2021-39140,com.thoughtworks.xstream:xstream,org.ikasan:ikasan-filetransfer-common,ikasanEIP/ikasan,Silent,S1,After disclosure,1,102.98252314814816,15.222395833333334,14.804155092592593,
CVE-2021-39140,com.thoughtworks.xstream:xstream,com.xceptance:xlt,Xceptance/XLT,Silent,S1,After disclosure,1,96.81370370370372,9.053576388888889,8.635335648148148,
CVE-2021-39140,com.thoughtworks.xstream:xstream,org.smooks:smooks-core,smooks/smooks,Silent,S1,After disclosure,1,188.71425925925925,100.95413194444444,100.5358912037037,
CVE-2021-39140,com.thoughtworks.xstream:xstream,io.quarkus:quarkus-junit5,quarkusio/quarkus,Silent,S1,After disclosure,1,89.03791666666666,1.277789351851852,0.8595486111111111,
CVE-2021-39140,com.thoughtworks.xstream:xstream,org.wicketstuff:jqplot4java,wicketstuff/core,Silent,S1,After disclosure,1,90.83532407407408,3.075196759259259,2.6569560185185184,
CVE-2021-39140,com.thoughtworks.xstream:xstream,ro.pippo:pippo-xstream,pippo-java/pippo,Silent,S1,After disclosure,1,159.55355324074074,71.79342592592593,71.37518518518519,
CVE-2021-39140,com.thoughtworks.xstream:xstream,com.swiftmq:swiftmq-client,iitsoftware/swiftmq-client,Silent,S1,After disclosure,1,90.8319212962963,3.0717939814814814,2.6535532407407407,
CVE-2021-39140,com.thoughtworks.xstream:xstream,net.ripe.rpki:rpki-commons,RIPE-NCC/rpki-commons,Silent,S1,After disclosure,1,91.6731712962963,3.9130439814814815,3.494803240740741,
CVE-2021-39140,com.thoughtworks.xstream:xstream,org.optaplanner:optaplanner-examples,kiegroup/optaplanner,Silent,S1,After disclosure,1,96.87336805555556,9.11324074074074,8.695,
CVE-2021-39140,com.thoughtworks.xstream:xstream,org.powertac:common,powertac/powertac-core,Silent,S1,After disclosure,1,131.89693287037036,44.136805555555554,43.71856481481481,
CVE-2017-2670,io.undertow:undertow-core,com.networknt:redis-manager,networknt/light-session-4j,Silent,S1,After disclosure,1,413.69684027777777,347.4758912037037,4.981782407407407,
CVE-2017-2670,io.undertow:undertow-core,com.networknt:graphql-router,networknt/light-graphql-4j,Silent,S1,After disclosure,1,413.6927777777778,347.4718287037037,4.977719907407407,
CVE-2017-2670,io.undertow:undertow-core,com.networknt:health,networknt/light-4j,Silent,S1,After disclosure,1,413.6911342592593,347.4701851851852,4.976076388888889,
CVE-2017-2670,io.undertow:undertow-core,org.keycloak:keycloak-wildfly-adapter,keycloak/keycloak,Silent,S1,After disclosure,1,440.1684490740741,373.9475,31.453391203703703,
CVE-2017-2670,io.undertow:undertow-core,com.networknt:rpc-router,networknt/light-hybrid-4j,Silent,S1,After disclosure,1,413.6933912037037,347.47244212962966,4.9783333333333335,
CVE-2017-2670,io.undertow:undertow-core,com.networknt:openapi-meta,networknt/light-rest-4j,Silent,S1,After disclosure,1,413.69216435185183,347.4712152777778,4.977106481481481,
CVE-2019-11777,org.eclipse.paho:org.eclipse.paho.client.mqttv3,org.opentripplanner:otp,opentripplanner/OpenTripPlanner,Transparent,T1,After disclosure,1,1260.4947569444444,922.9920254629628,726.9484375,1262.4692592592592
CVE-2019-11777,org.eclipse.paho:org.eclipse.paho.client.mqttv3,org.apache.plc4x.examples:hello-cloud-google,apache/incubator-plc4x,Transparent,T1,Safe window,0,410.1460185185186,72.64328703703704,-123.40030092592592,412.1205208333334
CVE-2019-11777,org.eclipse.paho:org.eclipse.paho.client.mqttv3,org.nutz:nutzboot-starter-mqtt-client,nutzam/nutzboot,Transparent,T1,After disclosure,1,583.7094791666667,246.2067476851852,50.163159722222225,585.6839814814815
CVE-2019-11777,org.eclipse.paho:org.eclipse.paho.client.mqttv3,io.github.amyassist:amy-message-hub,AmyAssist/Amy,Transparent,T1,After disclosure,1,597.1756481481482,259.67291666666665,63.629328703703706,599.150150462963
CVE-2016-3674,com.thoughtworks.xstream:xstream,org.sonarsource.sonar-findbugs-plugin:sonar-findbugs-plugin,SonarSource/sonar-findbugs,Silent,S1,After disclosure,1,251.80390046296296,90.61376157407408,28.620509259259254,
CVE-2016-3674,com.thoughtworks.xstream:xstream,com.servicelibre:jxsl,mercibe/jxsl,Silent,S1,After disclosure,1,1994.173888888889,1832.98375,1770.9904976851851,
CVE-2016-3674,com.thoughtworks.xstream:xstream,br.com.caelum:vraptor,caelum/vraptor4,Silent,S1,After disclosure,1,992.7694560185186,831.5793171296297,769.5860648148148,
CVE-2016-3674,com.thoughtworks.xstream:xstream,net.sf.oval:oval,sebthom/oval,Silent,S1,After disclosure,1,1486.635196759259,1325.4450578703704,1263.4518055555557,
CVE-2016-3674,com.thoughtworks.xstream:xstream,org.powermock:powermock-classloading-xstream,powermock/powermock,Silent,S1,Safe window,0,188.95412037037036,27.76398148148148,-34.22927083333333,
CVE-2016-3674,com.thoughtworks.xstream:xstream,org.codehaus.xsite:xsite-core,x-stream/xsite,Silent,S1,After disclosure,1,544.5341550925926,383.3440162037037,321.3507638888889,
CVE-2016-3674,com.thoughtworks.xstream:xstream,org.ikasan:ikasan-test,ikasanEIP/ikasan,Silent,S1,After disclosure,1,848.9924421296296,687.8023032407407,625.8090509259259,
CVE-2016-3674,com.thoughtworks.xstream:xstream,net.bull.javamelody:javamelody-core,javamelody/javamelody,Silent,S1,After disclosure,1,582.101875,420.9117361111111,358.9184837962963,
CVE-2016-3674,com.thoughtworks.xstream:xstream,org.sonatype.maven.shell:mvnsh-nexus,jdillon/mvnsh,Silent,S1,Before release,0,154.05144675925925,-7.1386921296296295,-69.13194444444444,
CVE-2016-3674,com.thoughtworks.xstream:xstream,de.viaboxx:dbmigrate,viaboxxsystems/agimatec-tools,Silent,S1,After disclosure,1,226.5930439814815,65.40290509259259,3.4096527777777776,
CVE-2016-3674,com.thoughtworks.xstream:xstream,org.sonarsource.php:sonar-php-plugin,SonarCommunity/sonar-php,Silent,S1,After disclosure,1,848.5949768518518,687.4048379629629,625.4115856481482,
CVE-2016-3674,com.thoughtworks.xstream:xstream,org.broadleafcommerce:broadleaf-profile-web,BroadleafCommerce/BroadleafCommerce,Silent,S1,After disclosure,1,694.7669907407408,533.5768518518519,471.58359953703706,
CVE-2016-3674,com.thoughtworks.xstream:xstream,de.viaboxx:nlstools,viaboxxsystems/nlstools,Silent,S1,Safe window,0,173.32535879629629,12.135219907407407,-49.85803240740741,
CVE-2016-3674,com.thoughtworks.xstream:xstream,org.jbehave:jbehave-core,jbehave/jbehave-core,Silent,S1,Safe window,0,208.5770138888889,47.386875,-14.606377314814814,
CVE-2016-3674,com.thoughtworks.xstream:xstream,org.pitest:pitest,hcoles/pitest,Silent,S1,After disclosure,1,802.1203240740741,640.9301851851852,578.9369328703704,
CVE-2016-3674,com.thoughtworks.xstream:xstream,org.sakaiproject:sakai-citations-impl,sakaiproject/sakai,Silent,S1,After disclosure,1,1563.9147106481482,1402.724571759259,1340.7313194444444,
CVE-2016-3674,com.thoughtworks.xstream:xstream,com.custardsource.parfait:parfait-cxf,performancecopilot/parfait,Silent,S1,After disclosure,1,1799.3776157407408,1638.187476851852,1576.1942245370371,
CVE-2016-3674,com.thoughtworks.xstream:xstream,org.axonframework:axon-core,AxonFramework/AxonFramework,Silent,S1,After disclosure,1,236.49626157407408,75.30612268518519,13.312870370370373,
CVE-2021-29943,org.apache.solr:solr-core,cool.solr:solr-thymeleaf,solr-cool/solr-thymeleaf,Transparent,T2,After disclosure,1,57.29460648148148,-336.63846064814817,49.84581018518519,84.12358796296296
CVE-2021-29943,org.apache.solr:solr-core,com.lucidworks.spark:spark-solr,LucidWorks/spark-solr,Transparent,T2,After disclosure,1,10.061631944444445,-383.8714351851852,2.612835648148148,36.89061342592593
CVE-2021-29943,org.apache.solr:solr-core,cool.solr:solr-analyzers,solr-cool/solr-analyzers,Transparent,T2,After disclosure,1,57.710648148148145,-336.2224189814815,50.26185185185185,84.53962962962963
CVE-2021-29943,org.apache.solr:solr-core,cool.solr:solr-util,solr-cool/solr-util,Transparent,T2,After disclosure,1,57.191516203703706,-336.74155092592594,49.742719907407405,84.02049768518519
CVE-2021-29943,org.apache.solr:solr-core,org.textexploration.mtas:mtas,textexploration/mtas,Transparent,T2,After disclosure,1,61.737291666666664,-332.19577546296296,54.28849537037037,88.56627314814814
CVE-2015-7940,org.bouncycastle:bcprov-jdk15on,com.xeiam.xchange:xchange-coinfloor,timmolter/XChange,Silent,S1,After disclosure,1,814.0567708333333,810.9841898148148,339.86480324074074,
CVE-2015-7940,org.bouncycastle:bcprov-jdk15on,com.googlecode.xades4j:xades4j,luisgoncalves/xades4j,Silent,S1,After disclosure,1,1007.9447222222224,1004.8721412037036,533.7527546296296,
CVE-2015-7940,org.bouncycastle:bcprov-jdk15on,com.squareup.okhttp:benchmarks,square/okhttp,Silent,S1,After disclosure,1,1368.6406944444443,1365.568113425926,894.4487268518518,
CVE-2015-7940,org.bouncycastle:bcprov-jdk15on,org.keycloak:keycloak-tomcat-core-adapter,keycloak/keycloak,Silent,S1,After disclosure,1,566.5909837962963,563.5184027777777,92.39901620370372,
CVE-2015-7940,org.bouncycastle:bcprov-jdk15on,eu.eu-emi.security:canl,eu-emi/canl-java,Silent,S1,Safe window,0,364.6489583333333,361.5763773148148,-109.54300925925926,
CVE-2015-7940,org.bouncycastle:bcprov-jdk15on,no.difi.sdp:sikker-digital-post-java-klient,difi/sikker-digital-post-klient,Silent,S1,After disclosure,1,707.7084375,704.6358564814815,233.5164699074074,
CVE-2015-7940,org.bouncycastle:bcprov-jdk15on,net.theblackchamber:commons-encryption,TheBlackChamber/commons-encryption,Silent,S1,Safe window,0,327.00412037037034,323.9315393518518,-147.18784722222222,
CVE-2015-7940,org.bouncycastle:bcprov-jdk15on,com.github.davidcarboni:cryptolite,davidcarboni/Cryptolite,Silent,S1,Safe window,0,399.7425347222222,396.6699537037037,-74.44943287037037,
CVE-2019-10088,org.apache.tika:tika-core,io.rocketbase.commons:commons-asset-core,rocketbase-io/commons-asset,Silent,S1,Safe window,0,34.22827546296296,1.3658912037037036,-2.1266782407407407,
CVE-2019-10088,org.apache.tika:tika-core,org.restheart:restheart,SoftInstigate/restheart,Silent,S1,After disclosure,1,41.73596064814815,8.873576388888889,5.381006944444445,
CVE-2019-10088,org.apache.tika:tika-core,org.appng:appng-search,appNG/appng,Silent,S1,After disclosure,1,1056.862337962963,1023.9999537037036,1020.5073842592592,
CVE-2019-10088,org.apache.tika:tika-core,com.buschmais.jqassistant.neo4jserver:neo4jv3,jqassistant/jqa-neo4j-backend,Silent,S1,After disclosure,1,145.77599537037037,112.91361111111112,109.42104166666668,
CVE-2019-10088,org.apache.tika:tika-core,com.github.mike10004:har-replay-exec,mike10004/har-replay,Silent,S1,After disclosure,1,98.10986111111112,65.24747685185186,61.75490740740741,
CVE-2019-10088,org.apache.tika:tika-core,com.digitalpebble.stormcrawler:storm-crawler-core,DigitalPebble/storm-crawler,Silent,S1,After disclosure,1,39.61972222222222,6.757337962962963,3.2647685185185185,
CVE-2015-0886,org.mindrot:jbcrypt,org.ninjaframework:ninja-core,ninjaframework/ninja,Silent,S1,After disclosure,1,1298.2703703703703,1298.2703703703703,1273.7681944444444,
CVE-2015-0886,org.mindrot:jbcrypt,io.restx:restx-core-shell,restx/restx-shell,Silent,S1,After disclosure,1,285.980474537037,285.980474537037,261.4782986111111,
CVE-2015-0886,org.mindrot:jbcrypt,com.aerospike:aerospike-client,aerospike/aerospike-client-java,Silent,S1,After disclosure,1,1305.437476851852,1305.437476851852,1280.935300925926,
CVE-2015-0886,org.mindrot:jbcrypt,com.squareup.keywhiz:keywhiz-server,square/keywhiz,Silent,S1,After disclosure,1,128.50293981481482,128.50293981481482,104.00076388888888,
CVE-2015-0886,org.mindrot:jbcrypt,io.restx:restx-security-basic,restx/restx,Silent,S1,After disclosure,1,1801.748761574074,1801.748761574074,1777.246585648148,
CVE-2016-1000352,org.bouncycastle:bcprov-jdk15on,de.taimos:dvalin-jaxrs,taimos/dvalin,Silent,S1,After disclosure,1,1972.0563773148149,1853.8975694444443,1326.5434953703705,
CVE-2016-1000352,org.bouncycastle:bcprov-jdk15on,net.anotheria:ano-util,anotheria/ano-util,Silent,S1,After disclosure,1,1812.1581944444445,1693.9993865740742,1166.6453125,
CVE-2016-1000352,org.bouncycastle:bcprov-jdk15on,org.smallmind:smallmind-nutsnbolts,zenbones/SmallMind,Silent,S1,After disclosure,1,969.3613657407408,851.2025578703704,323.8484837962963,
CVE-2016-1000352,org.bouncycastle:bcprov-jdk15on,io.netty:netty-example,netty/netty,Silent,S1,After disclosure,1,1588.2849189814815,1470.1261111111112,942.7720370370372,
CVE-2016-1000352,org.bouncycastle:bcprov-jdk15on,de.alpharogroup:crypt-core,astrapi69/mystic-crypt,Silent,S1,Safe window,0,497.036875,378.8780671296296,-148.47600694444444,
CVE-2016-1000352,org.bouncycastle:bcprov-jdk15on,io.baltoro:client-lib,junaidontable/baltoro.lib,Silent,S1,After disclosure,1,1339.6739583333333,1221.515150462963,694.1610763888889,
CVE-2016-1000352,org.bouncycastle:bcprov-jdk15on,net.sf.openas2:openas2-server,OpenAS2/OpenAs2App,Silent,S1,After disclosure,1,646.2744907407407,528.1156828703704,0.7616087962962963,
CVE-2016-1000352,org.bouncycastle:bcprov-jdk15on,com.augustcellars.cose:cose-java,cose-wg/cose-java,Silent,S1,After disclosure,1,1045.3356018518518,927.1767939814816,399.8227199074074,
CVE-2016-1000352,org.bouncycastle:bcprov-jdk15on,org.digidoc4j:digidoc4j,open-eid/digidoc4j,Silent,S1,Safe window,0,535.8911921296296,417.7323842592593,-109.6216898148148,
CVE-2016-1000352,org.bouncycastle:bcprov-jdk15on,no.difi.sdp:sikker-digital-post-klient-java,difi/sikker-digital-post-klient,Silent,S1,After disclosure,1,930.0748148148148,811.9160069444445,284.56193287037036,
CVE-2016-1000352,org.bouncycastle:bcprov-jdk15on,com.cybersource:cybersource-sdk-java,CyberSource/cybersource-sdk-java,Silent,S1,After disclosure,1,921.09,802.9311921296296,275.57711805555556,
CVE-2016-1000352,org.bouncycastle:bcprov-jdk15on,no.digipost:digipost-api-client-java,digipost/digipost-api-client-java,Silent,S1,After disclosure,1,1479.9710185185186,1361.812210648148,834.458136574074,
CVE-2016-1000352,org.bouncycastle:bcprov-jdk15on,no.digipost:certificate-validator,digipost/certificate-validator,Silent,S1,After disclosure,1,1011.8386805555556,893.6798726851852,366.3257986111111,
CVE-2016-1000342,org.bouncycastle:bcprov-jdk15on,net.anotheria:ano-util,anotheria/ano-util,Silent,S1,After disclosure,1,1763.172337962963,1693.9993865740742,1166.6453125,
CVE-2016-1000342,org.bouncycastle:bcprov-jdk15on,de.alpharogroup:crypt-core,astrapi69/mystic-crypt,Silent,S1,Safe window,0,448.0510185185185,378.8780671296296,-148.47600694444444,
CVE-2016-1000342,org.bouncycastle:bcprov-jdk15on,no.digipost:digipost-api-client-java,digipost/digipost-api-client-java,Silent,S1,After disclosure,1,1430.985162037037,1361.812210648148,834.458136574074,
CVE-2016-1000342,org.bouncycastle:bcprov-jdk15on,io.baltoro:client-lib,junaidontable/baltoro.lib,Silent,S1,After disclosure,1,1290.6881018518518,1221.515150462963,694.1610763888889,
CVE-2016-1000342,org.bouncycastle:bcprov-jdk15on,org.smallmind:smallmind-nutsnbolts,zenbones/SmallMind,Silent,S1,After disclosure,1,920.3755092592592,851.2025578703704,323.8484837962963,
CVE-2016-1000342,org.bouncycastle:bcprov-jdk15on,org.digidoc4j:digidoc4j,open-eid/digidoc4j,Silent,S1,Safe window,0,486.90533564814814,417.7323842592593,-109.6216898148148,
CVE-2016-1000342,org.bouncycastle:bcprov-jdk15on,de.taimos:dvalin-jaxrs,taimos/dvalin,Silent,S1,After disclosure,1,1923.0705208333336,1853.8975694444443,1326.5434953703705,
CVE-2016-1000342,org.bouncycastle:bcprov-jdk15on,io.netty:netty-example,netty/netty,Silent,S1,After disclosure,1,1539.2990625,1470.1261111111112,942.7720370370372,
CVE-2016-1000342,org.bouncycastle:bcprov-jdk15on,net.sf.openas2:openas2-server,OpenAS2/OpenAs2App,Silent,S1,After disclosure,1,597.2886342592593,528.1156828703704,0.7616087962962963,
CVE-2016-1000342,org.bouncycastle:bcprov-jdk15on,com.cybersource:cybersource-sdk-java,CyberSource/cybersource-sdk-java,Silent,S1,After disclosure,1,872.1041435185185,802.9311921296296,275.57711805555556,
CVE-2016-1000342,org.bouncycastle:bcprov-jdk15on,no.difi.sdp:sikker-digital-post-klient-java,difi/sikker-digital-post-klient,Silent,S1,After disclosure,1,881.0889583333334,811.9160069444445,284.56193287037036,
CVE-2016-1000342,org.bouncycastle:bcprov-jdk15on,com.augustcellars.cose:cose-java,cose-wg/cose-java,Silent,S1,After disclosure,1,996.3497453703704,927.1767939814816,399.8227199074074,
CVE-2016-1000342,org.bouncycastle:bcprov-jdk15on,no.digipost:certificate-validator,digipost/certificate-validator,Silent,S1,After disclosure,1,962.852824074074,893.6798726851852,366.3257986111111,
CVE-2020-11612,io.netty:netty-codec,io.servicecomb:foundation-config,ServiceComb/java-chassis,Transparent,T1,Before release,0,6.744918981481481,-21.02289351851852,-59.747372685185184,30.440925925925924
CVE-2020-11612,io.netty:netty-codec,com.corundumstudio.socketio:netty-socketio,mrniko/netty-socketio,Transparent,T1,After disclosure,1,131.955,104.1871875,65.46270833333334,155.65100694444445
CVE-2020-5397,org.springframework:spring-web,org.flowable:flowable-ui-admin-logic,flowable/flowable-engine,Transparent,T1,After disclosure,1,55.23050925925926,54.253182870370374,51.586921296296296,58.0128125
CVE-2020-5397,org.springframework:spring-web,de.alpharogroup:spring-tool-extensions,astrapi69/spring-tool-extensions,Transparent,T1,After disclosure,1,16.344108796296297,15.366782407407408,12.700520833333334,19.12641203703704
CVE-2020-5397,org.springframework:spring-web,com.github.research-virtualfortknox:msb-client-api,research-virtualfortknox/msb-client-websocket-java,Transparent,T1,After disclosure,1,23.728032407407408,22.750706018518517,20.084444444444443,26.51033564814815
CVE-2020-5397,org.springframework:spring-web,org.apache.openmeetings:openmeetings-db,apache/openmeetings,Transparent,T1,After disclosure,1,4.897245370370371,3.9199189814814814,1.2536574074074074,7.679548611111112
CVE-2020-5397,org.springframework:spring-web,com.liferay.portletmvc4spring:com.liferay.portletmvc4spring.test,liferay/portletmvc4spring,Transparent,T1,After disclosure,1,95.5158101851852,94.53848379629628,91.87222222222222,98.29811342592592
CVE-2020-5397,org.springframework:spring-web,com.holon-platform.core:documentation-core,holon-platform/holon-core,Transparent,T1,After disclosure,1,172.3295486111111,171.35222222222222,168.68596064814815,175.11185185185184
CVE-2020-5397,org.springframework:spring-web,org.springframework.hateoas:spring-hateoas,spring-projects/spring-hateoas,Transparent,T1,Safe window,0,1.9391319444444444,0.9618055555555556,-1.7044560185185185,4.721435185185185
CVE-2020-5397,org.springframework:spring-web,com.github.rockylomo:rxlib,RockyLOMO/rxlib,Transparent,T1,After disclosure,1,45.776099537037034,44.79877314814815,42.13251157407407,48.55840277777778
CVE-2020-5397,org.springframework:spring-web,org.wicketstuff:wicketstuff-springreference,wicketstuff/core,Transparent,T1,After disclosure,1,84.28050925925926,83.30318287037036,80.6369212962963,87.0628125
CVE-2019-12402,org.apache.commons:commons-compress,com.github.docker-java:docker-java,docker-java/docker-java,Silent,S1,After disclosure,1,7.12261574074074,6.071666666666666,0.828125,
CVE-2019-12402,org.apache.commons:commons-compress,no.difi.sdp:sikker-digital-post-klient-java,difi/sikker-digital-post-klient,Silent,S1,After disclosure,1,209.66119212962963,208.61024305555551,203.36670138888888,
CVE-2019-12402,org.apache.commons:commons-compress,nl.jpoint.vertx-deploy-tools:vertx-deploy-agent,msoute/vertx-deploy-mod,Silent,S1,After disclosure,1,12.749814814814815,11.69886574074074,6.455324074074074,
CVE-2019-12402,org.apache.commons:commons-compress,gov.nasa.pds:registry,NASA-PDS-Incubator/registry,Silent,S1,After disclosure,1,216.0276273148148,214.9766782407407,209.73313657407408,
CVE-2019-12402,org.apache.commons:commons-compress,de.tudarmstadt.ukp.dkpro.core:de.tudarmstadt.ukp.dkpro.core.api.datasets-asl,dkpro/dkpro-core,Silent,S1,After disclosure,1,79.08479166666666,78.03384259259259,72.79030092592592,
CVE-2019-12402,org.apache.commons:commons-compress,org.mycore:mycore-impex,MyCoRe-Org/mycore,Silent,S1,After disclosure,1,103.05195601851852,102.00100694444444,96.75746527777778,
CVE-2019-12402,org.apache.commons:commons-compress,org.opentripplanner:otp,opentripplanner/OpenTripPlanner,Silent,S1,After disclosure,1,90.51626157407408,89.4653125,84.22177083333334,
CVE-2019-12402,org.apache.commons:commons-compress,com.github.fartherp:framework-compress,fartherp/framework,Silent,S1,After disclosure,1,141.71141203703704,140.66046296296295,135.4169212962963,
CVE-2019-12402,org.apache.commons:commons-compress,org.apache.royale.compiler:compiler-build-tools,apache/royale-compiler,Silent,S1,After disclosure,1,221.51061342592592,220.45966435185184,215.2161226851852,
CVE-2019-12402,org.apache.commons:commons-compress,com.openshift:openshift-restclient-java,openshift/openshift-restclient-java,Silent,S1,After disclosure,1,739.8926851851852,738.8417361111111,733.5981944444444,
CVE-2019-12402,org.apache.commons:commons-compress,org.orderofthebee.support-tools:support-tools-share,OrderOfTheBee/ootbee-support-tools,Silent,S1,After disclosure,1,122.21327546296295,121.16232638888889,115.91878472222224,
CVE-2019-12402,org.apache.commons:commons-compress,us.dustinj.timezonemap:timezonemap-data,dustin-johnson/timezonemap,Silent,S1,After disclosure,1,133.90498842592592,132.85403935185184,127.61049768518518,
CVE-2019-12402,org.apache.commons:commons-compress,com.aerse.maven:deb-maven-plugin,dernasherbrezon/deb-maven-plugin,Silent,S1,After disclosure,1,49.08261574074074,48.031666666666666,42.788125,
CVE-2019-12402,org.apache.commons:commons-compress,no.difi.meldingsutveksling:altinn-client,felleslosninger/efm-integrasjonspunkt,Silent,S1,After disclosure,1,460.7554398148148,459.7044907407408,454.4609490740741,
CVE-2019-12402,org.apache.commons:commons-compress,org.appng:appng-core,appNG/appng,Silent,S1,After disclosure,1,81.83577546296296,80.78482638888889,75.54128472222222,
CVE-2019-12402,org.apache.commons:commons-compress,io.github.stephenc.docker:junit-docker-rule,stephenc/junit-docker-rule,Silent,S1,After disclosure,1,535.8138078703704,534.7628587962963,529.5193171296296,
CVE-2019-12402,org.apache.commons:commons-compress,com.samsungsds.analyst:code-analyst,RedCA-Family/code-analyst,Silent,S1,After disclosure,1,326.6040046296296,325.55305555555555,320.3095138888889,
CVE-2019-12402,org.apache.commons:commons-compress,io.archivesunleashed:aut,archivesunleashed/aut,Silent,S1,After disclosure,1,52.12244212962963,51.07149305555556,45.82795138888889,
CVE-2019-12402,org.apache.commons:commons-compress,org.rauschig:jarchivelib,thrau/jarchivelib,Silent,S1,After disclosure,1,363.81663194444445,362.7656828703704,357.5221412037037,
CVE-2019-12402,org.apache.commons:commons-compress,org.opencastproject:opencast-ingest-service-impl,opencast/opencast,Silent,S1,After disclosure,1,66.64793981481482,65.59699074074074,60.35344907407407,
CVE-2019-12402,org.apache.commons:commons-compress,com.redhat.red.build:koji-build-finder,release-engineering/koji-build-finder,Silent,S1,After disclosure,1,6.971608796296296,5.920659722222222,0.6771180555555556,
CVE-2019-12402,org.apache.commons:commons-compress,io.logz.sawmill:sawmill-core,logzio/sawmill,Silent,S1,After disclosure,1,74.71516203703703,73.66421296296296,68.42067129629629,
CVE-2019-12402,org.apache.commons:commons-compress,com.github.nosan:embedded-cassandra,nosan/embedded-cassandra,Silent,S1,Safe window,0,4.6991550925925925,3.6482060185185183,-1.5953356481481482,
CVE-2019-12402,org.apache.commons:commons-compress,nl.inl.blacklab:blacklab,INL/BlackLab,Silent,S1,After disclosure,1,139.8154861111111,138.76453703703703,133.52099537037037,
CVE-2019-12402,org.apache.commons:commons-compress,com.buschmais.jqassistant.plugin:common,jqassistant/jqa-plugin-common,Silent,S1,After disclosure,1,49.63440972222222,48.58346064814815,43.33991898148148,
CVE-2019-12402,org.apache.commons:commons-compress,org.dishevelled:dsh-compress,heuermh/dishevelled,Silent,S1,Safe window,0,4.948113425925926,3.897164351851852,-1.3463773148148148,
CVE-2019-12402,org.apache.commons:commons-compress,org.spdx:spdx-tools,spdx/tools,Silent,S1,After disclosure,1,49.98761574074074,48.93666666666667,43.693125,
CVE-2019-12402,org.apache.commons:commons-compress,com.googlecode.cmake-maven-project:cmake-binaries-plugin,cmake-maven-project/cmake-maven-project,Silent,S1,After disclosure,1,53.12645833333333,52.075509259259256,46.83196759259259,
CVE-2019-12402,org.apache.commons:commons-compress,jp.co.yahoo.yosegi:yosegi,yahoojapan/yosegi,Silent,S1,After disclosure,1,67.35888888888888,66.30793981481482,61.06439814814815,
CVE-2019-12402,org.apache.commons:commons-compress,ca.uhn.hapi.fhir:hapi-fhir-cli-api,hapifhir/hapi-fhir,Silent,S1,After disclosure,1,52.263020833333336,51.21207175925926,45.968530092592594,
CVE-2019-12402,org.apache.commons:commons-compress,com.github.timofeevda.jstressy:jstressy-maven-plugin,timofeevda/jstressy,Silent,S1,After disclosure,1,81.63373842592593,80.58278935185186,75.33924768518519,
CVE-2019-12402,org.apache.commons:commons-compress,org.neo4j:neo4j-dbms,neo4j/neo4j,Silent,S1,After disclosure,1,18.060659722222223,17.009710648148147,11.76616898148148,
CVE-2019-12402,org.apache.commons:commons-compress,org.cloudfoundry:cloudfoundry-util,cloudfoundry/cf-java-client,Silent,S1,After disclosure,1,33.91104166666667,32.86009259259259,27.616550925925925,
CVE-2019-12402,org.apache.commons:commons-compress,com.redhat.engineering:srcclr,project-ncl/sourceclear-invoker,Silent,S1,After disclosure,1,80.86886574074074,79.81791666666666,74.574375,
CVE-2019-12402,org.apache.commons:commons-compress,com.xenoamess.docker:docker-client,XenoAmess/docker-client,Silent,S1,After disclosure,1,879.9651041666667,878.9141550925926,873.6706134259259,
CVE-2019-12402,org.apache.commons:commons-compress,org.aksw.jena-sparql-api:jena-sparql-api-core,AKSW/jena-sparql-api,Silent,S1,After disclosure,1,144.67202546296295,143.6210763888889,138.3775347222222,
CVE-2019-12402,org.apache.commons:commons-compress,org.fedoraproject.xmvn:xmvn-install,fedora-java/xmvn,Silent,S1,After disclosure,1,65.12317129629629,64.07222222222222,58.82868055555556,
CVE-2019-12402,org.apache.commons:commons-compress,org.owasp:dependency-check-core,jeremylong/DependencyCheck,Silent,S1,After disclosure,1,28.75625,27.70530092592593,22.46175925925926,
CVE-2019-12402,org.apache.commons:commons-compress,com.github.dgroup:docker-unittests,dgroup/docker-unittests,Silent,S1,After disclosure,1,7.190763888888889,6.139814814814815,0.8962731481481482,
CVE-2019-12402,org.apache.commons:commons-compress,com.spotify:bigtable-autoscaler,spotify/bigtable-autoscaler,Silent,S1,After disclosure,1,51.758402777777775,50.707453703703706,45.46391203703703,
CVE-2019-12402,org.apache.commons:commons-compress,org.vafer:jdeb,tcurdt/jdeb,Silent,S1,After disclosure,1,209.35362268518517,208.30267361111112,203.05913194444443,
CVE-2019-12402,org.apache.commons:commons-compress,com.sangupta:jerry-core,sangupta/jerry-core,Silent,S1,After disclosure,1,60.13212962962963,59.081180555555555,53.83763888888889,
CVE-2019-12402,org.apache.commons:commons-compress,org.apache.any23:apache-any23-core,apache/any23,Silent,S1,After disclosure,1,87.94423611111111,86.89328703703704,81.64974537037037,
CVE-2019-12402,org.apache.commons:commons-compress,com.lithium.flow:flow,lithiumtech/flow,Silent,S1,After disclosure,1,12.433171296296296,11.382222222222222,6.138680555555555,
CVE-2019-12402,org.apache.commons:commons-compress,ru.kontur.extern-api:extern-api-java-sdk-common,skbkontur/extern-java-sdk,Silent,S1,After disclosure,1,209.78982638888888,208.73887731481483,203.49533564814817,
CVE-2019-12402,org.apache.commons:commons-compress,org.deeplearning4j:dl4j-spark-parameterserver_2.11,deeplearning4j/deeplearning4j,Silent,S1,After disclosure,1,82.65444444444445,81.60349537037037,76.35995370370371,
CVE-2019-12402,org.apache.commons:commons-compress,com.github.nscuro:webdriver-manager,nscuro/webdriver-manager,Silent,S1,After disclosure,1,37.06059027777778,36.0096412037037,30.766099537037036,
CVE-2019-12402,org.apache.commons:commons-compress,org.hyperledger.fabric-sdk-java:fabric-sdk-java,hyperledger/fabric-sdk-java,Silent,S1,After disclosure,1,96.87335648148148,95.8224074074074,90.57886574074074,
CVE-2019-12402,org.apache.commons:commons-compress,org.fuin.esmp:es-maven-plugin,fuinorg/event-store-maven-plugin,Silent,S1,After disclosure,1,196.81876157407407,195.7678125,190.52427083333333,
CVE-2019-12402,org.apache.commons:commons-compress,org.deeplearning4j:deeplearning4j-core,eclipse/deeplearning4j,Silent,S1,After disclosure,1,831.3724652777778,830.3215162037037,825.077974537037,
CVE-2019-12402,org.apache.commons:commons-compress,com.wix:wix-embedded-mysql,wix/wix-embedded-mysql,Silent,S1,After disclosure,1,71.17719907407407,70.12625,64.88270833333333,
CVE-2019-12402,org.apache.commons:commons-compress,com.graphhopper:graphhopper-tools,graphhopper/graphhopper,Silent,S1,After disclosure,1,178.90487268518518,177.8539236111111,172.61038194444444,
CVE-2019-12402,org.apache.commons:commons-compress,io.kubernetes:client-java,kubernetes-client/java,Silent,S1,After disclosure,1,52.20451388888889,51.153564814814814,45.91002314814815,
CVE-2019-12402,org.apache.commons:commons-compress,com.github.eirslett:frontend-plugin-core,eirslett/frontend-maven-plugin,Silent,S1,After disclosure,1,125.81052083333331,124.75957175925926,119.5160300925926,
CVE-2019-12402,org.apache.commons:commons-compress,org.mandas:docker-client,dmandalidis/docker-client,Silent,S1,After disclosure,1,49.50412037037037,48.4531712962963,43.20962962962963,
CVE-2019-12402,org.apache.commons:commons-compress,io.github.zlika:reproducible-build-maven-plugin,Zlika/reproducible-build-maven-plugin,Silent,S1,After disclosure,1,54.07961805555556,53.02866898148148,47.785127314814815,
CVE-2019-12402,org.apache.commons:commons-compress,com.rapid7.docker:docker-image-analyzer,rapid7/docker-image-analyzer,Silent,S1,After disclosure,1,103.42465277777778,102.3737037037037,97.13016203703704,
CVE-2019-12402,org.apache.commons:commons-compress,org.powertac:logtool-core,powertac/powertac-server,Silent,S1,After disclosure,1,93.91704861111111,92.86609953703704,87.62255787037037,
CVE-2019-12402,org.apache.commons:commons-compress,org.idpf:epubcheck,w3c/epubcheck,Silent,S1,After disclosure,1,251.20246527777775,250.1515162037037,244.90797453703703,
CVE-2019-12402,org.apache.commons:commons-compress,io.fabric8:kubernetes-client,fabric8io/kubernetes-client,Silent,S1,After disclosure,1,198.71990740740745,197.66895833333336,192.42541666666668,
CVE-2019-12402,org.apache.commons:commons-compress,fr.inria.gforge.spoon:spoon-core,INRIA/spoon,Silent,S1,After disclosure,1,59.903634259259256,58.85268518518519,53.60914351851852,
CVE-2019-12402,org.apache.commons:commons-compress,com.kiwigrid:helm-maven-plugin,kokuwaio/helm-maven-plugin,Silent,S1,After disclosure,1,98.15121527777778,97.1002662037037,91.85672453703704,
CVE-2019-12402,org.apache.commons:commons-compress,org.beangle.ems:beangle-ems-core,beangle/beangle3,Silent,S1,After disclosure,1,60.88628472222222,59.835335648148146,54.59179398148148,
CVE-2019-12402,org.apache.commons:commons-compress,com.axway.ats.framework:ats-core,Axway/ats-framework,Silent,S1,After disclosure,1,51.632152777777776,50.58120370370371,45.337662037037035,
CVE-2019-12402,org.apache.commons:commons-compress,io.wcm.tooling.commons:io.wcm.tooling.commons.crx-packmgr-helper,wcm-io/io.wcm.tooling.commons.crx-packmgr-helper,Silent,S1,After disclosure,1,58.66613425925926,57.61518518518518,52.37164351851852,
CVE-2019-12402,org.apache.commons:commons-compress,com.qcloud.oceanus:flink-core,apache/flink,Silent,S1,After disclosure,1,202.95489583333332,201.90394675925927,196.66040509259255,
CVE-2019-12402,org.apache.commons:commons-compress,com.igormaznitsa:mvn-golang-wrapper,raydac/mvn-golang,Silent,S1,After disclosure,1,50.15384259259259,49.10289351851852,43.859351851851855,
CVE-2019-12402,org.apache.commons:commons-compress,de.flapdoodle.embed:de.flapdoodle.embed.process,flapdoodle-oss/de.flapdoodle.embed.process,Silent,S1,After disclosure,1,173.60268518518518,172.5517361111111,167.30819444444444,
CVE-2019-12402,org.apache.commons:commons-compress,com.heroku.sdk:heroku-deploy,heroku/heroku-maven-plugin,Silent,S1,After disclosure,1,58.89962962962963,57.84868055555555,52.60513888888889,
CVE-2019-12402,org.apache.commons:commons-compress,io.zonky.test:embedded-postgres,zonkyio/embedded-postgres,Silent,S1,After disclosure,1,18.855162037037037,17.804212962962964,12.560671296296295,
CVE-2019-12402,org.apache.commons:commons-compress,com.igormaznitsa:mvn-jlink-wrapper,raydac/mvn-jlink,Silent,S1,After disclosure,1,50.47587962962963,49.424930555555555,44.18138888888889,
CVE-2018-8009,org.apache.hadoop:hadoop-common,org.janusgraph:janusgraph-all,JanusGraph/janusgraph,Transparent,T2,After disclosure,1,399.0108564814815,225.16056712962964,225.7336921296296,399.3862384259259
CVE-2018-8009,org.apache.hadoop:hadoop-common,com.lithium.flow:flow,lithiumtech/flow,Transparent,T2,After disclosure,1,255.38150462962963,81.53121527777778,82.10434027777778,255.7568865740741
CVE-2018-8009,org.apache.hadoop:hadoop-common,com.ibm.stocator:stocator,SparkTC/stocator,Transparent,T2,After disclosure,1,1470.5579861111112,1296.7076967592593,1297.2808217592592,1470.9333680555555
CVE-2018-8009,org.apache.hadoop:hadoop-common,io.vitess:vitess-hadoop,vitessio/vitess,Transparent,T2,After disclosure,1,663.4363773148148,489.58608796296295,490.15921296296295,663.8117592592592
CVE-2018-8009,org.apache.hadoop:hadoop-common,com.yahoo.datasketches:sketches-pig,DataSketches/sketches-pig,Transparent,T2,After disclosure,1,502.3001273148148,328.449837962963,329.02296296296294,502.6755092592593
CVE-2018-8009,org.apache.hadoop:hadoop-common,com.hotels:waggle-dance-core,ExpediaGroup/waggle-dance,Transparent,T2,After disclosure,1,1364.975127314815,1191.124837962963,1191.697962962963,1365.3505092592593
CVE-2018-8009,org.apache.hadoop:hadoop-common,org.datasyslab:geospark,DataSystemsLab/GeoSpark,Transparent,T2,After disclosure,1,1532.4225810185185,1358.5722916666666,1359.1454166666667,1532.7979629629629
CVE-2018-8009,org.apache.hadoop:hadoop-common,com.github.jsr203hadoop:jsr203hadoop,damiencarol/jsr203-hadoop,Transparent,T2,After disclosure,1,1039.2544560185186,865.4041666666667,865.9772916666667,1039.629837962963
CVE-2018-8009,org.apache.hadoop:hadoop-common,com.marklogic:mlcp,marklogic/marklogic-contentpump,Transparent,T2,After disclosure,1,1517.3261458333334,1343.4758564814815,1344.0489814814814,1517.7015277777778
CVE-2018-8009,org.apache.hadoop:hadoop-common,com.yahoo.datasketches:sketches-hive,DataSketches/sketches-hive,Transparent,T2,After disclosure,1,211.25416666666663,37.403877314814814,37.97700231481482,211.62954861111112
CVE-2021-39151,com.thoughtworks.xstream:xstream,com.swiftmq:swiftmq-client,iitsoftware/swiftmq-client,Silent,S1,After disclosure,1,90.8319212962963,3.0717939814814814,2.6535532407407407,
CVE-2021-39151,com.thoughtworks.xstream:xstream,com.thankjava.toolkit3d:fast-toolkit3d,lazy-koala/java-toolkit,Silent,S1,After disclosure,1,250.21828703703704,162.45815972222223,162.0399189814815,
CVE-2021-39151,com.thoughtworks.xstream:xstream,org.infinispan:infinispan-server-core,infinispan/infinispan,Silent,S1,After disclosure,1,90.92130787037036,3.1611805555555557,2.742939814814815,
CVE-2021-39151,com.thoughtworks.xstream:xstream,org.smooks:smooks-core,smooks/smooks,Silent,S1,After disclosure,1,188.71425925925925,100.95413194444444,100.5358912037037,
CVE-2021-39151,com.thoughtworks.xstream:xstream,org.patterntesting:patterntesting-rt,oboehm/PatternTesting2,Silent,S1,After disclosure,1,206.77474537037037,119.01461805555556,118.59637731481482,
CVE-2021-39151,com.thoughtworks.xstream:xstream,org.javalite:javalite-async,javalite/activejdbc,Silent,S1,After disclosure,1,90.84152777777778,3.081400462962963,2.6631597222222223,
CVE-2021-39151,com.thoughtworks.xstream:xstream,com.sangupta:jerry-core,sangupta/jerry-core,Silent,S1,After disclosure,1,132.8827777777778,45.122650462962966,44.70440972222222,
CVE-2021-39151,com.thoughtworks.xstream:xstream,com.github.psi-probe:psi-probe-core,psi-probe/psi-probe,Silent,S1,After disclosure,1,88.47140046296296,0.7112731481481481,0.2930324074074074,
CVE-2021-39151,com.thoughtworks.xstream:xstream,de.alpharogroup:email-tails,lightblueseas/email-tails,Silent,S1,After disclosure,1,277.79394675925926,190.03381944444445,189.6155787037037,
CVE-2021-39151,com.thoughtworks.xstream:xstream,org.wicketstuff:jqplot4java,wicketstuff/core,Silent,S1,After disclosure,1,90.83532407407408,3.075196759259259,2.6569560185185184,
CVE-2021-39151,com.thoughtworks.xstream:xstream,org.ikasan:ikasan-builder,ikasanEIP/ikasan,Silent,S1,After disclosure,1,102.98252314814816,15.222395833333334,14.804155092592593,
CVE-2021-39151,com.thoughtworks.xstream:xstream,io.quarkus:quarkus-junit5,quarkusio/quarkus,Silent,S1,After disclosure,1,89.03791666666666,1.277789351851852,0.8595486111111111,
CVE-2021-39151,com.thoughtworks.xstream:xstream,com.xceptance:xlt,Xceptance/XLT,Silent,S1,After disclosure,1,96.81370370370372,9.053576388888889,8.635335648148148,
CVE-2021-39151,com.thoughtworks.xstream:xstream,org.optaplanner:optaplanner-examples,kiegroup/optaplanner,Silent,S1,After disclosure,1,96.87336805555556,9.11324074074074,8.695,
CVE-2021-39151,com.thoughtworks.xstream:xstream,com.github.spotbugs:sonar-findbugs-plugin,spotbugs/sonar-findbugs,Silent,S1,After disclosure,1,91.1416550925926,3.381527777777778,2.963287037037037,
CVE-2021-39151,com.thoughtworks.xstream:xstream,ro.pippo:pippo-xstream,pippo-java/pippo,Silent,S1,After disclosure,1,159.55355324074074,71.79342592592593,71.37518518518519,
CVE-2021-39151,com.thoughtworks.xstream:xstream,org.powertac:common,powertac/powertac-core,Silent,S1,After disclosure,1,131.89693287037036,44.136805555555554,43.71856481481481,
CVE-2021-39151,com.thoughtworks.xstream:xstream,net.ripe.rpki:rpki-commons,RIPE-NCC/rpki-commons,Silent,S1,After disclosure,1,91.6731712962963,3.9130439814814815,3.494803240740741,
CVE-2021-39151,com.thoughtworks.xstream:xstream,org.springframework.batch:spring-batch-core,spring-projects/spring-batch,Silent,S1,After disclosure,1,90.88295138888888,3.122824074074074,2.7045833333333333,
CVE-2021-39151,com.thoughtworks.xstream:xstream,no.mnemonic.messaging:requestsink-jms,mnemonic-no/messaging,Silent,S1,After disclosure,1,105.54498842592592,17.784861111111113,17.36662037037037,
CVE-2021-43859,com.thoughtworks.xstream:xstream,org.pitest:pitest,hcoles/pitest,Silent,S1,After disclosure,1,2.335451388888889,2.2988773148148147,0.0393518518518518,
CVE-2021-43859,com.thoughtworks.xstream:xstream,org.sonarsource.sonar-findbugs-plugin:sonar-findbugs-plugin,SonarSource/sonar-findbugs,Silent,S1,After disclosure,1,13.939953703703704,13.90337962962963,11.643854166666667,
CVE-2021-43859,com.thoughtworks.xstream:xstream,net.bull.javamelody:javamelody-core,javamelody/javamelody,Silent,S1,After disclosure,1,63.97945601851852,63.94288194444445,61.68335648148148,
CVE-2021-43859,com.thoughtworks.xstream:xstream,com.custardsource.parfait:parfait-cxf,performancecopilot/parfait,Silent,S1,After disclosure,1,2.335821759259259,2.2992476851851853,0.0397222222222222,
CVE-2021-43859,com.thoughtworks.xstream:xstream,com.servicelibre:jxsl,mercibe/jxsl,Silent,S1,After disclosure,1,2.335775462962963,2.2992013888888887,0.0396759259259259,
CVE-2021-43859,com.thoughtworks.xstream:xstream,org.sbml.jsbml:jsbml-core,sbmlteam/jsbml,Silent,S1,After disclosure,1,2.9288773148148146,2.8923032407407407,0.6327777777777778,
CVE-2021-28164,org.eclipse.jetty:jetty-server,us.springett:alpine-executable-war,stevespringett/Alpine,Silent,S1,After disclosure,1,54.051574074074075,52.70025462962963,46.10050925925926,
CVE-2021-28164,org.eclipse.jetty:jetty-server,org.aktin:broker-admin,aktin/broker,Silent,S1,After disclosure,1,174.87399305555556,173.52267361111112,166.92292824074073,
CVE-2021-28164,org.eclipse.jetty:jetty-server,com.trib3:testing,trib3/leakycauldron,Silent,S1,Safe window,0,5.7165625,4.365243055555555,-2.234502314814814,
CVE-2021-28164,org.eclipse.jetty:jetty-server,com.yahoo.athenz:athenz-jetty-container,AthenZ/athenz,Silent,S1,After disclosure,1,9.801655092592592,8.450335648148148,1.8505902777777776,
CVE-2021-28164,org.eclipse.jetty:jetty-server,org.noear:solon.boot.jetty,noear/solon,Silent,S1,After disclosure,1,118.04181712962964,116.69049768518518,110.09075231481482,
CVE-2021-28164,org.eclipse.jetty:jetty-server,io.nflow:nflow-jetty,NitorCreations/nflow,Silent,S1,After disclosure,1,16.358229166666668,15.006909722222222,8.407164351851852,
CVE-2021-28164,org.eclipse.jetty:jetty-server,org.apache.avro:avro-ipc-jetty,apache/avro,Silent,S1,After disclosure,1,11.35136574074074,10.000046296296295,3.400300925925926,
CVE-2021-28164,org.eclipse.jetty:jetty-server,org.ocpsoft.prettytime:sample-jstl,ocpsoft/prettytime,Silent,S1,After disclosure,1,91.82072916666668,90.46940972222222,83.86966435185185,
CVE-2017-17485,com.fasterxml.jackson.core:jackson-databind,com.algolia:algoliasearch-common,algolia/algoliasearch-client-java-2,Transparent,T1,After disclosure,1,78.12590277777778,71.0366550925926,49.845300925925926,78.57819444444445
CVE-2017-17485,com.fasterxml.jackson.core:jackson-databind,org.zalando:jackson-datatype-money,zalando/jackson-datatype-money,Transparent,T1,After disclosure,1,119.77666666666669,112.68741898148149,91.49606481481482,120.22895833333334
CVE-2017-17485,com.fasterxml.jackson.core:jackson-databind,com.graphaware.neo4j:api,graphaware/neo4j-framework,Transparent,T1,After disclosure,1,917.1962152777778,910.1069675925926,888.9156134259259,917.6485069444444
CVE-2017-17485,com.fasterxml.jackson.core:jackson-databind,io.github.devlibx.easy:helper,devlibx/easy,Transparent,T1,After disclosure,1,1671.0005208333334,1663.9112731481482,1642.7199189814814,1671.4528125
CVE-2017-17485,com.fasterxml.jackson.core:jackson-databind,com.github.jsonld-java:jsonld-java,jsonld-java/jsonld-java,Transparent,T1,After disclosure,1,111.34947916666668,104.26023148148148,83.06887731481481,111.80177083333334
CVE-2017-17485,com.fasterxml.jackson.core:jackson-databind,com.pugwoo:woo-utils,pugwoo/woo-utils,Transparent,T1,After disclosure,1,169.64417824074073,162.55493055555556,141.3635763888889,170.0964699074074
CVE-2017-17485,com.fasterxml.jackson.core:jackson-databind,com.github.wz2cool:mybatis-dynamic-query,wz2cool/mybatis-dynamic-query,Transparent,T1,After disclosure,1,335.88334490740743,328.7940972222222,307.60274305555555,336.3356365740741
CVE-2017-17485,com.fasterxml.jackson.core:jackson-databind,com.spotify:helios-services,spotify/helios,Transparent,T1,After disclosure,1,159.94685185185185,152.85760416666668,131.66625,160.3991435185185
CVE-2017-17485,com.fasterxml.jackson.core:jackson-databind,org.wicketstuff:wicketstuff-restannotations-json,wicketstuff/core,Transparent,T1,After disclosure,1,66.95945601851852,59.87020833333333,38.67885416666667,67.41174768518519
CVE-2017-17485,com.fasterxml.jackson.core:jackson-databind,org.zalando:logbook-core,zalando/logbook,Transparent,T1,After disclosure,1,58.15979166666666,51.07054398148148,29.879189814814815,58.61208333333333
CVE-2017-17485,com.fasterxml.jackson.core:jackson-databind,cn.com.riversoft:weixin-common,borball/weixin-sdk,Transparent,T1,After disclosure,1,686.5824884259259,679.4932407407407,658.301886574074,687.0347800925925
CVE-2017-17485,com.fasterxml.jackson.core:jackson-databind,de.digitalcollections:iiif-server-hymir,dbmdz/iiif-server-hymir,Transparent,T1,After disclosure,1,156.88583333333332,149.79658564814815,128.60523148148147,157.338125
CVE-2017-17485,com.fasterxml.jackson.core:jackson-databind,com.arpnetworking.logback:logback-steno,arpnetworking/logback-steno,Transparent,T1,After disclosure,1,193.5425,186.4532523148148,165.26189814814813,193.99479166666663
CVE-2017-17485,com.fasterxml.jackson.core:jackson-databind,at.ac.ait:ariadne-json-route-format,dts-ait/ariadne-json-route-format,Transparent,T1,After disclosure,1,518.8563078703704,511.7670601851852,490.5757060185186,519.308599537037
CVE-2017-17485,com.fasterxml.jackson.core:jackson-databind,com.yahoofinance-api:YahooFinanceAPI,sstrickx/yahoofinance-api,Transparent,T1,After disclosure,1,514.7888657407408,507.6996180555555,486.5082638888889,515.2411574074074
CVE-2017-17485,com.fasterxml.jackson.core:jackson-databind,com.github.ddth:ddth-commons-core,DDTH/ddth-commons,Transparent,T1,After disclosure,1,135.61121527777777,128.5219675925926,107.33061342592592,136.06350694444444
CVE-2017-17485,com.fasterxml.jackson.core:jackson-databind,com.messagebird:messagebird-api,messagebird/java-rest-api,Transparent,T1,After disclosure,1,421.8771412037038,414.7878935185185,393.59653935185185,422.3294328703704
CVE-2017-17485,com.fasterxml.jackson.core:jackson-databind,com.bluecirclesoft.open:json-jee7-reader,mrami4/bluecircle-json-interface-generator,Transparent,T1,After disclosure,1,377.4600925925926,370.3708449074074,349.17949074074073,377.9123842592593
CVE-2017-17485,com.fasterxml.jackson.core:jackson-databind,com.github.jsurfer:jsurfer-jackson,jsurfer/JsonSurfer,Transparent,T1,After disclosure,1,81.51202546296297,74.42277777777778,53.23142361111111,81.96431712962963
CVE-2017-17485,com.fasterxml.jackson.core:jackson-databind,com.arpnetworking.commons:commons,arpnetworking/commons,Transparent,T1,After disclosure,1,193.54163194444445,186.45238425925925,165.2610300925926,193.99392361111111
CVE-2017-17485,com.fasterxml.jackson.core:jackson-databind,pl.chilldev.commons:commons-aws,chilloutdevelopment/pl.chilldev.commons,Transparent,T1,After disclosure,1,142.2329050925926,135.1436574074074,113.95230324074076,142.68519675925927
CVE-2017-17485,com.fasterxml.jackson.core:jackson-databind,com.darksci:pardot-api-client,Crim/pardot-java-client,Transparent,T1,After disclosure,1,58.900613425925926,51.81136574074074,30.620011574074073,59.35290509259259
CVE-2017-17485,com.fasterxml.jackson.core:jackson-databind,com.jsunsoft.http:http-request,jsunsoftware/http-request,Transparent,T1,After disclosure,1,156.73153935185186,149.6422916666667,128.4509375,157.18383101851853
CVE-2017-17485,com.fasterxml.jackson.core:jackson-databind,org.geolatte:geolatte-geojson,geolatte/geolatte-geom,Transparent,T1,After disclosure,1,465.79721064814817,458.70796296296294,437.5166087962963,466.2495023148148
CVE-2017-17485,com.fasterxml.jackson.core:jackson-databind,com.github.obase:obase-data,obase/java,Transparent,T1,Before release,0,0.3261574074074074,-6.763090277777778,-27.954444444444444,0.778449074074074
CVE-2017-17485,com.fasterxml.jackson.core:jackson-databind,de.digitalcollections.iiif:iiif-apis,dbmdz/iiif-apis,Transparent,T1,After disclosure,1,308.6570138888889,301.5677662037037,280.376412037037,309.1093055555556
CVE-2017-17485,com.fasterxml.jackson.core:jackson-databind,de.digitalcollections:iiif-bookshelf-webapp,dbmdz/iiif-bookshelf-webapp,Transparent,T1,After disclosure,1,91.71800925925926,84.62876157407408,63.437407407407406,92.17030092592591
CVE-2017-17485,com.fasterxml.jackson.core:jackson-databind,com.marklogic:mlcp,marklogic/marklogic-contentpump,Transparent,T1,After disclosure,1,920.1797569444444,913.0905092592592,891.8991550925925,920.6320486111111
CVE-2017-17485,com.fasterxml.jackson.core:jackson-databind,de.stklcode.jvault:connector,stklcode/jvaultconnector,Transparent,T1,After disclosure,1,47.92953703703704,40.84028935185185,19.648935185185184,48.381828703703704
CVE-2014-0054,org.springframework:spring-oxm,org.broadleafcommerce:broadleaf-profile-web,BroadleafCommerce/BroadleafCommerce,Silent,S1,After disclosure,1,82.06888888888889,82.02824074074074,24.73173611111111,
CVE-2014-0054,org.springframework:spring-oxm,org.jarbframework:jarb-sample,42BV/jarb,Silent,S1,Safe window,0,21.772511574074073,21.731863425925926,-35.5646412037037,
CVE-2018-1000850,com.squareup.retrofit2:retrofit,org.asynchttpclient:async-http-client-extras-retrofit2,AsyncHttpClient/async-http-client,Transparent,T1,After disclosure,1,93.483125,66.71686342592592,35.40189814814815,99.55164351851852
CVE-2018-1000850,com.squareup.retrofit2:retrofit,com.taxjar:taxjar-java,taxjar/taxjar-java,Transparent,T1,After disclosure,1,71.99956018518519,45.23329861111111,13.918333333333331,78.0680787037037
CVE-2018-1000850,com.squareup.retrofit2:retrofit,cn.springboot:best-pay-sdk,Pay-Group/best-pay-sdk,Transparent,T1,After disclosure,1,322.225150462963,295.4588888888889,264.1439236111111,328.29366898148146
CVE-2018-1000850,com.squareup.retrofit2:retrofit,com.contentful.java:java-sdk,contentful/contentful.java,Transparent,T1,After disclosure,1,99.65394675925926,72.88768518518519,41.57271990740741,105.72246527777776
CVE-2018-1000850,com.squareup.retrofit2:retrofit,org.iota:jota,iotaledger/iota-java,Transparent,T1,After disclosure,1,184.74055555555557,157.97429398148148,126.65932870370372,190.8090740740741
CVE-2018-1000850,com.squareup.retrofit2:retrofit,com.dracoon:dracoon-sdk,dracoon/dracoon-java-sdk,Transparent,T1,After disclosure,1,114.50501157407408,87.73875,56.42378472222222,120.5735300925926
CVE-2018-1000850,com.squareup.retrofit2:retrofit,com.taboola:backstage-api-java-client,taboola/backstage-api-java-client,Transparent,T1,After disclosure,1,59.98284722222222,33.21658564814815,1.9016203703703705,66.05136574074074
CVE-2018-1000850,com.squareup.retrofit2:retrofit,io.graphenee:gx-core,ijazfx/graphenee,Transparent,T1,After disclosure,1,65.42645833333333,38.66019675925926,7.345231481481481,71.49497685185185
CVE-2018-1000850,com.squareup.retrofit2:retrofit,com.uwetrottmann.thetvdb-java:thetvdb-java,UweTrottmann/thetvdb-java,Transparent,T1,Safe window,0,45.45048611111111,18.684224537037036,-12.63074074074074,51.51900462962963
CVE-2018-1000850,com.squareup.retrofit2:retrofit,io.github.bonigarcia:selenium-jupiter,bonigarcia/selenium-jupiter,Transparent,T1,After disclosure,1,61.03856481481481,34.27230324074074,2.957337962962963,67.10708333333334
CVE-2018-1000850,com.squareup.retrofit2:retrofit,com.contentful.java:cma-sdk,contentful/contentful-management.java,Transparent,T1,After disclosure,1,83.47155092592592,56.70528935185185,25.390324074074073,89.54006944444444
CVE-2018-1000850,com.squareup.retrofit2:retrofit,com.abubusoft:kripton-retrofit-converter,xcesco/kripton,Transparent,T1,After disclosure,1,87.12164351851852,60.355381944444446,29.040416666666665,93.19016203703704
CVE-2018-1000850,com.squareup.retrofit2:retrofit,com.uwetrottmann.tmdb2:tmdb-java,UweTrottmann/tmdb-java,Transparent,T1,After disclosure,1,106.51633101851851,79.75006944444445,48.43510416666667,112.58484953703704
CVE-2018-1000850,com.squareup.retrofit2:retrofit,org.influxdb:influxdb-java,influxdata/influxdb-java,Transparent,T1,Safe window,0,32.49583333333333,5.729571759259259,-25.58539351851852,38.56435185185185
CVE-2018-1000850,com.squareup.retrofit2:retrofit,com.github.felixgail:gplaymusic,FelixGail/gplaymusic,Transparent,T1,After disclosure,1,199.670625,172.90436342592594,141.58939814814815,205.73914351851852
CVE-2018-1000850,com.squareup.retrofit2:retrofit,com.bynder:bynder-java-sdk,Bynder/bynder-java-sdk,Transparent,T1,After disclosure,1,78.68306712962963,51.916805555555555,20.60184027777778,84.75158564814815
CVE-2018-1000850,com.squareup.retrofit2:retrofit,com.uwetrottmann.trakt5:trakt-java,UweTrottmann/trakt-java,Transparent,T1,Safe window,0,31.71814814814815,4.9518865740740745,-26.363078703703703,37.78666666666667
CVE-2018-1000850,com.squareup.retrofit2:retrofit,com.orbitz.consul:consul-client,OrbitzWorldwide/consul-client,Transparent,T1,After disclosure,1,78.83766203703703,52.07140046296296,20.756435185185182,84.90618055555555
CVE-2018-1000850,com.squareup.retrofit2:retrofit,com.jituancaiyun.openapi:openapi-client,jituancaiyun/openapi-java-sdk,Transparent,T1,After disclosure,1,140.22561342592593,113.45935185185184,82.14438657407408,146.29413194444444
CVE-2018-1000850,com.squareup.retrofit2:retrofit,org.graylog2:graylog2-server,Graylog2/graylog2-server,Transparent,T1,After disclosure,1,252.75266203703703,225.98640046296296,194.67143518518515,258.82118055555554
CVE-2021-21351,com.thoughtworks.xstream:xstream,com.github.psi-probe:psi-probe-core,psi-probe/psi-probe,Transparent,T1,Safe window,0,67.63783564814815,2.2254745370370372,-6.7588078703703705,68.29260416666666
CVE-2021-21351,com.thoughtworks.xstream:xstream,org.smooks:smooks-all,smooks/smooks,Transparent,T1,After disclosure,1,75.16384259259259,9.751481481481482,0.7671990740740741,75.81861111111111
CVE-2021-21351,com.thoughtworks.xstream:xstream,no.mnemonic.messaging:requestsink-jms,mnemonic-no/messaging,Transparent,T1,After disclosure,1,102.97730324074074,37.56494212962963,28.580659722222222,103.63207175925926
CVE-2021-21351,com.thoughtworks.xstream:xstream,org.patterntesting:patterntesting-rt,oboehm/PatternTesting2,Transparent,T1,After disclosure,1,132.24822916666668,66.83586805555555,57.851585648148145,132.9029976851852
CVE-2021-21351,com.thoughtworks.xstream:xstream,com.sangupta:jerry-core,sangupta/jerry-core,Transparent,T1,After disclosure,1,231.04564814814816,165.63328703703704,156.64900462962962,231.70041666666663
CVE-2021-21351,com.thoughtworks.xstream:xstream,org.neo4j.build.plugins:licensing-maven-plugin,neo4j/licensing-maven-plugin,Transparent,T1,After disclosure,1,106.6865625,41.27420138888889,32.289918981481485,107.34133101851852
CVE-2021-21351,com.thoughtworks.xstream:xstream,org.ikasan:ikasan-filetransfer-common,ikasanEIP/ikasan,Transparent,T1,After disclosure,1,118.23501157407408,52.82265046296296,43.83836805555555,118.8897800925926
CVE-2021-21351,com.thoughtworks.xstream:xstream,io.quarkus:quarkus-junit5,quarkusio/quarkus,Transparent,T1,Safe window,0,68.31752314814815,2.9051620370370372,-6.0791203703703705,68.97229166666666
CVE-2021-21351,com.thoughtworks.xstream:xstream,com.swiftmq:swiftmq-client,iitsoftware/swiftmq-client,Transparent,T1,After disclosure,1,75.39153935185185,9.97917824074074,0.9948958333333332,76.04630787037037
CVE-2021-21351,com.thoughtworks.xstream:xstream,com.thankjava.toolkit3d:fast-toolkit3d,lazy-koala/java-toolkit,Transparent,T1,After disclosure,1,75.38730324074074,9.97494212962963,0.9906597222222222,76.04207175925926
CVE-2021-21351,com.thoughtworks.xstream:xstream,org.wicketstuff:jqplot4java,wicketstuff/core,Transparent,T1,After disclosure,1,75.6858912037037,10.273530092592592,1.2892476851851853,76.34065972222223
CVE-2021-21351,com.thoughtworks.xstream:xstream,com.xceptance:xlt,Xceptance/XLT,Transparent,T1,After disclosure,1,146.9272337962963,81.51487268518518,72.53059027777778,147.58200231481482
CVE-2021-21351,com.thoughtworks.xstream:xstream,de.alpharogroup:email-tails,lightblueseas/email-tails,Transparent,T1,After disclosure,1,418.01222222222225,352.5998611111111,343.6155787037037,418.66699074074074
CVE-2021-21351,com.thoughtworks.xstream:xstream,com.github.spotbugs:sonar-findbugs-plugin,spotbugs/sonar-findbugs,Transparent,T1,After disclosure,1,132.57092592592593,67.15856481481481,58.17428240740741,133.22569444444446
CVE-2021-21351,com.thoughtworks.xstream:xstream,com.btc-ag.redg:redg-generator,btc-ag/redg,Transparent,T1,After disclosure,1,150.99438657407407,85.58202546296296,76.59774305555555,151.6491550925926
CVE-2021-21351,com.thoughtworks.xstream:xstream,org.powertac:common,powertac/powertac-core,Transparent,T1,After disclosure,1,75.38885416666666,9.976493055555556,0.9922106481481482,76.04362268518518
CVE-2021-21351,com.thoughtworks.xstream:xstream,net.ripe.rpki:rpki-commons,RIPE-NCC/rpki-commons,Transparent,T1,After disclosure,1,75.38722222222222,9.97486111111111,0.9905787037037036,76.04199074074074
CVE-2021-21351,com.thoughtworks.xstream:xstream,org.javalite:javalite-async,javalite/activejdbc,Transparent,T1,After disclosure,1,104.29717592592591,38.88481481481482,29.900532407407407,104.95194444444444
CVE-2021-21351,com.thoughtworks.xstream:xstream,de.digitalcollections.model:dc-model-xml,dbmdz/digitalcollections-model,Transparent,T1,Before release,0,41.09427083333333,-24.318090277777777,-33.30237268518518,41.74903935185185
CVE-2021-21351,com.thoughtworks.xstream:xstream,ro.pippo:pippo-xstream,pippo-java/pippo,Transparent,T1,After disclosure,1,132.77305555555554,67.36069444444445,58.376412037037035,133.42782407407407
CVE-2021-21351,com.thoughtworks.xstream:xstream,org.infinispan:infinispan-server-core,infinispan/infinispan,Transparent,T1,Safe window,0,70.7000925925926,5.287731481481481,-3.696550925925926,71.3548611111111
CVE-2021-21351,com.thoughtworks.xstream:xstream,org.kie.kogito:drools-compiler,kiegroup/kogito-runtimes,Transparent,T1,After disclosure,1,128.68672453703704,63.27436342592593,54.29008101851852,129.34149305555556
CVE-2013-2055,org.apache.wicket:wicket-core,org.wicketstuff:wicketstuff-portlet,wicketstuff/core,Silent,S1,After disclosure,1,498.2433101851852,493.9529166666667,225.7757986111111,
CVE-2013-2055,org.apache.wicket:wicket-core,com.googlecode.wicked-charts:wicked-charts-wicket6,thombergs/wicked-charts,Silent,S1,Safe window,0,195.31836805555557,191.02797453703704,-77.14914351851851,
CVE-2020-13936,org.apache.velocity:velocity-engine-core,cn.hutool:hutool-extra,dromara/hutool,Transparent,T1,After disclosure,1,14.846851851851852,13.141064814814817,2.677835648148148,218.88650462962963
CVE-2020-13936,org.apache.velocity:velocity-engine-core,org.fastquery:fastquery,xixifeng/fastquery,Transparent,T1,After disclosure,1,35.31230324074074,33.606516203703706,23.143287037037037,239.3519560185185
CVE-2020-13936,org.apache.velocity:velocity-engine-core,org.owasp:dependency-check-core,jeremylong/DependencyCheck,Transparent,T1,Safe window,0,10.406875,8.701087962962964,-1.7621412037037036,214.4465277777778
CVE-2020-13936,org.apache.velocity:velocity-engine-core,org.dspace:dspace-api,DSpace/DSpace,Transparent,T1,After disclosure,1,391.8761226851852,390.1703356481481,379.7071064814815,595.915775462963
CVE-2020-13936,org.apache.velocity:velocity-engine-core,de.uni-mannheim.informatik.dws.melt:matching-eval,dwslab/melt,Transparent,T1,After disclosure,1,179.8252314814815,178.11944444444444,167.6562152777778,383.86488425925927
CVE-2020-13936,org.apache.velocity:velocity-engine-core,org.noear:solon.view.velocity,noear/solon,Transparent,T1,After disclosure,1,220.5021180555555,218.79633101851852,208.33310185185184,424.5417708333333
CVE-2020-13936,org.apache.velocity:velocity-engine-core,org.mock-server:mockserver-core,jamesdbloom/mockservice,Transparent,T1,After disclosure,1,323.2794675925926,321.57368055555554,311.11045138888886,527.3191203703703
CVE-2020-13936,org.apache.velocity:velocity-engine-core,org.jboss.ws.cxf:jbossws-cxf-client,jbossws/jbossws-cxf,Transparent,T1,After disclosure,1,25.35685185185185,23.651064814814816,13.187835648148148,229.3965046296296
CVE-2020-13936,org.apache.velocity:velocity-engine-core,org.mybatis.scripting:mybatis-velocity,mybatis/velocity-scripting,Transparent,T1,Safe window,0,10.410439814814817,8.704652777777778,-1.7585763888888888,214.4500925925926
CVE-2020-13936,org.apache.velocity:velocity-engine-core,de.gsi:microservice,GSI-CS-CO/chart-fx,Transparent,T1,After disclosure,1,509.5361805555556,507.8303935185185,497.36716435185184,713.5758333333333
CVE-2020-13936,org.apache.velocity:velocity-engine-core,com.github.piotrkot.takes:takes,yegor256/takes,Transparent,T1,After disclosure,1,500.7524652777778,499.04667824074073,488.58344907407405,704.7921180555555
CVE-2020-13936,org.apache.velocity:velocity-engine-core,org.apache.avro:avro-compiler,apache/avro,Transparent,T1,Safe window,0,11.872048611111111,10.166261574074074,-0.2969675925925926,215.9117013888889
CVE-2020-13936,org.apache.velocity:velocity-engine-core,org.odftoolkit:schema2template,tdf/odftoolkit,Transparent,T1,After disclosure,1,125.41032407407408,123.70453703703704,113.24130787037036,329.44997685185183
CVE-2020-13936,org.apache.velocity:velocity-engine-core,global.namespace.truelicense:truelicense-maven-plugin,christian-schlichtherle/truelicense,Transparent,T1,After disclosure,1,71.84395833333333,70.13817129629629,59.67494212962963,275.8836111111111
CVE-2019-11272,org.springframework.security:spring-security-core,org.appng:appng-core,appNG/appng,Transparent,T1,After disclosure,1,40.99207175925926,40.751736111111114,34.526041666666664,40.783865740740744
CVE-2019-11272,org.springframework.security:spring-security-core,at.researchstudio.sat:won-owner,researchstudio-sat/webofneeds,Transparent,T1,After disclosure,1,160.77503472222222,160.53469907407407,154.30900462962964,160.5668287037037
CVE-2019-11272,org.springframework.security:spring-security-core,org.openl:org.openl.commons.web,openl-tablets/openl-tablets,Transparent,T1,After disclosure,1,7.34525462962963,7.1049189814814815,0.8792245370370371,7.137048611111111
CVE-2019-11272,org.springframework.security:spring-security-core,io.syndesis.server:server-endpoint,syndesisio/syndesis,Transparent,T1,After disclosure,1,14.063726851851852,13.823391203703704,7.597696759259259,13.855520833333332
CVE-2019-11272,org.springframework.security:spring-security-core,com.kerb4j:kerb4j-server-spring-security,bedrin/kerb4j,Transparent,T1,After disclosure,1,441.4034490740741,441.1631134259259,434.9374189814814,441.1952430555556
CVE-2020-2933,mysql:mysql-connector-java,org.duracloud.snapshot:snapshot-service-impl,duracloud/snapshot,Silent,S2,After disclosure,1,249.70619212962964,238.53366898148147,243.73677083333337,
CVE-2020-2933,mysql:mysql-connector-java,org.duracloud.db:account-management-db-repo,duracloud/duracloud-db,Silent,S2,After disclosure,1,137.5377777777778,126.36525462962965,131.5683564814815,
CVE-2020-2933,mysql:mysql-connector-java,org.appng:appng-scheduler,appNG/appng-scheduler,Silent,S2,After disclosure,1,532.5731828703704,521.4006597222223,526.603761574074,
CVE-2020-2933,mysql:mysql-connector-java,org.rapidoid:rapidoid-quick,rapidoid/rapidoid,Silent,S2,After disclosure,1,121.81383101851851,110.64130787037035,115.84440972222222,
CVE-2020-2933,mysql:mysql-connector-java,com.thankjava.toolkit3d:fast-toolkit3d,lazy-koala/java-toolkit,Silent,S2,After disclosure,1,88.08068287037037,76.90815972222222,82.11126157407408,
CVE-2020-13933,org.apache.shiro:shiro-web,io.buji:buji-pac4j,bujiio/buji-pac4j,Transparent,T1,After disclosure,1,105.58606481481482,7.629085648148148,2.297314814814815,105.6921412037037
CVE-2020-13933,org.apache.shiro:shiro-web,net.cofcool.chaos:chaos-server-security-shiro,cofcool/chaos-server,Transparent,T1,After disclosure,1,112.36097222222222,14.403993055555556,9.072222222222225,112.46704861111112
CVE-2020-13933,org.apache.shiro:shiro-web,com.flowlogix:flowlogix-jee,flowlogix/flowlogix,Transparent,T1,After disclosure,1,141.06917824074074,43.11219907407408,37.78042824074074,141.17525462962962
CVE-2020-13933,org.apache.shiro:shiro-web,com.lambkit:lambkit,gismaker/lambkit,Transparent,T1,After disclosure,1,623.3334722222222,525.3764930555556,520.0447222222223,623.4395486111111
CVE-2020-13933,org.apache.shiro:shiro-web,com.github.mizool:mizool-core,mizool/mizool,Transparent,T1,After disclosure,1,355.7760416666667,257.8190625,252.48729166666664,355.88211805555557
CVE-2020-13933,org.apache.shiro:shiro-web,com.github.waffle:waffle-shiro,Waffle/waffle,Transparent,T1,After disclosure,1,104.51241898148147,6.5554398148148145,1.2236689814814814,104.61849537037035
CVE-2020-13933,org.apache.shiro:shiro-web,com.ruijc:spring-boot-starter-shiro,storezhang/utils,Transparent,T1,After disclosure,1,503.1426041666667,405.185625,399.8538541666667,503.2486805555555
CVE-2020-13933,org.apache.shiro:shiro-web,io.jboot:jboot,yangfuhai/jboot,Transparent,T1,After disclosure,1,302.8312037037037,204.87422453703704,199.5424537037037,302.9372800925926
CVE-2017-14063,org.asynchttpclient:async-http-client,com.arpnetworking.metrics:metrics-cluster-aggregator,arpnetworking/metrics-cluster-aggregator,Transparent,T1,After disclosure,1,1242.4295601851852,1242.398287037037,1239.8820717592594,1242.518310185185
CVE-2017-14063,org.asynchttpclient:async-http-client,com.mingweisamuel.zyra:zyra,MingweiSamuel/Zyra,Transparent,T1,After disclosure,1,654.6823726851852,654.651099537037,652.1348842592593,654.7711226851852
CVE-2018-1335,org.apache.tika:tika-core,org.orienteer:orienteer-core,OrienteerBAP/Orienteer,Silent,S1,After disclosure,1,194.18120370370372,193.96208333333337,185.83243055555556,
CVE-2018-1335,org.apache.tika:tika-core,com.blossom-project:blossom-core-common,blossom-project/blossom,Silent,S1,After disclosure,1,184.88561342592592,184.66649305555555,176.53684027777777,
CVE-2018-1335,org.apache.tika:tika-core,org.restheart:restheart,SoftInstigate/restheart,Silent,S1,After disclosure,1,24.05086805555555,23.831747685185185,15.702094907407409,
CVE-2018-1335,org.apache.tika:tika-core,org.apache.any23:apache-any23-core,apache/any23,Silent,S1,After disclosure,1,77.32421296296296,77.1050925925926,68.97543981481482,
CVE-2018-1335,org.apache.tika:tika-core,com.aquaticinformatics:aquarius.sdk,AquaticInformatics/aquarius-sdk-java,Silent,S1,After disclosure,1,252.2786574074074,252.05953703703705,243.92988425925927,
CVE-2021-31684,net.minidev:json-smart,org.btrplace:scheduler-json,btrplace/scheduler,Transparent,T1,Safe window,0,8.495671296296296,6.378530092592593,-35.717534722222226,10.140856481481482
CVE-2021-31684,net.minidev:json-smart,com.pinterest:secor,pinterest/secor,Transparent,T1,Safe window,0,10.16148148148148,8.044340277777778,-34.05172453703704,11.806666666666668
CVE-2021-31684,net.minidev:json-smart,io.github.shiruka:api,shiruka/api,Transparent,T1,Safe window,0,2.7172800925925924,0.6001388888888889,-41.49592592592592,4.362465277777778
CVE-2021-22118,org.springframework:spring-web,com.github.chhorz:oas-generator-spring-web,chhorz/oas-generator,Transparent,T1,Safe window,0,5.325162037037037,4.973761574074074,-9.790925925925926,5.539074074074074
CVE-2021-22118,org.springframework:spring-web,com.consol.citrus:citrus-http,citrusframework/citrus,Transparent,T1,After disclosure,1,243.7902777777778,243.4388773148148,228.6741898148148,244.0041898148148
CVE-2021-22118,org.springframework:spring-web,ca.uhn.hapi.fhir:hapi-fhir-cli-api,hapifhir/hapi-fhir,Transparent,T1,After disclosure,1,19.07736111111111,18.72596064814815,3.961273148148148,19.291273148148147
CVE-2021-22118,org.springframework:spring-web,com.rabbitmq:http-client,rabbitmq/hop,Transparent,T1,Safe window,0,5.425300925925926,5.073900462962963,-9.690787037037037,5.639212962962963
CVE-2021-22118,org.springframework:spring-web,com.azure.spring:azure-spring-cloud-feature-management-web,Azure/azure-sdk-for-java,Transparent,T1,After disclosure,1,15.495162037037035,15.143761574074071,0.379074074074074,15.709074074074074
CVE-2021-22118,org.springframework:spring-web,org.springframework.hateoas:spring-hateoas,spring-projects/spring-hateoas,Transparent,T1,Safe window,0,0.6019907407407408,0.2505902777777777,-14.514097222222222,0.8159027777777778
CVE-2021-22118,org.springframework:spring-web,org.optaplanner:optaplanner-spring-boot-autoconfigure,kiegroup/optaplanner,Transparent,T1,After disclosure,1,324.52290509259257,324.1715046296296,309.40681712962964,324.7368171296296
CVE-2021-22118,org.springframework:spring-web,org.cometd:cometd-documentation,cometd/cometd,Transparent,T1,Safe window,0,5.455462962962963,5.1040625,-9.660625,5.669375
CVE-2021-22118,org.springframework:spring-web,org.wildfly.clustering:wildfly-clustering-spring-session-core,wildfly-clustering/wildfly-clustering-spring-session,Transparent,T1,Safe window,0,7.834664351851852,7.483263888888889,-7.281423611111111,8.04857638888889
CVE-2021-22118,org.springframework:spring-web,org.tmurakam:spring-session-ext-mongo,tmurakam/spring-session-ext-mongo,Transparent,T1,After disclosure,1,115.13775462962964,114.78635416666668,100.02166666666666,115.35166666666667
CVE-2021-22118,org.springframework:spring-web,org.togglz:togglz-spring-web,togglz/togglz,Transparent,T1,Safe window,0,6.692372685185185,6.340972222222222,-8.423715277777777,6.906284722222222
CVE-2020-5421,org.springframework:spring-web,at.researchstudio.sat:won-owner,researchstudio-sat/webofneeds,Silent,S1,After disclosure,1,129.66710648148148,121.99690972222224,118.57092592592592,
CVE-2020-5421,org.springframework:spring-web,com.github.waffle:waffle-spring-security4,Waffle/waffle,Silent,S1,After disclosure,1,78.08518518518518,70.41498842592593,66.98900462962963,
CVE-2020-5421,org.springframework:spring-web,com.github.relucent:yyl-base-lib,Relucent/yyl-base-lib,Silent,S1,After disclosure,1,517.2468518518518,509.5766550925926,506.1506712962963,
CVE-2020-5421,org.springframework:spring-web,com.baidu:jprotobuf-rpc-core-spring,Baidu-ecom/Jprotobuf-rpc-socket,Silent,S1,After disclosure,1,366.23025462962966,358.5600578703704,355.1340740740741,
CVE-2016-2402,com.squareup.okhttp3:okhttp,com.telekom.m2m.cot:java-rest-client,cloud-of-things/cot-java-rest-sdk,Transparent,T1,After disclosure,1,564.1307638888889,563.6801041666666,206.6039351851852,564.4117013888889
CVE-2016-2402,com.squareup.okhttp3:okhttp,org.twitter4j:twitter4j-http2-support,yusuke/twitter4j,Transparent,T1,After disclosure,1,912.4869328703704,912.036273148148,554.9601041666666,912.7678703703704
CVE-2016-2402,com.squareup.okhttp3:okhttp,org.sonarsource.orchestrator:sonar-orchestrator,SonarSource/orchestrator,Transparent,T1,Safe window,0,213.08872685185185,212.63806712962963,-144.43810185185183,213.36966435185184
CVE-2016-2402,com.squareup.okhttp3:okhttp,com.squareup.keywhiz:keywhiz-testing,square/keywhiz,Transparent,T1,After disclosure,1,666.582037037037,666.1313773148148,309.0552083333333,666.8629745370371
CVE-2021-39141,com.thoughtworks.xstream:xstream,com.swiftmq:swiftmq-client,iitsoftware/swiftmq-client,Silent,S1,After disclosure,1,90.8319212962963,3.0717939814814814,2.6535532407407407,
CVE-2021-39141,com.thoughtworks.xstream:xstream,com.sangupta:jerry-core,sangupta/jerry-core,Silent,S1,After disclosure,1,90.82737268518518,3.06724537037037,2.6490046296296295,
CVE-2021-39141,com.thoughtworks.xstream:xstream,org.patterntesting:patterntesting-rt,oboehm/PatternTesting2,Silent,S1,After disclosure,1,206.77474537037037,119.01461805555556,118.59637731481482,
CVE-2021-39141,com.thoughtworks.xstream:xstream,org.wicketstuff:wicketstuff-dashboard-core,wicketstuff/core,Silent,S1,After disclosure,1,90.83532407407408,3.075196759259259,2.6569560185185184,
CVE-2021-39141,com.thoughtworks.xstream:xstream,no.mnemonic.messaging:requestsink-jms,mnemonic-no/messaging,Silent,S1,After disclosure,1,105.54498842592592,17.784861111111113,17.36662037037037,
CVE-2021-39141,com.thoughtworks.xstream:xstream,org.javalite:javalite-async,javalite/activejdbc,Silent,S1,After disclosure,1,90.84152777777778,3.081400462962963,2.6631597222222223,
CVE-2021-39141,com.thoughtworks.xstream:xstream,net.ripe.rpki:rpki-commons,RIPE-NCC/rpki-commons,Silent,S1,After disclosure,1,91.6731712962963,3.9130439814814815,3.494803240740741,
CVE-2021-39141,com.thoughtworks.xstream:xstream,de.alpharogroup:email-tails,lightblueseas/email-tails,Silent,S1,After disclosure,1,277.79394675925926,190.03381944444445,189.6155787037037,
CVE-2021-39141,com.thoughtworks.xstream:xstream,com.thankjava.toolkit3d:fast-toolkit3d,lazy-koala/java-toolkit,Silent,S1,After disclosure,1,250.21828703703704,162.45815972222223,162.0399189814815,
CVE-2021-39141,com.thoughtworks.xstream:xstream,org.springframework.batch:spring-batch-core,spring-projects/spring-batch,Silent,S1,After disclosure,1,90.88295138888888,3.122824074074074,2.7045833333333333,
CVE-2021-39141,com.thoughtworks.xstream:xstream,com.github.psi-probe:psi-probe-core,psi-probe/psi-probe,Silent,S1,After disclosure,1,88.47140046296296,0.7112731481481481,0.2930324074074074,
CVE-2021-39141,com.thoughtworks.xstream:xstream,org.ikasan:ikasan-filetransfer-common,ikasanEIP/ikasan,Silent,S1,After disclosure,1,102.98252314814816,15.222395833333334,14.804155092592593,
CVE-2021-39141,com.thoughtworks.xstream:xstream,io.quarkus:quarkus-junit5,quarkusio/quarkus,Silent,S1,After disclosure,1,89.03791666666666,1.277789351851852,0.8595486111111111,
CVE-2021-39141,com.thoughtworks.xstream:xstream,com.github.spotbugs:sonar-findbugs-plugin,spotbugs/sonar-findbugs,Silent,S1,After disclosure,1,91.1416550925926,3.381527777777778,2.963287037037037,
CVE-2021-39141,com.thoughtworks.xstream:xstream,com.xceptance:xlt,Xceptance/XLT,Silent,S1,After disclosure,1,96.81370370370372,9.053576388888889,8.635335648148148,
CVE-2021-39141,com.thoughtworks.xstream:xstream,org.powertac:common,powertac/powertac-core,Silent,S1,After disclosure,1,131.89693287037036,44.136805555555554,43.71856481481481,
CVE-2021-39141,com.thoughtworks.xstream:xstream,ro.pippo:pippo-xstream,pippo-java/pippo,Silent,S1,After disclosure,1,159.55355324074074,71.79342592592593,71.37518518518519,
CVE-2021-39141,com.thoughtworks.xstream:xstream,org.infinispan:infinispan-server-core,infinispan/infinispan,Silent,S1,After disclosure,1,90.92130787037036,3.1611805555555557,2.742939814814815,
CVE-2021-39141,com.thoughtworks.xstream:xstream,org.optaplanner:optaplanner-examples,kiegroup/optaplanner,Silent,S1,After disclosure,1,96.87336805555556,9.11324074074074,8.695,
CVE-2021-39141,com.thoughtworks.xstream:xstream,org.smooks:smooks-core,smooks/smooks,Silent,S1,After disclosure,1,188.71425925925925,100.95413194444444,100.5358912037037,
CVE-2018-12418,com.github.junrar:junrar,org.whitesource:whitesource-fs-agent,whitesource/fs-agent,Transparent,T1,After disclosure,1,154.38396990740742,152.37596064814815,140.35784722222223,154.82888888888888
CVE-2018-12418,com.github.junrar:junrar,de.tudarmstadt.ukp.dkpro.core:de.tudarmstadt.ukp.dkpro.core.api.datasets-asl,dkpro/dkpro-core,Transparent,T1,After disclosure,1,292.87881944444445,290.8708101851852,278.85269675925923,293.3237384259259
CVE-2018-12540,io.vertx:vertx-web,com.zandero:rest.vertx,Zandero/rest.vertx,Transparent,T3,After disclosure,1,83.77481481481482,83.77471064814814,84.27783564814816,83.85871527777778
CVE-2018-12540,io.vertx:vertx-web,in.erail:api-framework,vinscom/api-framework,Transparent,T3,After disclosure,1,84.3896412037037,84.38953703703703,84.89266203703704,84.47354166666666
CVE-2018-12540,io.vertx:vertx-web,org.eclipse.hono:hono-adapter-http-vertx-base,eclipse/hono,Transparent,T3,After disclosure,1,7.939363425925926,7.939259259259259,8.44238425925926,8.02326388888889
CVE-2018-12540,io.vertx:vertx-web,com.github.timofeevda.jstressy:jstressy-metrics,timofeevda/jstressy,Transparent,T3,After disclosure,1,115.17601851851852,115.17591435185186,115.67903935185186,115.25991898148148
CVE-2018-12540,io.vertx:vertx-web,org.swisspush:rest-storage,swisspush/vertx-rest-storage,Transparent,T3,After disclosure,1,1277.9047916666666,1277.9046875,1278.4078125,1277.9886921296295
CVE-2018-12540,io.vertx:vertx-web,org.swisspush.gateleen:gateleen-core,swisspush/gateleen,Transparent,T3,After disclosure,1,21.06894675925926,21.068842592592592,21.571967592592593,21.15284722222222
CVE-2019-10173,com.thoughtworks.xstream:xstream,com.github.jjYBdx4IL.utils:vmmgmt-utils,jjYBdx4IL/misc,Transparent,T1,Safe window,0,475.50834490740743,231.6548611111111,-41.42457175925926,475.77113425925927
CVE-2019-10173,com.thoughtworks.xstream:xstream,com.naspat:wx-tools-cp,naspart/wx-tools,Transparent,T1,After disclosure,1,598.1867939814815,354.3333101851852,81.25387731481482,598.4495833333333
CVE-2019-10173,com.thoughtworks.xstream:xstream,org.ikasan:ikasan-filetransfer-common,ikasanEIP/ikasan,Transparent,T1,After disclosure,1,596.2715972222222,352.4181134259259,79.33868055555556,596.5343865740741
CVE-2019-10173,com.thoughtworks.xstream:xstream,org.bonitasoft.engine:bonita-client,bonitasoft/bonita-engine,Transparent,T1,Safe window,0,408.5982175925926,164.7447337962963,-108.33469907407408,408.86100694444445
CVE-2019-10173,com.thoughtworks.xstream:xstream,org.infinispan:infinispan-server-core,infinispan/infinispan,Transparent,T1,Safe window,0,497.54318287037034,253.68969907407407,-19.389733796296294,497.80597222222224
CVE-2019-10173,com.thoughtworks.xstream:xstream,org.craftercms:crafter-profile-client,craftercms/profile,Transparent,T1,After disclosure,1,552.7637268518519,308.91024305555555,35.830810185185186,553.0265162037037
CVE-2019-10173,com.thoughtworks.xstream:xstream,org.easybatch:easybatch-xstream,j-easy/easy-batch,Transparent,T1,Safe window,0,453.8565740740741,210.00309027777777,-63.07634259259259,454.11936342592594
CVE-2019-10173,com.thoughtworks.xstream:xstream,edu.illinois.cs:idflakies,idflakies/iDFlakies,Transparent,T1,After disclosure,1,734.9829745370371,491.1294907407407,218.0500578703704,735.2457638888889
CVE-2019-10173,com.thoughtworks.xstream:xstream,org.axonframework:axon-messaging,AxonFramework/AxonFramework,Transparent,T1,Safe window,0,469.4478587962963,225.594375,-47.48505787037037,469.71064814814815
CVE-2019-10173,com.thoughtworks.xstream:xstream,net.ymate.framework:ymate-framework-commons,suninformation/ymate-framework-v2,Transparent,T1,After disclosure,1,576.0097569444445,332.15627314814816,59.07684027777778,576.2725462962962
CVE-2019-10173,com.thoughtworks.xstream:xstream,org.craftercms:crafter-core,craftercms/core,Transparent,T1,After disclosure,1,552.7562731481481,308.9027893518519,35.82335648148148,553.0190625
CVE-2019-10173,com.thoughtworks.xstream:xstream,com.github.bjuvensjo:rsimulator-aop,bjuvensjo/rsimulator,Transparent,T1,After disclosure,1,1176.4346412037037,932.5811574074074,659.501724537037,1176.6974305555557
CVE-2019-10173,com.thoughtworks.xstream:xstream,com.thankjava.toolkit3d:fast-toolkit3d,lazy-koala/java-toolkit,Transparent,T1,After disclosure,1,524.0494328703704,280.19594907407406,7.1165162037037035,524.3122222222222
CVE-2019-10173,com.thoughtworks.xstream:xstream,org.evosuite:evosuite-client,EvoSuite/evosuite,Transparent,T1,After disclosure,1,944.3588425925926,700.5053587962963,427.4259259259259,944.6216319444444
CVE-2019-10173,com.thoughtworks.xstream:xstream,com.github.spotbugs:sonar-findbugs-plugin,spotbugs/sonar-findbugs,Transparent,T1,After disclosure,1,579.0578125,335.2043287037037,62.12489583333333,579.3206018518518
CVE-2020-28491,com.fasterxml.jackson.dataformat:jackson-dataformat-cbor,com.commercetools.sdk.jvm.core:commercetools-internal-processors,commercetools/commercetools-jvm-sdk,Transparent,T1,Before release,0,0.2406712962962963,-6.777951388888889,-75.07327546296297,414.8436574074074
CVE-2020-28491,com.fasterxml.jackson.dataformat:jackson-dataformat-cbor,com.google.crypto.tink:tink-gcpkms,google/tink,Transparent,T1,After disclosure,1,88.77707175925926,81.75844907407408,13.463125,503.3800578703704
CVE-2020-28491,com.fasterxml.jackson.dataformat:jackson-dataformat-cbor,org.opencastproject:opencast-asset-manager-storage-aws,opencast/opencast,Transparent,T1,After disclosure,1,140.3057986111111,133.28717592592594,64.99185185185185,554.9087847222222
CVE-2020-28491,com.fasterxml.jackson.dataformat:jackson-dataformat-cbor,org.streampipes:streampipes-dataformat-cbor,streampipes/streampipes,Transparent,T1,Safe window,0,64.79935185185185,57.78072916666667,-10.514594907407409,479.402337962963
CVE-2020-28491,com.fasterxml.jackson.dataformat:jackson-dataformat-cbor,com.erudika:para-core,Erudika/para,Transparent,T1,After disclosure,1,85.00594907407407,77.98732638888889,9.692002314814816,499.6089351851852
CVE-2022-0839,org.liquibase:liquibase-core,org.flowable:flowable-dmn-engine,flowable/flowable-engine,Transparent,T1,After disclosure,1,42.90070601851852,29.92476851851852,19.45255787037037,62.61265046296296
CVE-2022-0839,org.liquibase:liquibase-core,tech.cassandre.trading.bot:cassandre-trading-bot-spring-boot-autoconfigure,cassandre-tech/cassandre-trading-bot,Transparent,T1,Safe window,0,14.161284722222222,1.1853472222222223,-9.286863425925926,33.87322916666667
CVE-2022-0839,org.liquibase:liquibase-core,org.liquibase.ext:liquibase-filechangelog,liquibase/liquibase-filechangelog,Transparent,T1,Safe window,0,14.18837962962963,1.2124421296296295,-9.259768518518518,33.90032407407407
CVE-2022-0839,org.liquibase:liquibase-core,org.liquibase.ext:liquibase-cosmosdb,liquibase/liquibase-cosmosdb,Transparent,T1,After disclosure,1,48.06777777777778,35.09184027777778,24.619629629629628,67.77972222222222
CVE-2022-0839,org.liquibase:liquibase-core,org.liquibase.ext:liquibase-db2i,liquibase/liquibase-db2i,Transparent,T1,Safe window,0,14.188414351851852,1.2124768518518518,-9.259733796296295,33.900358796296295
CVE-2022-0839,org.liquibase:liquibase-core,org.liquibase.ext:liquibase-cache,liquibase/liquibase-cache,Transparent,T1,Safe window,0,14.188402777777778,1.2124652777777778,-9.25974537037037,33.90034722222222
CVE-2022-0839,org.liquibase:liquibase-core,de.trustable.ca3s.core:ca-3-s,kuehne-trustable-de/ca3sCore,Transparent,T1,After disclosure,1,28.34350694444445,15.367569444444444,4.895358796296296,48.05545138888889
CVE-2022-23221,com.h2database:h2,com.sqlancer:sqlancer,sqlancer/sqlancer,Transparent,T1,Safe window,0,11.480150462962962,1.0896527777777778,-0.4862268518518518,11.832824074074074
CVE-2022-23221,com.h2database:h2,com.erudika:para-dao-sql,erudika/para-dao-sql,Transparent,T1,After disclosure,1,14.654097222222225,4.263599537037037,2.6877199074074074,15.006770833333333
CVE-2022-23221,com.h2database:h2,org.b3log:latke-repository-h2,88250/latke,Transparent,T1,After disclosure,1,14.950127314814814,4.5596296296296295,2.98375,15.302800925925926
CVE-2022-23221,com.h2database:h2,io.r2dbc:r2dbc-h2,r2dbc/r2dbc-h2,Transparent,T1,After disclosure,1,26.626608796296296,16.23611111111111,14.660231481481482,26.979282407407407
CVE-2022-23221,com.h2database:h2,org.phoebus:service-olog,Olog/phoebus-olog,Transparent,T1,After disclosure,1,33.25408564814815,22.863587962962963,21.287708333333335,33.606759259259256
CVE-2022-23221,com.h2database:h2,network.oxalis:oxalis-persistence,OxalisCommunity/oxalis,Transparent,T1,Before release,0,0.2151851851851851,-10.1753125,-11.75119212962963,0.5678587962962963
CVE-2022-23221,com.h2database:h2,au.org.consumerdatastandards:data-holder,ConsumerDataStandardsAustralia/java-artefacts,Transparent,T1,After disclosure,1,14.944722222222222,4.554224537037037,2.9783449074074073,15.297395833333333
CVE-2022-23221,com.h2database:h2,com.github.simonalong:Neo,SimonAlong/Neo,Transparent,T1,After disclosure,1,15.222210648148147,4.831712962962963,3.255833333333334,15.574884259259258
CVE-2022-23221,com.h2database:h2,de.trustable.ca3s.core:ca-3-s,kuehne-trustable-de/ca3sCore,Transparent,T1,After disclosure,1,15.826018518518518,5.435520833333333,3.859641203703704,16.17869212962963
CVE-2022-23221,com.h2database:h2,org.flywaydb.enterprise:flyway-commandline,flyway/flyway,Transparent,T1,After disclosure,1,14.471342592592592,4.080844907407408,2.504965277777778,14.824016203703705
CVE-2022-23221,com.h2database:h2,org.jooq:jooq-meta-extensions,jOOQ/jOOQ,Transparent,T1,After disclosure,1,14.939467592592592,4.5489699074074075,2.9730902777777777,15.292141203703704
CVE-2022-23221,com.h2database:h2,com.xresch:cfw,xresch/CoreFramework,Transparent,T1,After disclosure,1,109.5651388888889,99.1746412037037,97.59876157407408,109.9178125
CVE-2017-3586,mysql:mysql-connector-java,org.duracloud.db:mill-db-repo,duracloud/duracloud-db,Silent,S1,After disclosure,1,1237.823275462963,1228.8894444444445,1218.5683564814815,
CVE-2017-3586,mysql:mysql-connector-java,com.thankjava.toolkit3d:fast-toolkit3d,lazy-koala/java-toolkit,Silent,S1,After disclosure,1,124.86541666666666,115.93158564814814,105.61049768518518,
CVE-2017-3586,mysql:mysql-connector-java,org.jsimpledb:jsimpledb-kv-mysql,archiecobbs/jsimpledb,Silent,S1,After disclosure,1,61.91631944444445,52.98248842592593,42.661400462962966,
CVE-2017-3586,mysql:mysql-connector-java,com.alibaba:druid,alibaba/druid,Silent,S1,After disclosure,1,241.55569444444444,232.6218634259259,222.30077546296295,
CVE-2017-3586,mysql:mysql-connector-java,org.wallride:wallride-bootstrap,tagbangers/wallride,Silent,S1,After disclosure,1,463.3746990740741,454.44086805555554,444.1197800925926,
CVE-2017-3586,mysql:mysql-connector-java,com.impetus.fabric:fabric-jdbc-driver,Impetus/fabric-jdbc-connector,Silent,S1,After disclosure,1,398.7101157407407,389.7762847222222,379.45519675925925,
CVE-2017-3586,mysql:mysql-connector-java,com.helger:peppol-smp-server-sql,phax/peppol-smp-server,Silent,S1,After disclosure,1,272.6540509259259,263.7202199074074,253.39913194444443,
CVE-2017-3586,mysql:mysql-connector-java,com.nitorcreations:nflow-tests,NitorCreations/nflow,Silent,S1,After disclosure,1,99.58449074074076,90.65065972222222,80.32957175925925,
CVE-2017-3586,mysql:mysql-connector-java,org.duracloud.snapshot:snapshot-service-impl,duracloud/snapshot,Silent,S1,After disclosure,1,1349.991689814815,1341.0578587962964,1330.7367708333334,
CVE-2018-12537,io.vertx:vertx-core,org.swisspush.gateleen:gateleen-delegate,swisspush/gateleen,Transparent,T2,Before release,0,69.87965277777778,-99.05574074074076,-11.428032407407407,71.13332175925926
CVE-2018-12537,io.vertx:vertx-core,org.swisspush:redisques,swisspush/vertx-redisques,Transparent,T2,After disclosure,1,1291.6204745370371,1122.6850810185183,1210.312789351852,1292.8741435185186
CVE-2018-12537,io.vertx:vertx-core,org.swisspush:rest-storage,swisspush/vertx-rest-storage,Transparent,T2,After disclosure,1,1326.7154976851853,1157.780104166667,1245.4078125,1327.9691666666668
CVE-2018-12537,io.vertx:vertx-core,org.swisspush:rest-mirror,swisspush/vertx-rest-mirror,Transparent,T2,After disclosure,1,193.93895833333335,25.003564814814816,112.63127314814815,195.1926273148148
CVE-2018-12537,io.vertx:vertx-core,org.jspare.vertx:vertx-jspare,jspare-projects/vertx-jspare,Transparent,T2,After disclosure,1,299.7900578703704,130.85466435185185,218.4823726851852,301.04372685185183
CVE-2018-12537,io.vertx:vertx-core,com.github.susom:vertx-base,susom/vertx-base,Transparent,T2,After disclosure,1,119.92266203703704,-49.01273148148148,38.61497685185185,121.17633101851852
CVE-2018-12537,io.vertx:vertx-core,nl.jpoint.vertx-deploy-tools:vertx-deploy-test-application,msoute/vertx-deploy-mod,Transparent,T2,Before release,0,13.928287037037038,-155.0071064814815,-67.37939814814816,15.181956018518518
CVE-2018-12537,io.vertx:vertx-core,com.github.susom:database,susom/database,Transparent,T2,After disclosure,1,151.0654976851852,-17.869895833333334,69.7578125,152.31916666666666
CVE-2018-12537,io.vertx:vertx-core,com.statful.client:client-vertx,statful/statful-client-vertx,Transparent,T2,After disclosure,1,145.94701388888888,-22.98837962962963,64.6393287037037,147.20068287037037
CVE-2018-1067,io.undertow:undertow-core,io.jboot:jboot,yangfuhai/jboot,Silent,S1,Safe window,0,18.753483796296297,12.806238425925926,-4.843622685185185,
CVE-2018-1067,io.undertow:undertow-core,io.mangoo:mangooio-core,svenkubiak/mangooio,Silent,S1,Before release,0,5.886018518518519,-0.0612268518518518,-17.711087962962964,
CVE-2016-1000346,org.bouncycastle:bcprov-jdk15on,io.netty:netty-example,netty/netty,Silent,S1,After disclosure,1,1525.1812962962963,1470.1261111111112,942.7720370370372,
CVE-2016-1000346,org.bouncycastle:bcprov-jdk15on,de.taimos:dvalin-jaxrs,taimos/dvalin,Silent,S1,After disclosure,1,1908.9527546296297,1853.8975694444443,1326.5434953703705,
CVE-2016-1000346,org.bouncycastle:bcprov-jdk15on,net.sf.openas2:openas2-server,OpenAS2/OpenAs2App,Silent,S1,After disclosure,1,583.1708680555555,528.1156828703704,0.7616087962962963,
CVE-2016-1000346,org.bouncycastle:bcprov-jdk15on,no.digipost:certificate-validator,digipost/certificate-validator,Silent,S1,After disclosure,1,948.7350578703704,893.6798726851852,366.3257986111111,
CVE-2016-1000346,org.bouncycastle:bcprov-jdk15on,org.digidoc4j:digidoc4j,open-eid/digidoc4j,Silent,S1,Safe window,0,472.7875694444445,417.7323842592593,-109.6216898148148,
CVE-2016-1000346,org.bouncycastle:bcprov-jdk15on,net.anotheria:ano-util,anotheria/ano-util,Silent,S1,After disclosure,1,1749.0545717592593,1693.9993865740742,1166.6453125,
CVE-2016-1000346,org.bouncycastle:bcprov-jdk15on,org.smallmind:smallmind-nutsnbolts,zenbones/SmallMind,Silent,S1,After disclosure,1,906.2577430555556,851.2025578703704,323.8484837962963,
CVE-2016-1000346,org.bouncycastle:bcprov-jdk15on,no.digipost:digipost-api-client-java,digipost/digipost-api-client-java,Silent,S1,After disclosure,1,1416.8673958333334,1361.812210648148,834.458136574074,
CVE-2016-1000346,org.bouncycastle:bcprov-jdk15on,com.augustcellars.cose:cose-java,cose-wg/cose-java,Silent,S1,After disclosure,1,982.2319791666666,927.1767939814816,399.8227199074074,
CVE-2016-1000346,org.bouncycastle:bcprov-jdk15on,com.cybersource:cybersource-sdk-java,CyberSource/cybersource-sdk-java,Silent,S1,After disclosure,1,857.9863773148148,802.9311921296296,275.57711805555556,
CVE-2016-1000346,org.bouncycastle:bcprov-jdk15on,no.difi.sdp:sikker-digital-post-klient-java,difi/sikker-digital-post-klient,Silent,S1,After disclosure,1,866.9711921296297,811.9160069444445,284.56193287037036,
CVE-2016-1000346,org.bouncycastle:bcprov-jdk15on,de.alpharogroup:crypt-core,astrapi69/mystic-crypt,Silent,S1,Safe window,0,433.9332523148148,378.8780671296296,-148.47600694444444,
CVE-2016-1000346,org.bouncycastle:bcprov-jdk15on,io.baltoro:client-lib,junaidontable/baltoro.lib,Silent,S1,After disclosure,1,1276.570335648148,1221.515150462963,694.1610763888889,
CVE-2018-12542,io.vertx:vertx-web,org.swisspush.gateleen:gateleen-core,swisspush/gateleen,Transparent,T1,After disclosure,1,107.31578703703704,107.31554398148148,100.6954976851852,107.39956018518518
CVE-2018-12542,io.vertx:vertx-web,com.github.timofeevda.jstressy:jstressy-api,timofeevda/jstressy,Transparent,T1,After disclosure,1,32.311840277777776,32.311597222222225,25.691550925925927,32.39561342592592
CVE-2018-12542,io.vertx:vertx-web,com.zandero:rest.vertx,Zandero/rest.vertx,Transparent,T1,After disclosure,1,14.958414351851852,14.958171296296296,8.338125,15.0421875
CVE-2018-12542,io.vertx:vertx-web,com.github.mcollovati.vertx:vertx-vaadin8,mcollovati/vertx-vaadin,Transparent,T1,After disclosure,1,31.370520833333337,31.370277777777776,24.75023148148148,31.45429398148148
CVE-2018-12542,io.vertx:vertx-web,org.eclipse.hono:hono-adapter-http-vertx-base,eclipse/hono,Transparent,T1,Safe window,0,4.970578703703704,4.970335648148148,-1.649710648148148,5.054351851851852
CVE-2018-12542,io.vertx:vertx-web,in.erail:api-framework,vinscom/api-framework,Transparent,T1,Safe window,0,1.5129513888888888,1.512708333333333,-5.107337962962963,1.596724537037037
CVE-2018-12542,io.vertx:vertx-web,org.swisspush:rest-storage,swisspush/vertx-rest-storage,Transparent,T1,After disclosure,1,1195.028101851852,1195.0278587962962,1188.4078125,1195.111875
CVE-2018-1314,org.apache.hive:hive-exec,org.apache.ranger:ranger-hive-plugin,apache/ranger,Transparent,T1,After disclosure,1,125.53925925925924,119.4071875,112.0038425925926,369.9850925925926
CVE-2018-1314,org.apache.hive:hive-exec,nl.basjes.parse.httpdlog:httpdlog-serde,nielsbasjes/logparser,Transparent,T1,After disclosure,1,75.12611111111111,68.99403935185185,61.590694444444445,319.57194444444445
CVE-2017-3164,org.apache.solr:solr-core,org.opensextant:opensextant-xponents,OpenSextant/Xponents,Transparent,T1,Before release,0,10.508738425925928,-37.08424768518518,-41.00171296296296,133.3837037037037
CVE-2017-3164,org.apache.solr:solr-core,cool.solr:solr-util,solr-cool/solr-util,Transparent,T1,After disclosure,1,706.8820023148148,659.2890162037037,655.3715509259259,829.7569675925926
CVE-2017-3164,org.apache.solr:solr-core,com.lucidworks.spark:spark-solr,LucidWorks/spark-solr,Transparent,T1,Before release,0,14.320520833333331,-33.272465277777776,-37.18993055555555,137.1954861111111
CVE-2017-3164,org.apache.solr:solr-core,cool.solr:solr-analyzers,solr-cool/solr-analyzers,Transparent,T1,After disclosure,1,868.3672453703704,820.7742592592592,816.8567939814815,991.242210648148
CVE-2017-3164,org.apache.solr:solr-core,cool.solr:solr-thymeleaf,solr-cool/solr-thymeleaf,Transparent,T1,After disclosure,1,588.2471527777777,540.6541666666667,536.7367013888888,711.1221180555556
CVE-2015-0899,struts:struts,com.github.hazendaz:displaytag,hazendaz/displaytag,Silent,S1,After disclosure,1,927.654039351852,535.6045370370371,510.0896064814815,
CVE-2015-0899,struts:struts,net.anotheria:moskito-web,anotheria/moskito,Silent,S1,After disclosure,1,2031.1739583333333,1639.1244560185185,1613.609525462963,
CVE-2022-21724,org.postgresql:postgresql,com.aceql:aceql-http,kawansoft/aceql-http,Silent,S1,After disclosure,1,6.264826388888889,6.167627314814815,5.575393518518519,
CVE-2022-21724,org.postgresql:postgresql,de.digitalcollections.cudami:dc-cudami-server-backend-jdbi,dbmdz/cudami,Silent,S1,After disclosure,1,69.07305555555556,68.97585648148149,68.38362268518519,
CVE-2022-21724,org.postgresql:postgresql,org.ehrbase.openehr:service,ehrbase/ehrbase,Silent,S1,After disclosure,1,15.027604166666666,14.930405092592592,14.338171296296297,
CVE-2022-21724,org.postgresql:postgresql,io.zonky.test:embedded-postgres,zonkyio/embedded-postgres,Silent,S1,After disclosure,1,96.4879050925926,96.39070601851851,95.79847222222222,
CVE-2022-21724,org.postgresql:postgresql,org.fastquery:fastquery,xixifeng/fastquery,Silent,S1,After disclosure,1,65.7887962962963,65.69159722222223,65.09936342592593,
CVE-2022-21724,org.postgresql:postgresql,io.americanexpress:synapse-data-postgres,americanexpress/synapse,Silent,S1,After disclosure,1,62.58320601851852,62.48600694444445,61.89377314814815,
CVE-2022-21724,org.postgresql:postgresql,org.logevents:logevents-servlets-demo,jhannes/logevents,Silent,S1,After disclosure,1,16.62878472222222,16.53158564814815,15.939351851851852,
CVE-2022-21724,org.postgresql:postgresql,com.baidu.hugegraph:hugegraph-loader,hugegraph/hugegraph-loader,Silent,S1,After disclosure,1,15.913854166666669,15.816655092592592,15.224421296296295,
CVE-2019-10093,org.apache.tika:tika-parsers,org.icij.extract:extract-lib,ICIJ/extract,Transparent,T1,After disclosure,1,19.287164351851853,14.129143518518518,10.636574074074074,19.126840277777777
CVE-2019-10093,org.apache.tika:tika-parsers,fr.pilato.elasticsearch.crawler:fscrawler-tika,dadoonet/fscrawler,Transparent,T1,After disclosure,1,8.835925925925926,3.6779050925925927,0.1853356481481481,8.675601851851852
CVE-2019-10093,org.apache.tika:tika-parsers,uk.ac.gate:gate-core,GateNLP/gate-core,Transparent,T1,After disclosure,1,16.009652777777777,10.851631944444444,7.3590625,15.849328703703703
CVE-2019-10093,org.apache.tika:tika-parsers,org.codelibs.fess:fess-crawler,codelibs/fess-crawler,Transparent,T1,After disclosure,1,18.906388888888888,13.748368055555556,10.25579861111111,18.746064814814815
CVE-2019-10093,org.apache.tika:tika-parsers,com.digitalpebble.stormcrawler:storm-crawler-tika,DigitalPebble/storm-crawler,Transparent,T1,After disclosure,1,11.915358796296296,6.757337962962963,3.2647685185185185,11.755034722222222
CVE-2019-10093,org.apache.tika:tika-parsers,org.apache.any23:apache-any23-core,apache/any23,Transparent,T1,After disclosure,1,60.80922453703704,55.6512037037037,52.15863425925926,60.64890046296296
CVE-2018-15756,org.springframework:spring-web,org.apache.openmeetings:openmeetings-db,apache/openmeetings,Silent,S1,After disclosure,1,13.324155092592592,12.943449074074074,10.278009259259258,
CVE-2018-15756,org.springframework:spring-web,ca.uhn.hapi.fhir:hapi-fhir-cli-api,hapifhir/hapi-fhir,Silent,S1,After disclosure,1,24.024247685185184,23.643541666666668,20.978101851851857,
CVE-2018-15756,org.springframework:spring-web,com.consol.citrus:citrus-http,citrusframework/citrus,Silent,S1,After disclosure,1,513.4821064814815,513.1014004629629,510.4359606481481,
CVE-2019-17359,org.bouncycastle:bcprov-jdk15on,io.mangoo:mangooio-core,svenkubiak/mangooio,Silent,S1,After disclosure,1,10.103217592592593,3.5127083333333333,2.3916666666666666,
CVE-2019-17359,org.bouncycastle:bcprov-jdk15on,com.helger:ph-bc,phax/ph-commons,Silent,S1,After disclosure,1,13.653587962962964,7.063078703703703,5.9420370370370375,
CVE-2019-17359,org.bouncycastle:bcprov-jdk15on,org.jboss.aerogear.unifiedpush:unifiedpush-model-api,aerogear/aerogear-unifiedpush-server,Silent,S1,After disclosure,1,283.2621643518519,276.6716550925926,275.5506134259259,
CVE-2019-17359,org.bouncycastle:bcprov-jdk15on,de.dentrassi.maven:rpm,ctron/rpm-builder,Silent,S1,After disclosure,1,791.0803587962963,784.489849537037,783.3688078703703,
CVE-2018-11802,org.apache.solr:solr-core,cool.solr:solr-analyzers,solr-cool/solr-analyzers,Silent,S1,After disclosure,1,879.2291666666666,848.4507060185185,426.8567939814815,
CVE-2018-11802,org.apache.solr:solr-core,cool.solr:solr-util,solr-cool/solr-util,Silent,S1,After disclosure,1,717.7439236111111,686.965462962963,265.37155092592593,
CVE-2018-11802,org.apache.solr:solr-core,cool.solr:solr-thymeleaf,solr-cool/solr-thymeleaf,Silent,S1,After disclosure,1,599.1090740740741,568.3306134259259,146.7367013888889,
CVE-2020-26259,com.thoughtworks.xstream:xstream,com.github.spotbugs:sonar-findbugs-plugin,spotbugs/sonar-findbugs,Silent,S1,After disclosure,1,17.615752314814817,17.420300925925925,15.43548611111111,
CVE-2020-26259,com.thoughtworks.xstream:xstream,com.sangupta:jerry-core,sangupta/jerry-core,Silent,S1,After disclosure,1,255.82927083333337,255.63381944444444,253.6490046296296,
CVE-2020-26259,com.thoughtworks.xstream:xstream,org.cyclonedx:cyclonedx-core-java,CycloneDX/cyclonedx-core-java,Silent,S1,Safe window,0,1.8386342592592593,1.6431828703703704,-0.3416319444444444,
CVE-2020-26259,com.thoughtworks.xstream:xstream,org.wicketstuff:jqplot4java,wicketstuff/core,Silent,S1,After disclosure,1,8.895162037037037,8.699710648148148,6.714895833333333,
CVE-2020-26259,com.thoughtworks.xstream:xstream,org.ikasan:ikasan-builder,ikasanEIP/ikasan,Silent,S1,After disclosure,1,143.01863425925927,142.82318287037037,140.83836805555555,
CVE-2020-26259,com.thoughtworks.xstream:xstream,org.neo4j.build.plugins:licensing-maven-plugin,neo4j/licensing-maven-plugin,Silent,S1,After disclosure,1,131.4701851851852,131.2747337962963,129.2899189814815,
CVE-2020-26259,com.thoughtworks.xstream:xstream,com.thankjava.toolkit3d:fast-toolkit3d,lazy-koala/java-toolkit,Silent,S1,After disclosure,1,100.17092592592591,99.97547453703704,97.99065972222222,
CVE-2020-26259,com.thoughtworks.xstream:xstream,org.jeasy:easy-batch-xstream,j-easy/easy-batch,Silent,S1,After disclosure,1,6.090358796296297,5.894907407407407,3.910092592592593,
CVE-2020-26259,com.thoughtworks.xstream:xstream,com.naspat:wx-tools-pay,naspart/wx-tools,Silent,S1,After disclosure,1,67.57515046296297,67.37969907407407,65.39488425925926,
CVE-2020-26259,com.thoughtworks.xstream:xstream,com.github.psi-probe:psi-probe-core,psi-probe/psi-probe,Silent,S1,Safe window,0,1.4426273148148148,1.247175925925926,-0.7376388888888888,
CVE-2020-26259,com.thoughtworks.xstream:xstream,store.jesframework:jes-core,egetman/jes,Silent,S1,After disclosure,1,8.887326388888889,8.691875,6.707060185185185,
CVE-2020-26259,com.thoughtworks.xstream:xstream,org.powertac:common,powertac/powertac-core,Silent,S1,After disclosure,1,2.9069907407407407,2.711539351851852,0.726724537037037,
CVE-2020-26259,com.thoughtworks.xstream:xstream,de.alpharogroup:email-tails,lightblueseas/email-tails,Silent,S1,After disclosure,1,442.7958449074074,442.6003935185185,440.6155787037037,
CVE-2020-26259,com.thoughtworks.xstream:xstream,net.ripe.rpki:rpki-commons,RIPE-NCC/rpki-commons,Silent,S1,After disclosure,1,8.812777777777777,8.61732638888889,6.632511574074074,
CVE-2020-26259,com.thoughtworks.xstream:xstream,com.swiftmq:swiftmq-client,iitsoftware/swiftmq-client,Silent,S1,After disclosure,1,8.884351851851852,8.688900462962962,6.704085648148149,
CVE-2020-26259,com.thoughtworks.xstream:xstream,org.patterntesting:patterntesting-rt,oboehm/PatternTesting2,Silent,S1,After disclosure,1,157.03185185185183,156.83640046296296,154.85158564814816,
CVE-2020-26259,com.thoughtworks.xstream:xstream,no.mnemonic.messaging:requestsink-jms,mnemonic-no/messaging,Silent,S1,After disclosure,1,3.640555555555556,3.445104166666667,1.4602893518518518,
CVE-2020-26259,com.thoughtworks.xstream:xstream,com.xceptance:xlt,Xceptance/XLT,Silent,S1,After disclosure,1,171.71085648148147,171.5154050925926,169.53059027777778,
CVE-2020-26259,com.thoughtworks.xstream:xstream,com.btc-ag.redg:redg-generator,btc-ag/redg,Silent,S1,After disclosure,1,175.77800925925925,175.58255787037038,173.59774305555555,
CVE-2020-26259,com.thoughtworks.xstream:xstream,io.quarkus:quarkus-junit5,quarkusio/quarkus,Silent,S1,After disclosure,1,26.705636574074074,26.510185185185183,24.52537037037037,
CVE-2020-26259,com.thoughtworks.xstream:xstream,org.javalite:javalite-async,javalite/activejdbc,Silent,S1,After disclosure,1,129.0807986111111,128.8853472222222,126.9005324074074,
CVE-2020-26259,com.thoughtworks.xstream:xstream,ro.pippo:pippo-xstream,pippo-java/pippo,Silent,S1,After disclosure,1,157.55667824074075,157.36122685185185,155.37641203703703,
CVE-2020-26259,com.thoughtworks.xstream:xstream,org.infinispan:infinispan-server-core,infinispan/infinispan,Silent,S1,After disclosure,1,9.710034722222222,9.514583333333333,7.529768518518519,
CVE-2020-26259,com.thoughtworks.xstream:xstream,de.digitalcollections.model:dc-model-xml,dbmdz/digitalcollections-model,Silent,S1,After disclosure,1,29.67791666666667,29.482465277777777,27.49765046296296,
CVE-2018-8027,org.apache.camel:camel-core,com.consol.citrus:citrus-camel,citrusframework/citrus,Transparent,T1,Safe window,0,74.11765046296296,61.63143518518518,-31.42539351851852,74.20377314814814
CVE-2018-8027,org.apache.camel:camel-core,org.apache.plc4x:apache-camel,apache/incubator-plc4x,Transparent,T1,After disclosure,1,323.0345949074074,310.5483796296296,217.4915509259259,323.1207175925926
CVE-2021-21349,com.thoughtworks.xstream:xstream,com.swiftmq:swiftmq-client,iitsoftware/swiftmq-client,Silent,S1,After disclosure,1,12.997847222222225,9.97917824074074,0.9948958333333332,
CVE-2021-21349,com.thoughtworks.xstream:xstream,com.xceptance:xlt,Xceptance/XLT,Silent,S1,After disclosure,1,84.53354166666666,81.51487268518518,72.53059027777778,
CVE-2021-21349,com.thoughtworks.xstream:xstream,org.patterntesting:patterntesting-rt,oboehm/PatternTesting2,Silent,S1,After disclosure,1,89.8172800925926,86.79861111111111,77.81432870370371,
CVE-2021-21349,com.thoughtworks.xstream:xstream,com.sangupta:jerry-core,sangupta/jerry-core,Silent,S1,After disclosure,1,210.70725694444445,207.68858796296297,198.70430555555555,
CVE-2021-21349,com.thoughtworks.xstream:xstream,ro.pippo:pippo-xstream,pippo-java/pippo,Silent,S1,After disclosure,1,70.37936342592593,67.36069444444445,58.376412037037035,
CVE-2021-21349,com.thoughtworks.xstream:xstream,org.infinispan:infinispan-server-core,infinispan/infinispan,Silent,S1,Safe window,0,8.306400462962962,5.287731481481481,-3.696550925925926,
CVE-2021-21349,com.thoughtworks.xstream:xstream,org.ikasan:ikasan-filetransfer-common,ikasanEIP/ikasan,Silent,S1,After disclosure,1,55.84131944444445,52.82265046296296,43.83836805555555,
CVE-2021-21349,com.thoughtworks.xstream:xstream,org.smooks:smooks-core,smooks/smooks,Silent,S1,After disclosure,1,12.770150462962963,9.751481481481482,0.7671990740740741,
CVE-2021-21349,com.thoughtworks.xstream:xstream,org.javalite:javalite-async,javalite/activejdbc,Silent,S1,After disclosure,1,41.9034837962963,38.88481481481482,29.900532407407407,
CVE-2021-21349,com.thoughtworks.xstream:xstream,org.neo4j.build.plugins:licensing-maven-plugin,neo4j/licensing-maven-plugin,Silent,S1,After disclosure,1,44.29287037037037,41.27420138888889,32.289918981481485,
CVE-2021-21349,com.thoughtworks.xstream:xstream,com.github.psi-probe:psi-probe-core,psi-probe/psi-probe,Silent,S1,Safe window,0,5.244143518518518,2.2254745370370372,-6.7588078703703705,
CVE-2021-21349,com.thoughtworks.xstream:xstream,org.wicketstuff:jqplot4java,wicketstuff/core,Silent,S1,After disclosure,1,13.292199074074071,10.273530092592592,1.2892476851851853,
CVE-2021-21349,com.thoughtworks.xstream:xstream,org.kie.kogito:drools-compiler,kiegroup/kogito-runtimes,Silent,S1,After disclosure,1,66.29303240740741,63.27436342592593,54.29008101851852,
CVE-2021-21349,com.thoughtworks.xstream:xstream,io.quarkus:quarkus-junit5,quarkusio/quarkus,Silent,S1,Safe window,0,5.923831018518518,2.9051620370370372,-6.0791203703703705,
CVE-2021-21349,com.thoughtworks.xstream:xstream,com.btc-ag.redg:redg-generator,btc-ag/redg,Silent,S1,After disclosure,1,88.60069444444444,85.58202546296296,76.59774305555555,
CVE-2021-21349,com.thoughtworks.xstream:xstream,no.mnemonic.messaging:requestsink-jms,mnemonic-no/messaging,Silent,S1,After disclosure,1,40.58361111111111,37.56494212962963,28.580659722222222,
CVE-2021-21349,com.thoughtworks.xstream:xstream,com.thankjava.toolkit3d:fast-toolkit3d,lazy-koala/java-toolkit,Silent,S1,After disclosure,1,12.993611111111113,9.97494212962963,0.9906597222222222,
CVE-2021-21349,com.thoughtworks.xstream:xstream,de.alpharogroup:email-tails,lightblueseas/email-tails,Silent,S1,After disclosure,1,355.6185300925926,352.5998611111111,343.6155787037037,
CVE-2021-21349,com.thoughtworks.xstream:xstream,org.powertac:common,powertac/powertac-core,Silent,S1,After disclosure,1,12.995162037037035,9.976493055555556,0.9922106481481482,
CVE-2021-21349,com.thoughtworks.xstream:xstream,net.ripe.rpki:rpki-commons,RIPE-NCC/rpki-commons,Silent,S1,After disclosure,1,12.993530092592591,9.97486111111111,0.9905787037037036,
CVE-2021-21349,com.thoughtworks.xstream:xstream,com.github.spotbugs:sonar-findbugs-plugin,spotbugs/sonar-findbugs,Silent,S1,After disclosure,1,70.17723379629629,67.15856481481481,58.17428240740741,
CVE-2018-11771,org.apache.commons:commons-compress,com.fizzed:stork-deploy,fizzed/stork,Silent,S1,After disclosure,1,1088.8458449074074,1085.321747685185,1082.706527777778,
CVE-2018-11771,org.apache.commons:commons-compress,org.owasp:dependency-check-core,jeremylong/DependencyCheck,Silent,S1,After disclosure,1,7.456747685185185,3.932650462962963,1.3174305555555557,
CVE-2018-11771,org.apache.commons:commons-compress,com.sangupta:jerry-core,sangupta/jerry-core,Silent,S1,After disclosure,1,195.0163425925926,191.49224537037037,188.87702546296296,
CVE-2018-11771,org.apache.commons:commons-compress,org.webjars:webjars-locator-core,webjars/webjars-locator-core,Silent,S1,After disclosure,1,67.29981481481481,63.77571759259259,61.160497685185184,
CVE-2018-11771,org.apache.commons:commons-compress,gov.nasa.gsfc.heasarc:nom-tam-fits,nom-tam-fits/nom-tam-fits,Silent,S1,After disclosure,1,335.6526388888889,332.12854166666665,329.51332175925927,
CVE-2018-11771,org.apache.commons:commons-compress,com.lithium.flow:flow,lithiumtech/flow,Silent,S1,After disclosure,1,39.31821759259259,35.79412037037037,33.178900462962964,
CVE-2018-11771,org.apache.commons:commons-compress,org.fuin.esmp:es-maven-plugin,fuinorg/event-store-maven-plugin,Silent,S1,After disclosure,1,145.5379861111111,142.01388888888889,139.39866898148148,
CVE-2018-11771,org.apache.commons:commons-compress,com.nitorcreations:willow-deployer,NitorCreations/willow,Silent,S1,After disclosure,1,592.5051967592592,588.981099537037,586.3658796296296,
CVE-2018-11771,org.apache.commons:commons-compress,de.uni-rostock.sbi:ModelCrawler,binfalse/ModelCrawler,Silent,S1,After disclosure,1,73.52010416666667,69.99600694444445,67.38078703703704,
CVE-2018-11771,org.apache.commons:commons-compress,com.alibaba.otter:canal.parse,alibaba/canal,Silent,S1,After disclosure,1,240.57256944444444,237.04847222222224,234.4332523148148,
CVE-2018-11771,org.apache.commons:commons-compress,com.graphhopper:graphhopper-tools,graphhopper/graphhopper,Silent,S1,After disclosure,1,294.74278935185185,291.21869212962963,288.6034722222222,
CVE-2018-11771,org.apache.commons:commons-compress,co.cask.cdap:cdap-app-fabric,caskdata/cdap,Silent,S1,After disclosure,1,75.96773148148148,72.44363425925926,69.82841435185185,
CVE-2018-11771,org.apache.commons:commons-compress,org.dishevelled:dsh-compress,heuermh/dishevelled,Silent,S1,After disclosure,1,70.88508101851852,67.3609837962963,64.74576388888889,
CVE-2018-11771,org.apache.commons:commons-compress,com.spotify:docker-client,spotify/docker-client,Silent,S1,After disclosure,1,73.80630787037038,70.28221064814815,67.66699074074074,
CVE-2018-11771,org.apache.commons:commons-compress,org.rauschig:jarchivelib,thrau/jarchivelib,Silent,S1,After disclosure,1,91.02027777777778,87.49618055555555,84.88096064814815,
CVE-2018-11771,org.apache.commons:commons-compress,com.antwerkz.bottlerocket:bottlerocket,evanchooly/bottlerocket,Silent,S1,After disclosure,1,709.0866666666667,705.5625694444444,702.947349537037,
CVE-2018-11771,org.apache.commons:commons-compress,io.arivera.oss:embedded-rabbitmq,AlejandroRivera/embedded-rabbitmq,Silent,S1,After disclosure,1,116.04354166666668,112.51944444444445,109.90422453703704,
CVE-2018-11771,org.apache.commons:commons-compress,org.wikidata.wdtk:wdtk-client,Wikidata/Wikidata-Toolkit,Silent,S1,After disclosure,1,306.7076388888889,303.18354166666666,300.5683217592593,
CVE-2018-11771,org.apache.commons:commons-compress,com.aerse.maven:deb-maven-plugin,dernasherbrezon/deb-maven-plugin,Silent,S1,After disclosure,1,70.94409722222223,67.42,64.8047800925926,
CVE-2018-11771,org.apache.commons:commons-compress,org.structr:structr-ui,structr/structr,Silent,S1,After disclosure,1,177.06199074074075,173.53789351851853,170.92267361111112,
CVE-2015-5531,org.elasticsearch:elasticsearch,io.fabric8:elasticsearch-cloud-kubernetes,fabric8io/elasticsearch-cloud-kubernetes,Silent,S1,After disclosure,1,35.86646990740741,34.19233796296297,2.7794560185185184,
CVE-2015-5531,org.elasticsearch:elasticsearch,com.github.alexcojocaru:elasticsearch-maven-plugin,alexcojocaru/elasticsearch-maven-plugin,Silent,S1,After disclosure,1,123.95605324074074,122.28192129629628,90.86903935185184,
CVE-2015-5531,org.elasticsearch:elasticsearch,com.lithium.flow:flow,lithiumtech/flow,Silent,S1,Safe window,0,9.967395833333333,8.29326388888889,-23.119618055555556,
CVE-2015-5531,org.elasticsearch:elasticsearch,org.codelibs:elasticsearch-analysis-ja,codelibs/elasticsearch-analysis-ja,Silent,S1,Safe window,0,15.298819444444444,13.6246875,-17.788194444444443,
CVE-2015-5531,org.elasticsearch:elasticsearch,org.graylog2:graylog2-server,Graylog2/graylog2-server,Silent,S1,Safe window,0,5.757685185185185,4.08355324074074,-27.329328703703705,
CVE-2015-5531,org.elasticsearch:elasticsearch,io.vertigo:vertigo-bundle,KleeGroup/vertigo,Silent,S1,After disclosure,1,128.75862268518517,127.08449074074076,95.6716087962963,
CVE-2015-5531,org.elasticsearch:elasticsearch,org.codelibs:elasticsearch-sstmpl,codelibs/elasticsearch-sstmpl,Silent,S1,Safe window,0,15.3425,13.668368055555556,-17.74451388888889,
CVE-2015-5531,org.elasticsearch:elasticsearch,org.codelibs:elasticsearch-analysis-kuromoji-neologd,codelibs/elasticsearch-analysis-kuromoji-neologd,Silent,S1,Safe window,0,15.260092592592592,13.585960648148149,-17.826921296296295,
CVE-2015-5531,org.elasticsearch:elasticsearch,io.vertigo:vertigo-dynamo-impl,vertigo-io/vertigo,Silent,S1,After disclosure,1,118.76128472222224,117.08715277777776,85.67427083333334,
CVE-2015-5531,org.elasticsearch:elasticsearch,org.codelibs:elasticsearch-dynarank,codelibs/elasticsearch-dynarank,Silent,S1,Safe window,0,15.323541666666667,13.649409722222222,-17.763472222222223,
CVE-2015-5531,org.elasticsearch:elasticsearch,org.bedework.caleng:bw-calendar-engine-core,Bedework/bw-calendar-engine,Silent,S1,After disclosure,1,1455.726863425926,1454.0527314814815,1422.639849537037,
CVE-2019-17632,org.eclipse.jetty:jetty-server,com.aspectran:aspectran-with-jetty,aspectran/aspectran,Transparent,T1,Safe window,0,1.5784837962962963,1.575775462962963,-2.781851851851852,1.5591666666666666
CVE-2019-17632,org.eclipse.jetty:jetty-server,org.aktin:broker-admin,aktin/broker,Transparent,T1,After disclosure,1,95.29695601851851,95.29424768518518,90.93662037037036,95.27763888888887
CVE-2019-17632,org.eclipse.jetty:jetty-server,org.exist-db:exist-core,exist-db/exist,Transparent,T1,Safe window,0,1.502488425925926,1.4997800925925926,-2.8578472222222224,1.4831712962962964
CVE-2010-1622,org.springframework:spring-beans,org.springframework.ws:spring-ws-core,spring-projects/spring-ws,Silent,S1,Safe window,0,20.400856481481483,1.3802546296296296,-4.0259837962962965,
CVE-2010-1622,org.springframework:spring-beans,org.springframework.webflow:spring-binding,spring-projects/spring-webflow,Silent,S1,Safe window,0,19.741724537037037,0.7211226851851852,-4.68511574074074,
CVE-2019-3778,org.springframework.security.oauth:spring-security-oauth2,io.github.jhipster:jhipster-framework,jhipster/jhipster,Transparent,T1,Safe window,0,1.118587962962963,0.3485532407407407,-15.035474537037038,0.9103472222222222
CVE-2018-1282,org.apache.hive:hive-jdbc,com.hotels:beeju,HotelsDotCom/beeju,Silent,S1,After disclosure,1,291.792962962963,270.74871527777776,257.3999421296296,
CVE-2018-1282,org.apache.hive:hive-jdbc,com.klarna:hiverunner,klarna/HiveRunner,Silent,S1,After disclosure,1,129.86984953703703,108.82560185185186,95.4768287037037,
CVE-2018-1282,org.apache.hive:hive-jdbc,co.cask.cdap:cdap-explore,caskdata/cdap,Silent,S1,After disclosure,1,1603.9039930555557,1582.8597453703703,1569.5109722222223,
CVE-2016-3086,org.apache.hadoop:hadoop-common,com.hotels.road:road-hive-metastore-core,HotelsDotCom/data-highway,Transparent,T1,After disclosure,1,854.0014930555556,841.2782407407408,498.8760532407408,985.1860532407408
CVE-2016-3086,org.apache.hadoop:hadoop-common,org.apache.reef:reef-runtime-multi,apache/reef,Transparent,T1,Safe window,0,316.77986111111113,304.0566087962963,-38.3455787037037,447.9644212962963
CVE-2016-3086,org.apache.hadoop:hadoop-common,com.hotels:corc-cascading,HotelsDotCom/corc,Transparent,T1,After disclosure,1,1022.6633564814816,1009.9401041666666,667.5379166666667,1153.8479166666666
CVE-2016-3086,org.apache.hadoop:hadoop-common,com.qubole.rubix:rubix-presto,qubole/rubix,Transparent,T1,After disclosure,1,1392.6279976851852,1379.9047453703704,1037.5025578703703,1523.8125578703705
CVE-2016-3086,org.apache.hadoop:hadoop-common,com.lucidworks.spark:spark-solr,LucidWorks/spark-solr,Transparent,T1,After disclosure,1,1007.7409722222222,995.0177199074074,652.6155324074074,1138.9255324074074
CVE-2016-3086,org.apache.hadoop:hadoop-common,com.marklogic:mlcp,marklogic/marklogic-contentpump,Transparent,T1,After disclosure,1,1687.0277430555554,1674.304490740741,1331.9023032407408,1818.2123032407408
CVE-2016-3086,org.apache.hadoop:hadoop-common,cz.seznam.euphoria:euphoria-hadoop,seznam/euphoria,Transparent,T1,After disclosure,1,425.8977199074074,413.1744675925926,70.7722800925926,557.0822800925926
CVE-2016-3086,org.apache.hadoop:hadoop-common,com.hotels:circus-train-distcp-copier,ExpediaGroup/circus-train,Transparent,T1,After disclosure,1,488.7331018518518,476.00984953703704,133.60766203703704,619.9176620370371
CVE-2016-3086,org.apache.hadoop:hadoop-common,com.streamxhub.streamx:streamx-flink-repl,streamxhub/streamx,Transparent,T1,After disclosure,1,1730.7341319444445,1718.0108796296297,1375.6086921296296,1861.9186921296296
CVE-2016-5393,org.apache.hadoop:hadoop-common,com.lithium.flow:flow,lithiumtech/flow,Silent,S1,After disclosure,1,152.5785185185185,140.64775462962962,35.184317129629626,
CVE-2016-5393,org.apache.hadoop:hadoop-common,com.hotels:waggle-dance-core,ExpediaGroup/waggle-dance,Silent,S1,After disclosure,1,2023.092164351852,2011.161400462963,1905.697962962963,
CVE-2016-5393,org.apache.hadoop:hadoop-common,com.google.cloud.bigdataoss:bigquery-connector,GoogleCloudPlatform/bigdata-interop,Silent,S1,After disclosure,1,449.30730324074074,437.3765393518519,331.9131018518519,
CVE-2016-5393,org.apache.hadoop:hadoop-common,org.janusgraph:janusgraph-all,JanusGraph/janusgraph,Silent,S1,After disclosure,1,1057.1278935185185,1045.1971296296297,939.7336921296296,
CVE-2016-5393,org.apache.hadoop:hadoop-common,io.github.zhou-dong:aerospike-mapreduce,zhou-dong/aerospike-hadoop,Silent,S1,After disclosure,1,833.4011574074074,821.4703935185186,716.0069560185185,
CVE-2016-5393,org.apache.hadoop:hadoop-common,com.hotels:beeju,HotelsDotCom/beeju,Silent,S1,After disclosure,1,1653.9039467592593,1641.9731828703705,1536.5097453703704,
CVE-2016-5393,org.apache.hadoop:hadoop-common,com.yahoo.datasketches:sketches-pig,DataSketches/sketches-pig,Silent,S1,Safe window,0,50.11497685185185,38.18421296296296,-67.27922453703704,
CVE-2016-5393,org.apache.hadoop:hadoop-common,com.yahoo.datasketches:sketches-hive,DataSketches/sketches-hive,Silent,S1,Safe window,0,58.16923611111111,46.23847222222222,-59.22496527777778,
CVE-2016-5393,org.apache.hadoop:hadoop-common,com.github.jsr203hadoop:jsr203hadoop,damiencarol/jsr203-hadoop,Silent,S1,Safe window,0,33.99715277777778,22.066388888888888,-83.39704861111112,
CVE-2016-5393,org.apache.hadoop:hadoop-common,io.arenadata.hive:hive-jdbc,arenadata/hive,Silent,S1,After disclosure,1,249.45354166666667,237.52277777777775,132.05934027777778,
CVE-2016-5393,org.apache.hadoop:hadoop-common,com.ibm.stocator:stocator,SparkTC/stocator,Silent,S1,After disclosure,1,391.2644560185185,379.3336921296296,273.87025462962964,
CVE-2015-1776,org.apache.hadoop:hadoop-mapreduce-client-core,com.hotels.road:road-hive-metastore-core,HotelsDotCom/data-highway,Silent,S1,After disclosure,1,1343.203877314815,1240.4227546296297,1002.8760532407408,
CVE-2015-1776,org.apache.hadoop:hadoop-mapreduce-client-core,com.hotels:corc-core,HotelsDotCom/corc,Silent,S1,After disclosure,1,1511.8657407407406,1409.0846180555557,1171.537916666667,
CVE-2015-1776,org.apache.hadoop:hadoop-mapreduce-client-core,com.marklogic:mlcp,marklogic/marklogic-contentpump,Silent,S1,After disclosure,1,398.1713888888889,295.39026620370373,57.84356481481481,
CVE-2015-1776,org.apache.hadoop:hadoop-mapreduce-client-core,org.apache.reef:reef-examples,apache/reef,Silent,S1,After disclosure,1,1149.3275578703704,1046.5464351851851,808.9997337962963,
CVE-2015-1776,org.apache.hadoop:hadoop-mapreduce-client-core,com.ibm.stocator:stocator,SparkTC/stocator,Silent,S1,After disclosure,1,489.86466435185184,387.0835416666667,149.53684027777777,
CVE-2015-1776,org.apache.hadoop:hadoop-mapreduce-client-core,com.yahoo.datasketches:sketches-hive,DataSketches/sketches-hive,Silent,S1,After disclosure,1,386.1846875,283.40356481481484,45.85686342592592,
CVE-2015-1776,org.apache.hadoop:hadoop-mapreduce-client-core,com.google.cloud.bigdataoss:gcs-connector,GoogleCloudPlatform/bigdata-interop,Silent,S1,After disclosure,1,509.08605324074074,406.30493055555553,168.75822916666667,
CVE-2014-3120,org.elasticsearch:elasticsearch,fr.pilato.elasticsearch.river:rssriver,dadoonet/rssriver,Transparent,T1,Before release,0,11.812800925925924,-15.078425925925924,-81.54613425925926,19.885752314814816
CVE-2014-3120,org.elasticsearch:elasticsearch,com.code972:elasticsearch-analysis-hebrew,synhershko/elasticsearch-analysis-hebrew,Transparent,T1,Safe window,0,55.905,29.013773148148147,-37.45393518518519,63.97795138888889
CVE-2014-3120,org.elasticsearch:elasticsearch,com.yakaz.elasticsearch.plugins:elasticsearch-action-updatebyquery,yakaz/elasticsearch-action-updatebyquery,Transparent,T1,After disclosure,1,107.2153587962963,80.32413194444445,13.856423611111111,115.28831018518518
CVE-2014-3120,org.elasticsearch:elasticsearch,com.github.richardwilly98.elasticsearch:elasticsearch-river-mongodb,richardwilly98/elasticsearch-river-mongodb,Transparent,T1,Safe window,0,64.94763888888889,38.056412037037035,-28.411296296296296,73.02059027777777
CVE-2014-3120,org.elasticsearch:elasticsearch,org.codelibs:elasticsearch-solr-api,codelibs/elasticsearch-solr-api,Transparent,T1,Safe window,0,29.352916666666665,2.461689814814815,-64.00601851851852,37.425868055555554
CVE-2014-3120,org.elasticsearch:elasticsearch,org.carrot2:elasticsearch-carrot2,carrot2/elasticsearch-carrot2,Transparent,T1,Safe window,0,32.745127314814816,5.853900462962963,-60.61380787037037,40.818078703703705
CVE-2014-3120,org.elasticsearch:elasticsearch,fr.pilato.spring:spring-elasticsearch,dadoonet/spring-elasticsearch,Transparent,T1,After disclosure,1,116.7502199074074,89.85899305555556,23.391284722222224,124.8231712962963
CVE-2014-3120,org.elasticsearch:elasticsearch,com.github.alexcojocaru:elasticsearch-maven-plugin,alexcojocaru/elasticsearch-maven-plugin,Transparent,T1,After disclosure,1,182.15751157407408,155.26628472222222,88.79857638888889,190.23046296296295
CVE-2019-20444,io.netty:netty-codec-http,org.mock-server:mockserver-integration-testing,jamesdbloom/mockservice,Transparent,T2,Before release,0,17.998101851851853,-803.059849537037,-30.342395833333335,18.25011574074074
CVE-2019-20444,io.netty:netty-codec-http,org.b3log:latke-core,88250/latke,Transparent,T2,Before release,0,33.68686342592593,-787.371087962963,-14.65363425925926,33.93887731481482
CVE-2019-20444,io.netty:netty-codec-http,com.azure:azure-cosmos,Azure/azure-sdk-for-java,Transparent,T2,After disclosure,1,62.59152777777778,-758.4664236111112,14.251030092592591,62.84354166666667
CVE-2019-20444,io.netty:netty-codec-http,com.typesafe.netty:netty-reactive-streams-http,playframework/netty-reactive-streams,Transparent,T2,Before release,0,15.89400462962963,-805.1639467592593,-32.44649305555556,16.146018518518517
CVE-2019-20444,io.netty:netty-codec-http,com.simplyti.cloud:simple-server-clients-http,simplyti/simple-server,Transparent,T2,Before release,0,18.286631944444444,-802.7713194444444,-30.05386574074074,18.538645833333337
CVE-2019-20444,io.netty:netty-codec-http,io.jooby:jooby-netty,jooby-project/jooby,Transparent,T2,Before release,0,7.63375,-813.4242013888888,-40.706747685185185,7.885763888888889
CVE-2021-20328,org.mongodb:mongo-java-driver,io.firebus:firebus-adapters,ngrondin/firebus,Silent,S1,After disclosure,1,209.60890046296296,209.56873842592591,203.21747685185184,
CVE-2021-20328,org.mongodb:mongo-java-driver,de.iip-ecosphere.platform.external.si.matjazcerkvenik:alertmonitor,matjaz99/alertmonitor,Silent,S1,After disclosure,1,494.1205324074074,494.0803703703704,487.7291087962963,
CVE-2020-10683,org.dom4j:dom4j,au.com.acegi:xml-format-maven-plugin,acegi/xml-format-maven-plugin,Silent,S1,Safe window,0,0.1984143518518518,0.1758564814814814,-18.990590277777777,
CVE-2021-39148,com.thoughtworks.xstream:xstream,org.powertac:common,powertac/powertac-core,Silent,S1,After disclosure,1,131.89693287037036,44.136805555555554,43.71856481481481,
CVE-2021-39148,com.thoughtworks.xstream:xstream,org.ikasan:ikasan-filetransfer-common,ikasanEIP/ikasan,Silent,S1,After disclosure,1,102.98252314814816,15.222395833333334,14.804155092592593,
CVE-2021-39148,com.thoughtworks.xstream:xstream,com.thankjava.toolkit3d:fast-toolkit3d,lazy-koala/java-toolkit,Silent,S1,After disclosure,1,250.21828703703704,162.45815972222223,162.0399189814815,
CVE-2021-39148,com.thoughtworks.xstream:xstream,org.smooks:smooks-core,smooks/smooks,Silent,S1,After disclosure,1,188.71425925925925,100.95413194444444,100.5358912037037,
CVE-2021-39148,com.thoughtworks.xstream:xstream,org.patterntesting:patterntesting-rt,oboehm/PatternTesting2,Silent,S1,After disclosure,1,227.03912037037037,139.27899305555556,138.86075231481482,
CVE-2021-39148,com.thoughtworks.xstream:xstream,com.sangupta:jerry-core,sangupta/jerry-core,Silent,S1,After disclosure,1,90.82737268518518,3.06724537037037,2.6490046296296295,
CVE-2021-39148,com.thoughtworks.xstream:xstream,com.swiftmq:swiftmq-client,iitsoftware/swiftmq-client,Silent,S1,After disclosure,1,90.8319212962963,3.0717939814814814,2.6535532407407407,
CVE-2021-39148,com.thoughtworks.xstream:xstream,ro.pippo:pippo-xstream,pippo-java/pippo,Silent,S1,After disclosure,1,159.55355324074074,71.79342592592593,71.37518518518519,
CVE-2021-39148,com.thoughtworks.xstream:xstream,com.github.spotbugs:sonar-findbugs-plugin,spotbugs/sonar-findbugs,Silent,S1,After disclosure,1,91.1416550925926,3.381527777777778,2.963287037037037,
CVE-2021-39148,com.thoughtworks.xstream:xstream,org.optaplanner:optaplanner-examples,kiegroup/optaplanner,Silent,S1,After disclosure,1,96.87336805555556,9.11324074074074,8.695,
CVE-2021-39148,com.thoughtworks.xstream:xstream,io.quarkus:quarkus-junit5,quarkusio/quarkus,Silent,S1,After disclosure,1,89.03791666666666,1.277789351851852,0.8595486111111111,
CVE-2021-39148,com.thoughtworks.xstream:xstream,org.javalite:javalite-async,javalite/activejdbc,Silent,S1,After disclosure,1,90.84152777777778,3.081400462962963,2.6631597222222223,
CVE-2021-39148,com.thoughtworks.xstream:xstream,no.mnemonic.messaging:requestsink-jms,mnemonic-no/messaging,Silent,S1,After disclosure,1,105.54498842592592,17.784861111111113,17.36662037037037,
CVE-2021-39148,com.thoughtworks.xstream:xstream,org.infinispan:infinispan-server-core,infinispan/infinispan,Silent,S1,After disclosure,1,90.92130787037036,3.1611805555555557,2.742939814814815,
CVE-2021-39148,com.thoughtworks.xstream:xstream,de.alpharogroup:email-tails,lightblueseas/email-tails,Silent,S1,After disclosure,1,277.79394675925926,190.03381944444445,189.6155787037037,
CVE-2021-39148,com.thoughtworks.xstream:xstream,net.ripe.rpki:rpki-commons,RIPE-NCC/rpki-commons,Silent,S1,After disclosure,1,91.6731712962963,3.9130439814814815,3.494803240740741,
CVE-2021-39148,com.thoughtworks.xstream:xstream,org.wicketstuff:wicketstuff-dashboard-core,wicketstuff/core,Silent,S1,After disclosure,1,90.83532407407408,3.075196759259259,2.6569560185185184,
CVE-2021-39148,com.thoughtworks.xstream:xstream,org.springframework.batch:spring-batch-core,spring-projects/spring-batch,Silent,S1,After disclosure,1,90.88295138888888,3.122824074074074,2.7045833333333333,
CVE-2021-39148,com.thoughtworks.xstream:xstream,com.github.psi-probe:psi-probe-core,psi-probe/psi-probe,Silent,S1,After disclosure,1,88.47140046296296,0.7112731481481481,0.2930324074074074,
CVE-2021-39148,com.thoughtworks.xstream:xstream,com.xceptance:xlt,Xceptance/XLT,Silent,S1,After disclosure,1,96.81370370370372,9.053576388888889,8.635335648148148,
CVE-2018-9159,com.sparkjava:spark-core,org.pac4j:spark-pac4j,pac4j/spark-pac4j,Transparent,T1,After disclosure,1,139.97630787037036,139.97630787037036,116.58952546296295,150.36319444444445
CVE-2018-9159,com.sparkjava:spark-core,net.nextpulse:jadmin,yholkamp/jadmin,Transparent,T1,After disclosure,1,226.11159722222223,226.11159722222223,202.7248148148148,236.49848379629628
CVE-2018-9159,com.sparkjava:spark-core,io.vertigo:vertigo-vega-impl,vertigo-io/vertigo,Transparent,T1,After disclosure,1,373.01934027777776,373.01934027777776,349.63255787037036,383.40622685185184
CVE-2016-1000343,org.bouncycastle:bcprov-jdk15on,org.digidoc4j:digidoc4j,open-eid/digidoc4j,Silent,S1,Safe window,0,466.9586226851851,417.7323842592593,-109.6216898148148,
CVE-2016-1000343,org.bouncycastle:bcprov-jdk15on,de.alpharogroup:crypt-core,astrapi69/mystic-crypt,Silent,S1,Safe window,0,428.1043055555556,378.8780671296296,-148.47600694444444,
CVE-2016-1000343,org.bouncycastle:bcprov-jdk15on,net.sf.openas2:openas2-server,OpenAS2/OpenAs2App,Silent,S1,After disclosure,1,577.3419212962963,528.1156828703704,0.7616087962962963,
CVE-2016-1000343,org.bouncycastle:bcprov-jdk15on,no.difi.sdp:sikker-digital-post-klient-java,difi/sikker-digital-post-klient,Silent,S1,After disclosure,1,861.1422453703703,811.9160069444445,284.56193287037036,
CVE-2016-1000343,org.bouncycastle:bcprov-jdk15on,com.augustcellars.cose:cose-java,cose-wg/cose-java,Silent,S1,After disclosure,1,976.4030324074074,927.1767939814816,399.8227199074074,
CVE-2016-1000343,org.bouncycastle:bcprov-jdk15on,org.smallmind:smallmind-nutsnbolts,zenbones/SmallMind,Silent,S1,After disclosure,1,900.4287962962962,851.2025578703704,323.8484837962963,
CVE-2016-1000343,org.bouncycastle:bcprov-jdk15on,no.digipost:digipost-api-client-java,digipost/digipost-api-client-java,Silent,S1,After disclosure,1,1411.0384490740742,1361.812210648148,834.458136574074,
CVE-2016-1000343,org.bouncycastle:bcprov-jdk15on,io.netty:netty-example,netty/netty,Silent,S1,After disclosure,1,1519.352349537037,1470.1261111111112,942.7720370370372,
CVE-2016-1000343,org.bouncycastle:bcprov-jdk15on,net.anotheria:ano-util,anotheria/ano-util,Silent,S1,After disclosure,1,1743.225625,1693.9993865740742,1166.6453125,
CVE-2016-1000343,org.bouncycastle:bcprov-jdk15on,io.baltoro:client-lib,junaidontable/baltoro.lib,Silent,S1,After disclosure,1,1270.7413888888889,1221.515150462963,694.1610763888889,
CVE-2016-1000343,org.bouncycastle:bcprov-jdk15on,de.taimos:dvalin-jaxrs,taimos/dvalin,Silent,S1,After disclosure,1,1903.1238078703705,1853.8975694444443,1326.5434953703705,
CVE-2016-1000343,org.bouncycastle:bcprov-jdk15on,com.cybersource:cybersource-sdk-java,CyberSource/cybersource-sdk-java,Silent,S1,After disclosure,1,852.1574305555556,802.9311921296296,275.57711805555556,
CVE-2016-1000343,org.bouncycastle:bcprov-jdk15on,no.digipost:certificate-validator,digipost/certificate-validator,Silent,S1,After disclosure,1,942.9061111111112,893.6798726851852,366.3257986111111,
CVE-2020-35217,io.vertx:vertx-web,com.zandero:rest.vertx,Zandero/rest.vertx,Transparent,T1,After disclosure,1,265.49542824074075,262.44523148148147,25.902708333333333,271.0419328703704
CVE-2020-35217,io.vertx:vertx-web,com.github.timofeevda.jstressy:jstressy-api,timofeevda/jstressy,Transparent,T1,After disclosure,1,304.96685185185186,301.9166550925926,65.37413194444444,310.5133564814815
CVE-2018-1296,org.apache.hadoop:hadoop-hdfs,com.marklogic:marklogic-mapreduce2,marklogic/marklogic-contentpump,Transparent,T1,After disclosure,1,1693.2936689814817,1690.2472222222225,1258.0489814814814,1704.560787037037
CVE-2018-1296,org.apache.hadoop:hadoop-hdfs,com.streamxhub.streamx:streamx-flink-repl,streamxhub/streamx,Transparent,T1,After disclosure,1,1290.8533796296297,1287.8069328703705,855.6086921296296,1302.1204976851852
CVE-2018-1296,org.apache.hadoop:hadoop-hdfs,com.qubole.rubix:rubix-hadoop2,qubole/rubix,Transparent,T1,After disclosure,1,952.7472453703704,949.7007986111112,517.5025578703704,964.014363425926
CVE-2018-1296,org.apache.hadoop:hadoop-hdfs,com.github.jsr203hadoop:jsr203hadoop,damiencarol/jsr203-hadoop,Transparent,T1,After disclosure,1,1215.2219791666666,1212.1755324074074,779.9772916666667,1226.4890972222222
CVE-2018-17197,org.apache.tika:tika-parsers,fr.pilato.elasticsearch.crawler:fscrawler-tika,dadoonet/fscrawler,Silent,S1,Safe window,0,40.11417824074074,0.8525578703703703,-5.31082175925926,
CVE-2018-17197,org.apache.tika:tika-parsers,org.codelibs.fess:fess-crawler,codelibs/fess-crawler,Silent,S1,After disclosure,1,53.7559375,14.49431712962963,8.3309375,
CVE-2018-17197,org.apache.tika:tika-parsers,com.digitalpebble.stormcrawler:storm-crawler-tika,DigitalPebble/storm-crawler,Silent,S1,After disclosure,1,54.88219907407407,15.620578703703703,9.457199074074074,
CVE-2018-17197,org.apache.tika:tika-parsers,org.appng:appng-search,appNG/appng,Silent,S1,After disclosure,1,1286.9323842592592,1247.6707638888888,1241.5073842592592,
CVE-2018-17197,org.apache.tika:tika-parsers,org.icij.extract:extract-lib,ICIJ/extract,Silent,S1,After disclosure,1,210.86658564814817,171.60496527777778,165.44158564814813,
CVE-2020-7238,io.netty:netty-codec-http,org.b3log:latke-core,88250/latke,Transparent,T1,Safe window,0,31.97600694444445,26.991006944444443,-12.65363425925926,34.91770833333333
CVE-2020-7238,io.netty:netty-codec-http,io.jooby:jooby-netty,jooby-project/jooby,Transparent,T1,Safe window,0,5.922893518518518,0.9378935185185184,-38.706747685185185,8.864594907407408
CVE-2020-7238,io.netty:netty-codec-http,com.typesafe.netty:netty-reactive-streams-http,playframework/netty-reactive-streams,Transparent,T1,Safe window,0,14.183148148148147,9.198148148148148,-30.446493055555557,17.124849537037036
CVE-2020-7238,io.netty:netty-codec-http,org.mock-server:mockserver-integration-testing,jamesdbloom/mockservice,Transparent,T1,Safe window,0,16.28724537037037,11.30224537037037,-28.342395833333335,19.22894675925926
CVE-2020-7238,io.netty:netty-codec-http,com.simplyti.cloud:simple-server-clients-http,simplyti/simple-server,Transparent,T1,Safe window,0,16.575775462962962,11.590775462962965,-28.05386574074074,19.517476851851853
CVE-2020-7692,com.google.oauth-client:google-oauth-client,com.google.cloud.bigdataoss:bigquery-connector,GoogleCloudPlatform/bigdata-interop,Transparent,T1,After disclosure,1,15.544409722222222,15.214722222222225,6.084224537037037,46.36863425925926
CVE-2020-7692,com.google.oauth-client:google-oauth-client,org.dspace:dspace-api,DSpace/DSpace,Transparent,T1,After disclosure,1,521.3384837962963,521.0087962962963,511.8782986111111,552.1627083333333
CVE-2020-7692,com.google.oauth-client:google-oauth-client,io.prestosql:presto-google-sheets,prestosql/presto,Transparent,T1,After disclosure,1,187.48819444444445,187.15850694444444,178.02800925925925,218.31241898148147
CVE-2020-10714,org.wildfly.security:wildfly-elytron,org.jboss.invocation:jboss-invocation,jbossas/jboss-invocation,Silent,S1,After disclosure,1,843.9275578703704,825.9723611111111,677.6652314814814,
CVE-2020-10714,org.wildfly.security:wildfly-elytron,org.wildfly.core:wildfly-cli,wildfly/wildfly-core,Silent,S1,Safe window,0,18.88025462962963,0.9250578703703703,-147.38207175925925,
CVE-2020-10714,org.wildfly.security:wildfly-elytron,org.jboss:jboss-ejb-client,wildfly/jboss-ejb-client,Silent,S1,After disclosure,1,523.7928703703703,505.8376736111111,357.53054398148146,
CVE-2020-10714,org.wildfly.security:wildfly-elytron,org.jboss.remotingjmx:remoting-jmx,jbossas/remoting-jmx,Silent,S1,After disclosure,1,273.74805555555554,255.7928587962963,107.48572916666669,
CVE-2015-7521,org.apache.hive:hive-exec,com.hotels:circus-train-hive-view,ExpediaGroup/circus-train,Transparent,T2,After disclosure,1,729.0754976851852,578.5745949074075,718.607662037037,732.6194675925926
CVE-2015-7521,org.apache.hive:hive-exec,com.hotels:beeju,HotelsDotCom/beeju,Transparent,T2,After disclosure,1,577.1426388888889,426.64173611111113,566.6748032407407,580.6866087962962
CVE-2015-7521,org.apache.hive:hive-exec,com.yahoo.datasketches:sketches-hive,DataSketches/sketches-hive,Transparent,T2,After disclosure,1,1067.444837962963,916.9439351851852,1056.9770023148149,1070.9888078703705
CVE-2021-29262,org.apache.solr:solr-core,cool.solr:solr-util,solr-cool/solr-util,Silent,S1,After disclosure,1,56.321215277777775,56.07138888888889,49.742719907407405,
CVE-2021-29262,org.apache.solr:solr-core,cool.solr:solr-analyzers,solr-cool/solr-analyzers,Silent,S1,After disclosure,1,56.84034722222222,56.590520833333336,50.26185185185185,
CVE-2021-29262,org.apache.solr:solr-core,org.textexploration.mtas:mtas,textexploration/mtas,Silent,S1,After disclosure,1,60.86699074074074,60.617164351851855,54.28849537037037,
CVE-2021-29262,org.apache.solr:solr-core,cool.solr:solr-thymeleaf,solr-cool/solr-thymeleaf,Silent,S1,After disclosure,1,56.429340277777776,56.17951388888889,49.85084490740741,
CVE-2021-29262,org.apache.solr:solr-core,com.lucidworks.spark:spark-solr,LucidWorks/spark-solr,Silent,S1,After disclosure,1,9.191331018518518,8.94150462962963,2.612835648148148,
CVE-2021-28657,org.apache.tika:tika-parsers,com.digitalpebble.stormcrawler:storm-crawler-tika,DigitalPebble/storm-crawler,Silent,S1,After disclosure,1,51.79193287037037,15.869097222222225,9.305127314814817,
CVE-2021-28657,org.apache.tika:tika-parsers,org.teamapps:universal-db,teamapps-org/universal-db,Silent,S1,After disclosure,1,78.77146990740741,42.848634259259256,36.28466435185185,
CVE-2021-28657,org.apache.tika:tika-parsers,org.dspace:dspace-api,DSpace/DSpace,Silent,S1,After disclosure,1,412.12539351851854,376.2025578703704,369.63858796296296,
CVE-2021-28657,org.apache.tika:tika-parsers,org.codelibs.fess:fess-crawler,codelibs/fess-crawler,Silent,S1,After disclosure,1,43.56502314814815,7.6421875,1.0782175925925923,
CVE-2021-28657,org.apache.tika:tika-parsers,io.annot8:annot8-components-tika,annot8/annot8-components,Silent,S1,After disclosure,1,49.05783564814815,13.135,6.571030092592593,
CVE-2018-11777,org.apache.hive:hive-exec,com.hotels:beeju,HotelsDotCom/beeju,Transparent,T1,After disclosure,1,54.39123842592593,47.80328703703704,40.39994212962963,122.18674768518518
CVE-2018-11777,org.apache.hive:hive-exec,com.hotels:circus-train-hive-view,ExpediaGroup/circus-train,Transparent,T1,After disclosure,1,547.6638773148148,541.075925925926,533.6725810185185,615.4593865740741
CVE-2018-11777,org.apache.hive:hive-exec,com.yahoo.datasketches:sketches-hive,DataSketches/sketches-hive,Transparent,T1,After disclosure,1,56.96829861111111,50.38034722222222,42.97700231481482,124.76380787037036
CVE-2019-3795,org.springframework.security:spring-security-core,io.syndesis.server:server-credential,syndesisio/syndesis,Transparent,T1,After disclosure,1,51.23328703703704,50.84299768518518,44.63381944444444,50.997199074074075
CVE-2019-3795,org.springframework.security:spring-security-core,com.kerb4j:kerb4j-server-spring-security,bedrin/kerb4j,Transparent,T1,After disclosure,1,519.5368865740741,519.1465972222222,512.9374189814815,519.3007986111111
CVE-2019-3795,org.springframework.security:spring-security-core,at.researchstudio.sat:won-owner,researchstudio-sat/webofneeds,Transparent,T1,After disclosure,1,238.90847222222223,238.51818287037037,232.30900462962964,238.67238425925925
CVE-2019-3795,org.springframework.security:spring-security-core,org.openl:org.openl.commons.web,openl-tablets/openl-tablets,Transparent,T1,After disclosure,1,85.47869212962964,85.08840277777777,78.87922453703703,85.24260416666667
CVE-2019-3795,org.springframework.security:spring-security-core,org.appng:appng-core,appNG/appng,Transparent,T1,After disclosure,1,119.12550925925926,118.7352199074074,112.52604166666669,118.88942129629628
CVE-2020-17521,org.codehaus.groovy:groovy,biz.aQute:biz.aQute.openapi.gradle.plugin,aQute-os/biz.aQute.openapi,Transparent,T1,After disclosure,1,19.21039351851852,9.164143518518518,2.794537037037037,19.844537037037036
CVE-2020-26939,org.bouncycastle:bcprov-ext-jdk15on,org.apache.distributedlog:distributedlog-core-shaded,apache/bookkeeper,Silent,S1,After disclosure,1,938.9921527777776,757.4153703703704,122.36657407407408,
CVE-2020-26939,org.bouncycastle:bcprov-ext-jdk15on,dev.galasa:dev.galasa.framework.k8s.controller,galasa-dev/framework,Silent,S1,After disclosure,1,1062.9762037037035,881.3994212962963,246.350625,
CVE-2015-0264,org.apache.camel:camel-core,io.fabric8.examples:fabric-loanbroker-rateservice,fabric8io/fabric8,Transparent,T1,Safe window,0,8.889791666666667,4.106388888888889,-83.76594907407407,34.92502314814815
CVE-2015-0264,org.apache.camel:camel-core,org.apache-extras.camel-extra:camel-couchbase,camel-extra/camel-extra,Transparent,T1,After disclosure,1,117.5305324074074,112.74712962962964,24.874791666666667,143.56576388888888
CVE-2019-7614,org.elasticsearch:elasticsearch,org.codelibs.fess:fess-ds-elasticsearch,codelibs/fess-ds-elasticsearch,Transparent,T1,After disclosure,1,42.94680555555556,22.797662037037036,16.38861111111111,48.05001157407408
CVE-2019-7614,org.elasticsearch:elasticsearch,org.bedework.caleng:bw-calendar-engine-core-common,Bedework/bw-calendar-engine,Transparent,T1,After disclosure,1,714.6832523148148,694.5341087962963,688.1250578703704,719.7864583333334
CVE-2019-7614,org.elasticsearch:elasticsearch,com.amazon.opendistroforelasticsearch:opendistro_security,opendistro-for-elasticsearch/security,Transparent,T1,After disclosure,1,139.67938657407407,119.53024305555556,113.12119212962963,144.78259259259258
CVE-2019-7614,org.elasticsearch:elasticsearch,org.codelibs.fess:fess-ds-atlassian,codelibs/fess-ds-atlassian,Transparent,T1,After disclosure,1,42.92604166666667,22.77689814814815,16.367847222222224,48.02924768518518
CVE-2019-7614,org.elasticsearch:elasticsearch,com.github.cafaudit:caf-audit-binding-elasticsearch,CAFAudit/audit-service,Transparent,T1,After disclosure,1,334.20491898148146,314.05577546296297,307.646724537037,339.308125
CVE-2019-7614,org.elasticsearch:elasticsearch,org.codelibs:elasticsearch-dataformat,codelibs/elasticsearch-dataformat,Transparent,T1,After disclosure,1,27.4415625,7.2924189814814815,0.8833680555555555,32.54476851851852
CVE-2019-7614,org.elasticsearch:elasticsearch,org.codelibs:elasticsearch-configsync,codelibs/elasticsearch-configsync,Transparent,T1,After disclosure,1,27.44148148148148,7.292337962962963,0.883287037037037,32.5446875
CVE-2019-7614,org.elasticsearch:elasticsearch,org.n52.arctic-sea:iceland-statistics-geolocation,52North/arctic-sea,Transparent,T1,After disclosure,1,40.04853009259259,19.899386574074075,13.490335648148148,45.15173611111111
CVE-2019-7614,org.elasticsearch:elasticsearch,org.codelibs.fess:fess-ds-gsuite,codelibs/fess-ds-gsuite,Transparent,T1,After disclosure,1,42.93304398148148,22.78390046296296,16.374849537037036,48.03625
CVE-2019-7614,org.elasticsearch:elasticsearch,org.codelibs.fess:fess-ds-gitbucket,codelibs/fess-ds-gitbucket,Transparent,T1,After disclosure,1,42.9299537037037,22.780810185185185,16.37175925925926,48.03315972222222
CVE-2019-7614,org.elasticsearch:elasticsearch,org.codelibs:elasticsearch-analysis-extension,codelibs/elasticsearch-analysis-extension,Transparent,T1,After disclosure,1,27.441087962962964,7.291944444444445,0.8828935185185185,32.54429398148148
CVE-2019-7614,org.elasticsearch:elasticsearch,org.codelibs:elasticsearch-minhash,codelibs/elasticsearch-minhash,Transparent,T1,After disclosure,1,27.441388888888888,7.29224537037037,0.8831944444444444,32.54459490740741
CVE-2019-7614,org.elasticsearch:elasticsearch,org.codelibs.fess:fess-ds-db,codelibs/fess-ds-db,Transparent,T1,After disclosure,1,42.93707175925926,22.78792824074074,16.378877314814815,48.040277777777774
CVE-2019-7614,org.elasticsearch:elasticsearch,org.lionsoul:jcseg-elasticsearch,lionsoul2014/jcseg,Transparent,T1,After disclosure,1,102.65559027777778,82.50644675925926,76.09739583333334,107.7587962962963
CVE-2019-7614,org.elasticsearch:elasticsearch,org.codelibs:elasticsearch-analysis-fess,codelibs/elasticsearch-analysis-fess,Transparent,T1,After disclosure,1,27.441203703703703,7.292060185185186,0.8830092592592592,32.54440972222222
CVE-2019-7614,org.elasticsearch:elasticsearch,org.codelibs.fess:fess-ds-csv,codelibs/fess-ds-csv,Transparent,T1,After disclosure,1,42.96258101851852,22.8134375,16.404386574074074,48.06578703703704
CVE-2014-3578,org.springframework:spring-core,com.davidkarlsen.commonstransaction.spring:commons-transaction-spring,davidkarlsen/Commons-Transaction-Spring-Integration,Silent,S1,Safe window,0,134.76207175925927,71.10550925925926,-144.5109375,
CVE-2014-3578,org.springframework:spring-core,org.wicketstuff:wicketstuff-annotation,wicketstuff/core,Silent,S1,Safe window,0,131.04880787037038,67.39224537037038,-148.2242013888889,
CVE-2014-3578,org.springframework:spring-core,org.archive.heritrix:heritrix-commons,internetarchive/heritrix3,Silent,S1,After disclosure,1,2467.578564814815,2403.922002314815,2188.3055555555557,
CVE-2014-3578,org.springframework:spring-core,org.bedework.evreg:bw-event-registration-common,Bedework/bw-event-registration,Silent,S1,After disclosure,1,1997.1021875,1933.445625,1717.8291782407407,
CVE-2014-3578,org.springframework:spring-core,org.powermock.examples:powermock-examples-spring-mockito-xml,jayway/powermock,Silent,S1,After disclosure,1,932.8630092592592,869.2064467592593,653.59,
CVE-2014-3578,org.springframework:spring-core,org.jdal:jdal-core,chelu/jdal,Silent,S1,After disclosure,1,344.23083333333335,280.57427083333334,64.95782407407407,
CVE-2014-3578,org.springframework:spring-core,net.javacrumbs:smock-http-metro,lukas-krecan/smock,Silent,S1,After disclosure,1,1229.0679398148147,1165.411377314815,949.7949305555557,
CVE-2014-3578,org.springframework:spring-core,com.custardsource.parfait:parfait-jmx,performancecopilot/parfait,Silent,S1,After disclosure,1,699.5204398148148,635.8638773148148,420.2474305555556,
CVE-2014-3578,org.springframework:spring-core,org.fuzzydb:org.fuzzydb.util,whirlwind-match/fuzzydb,Silent,S1,After disclosure,1,1328.214212962963,1264.557650462963,1048.9412037037036,
CVE-2014-3578,org.springframework:spring-core,com.inspire-software.lib.dto.geda:geda.spring-integration,inspire-software/geda-genericdto,Silent,S1,After disclosure,1,2479.945185185185,2416.288622685185,2200.672175925926,
CVE-2014-3578,org.springframework:spring-core,at.molindo:esi4j,molindo/esi4j,Silent,S1,After disclosure,1,546.9536805555556,483.29711805555553,267.6806712962963,
CVE-2014-3578,org.springframework:spring-core,org.javasimon:javasimon-spring,virgo47/javasimon,Silent,S1,After disclosure,1,440.1399305555556,376.4833680555555,160.86692129629628,
CVE-2014-3578,org.springframework:spring-core,org.fishwife:jrugged-spring,Comcast/jrugged,Silent,S1,After disclosure,1,406.1110532407407,342.45449074074077,126.83804398148148,
CVE-2014-3578,org.springframework:spring-core,org.bedework.bw-synch:bw-synch-common,Bedework/bw-synch,Silent,S1,After disclosure,1,1616.4799189814814,1552.8233564814814,1337.2069097222222,
CVE-2019-20445,io.netty:netty-codec-http,org.b3log:latke-core,88250/latke,Transparent,T1,Safe window,0,31.97600694444445,26.991006944444443,-14.65363425925926,34.91770833333333
CVE-2019-20445,io.netty:netty-codec-http,com.typesafe.netty:netty-reactive-streams-http,playframework/netty-reactive-streams,Transparent,T1,Safe window,0,14.183148148148147,9.198148148148148,-32.44649305555556,17.124849537037036
CVE-2019-20445,io.netty:netty-codec-http,com.azure:azure-cosmos,Azure/azure-sdk-for-java,Transparent,T1,After disclosure,1,60.8806712962963,55.8956712962963,14.251030092592591,63.82237268518519
CVE-2019-20445,io.netty:netty-codec-http,com.simplyti.cloud:simple-server-clients-http,simplyti/simple-server,Transparent,T1,Safe window,0,16.575775462962962,11.590775462962965,-30.05386574074074,19.517476851851853
CVE-2019-20445,io.netty:netty-codec-http,org.jooby:jooby-netty,jooby-project/jooby,Transparent,T1,Safe window,0,5.922893518518518,0.9378935185185184,-40.706747685185185,8.864594907407408
CVE-2019-20445,io.netty:netty-codec-http,org.mock-server:mockserver-integration-testing,jamesdbloom/mockservice,Transparent,T1,Safe window,0,16.28724537037037,11.30224537037037,-30.342395833333335,19.22894675925926
CVE-2019-10184,io.undertow:undertow-servlet,org.keycloak:keycloak-wildfly-adapter,keycloak/keycloak,Transparent,T5,After disclosure,1,83.37481481481481,83.35876157407408,88.50467592592592,88.85550925925926
CVE-2021-41269,com.cronutils:cron-utils,com.coreoz:wisp,Coreoz/Wisp,Transparent,T1,After disclosure,1,16.344224537037036,1.0344675925925926,0.9776851851851852,23.312858796296297
CVE-2021-41269,com.cronutils:cron-utils,com.spotify:styx-common,spotify/styx,Transparent,T1,After disclosure,1,24.792060185185186,9.48230324074074,9.425520833333334,31.760694444444443
CVE-2020-13957,org.apache.solr:solr-core,cool.solr:solr-thymeleaf,solr-cool/solr-thymeleaf,Silent,S1,Safe window,0,10.563935185185183,10.563935185185183,-0.7469675925925926,
CVE-2020-13957,org.apache.solr:solr-core,cool.solr:solr-analyzers,solr-cool/solr-analyzers,Silent,S1,After disclosure,1,243.57275462962963,243.57275462962963,232.26185185185184,
CVE-2020-13957,org.apache.solr:solr-core,com.lucidworks.spark:spark-solr,LucidWorks/spark-solr,Silent,S1,After disclosure,1,186.82055555555556,186.82055555555556,175.50965277777777,
CVE-2020-13957,org.apache.solr:solr-core,org.textexploration.mtas:mtas,textexploration/mtas,Silent,S1,After disclosure,1,51.74923611111111,51.74923611111111,40.43833333333333,
CVE-2020-13957,org.apache.solr:solr-core,cool.solr:solr-util,solr-cool/solr-util,Silent,S1,After disclosure,1,81.6824537037037,81.6824537037037,70.37155092592593,
CVE-2012-1089,org.apache.wicket:wicket-core,org.wicketopia:wicketopia,jwcarman/Wicketopia,Silent,S1,After disclosure,1,348.49572916666665,343.84400462962964,326.212337962963,
CVE-2018-1000632,org.dom4j:dom4j,org.quickfixj:quickfixj-dictgenerator,quickfix-j/quickfixj,Transparent,T1,After disclosure,1,563.0771180555555,562.880462962963,513.554375,563.1616087962963
CVE-2017-9096,com.itextpdf:itextpdf,org.xhtmlrenderer:flying-saucer-pdf-itext5,flyingsaucerproject/flyingsaucer,Silent,S1,After disclosure,1,1330.7848726851853,1314.8983796296295,1232.534212962963,
CVE-2017-9096,com.itextpdf:itextpdf,com.github.mkolisnyk:cucumber-report-generator,mkolisnyk/cucumber-reports,Silent,S1,Safe window,0,44.72988425925926,28.843391203703703,-53.520775462962966,
CVE-2018-1000613,org.bouncycastle:bcprov-jdk15on,org.cryptomator:siv-mode,cryptomator/siv-mode,Silent,S1,After disclosure,1,141.67195601851853,20.991446759259254,14.334618055555556,
CVE-2018-1000613,org.bouncycastle:bcprov-jdk15on,com.qcloud:cos_api,tencentyun/cos-java-sdk-v5,Silent,S1,After disclosure,1,781.7618981481481,661.0813888888889,654.4245601851852,
CVE-2018-1000613,org.bouncycastle:bcprov-jdk15on,org.fuin.esmp:es-maven-plugin,fuinorg/event-store-maven-plugin,Silent,S1,After disclosure,1,304.73600694444445,184.05549768518517,177.39866898148148,
CVE-2018-1000613,org.bouncycastle:bcprov-jdk15on,com.helger:ph-ebinterface,phax/ph-ebinterface,Silent,S1,Before release,0,102.1770486111111,-18.50346064814815,-25.16028935185185,
CVE-2018-1000613,org.bouncycastle:bcprov-jdk15on,cn.springboot:best-pay-sdk,Pay-Group/best-pay-sdk,Silent,S1,After disclosure,1,555.4812615740741,434.8007523148148,428.1439236111111,
CVE-2018-1000613,org.bouncycastle:bcprov-jdk15on,org.pac4j:pac4j-jwt,pac4j/pac4j,Silent,S1,After disclosure,1,372.63855324074075,251.9580439814815,245.30121527777777,
CVE-2018-1000613,org.bouncycastle:bcprov-jdk15on,org.shredzone.acme4j:acme4j-utils,shred/acme4j,Silent,S1,After disclosure,1,133.89283564814815,13.212326388888888,6.555497685185185,
CVE-2018-1000613,org.bouncycastle:bcprov-jdk15on,com.blossom-project:blossom-module-filemanager,blossom-project/blossom,Silent,S1,After disclosure,1,472.8294675925926,352.1489583333333,345.49212962962963,
CVE-2018-1000613,org.bouncycastle:bcprov-jdk15on,org.red5:websocket,Red5/red5-websocket,Silent,S1,Before release,0,14.152673611111112,-106.52783564814816,-113.18466435185184,
CVE-2018-1000613,org.bouncycastle:bcprov-jdk15on,edu.psu.swe.commons:commons-jaxrs,PennState/commons-jaxrs,Silent,S1,After disclosure,1,214.85260416666668,94.1720949074074,87.5152662037037,
CVE-2018-1000613,org.bouncycastle:bcprov-jdk15on,org.mule.services:mule-service-soap,mulesoft/mule-soap-service,Silent,S1,After disclosure,1,188.0770023148148,67.39649305555555,60.73966435185185,
CVE-2018-1000613,org.bouncycastle:bcprov-jdk15on,org.appenders.log4j:log4j2-elasticsearch-jest,rfoltyns/log4j2-elasticsearch,Silent,S1,After disclosure,1,1270.178715277778,1149.4982060185184,1142.8413773148147,
CVE-2018-1000613,org.bouncycastle:bcprov-jdk15on,org.opentelecoms.gsm0348:gsm0348-crypto,opentelecoms-org/gsm0348,Silent,S1,After disclosure,1,199.8664814814815,79.18597222222222,72.52914351851852,
CVE-2018-1000613,org.bouncycastle:bcprov-jdk15on,com.codahale:xsalsa20poly1305,codahale/xsalsa20poly1305,Silent,S1,Safe window,0,126.51224537037037,5.831736111111111,-0.8250925925925926,
CVE-2018-1000613,org.bouncycastle:bcprov-jdk15on,com.consol.citrus:citrus-ssh,citrusframework/citrus,Silent,S1,After disclosure,1,1163.8393171296295,1043.1588078703703,1036.5019791666666,
CVE-2018-1000613,org.bouncycastle:bcprov-jdk15on,com.redhat.red.build:koji-build-finder,release-engineering/koji-build-finder,Silent,S1,After disclosure,1,144.47277777777776,23.79226851851852,17.135439814814816,
CVE-2018-1000613,org.bouncycastle:bcprov-jdk15on,com.fireflysource:firefly-wechat,hypercube1024/firefly,Silent,S1,After disclosure,1,732.7635300925926,612.0830208333333,605.4261921296296,
CVE-2018-1000613,org.bouncycastle:bcprov-jdk15on,com.github.martinpaljak:globalplatformpro,martinpaljak/GlobalPlatformPro,Silent,S1,After disclosure,1,185.88966435185185,65.2091550925926,58.552326388888886,
CVE-2018-1000613,org.bouncycastle:bcprov-jdk15on,io.getlime.security:powerauth-java-prov,wultra/powerauth-crypto,Silent,S1,After disclosure,1,148.82047453703703,28.139965277777776,21.483136574074074,
CVE-2018-1000613,org.bouncycastle:bcprov-jdk15on,org.wso2.transport.http:org.wso2.transport.http.netty,wso2/transport-http,Silent,S1,After disclosure,1,276.5945717592593,155.9140625,149.2572337962963,
CVE-2018-1000613,org.bouncycastle:bcprov-jdk15on,io.getlime.security:powerauth-java-cmd-lib,wultra/powerauth-cmd-tool,Silent,S1,After disclosure,1,134.27511574074074,13.59460648148148,6.937777777777778,
CVE-2018-1000613,org.bouncycastle:bcprov-jdk15on,com.joyent.http-signature:http-signature-common,joyent/java-http-signature,Silent,S1,After disclosure,1,320.10706018518516,199.4265509259259,192.7697222222222,
CVE-2018-1000613,org.bouncycastle:bcprov-jdk15on,de.alpharogroup:crypt-core,astrapi69/mystic-crypt,Silent,S1,After disclosure,1,137.79892361111112,17.11841435185185,10.461585648148148,
CVE-2018-1000613,org.bouncycastle:bcprov-jdk15on,net.sf.openas2:openas2-server,OpenAS2/OpenAs2App,Silent,S1,After disclosure,1,550.6270138888889,429.94650462962966,423.2896759259259,
CVE-2018-1000613,org.bouncycastle:bcprov-jdk15on,io.mangoo:mangooio-core,svenkubiak/mangooio,Silent,S1,Safe window,0,124.6616550925926,3.981145833333333,-2.6756828703703706,
CVE-2018-1000613,org.bouncycastle:bcprov-jdk15on,com.github.rockylomo:rxlib,RockyLOMO/rxlib,Silent,S1,After disclosure,1,641.3939930555556,520.7134837962963,514.0566550925926,
CVE-2018-1000613,org.bouncycastle:bcprov-jdk15on,org.cryptacular:cryptacular,vt-middleware/cryptacular,Silent,S1,After disclosure,1,312.0068865740741,191.3263773148148,184.6695486111111,
CVE-2018-1000613,org.bouncycastle:bcprov-jdk15on,io.github.in-toto:in-toto,in-toto/in-toto-java,Silent,S1,After disclosure,1,919.1769212962964,798.4964120370371,791.8395833333333,
CVE-2018-1000613,org.bouncycastle:bcprov-jdk15on,com.qwazr:qwazr-library-pdfbox,qwazr/library-modules,Silent,S1,After disclosure,1,168.71706018518518,48.03655092592592,41.37972222222222,
CVE-2013-6429,org.springframework:spring-core,org.broadleafcommerce:broadleaf-common,BroadleafCommerce/BroadleafCommerce,Silent,S1,After disclosure,1,187.32255787037036,186.23756944444443,105.7317361111111,
CVE-2013-6429,org.springframework:spring-core,org.fuzzydb:org.fuzzydb.util,whirlwind-match/fuzzydb,Silent,S1,After disclosure,1,1519.532025462963,1518.447037037037,1437.9412037037036,
CVE-2013-6429,org.springframework:spring-core,org.archive.heritrix:heritrix-commons,internetarchive/heritrix3,Silent,S1,After disclosure,1,2658.896377314815,2657.811388888889,2577.3055555555557,
CVE-2013-6429,org.springframework:spring-core,org.geomajas.widget:geomajas-widget-searchandfilter,geomajas/geomajas-project-client-gwt,Silent,S1,Safe window,0,17.012141203703703,15.927152777777778,-64.57868055555555,
CVE-2013-6429,org.springframework:spring-core,org.jdal:jdal-web,chelu/jdal,Silent,S1,After disclosure,1,99.46935185185184,98.38436342592593,17.87853009259259,
CVE-2013-6429,org.springframework:spring-core,org.connid.bundles.soap:org.connid.bundles.soap,Tirasa/ConnIdSOAPBundle,Silent,S1,Safe window,0,23.93193287037037,22.846944444444443,-57.65888888888889,
CVE-2013-6429,org.springframework:spring-core,org.thymeleaf.extras:thymeleaf-extras-tiles2,thymeleaf/thymeleaf-extras-tiles2,Silent,S1,Safe window,0,67.53078703703704,66.44579861111112,-14.060034722222222,
CVE-2013-6429,org.springframework:spring-core,org.powermock.examples:powermock-examples-spring-mockito-xml-agent,jayway/powermock,Silent,S1,After disclosure,1,1124.1808217592593,1123.0958333333333,1042.59,
CVE-2013-6429,org.springframework:spring-core,net.javacrumbs:smock-http-metro,lukas-krecan/smock,Silent,S1,After disclosure,1,1420.385752314815,1419.300763888889,1338.7949305555555,
CVE-2013-6429,org.springframework:spring-core,com.inspire-software.lib.dto.geda:geda.spring-integration,inspire-software/geda-genericdto,Silent,S1,After disclosure,1,2671.2629976851854,2670.1780092592594,2589.672175925926,
CVE-2013-6429,org.springframework:spring-core,com.smartling:smartling-api-sdk,Smartling/api-sdk-java,Silent,S1,After disclosure,1,174.2422222222222,173.1572337962963,92.65140046296295,
CVE-2013-6429,org.springframework:spring-core,com.custardsource.parfait:parfait-jmx,performancecopilot/parfait,Silent,S1,After disclosure,1,890.8382523148148,889.7532638888889,809.2474305555555,
CVE-2013-6429,org.springframework:spring-core,com.davidkarlsen.commonstransaction.spring:commons-transaction-spring,davidkarlsen/Commons-Transaction-Spring-Integration,Silent,S1,After disclosure,1,131.4738657407407,130.3888773148148,49.88304398148148,
CVE-2013-6429,org.springframework:spring-core,org.wicketstuff:wicketstuff-annotation,wicketstuff/core,Silent,S1,After disclosure,1,133.9960763888889,132.91108796296297,52.40525462962963,
CVE-2013-6429,org.springframework:spring-core,org.bedework.evreg:bw-event-registration-common,Bedework/bw-event-registration,Silent,S1,After disclosure,1,2188.42,2187.335011574074,2106.829178240741,
CVE-2013-6429,org.springframework:spring-core,org.javasimon:javasimon-spring,virgo47/javasimon,Silent,S1,After disclosure,1,631.4577430555555,630.3727546296296,549.8669212962963,
CVE-2013-6429,org.springframework:spring-core,org.fishwife:jrugged-spring,Comcast/jrugged,Silent,S1,After disclosure,1,597.4288657407408,596.3438773148148,515.8380439814815,
CVE-2013-6429,org.springframework:spring-core,at.molindo:esi4j,molindo/esi4j,Silent,S1,After disclosure,1,99.04097222222222,97.9559837962963,17.450150462962963,
CVE-2013-6429,org.springframework:spring-core,org.bedework.bw-synch:bw-synch-common,Bedework/bw-synch,Silent,S1,After disclosure,1,1807.7977314814816,1806.7127430555556,1726.2069097222222,
CVE-2019-17638,org.eclipse.jetty:jetty-server,io.nflow:nflow-jetty,NitorCreations/nflow,Transparent,T1,After disclosure,1,69.35428240740741,62.00212962962963,34.30858796296296,69.70193287037037
CVE-2019-17638,org.eclipse.jetty:jetty-server,com.trib3:server,trib3/leakycauldron,Transparent,T1,Safe window,0,14.057175925925923,6.705023148148148,-20.98851851851852,14.404826388888887
CVE-2019-17638,org.eclipse.jetty:jetty-server,io.jooby:jooby-jetty,jooby-project/jooby,Transparent,T1,Before release,0,0.638125,-6.714027777777778,-34.40756944444445,0.9857754629629628
CVE-2019-17638,org.eclipse.jetty:jetty-server,org.apache.avro:avro-ipc-jetty,apache/avro,Transparent,T1,After disclosure,1,162.43723379629628,155.0850810185185,127.39153935185185,162.78488425925926
CVE-2019-17638,org.eclipse.jetty:jetty-server,io.permazen:permazen-guiapp,permazen/permazen,Transparent,T1,After disclosure,1,62.69998842592592,55.34783564814815,27.65429398148148,63.04763888888889
CVE-2019-17638,org.eclipse.jetty:jetty-server,org.kiwiproject:kiwi,kiwiproject/kiwi,Transparent,T1,After disclosure,1,62.78471064814815,55.43255787037037,27.739016203703702,63.13236111111111
CVE-2019-17638,org.eclipse.jetty:jetty-server,org.cryptomator:webdav-nio-adapter,cryptomator/webdav-nio-adapter,Transparent,T1,After disclosure,1,75.36042824074075,68.00827546296296,40.314733796296295,75.7080787037037
CVE-2019-17638,org.eclipse.jetty:jetty-server,com.lithium.flow:flow,lithiumtech/flow,Transparent,T1,After disclosure,1,63.911319444444445,56.55916666666667,28.865625,64.2589699074074
CVE-2019-17638,org.eclipse.jetty:jetty-server,com.aspectran:aspectran-with-jetty,aspectran/aspectran,Transparent,T1,Safe window,0,8.812766203703704,1.460613425925926,-26.23292824074074,9.160416666666666
CVE-2020-13692,org.postgresql:postgresql,org.n52.series.db:generator,52North/series-hibernate,Silent,S1,After disclosure,1,624.6840509259259,624.6840509259259,622.0552546296296,
CVE-2020-13692,org.postgresql:postgresql,com.kohlschutter.junixsocket:junixsocket-demo,kohlschutter/junixsocket,Silent,S1,After disclosure,1,319.7071064814815,319.7071064814815,317.07831018518516,
CVE-2020-13692,org.postgresql:postgresql,com.arcadeanalytics:arcade-connectors-rdbms,ArcadeData/arcade-connectors,Silent,S1,After disclosure,1,14.006701388888889,14.006701388888889,11.377905092592592,
CVE-2020-13692,org.postgresql:postgresql,com.spotify:dbeam-core,spotify/dbeam,Silent,S1,After disclosure,1,136.8183912037037,136.8183912037037,134.1895949074074,
CVE-2020-13692,org.postgresql:postgresql,org.factcast:factcast-store-pgsql,factcast/factcast,Silent,S1,After disclosure,1,20.456435185185185,20.456435185185185,17.827638888888888,
CVE-2020-13692,org.postgresql:postgresql,com.nimbusframework:nimbus-aws,thomasjallerton/nimbus-core,Silent,S1,After disclosure,1,555.5905555555555,555.5905555555555,552.9617592592592,
CVE-2020-13692,org.postgresql:postgresql,net.officefloor.persistence:officejdbc_postgresql,officefloor/OfficeFloor,Silent,S1,After disclosure,1,9.48076388888889,9.48076388888889,6.851967592592593,
CVE-2020-13692,org.postgresql:postgresql,com.aceql:aceql-http,kawansoft/aceql-http,Silent,S1,After disclosure,1,616.2041898148149,616.2041898148149,613.5753935185185,
CVE-2020-13692,org.postgresql:postgresql,com.github.labai:ted-driver,labai/ted,Silent,S1,After disclosure,1,635.9004861111111,635.9004861111111,633.2716898148149,
CVE-2020-13692,org.postgresql:postgresql,nl.geodienstencentrum.maven:schemaspy-maven-plugin,GeoDienstenCentrum/schemaspy-maven-plugin,Silent,S1,After disclosure,1,13.74599537037037,13.74599537037037,11.117199074074074,
CVE-2020-13692,org.postgresql:postgresql,sh.platform:config,platformsh/config-reader-java,Silent,S1,After disclosure,1,72.22193287037037,72.22193287037037,69.59313657407408,
CVE-2020-13692,org.postgresql:postgresql,org.ehrbase.openehr:service,ehrbase/ehrbase,Silent,S1,After disclosure,1,164.77774305555556,164.77774305555556,162.14894675925925,
CVE-2020-13692,org.postgresql:postgresql,org.jzenith:jzenith-postgresql,marcust/jzenith,Silent,S1,After disclosure,1,9.834467592592592,9.834467592592592,7.2056712962962965,
CVE-2020-13692,org.postgresql:postgresql,org.minimalj:minimalj,BrunoEberhard/minimal-j,Silent,S1,After disclosure,1,610.6634953703704,610.6634953703704,608.0346990740741,
CVE-2020-13692,org.postgresql:postgresql,org.logevents:logevents-servlets-demo,jhannes/logevents,Silent,S1,After disclosure,1,183.05284722222223,183.05284722222223,180.4240509259259,
CVE-2020-13692,org.postgresql:postgresql,io.cloudslang.content:cs-database,CloudSlang/cs-actions,Silent,S1,After disclosure,1,63.243657407407404,63.243657407407404,60.61486111111111,
CVE-2020-13692,org.postgresql:postgresql,org.fastquery:fastquery,xixifeng/fastquery,Silent,S1,After disclosure,1,675.7281597222222,675.7281597222222,673.099363425926,
CVE-2020-13692,org.postgresql:postgresql,de.digitalcollections.cudami:dc-cudami-server-backend-jdbi,dbmdz/cudami,Silent,S1,After disclosure,1,17.208182870370372,17.208182870370372,14.579386574074077,
CVE-2020-13692,org.postgresql:postgresql,de.bytefish:pgbulkinsert,PgBulkInsert/PgBulkInsert,Silent,S1,After disclosure,1,9.979108796296297,9.979108796296297,7.3503125,
CVE-2020-13692,org.postgresql:postgresql,io.nflow:nflow-tests,NitorCreations/nflow,Silent,S1,After disclosure,1,91.1637037037037,91.1637037037037,88.5349074074074,
CVE-2020-13692,org.postgresql:postgresql,be.yildiz-games:module-database-postgresql,yildiz-online/module-database-postgresql,Silent,S1,After disclosure,1,9.7290625,9.7290625,7.100266203703704,
CVE-2020-13692,org.postgresql:postgresql,io.americanexpress:synapse-data-postgres,americanexpress/synapse,Silent,S1,After disclosure,1,672.5225694444445,672.5225694444445,669.8937731481482,
CVE-2020-13692,org.postgresql:postgresql,de.viadee.camunda:camunda-kafka-polling-client,viadee/camunda-kafka-polling-client,Silent,S1,After disclosure,1,431.2518287037037,431.2518287037037,428.6230324074074,
CVE-2020-13692,org.postgresql:postgresql,io.prestosql:presto-product-tests,prestosql/presto,Silent,S1,After disclosure,1,429.345625,429.345625,426.7168287037037,
CVE-2020-13692,org.postgresql:postgresql,io.debezium:debezium-connector-postgres,debezium/debezium,Silent,S1,After disclosure,1,38.39642361111111,38.39642361111111,35.76762731481482,
CVE-2020-13692,org.postgresql:postgresql,io.zonky.test:embedded-postgres,zonkyio/embedded-postgres,Silent,S1,After disclosure,1,63.66388888888889,63.66388888888889,61.03509259259259,
CVE-2020-13692,org.postgresql:postgresql,com.github.javawebers:yt-mybatis,javawebers/yt,Silent,S1,After disclosure,1,71.9277662037037,71.9277662037037,69.29896990740741,
CVE-2020-13692,org.postgresql:postgresql,com.baidu.hugegraph:hugegraph-loader,hugegraph/hugegraph-loader,Silent,S1,After disclosure,1,625.8532175925926,625.8532175925926,623.2244212962963,
CVE-2018-1000180,org.bouncycastle:bcprov-jdk15on,io.getlime.security:powerauth-java-cmd-lib,wultra/powerauth-cmd-tool,Silent,S2,After disclosure,1,87.15998842592593,13.59460648148148,40.937777777777775,
CVE-2018-1000180,org.bouncycastle:bcprov-jdk15on,org.mule.services:mule-service-soap,mulesoft/mule-soap-service,Silent,S2,After disclosure,1,140.961875,67.39649305555555,94.73966435185186,
CVE-2018-1000180,org.bouncycastle:bcprov-jdk15on,com.codahale:xsalsa20poly1305,codahale/xsalsa20poly1305,Silent,S2,After disclosure,1,79.39711805555555,5.831736111111111,33.17490740740741,
CVE-2018-1000180,org.bouncycastle:bcprov-jdk15on,com.qcloud:cos_api,tencentyun/cos-java-sdk-v5,Silent,S2,After disclosure,1,734.6467708333333,661.0813888888889,688.4245601851852,
CVE-2018-1000180,org.bouncycastle:bcprov-jdk15on,org.wso2.transport.http:org.wso2.transport.http.netty,wso2/transport-http,Silent,S2,After disclosure,1,229.47944444444445,155.9140625,183.2572337962963,
CVE-2018-1000180,org.bouncycastle:bcprov-jdk15on,de.alpharogroup:crypt-core,astrapi69/mystic-crypt,Silent,S2,After disclosure,1,90.6837962962963,17.11841435185185,44.46158564814815,
CVE-2018-1000180,org.bouncycastle:bcprov-jdk15on,org.fuin.esmp:es-maven-plugin,fuinorg/event-store-maven-plugin,Silent,S2,After disclosure,1,257.62087962962966,184.05549768518517,211.39866898148148,
CVE-2018-1000180,org.bouncycastle:bcprov-jdk15on,net.sf.openas2:openas2-server,OpenAS2/OpenAs2App,Silent,S2,After disclosure,1,503.5118865740741,429.94650462962966,457.2896759259259,
CVE-2018-1000180,org.bouncycastle:bcprov-jdk15on,org.appenders.log4j:log4j2-elasticsearch-jest,rfoltyns/log4j2-elasticsearch,Silent,S2,After disclosure,1,1223.0635879629629,1149.4982060185184,1176.8413773148147,
CVE-2018-1000180,org.bouncycastle:bcprov-jdk15on,com.blossom-project:blossom-module-filemanager,blossom-project/blossom,Silent,S2,After disclosure,1,425.71434027777775,352.1489583333333,379.4921296296296,
CVE-2018-1000180,org.bouncycastle:bcprov-jdk15on,com.egzosn:pay-java-ali,egzosn/pay-java-parent,Silent,S2,After disclosure,1,550.4695023148148,476.9041203703704,504.2472916666667,
CVE-2018-1000180,org.bouncycastle:bcprov-jdk15on,com.github.rockylomo:rxlib,RockyLOMO/rxlib,Silent,S2,After disclosure,1,594.2788657407407,520.7134837962963,548.0566550925926,
CVE-2018-1000180,org.bouncycastle:bcprov-jdk15on,edu.psu.swe.commons:commons-jaxrs,PennState/commons-jaxrs,Silent,S2,After disclosure,1,167.73747685185185,94.1720949074074,121.5152662037037,
CVE-2018-1000180,org.bouncycastle:bcprov-jdk15on,org.cryptacular:cryptacular,vt-middleware/cryptacular,Silent,S2,After disclosure,1,264.89175925925923,191.3263773148148,218.6695486111111,
CVE-2018-1000180,org.bouncycastle:bcprov-jdk15on,org.shredzone.acme4j:acme4j-utils,shred/acme4j,Silent,S2,After disclosure,1,86.77770833333334,13.212326388888888,40.55549768518519,
CVE-2018-1000180,org.bouncycastle:bcprov-jdk15on,io.github.in-toto:in-toto,in-toto/in-toto-java,Silent,S2,After disclosure,1,872.0617939814815,798.4964120370371,825.8395833333333,
CVE-2018-1000180,org.bouncycastle:bcprov-jdk15on,cn.springboot:best-pay-sdk,Pay-Group/best-pay-sdk,Silent,S2,After disclosure,1,508.3661342592592,434.8007523148148,462.1439236111111,
CVE-2018-1000180,org.bouncycastle:bcprov-jdk15on,org.pac4j:pac4j-jwt,pac4j/pac4j,Silent,S2,After disclosure,1,325.52342592592595,251.9580439814815,279.30121527777777,
CVE-2018-1000180,org.bouncycastle:bcprov-jdk15on,com.consol.citrus:citrus-ssh,citrusframework/citrus,Silent,S2,After disclosure,1,1116.7241898148147,1043.1588078703703,1070.5019791666666,
CVE-2018-1000180,org.bouncycastle:bcprov-jdk15on,com.qwazr:qwazr-library-pdfbox,qwazr/library-modules,Silent,S2,After disclosure,1,121.60193287037038,48.03655092592592,75.37972222222223,
CVE-2018-1000180,org.bouncycastle:bcprov-jdk15on,org.opentelecoms.gsm0348:gsm0348-impl,opentelecoms-org/gsm0348,Silent,S2,After disclosure,1,152.75135416666666,79.18597222222222,106.52914351851852,
CVE-2018-1000180,org.bouncycastle:bcprov-jdk15on,com.joyent.http-signature:http-signature-common,joyent/java-http-signature,Silent,S2,After disclosure,1,272.99193287037036,199.4265509259259,226.7697222222222,
CVE-2018-1000180,org.bouncycastle:bcprov-jdk15on,io.mangoo:mangooio-core,svenkubiak/mangooio,Silent,S2,After disclosure,1,77.54652777777778,3.981145833333333,31.32431712962963,
CVE-2018-1000180,org.bouncycastle:bcprov-jdk15on,com.github.martinpaljak:globalplatformpro,martinpaljak/GlobalPlatformPro,Silent,S2,After disclosure,1,138.77453703703705,65.2091550925926,92.55232638888889,
CVE-2018-1000180,org.bouncycastle:bcprov-jdk15on,com.redhat.red.build:koji-build-finder,release-engineering/koji-build-finder,Silent,S2,After disclosure,1,97.35765046296297,23.79226851851852,51.135439814814816,
CVE-2018-1000180,org.bouncycastle:bcprov-jdk15on,org.cryptomator:siv-mode,cryptomator/siv-mode,Silent,S2,After disclosure,1,94.5568287037037,20.991446759259254,48.33461805555555,
CVE-2018-1000180,org.bouncycastle:bcprov-jdk15on,com.helger:ph-ebinterface,phax/ph-ebinterface,Silent,S2,After disclosure,1,55.0619212962963,-18.50346064814815,8.839710648148149,
CVE-2018-1000180,org.bouncycastle:bcprov-jdk15on,io.getlime.security:powerauth-java-prov,wultra/powerauth-crypto,Silent,S2,After disclosure,1,101.70534722222222,28.139965277777776,55.483136574074074,
CVE-2018-7489,com.fasterxml.jackson.core:jackson-databind,net.logstash.logback:logstash-logback-encoder,logfellow/logstash-logback-encoder,Transparent,T1,After disclosure,1,237.72225694444444,231.46256944444443,45.35613425925926,237.46416666666667
CVE-2018-7489,com.fasterxml.jackson.core:jackson-databind,io.swagger:swagger-jaxrs2,swagger-api/swagger-core,Transparent,T1,After disclosure,1,235.7567361111111,229.4970486111111,43.39061342592593,235.49864583333337
CVE-2018-7489,com.fasterxml.jackson.core:jackson-databind,com.commercetools.sdk.jvm.core:commercetools-internal-docs,commercetools/commercetools-jvm-sdk,Transparent,T1,After disclosure,1,241.7010300925926,235.4413425925926,49.33490740740741,241.4429398148148
CVE-2018-7489,com.fasterxml.jackson.core:jackson-databind,ch.rasc:sse-eventbus,ralscha/sse-eventbus,Transparent,T1,After disclosure,1,229.5494907407407,223.28980324074075,37.183368055555555,229.29140046296297
CVE-2018-7489,com.fasterxml.jackson.core:jackson-databind,org.schoellerfamily.gedbrowser:geoservice-common,dickschoeller/gedbrowser,Transparent,T1,After disclosure,1,229.03020833333332,222.77052083333336,36.664085648148145,228.77211805555555
CVE-2018-7489,com.fasterxml.jackson.core:jackson-databind,org.axonframework:axon-distributed-commandbus-springcloud,AxonFramework/AxonFramework,Transparent,T1,After disclosure,1,425.17675925925926,418.9170717592593,232.81063657407407,424.91866898148146
CVE-2018-7489,com.fasterxml.jackson.core:jackson-databind,org.litote.kmongo:kmongo-async-shared,Litote/kmongo,Transparent,T1,After disclosure,1,398.16644675925926,391.9067592592593,205.80032407407407,397.90835648148146
CVE-2018-7489,com.fasterxml.jackson.core:jackson-databind,com.consol.citrus:citrus-core,citrusframework/citrus,Transparent,T1,After disclosure,1,328.8701273148148,322.6104398148148,136.50400462962963,328.61203703703706
CVE-2018-7489,com.fasterxml.jackson.core:jackson-databind,org.zalando:riptide-stream,zalando/riptide,Transparent,T1,After disclosure,1,236.8621875,230.6025,44.496064814814815,236.6040972222222
CVE-2018-7489,com.fasterxml.jackson.core:jackson-databind,org.glassfish.main.admin:admin-util,eclipse-ee4j/glassfish,Transparent,T1,After disclosure,1,602.2248726851852,595.9651851851852,409.85875,601.9667824074074
CVE-2018-7489,com.fasterxml.jackson.core:jackson-databind,com.datastax.oss.simulacron:simulacron-common,datastax/simulacron,Transparent,T1,After disclosure,1,293.1970601851852,286.9373726851852,100.8309375,292.9389699074074
CVE-2018-7489,com.fasterxml.jackson.core:jackson-databind,io.getlime.security:powerauth-push-client,wultra/powerauth-push-server,Transparent,T1,After disclosure,1,284.9402430555556,278.68055555555554,92.57412037037037,284.6821527777778
CVE-2018-7489,com.fasterxml.jackson.core:jackson-databind,com.tomtom.speedtools:core,tomtom-international/speedtools,Transparent,T1,After disclosure,1,467.8466203703704,461.5869328703704,275.4804976851852,467.5885300925926
CVE-2018-7489,com.fasterxml.jackson.core:jackson-databind,com.maxmind.minfraud:minfraud,maxmind/minfraud-api-java,Transparent,T1,After disclosure,1,231.32460648148148,225.06491898148147,38.9584837962963,231.0665162037037
CVE-2018-7489,com.fasterxml.jackson.core:jackson-databind,com.ecfront.dew:common,gudaoxuri/dew-common,Transparent,T1,After disclosure,1,444.78961805555554,438.5299305555555,252.4234953703704,444.5315277777778
CVE-2018-7489,com.fasterxml.jackson.core:jackson-databind,com.tomtom.http:goji-http-client,tomtom-international/goji-http-client,Transparent,T1,After disclosure,1,300.86782407407406,294.6081365740741,108.50170138888888,300.60973379629627
CVE-2018-7489,com.fasterxml.jackson.core:jackson-databind,org.fujion:fujion-common,fujion/fujion-framework,Transparent,T1,After disclosure,1,237.93525462962964,231.67556712962963,45.56913194444444,237.67716435185184
CVE-2018-7489,com.fasterxml.jackson.core:jackson-databind,com.weblyzard.api:weblyzard-api,weblyzard/weblyzard_api,Transparent,T1,Safe window,0,46.65625,40.3965625,-145.7098726851852,46.398159722222225
CVE-2018-7489,com.fasterxml.jackson.core:jackson-databind,com.github.wz2cool:mybatis-dynamic-query,wz2cool/mybatis-dynamic-query,Transparent,T1,After disclosure,1,452.96886574074074,446.7091782407407,260.60274305555555,452.71077546296294
CVE-2018-7489,com.fasterxml.jackson.core:jackson-databind,org.devocative:wickomp,mbizhani/Wickomp,Transparent,T1,After disclosure,1,237.02424768518517,230.7645601851852,44.658125,236.7661574074074
CVE-2016-7051,com.fasterxml.jackson.dataformat:jackson-dataformat-xml,cn.com.riversoft:weixin-pay,borball/weixin-sdk,Silent,S1,Safe window,0,86.23979166666666,86.23893518518518,-112.91902777777776,
CVE-2014-7839,org.jboss.resteasy:resteasy-jaxrs,org.modeshape:modeshape-web-jcr-rest,ModeShape/modeshape,Silent,S3,After disclosure,1,220.53996527777775,122.14319444444445,237.55163194444444,
CVE-2014-7839,org.jboss.resteasy:resteasy-jaxrs,se.l4.dust:dust-jaxrs-resteasy,LevelFourAB/dust,Silent,S3,After disclosure,1,1027.352060185185,928.955289351852,1044.363726851852,
CVE-2014-7839,org.jboss.resteasy:resteasy-jaxrs,org.keycloak:keycloak-services,keycloak/keycloak,Silent,S3,After disclosure,1,182.5023148148148,84.10554398148147,199.5139814814815,
CVE-2014-7839,org.jboss.resteasy:resteasy-jaxrs,org.wildfly:wildfly-rts,wildfly/wildfly,Silent,S3,After disclosure,1,100.98662037037036,2.589849537037037,117.99828703703704,
CVE-2020-10719,io.undertow:undertow-core,com.networknt:graphql-security,networknt/light-graphql-4j,Silent,S1,After disclosure,1,13.491145833333333,13.42275462962963,2.576296296296296,
CVE-2020-10719,io.undertow:undertow-core,com.networknt:swagger-security,networknt/light-rest-4j,Silent,S1,After disclosure,1,13.491099537037035,13.422708333333333,2.57625,
CVE-2020-10719,io.undertow:undertow-core,com.networknt:rpc-router,networknt/light-hybrid-4j,Silent,S1,After disclosure,1,13.49119212962963,13.422800925925928,2.5763425925925927,
CVE-2020-10719,io.undertow:undertow-core,com.networknt:cors,networknt/light-4j,Silent,S1,After disclosure,1,13.491041666666666,13.422650462962965,2.5761921296296295,
CVE-2020-10719,io.undertow:undertow-core,com.paulhammant.servirtium:servirtium-undertow,paul-hammant/servirtium,Silent,S1,After disclosure,1,578.8143055555555,578.7459143518519,567.8994560185185,
CVE-2020-10719,io.undertow:undertow-core,org.keycloak:keycloak-installed-adapter,keycloak/keycloak,Silent,S1,After disclosure,1,66.75869212962964,66.69030092592592,55.843842592592594,
CVE-2020-10719,io.undertow:undertow-core,com.networknt:hazelcast-manager,networknt/light-session-4j,Silent,S1,After disclosure,1,13.491273148148148,13.422881944444445,2.576423611111111,
CVE-2020-10719,io.undertow:undertow-core,io.basestar:basestar-connector-undertow,basestar/basestar,Silent,S1,After disclosure,1,405.30395833333336,405.23556712962966,394.3891087962963,
CVE-2020-10719,io.undertow:undertow-core,com.popokis:popok,soasada/popok,Silent,S1,After disclosure,1,602.6461921296296,602.5778009259259,591.7313425925926,
CVE-2020-10719,io.undertow:undertow-core,com.networknt:stateless-auth,networknt/light-spa-4j,Silent,S1,After disclosure,1,13.491319444444445,13.42292824074074,2.5764699074074073,
CVE-2020-10719,io.undertow:undertow-core,io.mangoo:mangooio-core,svenkubiak/mangooio,Silent,S1,Safe window,0,1.5891550925925926,1.5207638888888888,-9.325694444444444,
CVE-2020-10719,io.undertow:undertow-core,com.aspectran:aspectran-with-undertow,aspectran/aspectran,Silent,S1,Safe window,0,0.5561805555555556,0.4877893518518518,-10.35866898148148,
CVE-2018-12538,org.eclipse.jetty:jetty-server,io.airlift:http-server,airlift/airlift,Transparent,T1,Safe window,0,107.02855324074072,38.41916666666667,-55.27638888888889,109.11393518518518
CVE-2018-12538,org.eclipse.jetty:jetty-server,org.teknux:jetty-bootstrap,teknux-org/jetty-bootstrap,Transparent,T1,After disclosure,1,320.9744097222222,252.36502314814817,158.66946759259258,323.0597916666667
CVE-2018-12538,org.eclipse.jetty:jetty-server,com.github.searls:jasmine-maven-plugin,searls/jasmine-maven-plugin,Transparent,T1,After disclosure,1,978.8926157407408,910.2832291666666,816.5876736111111,980.9779976851852
CVE-2018-12538,org.eclipse.jetty:jetty-server,com.consol.citrus:citrus-http,citrusframework/citrus,Transparent,T1,After disclosure,1,281.6055324074074,212.99614583333337,119.30059027777776,283.69091435185186
CVE-2018-12538,org.eclipse.jetty:jetty-server,org.cryptomator:webdav-nio-adapter,cryptomator/webdav-nio-adapter,Transparent,T1,Safe window,0,117.68194444444444,49.07255787037037,-44.62299768518518,119.76732638888888
CVE-2018-12538,org.eclipse.jetty:jetty-server,de.alpharogroup:jetty-runner-config,astrapi69/jetty-runner,Transparent,T1,After disclosure,1,184.98046296296295,116.3710763888889,22.675520833333337,187.0658449074074
CVE-2018-12538,org.eclipse.jetty:jetty-server,org.blobit:blobit-services,diennea/blobit,Transparent,T1,After disclosure,1,558.9007407407407,490.2913541666667,396.5957986111111,560.9861226851851
CVE-2018-12538,org.eclipse.jetty:jetty-server,org.apache.juneau:juneau-microservice-server,apache/juneau,Transparent,T1,After disclosure,1,196.33291666666668,127.7235300925926,34.02797453703704,198.4182986111111
CVE-2018-12538,org.eclipse.jetty:jetty-server,org.jooby:jooby-jetty,jooby-project/jooby,Transparent,T1,Safe window,0,96.95461805555556,28.34523148148148,-65.35032407407408,99.04
CVE-2018-12538,org.eclipse.jetty:jetty-server,io.javalin:javalin,tipsy/javalin,Transparent,T1,Safe window,0,71.14482638888889,2.535439814814815,-91.16011574074074,73.23020833333334
CVE-2018-12538,org.eclipse.jetty:jetty-server,org.dspace:dspace-api,DSpace/DSpace,Transparent,T1,After disclosure,1,908.8831597222222,840.2737731481482,746.5782175925926,910.9685416666666
CVE-2018-12538,org.eclipse.jetty:jetty-server,io.jboot:jboot,yangfuhai/jboot,Transparent,T1,Safe window,0,125.46131944444444,56.85193287037037,-36.84362268518519,127.54670138888888
CVE-2018-12538,org.eclipse.jetty:jetty-server,us.springett:alpine-executable-war,stevespringett/Alpine,Transparent,T1,Safe window,0,136.53983796296296,67.93045138888888,-25.765104166666667,138.6252199074074
CVE-2018-12538,org.eclipse.jetty:jetty-server,com.aspectran:aspectran-with-jetty,aspectran/aspectran,Transparent,T1,Safe window,0,69.45989583333333,0.8505092592592592,-92.8450462962963,71.54527777777778
CVE-2018-12538,org.eclipse.jetty:jetty-server,ws.ament.hammock:web-jetty,hammock-project/hammock,Transparent,T1,Safe window,0,89.36784722222222,20.758460648148148,-72.93709490740741,91.45322916666667
CVE-2018-12538,org.eclipse.jetty:jetty-server,no.difi.oxalis:oxalis-test-impl,difi/oxalis,Transparent,T1,Safe window,0,107.69361111111112,39.08422453703704,-54.61133101851852,109.77899305555556
CVE-2018-12538,org.eclipse.jetty:jetty-server,org.basex:basex-api,BaseXdb/basex,Transparent,T1,Safe window,0,104.70447916666669,36.09509259259259,-57.600462962962965,106.78986111111112
CVE-2018-12538,org.eclipse.jetty:jetty-server,com.spotify:bigtable-autoscaler,spotify/bigtable-autoscaler,Transparent,T1,After disclosure,1,321.96427083333333,253.35488425925925,159.6593287037037,324.0496527777778
CVE-2018-12538,org.eclipse.jetty:jetty-server,com.sparkjava:spark-core,perwendel/spark,Transparent,T1,After disclosure,1,168.1441087962963,99.53472222222224,5.839166666666666,170.22949074074074
CVE-2017-7536,org.hibernate:hibernate-validator,org.smallmind:web-jersey,zenbones/SmallMind,Silent,S1,After disclosure,1,194.32805555555555,194.3184375,111.98392361111112,
CVE-2017-7536,org.hibernate:hibernate-validator,com.erudika:para-core,Erudika/para,Silent,S1,After disclosure,1,96.32487268518518,96.31525462962964,13.98074074074074,
CVE-2017-7536,org.hibernate:hibernate-validator,de.galan:commons,galan/commons,Silent,S1,After disclosure,1,1194.6871064814816,1194.677488425926,1112.342974537037,
CVE-2017-7536,org.hibernate:hibernate-validator,ca.uhn.hapi.fhir:hapi-fhir-jpaserver-base,hapifhir/hapi-fhir,Silent,S1,After disclosure,1,384.3222337962963,384.31261574074074,301.9781018518519,
CVE-2017-7536,org.hibernate:hibernate-validator,com.tngtech.java:config-builder,TNG/config-builder,Silent,S1,After disclosure,1,239.85835648148148,239.84873842592592,157.51422453703702,
CVE-2018-1324,org.apache.commons:commons-compress,com.fizzed:stork-deploy,fizzed/stork,Silent,S1,After disclosure,1,1318.8905902777778,1276.9322337962965,1235.706527777778,
CVE-2018-1324,org.apache.commons:commons-compress,com.lithium.flow:flow,lithiumtech/flow,Silent,S1,After disclosure,1,269.36296296296297,227.4046064814815,186.17890046296296,
CVE-2018-1324,org.apache.commons:commons-compress,org.tallison.lucene:gramreaper,tballison/lucene-addons,Silent,S1,After disclosure,1,391.6986574074074,349.7403009259259,308.5145949074074,
CVE-2018-1324,org.apache.commons:commons-compress,uk.gov.nationalarchives:droid-command-line,digital-preservation/droid,Silent,S1,After disclosure,1,618.7125578703703,576.7542013888889,535.5284953703704,
CVE-2018-1324,org.apache.commons:commons-compress,org.apache.any23:apache-any23-core,apache/any23,Silent,S1,After disclosure,1,192.1595023148148,150.20114583333333,108.97543981481482,
CVE-2018-1324,org.apache.commons:commons-compress,org.cloudfoundry:cloudfoundry-util,cloudfoundry/cf-java-client,Silent,S1,Safe window,0,53.90555555555556,11.947199074074074,-29.278506944444445,
CVE-2018-1324,org.apache.commons:commons-compress,org.rauschig:jarchivelib,thrau/jarchivelib,Silent,S1,After disclosure,1,321.06502314814816,279.1066666666667,237.88096064814815,
CVE-2018-1324,org.apache.commons:commons-compress,org.hyperledger.fabric-sdk-java:fabric-sdk-java,hyperledger/fabric-sdk-java,Silent,S1,Safe window,0,58.038402777777776,16.080046296296295,-25.145659722222224,
CVE-2018-1324,org.apache.commons:commons-compress,org.dishevelled:dsh-compress,heuermh/dishevelled,Silent,S1,Safe window,0,51.93467592592592,9.976319444444444,-31.249386574074073,
CVE-2018-1324,org.apache.commons:commons-compress,org.owasp:dependency-check-core,jeremylong/DependencyCheck,Silent,S1,Safe window,0,45.66564814814815,3.707291666666667,-37.51841435185185,
CVE-2018-1324,org.apache.commons:commons-compress,org.aksw.jena-sparql-api:jena-sparql-api-core,AKSW/jena-sparql-api,Silent,S1,After disclosure,1,495.9175231481481,453.95916666666665,412.73346064814814,
CVE-2018-1324,org.apache.commons:commons-compress,com.qwazr:qwazr-library-archiver,qwazr/library-modules,Silent,S1,Safe window,0,60.76818287037037,18.80982638888889,-22.41587962962963,
CVE-2018-1324,org.apache.commons:commons-compress,com.wix:wix-embedded-mysql,wix/wix-embedded-mysql,Silent,S1,After disclosure,1,619.0360648148148,577.0777083333334,535.8520023148149,
CVE-2018-1324,org.apache.commons:commons-compress,com.igormaznitsa:mvn-golang-wrapper,raydac/mvn-golang,Silent,S1,After disclosure,1,98.04424768518518,56.0858912037037,14.860185185185186,
CVE-2018-1324,org.apache.commons:commons-compress,com.powsybl:powsybl-commons,powsybl/powsybl-core,Silent,S1,After disclosure,1,233.9866087962963,192.0282523148148,150.8025462962963,
CVE-2018-1324,org.apache.commons:commons-compress,org.opensextant:opensextant-xponents-basics,OpenSextant/Xponents,Silent,S1,After disclosure,1,145.63971064814814,103.68135416666668,62.45564814814815,
CVE-2018-1324,org.apache.commons:commons-compress,org.appng:appng-core,appNG/appng,Silent,S1,After disclosure,1,376.7724537037037,334.81409722222224,293.5883912037037,
CVE-2018-1324,org.apache.commons:commons-compress,io.github.zlika:reproducible-build-maven-plugin,Zlika/reproducible-build-maven-plugin,Silent,S1,Safe window,0,55.70837962962963,13.750023148148149,-27.47568287037037,
CVE-2020-11050,org.java-websocket:Java-WebSocket,org.graphwalker:graphwalker-websocket,GraphWalker/graphwalker-project,Silent,S2,After disclosure,1,70.74524305555556,47.25327546296296,47.48096064814815,
CVE-2020-11050,org.java-websocket:Java-WebSocket,org.aktin:broker-client-websocket,aktin/broker,Silent,S2,After disclosure,1,206.25391203703705,182.76194444444445,182.98962962962963,
CVE-2020-11050,org.java-websocket:Java-WebSocket,org.noear:solon.boot.websocket,noear/solon,Silent,S2,After disclosure,1,64.46606481481481,40.97409722222222,41.20178240740741,
CVE-2020-11050,org.java-websocket:Java-WebSocket,io.playn:playn-robovm,playn/playn,Silent,S2,After disclosure,1,25.052719907407408,1.5607523148148148,1.7884375,
CVE-2020-11050,org.java-websocket:Java-WebSocket,com.peersafe:chainsql,chainsql/java-chainsql-api,Silent,S2,After disclosure,1,79.5495486111111,56.05758101851852,56.285266203703706,
CVE-2020-11989,org.apache.shiro:shiro-web,com.github.waffle:waffle-shiro,Waffle/waffle,Transparent,T1,Safe window,0,26.57841435185185,7.380243055555556,-48.75704861111111,26.839479166666667
CVE-2020-11989,org.apache.shiro:shiro-web,com.flowlogix:flowlogix-tapestry-gwt,flowlogix/flowlogix,Transparent,T1,After disclosure,1,169.1158912037037,149.91771990740742,93.78042824074076,169.3769560185185
CVE-2020-11989,org.apache.shiro:shiro-web,com.lambkit:lambkit,gismaker/lambkit,Transparent,T1,After disclosure,1,651.3801851851852,632.1820138888888,576.0447222222223,651.64125
CVE-2020-11989,org.apache.shiro:shiro-web,net.cofcool.chaos:chaos-server-security-shiro,cofcool/chaos-server,Transparent,T1,After disclosure,1,113.64971064814814,94.45153935185184,38.31424768518519,113.91077546296296
CVE-2020-11989,org.apache.shiro:shiro-web,com.github.mizool:mizool,mizool/mizool,Transparent,T1,After disclosure,1,383.8227546296296,364.6245833333333,308.4872916666667,384.0838194444444
CVE-2020-11989,org.apache.shiro:shiro-web,io.jboot:jboot,yangfuhai/jboot,Transparent,T1,After disclosure,1,330.8779166666667,311.67974537037037,255.5424537037037,331.1389814814815
CVE-2020-11989,org.apache.shiro:shiro-web,com.ruijc:spring-boot-starter-shiro,storezhang/utils,Transparent,T1,After disclosure,1,531.1893171296297,511.99114583333335,455.8538541666667,531.4503819444444
CVE-2020-11989,org.apache.shiro:shiro-web,io.buji:buji-pac4j,bujiio/buji-pac4j,Transparent,T1,Safe window,0,26.59835648148148,7.400185185185185,-48.73710648148148,26.859421296296297
CVE-2016-1181,struts:struts,net.anotheria:moskito-web,anotheria/moskito,Silent,S1,After disclosure,1,1639.1244560185185,1639.1244560185185,1613.609525462963,
CVE-2016-1181,struts:struts,com.github.hazendaz:displaytag,hazendaz/displaytag,Silent,S1,After disclosure,1,535.6045370370371,535.6045370370371,510.0896064814815,
CVE-2018-1320,org.apache.thrift:libthrift,io.trino.hive:hive-apache,trinodb/trino-hive-apache,Silent,S1,After disclosure,1,325.83337962962963,37.48324074074074,18.33363425925926,
CVE-2018-1320,org.apache.thrift:libthrift,com.facebook.presto.hive:hive-apache,prestodb/presto-hive-apache,Silent,S1,After disclosure,1,542.4623263888889,254.1121875,234.9625810185185,
CVE-2018-1320,org.apache.thrift:libthrift,org.alluxio:alluxio-core-server-master,alluxio/alluxio,Silent,S1,After disclosure,1,320.7534375,32.40329861111111,13.253692129629629,
CVE-2018-1320,org.apache.thrift:libthrift,org.apache.parquet:parquet-cascading,apache/parquet-mr,Silent,S1,After disclosure,1,330.89115740740743,42.54101851851852,23.391412037037036,
CVE-2018-1320,org.apache.thrift:libthrift,org.apache.airavata:airavata-gfac-client,apache/airavata,Silent,S1,Before release,0,275.60263888888886,-12.7475,-31.897106481481483,
CVE-2018-1320,org.apache.thrift:libthrift,io.prestosql.hive:hive-apache,prestosql/presto-hive-apache,Silent,S1,After disclosure,1,325.83337962962963,37.48324074074074,18.33363425925926,
CVE-2018-1320,org.apache.thrift:libthrift,com.github.ddth:ddth-commons-core,DDTH/ddth-commons,Silent,S1,After disclosure,1,372.89,84.53986111111111,65.39025462962962,
CVE-2018-1320,org.apache.thrift:libthrift,io.druid.extensions.contrib:druid-thrift-extensions,druid-io/druid,Silent,S1,After disclosure,1,640.4404282407407,352.0902893518519,332.9406828703704,
CVE-2018-1320,org.apache.thrift:libthrift,io.arenadata.hive:hive-jdbc,arenadata/hive,Silent,S1,After disclosure,1,911.552337962963,623.2021990740741,604.0525925925926,
CVE-2018-1320,org.apache.thrift:libthrift,com.ikasoa:ikasoa-core,venwyhk/ikasoa,Silent,S1,After disclosure,1,340.3676273148148,52.017488425925926,32.86788194444444,
CVE-2015-1427,org.elasticsearch:elasticsearch,org.codelibs:elasticsearch-sstmpl,codelibs/elasticsearch-sstmpl,Silent,S2,After disclosure,1,18.542118055555555,-175.33886574074074,13.098865740740742,
CVE-2015-1427,org.elasticsearch:elasticsearch,org.vertexium:vertexium-elasticsearch-base,v5analytics/vertexium,Silent,S2,After disclosure,1,159.11164351851852,-34.76934027777778,153.6683912037037,
CVE-2015-1427,org.elasticsearch:elasticsearch,com.github.richardwilly98.elasticsearch:elasticsearch-river-mongodb,richardwilly98/elasticsearch-river-mongodb,Silent,S2,After disclosure,1,183.10400462962963,-10.776979166666669,177.66075231481483,
CVE-2015-1427,org.elasticsearch:elasticsearch,org.easybatch:easybatch-tutorials,benas/easy-batch,Silent,S2,After disclosure,1,45.03800925925926,-148.84297453703704,39.59475694444444,
CVE-2015-1427,org.elasticsearch:elasticsearch,org.codelibs:elasticsearch-dynarank,codelibs/elasticsearch-dynarank,Silent,S2,After disclosure,1,18.52568287037037,-175.35530092592592,13.082430555555556,
CVE-2015-1427,org.elasticsearch:elasticsearch,com.yakaz.elasticsearch.plugins:elasticsearch-action-updatebyquery,yakaz/elasticsearch-action-updatebyquery,Silent,S2,After disclosure,1,50.07262731481482,-143.80835648148147,44.629375,
CVE-2015-1427,org.elasticsearch:elasticsearch,org.carrot2:elasticsearch-carrot2,carrot2/elasticsearch-carrot2,Silent,S2,After disclosure,1,57.79215277777778,-136.0888310185185,52.348900462962966,
CVE-2015-1427,org.elasticsearch:elasticsearch,org.codelibs:elasticsearch-taste,codelibs/elasticsearch-taste,Silent,S2,After disclosure,1,70.6388425925926,-123.24214120370372,65.19559027777778,
CVE-2015-1427,org.elasticsearch:elasticsearch,at.molindo:esi4j,molindo/esi4j,Silent,S2,After disclosure,1,9.129548611111112,-184.7514351851852,3.686296296296296,
CVE-2015-1427,org.elasticsearch:elasticsearch,org.codelibs:elasticsearch-lang-velocity,codelibs/elasticsearch-lang-velocity,Silent,S2,After disclosure,1,18.546203703703704,-175.33478009259258,13.102951388888888,
CVE-2015-1427,org.elasticsearch:elasticsearch,com.github.alexcojocaru:elasticsearch-maven-plugin,alexcojocaru/elasticsearch-maven-plugin,Silent,S2,After disclosure,1,132.20003472222223,-61.68094907407407,126.7567824074074,
CVE-2015-1427,org.elasticsearch:elasticsearch,org.codelibs:elasticsearch-cluster-runner,codelibs/elasticsearch-cluster-runner,Silent,S2,After disclosure,1,14.80662037037037,-179.07436342592592,9.363368055555556,
CVE-2015-1427,org.elasticsearch:elasticsearch,org.dspace:dspace-api,DSpace/DSpace,Silent,S2,After disclosure,1,1056.2095833333333,862.328599537037,1050.7663310185185,
CVE-2021-39139,com.thoughtworks.xstream:xstream,de.alpharogroup:email-tails,lightblueseas/email-tails,Silent,S1,After disclosure,1,277.79394675925926,190.03381944444445,189.6155787037037,
CVE-2021-39139,com.thoughtworks.xstream:xstream,com.thankjava.toolkit3d:fast-toolkit3d,lazy-koala/java-toolkit,Silent,S1,After disclosure,1,250.21828703703704,162.45815972222223,162.0399189814815,
CVE-2021-39139,com.thoughtworks.xstream:xstream,org.patterntesting:patterntesting-rt,oboehm/PatternTesting2,Silent,S1,After disclosure,1,227.03912037037037,139.27899305555556,138.86075231481482,
CVE-2021-39139,com.thoughtworks.xstream:xstream,org.springframework.batch:spring-batch-core,spring-projects/spring-batch,Silent,S1,After disclosure,1,90.88295138888888,3.122824074074074,2.7045833333333333,
CVE-2021-39139,com.thoughtworks.xstream:xstream,ro.pippo:pippo-xstream,pippo-java/pippo,Silent,S1,After disclosure,1,159.55355324074074,71.79342592592593,71.37518518518519,
CVE-2021-39139,com.thoughtworks.xstream:xstream,com.github.spotbugs:sonar-findbugs-plugin,spotbugs/sonar-findbugs,Silent,S1,After disclosure,1,91.1416550925926,3.381527777777778,2.963287037037037,
CVE-2021-39139,com.thoughtworks.xstream:xstream,net.ripe.rpki:rpki-commons,RIPE-NCC/rpki-commons,Silent,S1,After disclosure,1,91.6731712962963,3.9130439814814815,3.494803240740741,
CVE-2021-39139,com.thoughtworks.xstream:xstream,org.ikasan:ikasan-builder,ikasanEIP/ikasan,Silent,S1,After disclosure,1,102.98252314814816,15.222395833333334,14.804155092592593,
CVE-2021-39139,com.thoughtworks.xstream:xstream,org.infinispan:infinispan-server-core,infinispan/infinispan,Silent,S1,After disclosure,1,90.92130787037036,3.1611805555555557,2.742939814814815,
CVE-2021-39139,com.thoughtworks.xstream:xstream,com.sangupta:jerry-core,sangupta/jerry-core,Silent,S1,After disclosure,1,90.82737268518518,3.06724537037037,2.6490046296296295,
CVE-2021-39139,com.thoughtworks.xstream:xstream,org.wicketstuff:wicketstuff-dashboard-core,wicketstuff/core,Silent,S1,After disclosure,1,90.83532407407408,3.075196759259259,2.6569560185185184,
CVE-2021-39139,com.thoughtworks.xstream:xstream,com.swiftmq:swiftmq-client,iitsoftware/swiftmq-client,Silent,S1,After disclosure,1,90.8319212962963,3.0717939814814814,2.6535532407407407,
CVE-2021-39139,com.thoughtworks.xstream:xstream,no.mnemonic.messaging:requestsink-jms,mnemonic-no/messaging,Silent,S1,After disclosure,1,105.54498842592592,17.784861111111113,17.36662037037037,
CVE-2021-39139,com.thoughtworks.xstream:xstream,com.xceptance:xlt,Xceptance/XLT,Silent,S1,After disclosure,1,96.81370370370372,9.053576388888889,8.635335648148148,
CVE-2021-39139,com.thoughtworks.xstream:xstream,com.github.psi-probe:psi-probe-core,psi-probe/psi-probe,Silent,S1,After disclosure,1,88.47140046296296,0.7112731481481481,0.2930324074074074,
CVE-2021-39139,com.thoughtworks.xstream:xstream,io.quarkus:quarkus-junit5,quarkusio/quarkus,Silent,S1,After disclosure,1,89.03791666666666,1.277789351851852,0.8595486111111111,
CVE-2021-39139,com.thoughtworks.xstream:xstream,org.javalite:javalite-async,javalite/activejdbc,Silent,S1,After disclosure,1,90.84152777777778,3.081400462962963,2.6631597222222223,
CVE-2021-39139,com.thoughtworks.xstream:xstream,org.optaplanner:optaplanner-examples,kiegroup/optaplanner,Silent,S1,After disclosure,1,96.87336805555556,9.11324074074074,8.695,
CVE-2021-39139,com.thoughtworks.xstream:xstream,org.smooks:smooks-core,smooks/smooks,Silent,S1,After disclosure,1,188.71425925925925,100.95413194444444,100.5358912037037,
CVE-2021-39139,com.thoughtworks.xstream:xstream,org.powertac:common,powertac/powertac-core,Silent,S1,After disclosure,1,131.89693287037036,44.136805555555554,43.71856481481481,
