CVE,upstream_GA,downstream_GA,downstream_repo,commit_url,adoption_date,commit_n_CVEs,class,pattern,original_pattern,gad_reclassified,severity,cvss,cwe,report_date,fix_date,release_date,disclosure_date,delay_report,delay_fix,delay_release,delay_disclosure,mitigation_stage,disclosure_year,dependents,downstream_usage_num,downstream_loc,downstream_class_num,upstream_stars_at_fix,stage,after_disclosure,safe_window,log_delay_disclosure,is_transparent,sev_high,log_dependents
CVE-2021-37714,org.jsoup:jsoup,org.owasp:dependency-check-core,jeremylong/DependencyCheck,https://github.com/jeremylong/DependencyCheck/commit/b7dd86d403c6238933ad7f75a3d12848e08c2d3f,2021-08-16 01:11:51,1,Transparent,T1,T1,False,Medium,5.0,CWE-248;CWE-835,2021-08-15 02:25:46,2021-08-15 12:31:12,2021-08-15 15:39:15,2021-08-18,0.9486689814814816,0.5282291666666666,0.3976388888888889,-1.9501041666666667,Release->Disclosure,2021,244,0,20066.0,227.5,8521.0,Safe window,0,1,2.168126369227695,1,0,5.501258210544727
CVE-2021-37714,org.jsoup:jsoup,org.appng:appng-formtags,appNG/appng,https://github.com/appNG/appng/commit/4492c722675743f59decc2c323444a34002edb88,2022-02-02 15:34:24,1,Transparent,T1,T1,False,Medium,5.0,CWE-248;CWE-835,2021-08-15 02:25:46,2021-08-15 12:31:12,2021-08-15 15:39:15,2021-08-18,171.54766203703704,171.12722222222223,170.99663194444443,168.64888888888888,After Disclosure,2021,244,0,1274.0,17.0,8521.0,After disclosure,1,0,2.50225376403138,1,0,5.501258210544727
CVE-2021-37714,org.jsoup:jsoup,com.digitalpebble.stormcrawler:storm-crawler-core,DigitalPebble/storm-crawler,https://github.com/DigitalPebble/storm-crawler/commit/ff796baf9e838e9a8a9e8780c6b53e2bf24707f0,2021-08-31 11:10:37,1,Transparent,T1,T1,False,Medium,5.0,CWE-248;CWE-835,2021-08-15 02:25:46,2021-08-15 12:31:12,2021-08-15 15:39:15,2021-08-18,16.364479166666666,15.944039351851853,15.813449074074072,13.46570601851852,After Disclosure,2021,244,0,7848.0,117.0,8521.0,After disclosure,1,0,2.2113606119828053,1,0,5.501258210544727
CVE-2021-37714,org.jsoup:jsoup,io.archivesunleashed:aut,archivesunleashed/aut,https://github.com/archivesunleashed/aut/commit/fa76ad4bf11105778b53ccb5af9cb6124e00f060,2021-08-24 13:20:42,1,Transparent,T1,T1,False,Medium,5.0,CWE-248;CWE-835,2021-08-15 02:25:46,2021-08-15 12:31:12,2021-08-15 15:39:15,2021-08-18,9.454814814814815,9.034375,8.903784722222222,6.556041666666666,After Disclosure,2021,244,0,9271.0,298.0,8521.0,After disclosure,1,0,2.19251237711041,1,0,5.501258210544727
CVE-2021-37714,org.jsoup:jsoup,io.annot8:annot8-components-documents,annot8/annot8-components,https://github.com/annot8/annot8-components/commit/73be2770e29c81add40e8896ba25040e386843e6,2021-10-27 07:38:12,2,Transparent,T1,T1,False,Medium,5.0,CWE-248;CWE-835,2021-08-15 02:25:46,2021-08-15 12:31:12,2021-08-15 15:39:15,2021-08-18,73.2169675925926,72.79652777777778,72.6659375,70.31819444444444,After Disclosure,2021,244,0,3638.0,48.0,8521.0,After disclosure,1,0,2.3415183992868442,1,0,5.501258210544727
CVE-2021-37714,org.jsoup:jsoup,com.erudika:para-core,Erudika/para,https://github.com/Erudika/para/commit/c84f74daca2cfd28d69c020c83c86cd3916d245a,2021-08-23 21:16:43,1,Transparent,T1,T1,False,Medium,5.0,CWE-248;CWE-835,2021-08-15 02:25:46,2021-08-15 12:31:12,2021-08-15 15:39:15,2021-08-18,8.785381944444444,8.364942129629629,8.234351851851851,5.886608796296296,After Disclosure,2021,244,0,8321.0,85.0,8521.0,After disclosure,1,0,2.1906420662866695,1,0,5.501258210544727
CVE-2021-37714,org.jsoup:jsoup,org.apache.any23:apache-any23-core,apache/any23,https://github.com/apache/any23/commit/05b8526174416a1c3ae07f1a02229ca0e65a57f7,2021-09-13 15:04:14,1,Transparent,T1,T1,False,Medium,5.0,CWE-248;CWE-835,2021-08-15 02:25:46,2021-08-15 12:31:12,2021-08-15 15:39:15,2021-08-18,29.526712962962964,29.106273148148148,28.97568287037037,26.627939814814816,After Disclosure,2021,244,0,16195.0,266.0,8521.0,After disclosure,1,0,2.245147660723998,1,0,5.501258210544727
CVE-2021-37714,org.jsoup:jsoup,org.javalite:activeweb,javalite/activejdbc,https://github.com/javalite/activejdbc/commit/1ad72781e8df3112371b7ee1accf0f32e2659634,2021-08-23 21:10:35,1,Transparent,T1,T1,False,Medium,5.0,CWE-248;CWE-835,2021-08-15 02:25:46,2021-08-15 12:31:12,2021-08-15 15:39:15,2021-08-18,8.781122685185185,8.36068287037037,8.230092592592593,5.882349537037037,After Disclosure,2021,244,0,6475.0,118.0,8521.0,After disclosure,1,0,2.1906301406304984,1,0,5.501258210544727
CVE-2019-3888,io.undertow:undertow-core,com.networknt:rpc-security,networknt/light-hybrid-4j,https://github.com/networknt/light-hybrid-4j/commit/61784addbba17ccc80e087ec5f2ff7084093852c,2019-06-13 23:11:42,1,Transparent,T1,T1,False,Medium,5.0,CWE-532,2015-08-16 23:19:14,2019-03-28 08:15:59,2019-04-04 05:56:21,2019-06-12,1396.9947685185184,77.62202546296297,70.71899305555556,1.9664583333333336,After Disclosure,2019,53,0,87.0,1.0,2164.0,After disclosure,1,0,2.1795249620885,1,0,3.9889840465642745
CVE-2019-3888,io.undertow:undertow-core,com.networknt:metrics,networknt/light-4j,https://github.com/networknt/light-4j/commit/95a988d0dca3650e05505842f275bae3aade0e10,2019-06-13 23:11:32,1,Transparent,T1,T1,False,Medium,5.0,CWE-532,2015-08-16 23:19:14,2019-03-28 08:15:59,2019-04-04 05:56:21,2019-06-12,1396.9946527777777,77.62190972222223,70.71887731481482,1.9663425925925928,After Disclosure,2019,53,0,5284.0,117.0,2164.0,After disclosure,1,0,2.179524629623622,1,0,3.9889840465642745
CVE-2019-3888,io.undertow:undertow-core,com.networknt:jdbc-manager,networknt/light-session-4j,https://github.com/networknt/light-session-4j/commit/20c2223eec888527a6c9e09b68c6c6cdd57499c4,2019-06-13 23:12:00,1,Transparent,T1,T1,False,Medium,5.0,CWE-532,2015-08-16 23:19:14,2019-03-28 08:15:59,2019-04-04 05:56:21,2019-06-12,1396.9949768518518,77.6222337962963,70.71920138888889,1.9666666666666663,After Disclosure,2019,53,0,588.0,9.0,2164.0,After disclosure,1,0,2.17952556052464,1,0,3.9889840465642745
CVE-2019-3888,io.undertow:undertow-core,org.actframework:act,actframework/actframework,https://github.com/actframework/actframework/commit/1ce7b7d0a23ef619ad23ac067f446d1822b355e1,2020-06-28 04:03:05,2,Transparent,T1,T1,False,Medium,5.0,CWE-532,2015-08-16 23:19:14,2019-03-28 08:15:59,2019-04-04 05:56:21,2019-06-12,1777.1971180555556,457.824375,450.92134259259257,382.1688078703704,After Disclosure,2019,53,0,57624.0,1338.0,2164.0,After disclosure,1,0,2.7254158367507766,1,0,3.9889840465642745
CVE-2019-3888,io.undertow:undertow-core,org.restheart:restheart,SoftInstigate/restheart,https://github.com/SoftInstigate/restheart/commit/1494524379d64749874c7a8b5701efc486dc1b46,2019-04-16 15:49:40,1,Transparent,T1,T1,False,Medium,5.0,CWE-532,2015-08-16 23:19:14,2019-03-28 08:15:59,2019-04-04 05:56:21,2019-06-12,1338.687800925926,19.31505787037037,12.412025462962964,-56.34050925925926,Release->Disclosure,2019,53,0,17819.0,229.0,2164.0,Safe window,0,1,1.9679394702926964,1,0,3.9889840465642745
CVE-2019-3888,io.undertow:undertow-core,io.mangoo:mangooio-core,svenkubiak/mangooio,https://github.com/svenkubiak/mangooio/commit/712dd4242fa5b619922331470b32e25c8606e771,2019-04-08 14:09:56,1,Transparent,T1,T1,False,Medium,5.0,CWE-532,2015-08-16 23:19:14,2019-03-28 08:15:59,2019-04-04 05:56:21,2019-06-12,1330.6185416666667,11.24579861111111,4.342766203703704,-64.40976851851852,Release->Disclosure,2019,53,0,7903.5,109.0,2164.0,Safe window,0,1,1.9284697624289666,1,0,3.9889840465642745
CVE-2019-3888,io.undertow:undertow-core,com.networknt:graphql-common,networknt/light-graphql-4j,https://github.com/networknt/light-graphql-4j/commit/7439727ec8a0545d674bdd884699d5b046a2483a,2019-06-13 23:11:39,1,Transparent,T1,T1,False,Medium,5.0,CWE-532,2015-08-16 23:19:14,2019-03-28 08:15:59,2019-04-04 05:56:21,2019-06-12,1396.9947337962965,77.62199074074074,70.71895833333333,1.966423611111111,After Disclosure,2019,53,0,108.0,5.0,2164.0,After disclosure,1,0,2.1795248623490635,1,0,3.9889840465642745
CVE-2019-3888,io.undertow:undertow-core,com.networknt:swagger-security,networknt/light-rest-4j,https://github.com/networknt/light-rest-4j/commit/7d53678b7323d622f202a3b4155b8d542c277b11,2019-06-13 23:11:36,1,Transparent,T1,T1,False,Medium,5.0,CWE-532,2015-08-16 23:19:14,2019-03-28 08:15:59,2019-04-04 05:56:21,2019-06-12,1396.994699074074,77.62195601851852,70.71892361111111,1.966388888888889,After Disclosure,2019,53,0,217.0,1.0,2164.0,After disclosure,1,0,2.179524762609604,1,0,3.9889840465642745
CVE-2018-1339,org.apache.tika:tika-parsers,org.apache.any23:apache-any23-core,apache/any23,https://github.com/apache/any23/commit/6b76f3466da0916dc7f61b8136133b55e0400ffa,2018-07-02 23:24:38,3,Silent,S1,S1,False,Medium,4.3,CWE-835,,2018-04-16 15:37:25,2018-04-16 20:53:18,2018-04-25,,77.32445601851852,77.1050925925926,68.97543981481482,After Disclosure,2018,13,0,16195.0,266.0,565.0,After disclosure,1,0,2.338854032121344,0,0,2.6390573296152584
CVE-2018-1339,org.apache.tika:tika-parsers,com.digitalpebble.stormcrawler:storm-crawler-tika,DigitalPebble/storm-crawler,https://github.com/DigitalPebble/storm-crawler/commit/1c67629e5a5ff23eefbf1abe7cdb5f5d0c8dc1f6,2018-05-03 09:17:44,1,Silent,S1,S1,False,Medium,4.3,CWE-835,,2018-04-16 15:37:25,2018-04-16 20:53:18,2018-04-25,,16.73633101851852,16.516967592592593,8.387314814814815,After Disclosure,2018,13,0,578.5,4.0,565.0,After disclosure,1,0,2.1975879469162076,0,0,2.6390573296152584
CVE-2018-1339,org.apache.tika:tika-parsers,org.codelibs.fess:fess-crawler,codelibs/fess-crawler,https://github.com/codelibs/fess-crawler/commit/a344404d21ee6f437ca69157845532a85166dc08,2018-07-14 14:23:32,1,Silent,S1,S1,False,Medium,4.3,CWE-835,,2018-04-16 15:37:25,2018-04-16 20:53:18,2018-04-25,,88.94869212962963,88.7293287037037,80.59967592592592,After Disclosure,2018,13,0,11447.0,152.0,565.0,After disclosure,1,0,2.3613951472738024,0,0,2.6390573296152584
CVE-2017-12196,io.undertow:undertow-core,com.networknt:audit,networknt/light-4j,https://github.com/networknt/light-4j/commit/827eb6ccd2c9ba41ed5f82cf79a9403b01672508,2018-07-31 23:25:33,3,Silent,S1,S1,False,Medium,4.3,CWE-863,,2018-03-16 08:37:03,2018-03-16 14:29:07,2018-04-17,,137.6170138888889,137.37252314814816,105.97607638888888,After Disclosure,2018,48,0,111.0,1.0,1719.0,After disclosure,1,0,2.40688114276578,0,0,3.8918202981106265
CVE-2017-12196,io.undertow:undertow-core,com.networknt:graphql-router,networknt/light-graphql-4j,https://github.com/networknt/light-graphql-4j/commit/df314a0f067ca6d3c129a515f1d8f4679ac0ebe4,2018-07-31 23:27:55,3,Silent,S1,S1,False,Medium,4.3,CWE-863,,2018-03-16 08:37:03,2018-03-16 14:29:07,2018-04-17,,137.6186574074074,137.37416666666667,105.9777199074074,After Disclosure,2018,48,0,415.5,12.0,1719.0,After disclosure,1,0,2.4068839396621287,0,0,3.8918202981106265
CVE-2017-12196,io.undertow:undertow-core,io.jboot:jboot,yangfuhai/jboot,https://github.com/yangfuhai/jboot/commit/4ec37576abad802cf592944481e27324b519e78d,2018-03-20 06:31:31,1,Silent,S1,S1,False,Medium,4.3,CWE-863,,2018-03-16 08:37:03,2018-03-16 14:29:07,2018-04-17,,3.912824074074074,3.6683333333333334,-27.72811342592593,Release->Disclosure,2018,48,0,38902.0,651.0,1719.0,Safe window,0,1,2.0845622943668376,0,0,3.8918202981106265
CVE-2017-12196,io.undertow:undertow-core,io.mangoo:mangooio-core,svenkubiak/mangooio,https://github.com/svenkubiak/mangooio/commit/109665bc09b15edb34a2e716f5644c12eadbb855,2018-03-19 06:16:59,1,Silent,S1,S1,False,Medium,4.3,CWE-863,,2018-03-16 08:37:03,2018-03-16 14:29:07,2018-04-17,,2.9027314814814815,2.658240740740741,-28.73820601851852,Release->Disclosure,2018,48,0,7903.5,109.0,1719.0,Safe window,0,1,2.0809365698417386,0,0,3.8918202981106265
CVE-2017-12196,io.undertow:undertow-core,com.networknt:rpc-security,networknt/light-hybrid-4j,https://github.com/networknt/light-hybrid-4j/commit/831f221d7187042a0fe59b5242960857c49cba56,2018-07-31 23:28:48,3,Silent,S1,S1,False,Medium,4.3,CWE-863,,2018-03-16 08:37:03,2018-03-16 14:29:07,2018-04-17,,137.61927083333333,137.3747800925926,105.97833333333334,After Disclosure,2018,48,0,87.0,1.0,1719.0,After disclosure,1,0,2.4068849835695305,0,0,3.8918202981106265
CVE-2017-12196,io.undertow:undertow-core,com.networknt:swagger-validator,networknt/light-rest-4j,https://github.com/networknt/light-rest-4j/commit/57604f1e95bf78dc7f4654b05c9151fa8d373915,2018-07-31 23:27:02,3,Silent,S1,S1,False,Medium,4.3,CWE-863,,2018-03-16 08:37:03,2018-03-16 14:29:07,2018-04-17,,137.6180439814815,137.37355324074073,105.97710648148148,After Disclosure,2018,48,0,647.0,13.0,1719.0,After disclosure,1,0,2.406882895752218,0,0,3.8918202981106265
CVE-2017-12196,io.undertow:undertow-core,org.actframework:act,actframework/actframework,https://github.com/actframework/actframework/commit/37146230182b468a67f564085e4c204ef8bfbf0f,2018-05-08 21:21:50,1,Silent,S1,S1,False,Medium,4.3,CWE-863,,2018-03-16 08:37:03,2018-03-16 14:29:07,2018-04-17,,53.53109953703704,53.2866087962963,21.890162037037037,After Disclosure,2018,48,0,57624.0,1338.0,1719.0,After disclosure,1,0,2.233286465968949,0,0,3.8918202981106265
CVE-2021-22569,com.google.protobuf:protobuf-java,org.hyperledger.fabric-sdk-java:fabric-sdk-java,hyperledger/fabric-sdk-java,https://github.com/hyperledger/fabric-sdk-java/commit/68a2f88f45ca9182be63aee3a120c6fcf1d5b266,2022-01-17 09:20:38,1,Transparent,T1,T1,False,Medium,4.3,,2022-01-05 15:01:42,2022-01-05 10:05:11,2022-01-05 10:05:11,2022-01-10,11.763148148148147,11.9690625,11.9690625,7.389328703703704,After Disclosure,2022,128,0,186463.0,1582.5,,After disclosure,1,0,2.1948292787354933,1,0,4.859812404361672
CVE-2021-22569,com.google.protobuf:protobuf-java,xyz.gianlu.librespot:librespot-lib,librespot-org/librespot-java,https://github.com/librespot-org/librespot-java/commit/48f3f941c872d385ec4a55309f371b4a5b435009,2022-01-06 05:13:12,1,Transparent,T1,T1,False,Medium,4.3,,2022-01-05 15:01:42,2022-01-05 10:05:11,2022-01-05 10:05:11,2022-01-10,0.5913194444444444,0.7972337962962963,0.7972337962962963,-3.7825,Report->Disclosure,2022,128,0,127738.0,961.0,,Safe window,0,1,2.1626889463198897,1,0,4.859812404361672
CVE-2021-22569,com.google.protobuf:protobuf-java,io.kubernetes:client-java-proto,kubernetes-client/java,https://github.com/kubernetes-client/java/commit/75f9dda3a671133e2dbe737491a6883866f438ac,2022-01-06 02:01:48,1,Transparent,T1,T1,False,Medium,4.3,,2022-01-05 15:01:42,2022-01-05 10:05:11,2022-01-05 10:05:11,2022-01-10,0.4584027777777777,0.6643171296296296,0.6643171296296296,-3.915416666666667,Report->Disclosure,2022,128,0,507698.0,2638.0,,Safe window,0,1,2.1622918706026337,1,0,4.859812404361672
CVE-2017-3589,mysql:mysql-connector-java,com.thankjava.toolkit3d:fast-toolkit3d,lazy-koala/java-toolkit,https://github.com/lazy-koala/java-toolkit/commit/5c6288cd4049bad800a5d7aec66dc8545abaf034,2017-08-07 14:39:07,3,Silent,S1,S1,False,Low,2.1,,,2017-04-04 22:11:19,2017-04-13 16:17:38,2017-04-24,,124.68597222222222,115.93158564814814,105.61049768518518,After Disclosure,2017,138,0,3457.0,53.0,107.0,After disclosure,1,0,2.4062585625580866,0,0,4.9344739331306915
CVE-2017-3589,mysql:mysql-connector-java,io.nflow:nflow-tests,NitorCreations/nflow,https://github.com/NitorCreations/nflow/commit/34fc16c971c1ab44936b936f53073634ef1e7ff8,2017-07-13 07:54:35,3,Silent,S1,S1,False,Low,2.1,,,2017-04-04 22:11:19,2017-04-13 16:17:38,2017-04-24,,99.40504629629628,90.65065972222222,80.32957175925925,After Disclosure,2017,138,0,1202232.0,16022.0,107.0,After disclosure,1,0,2.3608844356076064,0,0,4.9344739331306915
CVE-2016-5001,org.apache.hadoop:hadoop-hdfs,com.marklogic:marklogic-mapreduce2,marklogic/marklogic-contentpump,https://github.com/marklogic/marklogic-contentpump/commit/006e3602245af0d32cbd1e317a6339f2c88dc63f,2021-04-28 21:39:19,2,Transparent,T1,T1,False,Low,2.1,CWE-200,2015-12-17 23:03:00,2016-01-08 12:26:05,2016-02-02 19:57:13,2017-08-30,1958.941886574074,1937.3841898148148,1912.0709027777775,1337.9023032407408,After Disclosure,2017,53,0,10291.0,144.0,1182.0,After disclosure,1,0,3.1723479139999164,1,0,3.9889840465642745
CVE-2016-5001,org.apache.hadoop:hadoop-hdfs,org.apache.reef:reef-io,apache/reef,https://github.com/apache/reef/commit/bd617bd4f9830454c876dabe4b74c93706bd4d0e,2017-07-28 15:42:22,2,Transparent,T1,T1,False,Low,2.1,CWE-200,2015-12-17 23:03:00,2016-01-08 12:26:05,2016-02-02 19:57:13,2017-08-30,588.6940046296296,567.1363078703704,541.8230208333333,-32.3455787037037,Release->Disclosure,2017,53,0,21693.0,459.0,1182.0,Safe window,0,1,2.067735085166587,1,0,3.9889840465642745
CVE-2020-1951,org.apache.tika:tika-parsers,com.digitalpebble.stormcrawler:storm-crawler-tika,DigitalPebble/storm-crawler,https://github.com/DigitalPebble/storm-crawler/commit/4c3ef1f003504cc4b00a47d93a21f808b7e1166d,2020-06-03 14:30:05,1,Silent,S1,S1,False,Medium,4.3,CWE-835,,2020-02-24 13:34:11,2020-03-11 14:01:31,2020-03-23,,100.03881944444444,84.01983796296297,72.60422453703704,After Disclosure,2020,16,0,578.5,4.0,918.0,After disclosure,1,0,2.3460171975018578,0,0,2.833213344056216
CVE-2020-1951,org.apache.tika:tika-parsers,org.codelibs.fess:fess-crawler,codelibs/fess-crawler,https://github.com/codelibs/fess-crawler/commit/85d6a2e679510373173e39f646baa954b36dcecf,2020-05-17 09:06:39,2,Silent,S1,S1,False,Medium,4.3,CWE-835,,2020-02-24 13:34:11,2020-03-11 14:01:31,2020-03-23,,82.81421296296297,66.79523148148148,55.379618055555554,After Disclosure,2020,16,0,11447.0,152.0,918.0,After disclosure,1,0,2.310913736649668,0,0,2.833213344056216
CVE-2020-1951,org.apache.tika:tika-parsers,org.icij.extract:extract-lib,ICIJ/extract,https://github.com/ICIJ/extract/commit/e0583975b50994aec157cdd532a4519e261e5afc,2020-09-14 08:27:25,2,Silent,S1,S1,False,Medium,4.3,CWE-835,,2020-02-24 13:34:11,2020-03-11 14:01:31,2020-03-23,,202.7869675925926,186.7679861111111,175.35237268518517,After Disclosure,2020,16,0,5488.0,113.0,918.0,After disclosure,1,0,2.511317171936629,0,0,2.833213344056216
CVE-2020-1951,org.apache.tika:tika-parsers,org.teamapps:universal-db,teamapps-org/universal-db,https://github.com/teamapps-org/universal-db/commit/fa9a38c6087cbb8383be297b7ef0e2970dd024f0,2020-06-25 14:05:58,1,Silent,S1,S1,False,Medium,4.3,CWE-835,,2020-02-24 13:34:11,2020-03-11 14:01:31,2020-03-23,,122.02207175925926,106.00309027777776,94.58747685185185,After Disclosure,2020,16,0,19395.0,217.0,918.0,After disclosure,1,0,2.387054503883036,0,0,2.833213344056216
CVE-2021-21343,com.thoughtworks.xstream:xstream,org.sakaiproject:sakai-citations-impl,sakaiproject/sakai,https://github.com/sakaiproject/sakai/commit/c0c341768b6f00a653ccf5ee246034806196adc7,2021-06-14 13:57:09,1,Silent,S1,S1,False,Medium,5.0,CWE-502;CWE-73,,2021-03-09 23:55:45,2021-03-13 00:22:38,2021-03-22,,96.58430555555556,93.56563657407408,84.58135416666667,After Disclosure,2021,169,0,8413.0,65.0,542.0,After disclosure,1,0,2.368854826408611,0,0,5.135798437050262
CVE-2021-21343,com.thoughtworks.xstream:xstream,org.ikasan:ikasan-test,ikasanEIP/ikasan,https://github.com/ikasanEIP/ikasan/commit/f3046e83a2231cc76d98c01c8fecc3715229b468,2021-05-04 20:07:15,6,Silent,S1,S1,False,Medium,5.0,CWE-502;CWE-73,,2021-03-09 23:55:45,2021-03-13 00:22:38,2021-03-22,,55.84131944444445,52.82265046296296,43.83836805555555,After Disclosure,2021,169,0,375.0,22.0,542.0,After disclosure,1,0,2.2856980818609154,0,0,5.135798437050262
CVE-2021-21343,com.thoughtworks.xstream:xstream,uk.ac.gate:gate-core,GateNLP/gate-core,https://github.com/GateNLP/gate-core/commit/d8442ff915985ff11ff9ceff8c4415f55521bbcb,2021-05-26 11:57:42,1,Silent,S1,S1,False,Medium,5.0,CWE-502;CWE-73,,2021-03-09 23:55:45,2021-03-13 00:22:38,2021-03-22,,77.50135416666667,74.48268518518519,65.49840277777778,After Disclosure,2021,169,0,138899.0,2226.0,542.0,After disclosure,1,0,2.3318777656664085,0,0,5.135798437050262
CVE-2020-13941,org.apache.solr:solr-core,com.lucidworks.spark:spark-solr,LucidWorks/spark-solr,https://github.com/LucidWorks/spark-solr/commit/9cb0830832647f8666af2fef82216801506b61dc,2021-04-06 12:13:54,2,Transparent,T1,T1,False,Medium,6.5,CWE-20,2020-06-29 11:04:48,2020-06-29 13:18:24,2020-06-30 15:47:48,2020-08-17,281.04798611111113,280.95520833333336,279.8514583333333,232.50965277777777,After Disclosure,2020,14,0,27951.0,431.0,3351.0,After disclosure,1,0,2.5817606771767596,1,0,2.70805020110221
CVE-2020-13941,org.apache.solr:solr-core,cool.solr:solr-thymeleaf,solr-cool/solr-thymeleaf,https://github.com/solr-cool/solr-thymeleaf/commit/61304f05aced485826563db9dd0e6e191f109651,2020-08-25 17:44:48,1,Transparent,T1,T1,False,Medium,6.5,CWE-20,2020-06-29 11:04:48,2020-06-29 13:18:24,2020-06-30 15:47:48,2020-08-17,57.27777777777778,57.185,56.08125,8.739444444444445,After Disclosure,2020,14,0,381.0,5.0,3351.0,After disclosure,1,0,2.198557148785868,1,0,2.70805020110221
CVE-2020-13941,org.apache.solr:solr-core,org.textexploration.mtas:mtas,textexploration/mtas,https://github.com/textexploration/mtas/commit/0b3f3ec8fcd460f5ade2a2a1a4c313d0b9f822aa,2020-08-18 16:58:31,1,Transparent,T1,T1,False,Medium,6.5,CWE-20,2020-06-29 11:04:48,2020-06-29 13:18:24,2020-06-30 15:47:48,2020-08-17,50.24563657407408,50.15285879629629,49.049108796296295,1.7073032407407407,After Disclosure,2020,14,0,51332.0,351.0,3351.0,After disclosure,1,0,2.1787799015298623,1,0,2.70805020110221
CVE-2020-13941,org.apache.solr:solr-core,cool.solr:solr-util,solr-cool/solr-util,https://github.com/solr-cool/solr-util/commit/74004a448d2408e9cf089260153d5b2422fa32d2,2020-12-22 08:55:02,4,Transparent,T1,T1,False,Medium,6.5,CWE-20,2020-06-29 11:04:48,2020-06-29 13:18:24,2020-06-30 15:47:48,2020-08-17,175.90988425925926,175.8171064814815,174.71335648148147,127.37155092592592,After Disclosure,2020,14,0,615.0,11.0,3351.0,After disclosure,1,0,2.4418455063575233,1,0,2.70805020110221
CVE-2020-13941,org.apache.solr:solr-core,cool.solr:solr-analyzers,solr-cool/solr-analyzers,https://github.com/solr-cool/solr-analyzers/commit/c6b828e3b7163ab0fe80af0ba3e85331ccf40b59,2021-06-02 06:17:04,4,Transparent,T1,T1,False,Medium,6.5,CWE-20,2020-06-29 11:04:48,2020-06-29 13:18:24,2020-06-30 15:47:48,2020-08-17,337.80018518518517,337.7074074074074,336.6036574074074,289.2618518518519,After Disclosure,2020,14,0,356.0,5.0,3351.0,After disclosure,1,0,2.6419557844821915,1,0,2.70805020110221
CVE-2019-12086,com.fasterxml.jackson.core:jackson-databind,com.digitalpebble.stormcrawler:storm-crawler-core,DigitalPebble/storm-crawler,https://github.com/DigitalPebble/storm-crawler/commit/f9effce337a3642f3674527661c2d2ccd56e0f3e,2021-02-04 15:19:06,1,Transparent,T1,T1,False,Medium,5.0,CWE-502,2019-05-11 17:31:34,2019-05-14 07:46:38,2019-05-15 20:08:43,2019-05-17,634.9080092592593,632.314212962963,630.7988773148148,629.6382638888889,After Disclosure,2019,102,0,7848.0,117.0,1919.0,After disclosure,1,0,2.891460774945536,1,0,4.634728988229636
CVE-2020-17523,org.apache.shiro:shiro-core,io.jboot:jboot,yangfuhai/jboot,https://github.com/yangfuhai/jboot/commit/ad4fb812ff51318f5ab1bd927434c5f871a48b9d,2021-03-04 13:01:08,3,Silent,S1,S1,False,Critical,9.0,CWE-287,,2021-01-21 22:32:27,2021-01-27 21:33:19,2021-02-03,,41.60325231481482,35.64431712962963,29.542453703703703,After Disclosure,2021,100,0,38902.0,651.0,3125.0,After disclosure,1,0,2.2522865141254305,0,1,4.61512051684126
CVE-2020-17523,org.apache.shiro:shiro-core,org.wicketstuff:wicketstuff-shiro,wicketstuff/core,https://github.com/wicketstuff/core/commit/2af78a9b997cef07755d665c9069a472df77f46d,2021-03-31 14:08:19,1,Silent,S1,S1,False,Critical,9.0,CWE-287,,2021-01-21 22:32:27,2021-01-27 21:33:19,2021-02-03,,68.64990740740741,62.69097222222222,56.589108796296294,After Disclosure,2021,100,0,806.0,21.0,3125.0,After disclosure,1,0,2.313473457661875,0,1,4.61512051684126
CVE-2018-11039,org.springframework:spring-web,com.consol.citrus:citrus-http,citrusframework/citrus,https://github.com/citrusframework/citrus/commit/71dc1ceeb3a9ed0c772b0a3e69a30b25432046d3,2019-01-21 15:35:54,1,Transparent,T1,T1,False,Medium,4.3,,2018-06-11 16:53:23,2018-06-11 19:18:28,2018-06-12 14:49:39,2018-06-25,223.9461921296296,223.8454398148148,223.03211805555551,210.64993055555556,After Disclosure,2018,68,0,4163.5,61.0,19245.0,After disclosure,1,0,2.5561506303218664,1,0,4.23410650459726
CVE-2018-11039,org.springframework:spring-web,org.zalando:riptide-httpclient,zalando/riptide,https://github.com/zalando/riptide/commit/9798e9ff414814e68667cda7da09bd983da3fdbe,2018-06-13 22:14:13,1,Transparent,T1,T1,False,Medium,4.3,,2018-06-11 16:53:23,2018-06-11 19:18:28,2018-06-12 14:49:39,2018-06-25,2.222800925925926,2.122048611111111,1.3087268518518518,-11.073460648148147,Release->Disclosure,2018,68,0,145.0,6.0,19245.0,Safe window,0,1,2.140353217871812,1,0,4.23410650459726
CVE-2018-11039,org.springframework:spring-web,org.flowable:flowable-dmn-rest,flowable/flowable-engine,https://github.com/flowable/flowable-engine/commit/735327b88855227d8f4fac2c9faa99b4e4478777,2018-08-16 09:11:40,2,Transparent,T1,T1,False,Medium,4.3,,2018-06-11 16:53:23,2018-06-11 19:18:28,2018-06-12 14:49:39,2018-06-25,65.67936342592593,65.57861111111112,64.76528935185185,52.383101851851855,After Disclosure,2018,68,0,1595.0,28.0,19245.0,After disclosure,1,0,2.3045062604109106,1,0,4.23410650459726
CVE-2018-11039,org.springframework:spring-web,org.wicketstuff:wicketstuff-springreference,wicketstuff/core,https://github.com/wicketstuff/core/commit/994aa0a74baab7d427c8eb646d7ea9a9ad8a3034,2018-09-17 16:57:26,1,Transparent,T1,T1,False,Medium,4.3,,2018-06-11 16:53:23,2018-06-11 19:18:28,2018-06-12 14:49:39,2018-06-25,98.0028125,97.9020601851852,97.08873842592592,84.70655092592592,After Disclosure,2018,68,0,311.0,6.0,19245.0,After disclosure,1,0,2.3690873175027685,1,0,4.23410650459726
CVE-2018-11039,org.springframework:spring-web,org.sakaiproject.jsf:jsf-app,sakaiproject/sakai,https://github.com/sakaiproject/sakai/commit/5eeaf74559fa0c3254ff0e09ddc2871a4777261f,2018-10-17 05:05:54,1,Transparent,T1,T1,False,Medium,4.3,,2018-06-11 16:53:23,2018-06-11 19:18:28,2018-06-12 14:49:39,2018-06-25,127.50869212962964,127.4079398148148,126.59461805555556,114.21243055555556,After Disclosure,2018,68,0,375.0,6.0,19245.0,After disclosure,1,0,2.420676165254364,1,0,4.23410650459726
CVE-2018-11039,org.springframework:spring-web,com.github.fartherp:framework-core,fartherp/framework,https://github.com/fartherp/framework/commit/e62e2ef39aa5ac1ca46beee9ddd4f4237622721e,2018-12-29 03:12:52,1,Transparent,T1,T1,False,Medium,4.3,,2018-06-11 16:53:23,2018-06-11 19:18:28,2018-06-12 14:49:39,2018-06-25,200.43019675925925,200.32944444444445,199.5161226851852,187.1339351851852,After Disclosure,2018,68,0,2579.0,65.5,19245.0,After disclosure,1,0,2.5268019378207582,1,0,4.23410650459726
CVE-2017-4995,org.springframework.security:spring-security-core,com.erudika:para-server,Erudika/para,https://github.com/Erudika/para/commit/733c840e89d645f93ff91b221133649564a45060,2017-07-17 21:02:49,1,Transparent,T1,T1,False,Medium,6.8,CWE-502,2017-06-06 15:18:33,2017-06-07 22:52:58,2017-06-08 04:34:34,2017-11-27,41.239074074074075,39.92350694444445,39.686284722222226,-132.1230439814815,Release->Disclosure,2017,18,0,9204.0,126.0,1472.0,Safe window,0,1,1.2330255044646736,1,0,2.9444389791664403
CVE-2019-0207,org.apache.tapestry:tapestry-ioc,com.flowlogix:flowlogix-tapestry,flowlogix/flowlogix,https://github.com/flowlogix/flowlogix/commit/be9462bcd962c8635a849245e1d85a7b470c580a,2020-09-23 19:53:20,1,Silent,S1,S1,False,Medium,5.0,CWE-22,,2019-08-31 13:06:04,2019-08-31 13:06:04,2019-09-16,,389.2828240740741,389.2828240740741,373.8287037037037,After Disclosure,2019,21,0,1895.0,53.0,71.0,After disclosure,1,0,2.718545618557035,0,0,3.091042453358316
CVE-2021-3642,org.wildfly.security:wildfly-elytron,org.jboss.invocation:jboss-invocation,jbossas/jboss-invocation,https://github.com/jbossas/jboss-invocation/commit/8a23dab40a6b63bacca385d374cd24574f1518f9,2022-08-01 15:57:56,2,Transparent,T1,T1,False,Low,3.5,CWE-203,2021-07-13 16:21:58,2021-07-14 11:12:20,2021-07-14 12:10:11,2021-08-05,383.9833101851852,383.1983333333333,383.1581597222222,361.6652314814815,After Disclosure,2021,12,0,2324.0,57.0,52.0,After disclosure,1,0,2.7083269199193962,1,0,2.5649493574615367
CVE-2021-3642,org.wildfly.security:wildfly-elytron,org.jboss:jboss-ejb-client,wildfly/jboss-ejb-client,https://github.com/wildfly/jboss-ejb-client/commit/7c31d863847dc97a14eb47a861003f68372a4dba,2021-09-15 12:43:59,2,Transparent,T1,T1,False,Low,3.5,CWE-203,2021-07-13 16:21:58,2021-07-14 11:12:20,2021-07-14 12:10:11,2021-08-05,63.848622685185184,63.06364583333333,63.023472222222225,41.53054398148148,After Disclosure,2021,12,0,13669.0,202.0,52.0,After disclosure,1,0,2.280475350624465,1,0,2.5649493574615367
CVE-2014-3558,org.hibernate:hibernate-validator,org.wisdom-framework:samples,wisdom-framework/wisdom,https://github.com/wisdom-framework/wisdom/commit/fa93b62ceb702f1218e61989f191c4a98e050a24,2015-01-11 08:18:27,1,Silent,S2,S2,False,Medium,5.0,CWE-264,,2014-07-23 08:56:13,2014-10-22 16:56:46,2014-09-30,,171.97377314814815,80.64005787037037,103.34614583333334,After Release,2014,41,0,2379.0,29.0,100.0,After disclosure,1,0,2.402382361287803,0,0,3.7376696182833684
CVE-2018-1271,org.springframework:spring-webmvc,org.flowable:flowable-ui-idm-conf,flowable/flowable-engine,https://github.com/flowable/flowable-engine/commit/735327b88855227d8f4fac2c9faa99b4e4478777,2018-08-16 09:11:40,2,Silent,S1,S1,False,Medium,4.3,CWE-22,,2018-03-21 12:02:13,2018-04-03 20:11:16,2018-04-06,,147.8815625,134.54194444444445,132.38310185185185,After Disclosure,2018,28,0,1116.0,25.0,17529.0,After disclosure,1,0,2.449643913666186,0,0,3.367295829986474
CVE-2018-1271,org.springframework:spring-webmvc,net.eulerframework:euler-web-core,euler-projects/euler-framework,https://github.com/euler-projects/euler-framework/commit/9a6950915ca84f4c81a440b82bf232d742b2c3f6,2018-07-10 16:09:36,1,Silent,S1,S1,False,Medium,4.3,CWE-22,,2018-03-21 12:02:13,2018-04-03 20:11:16,2018-04-06,,111.17179398148149,97.83217592592592,95.67333333333332,After Disclosure,2018,28,0,3028.0,94.0,17529.0,After disclosure,1,0,2.3889844132916225,0,0,3.367295829986474
CVE-2016-5007,org.springframework.security:spring-security-config,org.activiti:activiti-rest,Activiti/Activiti,https://github.com/Activiti/Activiti/commit/a1c9dbc45b95a03063a25a6105993e63f2ada001,2017-06-08 15:53:09,4,Transparent,T1,T1,False,Medium,5.0,CWE-264,2016-07-06 20:46:57,2016-07-06 15:47:23,2016-07-07 00:57:35,2017-05-25,336.79597222222225,337.0040046296296,336.6219212962963,14.661909722222225,After Disclosure,2017,33,0,14229.0,207.0,1013.0,After disclosure,1,0,2.2145421498890534,1,0,3.5263605246161616
CVE-2016-5007,org.springframework.security:spring-security-config,net.eulerframework:euler-web-authentication,euler-projects/euler-framework,https://github.com/euler-projects/euler-framework/commit/064b650b4fa39fcb0ad26bb5f74464d9206aa6f2,2017-09-14 16:15:26,1,Transparent,T1,T1,False,Medium,5.0,CWE-264,2016-07-06 20:46:57,2016-07-06 15:47:23,2016-07-07 00:57:35,2017-05-25,434.8114467592592,435.01947916666666,434.63739583333336,112.67738425925926,After Disclosure,2017,33,0,1868.0,63.0,1013.0,After disclosure,1,0,2.4181381278110905,1,0,3.5263605246161616
CVE-2016-5007,org.springframework.security:spring-security-config,org.flowable:flowable-ui-idm-conf,flowable/flowable-engine,https://github.com/flowable/flowable-engine/commit/6968c213526492ecc414b4fb9bd28905bf1b2b07,2017-06-25 18:37:53,1,Transparent,T1,T1,False,Medium,5.0,CWE-264,2016-07-06 20:46:57,2016-07-06 15:47:23,2016-07-07 00:57:35,2017-05-25,353.91037037037034,354.11840277777776,353.73631944444446,31.77630787037037,After Disclosure,2017,33,0,1116.0,25.0,1013.0,After disclosure,1,0,2.2576797967928033,1,0,3.5263605246161616
CVE-2021-21347,com.thoughtworks.xstream:xstream,com.github.spotbugs:sonar-findbugs-plugin,spotbugs/sonar-findbugs,https://github.com/spotbugs/sonar-findbugs/commit/046b7c1ba7d0411c201f4fad61145950614e093a,2021-05-19 04:10:58,4,Transparent,T1,T1,False,High,7.5,CWE-502;CWE-434,2020-07-09 15:48:01,2020-09-02 00:38:51,2020-09-06 23:41:23,2021-03-22,313.5159375,259.14730324074077,254.18721064814815,58.17428240740741,After Disclosure,2021,179,0,13133.0,191.0,494.0,After disclosure,1,0,2.3168055771190352,1,1,5.19295685089021
CVE-2021-21347,com.thoughtworks.xstream:xstream,org.wicketstuff:jqplot4java,wicketstuff/core,https://github.com/wicketstuff/core/commit/8e386bd8dd2411f31c66bd45717f32fb40f9ad75,2021-03-23 06:56:31,4,Transparent,T1,T1,False,High,7.5,CWE-502;CWE-434,2020-07-09 15:48:01,2020-09-02 00:38:51,2020-09-06 23:41:23,2021-03-22,256.6309027777778,202.2622685185185,197.30217592592592,1.2892476851851853,After Disclosure,2021,179,0,6072.0,85.0,494.0,After disclosure,1,0,2.177575307887971,1,1,5.19295685089021
CVE-2021-21347,com.thoughtworks.xstream:xstream,org.smooks:smooks-all,smooks/smooks,https://github.com/smooks/smooks/commit/eb9cf831fe330ee8271612e2a3dbeb4ef0da2199,2021-03-22 18:24:46,4,Transparent,T1,T1,False,High,7.5,CWE-502;CWE-434,2020-07-09 15:48:01,2020-09-02 00:38:51,2020-09-06 23:41:23,2021-03-22,256.1088541666667,201.7402199074074,196.7801273148148,0.7671990740740741,After Disclosure,2021,179,0,25018.0,475.0,494.0,After disclosure,1,0,2.176066360132063,1,1,5.19295685089021
CVE-2021-21347,com.thoughtworks.xstream:xstream,org.patterntesting:patterntesting-rt,oboehm/PatternTesting2,https://github.com/oboehm/PatternTesting2/commit/667cb549379023a3f7e114bb9bd88cd3ed19987d,2021-06-07 19:32:38,2,Transparent,T1,T1,False,High,7.5,CWE-502;CWE-434,2020-07-09 15:48:01,2020-09-02 00:38:51,2020-09-06 23:41:23,2021-03-22,333.1559837962963,278.787349537037,273.82725694444446,77.81432870370371,After Disclosure,2021,179,0,11982.0,199.0,494.0,After disclosure,1,0,2.3560995663853226,1,1,5.19295685089021
CVE-2021-21347,com.thoughtworks.xstream:xstream,no.mnemonic.messaging:requestsink-jms,mnemonic-no/messaging,https://github.com/mnemonic-no/messaging/commit/ad1d2ddde0f14edbade60c0c50acc40813048778,2021-04-19 13:56:09,4,Transparent,T1,T1,False,High,7.5,CWE-502;CWE-434,2020-07-09 15:48:01,2020-09-02 00:38:51,2020-09-06 23:41:23,2021-03-22,283.9223148148148,229.55368055555556,224.59358796296297,28.580659722222222,After Disclosure,2021,179,0,2679.0,37.0,494.0,After disclosure,1,0,2.249943630227402,1,1,5.19295685089021
CVE-2021-21347,com.thoughtworks.xstream:xstream,com.github.psi-probe:psi-probe-core,psi-probe/psi-probe,https://github.com/psi-probe/psi-probe/commit/7fab8b106f725eab6eebb2bd99188605c105a2f7,2021-03-15 05:47:19,4,Transparent,T1,T1,False,High,7.5,CWE-502;CWE-434,2020-07-09 15:48:01,2020-09-02 00:38:51,2020-09-06 23:41:23,2021-03-22,248.58284722222223,194.21421296296296,189.25412037037037,-6.7588078703703705,Release->Disclosure,2021,179,0,19822.0,302.0,494.0,Safe window,0,1,2.153709382034317,1,1,5.19295685089021
CVE-2021-21347,com.thoughtworks.xstream:xstream,org.javalite:javalite-async,javalite/activejdbc,https://github.com/javalite/activejdbc/commit/9d6517b4d1ba17fb6571c4abd369795fca7287ce,2021-04-20 21:36:46,5,Transparent,T1,T1,False,High,7.5,CWE-502;CWE-434,2020-07-09 15:48:01,2020-09-02 00:38:51,2020-09-06 23:41:23,2021-03-22,285.2421875,230.87355324074073,225.91346064814817,29.900532407407407,After Disclosure,2021,179,0,1147.0,13.0,494.0,After disclosure,1,0,2.2531555579852447,1,1,5.19295685089021
CVE-2021-21347,com.thoughtworks.xstream:xstream,com.swiftmq:swiftmq-client,iitsoftware/swiftmq-client,https://github.com/iitsoftware/swiftmq-client/commit/10eb973b3cfc9c5afa58868326306efcf2b82413,2021-03-22 23:52:39,4,Transparent,T1,T1,False,High,7.5,CWE-502;CWE-434,2020-07-09 15:48:01,2020-09-02 00:38:51,2020-09-06 23:41:23,2021-03-22,256.3365509259259,201.96791666666667,197.00782407407408,0.9948958333333332,After Disclosure,2021,179,0,149380.0,1984.0,494.0,After disclosure,1,0,2.1767251476549374,1,1,5.19295685089021
CVE-2021-21347,com.thoughtworks.xstream:xstream,ro.pippo:pippo-xstream,pippo-java/pippo,https://github.com/pippo-java/pippo/commit/58397c14e558073bc4f934d0a84685d8e9f39ac7,2021-05-19 09:02:02,5,Transparent,T1,T1,False,High,7.5,CWE-502;CWE-434,2020-07-09 15:48:01,2020-09-02 00:38:51,2020-09-06 23:41:23,2021-03-22,313.7180671296296,259.3494328703704,254.3893402777778,58.376412037037035,After Disclosure,2021,179,0,47.0,2.0,494.0,After disclosure,1,0,2.31722863244762,1,1,5.19295685089021
CVE-2021-21347,com.thoughtworks.xstream:xstream,de.digitalcollections.model:dc-model-xml,dbmdz/digitalcollections-model,https://github.com/dbmdz/digitalcollections-model/commit/1488ea1216365fdaffee9fce6904933c5d3d109c,2021-02-16 16:44:35,4,Transparent,T1,T1,False,High,7.5,CWE-502;CWE-434,2020-07-09 15:48:01,2020-09-02 00:38:51,2020-09-06 23:41:23,2021-03-22,222.0392824074074,167.67064814814816,162.71055555555554,-33.30237268518518,Release->Disclosure,2021,179,0,209.0,5.0,494.0,Safe window,0,1,2.0641652236506887,1,1,5.19295685089021
CVE-2021-21347,com.thoughtworks.xstream:xstream,org.cyclonedx:cyclonedx-core-java,CycloneDX/cyclonedx-core-java,https://github.com/CycloneDX/cyclonedx-core-java/commit/63c5046409bcd11973ad25e2a9cbc324c90a1d31,2021-02-17 03:12:51,2,Transparent,T1,T1,False,High,7.5,CWE-502;CWE-434,2020-07-09 15:48:01,2020-09-02 00:38:51,2020-09-06 23:41:23,2021-03-22,222.4755787037037,168.10694444444445,163.14685185185186,-32.86607638888889,Release->Disclosure,2021,179,0,1976.0,32.0,494.0,Safe window,0,1,2.0657967143908142,1,1,5.19295685089021
CVE-2021-21347,com.thoughtworks.xstream:xstream,com.sangupta:jerry-core,sangupta/jerry-core,https://github.com/sangupta/jerry-core/commit/380b8ce5df0ffb3edf334d129d58deb200802fee,2021-08-25 15:34:34,10,Transparent,T1,T1,False,High,7.5,CWE-502;CWE-434,2020-07-09 15:48:01,2020-09-02 00:38:51,2020-09-06 23:41:23,2021-03-22,411.99065972222223,357.62202546296294,352.6619328703704,156.64900462962962,After Disclosure,2021,179,0,9933.0,108.0,494.0,After disclosure,1,0,2.485541435180302,1,1,5.19295685089021
CVE-2021-21347,com.thoughtworks.xstream:xstream,com.xceptance:xlt,Xceptance/XLT,https://github.com/Xceptance/XLT/commit/c11b5e4a66dad8b821f68be09d1cf4de90630753,2021-06-02 12:44:03,5,Transparent,T1,T1,False,High,7.5,CWE-502;CWE-434,2020-07-09 15:48:01,2020-09-02 00:38:51,2020-09-06 23:41:23,2021-03-22,327.87224537037036,273.5036111111111,268.5435185185185,72.53059027777778,After Disclosure,2021,179,0,146667.0,2303.0,494.0,After disclosure,1,0,2.3458730128190255,1,1,5.19295685089021
CVE-2021-21347,com.thoughtworks.xstream:xstream,org.ikasan:ikasan-filetransfer-common,ikasanEIP/ikasan,https://github.com/ikasanEIP/ikasan/commit/f3046e83a2231cc76d98c01c8fecc3715229b468,2021-05-04 20:07:15,6,Transparent,T1,T1,False,High,7.5,CWE-502;CWE-434,2020-07-09 15:48:01,2020-09-02 00:38:51,2020-09-06 23:41:23,2021-03-22,299.18002314814817,244.8113888888889,239.85129629629628,43.83836805555555,After Disclosure,2021,179,0,2737.0,43.0,494.0,After disclosure,1,0,2.2856980818609154,1,1,5.19295685089021
CVE-2021-21347,com.thoughtworks.xstream:xstream,org.optaplanner:optaplanner-examples,kiegroup/optaplanner,https://github.com/kiegroup/optaplanner/commit/454bec759709f18dd455fa037113a9bdd1710eab,2020-10-30 14:49:27,5,Transparent,T1,T1,False,High,7.5,CWE-502;CWE-434,2020-07-09 15:48:01,2020-09-02 00:38:51,2020-09-06 23:41:23,2021-03-22,112.9593287037037,58.590694444444445,53.63060185185185,-142.38232638888888,Release->Disclosure,2021,179,0,43487.0,668.0,494.0,Safe window,0,1,0.835175135428387,1,1,5.19295685089021
CVE-2021-21347,com.thoughtworks.xstream:xstream,org.kie.kogito:drools-compiler,kiegroup/kogito-runtimes,https://github.com/kiegroup/kogito-runtimes/commit/be534eb1bf87d95083fc9caa90b680b40f42c749,2021-05-15 06:57:43,13,Transparent,T1,T1,False,High,7.5,CWE-502;CWE-434,2020-07-09 15:48:01,2020-09-02 00:38:51,2020-09-06 23:41:23,2021-03-22,309.63173611111114,255.26310185185184,250.30300925925928,54.29008101851852,After Disclosure,2021,179,0,97108.0,770.0,494.0,After disclosure,1,0,2.3085948929374966,1,1,5.19295685089021
CVE-2021-21347,com.thoughtworks.xstream:xstream,com.thankjava.toolkit3d:fast-toolkit3d,lazy-koala/java-toolkit,https://github.com/lazy-koala/java-toolkit/commit/16d615c76b02bc1b470e1adfe1ef8e2894e196e4,2021-03-22 23:46:33,5,Transparent,T1,T1,False,High,7.5,CWE-502;CWE-434,2020-07-09 15:48:01,2020-09-02 00:38:51,2020-09-06 23:41:23,2021-03-22,256.3323148148148,201.96368055555556,197.00358796296297,0.9906597222222222,After Disclosure,2021,179,0,3457.0,53.0,494.0,After disclosure,1,0,2.1767129005728125,1,1,5.19295685089021
CVE-2021-21347,com.thoughtworks.xstream:xstream,org.neo4j.build.plugins:licensing-maven-plugin,neo4j/licensing-maven-plugin,https://github.com/neo4j/licensing-maven-plugin/commit/26a039e7f2d41eada122c97686b5b0f0553d5538,2021-04-23 06:57:29,5,Transparent,T1,T1,False,High,7.5,CWE-502;CWE-434,2020-07-09 15:48:01,2020-09-02 00:38:51,2020-09-06 23:41:23,2021-03-22,287.6315740740741,233.2629398148148,228.30284722222223,32.289918981481485,After Disclosure,2021,179,0,1627.0,14.0,494.0,After disclosure,1,0,2.258910415379855,1,1,5.19295685089021
CVE-2021-21347,com.thoughtworks.xstream:xstream,org.powertac:common,powertac/powertac-core,https://github.com/powertac/powertac-core/commit/182d71556780cd823d9247b747e35df336090698,2021-03-22 23:48:47,4,Transparent,T1,T1,False,High,7.5,CWE-502;CWE-434,2020-07-09 15:48:01,2020-09-02 00:38:51,2020-09-06 23:41:23,2021-03-22,256.33386574074075,201.96523148148148,197.0051388888889,0.9922106481481482,After Disclosure,2021,179,0,8040.0,110.0,494.0,After disclosure,1,0,2.1767173845172727,1,1,5.19295685089021
CVE-2021-21347,com.thoughtworks.xstream:xstream,com.btc-ag.redg:redg-generator,btc-ag/redg,https://github.com/btc-ag/redg/commit/c47593c9b555254a369d2f5dc2d6fcfc21be7d3d,2021-06-06 14:20:45,5,Transparent,T1,T1,False,High,7.5,CWE-502;CWE-434,2020-07-09 15:48:01,2020-09-02 00:38:51,2020-09-06 23:41:23,2021-03-22,331.93939814814814,277.5707638888889,272.6106712962963,76.59774305555555,After Disclosure,2021,179,0,1890.0,43.0,494.0,After disclosure,1,0,2.3537661425847665,1,1,5.19295685089021
CVE-2021-21347,com.thoughtworks.xstream:xstream,org.infinispan:infinispan-server-core,infinispan/infinispan,https://github.com/infinispan/infinispan/commit/172f2d3831fefcb1a018bd4090232f74c59a44dd,2021-03-18 07:16:58,4,Transparent,T1,T1,False,High,7.5,CWE-502;CWE-434,2020-07-09 15:48:01,2020-09-02 00:38:51,2020-09-06 23:41:23,2021-03-22,251.64510416666667,197.2764699074074,192.3163773148148,-3.696550925925926,Release->Disclosure,2021,179,0,4452.0,97.0,494.0,Safe window,0,1,2.1629455177384473,1,1,5.19295685089021
CVE-2021-21347,com.thoughtworks.xstream:xstream,net.ripe.rpki:rpki-commons,RIPE-NCC/rpki-commons,https://github.com/RIPE-NCC/rpki-commons/commit/7a2a808255688e09b67641e17abaa26a9ea163be,2021-03-22 23:46:26,4,Transparent,T1,T1,False,High,7.5,CWE-502;CWE-434,2020-07-09 15:48:01,2020-09-02 00:38:51,2020-09-06 23:41:23,2021-03-22,256.3322337962963,201.96359953703703,197.00350694444444,0.9905787037037036,After Disclosure,2021,179,0,11426.0,225.0,494.0,After disclosure,1,0,2.1767126663356353,1,1,5.19295685089021
CVE-2021-21347,com.thoughtworks.xstream:xstream,de.alpharogroup:email-tails,lightblueseas/email-tails,https://github.com/lightblueseas/email-tails/commit/997627a510bf8c40e6f2e0f799827ba5c7180a44,2022-02-28 14:46:26,14,Transparent,T1,T1,False,High,7.5,CWE-502;CWE-434,2020-07-09 15:48:01,2020-09-02 00:38:51,2020-09-06 23:41:23,2021-03-22,598.9572337962964,544.588599537037,539.6285069444444,343.6155787037037,After Disclosure,2021,179,0,1002.0,12.0,494.0,After disclosure,1,0,2.692705755117098,1,1,5.19295685089021
CVE-2021-21347,com.thoughtworks.xstream:xstream,io.quarkus:quarkus-junit5,quarkusio/quarkus,https://github.com/quarkusio/quarkus/commit/2e61de4423803616d2a17ec25ac398b754005fd1,2021-03-15 22:06:04,4,Transparent,T1,T1,False,High,7.5,CWE-502;CWE-434,2020-07-09 15:48:01,2020-09-02 00:38:51,2020-09-06 23:41:23,2021-03-22,249.26253472222223,194.89390046296296,189.93380787037037,-6.0791203703703705,Release->Disclosure,2021,179,0,1063.0,31.0,494.0,Safe window,0,1,2.155776428688607,1,1,5.19295685089021
CVE-2021-39147,com.thoughtworks.xstream:xstream,org.patterntesting:patterntesting-rt,oboehm/PatternTesting2,https://github.com/oboehm/PatternTesting2/commit/3c61a09701c9e09a8839936d5d432b6e1a913e2f,2021-12-19 14:18:47,6,Silent,S1,S1,False,Medium,6.0,CWE-502;CWE-434,,2021-05-26 19:43:09,2021-08-22 13:57:44,2021-08-23,,206.77474537037037,119.01461805555556,118.59637731481482,After Disclosure,2021,179,0,11982.0,199.0,566.0,After disclosure,1,0,2.427843944125195,0,0,5.19295685089021
CVE-2021-39147,com.thoughtworks.xstream:xstream,ro.pippo:pippo-xstream,pippo-java/pippo,https://github.com/pippo-java/pippo/commit/8330892700e3911192f1e17a11100ec3ec58ef84,2021-11-02 09:00:16,9,Silent,S1,S1,False,Medium,6.0,CWE-502;CWE-434,,2021-05-26 19:43:09,2021-08-22 13:57:44,2021-08-23,,159.55355324074074,71.79342592592593,71.37518518518519,After Disclosure,2021,179,0,47.0,2.0,566.0,After disclosure,1,0,2.343604300452925,0,0,5.19295685089021
CVE-2021-39147,com.thoughtworks.xstream:xstream,com.github.psi-probe:psi-probe-core,psi-probe/psi-probe,https://github.com/psi-probe/psi-probe/commit/cf3dd7317060ef7cb67f57686b0d760bdfa659d5,2021-08-23 07:01:58,9,Silent,S1,S1,False,Medium,6.0,CWE-502;CWE-434,,2021-05-26 19:43:09,2021-08-22 13:57:44,2021-08-23,,88.47140046296296,0.7112731481481481,0.2930324074074074,After Disclosure,2021,179,0,19822.0,302.0,566.0,After disclosure,1,0,2.1746912536054115,0,0,5.19295685089021
CVE-2021-39147,com.thoughtworks.xstream:xstream,org.wicketstuff:jqplot4java,wicketstuff/core,https://github.com/wicketstuff/core/commit/3fbd67082cf0ef7ec0114def59d07d496ded3a56,2021-08-25 15:46:01,9,Silent,S1,S1,False,Medium,6.0,CWE-502;CWE-434,,2021-05-26 19:43:09,2021-08-22 13:57:44,2021-08-23,,90.83532407407408,3.075196759259259,2.6569560185185184,After Disclosure,2021,179,0,6072.0,85.0,566.0,After disclosure,1,0,2.1815038980130264,0,0,5.19295685089021
CVE-2021-39147,com.thoughtworks.xstream:xstream,com.sangupta:jerry-core,sangupta/jerry-core,https://github.com/sangupta/jerry-core/commit/380b8ce5df0ffb3edf334d129d58deb200802fee,2021-08-25 15:34:34,10,Silent,S1,S1,False,Medium,6.0,CWE-502;CWE-434,,2021-05-26 19:43:09,2021-08-22 13:57:44,2021-08-23,,90.82737268518518,3.06724537037037,2.6490046296296295,After Disclosure,2021,179,0,9933.0,108.0,566.0,After disclosure,1,0,2.181481160928497,0,0,5.19295685089021
CVE-2021-39147,com.thoughtworks.xstream:xstream,com.thankjava.toolkit3d:fast-toolkit3d,lazy-koala/java-toolkit,https://github.com/lazy-koala/java-toolkit/commit/614102adc1ddeb4146640c17cb4dce1b1a07d7dc,2022-02-01 00:57:29,9,Silent,S1,S1,False,Medium,6.0,CWE-502;CWE-434,,2021-05-26 19:43:09,2021-08-22 13:57:44,2021-08-23,,250.21828703703704,162.45815972222223,162.0399189814815,After Disclosure,2021,179,0,3457.0,53.0,566.0,After disclosure,1,0,2.4931290621434243,0,0,5.19295685089021
CVE-2021-39147,com.thoughtworks.xstream:xstream,org.ikasan:ikasan-filetransfer-common,ikasanEIP/ikasan,https://github.com/ikasanEIP/ikasan/commit/61a7c97cafa108f1b62ae732aab3b5136d076901,2021-09-06 19:17:59,9,Silent,S1,S1,False,Medium,6.0,CWE-502;CWE-434,,2021-05-26 19:43:09,2021-08-22 13:57:44,2021-08-23,,102.98252314814816,15.222395833333334,14.804155092592593,After Disclosure,2021,179,0,2737.0,43.0,566.0,After disclosure,1,0,2.214918933406759,0,0,5.19295685089021
CVE-2021-39147,com.thoughtworks.xstream:xstream,org.javalite:javalite-async,javalite/activejdbc,https://github.com/javalite/activejdbc/commit/df9a9dd065faf12a9a6279266dee5857cd4b5c81,2021-08-25 15:54:57,9,Silent,S1,S1,False,Medium,6.0,CWE-502;CWE-434,,2021-05-26 19:43:09,2021-08-22 13:57:44,2021-08-23,,90.84152777777778,3.081400462962963,2.6631597222222223,After Disclosure,2021,179,0,1147.0,13.0,566.0,After disclosure,1,0,2.1815216367457917,0,0,5.19295685089021
CVE-2021-39147,com.thoughtworks.xstream:xstream,io.quarkus:quarkus-junit5,quarkusio/quarkus,https://github.com/quarkusio/quarkus/commit/3aa4e47faa4b4df927d75a5379f45aeea3fc3f87,2021-08-23 20:37:45,9,Silent,S1,S1,False,Medium,6.0,CWE-502;CWE-434,,2021-05-26 19:43:09,2021-08-22 13:57:44,2021-08-23,,89.03791666666666,1.277789351851852,0.8595486111111111,After Disclosure,2021,179,0,1063.0,31.0,566.0,After disclosure,1,0,2.17633367247396,0,0,5.19295685089021
CVE-2021-39147,com.thoughtworks.xstream:xstream,de.alpharogroup:email-tails,lightblueseas/email-tails,https://github.com/lightblueseas/email-tails/commit/997627a510bf8c40e6f2e0f799827ba5c7180a44,2022-02-28 14:46:26,14,Silent,S1,S1,False,Medium,6.0,CWE-502;CWE-434,,2021-05-26 19:43:09,2021-08-22 13:57:44,2021-08-23,,277.79394675925926,190.03381944444445,189.6155787037037,After Disclosure,2021,179,0,1002.0,12.0,566.0,After disclosure,1,0,2.5299943912116145,0,0,5.19295685089021
CVE-2021-39147,com.thoughtworks.xstream:xstream,org.infinispan:infinispan-server-core,infinispan/infinispan,https://github.com/infinispan/infinispan/commit/d617eec6dfe533cea066961a5afb2340131556d3,2021-08-25 17:49:50,9,Silent,S1,S1,False,Medium,6.0,CWE-502;CWE-434,,2021-05-26 19:43:09,2021-08-22 13:57:44,2021-08-23,,90.92130787037036,3.1611805555555557,2.742939814814815,After Disclosure,2021,179,0,4452.0,97.0,566.0,After disclosure,1,0,2.1817496936250604,0,0,5.19295685089021
CVE-2021-39147,com.thoughtworks.xstream:xstream,com.swiftmq:swiftmq-client,iitsoftware/swiftmq-client,https://github.com/iitsoftware/swiftmq-client/commit/9506bd2e6e1163342b52f8c5c99fb9b13c8d90fc,2021-08-25 15:41:07,9,Silent,S1,S1,False,Medium,6.0,CWE-502;CWE-434,,2021-05-26 19:43:09,2021-08-22 13:57:44,2021-08-23,,90.8319212962963,3.0717939814814814,2.6535532407407407,After Disclosure,2021,179,0,149380.0,1984.0,566.0,After disclosure,1,0,2.1814941678780175,0,0,5.19295685089021
CVE-2021-39147,com.thoughtworks.xstream:xstream,org.powertac:common,powertac/powertac-core,https://github.com/powertac/powertac-core/commit/bdad13c6c171376de33fdca091023d69f6930e7d,2021-10-05 17:14:44,9,Silent,S1,S1,False,Medium,6.0,CWE-502;CWE-434,,2021-05-26 19:43:09,2021-08-22 13:57:44,2021-08-23,,131.89693287037036,44.136805555555554,43.71856481481481,After Disclosure,2021,179,0,8040.0,110.0,566.0,After disclosure,1,0,2.2854285006751986,0,0,5.19295685089021
CVE-2021-39147,com.thoughtworks.xstream:xstream,org.optaplanner:optaplanner-examples,kiegroup/optaplanner,https://github.com/kiegroup/optaplanner/commit/31ec3c3a5aa5a7d05e4f80c0ae6439b1159ea62b,2021-08-31 16:40:48,9,Silent,S1,S1,False,Medium,6.0,CWE-502;CWE-434,,2021-05-26 19:43:09,2021-08-22 13:57:44,2021-08-23,,96.87336805555556,9.11324074074074,8.695,After Disclosure,2021,179,0,43487.0,668.0,566.0,After disclosure,1,0,2.1984349390662166,0,0,5.19295685089021
CVE-2021-39147,com.thoughtworks.xstream:xstream,net.ripe.rpki:rpki-commons,RIPE-NCC/rpki-commons,https://github.com/RIPE-NCC/rpki-commons/commit/cb41248bb0e21780857596da401b9a891c6ee1b7,2021-08-26 11:52:31,9,Silent,S1,S1,False,Medium,6.0,CWE-502;CWE-434,,2021-05-26 19:43:09,2021-08-22 13:57:44,2021-08-23,,91.6731712962963,3.9130439814814815,3.494803240740741,After Disclosure,2021,179,0,11426.0,225.0,566.0,After disclosure,1,0,2.183893084811566,0,0,5.19295685089021
CVE-2021-39147,com.thoughtworks.xstream:xstream,com.github.spotbugs:sonar-findbugs-plugin,spotbugs/sonar-findbugs,https://github.com/spotbugs/sonar-findbugs/commit/d4b81e4456be033422c6b1502ef6f8bd5fa1a8c5,2021-08-25 23:07:08,9,Silent,S1,S1,False,Medium,6.0,CWE-502;CWE-434,,2021-05-26 19:43:09,2021-08-22 13:57:44,2021-08-23,,91.1416550925926,3.381527777777778,2.963287037037037,After Disclosure,2021,179,0,13133.0,191.0,566.0,After disclosure,1,0,2.182378949866019,0,0,5.19295685089021
CVE-2021-39147,com.thoughtworks.xstream:xstream,no.mnemonic.messaging:requestsink-jms,mnemonic-no/messaging,https://github.com/mnemonic-no/messaging/commit/d8886c882334c967157a32be125fb0dc9b67f2d2,2021-09-09 08:47:56,9,Silent,S1,S1,False,Medium,6.0,CWE-502;CWE-434,,2021-05-26 19:43:09,2021-08-22 13:57:44,2021-08-23,,105.54498842592592,17.784861111111113,17.36662037037037,After Disclosure,2021,179,0,2679.0,37.0,566.0,After disclosure,1,0,2.221651070485473,0,0,5.19295685089021
CVE-2021-39147,com.thoughtworks.xstream:xstream,org.smooks:smooks-core,smooks/smooks,https://github.com/smooks/smooks/commit/b1412cfcf80e8bf7ddcc1ec709c256387879e6b6,2021-12-01 12:51:41,9,Silent,S1,S1,False,Medium,6.0,CWE-502;CWE-434,,2021-05-26 19:43:09,2021-08-22 13:57:44,2021-08-23,,188.71425925925925,100.95413194444444,100.5358912037037,After Disclosure,2021,179,0,19961.0,350.0,566.0,After disclosure,1,0,2.397523046722685,0,0,5.19295685089021
CVE-2021-39147,com.thoughtworks.xstream:xstream,com.xceptance:xlt,Xceptance/XLT,https://github.com/Xceptance/XLT/commit/1b675b0b83f1e66c98d765f92bf2bae4de5a9369,2021-08-31 15:14:53,9,Silent,S1,S1,False,Medium,6.0,CWE-502;CWE-434,,2021-05-26 19:43:09,2021-08-22 13:57:44,2021-08-23,,96.81370370370372,9.053576388888889,8.635335648148148,After Disclosure,2021,179,0,146667.0,2303.0,566.0,After disclosure,1,0,2.1982708247929565,0,0,5.19295685089021
CVE-2017-7561,org.jboss.resteasy:resteasy-jaxrs,org.wildfly:wildfly-jaxrs,wildfly/wildfly,https://github.com/wildfly/wildfly/commit/2351e40a08d12b2d61a8a777d88c4ecbf3b9c86f,2018-02-14 15:20:41,1,Silent,S3,T6,True,Medium,5.0,CWE-444,,2017-11-07 18:02:07,2018-01-16 18:02:45,2017-09-13,,98.88789351851852,28.887453703703702,154.63936342592592,After Release,2017,31,0,1481.0,22.0,587.0,After disclosure,1,0,2.4826786285152487,0,0,3.4657359027997265
CVE-2017-7561,org.jboss.resteasy:resteasy-jaxrs,com.alibaba:dubbo,apache/incubator-dubbo,https://github.com/apache/incubator-dubbo/commit/26f39d57ff0d08534971ecdf2e5b4bc46ff5af4e,2018-01-11 07:41:44,3,Silent,S3,T6,True,Medium,5.0,CWE-444,,2017-11-07 18:02:07,2018-01-16 18:02:45,2017-09-13,,64.56917824074074,-5.431261574074074,120.32064814814817,Fix->Release,2017,31,0,67512.0,1015.0,587.0,After disclosure,1,0,2.4306310377450133,0,0,3.4657359027997265
CVE-2015-3192,org.springframework:spring-web,org.activiti:activiti-app-rest,Activiti/Activiti,https://github.com/Activiti/Activiti/commit/a1c9dbc45b95a03063a25a6105993e63f2ada001,2017-06-08 15:53:09,4,Silent,S1,S1,False,Medium,4.3,CWE-119,,2015-06-30 08:58:03,2015-06-30 10:08:39,2016-07-12,,709.2882638888889,709.2392361111112,331.6619097222222,After Disclosure,2016,101,0,5192.0,64.0,5009.0,After disclosure,1,0,2.682042234019307,0,0,4.624972813284271
CVE-2015-3192,org.springframework:spring-web,org.zalando:riptide,zalando/riptide,https://github.com/zalando/riptide/commit/df88756495ccf3796c17c7685b2df903a3b41649,2019-09-02 04:12:46,1,Silent,S1,S1,False,Medium,4.3,CWE-119,,2015-06-30 08:58:03,2015-06-30 10:08:39,2016-07-12,,1524.8018865740742,1524.7528587962963,1147.1755324074074,After Disclosure,2016,101,0,826.5,34.0,5009.0,After disclosure,1,0,3.1127389331818236,0,0,4.624972813284271
CVE-2015-3192,org.springframework:spring-web,org.wicketstuff:wicketstuff-springreference,wicketstuff/core,https://github.com/wicketstuff/core/commit/65b2ff352ddbc711516c240391f5a797dc326f20,2016-07-17 11:59:50,2,Silent,S1,S1,False,Medium,4.3,CWE-119,,2015-06-30 08:58:03,2015-06-30 10:08:39,2016-07-12,,383.1262384259259,383.07721064814814,5.499884259259259,After Disclosure,2016,101,0,311.0,6.0,5009.0,After disclosure,1,0,2.1895579248814965,0,0,4.624972813284271
CVE-2021-36090,org.apache.commons:commons-compress,com.sangupta:jerry-core,sangupta/jerry-core,https://github.com/sangupta/jerry-core/commit/ebc407d3406391432928e28e2ed6268030498529,2021-10-06 16:54:12,3,Silent,S1,S1,False,Medium,5.0,,,2021-07-02 20:00:47,2021-07-09 18:54:09,2021-07-13,,95.87042824074074,88.9167013888889,85.70430555555555,After Disclosure,2021,303,0,9933.0,108.0,186.0,After disclosure,1,0,2.3709357185975266,0,0,5.717027701406222
CVE-2021-36090,org.apache.commons:commons-compress,org.hyperledger.fabric-sdk-java:fabric-sdk-java,hyperledger/fabric-sdk-java,https://github.com/hyperledger/fabric-sdk-java/commit/fc05ef2accde5956ce930623d11d5443a4d759cf,2021-08-18 12:16:18,1,Silent,S1,S1,False,Medium,5.0,,,2021-07-02 20:00:47,2021-07-09 18:54:09,2021-07-13,,46.67744212962963,39.72371527777778,36.511319444444446,After Disclosure,2021,303,0,186463.0,1582.5,186.0,After disclosure,1,0,2.268894967965419,0,0,5.717027701406222
CVE-2021-36090,org.apache.commons:commons-compress,nl.jpoint.vertx-deploy-tools:vertx-deploy-agent,msoute/vertx-deploy-mod,https://github.com/msoute/vertx-deploy-mod/commit/5264d7f082e311d7ce8e2cf0f06995a2fe7fddb2,2021-11-05 07:12:41,1,Silent,S1,S1,False,Medium,5.0,,,2021-07-02 20:00:47,2021-07-09 18:54:09,2021-07-13,,125.46659722222222,118.51287037037036,115.30047453703703,After Disclosure,2021,303,0,3619.0,53.0,186.0,After disclosure,1,0,2.4224661909973118,0,0,5.717027701406222
CVE-2021-36090,org.apache.commons:commons-compress,org.mycore:mycore-base,MyCoRe-Org/mycore,https://github.com/MyCoRe-Org/mycore/commit/1633caeac533fa1bff81c85aa866c5fd11a55589,2021-09-29 08:20:33,1,Silent,S1,S1,False,Medium,5.0,,,2021-07-02 20:00:47,2021-07-09 18:54:09,2021-07-13,,88.51372685185186,81.56,78.34760416666667,After Disclosure,2021,303,0,50937.0,691.0,186.0,After disclosure,1,0,2.3571184552180946,0,0,5.717027701406222
CVE-2021-36090,org.apache.commons:commons-compress,org.dkpro.core:dkpro-core-api-resources-asl,dkpro/dkpro-core,https://github.com/dkpro/dkpro-core/commit/3b47a825602994c62094e27461344aabdb7bae27,2021-12-16 07:57:40,1,Silent,S1,S1,False,Medium,5.0,,,2021-07-02 20:00:47,2021-07-09 18:54:09,2021-07-13,,166.49783564814814,159.54410879629629,156.33171296296297,After Disclosure,2021,303,0,2348.0,22.0,186.0,After disclosure,1,0,2.485090694357644,0,0,5.717027701406222
CVE-2021-36090,org.apache.commons:commons-compress,org.opencastproject:opencast-ingest-service-impl,opencast/opencast,https://github.com/opencast/opencast/commit/0cbb23d745ed95b24312e2a27f527926a8d0336f,2021-08-04 16:59:10,1,Silent,S1,S1,False,Medium,5.0,,,2021-07-02 20:00:47,2021-07-09 18:54:09,2021-07-13,,32.87387731481481,25.92015046296296,22.70775462962963,After Disclosure,2021,303,0,21799.0,392.0,186.0,After disclosure,1,0,2.235356604044142,0,0,5.717027701406222
CVE-2021-36090,org.apache.commons:commons-compress,org.exist-db:exist-compression,exist-db/exist,https://github.com/exist-db/exist/commit/92d78b5ea6f0f37f6bc8a0a6553444fe86853fb5,2021-08-02 20:18:43,1,Silent,S1,S1,False,Medium,5.0,,,2021-07-02 20:00:47,2021-07-09 18:54:09,2021-07-13,,31.012453703703702,24.05872685185185,20.84633101851852,After Disclosure,2021,303,0,1216.0,23.0,186.0,After disclosure,1,0,2.2306290712757364,0,0,5.717027701406222
CVE-2021-36090,org.apache.commons:commons-compress,com.lithium.flow:flow,lithiumtech/flow,https://github.com/lithiumtech/flow/commit/52e3e4d9c8d8445177b6667094f8767370ad4b2f,2021-08-03 01:30:33,1,Silent,S1,S1,False,Medium,5.0,,,2021-07-02 20:00:47,2021-07-09 18:54:09,2021-07-13,,31.229004629629628,24.275277777777777,21.062881944444445,After Disclosure,2021,303,0,13227.0,293.5,186.0,After disclosure,1,0,2.231181706977255,0,0,5.717027701406222
CVE-2021-36090,org.apache.commons:commons-compress,io.kubernetes:client-java,kubernetes-client/java,https://github.com/kubernetes-client/java/commit/63116bc50e1dd803795f625116e31d831856a437,2021-07-14 15:59:21,1,Silent,S1,S1,False,Medium,5.0,,,2021-07-02 20:00:47,2021-07-09 18:54:09,2021-07-13,,11.832337962962963,4.878611111111111,1.6662152777777777,After Disclosure,2021,303,0,5690.0,110.0,186.0,After disclosure,1,0,2.1786616577944766,0,0,5.717027701406222
CVE-2021-36090,org.apache.commons:commons-compress,org.deeplearning4j:deeplearning4j-modelexport-solr,eclipse/deeplearning4j,https://github.com/eclipse/deeplearning4j/commit/44aafa8ec8e4d861cb70c002c6288df593f65cf2,2021-12-02 01:52:17,2,Silent,S1,S1,False,Medium,5.0,,,2021-07-02 20:00:47,2021-07-09 18:54:09,2021-07-13,,152.24409722222222,145.29037037037037,142.07797453703705,After Disclosure,2021,303,0,262.0,2.0,186.0,After disclosure,1,0,2.4643437286684957,0,0,5.717027701406222
CVE-2021-36090,org.apache.commons:commons-compress,ca.uhn.hapi.fhir:hapi-fhir-cli-api,hapifhir/hapi-fhir,https://github.com/hapifhir/hapi-fhir/commit/07cb3ff42770b0d74c63fb8bffe2a35057de9df6,2021-07-27 13:14:05,1,Silent,S1,S1,False,Medium,5.0,,,2021-07-02 20:00:47,2021-07-09 18:54:09,2021-07-13,,24.717569444444443,17.763842592592592,14.551446759259258,After Disclosure,2021,303,0,3387.0,32.0,186.0,After disclosure,1,0,2.2142493268437557,0,0,5.717027701406222
CVE-2021-36090,org.apache.commons:commons-compress,org.appng:appng-core,appNG/appng,https://github.com/appNG/appng/commit/a70674c40aee0b45844ac3973923d6441583835f,2021-08-10 09:57:47,1,Silent,S1,S1,False,Medium,5.0,,,2021-07-02 20:00:47,2021-07-09 18:54:09,2021-07-13,,38.58125,31.62752314814815,28.415127314814814,After Disclosure,2021,303,0,19802.0,231.0,186.0,After disclosure,1,0,2.249539123312559,0,0,5.717027701406222
CVE-2021-36090,org.apache.commons:commons-compress,org.apache.any23:apache-any23-core,apache/any23,https://github.com/apache/any23/commit/097a3eb58c403e2201fd651bfdc21b7f28a955e5,2021-11-03 23:12:00,1,Silent,S1,S1,False,Medium,5.0,,,2021-07-02 20:00:47,2021-07-09 18:54:09,2021-07-13,,124.13278935185186,117.1790625,113.96666666666668,After Disclosure,2021,303,0,16195.0,266.0,186.0,After disclosure,1,0,2.420270816469715,0,0,5.717027701406222
CVE-2021-36090,org.apache.commons:commons-compress,io.archivesunleashed:aut,archivesunleashed/aut,https://github.com/archivesunleashed/aut/commit/11772119e86133fd4fe453c7a895b8808f761844,2022-05-24 18:14:00,1,Silent,S1,S1,False,Medium,5.0,,,2021-07-02 20:00:47,2021-07-09 18:54:09,2021-07-13,,325.9258449074074,318.97211805555554,315.7597222222222,After Disclosure,2021,303,0,9271.0,298.0,186.0,After disclosure,1,0,2.6674379378196784,0,0,5.717027701406222
CVE-2021-36090,org.apache.commons:commons-compress,org.owasp:dependency-check-core,jeremylong/DependencyCheck,https://github.com/jeremylong/DependencyCheck/commit/7df0c385f9a31301f3884c5ad1f11749c2ca7ec2,2021-07-20 11:14:55,1,Silent,S1,S1,False,Medium,5.0,,,2021-07-02 20:00:47,2021-07-09 18:54:09,2021-07-13,,17.634814814814813,10.681087962962962,7.46869212962963,After Disclosure,2021,303,0,20066.0,227.5,186.0,After disclosure,1,0,2.1950493003889564,0,0,5.717027701406222
CVE-2021-21346,com.thoughtworks.xstream:xstream,org.wicketstuff:jqplot4java,wicketstuff/core,https://github.com/wicketstuff/core/commit/8e386bd8dd2411f31c66bd45717f32fb40f9ad75,2021-03-23 06:56:31,4,Silent,S1,S1,False,High,7.5,CWE-502;CWE-434,,2021-03-09 23:55:45,2021-03-13 00:22:38,2021-03-22,,13.292199074074071,10.273530092592592,1.2892476851851853,After Disclosure,2021,179,0,6072.0,85.0,542.0,After disclosure,1,0,2.177575307887971,0,1,5.19295685089021
CVE-2021-21346,com.thoughtworks.xstream:xstream,io.quarkus:quarkus-junit5,quarkusio/quarkus,https://github.com/quarkusio/quarkus/commit/2e61de4423803616d2a17ec25ac398b754005fd1,2021-03-15 22:06:04,4,Silent,S1,S1,False,High,7.5,CWE-502;CWE-434,,2021-03-09 23:55:45,2021-03-13 00:22:38,2021-03-22,,5.923831018518518,2.9051620370370372,-6.0791203703703705,Release->Disclosure,2021,179,0,1063.0,31.0,542.0,Safe window,0,1,2.155776428688607,0,1,5.19295685089021
CVE-2021-21346,com.thoughtworks.xstream:xstream,org.patterntesting:patterntesting-rt,oboehm/PatternTesting2,https://github.com/oboehm/PatternTesting2/commit/23be204ec99d64604a7122c4f8cefb423ba6a340,2021-05-18 20:26:17,3,Silent,S1,S1,False,High,7.5,CWE-502;CWE-434,,2021-03-09 23:55:45,2021-03-13 00:22:38,2021-03-22,,69.85453703703703,66.83586805555555,57.851585648148145,After Disclosure,2021,179,0,11982.0,199.0,542.0,After disclosure,1,0,2.316129320665722,0,1,5.19295685089021
CVE-2021-21346,com.thoughtworks.xstream:xstream,net.ripe.rpki:rpki-commons,RIPE-NCC/rpki-commons,https://github.com/RIPE-NCC/rpki-commons/commit/7a2a808255688e09b67641e17abaa26a9ea163be,2021-03-22 23:46:26,4,Silent,S1,S1,False,High,7.5,CWE-502;CWE-434,,2021-03-09 23:55:45,2021-03-13 00:22:38,2021-03-22,,12.993530092592591,9.97486111111111,0.9905787037037036,After Disclosure,2021,179,0,11426.0,225.0,542.0,After disclosure,1,0,2.1767126663356353,0,1,5.19295685089021
CVE-2021-21346,com.thoughtworks.xstream:xstream,com.btc-ag.redg:redg-generator,btc-ag/redg,https://github.com/btc-ag/redg/commit/c47593c9b555254a369d2f5dc2d6fcfc21be7d3d,2021-06-06 14:20:45,5,Silent,S1,S1,False,High,7.5,CWE-502;CWE-434,,2021-03-09 23:55:45,2021-03-13 00:22:38,2021-03-22,,88.60069444444444,85.58202546296296,76.59774305555555,After Disclosure,2021,179,0,1890.0,43.0,542.0,After disclosure,1,0,2.3537661425847665,0,1,5.19295685089021
CVE-2021-21346,com.thoughtworks.xstream:xstream,com.sangupta:jerry-core,sangupta/jerry-core,https://github.com/sangupta/jerry-core/commit/380b8ce5df0ffb3edf334d129d58deb200802fee,2021-08-25 15:34:34,10,Silent,S1,S1,False,High,7.5,CWE-502;CWE-434,,2021-03-09 23:55:45,2021-03-13 00:22:38,2021-03-22,,168.65195601851852,165.63328703703704,156.64900462962962,After Disclosure,2021,179,0,9933.0,108.0,542.0,After disclosure,1,0,2.485541435180302,0,1,5.19295685089021
CVE-2021-21346,com.thoughtworks.xstream:xstream,org.smooks:smooks-all,smooks/smooks,https://github.com/smooks/smooks/commit/eb9cf831fe330ee8271612e2a3dbeb4ef0da2199,2021-03-22 18:24:46,4,Silent,S1,S1,False,High,7.5,CWE-502;CWE-434,,2021-03-09 23:55:45,2021-03-13 00:22:38,2021-03-22,,12.770150462962963,9.751481481481482,0.7671990740740741,After Disclosure,2021,179,0,25018.0,475.0,542.0,After disclosure,1,0,2.176066360132063,0,1,5.19295685089021
CVE-2021-21346,com.thoughtworks.xstream:xstream,com.xceptance:xlt,Xceptance/XLT,https://github.com/Xceptance/XLT/commit/c11b5e4a66dad8b821f68be09d1cf4de90630753,2021-06-02 12:44:03,5,Silent,S1,S1,False,High,7.5,CWE-502;CWE-434,,2021-03-09 23:55:45,2021-03-13 00:22:38,2021-03-22,,84.53354166666666,81.51487268518518,72.53059027777778,After Disclosure,2021,179,0,146667.0,2303.0,542.0,After disclosure,1,0,2.3458730128190255,0,1,5.19295685089021
CVE-2021-21346,com.thoughtworks.xstream:xstream,com.github.psi-probe:psi-probe-core,psi-probe/psi-probe,https://github.com/psi-probe/psi-probe/commit/7fab8b106f725eab6eebb2bd99188605c105a2f7,2021-03-15 05:47:19,4,Silent,S1,S1,False,High,7.5,CWE-502;CWE-434,,2021-03-09 23:55:45,2021-03-13 00:22:38,2021-03-22,,5.244143518518518,2.2254745370370372,-6.7588078703703705,Release->Disclosure,2021,179,0,19822.0,302.0,542.0,Safe window,0,1,2.153709382034317,0,1,5.19295685089021
CVE-2021-21346,com.thoughtworks.xstream:xstream,org.kie.kogito:drools-compiler,kiegroup/kogito-runtimes,https://github.com/kiegroup/kogito-runtimes/commit/be534eb1bf87d95083fc9caa90b680b40f42c749,2021-05-15 06:57:43,13,Silent,S1,S1,False,High,7.5,CWE-502;CWE-434,,2021-03-09 23:55:45,2021-03-13 00:22:38,2021-03-22,,66.29303240740741,63.27436342592593,54.29008101851852,After Disclosure,2021,179,0,97108.0,770.0,542.0,After disclosure,1,0,2.3085948929374966,0,1,5.19295685089021
CVE-2021-21346,com.thoughtworks.xstream:xstream,ro.pippo:pippo-xstream,pippo-java/pippo,https://github.com/pippo-java/pippo/commit/58397c14e558073bc4f934d0a84685d8e9f39ac7,2021-05-19 09:02:02,5,Silent,S1,S1,False,High,7.5,CWE-502;CWE-434,,2021-03-09 23:55:45,2021-03-13 00:22:38,2021-03-22,,70.37936342592593,67.36069444444445,58.376412037037035,After Disclosure,2021,179,0,47.0,2.0,542.0,After disclosure,1,0,2.31722863244762,0,1,5.19295685089021
CVE-2021-21346,com.thoughtworks.xstream:xstream,org.javalite:javalite-async,javalite/activejdbc,https://github.com/javalite/activejdbc/commit/9d6517b4d1ba17fb6571c4abd369795fca7287ce,2021-04-20 21:36:46,5,Silent,S1,S1,False,High,7.5,CWE-502;CWE-434,,2021-03-09 23:55:45,2021-03-13 00:22:38,2021-03-22,,41.9034837962963,38.88481481481482,29.900532407407407,After Disclosure,2021,179,0,1147.0,13.0,542.0,After disclosure,1,0,2.2531555579852447,0,1,5.19295685089021
CVE-2021-21346,com.thoughtworks.xstream:xstream,no.mnemonic.messaging:requestsink-jms,mnemonic-no/messaging,https://github.com/mnemonic-no/messaging/commit/ad1d2ddde0f14edbade60c0c50acc40813048778,2021-04-19 13:56:09,4,Silent,S1,S1,False,High,7.5,CWE-502;CWE-434,,2021-03-09 23:55:45,2021-03-13 00:22:38,2021-03-22,,40.58361111111111,37.56494212962963,28.580659722222222,After Disclosure,2021,179,0,2679.0,37.0,542.0,After disclosure,1,0,2.249943630227402,0,1,5.19295685089021
CVE-2021-21346,com.thoughtworks.xstream:xstream,org.powertac:common,powertac/powertac-core,https://github.com/powertac/powertac-core/commit/182d71556780cd823d9247b747e35df336090698,2021-03-22 23:48:47,4,Silent,S1,S1,False,High,7.5,CWE-502;CWE-434,,2021-03-09 23:55:45,2021-03-13 00:22:38,2021-03-22,,12.995162037037035,9.976493055555556,0.9922106481481482,After Disclosure,2021,179,0,8040.0,110.0,542.0,After disclosure,1,0,2.1767173845172727,0,1,5.19295685089021
CVE-2021-21346,com.thoughtworks.xstream:xstream,org.neo4j.build.plugins:licensing-maven-plugin,neo4j/licensing-maven-plugin,https://github.com/neo4j/licensing-maven-plugin/commit/26a039e7f2d41eada122c97686b5b0f0553d5538,2021-04-23 06:57:29,5,Silent,S1,S1,False,High,7.5,CWE-502;CWE-434,,2021-03-09 23:55:45,2021-03-13 00:22:38,2021-03-22,,44.29287037037037,41.27420138888889,32.289918981481485,After Disclosure,2021,179,0,1627.0,14.0,542.0,After disclosure,1,0,2.258910415379855,0,1,5.19295685089021
CVE-2021-21346,com.thoughtworks.xstream:xstream,de.alpharogroup:email-tails,lightblueseas/email-tails,https://github.com/lightblueseas/email-tails/commit/997627a510bf8c40e6f2e0f799827ba5c7180a44,2022-02-28 14:46:26,14,Silent,S1,S1,False,High,7.5,CWE-502;CWE-434,,2021-03-09 23:55:45,2021-03-13 00:22:38,2021-03-22,,355.6185300925926,352.5998611111111,343.6155787037037,After Disclosure,2021,179,0,1002.0,12.0,542.0,After disclosure,1,0,2.692705755117098,0,1,5.19295685089021
CVE-2021-21346,com.thoughtworks.xstream:xstream,com.swiftmq:swiftmq-client,iitsoftware/swiftmq-client,https://github.com/iitsoftware/swiftmq-client/commit/10eb973b3cfc9c5afa58868326306efcf2b82413,2021-03-22 23:52:39,4,Silent,S1,S1,False,High,7.5,CWE-502;CWE-434,,2021-03-09 23:55:45,2021-03-13 00:22:38,2021-03-22,,12.997847222222225,9.97917824074074,0.9948958333333332,After Disclosure,2021,179,0,149380.0,1984.0,542.0,After disclosure,1,0,2.1767251476549374,0,1,5.19295685089021
CVE-2021-21346,com.thoughtworks.xstream:xstream,org.ikasan:ikasan-filetransfer-common,ikasanEIP/ikasan,https://github.com/ikasanEIP/ikasan/commit/f3046e83a2231cc76d98c01c8fecc3715229b468,2021-05-04 20:07:15,6,Silent,S1,S1,False,High,7.5,CWE-502;CWE-434,,2021-03-09 23:55:45,2021-03-13 00:22:38,2021-03-22,,55.84131944444445,52.82265046296296,43.83836805555555,After Disclosure,2021,179,0,2737.0,43.0,542.0,After disclosure,1,0,2.2856980818609154,0,1,5.19295685089021
CVE-2021-21346,com.thoughtworks.xstream:xstream,com.thankjava.toolkit3d:fast-toolkit3d,lazy-koala/java-toolkit,https://github.com/lazy-koala/java-toolkit/commit/16d615c76b02bc1b470e1adfe1ef8e2894e196e4,2021-03-22 23:46:33,5,Silent,S1,S1,False,High,7.5,CWE-502;CWE-434,,2021-03-09 23:55:45,2021-03-13 00:22:38,2021-03-22,,12.993611111111113,9.97494212962963,0.9906597222222222,After Disclosure,2021,179,0,3457.0,53.0,542.0,After disclosure,1,0,2.1767129005728125,0,1,5.19295685089021
CVE-2021-21346,com.thoughtworks.xstream:xstream,com.github.spotbugs:sonar-findbugs-plugin,spotbugs/sonar-findbugs,https://github.com/spotbugs/sonar-findbugs/commit/046b7c1ba7d0411c201f4fad61145950614e093a,2021-05-19 04:10:58,4,Silent,S1,S1,False,High,7.5,CWE-502;CWE-434,,2021-03-09 23:55:45,2021-03-13 00:22:38,2021-03-22,,70.17723379629629,67.15856481481481,58.17428240740741,After Disclosure,2021,179,0,13133.0,191.0,542.0,After disclosure,1,0,2.3168055771190352,0,1,5.19295685089021
CVE-2021-21346,com.thoughtworks.xstream:xstream,org.infinispan:infinispan-server-core,infinispan/infinispan,https://github.com/infinispan/infinispan/commit/172f2d3831fefcb1a018bd4090232f74c59a44dd,2021-03-18 07:16:58,4,Silent,S1,S1,False,High,7.5,CWE-502;CWE-434,,2021-03-09 23:55:45,2021-03-13 00:22:38,2021-03-22,,8.306400462962962,5.287731481481481,-3.696550925925926,Release->Disclosure,2021,179,0,4452.0,97.0,542.0,Safe window,0,1,2.1629455177384473,0,1,5.19295685089021
CVE-2016-3720,com.fasterxml.jackson.dataformat:jackson-dataformat-xml,org.wisdom-framework:wisdom-executors,wisdom-framework/wisdom,https://github.com/wisdom-framework/wisdom/commit/2546f6af8d426c186c3ee2863c2ada5f05f09c98,2020-06-30 21:24:51,1,Transparent,T1,T1,False,High,7.5,,2016-04-14 23:52:40,2016-04-14 22:11:02,2016-04-29 09:46:32,2016-06-10,1537.8973495370371,1537.9679282407408,1523.4849421296296,1481.8922569444444,After Disclosure,2016,14,0,1788.0,24.0,136.0,After disclosure,1,0,3.212484969872858,1,1,2.70805020110221
CVE-2018-18928,com.ibm.icu:icu4j,org.mycore:mycore-base,MyCoRe-Org/mycore,https://github.com/MyCoRe-Org/mycore/commit/64d7e8a3323e77ac28e049b39abe7be4f0bd3631,2019-12-04 18:10:45,2,Transparent,T2,T2,False,High,7.5,CWE-190,2018-10-31 20:37:09,2018-10-31 18:11:18,2019-04-11 12:04:36,2018-11-04,398.8983333333333,398.9996180555556,237.25427083333332,395.7574652777778,After Release,2018,33,0,50937.0,691.0,176.0,After disclosure,1,0,2.7363818927364165,1,1,3.5263605246161616
CVE-2016-6806,org.apache.wicket:wicket-core,org.wicketstuff:wicketstuff-openlayers3-bootstrap,wicketstuff/core,https://github.com/wicketstuff/core/commit/24a454ec6c5e8cf20fe89b2594c161fb64c4be71,2017-08-03 02:32:33,1,Silent,S1,S1,False,Medium,6.8,CWE-352,,2016-09-19 15:24:57,2016-10-19 21:12:15,2017-10-02,,317.4636111111111,287.22243055555555,-59.8940625,Release->Disclosure,2017,125,0,340.0,7.0,292.0,Safe window,0,1,1.950998009222558,0,0,4.836281906951478
CVE-2016-6806,org.apache.wicket:wicket-core,de.alpharogroup:wicket-jetty9-runner,astrapi69/jetty-runner,https://github.com/astrapi69/jetty-runner/commit/9b223c77de68ed979b6adc3baeaeccf0633acfc3,2019-05-13 15:13:28,1,Silent,S1,S1,False,Medium,6.8,CWE-352,,2016-09-19 15:24:57,2016-10-19 21:12:15,2017-10-02,,965.9920254629628,935.7508449074074,588.6343518518519,After Disclosure,2017,125,0,139.0,3.0,292.0,After disclosure,1,0,2.867973115976639,0,0,4.836281906951478
CVE-2017-3523,mysql:mysql-connector-java,com.thankjava.toolkit3d:fast-toolkit3d,lazy-koala/java-toolkit,https://github.com/lazy-koala/java-toolkit/commit/5c6288cd4049bad800a5d7aec66dc8545abaf034,2017-08-07 14:39:07,3,Silent,S1,S1,False,Medium,6.0,,,2017-01-31 23:26:29,2017-02-14 19:27:54,2017-04-24,,187.63377314814815,173.79945601851853,105.61049768518518,After Disclosure,2017,138,0,3457.0,53.0,99.0,After disclosure,1,0,2.4062585625580866,0,0,4.9344739331306915
CVE-2017-3523,mysql:mysql-connector-java,com.nitorcreations:nflow-tests,NitorCreations/nflow,https://github.com/NitorCreations/nflow/commit/34fc16c971c1ab44936b936f53073634ef1e7ff8,2017-07-13 07:54:35,3,Silent,S1,S1,False,Medium,6.0,,,2017-01-31 23:26:29,2017-02-14 19:27:54,2017-04-24,,162.3528472222222,148.51853009259258,80.32957175925925,After Disclosure,2017,138,0,1180623.0,15806.0,99.0,After disclosure,1,0,2.3608844356076064,0,0,4.9344739331306915
CVE-2021-39149,com.thoughtworks.xstream:xstream,com.thankjava.toolkit3d:fast-toolkit3d,lazy-koala/java-toolkit,https://github.com/lazy-koala/java-toolkit/commit/614102adc1ddeb4146640c17cb4dce1b1a07d7dc,2022-02-01 00:57:29,9,Silent,S1,S1,False,Medium,6.0,CWE-502;CWE-434,,2021-05-26 19:43:09,2021-08-22 13:57:44,2021-08-23,,250.21828703703704,162.45815972222223,162.0399189814815,After Disclosure,2021,179,0,3457.0,53.0,566.0,After disclosure,1,0,2.4931290621434243,0,0,5.19295685089021
CVE-2021-39149,com.thoughtworks.xstream:xstream,de.alpharogroup:email-tails,lightblueseas/email-tails,https://github.com/lightblueseas/email-tails/commit/997627a510bf8c40e6f2e0f799827ba5c7180a44,2022-02-28 14:46:26,14,Silent,S1,S1,False,Medium,6.0,CWE-502;CWE-434,,2021-05-26 19:43:09,2021-08-22 13:57:44,2021-08-23,,277.79394675925926,190.03381944444445,189.6155787037037,After Disclosure,2021,179,0,1002.0,12.0,566.0,After disclosure,1,0,2.5299943912116145,0,0,5.19295685089021
CVE-2021-39149,com.thoughtworks.xstream:xstream,org.patterntesting:patterntesting-rt,oboehm/PatternTesting2,https://github.com/oboehm/PatternTesting2/commit/3c61a09701c9e09a8839936d5d432b6e1a913e2f,2021-12-19 14:18:47,6,Silent,S1,S1,False,Medium,6.0,CWE-502;CWE-434,,2021-05-26 19:43:09,2021-08-22 13:57:44,2021-08-23,,206.77474537037037,119.01461805555556,118.59637731481482,After Disclosure,2021,179,0,11982.0,199.0,566.0,After disclosure,1,0,2.427843944125195,0,0,5.19295685089021
CVE-2021-39149,com.thoughtworks.xstream:xstream,org.optaplanner:optaplanner-examples,kiegroup/optaplanner,https://github.com/kiegroup/optaplanner/commit/31ec3c3a5aa5a7d05e4f80c0ae6439b1159ea62b,2021-08-31 16:40:48,9,Silent,S1,S1,False,Medium,6.0,CWE-502;CWE-434,,2021-05-26 19:43:09,2021-08-22 13:57:44,2021-08-23,,96.87336805555556,9.11324074074074,8.695,After Disclosure,2021,179,0,43487.0,668.0,566.0,After disclosure,1,0,2.1984349390662166,0,0,5.19295685089021
CVE-2021-39149,com.thoughtworks.xstream:xstream,org.ikasan:ikasan-filetransfer-common,ikasanEIP/ikasan,https://github.com/ikasanEIP/ikasan/commit/61a7c97cafa108f1b62ae732aab3b5136d076901,2021-09-06 19:17:59,9,Silent,S1,S1,False,Medium,6.0,CWE-502;CWE-434,,2021-05-26 19:43:09,2021-08-22 13:57:44,2021-08-23,,102.98252314814816,15.222395833333334,14.804155092592593,After Disclosure,2021,179,0,2737.0,43.0,566.0,After disclosure,1,0,2.214918933406759,0,0,5.19295685089021
CVE-2021-39149,com.thoughtworks.xstream:xstream,org.javalite:javalite-async,javalite/activejdbc,https://github.com/javalite/activejdbc/commit/df9a9dd065faf12a9a6279266dee5857cd4b5c81,2021-08-25 15:54:57,9,Silent,S1,S1,False,Medium,6.0,CWE-502;CWE-434,,2021-05-26 19:43:09,2021-08-22 13:57:44,2021-08-23,,90.84152777777778,3.081400462962963,2.6631597222222223,After Disclosure,2021,179,0,1147.0,13.0,566.0,After disclosure,1,0,2.1815216367457917,0,0,5.19295685089021
CVE-2021-39149,com.thoughtworks.xstream:xstream,net.ripe.rpki:rpki-commons,RIPE-NCC/rpki-commons,https://github.com/RIPE-NCC/rpki-commons/commit/cb41248bb0e21780857596da401b9a891c6ee1b7,2021-08-26 11:52:31,9,Silent,S1,S1,False,Medium,6.0,CWE-502;CWE-434,,2021-05-26 19:43:09,2021-08-22 13:57:44,2021-08-23,,91.6731712962963,3.9130439814814815,3.494803240740741,After Disclosure,2021,179,0,11426.0,225.0,566.0,After disclosure,1,0,2.183893084811566,0,0,5.19295685089021
CVE-2021-39149,com.thoughtworks.xstream:xstream,com.github.psi-probe:psi-probe-core,psi-probe/psi-probe,https://github.com/psi-probe/psi-probe/commit/cf3dd7317060ef7cb67f57686b0d760bdfa659d5,2021-08-23 07:01:58,9,Silent,S1,S1,False,Medium,6.0,CWE-502;CWE-434,,2021-05-26 19:43:09,2021-08-22 13:57:44,2021-08-23,,88.47140046296296,0.7112731481481481,0.2930324074074074,After Disclosure,2021,179,0,19822.0,302.0,566.0,After disclosure,1,0,2.1746912536054115,0,0,5.19295685089021
CVE-2021-39149,com.thoughtworks.xstream:xstream,io.quarkus:quarkus-junit5,quarkusio/quarkus,https://github.com/quarkusio/quarkus/commit/3aa4e47faa4b4df927d75a5379f45aeea3fc3f87,2021-08-23 20:37:45,9,Silent,S1,S1,False,Medium,6.0,CWE-502;CWE-434,,2021-05-26 19:43:09,2021-08-22 13:57:44,2021-08-23,,89.03791666666666,1.277789351851852,0.8595486111111111,After Disclosure,2021,179,0,1063.0,31.0,566.0,After disclosure,1,0,2.17633367247396,0,0,5.19295685089021
CVE-2021-39149,com.thoughtworks.xstream:xstream,com.sangupta:jerry-core,sangupta/jerry-core,https://github.com/sangupta/jerry-core/commit/380b8ce5df0ffb3edf334d129d58deb200802fee,2021-08-25 15:34:34,10,Silent,S1,S1,False,Medium,6.0,CWE-502;CWE-434,,2021-05-26 19:43:09,2021-08-22 13:57:44,2021-08-23,,90.82737268518518,3.06724537037037,2.6490046296296295,After Disclosure,2021,179,0,9933.0,108.0,566.0,After disclosure,1,0,2.181481160928497,0,0,5.19295685089021
CVE-2021-39149,com.thoughtworks.xstream:xstream,com.github.spotbugs:sonar-findbugs-plugin,spotbugs/sonar-findbugs,https://github.com/spotbugs/sonar-findbugs/commit/d4b81e4456be033422c6b1502ef6f8bd5fa1a8c5,2021-08-25 23:07:08,9,Silent,S1,S1,False,Medium,6.0,CWE-502;CWE-434,,2021-05-26 19:43:09,2021-08-22 13:57:44,2021-08-23,,91.1416550925926,3.381527777777778,2.963287037037037,After Disclosure,2021,179,0,13133.0,191.0,566.0,After disclosure,1,0,2.182378949866019,0,0,5.19295685089021
CVE-2021-39149,com.thoughtworks.xstream:xstream,org.wicketstuff:wicketstuff-dashboard-core,wicketstuff/core,https://github.com/wicketstuff/core/commit/3fbd67082cf0ef7ec0114def59d07d496ded3a56,2021-08-25 15:46:01,9,Silent,S1,S1,False,Medium,6.0,CWE-502;CWE-434,,2021-05-26 19:43:09,2021-08-22 13:57:44,2021-08-23,,90.83532407407408,3.075196759259259,2.6569560185185184,After Disclosure,2021,179,0,1584.0,55.0,566.0,After disclosure,1,0,2.1815038980130264,0,0,5.19295685089021
CVE-2021-39149,com.thoughtworks.xstream:xstream,ro.pippo:pippo-xstream,pippo-java/pippo,https://github.com/pippo-java/pippo/commit/8330892700e3911192f1e17a11100ec3ec58ef84,2021-11-02 09:00:16,9,Silent,S1,S1,False,Medium,6.0,CWE-502;CWE-434,,2021-05-26 19:43:09,2021-08-22 13:57:44,2021-08-23,,159.55355324074074,71.79342592592593,71.37518518518519,After Disclosure,2021,179,0,47.0,2.0,566.0,After disclosure,1,0,2.343604300452925,0,0,5.19295685089021
CVE-2021-39149,com.thoughtworks.xstream:xstream,com.swiftmq:swiftmq-client,iitsoftware/swiftmq-client,https://github.com/iitsoftware/swiftmq-client/commit/9506bd2e6e1163342b52f8c5c99fb9b13c8d90fc,2021-08-25 15:41:07,9,Silent,S1,S1,False,Medium,6.0,CWE-502;CWE-434,,2021-05-26 19:43:09,2021-08-22 13:57:44,2021-08-23,,90.8319212962963,3.0717939814814814,2.6535532407407407,After Disclosure,2021,179,0,149380.0,1984.0,566.0,After disclosure,1,0,2.1814941678780175,0,0,5.19295685089021
CVE-2021-39149,com.thoughtworks.xstream:xstream,org.powertac:common,powertac/powertac-core,https://github.com/powertac/powertac-core/commit/bdad13c6c171376de33fdca091023d69f6930e7d,2021-10-05 17:14:44,9,Silent,S1,S1,False,Medium,6.0,CWE-502;CWE-434,,2021-05-26 19:43:09,2021-08-22 13:57:44,2021-08-23,,131.89693287037036,44.136805555555554,43.71856481481481,After Disclosure,2021,179,0,8040.0,110.0,566.0,After disclosure,1,0,2.2854285006751986,0,0,5.19295685089021
CVE-2021-39149,com.thoughtworks.xstream:xstream,no.mnemonic.messaging:requestsink-jms,mnemonic-no/messaging,https://github.com/mnemonic-no/messaging/commit/d8886c882334c967157a32be125fb0dc9b67f2d2,2021-09-09 08:47:56,9,Silent,S1,S1,False,Medium,6.0,CWE-502;CWE-434,,2021-05-26 19:43:09,2021-08-22 13:57:44,2021-08-23,,105.54498842592592,17.784861111111113,17.36662037037037,After Disclosure,2021,179,0,2679.0,37.0,566.0,After disclosure,1,0,2.221651070485473,0,0,5.19295685089021
CVE-2021-39149,com.thoughtworks.xstream:xstream,org.smooks:smooks-core,smooks/smooks,https://github.com/smooks/smooks/commit/b1412cfcf80e8bf7ddcc1ec709c256387879e6b6,2021-12-01 12:51:41,9,Silent,S1,S1,False,Medium,6.0,CWE-502;CWE-434,,2021-05-26 19:43:09,2021-08-22 13:57:44,2021-08-23,,188.71425925925925,100.95413194444444,100.5358912037037,After Disclosure,2021,179,0,19961.0,350.0,566.0,After disclosure,1,0,2.397523046722685,0,0,5.19295685089021
CVE-2021-39149,com.thoughtworks.xstream:xstream,org.infinispan:infinispan-server-core,infinispan/infinispan,https://github.com/infinispan/infinispan/commit/d617eec6dfe533cea066961a5afb2340131556d3,2021-08-25 17:49:50,9,Silent,S1,S1,False,Medium,6.0,CWE-502;CWE-434,,2021-05-26 19:43:09,2021-08-22 13:57:44,2021-08-23,,90.92130787037036,3.1611805555555557,2.742939814814815,After Disclosure,2021,179,0,4452.0,97.0,566.0,After disclosure,1,0,2.1817496936250604,0,0,5.19295685089021
CVE-2021-39149,com.thoughtworks.xstream:xstream,com.xceptance:xlt,Xceptance/XLT,https://github.com/Xceptance/XLT/commit/1b675b0b83f1e66c98d765f92bf2bae4de5a9369,2021-08-31 15:14:53,9,Silent,S1,S1,False,Medium,6.0,CWE-502;CWE-434,,2021-05-26 19:43:09,2021-08-22 13:57:44,2021-08-23,,96.81370370370372,9.053576388888889,8.635335648148148,After Disclosure,2021,179,0,146667.0,2303.0,566.0,After disclosure,1,0,2.1982708247929565,0,0,5.19295685089021
CVE-2018-8012,org.apache.zookeeper:zookeeper,org.datavec:datavec-hadoop,deeplearning4j/deeplearning4j,https://github.com/deeplearning4j/deeplearning4j/commit/47d19908f46239f44c381059fa5608eb0d6218ac,2019-11-14 08:38:20,4,Transparent,T3,T3,False,Medium,5.0,CWE-862,2019-09-09 21:44:16,2019-09-20 10:49:04,2019-10-22 09:44:33,2018-05-21,65.45421296296297,54.90921296296296,22.954016203703706,542.3599537037037,After Release,2018,155,0,1119.0,13.0,1583.0,After disclosure,1,0,2.8398450345806556,1,0,5.049856007249537
CVE-2018-8012,org.apache.zookeeper:zookeeper,io.arenadata.hive:hive-jdbc,arenadata/hive,https://github.com/arenadata/hive/commit/c660cba003f9b7fff29db2202b375982a8c03450,2019-09-26 01:34:19,3,Transparent,T3,T3,False,Medium,5.0,CWE-862,2019-09-09 21:44:16,2019-09-20 10:49:04,2019-10-22 09:44:33,2018-05-21,16.159756944444446,5.614756944444444,-26.340439814814815,493.0654976851851,Fix->Release,2018,155,0,6714.0,40.0,1583.0,After disclosure,1,0,2.8077309569336686,1,0,5.049856007249537
CVE-2018-8012,org.apache.zookeeper:zookeeper,org.deeplearning4j:deeplearning4j-modelexport-solr,eclipse/deeplearning4j,https://github.com/eclipse/deeplearning4j/commit/8ce2d9df8f747ab0bbd24d31142b46db49d8128d,2022-02-09 10:25:39,3,Transparent,T3,T3,False,Medium,5.0,CWE-862,2019-09-09 21:44:16,2019-09-20 10:49:04,2019-10-22 09:44:33,2018-05-21,883.5287384259259,872.9837384259259,841.0285416666667,1360.4344791666667,After Release,2018,155,0,262.0,2.0,1583.0,After disclosure,1,0,3.1788787685467605,1,0,5.049856007249537
CVE-2021-38153,org.apache.kafka:kafka-clients,com.consol.citrus:citrus-kafka,citrusframework/citrus,https://github.com/citrusframework/citrus/commit/5f1cded8753e2e506423856e99a4e34569c538cb,2022-01-10 16:10:50,2,Transparent,T1,T1,False,Medium,4.3,CWE-203,2021-07-06 15:49:15,2021-07-30 18:36:10,2021-09-10 11:05:10,2021-09-22,188.0149884259259,163.89907407407406,122.21226851851851,110.6741898148148,After Disclosure,2021,144,0,1576.0,24.0,18555.0,After disclosure,1,0,2.414803591184289,1,0,4.976733742420574
CVE-2021-38153,org.apache.kafka:kafka-clients,de.viadee.camunda:camunda-kafka-polling-client,viadee/camunda-kafka-polling-client,https://github.com/viadee/camunda-kafka-polling-client/commit/69ed645db0ef64b98b3e4df6886390fa082ea2fa,2021-12-22 08:43:14,1,Transparent,T1,T1,False,Medium,4.3,CWE-203,2021-07-06 15:49:15,2021-07-30 18:36:10,2021-09-10 11:05:10,2021-09-22,168.7041550925926,144.58824074074073,102.90143518518518,91.36335648148147,After Disclosure,2021,144,0,5957.0,89.0,18555.0,After disclosure,1,0,2.3812731637853606,1,0,4.976733742420574
CVE-2021-38153,org.apache.kafka:kafka-clients,org.teamapps:universal-db,teamapps-org/universal-db,https://github.com/teamapps-org/universal-db/commit/68c837e0a823e71981b24c7446623f4cc80601d3,2022-04-07 20:26:51,1,Transparent,T1,T1,False,Medium,4.3,CWE-203,2021-07-06 15:49:15,2021-07-30 18:36:10,2021-09-10 11:05:10,2021-09-22,275.1927777777778,251.07686342592592,209.3900578703704,197.85197916666667,After Disclosure,2021,144,0,19395.0,217.0,18555.0,After disclosure,1,0,2.540424809556612,1,0,4.976733742420574
CVE-2021-38153,org.apache.kafka:kafka-clients,io.annot8:annot8-components-kafka,annot8/annot8-components,https://github.com/annot8/annot8-components/commit/73be2770e29c81add40e8896ba25040e386843e6,2021-10-27 07:38:12,2,Transparent,T1,T1,False,Medium,4.3,CWE-203,2021-07-06 15:49:15,2021-07-30 18:36:10,2021-09-10 11:05:10,2021-09-22,112.65899305555556,88.5430787037037,46.85627314814815,35.318194444444444,After Disclosure,2021,144,0,222.0,5.0,18555.0,After disclosure,1,0,2.266096154567377,1,0,4.976733742420574
CVE-2021-38153,org.apache.kafka:kafka-clients,no.mnemonic.messaging:documentchannel-kafka,mnemonic-no/messaging,https://github.com/mnemonic-no/messaging/commit/46c74b70ac745e6f1a65f017ffd959bcfe3ecd58,2021-10-14 06:46:10,1,Transparent,T1,T1,False,Medium,4.3,CWE-203,2021-07-06 15:49:15,2021-07-30 18:36:10,2021-09-10 11:05:10,2021-09-22,99.6228587962963,75.50694444444444,33.82013888888889,22.282060185185184,After Disclosure,2021,144,0,1192.0,25.0,18555.0,After disclosure,1,0,2.234279980457079,1,0,4.976733742420574
CVE-2016-3093,ognl:ognl,org.milyn:milyn-smooks-templating,smooks/smooks,https://github.com/smooks/smooks/commit/5e49709f55a0f70ed8c3f37e815973c912e142f5,2020-02-12 06:17:48,1,Transparent,T1,T1,False,Medium,5.0,CWE-20,2015-05-16 23:18:26,2015-05-17 10:09:18,2015-09-01 08:57:55,2016-06-07,1732.291226851852,1731.8392361111112,1624.8888078703703,1345.2623611111112,After Disclosure,2016,26,0,941.0,20.0,26.0,After disclosure,1,0,3.1744920144851445,1,0,3.295836866004329
CVE-2021-39153,com.thoughtworks.xstream:xstream,com.github.spotbugs:sonar-findbugs-plugin,spotbugs/sonar-findbugs,https://github.com/spotbugs/sonar-findbugs/commit/d4b81e4456be033422c6b1502ef6f8bd5fa1a8c5,2021-08-25 23:07:08,9,Silent,S1,S1,False,Medium,6.0,CWE-502;CWE-434,,2021-05-26 19:43:09,2021-08-22 13:57:44,2021-08-23,,91.1416550925926,3.381527777777778,2.963287037037037,After Disclosure,2021,179,0,13133.0,191.0,566.0,After disclosure,1,0,2.182378949866019,0,0,5.19295685089021
CVE-2021-39153,com.thoughtworks.xstream:xstream,org.ikasan:ikasan-builder,ikasanEIP/ikasan,https://github.com/ikasanEIP/ikasan/commit/61a7c97cafa108f1b62ae732aab3b5136d076901,2021-09-06 19:17:59,9,Silent,S1,S1,False,Medium,6.0,CWE-502;CWE-434,,2021-05-26 19:43:09,2021-08-22 13:57:44,2021-08-23,,102.98252314814816,15.222395833333334,14.804155092592593,After Disclosure,2021,179,0,6070.0,86.0,566.0,After disclosure,1,0,2.214918933406759,0,0,5.19295685089021
CVE-2021-39153,com.thoughtworks.xstream:xstream,com.sangupta:jerry-core,sangupta/jerry-core,https://github.com/sangupta/jerry-core/commit/ebc407d3406391432928e28e2ed6268030498529,2021-10-06 16:54:12,3,Silent,S1,S1,False,Medium,6.0,CWE-502;CWE-434,,2021-05-26 19:43:09,2021-08-22 13:57:44,2021-08-23,,132.8826736111111,45.1225462962963,44.70430555555556,After Disclosure,2021,179,0,9933.0,108.0,566.0,After disclosure,1,0,2.2876416538372455,0,0,5.19295685089021
CVE-2021-39153,com.thoughtworks.xstream:xstream,org.patterntesting:patterntesting-rt,oboehm/PatternTesting2,https://github.com/oboehm/PatternTesting2/commit/3c61a09701c9e09a8839936d5d432b6e1a913e2f,2021-12-19 14:18:47,6,Silent,S1,S1,False,Medium,6.0,CWE-502;CWE-434,,2021-05-26 19:43:09,2021-08-22 13:57:44,2021-08-23,,206.77474537037037,119.01461805555556,118.59637731481482,After Disclosure,2021,179,0,11982.0,199.0,566.0,After disclosure,1,0,2.427843944125195,0,0,5.19295685089021
CVE-2021-39153,com.thoughtworks.xstream:xstream,org.powertac:common,powertac/powertac-core,https://github.com/powertac/powertac-core/commit/bdad13c6c171376de33fdca091023d69f6930e7d,2021-10-05 17:14:44,9,Silent,S1,S1,False,Medium,6.0,CWE-502;CWE-434,,2021-05-26 19:43:09,2021-08-22 13:57:44,2021-08-23,,131.89693287037036,44.136805555555554,43.71856481481481,After Disclosure,2021,179,0,8040.0,110.0,566.0,After disclosure,1,0,2.2854285006751986,0,0,5.19295685089021
CVE-2021-39153,com.thoughtworks.xstream:xstream,net.ripe.rpki:rpki-commons,RIPE-NCC/rpki-commons,https://github.com/RIPE-NCC/rpki-commons/commit/cb41248bb0e21780857596da401b9a891c6ee1b7,2021-08-26 11:52:31,9,Silent,S1,S1,False,Medium,6.0,CWE-502;CWE-434,,2021-05-26 19:43:09,2021-08-22 13:57:44,2021-08-23,,91.6731712962963,3.9130439814814815,3.494803240740741,After Disclosure,2021,179,0,11426.0,225.0,566.0,After disclosure,1,0,2.183893084811566,0,0,5.19295685089021
CVE-2021-39153,com.thoughtworks.xstream:xstream,de.alpharogroup:email-tails,lightblueseas/email-tails,https://github.com/lightblueseas/email-tails/commit/997627a510bf8c40e6f2e0f799827ba5c7180a44,2022-02-28 14:46:26,14,Silent,S1,S1,False,Medium,6.0,CWE-502;CWE-434,,2021-05-26 19:43:09,2021-08-22 13:57:44,2021-08-23,,277.79394675925926,190.03381944444445,189.6155787037037,After Disclosure,2021,179,0,1002.0,12.0,566.0,After disclosure,1,0,2.5299943912116145,0,0,5.19295685089021
CVE-2021-39153,com.thoughtworks.xstream:xstream,no.mnemonic.messaging:requestsink-jms,mnemonic-no/messaging,https://github.com/mnemonic-no/messaging/commit/d8886c882334c967157a32be125fb0dc9b67f2d2,2021-09-09 08:47:56,9,Silent,S1,S1,False,Medium,6.0,CWE-502;CWE-434,,2021-05-26 19:43:09,2021-08-22 13:57:44,2021-08-23,,105.54498842592592,17.784861111111113,17.36662037037037,After Disclosure,2021,179,0,2679.0,37.0,566.0,After disclosure,1,0,2.221651070485473,0,0,5.19295685089021
CVE-2021-39153,com.thoughtworks.xstream:xstream,com.github.psi-probe:psi-probe-core,psi-probe/psi-probe,https://github.com/psi-probe/psi-probe/commit/cf3dd7317060ef7cb67f57686b0d760bdfa659d5,2021-08-23 07:01:58,9,Silent,S1,S1,False,Medium,6.0,CWE-502;CWE-434,,2021-05-26 19:43:09,2021-08-22 13:57:44,2021-08-23,,88.47140046296296,0.7112731481481481,0.2930324074074074,After Disclosure,2021,179,0,19822.0,302.0,566.0,After disclosure,1,0,2.1746912536054115,0,0,5.19295685089021
CVE-2021-39153,com.thoughtworks.xstream:xstream,org.smooks:smooks-core,smooks/smooks,https://github.com/smooks/smooks/commit/b1412cfcf80e8bf7ddcc1ec709c256387879e6b6,2021-12-01 12:51:41,9,Silent,S1,S1,False,Medium,6.0,CWE-502;CWE-434,,2021-05-26 19:43:09,2021-08-22 13:57:44,2021-08-23,,188.71425925925925,100.95413194444444,100.5358912037037,After Disclosure,2021,179,0,19961.0,350.0,566.0,After disclosure,1,0,2.397523046722685,0,0,5.19295685089021
CVE-2021-39153,com.thoughtworks.xstream:xstream,com.swiftmq:swiftmq-client,iitsoftware/swiftmq-client,https://github.com/iitsoftware/swiftmq-client/commit/9506bd2e6e1163342b52f8c5c99fb9b13c8d90fc,2021-08-25 15:41:07,9,Silent,S1,S1,False,Medium,6.0,CWE-502;CWE-434,,2021-05-26 19:43:09,2021-08-22 13:57:44,2021-08-23,,90.8319212962963,3.0717939814814814,2.6535532407407407,After Disclosure,2021,179,0,149380.0,1984.0,566.0,After disclosure,1,0,2.1814941678780175,0,0,5.19295685089021
CVE-2021-39153,com.thoughtworks.xstream:xstream,org.wicketstuff:wicketstuff-dashboard-core,wicketstuff/core,https://github.com/wicketstuff/core/commit/3fbd67082cf0ef7ec0114def59d07d496ded3a56,2021-08-25 15:46:01,9,Silent,S1,S1,False,Medium,6.0,CWE-502;CWE-434,,2021-05-26 19:43:09,2021-08-22 13:57:44,2021-08-23,,90.83532407407408,3.075196759259259,2.6569560185185184,After Disclosure,2021,179,0,1584.0,55.0,566.0,After disclosure,1,0,2.1815038980130264,0,0,5.19295685089021
CVE-2021-39153,com.thoughtworks.xstream:xstream,io.quarkus:quarkus-junit5,quarkusio/quarkus,https://github.com/quarkusio/quarkus/commit/3aa4e47faa4b4df927d75a5379f45aeea3fc3f87,2021-08-23 20:37:45,9,Silent,S1,S1,False,Medium,6.0,CWE-502;CWE-434,,2021-05-26 19:43:09,2021-08-22 13:57:44,2021-08-23,,89.03791666666666,1.277789351851852,0.8595486111111111,After Disclosure,2021,179,0,1063.0,31.0,566.0,After disclosure,1,0,2.17633367247396,0,0,5.19295685089021
CVE-2021-39153,com.thoughtworks.xstream:xstream,org.optaplanner:optaplanner-examples,kiegroup/optaplanner,https://github.com/kiegroup/optaplanner/commit/31ec3c3a5aa5a7d05e4f80c0ae6439b1159ea62b,2021-08-31 16:40:48,9,Silent,S1,S1,False,Medium,6.0,CWE-502;CWE-434,,2021-05-26 19:43:09,2021-08-22 13:57:44,2021-08-23,,96.87336805555556,9.11324074074074,8.695,After Disclosure,2021,179,0,43487.0,668.0,566.0,After disclosure,1,0,2.1984349390662166,0,0,5.19295685089021
CVE-2021-39153,com.thoughtworks.xstream:xstream,com.thankjava.toolkit3d:fast-toolkit3d,lazy-koala/java-toolkit,https://github.com/lazy-koala/java-toolkit/commit/614102adc1ddeb4146640c17cb4dce1b1a07d7dc,2022-02-01 00:57:29,9,Silent,S1,S1,False,Medium,6.0,CWE-502;CWE-434,,2021-05-26 19:43:09,2021-08-22 13:57:44,2021-08-23,,250.21828703703704,162.45815972222223,162.0399189814815,After Disclosure,2021,179,0,3457.0,53.0,566.0,After disclosure,1,0,2.4931290621434243,0,0,5.19295685089021
CVE-2021-39153,com.thoughtworks.xstream:xstream,com.xceptance:xlt,Xceptance/XLT,https://github.com/Xceptance/XLT/commit/1b675b0b83f1e66c98d765f92bf2bae4de5a9369,2021-08-31 15:14:53,9,Silent,S1,S1,False,Medium,6.0,CWE-502;CWE-434,,2021-05-26 19:43:09,2021-08-22 13:57:44,2021-08-23,,96.81370370370372,9.053576388888889,8.635335648148148,After Disclosure,2021,179,0,146667.0,2303.0,566.0,After disclosure,1,0,2.1982708247929565,0,0,5.19295685089021
CVE-2021-39153,com.thoughtworks.xstream:xstream,org.infinispan:infinispan-server-core,infinispan/infinispan,https://github.com/infinispan/infinispan/commit/d617eec6dfe533cea066961a5afb2340131556d3,2021-08-25 17:49:50,9,Silent,S1,S1,False,Medium,6.0,CWE-502;CWE-434,,2021-05-26 19:43:09,2021-08-22 13:57:44,2021-08-23,,90.92130787037036,3.1611805555555557,2.742939814814815,After Disclosure,2021,179,0,4452.0,97.0,566.0,After disclosure,1,0,2.1817496936250604,0,0,5.19295685089021
CVE-2021-39153,com.thoughtworks.xstream:xstream,ro.pippo:pippo-xstream,pippo-java/pippo,https://github.com/pippo-java/pippo/commit/8330892700e3911192f1e17a11100ec3ec58ef84,2021-11-02 09:00:16,9,Silent,S1,S1,False,Medium,6.0,CWE-502;CWE-434,,2021-05-26 19:43:09,2021-08-22 13:57:44,2021-08-23,,159.55355324074074,71.79342592592593,71.37518518518519,After Disclosure,2021,179,0,47.0,2.0,566.0,After disclosure,1,0,2.343604300452925,0,0,5.19295685089021
CVE-2021-39153,com.thoughtworks.xstream:xstream,org.javalite:javalite-async,javalite/activejdbc,https://github.com/javalite/activejdbc/commit/df9a9dd065faf12a9a6279266dee5857cd4b5c81,2021-08-25 15:54:57,9,Silent,S1,S1,False,Medium,6.0,CWE-502;CWE-434,,2021-05-26 19:43:09,2021-08-22 13:57:44,2021-08-23,,90.84152777777778,3.081400462962963,2.6631597222222223,After Disclosure,2021,179,0,1147.0,13.0,566.0,After disclosure,1,0,2.1815216367457917,0,0,5.19295685089021
CVE-2017-9803,org.apache.solr:solr-core,org.tallison.solr:solr-5410,tballison/lucene-addons,https://github.com/tballison/lucene-addons/commit/1d6a7dac80381d61a98e2ab403eac33d42ddb008,2018-02-15 14:53:22,1,Transparent,T1,T1,False,Medium,6.0,CWE-287,2017-08-16 13:20:20,2017-08-16 18:55:04,2017-08-29 19:26:22,2017-09-18,183.0646064814815,182.83215277777776,169.81041666666667,150.6203935185185,After Disclosure,2017,14,0,179.0,3.0,917.0,After disclosure,1,0,2.4768962245159876,1,0,2.70805020110221
CVE-2017-9803,org.apache.solr:solr-core,com.lucidworks.spark:spark-solr,LucidWorks/spark-solr,https://github.com/LucidWorks/spark-solr/commit/2a7dac71d6b596939328095b561e65c2be9d6221,2017-09-09 00:29:08,1,Transparent,T1,T1,False,Medium,6.0,CWE-287,2017-08-16 13:20:20,2017-08-16 18:55:04,2017-08-29 19:26:22,2017-09-18,23.46444444444445,23.23199074074074,10.21025462962963,-8.979768518518519,Release->Disclosure,2017,14,0,27951.0,431.0,917.0,Safe window,0,1,2.1468856305580357,1,0,2.70805020110221
CVE-2021-22112,org.springframework.security:spring-security-web,com.erudika:para-server,Erudika/para,https://github.com/Erudika/para/commit/8aa13a5bd7c7fad5223bc66fbdef2536b689635c,2021-02-27 16:36:29,2,Transparent,T1,T1,False,Critical,9.0,,2021-01-28 22:36:32,2021-02-11 17:39:48,2021-02-11 18:00:01,2021-02-23,29.74996527777778,15.956030092592592,15.94199074074074,4.692002314814815,After Disclosure,2021,22,0,9204.0,126.0,5311.0,After disclosure,1,0,2.1872843430846847,1,1,3.1354942159291497
CVE-2021-22112,org.springframework.security:spring-security-web,com.github.waffle:waffle-spring-security5,Waffle/waffle,https://github.com/Waffle/waffle/commit/cf699d7be23c9e011b14bb0e3c4899dab6f0948e,2021-05-11 00:44:16,1,Transparent,T1,T1,False,Critical,9.0,,2021-01-28 22:36:32,2021-02-11 17:39:48,2021-02-11 18:00:01,2021-02-23,102.0887037037037,88.29476851851852,88.28072916666666,77.03074074074074,After Disclosure,2021,22,0,584.0,8.0,5311.0,After disclosure,1,0,2.3545980743576185,1,1,3.1354942159291497
CVE-2021-22112,org.springframework.security:spring-security-web,com.github.psi-probe:psi-probe-core,psi-probe/psi-probe,https://github.com/psi-probe/psi-probe/commit/2e5b2e9ba80d5ebf816fe1279842da36016aa4b6,2021-02-12 05:34:37,1,Transparent,T1,T1,False,Critical,9.0,,2021-01-28 22:36:32,2021-02-11 17:39:48,2021-02-11 18:00:01,2021-02-23,14.290335648148147,0.496400462962963,0.4823611111111111,-10.767627314814815,Release->Disclosure,2021,22,0,19822.0,302.0,5311.0,Safe window,0,1,2.141313581362284,1,1,3.1354942159291497
CVE-2017-5643,org.apache.camel:camel-core,org.fcrepo.camel:fcrepo-camel,fcrepo-exts/fcrepo-camel,https://github.com/fcrepo-exts/fcrepo-camel/commit/aced86b113c2fe6601e80bad1e3da8feb194d56e,2019-02-07 19:25:07,1,Transparent,T1,T1,False,Medium,5.8,CWE-918,2017-02-24 11:05:00,2017-02-27 08:04:59,2017-03-08 19:04:48,2017-03-16,713.3473032407408,710.4723148148148,701.0141087962963,693.8091087962963,After Disclosure,2017,22,0,1438.5,22.5,1096.0,After disclosure,1,0,2.925844734937687,1,0,3.1354942159291497
CVE-2016-6346,org.jboss.resteasy:resteasy-jaxrs,org.wildfly:wildfly-jaxrs,wildfly/wildfly,https://github.com/wildfly/wildfly/commit/fa5fde6ab6ef37687995a80f2be80cbc350001cb,2016-11-02 17:14:32,1,Transparent,T3,T3,False,Medium,5.0,,2016-09-21 23:53:48,2016-09-22 10:25:17,2016-09-30 22:31:33,2016-09-07,41.72273148148148,41.28420138888889,32.77984953703704,56.71842592592593,After Release,2016,31,0,1481.0,22.0,459.0,After disclosure,1,0,2.313746248956647,1,0,3.4657359027997265
CVE-2016-6346,org.jboss.resteasy:resteasy-jaxrs,com.peterphi.std.guice:stdlib-guice-common,petergeneric/stdlib,https://github.com/petergeneric/stdlib/commit/b70bc2d7eecf829339a59a0fcc1f43d9bd85a314,2017-10-03 15:33:24,3,Transparent,T3,T3,False,Medium,5.0,,2016-09-21 23:53:48,2016-09-22 10:25:17,2016-09-30 22:31:33,2016-09-07,376.6525,376.21396990740743,367.7096180555555,391.64819444444447,After Release,2016,31,0,8070.0,152.0,459.0,After disclosure,1,0,2.733094817191415,1,0,3.4657359027997265
CVE-2016-6346,org.jboss.resteasy:resteasy-jaxrs,org.hibernate.ogm:hibernate-ogm-couchdb,hibernate/hibernate-ogm,https://github.com/hibernate/hibernate-ogm/commit/41fbb8be006599a66a7b2260706558d2217b3ca6,2017-12-22 12:39:55,2,Transparent,T3,T3,False,Medium,5.0,,2016-09-21 23:53:48,2016-09-22 10:25:17,2016-09-30 22:31:33,2016-09-07,456.53202546296296,456.0934953703704,447.58914351851854,471.5277199074074,After Release,2016,31,0,2033.0,46.0,459.0,After disclosure,1,0,2.792918072418448,1,0,3.4657359027997265
CVE-2016-6346,org.jboss.resteasy:resteasy-jaxrs,ws.ament.hammock:rest-resteasy,hammock-project/hammock,https://github.com/hammock-project/hammock/commit/fd7cc5efd9f9b77632dca0f81b149423dba45d3a,2017-01-22 01:26:39,2,Transparent,T3,T3,False,Medium,5.0,,2016-09-21 23:53:48,2016-09-22 10:25:17,2016-09-30 22:31:33,2016-09-07,122.06447916666669,121.62594907407409,113.12159722222222,137.0601736111111,After Release,2016,31,0,49.0,2.0,459.0,After disclosure,1,0,2.456797645484199,1,0,3.4657359027997265
CVE-2016-6346,org.jboss.resteasy:resteasy-jaxrs,com.alibaba:dubbo,apache/incubator-dubbo,https://github.com/apache/incubator-dubbo/commit/26f39d57ff0d08534971ecdf2e5b4bc46ff5af4e,2018-01-11 07:41:44,3,Transparent,T3,T3,False,Medium,5.0,,2016-09-21 23:53:48,2016-09-22 10:25:17,2016-09-30 22:31:33,2016-09-07,476.3249537037037,475.8864236111111,467.3820717592593,491.32064814814817,After Release,2016,31,0,67512.0,1015.0,459.0,After disclosure,1,0,2.806549543486693,1,0,3.4657359027997265
CVE-2016-6346,org.jboss.resteasy:resteasy-jaxrs,com.voodoodyne.gstrap:gstrap,stickfigure/gstrap,https://github.com/stickfigure/gstrap/commit/b2bb51f033facfc406effc1029f4d66ddd9ccfdd,2017-01-19 00:45:55,2,Transparent,T3,T3,False,Medium,5.0,,2016-09-21 23:53:48,2016-09-22 10:25:17,2016-09-30 22:31:33,2016-09-07,119.03619212962964,118.59766203703704,110.0933101851852,134.03188657407406,After Release,2016,31,0,705.0,25.0,459.0,After disclosure,1,0,2.4521792528348434,1,0,3.4657359027997265
CVE-2017-8028,org.springframework.ldap:spring-ldap-core,org.ikasan:ikasan-security,ikasanEIP/ikasan,https://github.com/ikasanEIP/ikasan/commit/8057c231bb5ed2c75ece9c53dd973a316c91bf0f,2019-03-20 12:08:15,3,Transparent,T1,T1,False,Medium,5.1,CWE-287,2016-11-18 13:56:48,2017-10-06 14:25:31,2017-10-06 20:37:46,2017-11-27,851.9246180555556,529.904675925926,529.6461689814815,478.50572916666664,After Disclosure,2017,19,0,3582.0,41.0,118.0,After disclosure,1,0,2.797772836576823,1,0,2.995732273553991
CVE-2016-9879,org.springframework.security:spring-security-web,org.activiti:activiti-rest,Activiti/Activiti,https://github.com/Activiti/Activiti/commit/a1c9dbc45b95a03063a25a6105993e63f2ada001,2017-06-08 15:53:09,4,Transparent,T1,T1,False,Medium,5.0,CWE-417,2016-12-21 14:55:50,2016-12-21 09:04:00,2016-12-21 17:23:28,2017-01-06,169.03980324074075,169.28413194444445,168.9372800925926,153.66190972222222,After Disclosure,2017,41,0,14229.0,207.0,1221.0,After disclosure,1,0,2.481279359149633,1,0,3.7376696182833684
CVE-2016-9879,org.springframework.security:spring-security-web,com.erudika:para-server,Erudika/para,https://github.com/Erudika/para/commit/f62c4d0f634eeaf3596df0e9eea08c2cfb443ed8,2017-01-03 23:11:34,1,Transparent,T1,T1,False,Medium,5.0,CWE-417,2016-12-21 14:55:50,2016-12-21 09:04:00,2016-12-21 17:23:28,2017-01-06,13.34425925925926,13.588587962962963,13.241736111111113,-2.033634259259259,Release->Disclosure,2017,41,0,9204.0,126.0,1221.0,Safe window,0,1,2.1678799786508245,1,0,3.7376696182833684
CVE-2016-6802,org.apache.shiro:shiro-web,com.flowlogix:flowlogix-tapestry-gwt,flowlogix/flowlogix,https://github.com/flowlogix/flowlogix/commit/54616ea2e0b02ffe2b4afda2843bd1ffa946a400,2017-01-03 00:55:37,3,Silent,S1,S1,False,Medium,5.0,CWE-284,,2016-09-09 16:26:57,2016-09-09 17:52:32,2016-09-20,,115.35324074074074,115.29380787037036,105.0386226851852,After Disclosure,2016,59,0,270.0,7.0,417.0,After disclosure,1,0,2.405282866350546,0,0,4.0943445622221
CVE-2016-6802,org.apache.shiro:shiro-web,org.wicketstuff:wicketstuff-shiro,wicketstuff/core,https://github.com/wicketstuff/core/commit/8197b4bb690eb9035a70c8e6b05ca305c473f9e4,2017-08-07 16:26:44,1,Silent,S1,S1,False,Medium,5.0,CWE-284,,2016-09-09 16:26:57,2016-09-09 17:52:32,2016-09-20,,331.99984953703705,331.9404166666667,321.6852314814815,After Disclosure,2016,59,0,806.0,21.0,417.0,After disclosure,1,0,2.672937389959647,0,0,4.0943445622221
CVE-2016-6802,org.apache.shiro:shiro-web,io.buji:buji-pac4j,bujiio/buji-pac4j,https://github.com/bujiio/buji-pac4j/commit/8e86373c2ff2ebbb0e9732dc1450c5589b8a3abd,2016-09-13 11:33:23,1,Silent,S1,S1,False,Medium,5.0,CWE-284,,2016-09-09 16:26:57,2016-09-09 17:52:32,2016-09-20,,3.7961342592592593,3.7367013888888887,-6.518483796296296,Release->Disclosure,2016,59,0,423.0,9.0,417.0,Safe window,0,1,2.154441373739512,0,0,4.0943445622221
CVE-2020-1745,io.undertow:undertow-core,xyz.gianlu.librespot:librespot-api,librespot-org/librespot-java,https://github.com/librespot-org/librespot-java/commit/33cd67384f3eb2b52477ed32e40c4c4156a031a5,2020-05-06 14:36:12,1,Silent,S1,S1,False,High,7.5,,,2020-03-05 04:15:33,2020-03-11 01:31:50,2020-04-28,,62.43100694444445,56.544699074074074,8.608472222222222,After Disclosure,2020,91,0,655438.0,7435.0,2470.0,After disclosure,1,0,2.198196913322991,0,1,4.5217885770490405
CVE-2020-1745,io.undertow:undertow-core,com.networknt:dump,networknt/light-4j,https://github.com/networknt/light-4j/commit/c1c27c169b4439dc79923cd522a3d905c524c0ce,2020-03-26 15:36:06,1,Silent,S1,S1,False,High,7.5,,,2020-03-05 04:15:33,2020-03-11 01:31:50,2020-04-28,,21.472604166666667,15.586296296296297,-32.34993055555555,Release->Disclosure,2020,91,0,95.0,1.0,2470.0,Safe window,0,1,2.067718914370007,0,1,4.5217885770490405
CVE-2020-1745,io.undertow:undertow-core,com.networknt:graphql-validator,networknt/light-graphql-4j,https://github.com/networknt/light-graphql-4j/commit/24f612f97a630dcb23cb06bfdc1f4f1ce3748d59,2020-03-26 15:36:15,1,Silent,S1,S1,False,High,7.5,,,2020-03-05 04:15:33,2020-03-11 01:31:50,2020-04-28,,21.472708333333333,15.586400462962963,-32.349826388888886,Release->Disclosure,2020,91,0,121.0,3.0,2470.0,Safe window,0,1,2.06771930144398,0,1,4.5217885770490405
CVE-2020-1745,io.undertow:undertow-core,com.networknt:openapi-meta,networknt/light-rest-4j,https://github.com/networknt/light-rest-4j/commit/3adf287880322d4eadb9414199dc08328c4d711b,2020-03-26 15:36:12,1,Silent,S1,S1,False,High,7.5,,,2020-03-05 04:15:33,2020-03-11 01:31:50,2020-04-28,,21.472673611111112,15.58636574074074,-32.34986111111111,Release->Disclosure,2020,91,0,338.0,6.0,2470.0,Safe window,0,1,2.0677191724193604,0,1,4.5217885770490405
CVE-2020-1745,io.undertow:undertow-core,com.networknt:rpc-router,networknt/light-hybrid-4j,https://github.com/networknt/light-hybrid-4j/commit/92c6b3e6560707148cac9aa0c753f366d6ad7253,2020-03-26 15:36:19,1,Silent,S1,S1,False,High,7.5,,,2020-03-05 04:15:33,2020-03-11 01:31:50,2020-04-28,,21.47275462962963,15.58644675925926,-32.349780092592596,Release->Disclosure,2020,91,0,1541.5,15.0,2470.0,Safe window,0,1,2.067719473476746,0,1,4.5217885770490405
CVE-2020-1745,io.undertow:undertow-core,io.mangoo:mangooio-core,svenkubiak/mangooio,https://github.com/svenkubiak/mangooio/commit/dbd71586f53e84dd70c9cdec00e1f5d7ccf7d7a6,2020-03-12 08:46:25,1,Silent,S1,S1,False,High,7.5,,,2020-03-05 04:15:33,2020-03-11 01:31:50,2020-04-28,,7.188101851851852,1.3017939814814814,-46.63443287037037,Release->Disclosure,2020,91,0,7903.5,109.0,2470.0,Safe window,0,1,2.011104049883789,0,1,4.5217885770490405
CVE-2020-1745,io.undertow:undertow-core,org.keycloak:keycloak-undertow-adapter,keycloak/keycloak,https://github.com/keycloak/keycloak/commit/d4eeed306be1bb0a605c5d1154c33a1aabc7fb96,2020-04-24 11:19:43,1,Silent,S1,S1,False,High,7.5,,,2020-03-05 04:15:33,2020-03-11 01:31:50,2020-04-28,,50.29456018518518,44.40825231481482,-3.527974537037037,Release->Disclosure,2020,91,0,1052.0,24.0,2470.0,Safe window,0,1,2.1634483048335564,0,1,4.5217885770490405
CVE-2020-1745,io.undertow:undertow-core,io.jooby:jooby-utow,jooby-project/jooby,https://github.com/jooby-project/jooby/commit/f7109c2d33d6895fe5c77ea78981dd154d74416c,2020-05-13 16:28:28,1,Silent,S1,S1,False,High,7.5,,,2020-03-05 04:15:33,2020-03-11 01:31:50,2020-04-28,,69.5089699074074,63.62266203703704,15.686435185185186,After Disclosure,2020,91,0,1711.0,15.0,2470.0,After disclosure,1,0,2.21724866811541,0,1,4.5217885770490405
CVE-2020-1745,io.undertow:undertow-core,com.networknt:session-core,networknt/light-session-4j,https://github.com/networknt/light-session-4j/commit/d994271d2861aeb6a1bfbb7950b26883b27362d2,2020-03-26 15:36:26,1,Silent,S1,S1,False,High,7.5,,,2020-03-05 04:15:33,2020-03-11 01:31:50,2020-04-28,,21.47283564814815,15.586527777777778,-32.349699074074074,Release->Disclosure,2020,91,0,333.0,6.0,2470.0,Safe window,0,1,2.067719774533923,0,1,4.5217885770490405
CVE-2020-1695,org.jboss.resteasy:resteasy-jaxrs,com.peterphi.std.guice:stdlib-guice-common,petergeneric/stdlib,https://github.com/petergeneric/stdlib/commit/407759dbea6418e32cd59df6b881e0338b8160bf,2020-05-22 17:01:43,1,Silent,S1,S1,False,Medium,5.0,,,2020-05-11 15:18:19,2020-05-17 13:43:48,2020-05-19,,11.071805555555557,5.13744212962963,3.709525462962963,After Disclosure,2020,31,0,8070.0,152.0,840.0,After disclosure,1,0,2.184503272007614,0,0,3.4657359027997265
CVE-2020-1695,org.jboss.resteasy:resteasy-jaxrs,org.wildfly:wildfly-jaxrs,wildfly/wildfly,https://github.com/wildfly/wildfly/commit/25b47bf45d67c905466e9ff21cd83b68ddf1614d,2020-05-17 20:10:12,1,Silent,S1,S1,False,Medium,5.0,,,2020-05-11 15:18:19,2020-05-17 13:43:48,2020-05-19,,6.2026967592592595,0.2683333333333333,-1.1595833333333334,Release->Disclosure,2020,31,0,1481.0,22.0,840.0,Safe window,0,1,2.170451290668011,0,0,3.4657359027997265
CVE-2021-28168,org.glassfish.jersey.core:jersey-common,com.erudika:para-client,Erudika/para,https://github.com/Erudika/para/commit/7c3c92a5362603c5bbbd3355347bf0f36d508d21,2021-04-25 09:38:29,1,Transparent,T1,T1,False,Low,2.1,CWE-668,2021-02-03 08:59:02,2021-03-04 11:36:50,2021-04-16 19:52:46,2021-04-22,81.02739583333333,51.9178125,8.573414351851852,3.4017245370370373,After Disclosure,2021,16,0,945.0,1.0,459.0,After disclosure,1,0,2.1836283116674386,1,0,2.833213344056216
CVE-2016-4437,org.apache.shiro:shiro-core,com.flowlogix:flowlogix-tapestry,flowlogix/flowlogix,https://github.com/flowlogix/flowlogix/commit/54616ea2e0b02ffe2b4afda2843bd1ffa946a400,2017-01-03 00:55:37,3,Silent,S2,S2,False,Medium,6.8,CWE-284,,2016-05-06 16:22:45,2016-11-10 17:33:15,2016-06-07,,241.3561574074074,53.30719907407408,210.03862268518515,After Release,2016,77,0,1895.0,53.0,265.0,After disclosure,1,0,2.555412279451226,0,0,4.356708826689592
CVE-2016-4437,org.apache.shiro:shiro-core,org.wicketstuff:wicketstuff-shiro,wicketstuff/core,https://github.com/wicketstuff/core/commit/65b2ff352ddbc711516c240391f5a797dc326f20,2016-07-17 11:59:50,2,Silent,S2,S2,False,Medium,6.8,CWE-284,,2016-05-06 16:22:45,2016-11-10 17:33:15,2016-06-07,,71.81741898148148,-116.23153935185184,40.49988425925926,Disclosure->Release,2016,77,0,806.0,21.0,265.0,After disclosure,1,0,2.2781224684747756,0,0,4.356708826689592
CVE-2016-4437,org.apache.shiro:shiro-core,io.buji:buji-pac4j-core,bujiio/buji-pac4j,https://github.com/bujiio/buji-pac4j/commit/6e5e1114e01d90519eff043544574b93c7ac34f7,2016-07-12 14:06:39,1,Silent,S2,S2,False,Medium,6.8,CWE-284,,2016-05-06 16:22:45,2016-11-10 17:33:15,2016-06-07,,66.90548611111112,-121.14347222222224,35.58795138888889,Disclosure->Release,2016,77,0,186.0,3.0,265.0,After disclosure,1,0,2.266730525925185,0,0,4.356708826689592
CVE-2018-1002200,org.codehaus.plexus:plexus-archiver,com.github.alexcojocaru:elasticsearch-maven-plugin,alexcojocaru/elasticsearch-maven-plugin,https://github.com/alexcojocaru/elasticsearch-maven-plugin/commit/850a58d9bde858e3d317ebeb27cb9196d7f21941,2022-06-30 15:22:55,1,Transparent,T1,T1,False,Medium,4.3,CWE-22,2018-05-06 10:50:46,2018-05-06 13:43:08,2018-05-06 14:13:22,2018-07-25,1516.1889930555556,1516.0692939814817,1516.048298611111,1436.640914351852,After Disclosure,2018,21,0,580.0,12.0,17.0,After disclosure,1,0,3.2002662460454987,1,0,3.091042453358316
CVE-2011-2894,org.springframework:spring-core,org.dspace:dspace-xmlui-wing,DSpace/DSpace,https://github.com/DSpace/DSpace/commit/083eeb186e6ae21abbef460c3ba0d6a90a8dbe79,2012-10-11 11:54:53,1,Silent,S1,S1,False,Medium,6.8,CWE-502,,2011-07-21 09:05:59,2011-08-19 01:25:03,2011-10-04,,448.1172916666667,419.43738425925926,373.4964467592592,After Disclosure,2011,185,0,5114.0,66.0,653.0,After disclosure,1,0,2.718269655635704,0,0,5.225746673713202
CVE-2020-5408,org.springframework.security:spring-security-core,org.appng:appng-core,appNG/appng,https://github.com/appNG/appng/commit/0a7d83831c77a0980816b47ad1966bec30721820,2020-07-01 07:43:21,1,Transparent,T1,T1,False,Medium,4.0,CWE-330,2020-04-02 22:08:43,2020-04-07 13:48:29,2020-05-06 11:03:38,2020-05-14,89.39905092592592,84.74643518518519,55.860914351851854,48.32177083333333,After Disclosure,2020,63,0,19802.0,231.0,4252.0,After disclosure,1,0,2.2956681792490734,1,0,4.1588830833596715
CVE-2020-5408,org.springframework.security:spring-security-core,at.researchstudio.sat:won-owner,researchstudio-sat/webofneeds,https://github.com/researchstudio-sat/webofneeds/commit/58ac70152da0abc2926cb9070c3452345acefeb1,2021-01-15 13:42:08,2,Transparent,T1,T1,False,Medium,4.0,CWE-330,2020-04-02 22:08:43,2020-04-07 13:48:29,2020-05-06 11:03:38,2020-05-14,287.6482060185185,282.99559027777775,254.11006944444443,246.57092592592593,After Disclosure,2020,63,0,2293.0,42.0,4252.0,After disclosure,1,0,2.5974704432475524,1,0,4.1588830833596715
CVE-2016-4993,io.undertow:undertow-core,io.mangoo:mangooio-core,svenkubiak/mangooio,https://github.com/svenkubiak/mangooio/commit/6e8b20d649ada97af8b336af7f00417384ad29e5,2016-09-17 18:35:06,1,Silent,S1,T4,True,Medium,4.3,CWE-93;CWE-113,,2016-09-12 11:22:27,2016-09-15 16:04:17,2016-09-26,,5.300451388888889,2.1047337962962964,-8.225625,Release->Disclosure,2016,15,0,7903.5,109.0,1038.0,Safe window,0,1,2.1492147277648046,0,0,2.772588722239781
CVE-2016-4993,io.undertow:undertow-core,org.keycloak:keycloak-undertow-adapter,keycloak/keycloak,https://github.com/keycloak/keycloak/commit/c4f172afe79e1546ca290645c58fac68620708e1,2017-05-26 12:29:30,1,Silent,S1,T4,True,Medium,4.3,CWE-93;CWE-113,,2016-09-12 11:22:27,2016-09-15 16:04:17,2016-09-26,,256.0465625,252.8508449074074,242.5204861111111,After Disclosure,2016,15,0,1052.0,24.0,1038.0,After disclosure,1,0,2.593003115657337,0,0,2.772588722239781
CVE-2020-28052,org.bouncycastle:bcprov-jdk15on,io.mangoo:mangooio-core,svenkubiak/mangooio,https://github.com/svenkubiak/mangooio/commit/ec2256658c46067318cea849f3742e7ed046d4ea,2020-11-04 09:09:19,1,Silent,S1,S1,False,Medium,6.8,,,2020-10-28 09:37:17,2020-11-01 17:29:56,2020-12-17,,6.980578703703704,2.652349537037037,-42.61853009259259,Release->Disclosure,2020,127,0,7903.5,109.0,1205.0,Safe window,0,1,2.0277803092606366,0,0,4.852030263919617
CVE-2020-28052,org.bouncycastle:bcprov-jdk15on,com.amazon.opendistroforelasticsearch:opendistro_security,opendistro-for-elasticsearch/security,https://github.com/opendistro-for-elasticsearch/security/commit/b40ca118c3acc544b8a0fb5a260ab82e3b5cb885,2020-12-21 21:24:02,1,Silent,S1,S1,False,Medium,6.8,,,2020-10-28 09:37:17,2020-11-01 17:29:56,2020-12-17,,54.49079861111111,50.16256944444444,4.891689814814815,After Disclosure,2020,127,0,25812.0,391.0,1205.0,After disclosure,1,0,2.187847422016636,0,0,4.852030263919617
CVE-2020-28052,org.bouncycastle:bcprov-jdk15on,net.ripe.rpki:rpki-commons,RIPE-NCC/rpki-commons,https://github.com/RIPE-NCC/rpki-commons/commit/23f91815af79c31b3e2f289f3b7a33b02766f939,2020-11-11 08:49:15,1,Silent,S1,S1,False,Medium,6.8,,,2020-10-28 09:37:17,2020-11-01 17:29:56,2020-12-17,,13.966643518518518,9.638414351851852,-35.632465277777776,Release->Disclosure,2020,127,0,11426.0,225.0,1205.0,Safe window,0,1,2.055346737256248,0,0,4.852030263919617
CVE-2014-6439,org.elasticsearch:elasticsearch,com.digitalpebble:storm-crawler,DigitalPebble/storm-crawler,https://github.com/DigitalPebble/storm-crawler/commit/b2b6f87eb9863fdb736598f3ba0927da313f0db8,2015-01-22 18:07:50,1,Transparent,T1,T1,False,Medium,4.3,CWE-79,2014-08-04 16:06:01,2014-09-09 11:22:34,2014-10-01 14:55:34,2014-10-09,171.08459490740742,135.2814351851852,113.13351851851851,105.75543981481482,After Disclosure,2014,37,0,3993.0,60.0,7043.0,After disclosure,1,0,2.4065055056658666,1,0,3.6375861597263857
CVE-2019-10094,org.apache.tika:tika-core,com.digitalpebble.stormcrawler:storm-crawler-core,DigitalPebble/storm-crawler,https://github.com/DigitalPebble/storm-crawler/commit/ba44d1d3801e8ce20bba93f7617bbe08b299bc3c,2019-08-05 06:21:16,3,Silent,S1,S1,False,Medium,6.8,CWE-770,,2019-07-24 20:54:39,2019-07-29 12:10:42,2019-08-02,,11.393483796296296,6.757337962962963,3.2647685185185185,After Disclosure,2019,24,0,7848.0,117.0,810.0,After disclosure,1,0,2.1832384306887453,0,0,3.2188758248682006
CVE-2019-10094,org.apache.tika:tika-core,org.restheart:restheart,SoftInstigate/restheart,https://github.com/SoftInstigate/restheart/commit/7eb3bcf3d039bb11fd9c7fa24aac0b9b08e2ceb6,2019-08-07 09:08:39,2,Silent,S1,S1,False,Medium,6.8,CWE-770,,2019-07-24 20:54:39,2019-07-29 12:10:42,2019-08-02,,13.509722222222225,8.873576388888889,5.381006944444445,After Disclosure,2019,24,0,17819.0,229.0,810.0,After disclosure,1,0,2.189224120321801,0,0,3.2188758248682006
CVE-2019-10094,org.apache.tika:tika-core,org.appng:appng-search,appNG/appng,https://github.com/appNG/appng/commit/62b55e61825e658c77bcdbe60fd34ce545f2c8a4,2022-05-18 12:10:38,4,Silent,S1,S1,False,Medium,6.8,CWE-770,,2019-07-24 20:54:39,2019-07-29 12:10:42,2019-08-02,,1028.6360995370371,1023.9999537037036,1020.5073842592592,After Disclosure,2019,24,0,2164.0,30.0,810.0,After disclosure,1,0,3.0680862170919636,0,0,3.2188758248682006
CVE-2018-14642,io.undertow:undertow-core,com.networknt:hazelcast-manager,networknt/light-session-4j,https://github.com/networknt/light-session-4j/commit/4b6ead93f0dce304ca306fb3e0264f3846727580,2019-01-14 21:21:07,1,Silent,S3,S3,False,Medium,5.0,CWE-200,,2018-10-29 17:34:07,2019-01-15 15:58:43,2018-09-18,,77.15763888888888,-0.7761111111111111,118.88966435185183,Fix->Release,2018,52,0,246.0,4.0,1947.0,After disclosure,1,0,2.4283192744788766,0,0,3.970291913552122
CVE-2018-14642,io.undertow:undertow-core,com.networknt:swagger-validator,networknt/light-rest-4j,https://github.com/networknt/light-rest-4j/commit/598e93df614f2073cf229012fe48666f9dc5c0c3,2019-01-14 21:20:22,1,Silent,S3,S3,False,Medium,5.0,CWE-200,,2018-10-29 17:34:07,2019-01-15 15:58:43,2018-09-18,,77.15711805555556,-0.7766319444444445,118.88914351851852,Fix->Release,2018,52,0,647.0,13.0,1947.0,After disclosure,1,0,2.428318430825149,0,0,3.970291913552122
CVE-2018-14642,io.undertow:undertow-core,io.mangoo:mangooio-core,svenkubiak/mangooio,https://github.com/svenkubiak/mangooio/commit/f746948a31ab75950801d2e4139327659c14164b,2018-11-01 10:26:33,1,Silent,S3,S3,False,Medium,5.0,CWE-200,,2018-10-29 17:34:07,2019-01-15 15:58:43,2018-09-18,,2.703078703703704,-75.2306712962963,44.43510416666667,Fix->Release,2018,52,0,7903.5,109.0,1947.0,After disclosure,1,0,2.287038370179997,0,0,3.970291913552122
CVE-2018-14642,io.undertow:undertow-core,com.networknt:audit,networknt/light-4j,https://github.com/networknt/light-4j/commit/5c2d92943c2fc98df35a0eae61b504eb3662fed5,2019-01-14 21:20:03,1,Silent,S3,S3,False,Medium,5.0,CWE-200,,2018-10-29 17:34:07,2019-01-15 15:58:43,2018-09-18,,77.15689814814814,-0.7768518518518519,118.88892361111112,Fix->Release,2018,52,0,111.0,1.0,1947.0,After disclosure,1,0,2.428318074615305,0,0,3.970291913552122
CVE-2018-14642,io.undertow:undertow-core,com.networknt:rpc-router,networknt/light-hybrid-4j,https://github.com/networknt/light-hybrid-4j/commit/3aaa1ea6f9424d26cd34bd5529a115882d6fc2c6,2019-01-14 21:20:33,1,Silent,S3,S3,False,Medium,5.0,CWE-200,,2018-10-29 17:34:07,2019-01-15 15:58:43,2018-09-18,,77.15724537037038,-0.7765046296296296,118.88927083333331,Fix->Release,2018,52,0,1541.5,15.0,1947.0,After disclosure,1,0,2.428318637051767,0,0,3.970291913552122
CVE-2018-14642,io.undertow:undertow-core,com.networknt:graphql-router,networknt/light-graphql-4j,https://github.com/networknt/light-graphql-4j/commit/3c296ef018282553a922ca017629855464cdaf9b,2019-01-14 21:20:28,1,Silent,S3,S3,False,Medium,5.0,CWE-200,,2018-10-29 17:34:07,2019-01-15 15:58:43,2018-09-18,,77.1571875,-0.7765625,118.88921296296296,Fix->Release,2018,52,0,415.5,12.0,1947.0,After disclosure,1,0,2.428318543312407,0,0,3.970291913552122
CVE-2020-10688,org.jboss.resteasy:resteasy-jaxrs,com.peterphi.std.guice:stdlib-guice-common,petergeneric/stdlib,https://github.com/petergeneric/stdlib/commit/efb3fcc8d8c676a147428b6ad0f4ba7152f89c6d,2021-09-14 19:57:16,1,Transparent,T1,T1,False,Medium,4.3,CWE-79,2020-03-11 13:25:26,2020-03-24 18:32:48,2020-03-25 00:03:16,2021-05-27,552.2721064814815,539.0586574074074,538.8291666666667,110.8314351851852,After Disclosure,2021,31,0,8070.0,152.0,835.0,After disclosure,1,0,2.4150662713255717,1,0,3.4657359027997265
CVE-2018-1114,io.undertow:undertow-core,com.networknt:server,networknt/light-4j,https://github.com/networknt/light-4j/commit/827eb6ccd2c9ba41ed5f82cf79a9403b01672508,2018-07-31 23:25:33,3,Transparent,T1,T1,False,Medium,4.0,CWE-400,2018-04-21 13:13:57,2018-04-24 10:51:56,2018-05-03 08:33:03,2018-09-11,101.42472222222224,98.5233449074074,89.61979166666667,-41.02392361111111,Release->Disclosure,2018,53,0,623.0,8.0,1776.0,Safe window,0,1,2.0342283757169577,1,0,3.9889840465642745
CVE-2018-1114,io.undertow:undertow-core,com.networknt:openapi-validator,networknt/light-rest-4j,https://github.com/networknt/light-rest-4j/commit/57604f1e95bf78dc7f4654b05c9151fa8d373915,2018-07-31 23:27:02,3,Transparent,T1,T1,False,Medium,4.0,CWE-400,2018-04-21 13:13:57,2018-04-24 10:51:56,2018-05-03 08:33:03,2018-09-11,101.42575231481482,98.524375,89.62082175925926,-41.022893518518515,Release->Disclosure,2018,53,0,273.5,4.0,1776.0,Safe window,0,1,2.034232510284895,1,0,3.9889840465642745
CVE-2018-1114,io.undertow:undertow-core,com.networknt:rpc-router,networknt/light-hybrid-4j,https://github.com/networknt/light-hybrid-4j/commit/831f221d7187042a0fe59b5242960857c49cba56,2018-07-31 23:28:48,3,Transparent,T1,T1,False,Medium,4.0,CWE-400,2018-04-21 13:13:57,2018-04-24 10:51:56,2018-05-03 08:33:03,2018-09-11,101.42697916666668,98.52560185185185,89.62204861111111,-41.02166666666667,Release->Disclosure,2018,53,0,1541.5,15.0,1776.0,Safe window,0,1,2.0342374345504073,1,0,3.9889840465642745
CVE-2018-1114,io.undertow:undertow-core,io.mangoo:mangooio-core,svenkubiak/mangooio,https://github.com/svenkubiak/mangooio/commit/af7f4c74f84378649dbb028b79e6d2de9d169dff,2018-05-03 06:56:02,2,Transparent,T1,T1,False,Medium,4.0,CWE-400,2018-04-21 13:13:57,2018-04-24 10:51:56,2018-05-03 08:33:03,2018-09-11,11.73755787037037,8.836180555555556,-0.0673726851851851,-130.71108796296295,Fix->Release,2018,53,0,7903.5,109.0,1776.0,Before release,0,0,1.2674794619725323,1,0,3.9889840465642745
CVE-2018-1114,io.undertow:undertow-core,com.networknt:graphql-validator,networknt/light-graphql-4j,https://github.com/networknt/light-graphql-4j/commit/df314a0f067ca6d3c129a515f1d8f4679ac0ebe4,2018-07-31 23:27:55,3,Transparent,T1,T1,False,Medium,4.0,CWE-400,2018-04-21 13:13:57,2018-04-24 10:51:56,2018-05-03 08:33:03,2018-09-11,101.42636574074074,98.52498842592593,89.62143518518519,-41.022280092592595,Release->Disclosure,2018,53,0,121.0,3.0,1776.0,Safe window,0,1,2.0342349724246303,1,0,3.9889840465642745
CVE-2018-1114,io.undertow:undertow-core,io.jboot:jboot,yangfuhai/jboot,https://github.com/yangfuhai/jboot/commit/311fb3228e6ff8af7681400595b5f122923865b1,2018-05-16 03:45:11,3,Transparent,T1,T1,False,Medium,4.0,CWE-400,2018-04-21 13:13:57,2018-04-24 10:51:56,2018-05-03 08:33:03,2018-09-11,24.60502314814815,21.703645833333333,12.800092592592591,-117.84362268518518,Release->Disclosure,2018,53,0,38902.0,651.0,1776.0,Safe window,0,1,1.4966609483493163,1,0,3.9889840465642745
CVE-2018-1114,io.undertow:undertow-core,com.networknt:session-core,networknt/light-session-4j,https://github.com/networknt/light-session-4j/commit/8900d9f69e2eac9d3e496a52853c5938c4199d73,2018-07-31 23:33:46,2,Transparent,T1,T1,False,Medium,4.0,CWE-400,2018-04-21 13:13:57,2018-04-24 10:51:56,2018-05-03 08:33:03,2018-09-11,101.43042824074074,98.52905092592592,89.62549768518518,-41.01821759259259,Release->Disclosure,2018,53,0,333.0,6.0,1776.0,Safe window,0,1,2.034251277941124,1,0,3.9889840465642745
CVE-2018-1114,io.undertow:undertow-core,org.actframework:act,actframework/actframework,https://github.com/actframework/actframework/commit/1ce7b7d0a23ef619ad23ac067f446d1822b355e1,2020-06-28 04:03:05,2,Transparent,T1,T1,False,Medium,4.0,CWE-400,2018-04-21 13:13:57,2018-04-24 10:51:56,2018-05-03 08:33:03,2018-09-11,798.6174537037037,795.7160763888888,786.8125231481481,656.1688078703704,After Disclosure,2018,53,0,57624.0,1338.0,1776.0,After disclosure,1,0,2.9060078556497286,1,0,3.9889840465642745
CVE-2018-1114,io.undertow:undertow-core,org.jooby:jooby-undertow,jooby-project/jooby,https://github.com/jooby-project/jooby/commit/7f5bbc4087b5316a65787eb0a90bc3b68ea1dfe1,2018-07-09 18:48:52,1,Transparent,T1,T1,False,Medium,4.0,CWE-400,2018-04-21 13:13:57,2018-04-24 10:51:56,2018-05-03 08:33:03,2018-09-11,79.23258101851852,76.33120370370371,67.42765046296296,-63.216064814814814,Release->Disclosure,2018,53,0,956.0,15.0,1776.0,Safe window,0,1,1.9345395384769393,1,0,3.9889840465642745
CVE-2018-1114,io.undertow:undertow-core,org.restheart:restheart,SoftInstigate/restheart,https://github.com/SoftInstigate/restheart/commit/9f8b84801ec2b900d3c0fad72fc9dd0e1c90ace0,2018-06-06 12:49:25,1,Transparent,T1,T1,False,Medium,4.0,CWE-400,2018-04-21 13:13:57,2018-04-24 10:51:56,2018-05-03 08:33:03,2018-09-11,45.982962962962965,43.08158564814815,34.17803240740741,-96.46568287037036,Release->Disclosure,2018,53,0,17819.0,229.0,1776.0,Safe window,0,1,1.7222925918730803,1,0,3.9889840465642745
CVE-2019-5427,com.mchange:c3p0,org.opencastproject:opencast-common,opencast/opencast,https://github.com/opencast/opencast/commit/1a479a441f25d5f8ef0bf8fbc976813b3565e781,2019-03-24 14:17:16,1,Silent,S1,S1,False,Medium,5.0,CWE-776,,2019-03-15 22:29:39,2019-03-15 23:15:51,2019-04-22,,8.658067129629629,8.625983796296296,-28.404675925925925,Release->Disclosure,2019,108,0,139946.0,2825.0,895.0,Safe window,0,1,2.0821371256392567,0,0,4.6913478822291435
CVE-2019-5427,com.mchange:c3p0,io.vertigo:vertigo-database-impl,vertigo-io/vertigo,https://github.com/vertigo-io/vertigo/commit/6c7d342951b81e882e3ac84c5c869f9fab15f7cb,2019-10-24 16:10:56,1,Silent,S1,S1,False,Medium,5.0,CWE-776,,2019-03-15 22:29:39,2019-03-15 23:15:51,2019-04-22,,222.7370023148148,222.70491898148148,185.6742592592593,After Disclosure,2019,108,0,1616.0,37.0,895.0,After disclosure,1,0,2.524913151321439,0,0,4.6913478822291435
CVE-2019-5427,com.mchange:c3p0,com.github.psi-probe:psi-probe-core,psi-probe/psi-probe,https://github.com/psi-probe/psi-probe/commit/d2440ba3240078b27a8ee7f64d9d293cd28c3368,2019-03-25 06:39:26,1,Silent,S1,S1,False,Medium,5.0,CWE-776,,2019-03-15 22:29:39,2019-03-15 23:15:51,2019-04-22,,9.340127314814817,9.30804398148148,-27.72261574074074,Release->Disclosure,2019,108,0,19822.0,302.0,895.0,Safe window,0,1,2.0845819457017996,0,0,4.6913478822291435
CVE-2019-5427,com.mchange:c3p0,org.fastquery:fastquery,xixifeng/fastquery,https://github.com/xixifeng/fastquery/commit/a934426bb81f2900ddc4aa574bdd2e2a9d26bf63,2019-04-03 02:47:28,1,Silent,S1,S1,False,Medium,5.0,CWE-776,,2019-03-15 22:29:39,2019-03-15 23:15:51,2019-04-22,,18.179039351851852,18.14695601851852,-18.883703703703706,Release->Disclosure,2019,108,0,7263.0,132.0,895.0,Safe window,0,1,2.1150793749495684,0,0,4.6913478822291435
CVE-2020-5398,org.springframework:spring-web,ca.uhn.hapi.fhir:hapi-fhir-cli-api,hapifhir/hapi-fhir,https://github.com/hapifhir/hapi-fhir/commit/39ff698dd2ec210e5d757045090f178fc17f37f3,2020-01-22 19:44:12,1,Transparent,T1,T1,False,High,7.6,CWE-494,2019-12-19 13:42:22,2020-01-07 07:17:55,2020-01-14 10:37:34,2020-01-16,34.25127314814815,15.518252314814816,8.379606481481481,6.822361111111111,After Disclosure,2020,70,0,3387.0,32.0,31913.0,After disclosure,1,0,2.1932542061719724,1,1,4.2626798770413155
CVE-2020-5398,org.springframework:spring-web,org.apache.openmeetings:openmeetings-db,apache/openmeetings,https://github.com/apache/openmeetings/commit/ae408b47a14480c49a07bc0162b47a903852030f,2020-01-18 06:05:16,2,Transparent,T1,T1,False,High,7.6,CWE-494,2019-12-19 13:42:22,2020-01-07 07:17:55,2020-01-14 10:37:34,2020-01-16,29.682569444444443,10.949548611111112,3.8109027777777778,2.2536574074074074,After Disclosure,2020,70,0,28869.5,138.0,31913.0,After disclosure,1,0,2.1803491575556975,1,1,4.2626798770413155
CVE-2015-0263,org.apache.camel:camel-core,org.apache-extras.camel-extra:camel-db4o,camel-extra/camel-extra,https://github.com/camel-extra/camel-extra/commit/59d02a25c671b925235792e883f455fb6225da60,2015-06-27 20:59:42,2,Silent,S1,S1,False,Medium,5.0,,,2015-03-02 08:15:45,2015-03-07 03:03:50,2015-06-03,,117.53052083333333,112.74712962962964,24.874791666666667,After Disclosure,2015,13,0,153.0,4.0,330.0,After disclosure,1,0,2.240796259275399,0,0,2.6390573296152584
CVE-2015-0263,org.apache.camel:camel-core,org.fcrepo.camel:fcrepo-camel,fcrepo-exts/fcrepo-camel,https://github.com/fcrepo-exts/fcrepo-camel/commit/84fd906823e4004654bdff76a5a93db9881daad1,2015-06-22 20:25:12,1,Silent,S1,S1,False,Medium,5.0,,,2015-03-02 08:15:45,2015-03-07 03:03:50,2015-06-03,,112.5065625,107.7231712962963,19.850833333333338,After Disclosure,2015,13,0,1438.5,22.5,330.0,After disclosure,1,0,2.228079485286604,0,0,2.6390573296152584
CVE-2015-0263,org.apache.camel:camel-core,com.consol.citrus:citrus-camel,citrusframework/citrus,https://github.com/citrusframework/citrus/commit/3ac45d06cfbf59d2bb53475c46b00e8c2d738f45,2015-08-01 15:04:28,1,Silent,S1,S1,False,Medium,5.0,,,2015-03-02 08:15:45,2015-03-07 03:03:50,2015-06-03,,152.28383101851853,147.50043981481485,59.62810185185185,After Disclosure,2015,13,0,770.5,22.5,330.0,After disclosure,1,0,2.31983926906357,0,0,2.6390573296152584
CVE-2021-39152,com.thoughtworks.xstream:xstream,com.thankjava.toolkit3d:fast-toolkit3d,lazy-koala/java-toolkit,https://github.com/lazy-koala/java-toolkit/commit/614102adc1ddeb4146640c17cb4dce1b1a07d7dc,2022-02-01 00:57:29,9,Silent,S1,S1,False,Medium,6.0,CWE-918;CWE-502,,2021-05-26 19:43:09,2021-08-22 13:57:44,2021-08-23,,250.21828703703704,162.45815972222223,162.0399189814815,After Disclosure,2021,179,0,3457.0,53.0,566.0,After disclosure,1,0,2.4931290621434243,0,0,5.19295685089021
CVE-2021-39152,com.thoughtworks.xstream:xstream,com.sangupta:jerry-core,sangupta/jerry-core,https://github.com/sangupta/jerry-core/commit/380b8ce5df0ffb3edf334d129d58deb200802fee,2021-08-25 15:34:34,10,Silent,S1,S1,False,Medium,6.0,CWE-918;CWE-502,,2021-05-26 19:43:09,2021-08-22 13:57:44,2021-08-23,,90.82737268518518,3.06724537037037,2.6490046296296295,After Disclosure,2021,179,0,9933.0,108.0,566.0,After disclosure,1,0,2.181481160928497,0,0,5.19295685089021
CVE-2021-39152,com.thoughtworks.xstream:xstream,com.swiftmq:swiftmq-client,iitsoftware/swiftmq-client,https://github.com/iitsoftware/swiftmq-client/commit/9506bd2e6e1163342b52f8c5c99fb9b13c8d90fc,2021-08-25 15:41:07,9,Silent,S1,S1,False,Medium,6.0,CWE-918;CWE-502,,2021-05-26 19:43:09,2021-08-22 13:57:44,2021-08-23,,90.8319212962963,3.0717939814814814,2.6535532407407407,After Disclosure,2021,179,0,149380.0,1984.0,566.0,After disclosure,1,0,2.1814941678780175,0,0,5.19295685089021
CVE-2021-39152,com.thoughtworks.xstream:xstream,org.ikasan:ikasan-builder,ikasanEIP/ikasan,https://github.com/ikasanEIP/ikasan/commit/61a7c97cafa108f1b62ae732aab3b5136d076901,2021-09-06 19:17:59,9,Silent,S1,S1,False,Medium,6.0,CWE-918;CWE-502,,2021-05-26 19:43:09,2021-08-22 13:57:44,2021-08-23,,102.98252314814816,15.222395833333334,14.804155092592593,After Disclosure,2021,179,0,6070.0,86.0,566.0,After disclosure,1,0,2.214918933406759,0,0,5.19295685089021
CVE-2021-39152,com.thoughtworks.xstream:xstream,com.github.spotbugs:sonar-findbugs-plugin,spotbugs/sonar-findbugs,https://github.com/spotbugs/sonar-findbugs/commit/d4b81e4456be033422c6b1502ef6f8bd5fa1a8c5,2021-08-25 23:07:08,9,Silent,S1,S1,False,Medium,6.0,CWE-918;CWE-502,,2021-05-26 19:43:09,2021-08-22 13:57:44,2021-08-23,,91.1416550925926,3.381527777777778,2.963287037037037,After Disclosure,2021,179,0,13133.0,191.0,566.0,After disclosure,1,0,2.182378949866019,0,0,5.19295685089021
CVE-2021-39152,com.thoughtworks.xstream:xstream,com.xceptance:xlt,Xceptance/XLT,https://github.com/Xceptance/XLT/commit/1b675b0b83f1e66c98d765f92bf2bae4de5a9369,2021-08-31 15:14:53,9,Silent,S1,S1,False,Medium,6.0,CWE-918;CWE-502,,2021-05-26 19:43:09,2021-08-22 13:57:44,2021-08-23,,96.81370370370372,9.053576388888889,8.635335648148148,After Disclosure,2021,179,0,146667.0,2303.0,566.0,After disclosure,1,0,2.1982708247929565,0,0,5.19295685089021
CVE-2021-39152,com.thoughtworks.xstream:xstream,org.javalite:javalite-async,javalite/activejdbc,https://github.com/javalite/activejdbc/commit/df9a9dd065faf12a9a6279266dee5857cd4b5c81,2021-08-25 15:54:57,9,Silent,S1,S1,False,Medium,6.0,CWE-918;CWE-502,,2021-05-26 19:43:09,2021-08-22 13:57:44,2021-08-23,,90.84152777777778,3.081400462962963,2.6631597222222223,After Disclosure,2021,179,0,1147.0,13.0,566.0,After disclosure,1,0,2.1815216367457917,0,0,5.19295685089021
CVE-2021-39152,com.thoughtworks.xstream:xstream,net.ripe.rpki:rpki-commons,RIPE-NCC/rpki-commons,https://github.com/RIPE-NCC/rpki-commons/commit/cb41248bb0e21780857596da401b9a891c6ee1b7,2021-08-26 11:52:31,9,Silent,S1,S1,False,Medium,6.0,CWE-918;CWE-502,,2021-05-26 19:43:09,2021-08-22 13:57:44,2021-08-23,,91.6731712962963,3.9130439814814815,3.494803240740741,After Disclosure,2021,179,0,11426.0,225.0,566.0,After disclosure,1,0,2.183893084811566,0,0,5.19295685089021
CVE-2021-39152,com.thoughtworks.xstream:xstream,org.infinispan:infinispan-server-core,infinispan/infinispan,https://github.com/infinispan/infinispan/commit/d617eec6dfe533cea066961a5afb2340131556d3,2021-08-25 17:49:50,9,Silent,S1,S1,False,Medium,6.0,CWE-918;CWE-502,,2021-05-26 19:43:09,2021-08-22 13:57:44,2021-08-23,,90.92130787037036,3.1611805555555557,2.742939814814815,After Disclosure,2021,179,0,4452.0,97.0,566.0,After disclosure,1,0,2.1817496936250604,0,0,5.19295685089021
CVE-2021-39152,com.thoughtworks.xstream:xstream,org.optaplanner:optaplanner-examples,kiegroup/optaplanner,https://github.com/kiegroup/optaplanner/commit/31ec3c3a5aa5a7d05e4f80c0ae6439b1159ea62b,2021-08-31 16:40:48,9,Silent,S1,S1,False,Medium,6.0,CWE-918;CWE-502,,2021-05-26 19:43:09,2021-08-22 13:57:44,2021-08-23,,96.87336805555556,9.11324074074074,8.695,After Disclosure,2021,179,0,43487.0,668.0,566.0,After disclosure,1,0,2.1984349390662166,0,0,5.19295685089021
CVE-2021-39152,com.thoughtworks.xstream:xstream,org.patterntesting:patterntesting-rt,oboehm/PatternTesting2,https://github.com/oboehm/PatternTesting2/commit/6c3890ddd5f37c91b71dd825b6a24c3b045a2e31,2022-01-08 20:39:29,3,Silent,S1,S1,False,Medium,6.0,CWE-918;CWE-502,,2021-05-26 19:43:09,2021-08-22 13:57:44,2021-08-23,,227.03912037037037,139.27899305555556,138.86075231481482,After Disclosure,2021,179,0,11982.0,199.0,566.0,After disclosure,1,0,2.4595205762460624,0,0,5.19295685089021
CVE-2021-39152,com.thoughtworks.xstream:xstream,org.smooks:smooks-core,smooks/smooks,https://github.com/smooks/smooks/commit/b1412cfcf80e8bf7ddcc1ec709c256387879e6b6,2021-12-01 12:51:41,9,Silent,S1,S1,False,Medium,6.0,CWE-918;CWE-502,,2021-05-26 19:43:09,2021-08-22 13:57:44,2021-08-23,,188.71425925925925,100.95413194444444,100.5358912037037,After Disclosure,2021,179,0,19961.0,350.0,566.0,After disclosure,1,0,2.397523046722685,0,0,5.19295685089021
CVE-2021-39152,com.thoughtworks.xstream:xstream,no.mnemonic.messaging:requestsink-jms,mnemonic-no/messaging,https://github.com/mnemonic-no/messaging/commit/d8886c882334c967157a32be125fb0dc9b67f2d2,2021-09-09 08:47:56,9,Silent,S1,S1,False,Medium,6.0,CWE-918;CWE-502,,2021-05-26 19:43:09,2021-08-22 13:57:44,2021-08-23,,105.54498842592592,17.784861111111113,17.36662037037037,After Disclosure,2021,179,0,2679.0,37.0,566.0,After disclosure,1,0,2.221651070485473,0,0,5.19295685089021
CVE-2021-39152,com.thoughtworks.xstream:xstream,org.powertac:common,powertac/powertac-core,https://github.com/powertac/powertac-core/commit/bdad13c6c171376de33fdca091023d69f6930e7d,2021-10-05 17:14:44,9,Silent,S1,S1,False,Medium,6.0,CWE-918;CWE-502,,2021-05-26 19:43:09,2021-08-22 13:57:44,2021-08-23,,131.89693287037036,44.136805555555554,43.71856481481481,After Disclosure,2021,179,0,8040.0,110.0,566.0,After disclosure,1,0,2.2854285006751986,0,0,5.19295685089021
CVE-2021-39152,com.thoughtworks.xstream:xstream,org.wicketstuff:jqplot4java,wicketstuff/core,https://github.com/wicketstuff/core/commit/3fbd67082cf0ef7ec0114def59d07d496ded3a56,2021-08-25 15:46:01,9,Silent,S1,S1,False,Medium,6.0,CWE-918;CWE-502,,2021-05-26 19:43:09,2021-08-22 13:57:44,2021-08-23,,90.83532407407408,3.075196759259259,2.6569560185185184,After Disclosure,2021,179,0,6072.0,85.0,566.0,After disclosure,1,0,2.1815038980130264,0,0,5.19295685089021
CVE-2021-39152,com.thoughtworks.xstream:xstream,com.github.psi-probe:psi-probe-core,psi-probe/psi-probe,https://github.com/psi-probe/psi-probe/commit/cf3dd7317060ef7cb67f57686b0d760bdfa659d5,2021-08-23 07:01:58,9,Silent,S1,S1,False,Medium,6.0,CWE-918;CWE-502,,2021-05-26 19:43:09,2021-08-22 13:57:44,2021-08-23,,88.47140046296296,0.7112731481481481,0.2930324074074074,After Disclosure,2021,179,0,19822.0,302.0,566.0,After disclosure,1,0,2.1746912536054115,0,0,5.19295685089021
CVE-2021-39152,com.thoughtworks.xstream:xstream,io.quarkus:quarkus-junit5,quarkusio/quarkus,https://github.com/quarkusio/quarkus/commit/3aa4e47faa4b4df927d75a5379f45aeea3fc3f87,2021-08-23 20:37:45,9,Silent,S1,S1,False,Medium,6.0,CWE-918;CWE-502,,2021-05-26 19:43:09,2021-08-22 13:57:44,2021-08-23,,89.03791666666666,1.277789351851852,0.8595486111111111,After Disclosure,2021,179,0,1063.0,31.0,566.0,After disclosure,1,0,2.17633367247396,0,0,5.19295685089021
CVE-2021-39152,com.thoughtworks.xstream:xstream,de.alpharogroup:email-tails,lightblueseas/email-tails,https://github.com/lightblueseas/email-tails/commit/997627a510bf8c40e6f2e0f799827ba5c7180a44,2022-02-28 14:46:26,14,Silent,S1,S1,False,Medium,6.0,CWE-918;CWE-502,,2021-05-26 19:43:09,2021-08-22 13:57:44,2021-08-23,,277.79394675925926,190.03381944444445,189.6155787037037,After Disclosure,2021,179,0,1002.0,12.0,566.0,After disclosure,1,0,2.5299943912116145,0,0,5.19295685089021
CVE-2021-39152,com.thoughtworks.xstream:xstream,ro.pippo:pippo-xstream,pippo-java/pippo,https://github.com/pippo-java/pippo/commit/8330892700e3911192f1e17a11100ec3ec58ef84,2021-11-02 09:00:16,9,Silent,S1,S1,False,Medium,6.0,CWE-918;CWE-502,,2021-05-26 19:43:09,2021-08-22 13:57:44,2021-08-23,,159.55355324074074,71.79342592592593,71.37518518518519,After Disclosure,2021,179,0,47.0,2.0,566.0,After disclosure,1,0,2.343604300452925,0,0,5.19295685089021
CVE-2016-6345,org.jboss.resteasy:resteasy-jaxrs,com.peterphi.std.guice:stdlib-guice-common,petergeneric/stdlib,https://github.com/petergeneric/stdlib/commit/b70bc2d7eecf829339a59a0fcc1f43d9bd85a314,2017-10-03 15:33:24,3,Silent,S3,S3,False,Medium,4.0,CWE-200,,2016-09-13 20:15:43,2016-09-30 22:31:33,2016-09-07,,384.8039467592593,367.7096180555555,391.64819444444447,After Release,2016,31,0,8070.0,152.0,456.0,After disclosure,1,0,2.733094817191415,0,0,3.4657359027997265
CVE-2016-6345,org.jboss.resteasy:resteasy-jaxrs,org.wildfly:wildfly-jaxrs,wildfly/wildfly,https://github.com/wildfly/wildfly/commit/c190a7460f4051014edac62680e1867f1e8e7f9c,2016-10-05 11:53:55,1,Silent,S3,S3,False,Medium,4.0,CWE-200,,2016-09-13 20:15:43,2016-09-30 22:31:33,2016-09-07,,21.651527777777776,4.557199074074074,28.495775462962964,After Release,2016,31,0,1481.0,22.0,456.0,After disclosure,1,0,2.2497362480016845,0,0,3.4657359027997265
CVE-2016-6345,org.jboss.resteasy:resteasy-jaxrs,ws.ament.hammock:rest-resteasy,hammock-project/hammock,https://github.com/hammock-project/hammock/commit/fd7cc5efd9f9b77632dca0f81b149423dba45d3a,2017-01-22 01:26:39,2,Silent,S3,S3,False,Medium,4.0,CWE-200,,2016-09-13 20:15:43,2016-09-30 22:31:33,2016-09-07,,130.21592592592592,113.12159722222222,137.0601736111111,After Release,2016,31,0,49.0,2.0,456.0,After disclosure,1,0,2.456797645484199,0,0,3.4657359027997265
CVE-2016-6345,org.jboss.resteasy:resteasy-jaxrs,org.hibernate.ogm:hibernate-ogm-couchdb,hibernate/hibernate-ogm,https://github.com/hibernate/hibernate-ogm/commit/41fbb8be006599a66a7b2260706558d2217b3ca6,2017-12-22 12:39:55,2,Silent,S3,S3,False,Medium,4.0,CWE-200,,2016-09-13 20:15:43,2016-09-30 22:31:33,2016-09-07,,464.68347222222224,447.58914351851854,471.5277199074074,After Release,2016,31,0,2033.0,46.0,456.0,After disclosure,1,0,2.792918072418448,0,0,3.4657359027997265
CVE-2016-6345,org.jboss.resteasy:resteasy-jaxrs,com.alibaba:dubbo,apache/incubator-dubbo,https://github.com/apache/incubator-dubbo/commit/26f39d57ff0d08534971ecdf2e5b4bc46ff5af4e,2018-01-11 07:41:44,3,Silent,S3,S3,False,Medium,4.0,CWE-200,,2016-09-13 20:15:43,2016-09-30 22:31:33,2016-09-07,,484.47640046296294,467.3820717592593,491.32064814814817,After Release,2016,31,0,67512.0,1015.0,456.0,After disclosure,1,0,2.806549543486693,0,0,3.4657359027997265
CVE-2016-6345,org.jboss.resteasy:resteasy-jaxrs,com.voodoodyne.gstrap:gstrap,stickfigure/gstrap,https://github.com/stickfigure/gstrap/commit/b2bb51f033facfc406effc1029f4d66ddd9ccfdd,2017-01-19 00:45:55,2,Silent,S3,S3,False,Medium,4.0,CWE-200,,2016-09-13 20:15:43,2016-09-30 22:31:33,2016-09-07,,127.18763888888888,110.0933101851852,134.03188657407406,After Release,2016,31,0,705.0,25.0,456.0,After disclosure,1,0,2.4521792528348434,0,0,3.4657359027997265
CVE-2020-1950,org.apache.tika:tika-parsers,com.digitalpebble.stormcrawler:storm-crawler-tika,DigitalPebble/storm-crawler,https://github.com/DigitalPebble/storm-crawler/commit/e781c46da615261501720ca31e34c8157bdc2321,2020-04-24 09:55:44,1,Silent,S1,S1,False,Medium,4.3,CWE-400,,2020-02-24 13:34:11,2020-03-11 14:01:31,2020-03-23,,59.84829861111111,43.82931712962963,32.4137037037037,After Disclosure,2020,15,0,578.5,4.0,918.0,After disclosure,1,0,2.2592064843543764,0,0,2.772588722239781
CVE-2020-1950,org.apache.tika:tika-parsers,uk.ac.gate:gate-core,GateNLP/gate-core,https://github.com/GateNLP/gate-core/commit/0db9ddbec7f442c25947863d430ae736e6e555b3,2021-01-21 09:34:37,1,Silent,S1,S1,False,Medium,4.3,CWE-400,,2020-02-24 13:34:11,2020-03-11 14:01:31,2020-03-23,,331.83363425925927,315.8146527777778,304.39903935185185,After Disclosure,2020,15,0,138899.0,2226.0,918.0,After disclosure,1,0,2.6566952969141626,0,0,2.772588722239781
CVE-2020-1950,org.apache.tika:tika-parsers,org.apache.any23:apache-any23-core,apache/any23,https://github.com/apache/any23/commit/b580c6225d0b1043974c6df466a21db896e6eb7b,2020-03-29 23:16:38,1,Silent,S1,S1,False,Medium,4.3,CWE-400,,2020-02-24 13:34:11,2020-03-11 14:01:31,2020-03-23,,34.40447916666667,18.385497685185182,6.969884259259259,After Disclosure,2020,15,0,16195.0,266.0,918.0,After disclosure,1,0,2.1936645851174488,0,0,2.772588722239781
CVE-2020-1950,org.apache.tika:tika-parsers,fr.pilato.elasticsearch.crawler:fscrawler-tika,dadoonet/fscrawler,https://github.com/dadoonet/fscrawler/commit/93d455eb3b8ed2801aa78d9aca2e72876244a5ca,2020-03-18 20:31:19,1,Silent,S1,S1,False,Medium,4.3,CWE-400,,2020-02-24 13:34:11,2020-03-11 14:01:31,2020-03-23,,23.289675925925927,7.270694444444445,-4.1449189814814815,Release->Disclosure,2020,15,0,633.0,10.0,918.0,Safe window,0,1,2.1616053988020143,0,0,2.772588722239781
CVE-2020-1950,org.apache.tika:tika-parsers,org.icij.extract:extract-lib,ICIJ/extract,https://github.com/ICIJ/extract/commit/e0583975b50994aec157cdd532a4519e261e5afc,2020-09-14 08:27:25,2,Silent,S1,S1,False,Medium,4.3,CWE-400,,2020-02-24 13:34:11,2020-03-11 14:01:31,2020-03-23,,202.7869675925926,186.7679861111111,175.35237268518517,After Disclosure,2020,15,0,5488.0,113.0,918.0,After disclosure,1,0,2.511317171936629,0,0,2.772588722239781
CVE-2020-1950,org.apache.tika:tika-parsers,org.codelibs.fess:fess-crawler,codelibs/fess-crawler,https://github.com/codelibs/fess-crawler/commit/85d6a2e679510373173e39f646baa954b36dcecf,2020-05-17 09:06:39,2,Silent,S1,S1,False,Medium,4.3,CWE-400,,2020-02-24 13:34:11,2020-03-11 14:01:31,2020-03-23,,82.81421296296297,66.79523148148148,55.379618055555554,After Disclosure,2020,15,0,11447.0,152.0,918.0,After disclosure,1,0,2.310913736649668,0,0,2.772588722239781
CVE-2020-26945,org.mybatis:mybatis,org.flowable:flowable-variable-service,flowable/flowable-engine,https://github.com/flowable/flowable-engine/commit/ff15df8b4eee5617f1ad2dbd29d68e739d8e72d0,2021-02-16 06:48:52,1,Silent,S1,S1,False,Medium,5.1,CWE-502,,2020-10-04 02:37:07,2020-10-07 05:25:07,2020-10-10,,135.1748263888889,132.05815972222223,129.2839351851852,After Disclosure,2020,193,0,5649.5,94.0,13391.0,After disclosure,1,0,2.444837887544231,0,0,5.267858159063328
CVE-2020-26945,org.mybatis:mybatis,com.thankjava.toolkit3d:fast-toolkit3d,lazy-koala/java-toolkit,https://github.com/lazy-koala/java-toolkit/commit/a1cd9f68e4d541e29a1232ada4fd67209b12bd85,2021-04-22 17:30:28,1,Silent,S1,S1,False,Medium,5.1,CWE-502,,2020-10-04 02:37:07,2020-10-07 05:25:07,2020-10-10,,200.62038194444443,197.5037152777778,194.72949074074072,After Disclosure,2020,193,0,3457.0,53.0,13391.0,After disclosure,1,0,2.536499975692637,0,0,5.267858159063328
CVE-2020-26945,org.mybatis:mybatis,org.mybatis.scripting:mybatis-velocity,mybatis/velocity-scripting,https://github.com/mybatis/velocity-scripting/commit/8ecb7f0bfad53b4c6b3e2ed96ed7b782013b1152,2020-10-07 05:51:29,1,Silent,S1,S1,False,Medium,5.1,CWE-502,,2020-10-04 02:37:07,2020-10-07 05:25:07,2020-10-10,,3.1349768518518517,0.0183101851851851,-2.755914351851852,Release->Disclosure,2020,193,0,1036.0,17.0,13391.0,Safe window,0,1,2.165743602466681,0,0,5.267858159063328
CVE-2020-26945,org.mybatis:mybatis,com.aspectran:aspectran-with-mybatis,aspectran/aspectran,https://github.com/aspectran/aspectran/commit/0edafd1e109857e621da8589a3ef2824c5db07e9,2020-10-07 22:49:40,1,Silent,S1,S1,False,Medium,5.1,CWE-502,,2020-10-04 02:37:07,2020-10-07 05:25:07,2020-10-10,,3.842048611111111,0.7253819444444445,-2.0488425925925924,Release->Disclosure,2020,193,0,323.0,3.0,13391.0,Safe window,0,1,2.1678351032446055,0,0,5.267858159063328
CVE-2018-11761,org.apache.tika:tika-core,org.opencastproject:opencast-working-file-repository-service-impl,opencast/opencast,https://github.com/opencast/opencast/commit/38dfee6507b7c3b03c21aac05beccc188a92cb33,2018-10-17 21:54:42,1,Silent,S1,S1,False,Medium,5.0,CWE-611,,2018-08-03 13:16:09,2018-09-14 16:36:51,2018-09-19,,75.36010416666667,33.220729166666665,28.91298611111111,After Disclosure,2018,24,0,932.0,4.0,630.0,After disclosure,1,0,2.250754591221674,0,0,3.2188758248682006
CVE-2018-11761,org.apache.tika:tika-core,org.appng:appng-search,appNG/appng,https://github.com/appNG/appng/commit/62b55e61825e658c77bcdbe60fd34ce545f2c8a4,2022-05-18 12:10:38,4,Silent,S1,S1,False,Medium,5.0,CWE-611,,2018-08-03 13:16:09,2018-09-14 16:36:51,2018-09-19,,1383.9545023148148,1341.8151273148148,1337.5073842592592,After Disclosure,2018,24,0,2164.0,30.0,630.0,After disclosure,1,0,3.1722325681224346,0,0,3.2188758248682006
CVE-2018-11761,org.apache.tika:tika-core,org.restheart:restheart,SoftInstigate/restheart,https://github.com/SoftInstigate/restheart/commit/c44be2f6fbf9a730c571c2eaf47b56adbba8b27d,2018-10-18 15:20:25,1,Silent,S1,S1,False,Medium,5.0,CWE-611,,2018-08-03 13:16:09,2018-09-14 16:36:51,2018-09-19,,76.0862962962963,33.946921296296296,29.63917824074074,After Disclosure,2018,24,0,17819.0,229.0,630.0,After disclosure,1,0,2.2525214325027796,0,0,3.2188758248682006
CVE-2018-11761,org.apache.tika:tika-core,com.digitalpebble.stormcrawler:storm-crawler-core,DigitalPebble/storm-crawler,https://github.com/DigitalPebble/storm-crawler/commit/9127d930d42e2fad35f5d041a08c17c10f3be655,2018-09-19 08:40:58,1,Silent,S1,S1,False,Medium,5.0,CWE-611,,2018-08-03 13:16:09,2018-09-14 16:36:51,2018-09-19,,46.80890046296296,4.669525462962963,0.3617824074074074,After Disclosure,2018,24,0,7848.0,117.0,630.0,After disclosure,1,0,2.1748909020505,0,0,3.2188758248682006
CVE-2020-13920,org.apache.activemq:activemq-broker,org.ikasan:sample-builder-pattern,ikasanEIP/ikasan,https://github.com/ikasanEIP/ikasan/commit/610088f6e536db2adcda026da25e19835d0ebbe5,2021-05-29 08:43:14,1,Transparent,T1,T1,False,Medium,4.3,CWE-306,2020-02-24 11:10:46,2020-02-24 13:25:08,2020-03-12 21:08:49,2020-09-10,459.8975462962963,459.8042361111111,442.4822337962962,261.3633564814815,After Disclosure,2020,20,0,4372.0,68.0,1566.0,After disclosure,1,0,2.6134057847079464,1,0,3.044522437723423
CVE-2021-39140,com.thoughtworks.xstream:xstream,com.sangupta:jerry-core,sangupta/jerry-core,https://github.com/sangupta/jerry-core/commit/926de8e002b40cd670a056ebb11493b3910a0a8b,2021-10-06 16:54:21,2,Silent,S1,S1,False,Medium,6.3,CWE-502;CWE-835,,2021-05-26 19:43:09,2021-08-22 13:57:44,2021-08-23,,132.8827777777778,45.122650462962966,44.70440972222222,After Disclosure,2021,179,0,9933.0,108.0,566.0,After disclosure,1,0,2.287641887113916,0,0,5.19295685089021
CVE-2021-39140,com.thoughtworks.xstream:xstream,com.thankjava.toolkit3d:fast-toolkit3d,lazy-koala/java-toolkit,https://github.com/lazy-koala/java-toolkit/commit/614102adc1ddeb4146640c17cb4dce1b1a07d7dc,2022-02-01 00:57:29,9,Silent,S1,S1,False,Medium,6.3,CWE-502;CWE-835,,2021-05-26 19:43:09,2021-08-22 13:57:44,2021-08-23,,250.21828703703704,162.45815972222223,162.0399189814815,After Disclosure,2021,179,0,3457.0,53.0,566.0,After disclosure,1,0,2.4931290621434243,0,0,5.19295685089021
CVE-2021-39140,com.thoughtworks.xstream:xstream,org.infinispan:infinispan-server-core,infinispan/infinispan,https://github.com/infinispan/infinispan/commit/d617eec6dfe533cea066961a5afb2340131556d3,2021-08-25 17:49:50,9,Silent,S1,S1,False,Medium,6.3,CWE-502;CWE-835,,2021-05-26 19:43:09,2021-08-22 13:57:44,2021-08-23,,90.92130787037036,3.1611805555555557,2.742939814814815,After Disclosure,2021,179,0,4452.0,97.0,566.0,After disclosure,1,0,2.1817496936250604,0,0,5.19295685089021
CVE-2021-39140,com.thoughtworks.xstream:xstream,org.javalite:javalite-async,javalite/activejdbc,https://github.com/javalite/activejdbc/commit/df9a9dd065faf12a9a6279266dee5857cd4b5c81,2021-08-25 15:54:57,9,Silent,S1,S1,False,Medium,6.3,CWE-502;CWE-835,,2021-05-26 19:43:09,2021-08-22 13:57:44,2021-08-23,,90.84152777777778,3.081400462962963,2.6631597222222223,After Disclosure,2021,179,0,1147.0,13.0,566.0,After disclosure,1,0,2.1815216367457917,0,0,5.19295685089021
CVE-2021-39140,com.thoughtworks.xstream:xstream,de.alpharogroup:email-tails,lightblueseas/email-tails,https://github.com/lightblueseas/email-tails/commit/997627a510bf8c40e6f2e0f799827ba5c7180a44,2022-02-28 14:46:26,14,Silent,S1,S1,False,Medium,6.3,CWE-502;CWE-835,,2021-05-26 19:43:09,2021-08-22 13:57:44,2021-08-23,,277.79394675925926,190.03381944444445,189.6155787037037,After Disclosure,2021,179,0,1002.0,12.0,566.0,After disclosure,1,0,2.5299943912116145,0,0,5.19295685089021
CVE-2021-39140,com.thoughtworks.xstream:xstream,org.patterntesting:patterntesting-rt,oboehm/PatternTesting2,https://github.com/oboehm/PatternTesting2/commit/3c61a09701c9e09a8839936d5d432b6e1a913e2f,2021-12-19 14:18:47,6,Silent,S1,S1,False,Medium,6.3,CWE-502;CWE-835,,2021-05-26 19:43:09,2021-08-22 13:57:44,2021-08-23,,206.77474537037037,119.01461805555556,118.59637731481482,After Disclosure,2021,179,0,11982.0,199.0,566.0,After disclosure,1,0,2.427843944125195,0,0,5.19295685089021
CVE-2021-39140,com.thoughtworks.xstream:xstream,com.github.spotbugs:sonar-findbugs-plugin,spotbugs/sonar-findbugs,https://github.com/spotbugs/sonar-findbugs/commit/d4b81e4456be033422c6b1502ef6f8bd5fa1a8c5,2021-08-25 23:07:08,9,Silent,S1,S1,False,Medium,6.3,CWE-502;CWE-835,,2021-05-26 19:43:09,2021-08-22 13:57:44,2021-08-23,,91.1416550925926,3.381527777777778,2.963287037037037,After Disclosure,2021,179,0,13133.0,191.0,566.0,After disclosure,1,0,2.182378949866019,0,0,5.19295685089021
CVE-2021-39140,com.thoughtworks.xstream:xstream,no.mnemonic.messaging:requestsink-jms,mnemonic-no/messaging,https://github.com/mnemonic-no/messaging/commit/d8886c882334c967157a32be125fb0dc9b67f2d2,2021-09-09 08:47:56,9,Silent,S1,S1,False,Medium,6.3,CWE-502;CWE-835,,2021-05-26 19:43:09,2021-08-22 13:57:44,2021-08-23,,105.54498842592592,17.784861111111113,17.36662037037037,After Disclosure,2021,179,0,2679.0,37.0,566.0,After disclosure,1,0,2.221651070485473,0,0,5.19295685089021
CVE-2021-39140,com.thoughtworks.xstream:xstream,com.github.psi-probe:psi-probe-core,psi-probe/psi-probe,https://github.com/psi-probe/psi-probe/commit/cf3dd7317060ef7cb67f57686b0d760bdfa659d5,2021-08-23 07:01:58,9,Silent,S1,S1,False,Medium,6.3,CWE-502;CWE-835,,2021-05-26 19:43:09,2021-08-22 13:57:44,2021-08-23,,88.47140046296296,0.7112731481481481,0.2930324074074074,After Disclosure,2021,179,0,19822.0,302.0,566.0,After disclosure,1,0,2.1746912536054115,0,0,5.19295685089021
CVE-2021-39140,com.thoughtworks.xstream:xstream,org.ikasan:ikasan-filetransfer-common,ikasanEIP/ikasan,https://github.com/ikasanEIP/ikasan/commit/61a7c97cafa108f1b62ae732aab3b5136d076901,2021-09-06 19:17:59,9,Silent,S1,S1,False,Medium,6.3,CWE-502;CWE-835,,2021-05-26 19:43:09,2021-08-22 13:57:44,2021-08-23,,102.98252314814816,15.222395833333334,14.804155092592593,After Disclosure,2021,179,0,2737.0,43.0,566.0,After disclosure,1,0,2.214918933406759,0,0,5.19295685089021
CVE-2021-39140,com.thoughtworks.xstream:xstream,com.xceptance:xlt,Xceptance/XLT,https://github.com/Xceptance/XLT/commit/1b675b0b83f1e66c98d765f92bf2bae4de5a9369,2021-08-31 15:14:53,9,Silent,S1,S1,False,Medium,6.3,CWE-502;CWE-835,,2021-05-26 19:43:09,2021-08-22 13:57:44,2021-08-23,,96.81370370370372,9.053576388888889,8.635335648148148,After Disclosure,2021,179,0,146667.0,2303.0,566.0,After disclosure,1,0,2.1982708247929565,0,0,5.19295685089021
CVE-2021-39140,com.thoughtworks.xstream:xstream,org.smooks:smooks-core,smooks/smooks,https://github.com/smooks/smooks/commit/b1412cfcf80e8bf7ddcc1ec709c256387879e6b6,2021-12-01 12:51:41,9,Silent,S1,S1,False,Medium,6.3,CWE-502;CWE-835,,2021-05-26 19:43:09,2021-08-22 13:57:44,2021-08-23,,188.71425925925925,100.95413194444444,100.5358912037037,After Disclosure,2021,179,0,19961.0,350.0,566.0,After disclosure,1,0,2.397523046722685,0,0,5.19295685089021
CVE-2021-39140,com.thoughtworks.xstream:xstream,io.quarkus:quarkus-junit5,quarkusio/quarkus,https://github.com/quarkusio/quarkus/commit/3aa4e47faa4b4df927d75a5379f45aeea3fc3f87,2021-08-23 20:37:45,9,Silent,S1,S1,False,Medium,6.3,CWE-502;CWE-835,,2021-05-26 19:43:09,2021-08-22 13:57:44,2021-08-23,,89.03791666666666,1.277789351851852,0.8595486111111111,After Disclosure,2021,179,0,1063.0,31.0,566.0,After disclosure,1,0,2.17633367247396,0,0,5.19295685089021
CVE-2021-39140,com.thoughtworks.xstream:xstream,org.wicketstuff:jqplot4java,wicketstuff/core,https://github.com/wicketstuff/core/commit/3fbd67082cf0ef7ec0114def59d07d496ded3a56,2021-08-25 15:46:01,9,Silent,S1,S1,False,Medium,6.3,CWE-502;CWE-835,,2021-05-26 19:43:09,2021-08-22 13:57:44,2021-08-23,,90.83532407407408,3.075196759259259,2.6569560185185184,After Disclosure,2021,179,0,6072.0,85.0,566.0,After disclosure,1,0,2.1815038980130264,0,0,5.19295685089021
CVE-2021-39140,com.thoughtworks.xstream:xstream,ro.pippo:pippo-xstream,pippo-java/pippo,https://github.com/pippo-java/pippo/commit/8330892700e3911192f1e17a11100ec3ec58ef84,2021-11-02 09:00:16,9,Silent,S1,S1,False,Medium,6.3,CWE-502;CWE-835,,2021-05-26 19:43:09,2021-08-22 13:57:44,2021-08-23,,159.55355324074074,71.79342592592593,71.37518518518519,After Disclosure,2021,179,0,47.0,2.0,566.0,After disclosure,1,0,2.343604300452925,0,0,5.19295685089021
CVE-2021-39140,com.thoughtworks.xstream:xstream,com.swiftmq:swiftmq-client,iitsoftware/swiftmq-client,https://github.com/iitsoftware/swiftmq-client/commit/9506bd2e6e1163342b52f8c5c99fb9b13c8d90fc,2021-08-25 15:41:07,9,Silent,S1,S1,False,Medium,6.3,CWE-502;CWE-835,,2021-05-26 19:43:09,2021-08-22 13:57:44,2021-08-23,,90.8319212962963,3.0717939814814814,2.6535532407407407,After Disclosure,2021,179,0,149380.0,1984.0,566.0,After disclosure,1,0,2.1814941678780175,0,0,5.19295685089021
CVE-2021-39140,com.thoughtworks.xstream:xstream,net.ripe.rpki:rpki-commons,RIPE-NCC/rpki-commons,https://github.com/RIPE-NCC/rpki-commons/commit/cb41248bb0e21780857596da401b9a891c6ee1b7,2021-08-26 11:52:31,9,Silent,S1,S1,False,Medium,6.3,CWE-502;CWE-835,,2021-05-26 19:43:09,2021-08-22 13:57:44,2021-08-23,,91.6731712962963,3.9130439814814815,3.494803240740741,After Disclosure,2021,179,0,11426.0,225.0,566.0,After disclosure,1,0,2.183893084811566,0,0,5.19295685089021
CVE-2021-39140,com.thoughtworks.xstream:xstream,org.optaplanner:optaplanner-examples,kiegroup/optaplanner,https://github.com/kiegroup/optaplanner/commit/31ec3c3a5aa5a7d05e4f80c0ae6439b1159ea62b,2021-08-31 16:40:48,9,Silent,S1,S1,False,Medium,6.3,CWE-502;CWE-835,,2021-05-26 19:43:09,2021-08-22 13:57:44,2021-08-23,,96.87336805555556,9.11324074074074,8.695,After Disclosure,2021,179,0,43487.0,668.0,566.0,After disclosure,1,0,2.1984349390662166,0,0,5.19295685089021
CVE-2021-39140,com.thoughtworks.xstream:xstream,org.powertac:common,powertac/powertac-core,https://github.com/powertac/powertac-core/commit/bdad13c6c171376de33fdca091023d69f6930e7d,2021-10-05 17:14:44,9,Silent,S1,S1,False,Medium,6.3,CWE-502;CWE-835,,2021-05-26 19:43:09,2021-08-22 13:57:44,2021-08-23,,131.89693287037036,44.136805555555554,43.71856481481481,After Disclosure,2021,179,0,8040.0,110.0,566.0,After disclosure,1,0,2.2854285006751986,0,0,5.19295685089021
CVE-2017-2670,io.undertow:undertow-core,com.networknt:redis-manager,networknt/light-session-4j,https://github.com/networknt/light-session-4j/commit/8900d9f69e2eac9d3e496a52853c5938c4199d73,2018-07-31 23:33:46,2,Silent,S1,S1,False,Medium,5.0,CWE-835,,2017-06-13 06:50:19,2017-08-18 12:08:29,2018-07-27,,413.69684027777777,347.4758912037037,4.981782407407407,After Disclosure,2018,91,0,287.0,4.0,1429.0,After disclosure,1,0,2.188101226369226,0,0,4.5217885770490405
CVE-2017-2670,io.undertow:undertow-core,com.networknt:graphql-router,networknt/light-graphql-4j,https://github.com/networknt/light-graphql-4j/commit/df314a0f067ca6d3c129a515f1d8f4679ac0ebe4,2018-07-31 23:27:55,3,Silent,S1,S1,False,Medium,5.0,CWE-835,,2017-06-13 06:50:19,2017-08-18 12:08:29,2018-07-27,,413.6927777777778,347.4718287037037,4.977719907407407,After Disclosure,2018,91,0,415.5,12.0,1429.0,After disclosure,1,0,2.1880897848899146,0,0,4.5217885770490405
CVE-2017-2670,io.undertow:undertow-core,com.networknt:health,networknt/light-4j,https://github.com/networknt/light-4j/commit/827eb6ccd2c9ba41ed5f82cf79a9403b01672508,2018-07-31 23:25:33,3,Silent,S1,S1,False,Medium,5.0,CWE-835,,2017-06-13 06:50:19,2017-08-18 12:08:29,2018-07-27,,413.6911342592593,347.4701851851852,4.976076388888889,After Disclosure,2018,91,0,29.0,2.0,1429.0,After disclosure,1,0,2.1880851560576584,0,0,4.5217885770490405
CVE-2017-2670,io.undertow:undertow-core,org.keycloak:keycloak-wildfly-adapter,keycloak/keycloak,https://github.com/keycloak/keycloak/commit/6fc99cd7496be821f3f852eb4aa06c71fa522d77,2018-08-27 10:52:53,1,Silent,S1,S1,False,Medium,5.0,CWE-835,,2017-06-13 06:50:19,2017-08-18 12:08:29,2018-07-27,,440.1684490740741,373.9475,31.453391203703703,After Disclosure,2018,91,0,254.0,4.0,1429.0,After disclosure,1,0,2.2569042952460197,0,0,4.5217885770490405
CVE-2017-2670,io.undertow:undertow-core,com.networknt:rpc-router,networknt/light-hybrid-4j,https://github.com/networknt/light-hybrid-4j/commit/831f221d7187042a0fe59b5242960857c49cba56,2018-07-31 23:28:48,3,Silent,S1,S1,False,Medium,5.0,CWE-835,,2017-06-13 06:50:19,2017-08-18 12:08:29,2018-07-27,,413.6933912037037,347.47244212962966,4.9783333333333335,After Disclosure,2018,91,0,1541.5,15.0,1429.0,After disclosure,1,0,2.188091512540015,0,0,4.5217885770490405
CVE-2017-2670,io.undertow:undertow-core,com.networknt:openapi-meta,networknt/light-rest-4j,https://github.com/networknt/light-rest-4j/commit/57604f1e95bf78dc7f4654b05c9151fa8d373915,2018-07-31 23:27:02,3,Silent,S1,S1,False,Medium,5.0,CWE-835,,2017-06-13 06:50:19,2017-08-18 12:08:29,2018-07-27,,413.69216435185183,347.4712152777778,4.977106481481481,After Disclosure,2018,91,0,338.0,6.0,1429.0,After disclosure,1,0,2.1880880572329415,0,0,4.5217885770490405
CVE-2019-11777,org.eclipse.paho:org.eclipse.paho.client.mqttv3,org.opentripplanner:otp,opentripplanner/OpenTripPlanner,https://github.com/opentripplanner/OpenTripPlanner/commit/195806bacf58231e414afbd9d6c92cedcd8741ab,2021-09-06 22:45:45,1,Transparent,T1,T1,False,Medium,5.0,CWE-346;CWE-755,2018-03-24 11:30:01,2018-03-26 10:53:18,2019-02-26 22:57:14,2019-09-11,1262.4692592592592,1260.4947569444444,922.9920254629628,726.9484375,After Disclosure,2019,46,0,87248.0,1240.0,514.0,After disclosure,1,0,2.9425896869098236,1,0,3.8501476017100584
CVE-2016-3674,com.thoughtworks.xstream:xstream,org.ikasan:ikasan-test,ikasanEIP/ikasan,https://github.com/ikasanEIP/ikasan/commit/c19e7bf76157432c48c3bddbf29fbc6dbac331d8,2018-02-01 19:25:02,1,Silent,S1,S1,False,Medium,5.0,CWE-200,,2015-10-06 19:35:55,2016-03-16 00:09:43,2016-05-17,,848.9924421296296,687.8023032407407,625.8090509259259,After Disclosure,2016,169,0,375.0,22.0,43.0,After disclosure,1,0,2.8893203360379656,0,0,5.135798437050262
CVE-2016-3674,com.thoughtworks.xstream:xstream,org.sakaiproject:sakai-citations-impl,sakaiproject/sakai,https://github.com/sakaiproject/sakai/commit/4add14c55c48bd7feff38210db81a7775d73e15a,2020-01-17 17:33:06,1,Silent,S1,S1,False,Medium,5.0,CWE-200,,2015-10-06 19:35:55,2016-03-16 00:09:43,2016-05-17,,1563.9147106481482,1402.724571759259,1340.7313194444444,After Disclosure,2016,169,0,8413.0,65.0,43.0,After disclosure,1,0,3.173173303751218,0,0,5.135798437050262
CVE-2016-3674,com.thoughtworks.xstream:xstream,org.axonframework:axon-core,AxonFramework/AxonFramework,https://github.com/AxonFramework/AxonFramework/commit/e919e82cefb3d73ba780ad110e9f952119d6e129,2016-05-30 07:30:32,1,Silent,S1,S1,False,Medium,5.0,CWE-200,,2015-10-06 19:35:55,2016-03-16 00:09:43,2016-05-17,,236.49626157407408,75.30612268518519,13.312870370370373,After Disclosure,2016,169,0,13407.5,408.5,43.0,After disclosure,1,0,2.210952431310433,0,0,5.135798437050262
CVE-2021-29943,org.apache.solr:solr-core,cool.solr:solr-thymeleaf,solr-cool/solr-thymeleaf,https://github.com/solr-cool/solr-thymeleaf/commit/da2eaf0676d9062d74a6d9aab860abf9f58161a6,2021-06-01 20:17:58,1,Transparent,T2,T2,False,Medium,6.4,CWE-863,2021-03-09 17:20:00,2021-04-05 13:13:44,2022-05-04 11:37:21,2021-04-13,84.12358796296296,57.29460648148148,-336.63846064814817,49.84581018518519,Disclosure->Release,2021,14,0,381.0,5.0,49.0,After disclosure,1,0,2.2990058417008323,1,0,2.70805020110221
CVE-2021-29943,org.apache.solr:solr-core,com.lucidworks.spark:spark-solr,LucidWorks/spark-solr,https://github.com/LucidWorks/spark-solr/commit/f175ec380a5bc50f6da478b48e0f443fb38746f4,2021-04-15 14:42:29,2,Transparent,T2,T2,False,Medium,6.4,CWE-863,2021-03-09 17:20:00,2021-04-05 13:13:44,2022-05-04 11:37:21,2021-04-13,36.89061342592593,10.061631944444445,-383.8714351851852,2.612835648148148,Disclosure->Release,2021,14,0,27951.0,431.0,49.0,After disclosure,1,0,2.1813777203004188,1,0,2.70805020110221
CVE-2021-29943,org.apache.solr:solr-core,cool.solr:solr-analyzers,solr-cool/solr-analyzers,https://github.com/solr-cool/solr-analyzers/commit/c6b828e3b7163ab0fe80af0ba3e85331ccf40b59,2021-06-02 06:17:04,4,Transparent,T2,T2,False,Medium,6.4,CWE-863,2021-03-09 17:20:00,2021-04-05 13:13:44,2022-05-04 11:37:21,2021-04-13,84.53962962962963,57.710648148148145,-336.2224189814815,50.26185185185185,Disclosure->Release,2021,14,0,356.0,5.0,49.0,After disclosure,1,0,2.2999125380562773,1,0,2.70805020110221
CVE-2021-29943,org.apache.solr:solr-core,cool.solr:solr-util,solr-cool/solr-util,https://github.com/solr-cool/solr-util/commit/0f25e26817dd310957208900c7b17cdeb99bc9fe,2021-06-01 17:49:31,2,Transparent,T2,T2,False,Medium,6.4,CWE-863,2021-03-09 17:20:00,2021-04-05 13:13:44,2022-05-04 11:37:21,2021-04-13,84.02049768518519,57.191516203703706,-336.74155092592594,49.742719907407405,Disclosure->Release,2021,14,0,615.0,11.0,49.0,After disclosure,1,0,2.298780879964468,1,0,2.70805020110221
CVE-2021-29943,org.apache.solr:solr-core,org.textexploration.mtas:mtas,textexploration/mtas,https://github.com/textexploration/mtas/commit/933d3b8c3f88e88fe63197ee05a9841e0aa0fe0b,2021-06-06 06:55:26,2,Transparent,T2,T2,False,Medium,6.4,CWE-863,2021-03-09 17:20:00,2021-04-05 13:13:44,2022-05-04 11:37:21,2021-04-13,88.56627314814814,61.737291666666664,-332.19577546296296,54.28849537037037,Disclosure->Release,2021,14,0,51332.0,351.0,49.0,After disclosure,1,0,2.308591509190098,1,0,2.70805020110221
CVE-2015-7940,org.bouncycastle:bcprov-jdk15on,org.keycloak:keycloak-tomcat-core-adapter,keycloak/keycloak,https://github.com/keycloak/keycloak/commit/50a2c1d0ed05547c7e03100a14808cc48af51515,2016-02-09 09:34:35,1,Silent,S1,S1,False,Medium,5.0,CWE-310;CWE-200,,2014-07-22 19:23:34,2014-07-25 21:08:05,2015-11-09,,566.5909837962963,563.5184027777777,92.39901620370372,After Disclosure,2015,93,0,617.0,9.0,82.0,After disclosure,1,0,2.3831386633426344,0,0,4.543294782270004
CVE-2019-10088,org.apache.tika:tika-core,org.restheart:restheart,SoftInstigate/restheart,https://github.com/SoftInstigate/restheart/commit/7eb3bcf3d039bb11fd9c7fa24aac0b9b08e2ceb6,2019-08-07 09:08:39,2,Silent,S1,S1,False,Medium,6.8,CWE-770,,2019-06-26 15:28:52,2019-07-29 12:10:42,2019-08-02,,41.73596064814815,8.873576388888889,5.381006944444445,After Disclosure,2019,24,0,17819.0,229.0,792.0,After disclosure,1,0,2.189224120321801,0,0,3.2188758248682006
CVE-2019-10088,org.apache.tika:tika-core,org.appng:appng-search,appNG/appng,https://github.com/appNG/appng/commit/62b55e61825e658c77bcdbe60fd34ce545f2c8a4,2022-05-18 12:10:38,4,Silent,S1,S1,False,Medium,6.8,CWE-770,,2019-06-26 15:28:52,2019-07-29 12:10:42,2019-08-02,,1056.862337962963,1023.9999537037036,1020.5073842592592,After Disclosure,2019,24,0,2164.0,30.0,792.0,After disclosure,1,0,3.0680862170919636,0,0,3.2188758248682006
CVE-2019-10088,org.apache.tika:tika-core,com.digitalpebble.stormcrawler:storm-crawler-core,DigitalPebble/storm-crawler,https://github.com/DigitalPebble/storm-crawler/commit/ba44d1d3801e8ce20bba93f7617bbe08b299bc3c,2019-08-05 06:21:16,3,Silent,S1,S1,False,Medium,6.8,CWE-770,,2019-06-26 15:28:52,2019-07-29 12:10:42,2019-08-02,,39.61972222222222,6.757337962962963,3.2647685185185185,After Disclosure,2019,24,0,7848.0,117.0,792.0,After disclosure,1,0,2.1832384306887453,0,0,3.2188758248682006
CVE-2015-0886,org.mindrot:jbcrypt,com.squareup.keywhiz:keywhiz-server,square/keywhiz,https://github.com/square/keywhiz/commit/75a2bca0ab9c9eb7491f149ca3776871baf37509,2015-06-11 00:01:06,1,Silent,S1,S1,False,Medium,5.0,CWE-190,,2015-02-02 11:56:52,2015-02-02 11:56:52,2015-02-27,,128.50293981481482,128.50293981481482,104.00076388888888,After Disclosure,2015,96,0,5604.0,131.5,44.0,After disclosure,1,0,2.403506520254851,0,0,4.574710978503383
CVE-2020-5397,org.springframework:spring-web,org.flowable:flowable-ui-admin-logic,flowable/flowable-engine,https://github.com/flowable/flowable-engine/commit/e0e4ff2886f0b9e1a0e1f62fb23cae21a6c90603,2020-03-08 14:05:10,1,Transparent,T1,T1,False,Low,2.6,CWE-352,2020-01-10 13:46:43,2020-01-13 08:33:14,2020-01-14 08:00:35,2020-01-17,58.0128125,55.23050925925926,54.253182870370374,51.586921296296296,After Disclosure,2020,80,0,3254.0,42.0,32015.0,After disclosure,1,0,2.302787764185228,1,0,4.394449154672439
CVE-2020-5397,org.springframework:spring-web,org.apache.openmeetings:openmeetings-db,apache/openmeetings,https://github.com/apache/openmeetings/commit/ae408b47a14480c49a07bc0162b47a903852030f,2020-01-18 06:05:16,2,Transparent,T1,T1,False,Low,2.6,CWE-352,2020-01-10 13:46:43,2020-01-13 08:33:14,2020-01-14 08:00:35,2020-01-17,7.679548611111112,4.897245370370371,3.9199189814814814,1.2536574074074074,After Disclosure,2020,80,0,28869.5,138.0,32015.0,After disclosure,1,0,2.1774726028535323,1,0,4.394449154672439
CVE-2020-5397,org.springframework:spring-web,com.github.rockylomo:rxlib,RockyLOMO/rxlib,https://github.com/RockyLOMO/rxlib/commit/e9166463aa40426720d941386ee07850ab5201f5,2020-02-28 03:10:49,1,Transparent,T1,T1,False,Low,2.6,CWE-352,2020-01-10 13:46:43,2020-01-13 08:33:14,2020-01-14 08:00:35,2020-01-17,48.55840277777778,45.776099537037034,44.79877314814815,42.13251157407407,After Disclosure,2020,80,0,13623.0,210.0,32015.0,After disclosure,1,0,2.281843702262812,1,0,4.394449154672439
CVE-2020-5397,org.springframework:spring-web,org.wicketstuff:wicketstuff-springreference,wicketstuff/core,https://github.com/wicketstuff/core/commit/6e61f649be5ec2e8182aaaa51ef43b83f2d64bbf,2020-04-06 15:17:10,1,Transparent,T1,T1,False,Low,2.6,CWE-352,2020-01-10 13:46:43,2020-01-13 08:33:14,2020-01-14 08:00:35,2020-01-17,87.0628125,84.28050925925926,83.30318287037036,80.6369212962963,After Disclosure,2020,80,0,311.0,6.0,32015.0,After disclosure,1,0,2.3614655235482673,1,0,4.394449154672439
CVE-2019-12402,org.apache.commons:commons-compress,nl.jpoint.vertx-deploy-tools:vertx-deploy-agent,msoute/vertx-deploy-mod,https://github.com/msoute/vertx-deploy-mod/commit/6377312b28a53493ee9a80ccd7b91ad98a448dc4,2019-09-05 10:55:40,1,Silent,S1,S1,False,Medium,5.0,CWE-835,,2019-08-23 16:55:56,2019-08-24 18:09:18,2019-08-30,,12.749814814814815,11.69886574074074,6.455324074074074,After Disclosure,2019,303,0,3619.0,53.0,112.0,After disclosure,1,0,2.192231499124619,0,0,5.717027701406222
CVE-2019-12402,org.apache.commons:commons-compress,de.tudarmstadt.ukp.dkpro.core:de.tudarmstadt.ukp.dkpro.core.api.datasets-asl,dkpro/dkpro-core,https://github.com/dkpro/dkpro-core/commit/aa3a0e5b8beb029991acecb3bae83804f6a531bb,2019-11-10 18:58:02,1,Silent,S1,S1,False,Medium,5.0,CWE-835,,2019-08-23 16:55:56,2019-08-24 18:09:18,2019-08-30,,79.08479166666666,78.03384259259259,72.79030092592592,After Disclosure,2019,303,0,1436.0,25.0,112.0,After disclosure,1,0,2.346381344133468,0,0,5.717027701406222
CVE-2019-12402,org.apache.commons:commons-compress,org.mycore:mycore-impex,MyCoRe-Org/mycore,https://github.com/MyCoRe-Org/mycore/commit/64d7e8a3323e77ac28e049b39abe7be4f0bd3631,2019-12-04 18:10:45,2,Silent,S1,S1,False,Medium,5.0,CWE-835,,2019-08-23 16:55:56,2019-08-24 18:09:18,2019-08-30,,103.05195601851852,102.00100694444444,96.75746527777778,After Disclosure,2019,303,0,644.0,5.0,112.0,After disclosure,1,0,2.3909027397773395,0,0,5.717027701406222
CVE-2019-12402,org.apache.commons:commons-compress,org.opentripplanner:otp,opentripplanner/OpenTripPlanner,https://github.com/opentripplanner/OpenTripPlanner/commit/2c586dc854e6147cf3c819bdbf8b2a8fb0de1116,2019-11-22 05:19:21,1,Silent,S1,S1,False,Medium,5.0,CWE-835,,2019-08-23 16:55:56,2019-08-24 18:09:18,2019-08-30,,90.51626157407408,89.4653125,84.22177083333334,After Disclosure,2019,303,0,87248.0,1240.0,112.0,After disclosure,1,0,2.368186385198701,0,0,5.717027701406222
CVE-2019-12402,org.apache.commons:commons-compress,com.github.fartherp:framework-compress,fartherp/framework,https://github.com/fartherp/framework/commit/3a445dbbf7037ec6f4b95599edd2cd6e5c0e8547,2020-01-12 10:00:22,1,Silent,S1,S1,False,Medium,5.0,CWE-835,,2019-08-23 16:55:56,2019-08-24 18:09:18,2019-08-30,,141.71141203703704,140.66046296296295,135.4169212962963,After Disclosure,2019,303,0,895.0,16.0,112.0,After disclosure,1,0,2.454297643693122,0,0,5.717027701406222
CVE-2019-12402,org.apache.commons:commons-compress,org.appng:appng-core,appNG/appng,https://github.com/appNG/appng/commit/f46d06873eb2a6e5db71f140d65986c57be4df13,2019-11-13 12:59:27,2,Silent,S1,S1,False,Medium,5.0,CWE-835,,2019-08-23 16:55:56,2019-08-24 18:09:18,2019-08-30,,81.83577546296296,80.78482638888889,75.54128472222222,After Disclosure,2019,303,0,19802.0,231.0,112.0,After disclosure,1,0,2.351729623879817,0,0,5.717027701406222
CVE-2019-12402,org.apache.commons:commons-compress,io.archivesunleashed:aut,archivesunleashed/aut,https://github.com/archivesunleashed/aut/commit/4e8b41d18be4c42e1f57dc025bc3fefac0cf8260,2019-10-14 19:52:15,1,Silent,S1,S1,False,Medium,5.0,CWE-835,,2019-08-23 16:55:56,2019-08-24 18:09:18,2019-08-30,,52.12244212962963,51.07149305555556,45.82795138888889,After Disclosure,2019,303,0,9271.0,298.0,112.0,After disclosure,1,0,2.2901507479538865,0,0,5.717027701406222
CVE-2019-12402,org.apache.commons:commons-compress,org.opencastproject:opencast-ingest-service-impl,opencast/opencast,https://github.com/opencast/opencast/commit/fa79fa173f1317d2a61e948bb0527e6780e571a0,2019-10-29 08:28:58,1,Silent,S1,S1,False,Medium,5.0,CWE-835,,2019-08-23 16:55:56,2019-08-24 18:09:18,2019-08-30,,66.64793981481482,65.59699074074074,60.35344907407407,After Disclosure,2019,303,0,21799.0,392.0,112.0,After disclosure,1,0,2.321344967251895,0,0,5.717027701406222
CVE-2019-12402,org.apache.commons:commons-compress,ca.uhn.hapi.fhir:hapi-fhir-cli-api,hapifhir/hapi-fhir,https://github.com/hapifhir/hapi-fhir/commit/272579761079a071f4dc9c07172b0efbce9886a0,2019-10-14 23:14:41,1,Silent,S1,S1,False,Medium,5.0,CWE-835,,2019-08-23 16:55:56,2019-08-24 18:09:18,2019-08-30,,52.263020833333336,51.21207175925926,45.968530092592594,After Disclosure,2019,303,0,3387.0,32.0,112.0,After disclosure,1,0,2.290463641526077,0,0,5.717027701406222
CVE-2019-12402,org.apache.commons:commons-compress,com.github.timofeevda.jstressy:jstressy-maven-plugin,timofeevda/jstressy,https://github.com/timofeevda/jstressy/commit/7ca2a2739abbb0cf1146a48237847b15241fd9f0,2019-11-13 08:08:31,1,Silent,S1,S1,False,Medium,5.0,CWE-835,,2019-08-23 16:55:56,2019-08-24 18:09:18,2019-08-30,,81.63373842592593,80.58278935185186,75.33924768518519,After Disclosure,2019,303,0,881.0,16.0,112.0,After disclosure,1,0,2.351339070014407,0,0,5.717027701406222
CVE-2019-12402,org.apache.commons:commons-compress,org.owasp:dependency-check-core,jeremylong/DependencyCheck,https://github.com/jeremylong/DependencyCheck/commit/e999b736c3049be58c04ce74305f5fe464189f7a,2019-09-21 11:04:56,1,Silent,S1,S1,False,Medium,5.0,CWE-835,,2019-08-23 16:55:56,2019-08-24 18:09:18,2019-08-30,,28.75625,27.70530092592593,22.46175925925926,After Disclosure,2019,303,0,20066.0,227.5,112.0,After disclosure,1,0,2.234734782858488,0,0,5.717027701406222
CVE-2019-12402,org.apache.commons:commons-compress,com.spotify:bigtable-autoscaler,spotify/bigtable-autoscaler,https://github.com/spotify/bigtable-autoscaler/commit/d1060f09c969dc69efea3161db1520b506dad001,2019-10-14 11:08:02,1,Silent,S1,S1,False,Medium,5.0,CWE-835,,2019-08-23 16:55:56,2019-08-24 18:09:18,2019-08-30,,51.758402777777775,50.707453703703706,45.46391203703703,After Disclosure,2019,303,0,2637.0,30.0,112.0,After disclosure,1,0,2.2893394367223134,0,0,5.717027701406222
CVE-2019-12402,org.apache.commons:commons-compress,com.sangupta:jerry-core,sangupta/jerry-core,https://github.com/sangupta/jerry-core/commit/b1caa0baf30673bc67767a3e58b6e1cbde7e22d7,2019-10-22 20:06:12,1,Silent,S1,S1,False,Medium,5.0,CWE-835,,2019-08-23 16:55:56,2019-08-24 18:09:18,2019-08-30,,60.13212962962963,59.081180555555555,53.83763888888889,After Disclosure,2019,303,0,9933.0,108.0,112.0,After disclosure,1,0,2.307628317723537,0,0,5.717027701406222
CVE-2019-12402,org.apache.commons:commons-compress,org.apache.any23:apache-any23-core,apache/any23,https://github.com/apache/any23/commit/4a78cf50ef690f8faa94240d69cf6b7ce28926a5,2019-11-19 15:35:38,1,Silent,S1,S1,False,Medium,5.0,CWE-835,,2019-08-23 16:55:56,2019-08-24 18:09:18,2019-08-30,,87.94423611111111,86.89328703703704,81.64974537037037,After Disclosure,2019,303,0,16195.0,266.0,112.0,After disclosure,1,0,2.3633749272130617,0,0,5.717027701406222
CVE-2019-12402,org.apache.commons:commons-compress,com.lithium.flow:flow,lithiumtech/flow,https://github.com/lithiumtech/flow/commit/02b9c34f7822d6b25bd6d47f82c64b103e129b05,2019-09-05 03:19:42,1,Silent,S1,S1,False,Medium,5.0,CWE-835,,2019-08-23 16:55:56,2019-08-24 18:09:18,2019-08-30,,12.433171296296296,11.382222222222222,6.138680555555555,After Disclosure,2019,303,0,13227.0,293.5,112.0,After disclosure,1,0,2.1913472686978173,0,0,5.717027701406222
CVE-2019-12402,org.apache.commons:commons-compress,org.deeplearning4j:dl4j-spark-parameterserver_2.11,deeplearning4j/deeplearning4j,https://github.com/deeplearning4j/deeplearning4j/commit/47d19908f46239f44c381059fa5608eb0d6218ac,2019-11-14 08:38:20,4,Silent,S1,S1,False,Medium,5.0,CWE-835,,2019-08-23 16:55:56,2019-08-24 18:09:18,2019-08-30,,82.65444444444445,81.60349537037037,76.35995370370371,After Disclosure,2019,303,0,5000.0,44.0,112.0,After disclosure,1,0,2.353308591776203,0,0,5.717027701406222
CVE-2019-12402,org.apache.commons:commons-compress,org.hyperledger.fabric-sdk-java:fabric-sdk-java,hyperledger/fabric-sdk-java,https://github.com/hyperledger/fabric-sdk-java/commit/199a600e7f72619d253bb739b67271e24fefa764,2019-11-28 13:53:34,1,Silent,S1,S1,False,Medium,5.0,CWE-835,,2019-08-23 16:55:56,2019-08-24 18:09:18,2019-08-30,,96.87335648148148,95.8224074074074,90.57886574074074,After Disclosure,2019,303,0,186463.0,1582.5,112.0,After disclosure,1,0,2.3798547335124334,0,0,5.717027701406222
CVE-2019-12402,org.apache.commons:commons-compress,org.deeplearning4j:deeplearning4j-core,eclipse/deeplearning4j,https://github.com/eclipse/deeplearning4j/commit/44aafa8ec8e4d861cb70c002c6288df593f65cf2,2021-12-02 01:52:17,2,Silent,S1,S1,False,Medium,5.0,CWE-835,,2019-08-23 16:55:56,2019-08-24 18:09:18,2019-08-30,,831.3724652777778,830.3215162037037,825.077974537037,After Disclosure,2019,303,0,5656.0,80.0,112.0,After disclosure,1,0,2.988693672468289,0,0,5.717027701406222
CVE-2019-12402,org.apache.commons:commons-compress,io.kubernetes:client-java,kubernetes-client/java,https://github.com/kubernetes-client/java/commit/e0a64bf1202bfc096db8e0b8abd9de60f76493b6,2019-10-14 21:50:26,1,Silent,S1,S1,False,Medium,5.0,CWE-835,,2019-08-23 16:55:56,2019-08-24 18:09:18,2019-08-30,,52.20451388888889,51.153564814814814,45.91002314814815,After Disclosure,2019,303,0,5690.0,110.0,112.0,After disclosure,1,0,2.290333446862738,0,0,5.717027701406222
CVE-2018-8009,org.apache.hadoop:hadoop-common,org.janusgraph:janusgraph-all,JanusGraph/janusgraph,https://github.com/JanusGraph/janusgraph/commit/95329035e9c5be384010c19f9d753a86e0e6ecfd,2019-06-26 17:36:31,2,Transparent,T2,T2,False,Medium,6.5,CWE-22,2018-05-23 08:20:20,2018-05-23 17:20:53,2018-11-13 13:45:18,2018-11-13,399.3862384259259,399.0108564814815,225.16056712962964,225.7336921296296,After Release,2018,134,0,0.0,0.0,6350.0,After disclosure,1,0,2.57398250068963,1,0,4.90527477843843
CVE-2018-8009,org.apache.hadoop:hadoop-common,com.lithium.flow:flow,lithiumtech/flow,https://github.com/lithiumtech/flow/commit/57c07583c68df9d935df14c61087b2503518d5b7,2019-02-03 02:30:15,1,Transparent,T2,T2,False,Medium,6.5,CWE-22,2018-05-23 08:20:20,2018-05-23 17:20:53,2018-11-13 13:45:18,2018-11-13,255.7568865740741,255.38150462962963,81.53121527777778,82.10434027777778,After Release,2018,134,0,13227.0,293.5,6350.0,After disclosure,1,0,2.364229219989033,1,0,4.90527477843843
CVE-2018-8009,org.apache.hadoop:hadoop-common,com.ibm.stocator:stocator,SparkTC/stocator,https://github.com/SparkTC/stocator/commit/bb6047bd8e66d5a08aabe595a33e9573424507f0,2022-06-02 06:44:23,1,Transparent,T2,T2,False,Medium,6.5,CWE-22,2018-05-23 08:20:20,2018-05-23 17:20:53,2018-11-13 13:45:18,2018-11-13,1470.9333680555555,1470.5579861111112,1296.7076967592593,1297.2808217592592,After Release,2018,134,0,2891.0,38.5,6350.0,After disclosure,1,0,3.1603199461220832,1,0,4.90527477843843
CVE-2018-8009,org.apache.hadoop:hadoop-common,com.yahoo.datasketches:sketches-pig,DataSketches/sketches-pig,https://github.com/DataSketches/sketches-pig/commit/9e6ea1c843335fbfe9c9832080e01d130dcd5072,2019-10-08 00:33:04,1,Transparent,T2,T2,False,Medium,6.5,CWE-22,2018-05-23 08:20:20,2018-05-23 17:20:53,2018-11-13 13:45:18,2018-11-13,502.6755092592593,502.3001273148148,328.449837962963,329.02296296296294,After Release,2018,134,0,2823.0,63.0,6350.0,After disclosure,1,0,2.6796524036653673,1,0,4.90527477843843
CVE-2018-8009,org.apache.hadoop:hadoop-common,com.hotels:waggle-dance-core,ExpediaGroup/waggle-dance,https://github.com/ExpediaGroup/waggle-dance/commit/cb5ecb3ae8f05d096fd4df5bc718f116eef01606,2022-02-16 16:45:04,2,Transparent,T2,T2,False,Medium,6.5,CWE-22,2018-05-23 08:20:20,2018-05-23 17:20:53,2018-11-13 13:45:18,2018-11-13,1365.3505092592593,1364.975127314815,1191.124837962963,1191.697962962963,After Release,2018,134,0,10000.0,406.0,6350.0,After disclosure,1,0,3.127403569370201,1,0,4.90527477843843
CVE-2018-8009,org.apache.hadoop:hadoop-common,com.github.jsr203hadoop:jsr203hadoop,damiencarol/jsr203-hadoop,https://github.com/damiencarol/jsr203-hadoop/commit/2a86bf610fa7cbeba39183ec2b75bcf56d4b61b0,2021-03-27 23:27:18,2,Transparent,T2,T2,False,Medium,6.5,CWE-22,2018-05-23 08:20:20,2018-05-23 17:20:53,2018-11-13 13:45:18,2018-11-13,1039.629837962963,1039.2544560185186,865.4041666666667,865.9772916666667,After Release,2018,134,0,2413.0,29.0,6350.0,After disclosure,1,0,3.006552247803465,1,0,4.90527477843843
CVE-2018-8009,org.apache.hadoop:hadoop-common,com.marklogic:mlcp,marklogic/marklogic-contentpump,https://github.com/marklogic/marklogic-contentpump/commit/6ca7d8ef2d269dac8a2f416888f814571d7d6eff,2022-07-19 01:10:32,2,Transparent,T2,T2,False,Medium,6.5,CWE-22,2018-05-23 08:20:20,2018-05-23 17:20:53,2018-11-13 13:45:18,2018-11-13,1517.7015277777778,1517.3261458333334,1343.4758564814815,1344.0489814814814,After Release,2018,134,0,12237.0,132.0,6350.0,After disclosure,1,0,3.1741392658363354,1,0,4.90527477843843
CVE-2018-8009,org.apache.hadoop:hadoop-common,com.yahoo.datasketches:sketches-hive,DataSketches/sketches-hive,https://github.com/DataSketches/sketches-hive/commit/65d659c07d47213486f45e046ffa84e38162b4f0,2018-12-20 23:26:53,3,Transparent,T2,T2,False,Medium,6.5,CWE-22,2018-05-23 08:20:20,2018-05-23 17:20:53,2018-11-13 13:45:18,2018-11-13,211.62954861111112,211.25416666666663,37.403877314814814,37.97700231481482,After Release,2018,134,0,1654.0,53.0,6350.0,After disclosure,1,0,2.272308636924499,1,0,4.90527477843843
CVE-2021-39151,com.thoughtworks.xstream:xstream,com.swiftmq:swiftmq-client,iitsoftware/swiftmq-client,https://github.com/iitsoftware/swiftmq-client/commit/9506bd2e6e1163342b52f8c5c99fb9b13c8d90fc,2021-08-25 15:41:07,9,Silent,S1,S1,False,Medium,6.0,CWE-502;CWE-434,,2021-05-26 19:43:09,2021-08-22 13:57:44,2021-08-23,,90.8319212962963,3.0717939814814814,2.6535532407407407,After Disclosure,2021,179,0,149380.0,1984.0,566.0,After disclosure,1,0,2.1814941678780175,0,0,5.19295685089021
CVE-2021-39151,com.thoughtworks.xstream:xstream,com.thankjava.toolkit3d:fast-toolkit3d,lazy-koala/java-toolkit,https://github.com/lazy-koala/java-toolkit/commit/614102adc1ddeb4146640c17cb4dce1b1a07d7dc,2022-02-01 00:57:29,9,Silent,S1,S1,False,Medium,6.0,CWE-502;CWE-434,,2021-05-26 19:43:09,2021-08-22 13:57:44,2021-08-23,,250.21828703703704,162.45815972222223,162.0399189814815,After Disclosure,2021,179,0,3457.0,53.0,566.0,After disclosure,1,0,2.4931290621434243,0,0,5.19295685089021
CVE-2021-39151,com.thoughtworks.xstream:xstream,org.infinispan:infinispan-server-core,infinispan/infinispan,https://github.com/infinispan/infinispan/commit/d617eec6dfe533cea066961a5afb2340131556d3,2021-08-25 17:49:50,9,Silent,S1,S1,False,Medium,6.0,CWE-502;CWE-434,,2021-05-26 19:43:09,2021-08-22 13:57:44,2021-08-23,,90.92130787037036,3.1611805555555557,2.742939814814815,After Disclosure,2021,179,0,4452.0,97.0,566.0,After disclosure,1,0,2.1817496936250604,0,0,5.19295685089021
CVE-2021-39151,com.thoughtworks.xstream:xstream,org.smooks:smooks-core,smooks/smooks,https://github.com/smooks/smooks/commit/b1412cfcf80e8bf7ddcc1ec709c256387879e6b6,2021-12-01 12:51:41,9,Silent,S1,S1,False,Medium,6.0,CWE-502;CWE-434,,2021-05-26 19:43:09,2021-08-22 13:57:44,2021-08-23,,188.71425925925925,100.95413194444444,100.5358912037037,After Disclosure,2021,179,0,19961.0,350.0,566.0,After disclosure,1,0,2.397523046722685,0,0,5.19295685089021
CVE-2021-39151,com.thoughtworks.xstream:xstream,org.patterntesting:patterntesting-rt,oboehm/PatternTesting2,https://github.com/oboehm/PatternTesting2/commit/3c61a09701c9e09a8839936d5d432b6e1a913e2f,2021-12-19 14:18:47,6,Silent,S1,S1,False,Medium,6.0,CWE-502;CWE-434,,2021-05-26 19:43:09,2021-08-22 13:57:44,2021-08-23,,206.77474537037037,119.01461805555556,118.59637731481482,After Disclosure,2021,179,0,11982.0,199.0,566.0,After disclosure,1,0,2.427843944125195,0,0,5.19295685089021
CVE-2021-39151,com.thoughtworks.xstream:xstream,org.javalite:javalite-async,javalite/activejdbc,https://github.com/javalite/activejdbc/commit/df9a9dd065faf12a9a6279266dee5857cd4b5c81,2021-08-25 15:54:57,9,Silent,S1,S1,False,Medium,6.0,CWE-502;CWE-434,,2021-05-26 19:43:09,2021-08-22 13:57:44,2021-08-23,,90.84152777777778,3.081400462962963,2.6631597222222223,After Disclosure,2021,179,0,1147.0,13.0,566.0,After disclosure,1,0,2.1815216367457917,0,0,5.19295685089021
CVE-2021-39151,com.thoughtworks.xstream:xstream,com.sangupta:jerry-core,sangupta/jerry-core,https://github.com/sangupta/jerry-core/commit/926de8e002b40cd670a056ebb11493b3910a0a8b,2021-10-06 16:54:21,2,Silent,S1,S1,False,Medium,6.0,CWE-502;CWE-434,,2021-05-26 19:43:09,2021-08-22 13:57:44,2021-08-23,,132.8827777777778,45.122650462962966,44.70440972222222,After Disclosure,2021,179,0,9933.0,108.0,566.0,After disclosure,1,0,2.287641887113916,0,0,5.19295685089021
CVE-2021-39151,com.thoughtworks.xstream:xstream,com.github.psi-probe:psi-probe-core,psi-probe/psi-probe,https://github.com/psi-probe/psi-probe/commit/cf3dd7317060ef7cb67f57686b0d760bdfa659d5,2021-08-23 07:01:58,9,Silent,S1,S1,False,Medium,6.0,CWE-502;CWE-434,,2021-05-26 19:43:09,2021-08-22 13:57:44,2021-08-23,,88.47140046296296,0.7112731481481481,0.2930324074074074,After Disclosure,2021,179,0,19822.0,302.0,566.0,After disclosure,1,0,2.1746912536054115,0,0,5.19295685089021
CVE-2021-39151,com.thoughtworks.xstream:xstream,de.alpharogroup:email-tails,lightblueseas/email-tails,https://github.com/lightblueseas/email-tails/commit/997627a510bf8c40e6f2e0f799827ba5c7180a44,2022-02-28 14:46:26,14,Silent,S1,S1,False,Medium,6.0,CWE-502;CWE-434,,2021-05-26 19:43:09,2021-08-22 13:57:44,2021-08-23,,277.79394675925926,190.03381944444445,189.6155787037037,After Disclosure,2021,179,0,1002.0,12.0,566.0,After disclosure,1,0,2.5299943912116145,0,0,5.19295685089021
CVE-2021-39151,com.thoughtworks.xstream:xstream,org.wicketstuff:jqplot4java,wicketstuff/core,https://github.com/wicketstuff/core/commit/3fbd67082cf0ef7ec0114def59d07d496ded3a56,2021-08-25 15:46:01,9,Silent,S1,S1,False,Medium,6.0,CWE-502;CWE-434,,2021-05-26 19:43:09,2021-08-22 13:57:44,2021-08-23,,90.83532407407408,3.075196759259259,2.6569560185185184,After Disclosure,2021,179,0,6072.0,85.0,566.0,After disclosure,1,0,2.1815038980130264,0,0,5.19295685089021
CVE-2021-39151,com.thoughtworks.xstream:xstream,org.ikasan:ikasan-builder,ikasanEIP/ikasan,https://github.com/ikasanEIP/ikasan/commit/61a7c97cafa108f1b62ae732aab3b5136d076901,2021-09-06 19:17:59,9,Silent,S1,S1,False,Medium,6.0,CWE-502;CWE-434,,2021-05-26 19:43:09,2021-08-22 13:57:44,2021-08-23,,102.98252314814816,15.222395833333334,14.804155092592593,After Disclosure,2021,179,0,6070.0,86.0,566.0,After disclosure,1,0,2.214918933406759,0,0,5.19295685089021
CVE-2021-39151,com.thoughtworks.xstream:xstream,io.quarkus:quarkus-junit5,quarkusio/quarkus,https://github.com/quarkusio/quarkus/commit/3aa4e47faa4b4df927d75a5379f45aeea3fc3f87,2021-08-23 20:37:45,9,Silent,S1,S1,False,Medium,6.0,CWE-502;CWE-434,,2021-05-26 19:43:09,2021-08-22 13:57:44,2021-08-23,,89.03791666666666,1.277789351851852,0.8595486111111111,After Disclosure,2021,179,0,1063.0,31.0,566.0,After disclosure,1,0,2.17633367247396,0,0,5.19295685089021
CVE-2021-39151,com.thoughtworks.xstream:xstream,com.xceptance:xlt,Xceptance/XLT,https://github.com/Xceptance/XLT/commit/1b675b0b83f1e66c98d765f92bf2bae4de5a9369,2021-08-31 15:14:53,9,Silent,S1,S1,False,Medium,6.0,CWE-502;CWE-434,,2021-05-26 19:43:09,2021-08-22 13:57:44,2021-08-23,,96.81370370370372,9.053576388888889,8.635335648148148,After Disclosure,2021,179,0,146667.0,2303.0,566.0,After disclosure,1,0,2.1982708247929565,0,0,5.19295685089021
CVE-2021-39151,com.thoughtworks.xstream:xstream,org.optaplanner:optaplanner-examples,kiegroup/optaplanner,https://github.com/kiegroup/optaplanner/commit/31ec3c3a5aa5a7d05e4f80c0ae6439b1159ea62b,2021-08-31 16:40:48,9,Silent,S1,S1,False,Medium,6.0,CWE-502;CWE-434,,2021-05-26 19:43:09,2021-08-22 13:57:44,2021-08-23,,96.87336805555556,9.11324074074074,8.695,After Disclosure,2021,179,0,43487.0,668.0,566.0,After disclosure,1,0,2.1984349390662166,0,0,5.19295685089021
CVE-2021-39151,com.thoughtworks.xstream:xstream,com.github.spotbugs:sonar-findbugs-plugin,spotbugs/sonar-findbugs,https://github.com/spotbugs/sonar-findbugs/commit/d4b81e4456be033422c6b1502ef6f8bd5fa1a8c5,2021-08-25 23:07:08,9,Silent,S1,S1,False,Medium,6.0,CWE-502;CWE-434,,2021-05-26 19:43:09,2021-08-22 13:57:44,2021-08-23,,91.1416550925926,3.381527777777778,2.963287037037037,After Disclosure,2021,179,0,13133.0,191.0,566.0,After disclosure,1,0,2.182378949866019,0,0,5.19295685089021
CVE-2021-39151,com.thoughtworks.xstream:xstream,ro.pippo:pippo-xstream,pippo-java/pippo,https://github.com/pippo-java/pippo/commit/8330892700e3911192f1e17a11100ec3ec58ef84,2021-11-02 09:00:16,9,Silent,S1,S1,False,Medium,6.0,CWE-502;CWE-434,,2021-05-26 19:43:09,2021-08-22 13:57:44,2021-08-23,,159.55355324074074,71.79342592592593,71.37518518518519,After Disclosure,2021,179,0,47.0,2.0,566.0,After disclosure,1,0,2.343604300452925,0,0,5.19295685089021
CVE-2021-39151,com.thoughtworks.xstream:xstream,org.powertac:common,powertac/powertac-core,https://github.com/powertac/powertac-core/commit/bdad13c6c171376de33fdca091023d69f6930e7d,2021-10-05 17:14:44,9,Silent,S1,S1,False,Medium,6.0,CWE-502;CWE-434,,2021-05-26 19:43:09,2021-08-22 13:57:44,2021-08-23,,131.89693287037036,44.136805555555554,43.71856481481481,After Disclosure,2021,179,0,8040.0,110.0,566.0,After disclosure,1,0,2.2854285006751986,0,0,5.19295685089021
CVE-2021-39151,com.thoughtworks.xstream:xstream,net.ripe.rpki:rpki-commons,RIPE-NCC/rpki-commons,https://github.com/RIPE-NCC/rpki-commons/commit/cb41248bb0e21780857596da401b9a891c6ee1b7,2021-08-26 11:52:31,9,Silent,S1,S1,False,Medium,6.0,CWE-502;CWE-434,,2021-05-26 19:43:09,2021-08-22 13:57:44,2021-08-23,,91.6731712962963,3.9130439814814815,3.494803240740741,After Disclosure,2021,179,0,11426.0,225.0,566.0,After disclosure,1,0,2.183893084811566,0,0,5.19295685089021
CVE-2021-39151,com.thoughtworks.xstream:xstream,no.mnemonic.messaging:requestsink-jms,mnemonic-no/messaging,https://github.com/mnemonic-no/messaging/commit/d8886c882334c967157a32be125fb0dc9b67f2d2,2021-09-09 08:47:56,9,Silent,S1,S1,False,Medium,6.0,CWE-502;CWE-434,,2021-05-26 19:43:09,2021-08-22 13:57:44,2021-08-23,,105.54498842592592,17.784861111111113,17.36662037037037,After Disclosure,2021,179,0,2679.0,37.0,566.0,After disclosure,1,0,2.221651070485473,0,0,5.19295685089021
CVE-2021-28164,org.eclipse.jetty:jetty-server,us.springett:alpine-executable-war,stevespringett/Alpine,https://github.com/stevespringett/Alpine/commit/fc0090b48e855680372ad9a1799a836985178842,2021-05-17 02:24:44,1,Silent,S1,T4,True,Medium,5.0,,,2021-03-24 01:10:28,2021-03-25 09:36:22,2021-04-01,,54.051574074074075,52.70025462962963,46.10050925925926,After Disclosure,2021,26,0,406983.0,3595.0,2914.0,After disclosure,1,0,2.29075718962308,0,0,3.295836866004329
CVE-2021-28164,org.eclipse.jetty:jetty-server,org.aktin:broker-admin,aktin/broker,https://github.com/aktin/broker/commit/9608fd5fd85c6771fc1c0e3f7b485a62bd572533,2021-09-14 22:09:01,1,Silent,S1,T4,True,Medium,5.0,,,2021-03-24 01:10:28,2021-03-25 09:36:22,2021-04-01,,174.87399305555556,173.52267361111112,166.92292824074073,After Disclosure,2021,26,0,657.0,11.5,2914.0,After disclosure,1,0,2.499889243110579,0,0,3.295836866004329
CVE-2021-28164,org.eclipse.jetty:jetty-server,com.trib3:testing,trib3/leakycauldron,https://github.com/trib3/leakycauldron/commit/d7d6ef30e2086a6c3c52a7bd1ed2e44d9ffa0927,2021-03-29 18:22:19,1,Silent,S1,T4,True,Medium,5.0,,,2021-03-24 01:10:28,2021-03-25 09:36:22,2021-04-01,,5.7165625,4.365243055555555,-2.234502314814814,Release->Disclosure,2021,26,0,480.0,10.0,2914.0,Safe window,0,1,2.1672869007887274,0,0,3.295836866004329
CVE-2021-28164,org.eclipse.jetty:jetty-server,org.noear:solon.boot.jetty,noear/solon,https://github.com/noear/solon/commit/e55ff8fd836696b22f6f89b096041f521ce6c780,2021-07-20 02:10:41,1,Silent,S1,T4,True,Medium,5.0,,,2021-03-24 01:10:28,2021-03-25 09:36:22,2021-04-01,,118.04181712962964,116.69049768518518,110.09075231481482,After Disclosure,2021,26,0,739.0,16.0,2914.0,After disclosure,1,0,2.4138275615967633,0,0,3.295836866004329
CVE-2021-28164,org.eclipse.jetty:jetty-server,io.nflow:nflow-jetty,NitorCreations/nflow,https://github.com/NitorCreations/nflow/commit/7de517e1920fa8379475862bc466850c787b7c15,2021-04-09 09:46:19,1,Silent,S1,T4,True,Medium,5.0,,,2021-03-24 01:10:28,2021-03-25 09:36:22,2021-04-01,,16.358229166666668,15.006909722222222,8.407164351851852,After Disclosure,2021,26,0,545.5,10.5,2914.0,After disclosure,1,0,2.1976426383614944,0,0,3.295836866004329
CVE-2021-28164,org.eclipse.jetty:jetty-server,org.apache.avro:avro-ipc-jetty,apache/avro,https://github.com/apache/avro/commit/2b299efb6ce3b294991e3461304e4f1715579ddc,2021-04-04 09:36:26,1,Silent,S1,T4,True,Medium,5.0,,,2021-03-24 01:10:28,2021-03-25 09:36:22,2021-04-01,,11.35136574074074,10.000046296296295,3.400300925925926,After Disclosure,2021,26,0,164.0,3.0,2914.0,After disclosure,1,0,2.183624260787291,0,0,3.295836866004329
CVE-2017-17485,com.fasterxml.jackson.core:jackson-databind,org.wicketstuff:wicketstuff-restannotations-json,wicketstuff/core,https://github.com/wicketstuff/core/commit/81b81a26922d5f929c81c13678cd533baa5fab90,2018-02-17 16:17:33,1,Transparent,T1,T1,False,High,7.5,CWE-502,2017-12-12 06:24:38,2017-12-12 17:15:56,2017-12-19 19:24:27,2018-01-10,67.41174768518519,66.95945601851852,59.87020833333333,38.67885416666667,After Disclosure,2018,172,0,101.0,5.0,1372.0,After disclosure,1,0,2.273933842368367,1,1,5.153291594497779
CVE-2017-17485,com.fasterxml.jackson.core:jackson-databind,cn.com.riversoft:weixin-common,borball/weixin-sdk,https://github.com/borball/weixin-sdk/commit/da66e1f74d35223f550b6b7630d446fca800880f,2019-10-30 07:14:43,1,Transparent,T1,T1,False,High,7.5,CWE-502,2017-12-12 06:24:38,2017-12-12 17:15:56,2017-12-19 19:24:27,2018-01-10,687.0347800925925,686.5824884259259,679.4932407407407,658.301886574074,After Disclosure,2018,172,0,3176.0,69.0,1372.0,After disclosure,1,0,2.907156561560844,1,1,5.153291594497779
CVE-2017-17485,com.fasterxml.jackson.core:jackson-databind,com.github.ddth:ddth-commons-core,DDTH/ddth-commons,https://github.com/DDTH/ddth-commons/commit/fad434d055ed420e5cc0ea66cc3155d1e23bd762,2018-04-27 07:56:05,1,Transparent,T1,T1,False,High,7.5,CWE-502,2017-12-12 06:24:38,2017-12-12 17:15:56,2017-12-19 19:24:27,2018-01-10,136.06350694444444,135.61121527777777,128.5219675925926,107.33061342592592,After Disclosure,2018,172,0,2543.5,36.0,1372.0,After disclosure,1,0,2.4091801695580917,1,1,5.153291594497779
CVE-2017-17485,com.fasterxml.jackson.core:jackson-databind,com.marklogic:mlcp,marklogic/marklogic-contentpump,https://github.com/marklogic/marklogic-contentpump/commit/5cb5dd64894b8813dc2e74ccd1787cac0a8a5ca4,2020-06-19 21:34:47,1,Transparent,T1,T1,False,High,7.5,CWE-502,2017-12-12 06:24:38,2017-12-12 17:15:56,2017-12-19 19:24:27,2018-01-10,920.6320486111111,920.1797569444444,913.0905092592592,891.8991550925925,After Disclosure,2018,172,0,12237.0,132.0,1372.0,After disclosure,1,0,3.0175021895156413,1,1,5.153291594497779
CVE-2018-1000850,com.squareup.retrofit2:retrofit,cn.springboot:best-pay-sdk,Pay-Group/best-pay-sdk,https://github.com/Pay-Group/best-pay-sdk/commit/5de8992805606e6d37f978d423bf0ed0898e4018,2019-09-10 03:27:15,3,Transparent,T1,T1,False,Medium,6.4,CWE-22,2018-10-16 20:24:22,2018-10-22 22:03:02,2018-11-18 16:26:27,2018-12-20,328.29366898148146,322.225150462963,295.4588888888889,264.1439236111111,After Disclosure,2018,129,0,7035.0,67.0,27953.0,After disclosure,1,0,2.6163369849416753,1,0,4.867534450455582
CVE-2018-1000850,com.squareup.retrofit2:retrofit,org.graylog2:graylog2-server,Graylog2/graylog2-server,https://github.com/Graylog2/graylog2-server/commit/4299bcfd6f6685cc44696052e2dd0fde56b89fd1,2019-07-02 16:06:52,1,Transparent,T1,T1,False,Medium,6.4,CWE-22,2018-10-16 20:24:22,2018-10-22 22:03:02,2018-11-18 16:26:27,2018-12-20,258.82118055555554,252.75266203703703,225.98640046296296,194.67143518518515,After Disclosure,2018,129,0,81519.0,2129.5,27953.0,After disclosure,1,0,2.5364266654299694,1,0,4.867534450455582
CVE-2021-21351,com.thoughtworks.xstream:xstream,com.github.psi-probe:psi-probe-core,psi-probe/psi-probe,https://github.com/psi-probe/psi-probe/commit/7fab8b106f725eab6eebb2bd99188605c105a2f7,2021-03-15 05:47:19,4,Transparent,T1,T1,False,Medium,6.5,CWE-502;CWE-434,2021-01-05 22:45:58,2021-01-06 14:28:50,2021-03-13 00:22:38,2021-03-22,68.29260416666666,67.63783564814815,2.2254745370370372,-6.7588078703703705,Release->Disclosure,2021,179,0,19822.0,302.0,535.0,Safe window,0,1,2.153709382034317,1,0,5.19295685089021
CVE-2021-21351,com.thoughtworks.xstream:xstream,org.smooks:smooks-all,smooks/smooks,https://github.com/smooks/smooks/commit/eb9cf831fe330ee8271612e2a3dbeb4ef0da2199,2021-03-22 18:24:46,4,Transparent,T1,T1,False,Medium,6.5,CWE-502;CWE-434,2021-01-05 22:45:58,2021-01-06 14:28:50,2021-03-13 00:22:38,2021-03-22,75.81861111111111,75.16384259259259,9.751481481481482,0.7671990740740741,After Disclosure,2021,179,0,25018.0,475.0,535.0,After disclosure,1,0,2.176066360132063,1,0,5.19295685089021
CVE-2021-21351,com.thoughtworks.xstream:xstream,no.mnemonic.messaging:requestsink-jms,mnemonic-no/messaging,https://github.com/mnemonic-no/messaging/commit/ad1d2ddde0f14edbade60c0c50acc40813048778,2021-04-19 13:56:09,4,Transparent,T1,T1,False,Medium,6.5,CWE-502;CWE-434,2021-01-05 22:45:58,2021-01-06 14:28:50,2021-03-13 00:22:38,2021-03-22,103.63207175925926,102.97730324074074,37.56494212962963,28.580659722222222,After Disclosure,2021,179,0,2679.0,37.0,535.0,After disclosure,1,0,2.249943630227402,1,0,5.19295685089021
CVE-2021-21351,com.thoughtworks.xstream:xstream,org.patterntesting:patterntesting-rt,oboehm/PatternTesting2,https://github.com/oboehm/PatternTesting2/commit/23be204ec99d64604a7122c4f8cefb423ba6a340,2021-05-18 20:26:17,3,Transparent,T1,T1,False,Medium,6.5,CWE-502;CWE-434,2021-01-05 22:45:58,2021-01-06 14:28:50,2021-03-13 00:22:38,2021-03-22,132.9029976851852,132.24822916666668,66.83586805555555,57.851585648148145,After Disclosure,2021,179,0,11982.0,199.0,535.0,After disclosure,1,0,2.316129320665722,1,0,5.19295685089021
CVE-2021-21351,com.thoughtworks.xstream:xstream,com.sangupta:jerry-core,sangupta/jerry-core,https://github.com/sangupta/jerry-core/commit/380b8ce5df0ffb3edf334d129d58deb200802fee,2021-08-25 15:34:34,10,Transparent,T1,T1,False,Medium,6.5,CWE-502;CWE-434,2021-01-05 22:45:58,2021-01-06 14:28:50,2021-03-13 00:22:38,2021-03-22,231.70041666666663,231.04564814814816,165.63328703703704,156.64900462962962,After Disclosure,2021,179,0,9933.0,108.0,535.0,After disclosure,1,0,2.485541435180302,1,0,5.19295685089021
CVE-2021-21351,com.thoughtworks.xstream:xstream,org.neo4j.build.plugins:licensing-maven-plugin,neo4j/licensing-maven-plugin,https://github.com/neo4j/licensing-maven-plugin/commit/26a039e7f2d41eada122c97686b5b0f0553d5538,2021-04-23 06:57:29,5,Transparent,T1,T1,False,Medium,6.5,CWE-502;CWE-434,2021-01-05 22:45:58,2021-01-06 14:28:50,2021-03-13 00:22:38,2021-03-22,107.34133101851852,106.6865625,41.27420138888889,32.289918981481485,After Disclosure,2021,179,0,1627.0,14.0,535.0,After disclosure,1,0,2.258910415379855,1,0,5.19295685089021
CVE-2021-21351,com.thoughtworks.xstream:xstream,org.ikasan:ikasan-filetransfer-common,ikasanEIP/ikasan,https://github.com/ikasanEIP/ikasan/commit/f3046e83a2231cc76d98c01c8fecc3715229b468,2021-05-04 20:07:15,6,Transparent,T1,T1,False,Medium,6.5,CWE-502;CWE-434,2021-01-05 22:45:58,2021-01-06 14:28:50,2021-03-13 00:22:38,2021-03-22,118.8897800925926,118.23501157407408,52.82265046296296,43.83836805555555,After Disclosure,2021,179,0,2737.0,43.0,535.0,After disclosure,1,0,2.2856980818609154,1,0,5.19295685089021
CVE-2021-21351,com.thoughtworks.xstream:xstream,io.quarkus:quarkus-junit5,quarkusio/quarkus,https://github.com/quarkusio/quarkus/commit/2e61de4423803616d2a17ec25ac398b754005fd1,2021-03-15 22:06:04,4,Transparent,T1,T1,False,Medium,6.5,CWE-502;CWE-434,2021-01-05 22:45:58,2021-01-06 14:28:50,2021-03-13 00:22:38,2021-03-22,68.97229166666666,68.31752314814815,2.9051620370370372,-6.0791203703703705,Release->Disclosure,2021,179,0,1063.0,31.0,535.0,Safe window,0,1,2.155776428688607,1,0,5.19295685089021
CVE-2021-21351,com.thoughtworks.xstream:xstream,com.swiftmq:swiftmq-client,iitsoftware/swiftmq-client,https://github.com/iitsoftware/swiftmq-client/commit/10eb973b3cfc9c5afa58868326306efcf2b82413,2021-03-22 23:52:39,4,Transparent,T1,T1,False,Medium,6.5,CWE-502;CWE-434,2021-01-05 22:45:58,2021-01-06 14:28:50,2021-03-13 00:22:38,2021-03-22,76.04630787037037,75.39153935185185,9.97917824074074,0.9948958333333332,After Disclosure,2021,179,0,149380.0,1984.0,535.0,After disclosure,1,0,2.1767251476549374,1,0,5.19295685089021
CVE-2021-21351,com.thoughtworks.xstream:xstream,com.thankjava.toolkit3d:fast-toolkit3d,lazy-koala/java-toolkit,https://github.com/lazy-koala/java-toolkit/commit/16d615c76b02bc1b470e1adfe1ef8e2894e196e4,2021-03-22 23:46:33,5,Transparent,T1,T1,False,Medium,6.5,CWE-502;CWE-434,2021-01-05 22:45:58,2021-01-06 14:28:50,2021-03-13 00:22:38,2021-03-22,76.04207175925926,75.38730324074074,9.97494212962963,0.9906597222222222,After Disclosure,2021,179,0,3457.0,53.0,535.0,After disclosure,1,0,2.1767129005728125,1,0,5.19295685089021
CVE-2021-21351,com.thoughtworks.xstream:xstream,org.wicketstuff:jqplot4java,wicketstuff/core,https://github.com/wicketstuff/core/commit/8e386bd8dd2411f31c66bd45717f32fb40f9ad75,2021-03-23 06:56:31,4,Transparent,T1,T1,False,Medium,6.5,CWE-502;CWE-434,2021-01-05 22:45:58,2021-01-06 14:28:50,2021-03-13 00:22:38,2021-03-22,76.34065972222223,75.6858912037037,10.273530092592592,1.2892476851851853,After Disclosure,2021,179,0,6072.0,85.0,535.0,After disclosure,1,0,2.177575307887971,1,0,5.19295685089021
CVE-2021-21351,com.thoughtworks.xstream:xstream,com.xceptance:xlt,Xceptance/XLT,https://github.com/Xceptance/XLT/commit/c11b5e4a66dad8b821f68be09d1cf4de90630753,2021-06-02 12:44:03,5,Transparent,T1,T1,False,Medium,6.5,CWE-502;CWE-434,2021-01-05 22:45:58,2021-01-06 14:28:50,2021-03-13 00:22:38,2021-03-22,147.58200231481482,146.9272337962963,81.51487268518518,72.53059027777778,After Disclosure,2021,179,0,146667.0,2303.0,535.0,After disclosure,1,0,2.3458730128190255,1,0,5.19295685089021
CVE-2021-21351,com.thoughtworks.xstream:xstream,de.alpharogroup:email-tails,lightblueseas/email-tails,https://github.com/lightblueseas/email-tails/commit/997627a510bf8c40e6f2e0f799827ba5c7180a44,2022-02-28 14:46:26,14,Transparent,T1,T1,False,Medium,6.5,CWE-502;CWE-434,2021-01-05 22:45:58,2021-01-06 14:28:50,2021-03-13 00:22:38,2021-03-22,418.66699074074074,418.01222222222225,352.5998611111111,343.6155787037037,After Disclosure,2021,179,0,1002.0,12.0,535.0,After disclosure,1,0,2.692705755117098,1,0,5.19295685089021
CVE-2021-21351,com.thoughtworks.xstream:xstream,com.github.spotbugs:sonar-findbugs-plugin,spotbugs/sonar-findbugs,https://github.com/spotbugs/sonar-findbugs/commit/046b7c1ba7d0411c201f4fad61145950614e093a,2021-05-19 04:10:58,4,Transparent,T1,T1,False,Medium,6.5,CWE-502;CWE-434,2021-01-05 22:45:58,2021-01-06 14:28:50,2021-03-13 00:22:38,2021-03-22,133.22569444444446,132.57092592592593,67.15856481481481,58.17428240740741,After Disclosure,2021,179,0,13133.0,191.0,535.0,After disclosure,1,0,2.3168055771190352,1,0,5.19295685089021
CVE-2021-21351,com.thoughtworks.xstream:xstream,com.btc-ag.redg:redg-generator,btc-ag/redg,https://github.com/btc-ag/redg/commit/c47593c9b555254a369d2f5dc2d6fcfc21be7d3d,2021-06-06 14:20:45,5,Transparent,T1,T1,False,Medium,6.5,CWE-502;CWE-434,2021-01-05 22:45:58,2021-01-06 14:28:50,2021-03-13 00:22:38,2021-03-22,151.6491550925926,150.99438657407407,85.58202546296296,76.59774305555555,After Disclosure,2021,179,0,1890.0,43.0,535.0,After disclosure,1,0,2.3537661425847665,1,0,5.19295685089021
CVE-2021-21351,com.thoughtworks.xstream:xstream,org.powertac:common,powertac/powertac-core,https://github.com/powertac/powertac-core/commit/182d71556780cd823d9247b747e35df336090698,2021-03-22 23:48:47,4,Transparent,T1,T1,False,Medium,6.5,CWE-502;CWE-434,2021-01-05 22:45:58,2021-01-06 14:28:50,2021-03-13 00:22:38,2021-03-22,76.04362268518518,75.38885416666666,9.976493055555556,0.9922106481481482,After Disclosure,2021,179,0,8040.0,110.0,535.0,After disclosure,1,0,2.1767173845172727,1,0,5.19295685089021
CVE-2021-21351,com.thoughtworks.xstream:xstream,net.ripe.rpki:rpki-commons,RIPE-NCC/rpki-commons,https://github.com/RIPE-NCC/rpki-commons/commit/7a2a808255688e09b67641e17abaa26a9ea163be,2021-03-22 23:46:26,4,Transparent,T1,T1,False,Medium,6.5,CWE-502;CWE-434,2021-01-05 22:45:58,2021-01-06 14:28:50,2021-03-13 00:22:38,2021-03-22,76.04199074074074,75.38722222222222,9.97486111111111,0.9905787037037036,After Disclosure,2021,179,0,11426.0,225.0,535.0,After disclosure,1,0,2.1767126663356353,1,0,5.19295685089021
CVE-2021-21351,com.thoughtworks.xstream:xstream,org.javalite:javalite-async,javalite/activejdbc,https://github.com/javalite/activejdbc/commit/9d6517b4d1ba17fb6571c4abd369795fca7287ce,2021-04-20 21:36:46,5,Transparent,T1,T1,False,Medium,6.5,CWE-502;CWE-434,2021-01-05 22:45:58,2021-01-06 14:28:50,2021-03-13 00:22:38,2021-03-22,104.95194444444444,104.29717592592591,38.88481481481482,29.900532407407407,After Disclosure,2021,179,0,1147.0,13.0,535.0,After disclosure,1,0,2.2531555579852447,1,0,5.19295685089021
CVE-2021-21351,com.thoughtworks.xstream:xstream,de.digitalcollections.model:dc-model-xml,dbmdz/digitalcollections-model,https://github.com/dbmdz/digitalcollections-model/commit/1488ea1216365fdaffee9fce6904933c5d3d109c,2021-02-16 16:44:35,4,Transparent,T1,T1,False,Medium,6.5,CWE-502;CWE-434,2021-01-05 22:45:58,2021-01-06 14:28:50,2021-03-13 00:22:38,2021-03-22,41.74903935185185,41.09427083333333,-24.318090277777777,-33.30237268518518,Fix->Release,2021,179,0,209.0,5.0,535.0,Before release,0,0,2.0641652236506887,1,0,5.19295685089021
CVE-2021-21351,com.thoughtworks.xstream:xstream,ro.pippo:pippo-xstream,pippo-java/pippo,https://github.com/pippo-java/pippo/commit/58397c14e558073bc4f934d0a84685d8e9f39ac7,2021-05-19 09:02:02,5,Transparent,T1,T1,False,Medium,6.5,CWE-502;CWE-434,2021-01-05 22:45:58,2021-01-06 14:28:50,2021-03-13 00:22:38,2021-03-22,133.42782407407407,132.77305555555554,67.36069444444445,58.376412037037035,After Disclosure,2021,179,0,47.0,2.0,535.0,After disclosure,1,0,2.31722863244762,1,0,5.19295685089021
CVE-2021-21351,com.thoughtworks.xstream:xstream,org.infinispan:infinispan-server-core,infinispan/infinispan,https://github.com/infinispan/infinispan/commit/172f2d3831fefcb1a018bd4090232f74c59a44dd,2021-03-18 07:16:58,4,Transparent,T1,T1,False,Medium,6.5,CWE-502;CWE-434,2021-01-05 22:45:58,2021-01-06 14:28:50,2021-03-13 00:22:38,2021-03-22,71.3548611111111,70.7000925925926,5.287731481481481,-3.696550925925926,Release->Disclosure,2021,179,0,4452.0,97.0,535.0,Safe window,0,1,2.1629455177384473,1,0,5.19295685089021
CVE-2021-21351,com.thoughtworks.xstream:xstream,org.kie.kogito:drools-compiler,kiegroup/kogito-runtimes,https://github.com/kiegroup/kogito-runtimes/commit/be534eb1bf87d95083fc9caa90b680b40f42c749,2021-05-15 06:57:43,13,Transparent,T1,T1,False,Medium,6.5,CWE-502;CWE-434,2021-01-05 22:45:58,2021-01-06 14:28:50,2021-03-13 00:22:38,2021-03-22,129.34149305555556,128.68672453703704,63.27436342592593,54.29008101851852,After Disclosure,2021,179,0,97108.0,770.0,535.0,After disclosure,1,0,2.3085948929374966,1,0,5.19295685089021
CVE-2013-2055,org.apache.wicket:wicket-core,org.wicketstuff:wicketstuff-portlet,wicketstuff/core,https://github.com/wicketstuff/core/commit/e6bdc2b97dfd8e902a63dc05f375451573fb5282,2014-09-23 18:37:09,3,Silent,S1,S1,False,Medium,5.0,,,2013-05-13 12:46:47,2013-05-17 19:44:57,2014-02-10,,498.2433101851852,493.9529166666667,225.7757986111111,After Disclosure,2014,14,0,1931.5,18.0,130.0,After disclosure,1,0,2.574031267727719,0,0,2.70805020110221
CVE-2020-13936,org.apache.velocity:velocity-engine-core,org.fastquery:fastquery,xixifeng/fastquery,https://github.com/xixifeng/fastquery/commit/7da437353fc740726ed19c999e7d3a11271ab995,2021-04-02 03:26:20,1,Transparent,T1,T1,False,Critical,9.0,,2020-08-05 18:59:31,2021-02-25 19:56:37,2021-02-27 12:52:57,2021-03-10,239.3519560185185,35.31230324074074,33.606516203703706,23.143287037037037,After Disclosure,2021,84,0,7263.0,132.0,209.0,After disclosure,1,0,2.236455353549377,1,1,4.442651256490317
CVE-2020-13936,org.apache.velocity:velocity-engine-core,org.owasp:dependency-check-core,jeremylong/DependencyCheck,https://github.com/jeremylong/DependencyCheck/commit/a730eea00eceb7bebff3aad6af64602ad5fde10d,2021-03-08 05:42:31,1,Transparent,T1,T1,False,Critical,9.0,,2020-08-05 18:59:31,2021-02-25 19:56:37,2021-02-27 12:52:57,2021-03-10,214.4465277777778,10.406875,8.701087962962964,-1.7621412037037036,Release->Disclosure,2021,84,0,20066.0,227.5,209.0,Safe window,0,1,2.1686802971162966,1,1,4.442651256490317
CVE-2020-13936,org.apache.velocity:velocity-engine-core,org.dspace:dspace-api,DSpace/DSpace,https://github.com/DSpace/DSpace/commit/6f78c0b8ba43184aab1166812b97466777e02def,2022-03-24 16:58:14,1,Transparent,T1,T1,False,Critical,9.0,,2020-08-05 18:59:31,2021-02-25 19:56:37,2021-02-27 12:52:57,2021-03-10,595.915775462963,391.8761226851852,390.1703356481481,379.7071064814815,After Disclosure,2021,84,0,96065.0,1092.0,209.0,After disclosure,1,0,2.723399274020176,1,1,4.442651256490317
CVE-2020-13936,org.apache.velocity:velocity-engine-core,org.noear:solon.view.velocity,noear/solon,https://github.com/noear/solon/commit/aea579a9d3f965e904252b38e3d916b9dbf6020c,2021-10-04 07:59:40,1,Transparent,T1,T1,False,Critical,9.0,,2020-08-05 18:59:31,2021-02-25 19:56:37,2021-02-27 12:52:57,2021-03-10,424.5417708333333,220.5021180555555,218.79633101851852,208.33310185185184,After Disclosure,2021,84,0,197.0,3.0,209.0,After disclosure,1,0,2.553345653093603,1,1,4.442651256490317
CVE-2020-13936,org.apache.velocity:velocity-engine-core,org.mybatis.scripting:mybatis-velocity,mybatis/velocity-scripting,https://github.com/mybatis/velocity-scripting/commit/f162ca83915aa0a3cf1adea02de4e331d593d22c,2021-03-08 05:47:39,1,Transparent,T1,T1,False,Critical,9.0,,2020-08-05 18:59:31,2021-02-25 19:56:37,2021-02-27 12:52:57,2021-03-10,214.4500925925926,10.410439814814817,8.704652777777778,-1.7585763888888888,Release->Disclosure,2021,84,0,1036.0,17.0,209.0,Safe window,0,1,2.168690795821443,1,1,4.442651256490317
CVE-2020-13936,org.apache.velocity:velocity-engine-core,org.apache.avro:avro-compiler,apache/avro,https://github.com/apache/avro/commit/8824d6577368cf29b867efcd331151259c24e7b0,2021-03-09 16:52:22,1,Transparent,T1,T1,False,Critical,9.0,,2020-08-05 18:59:31,2021-02-25 19:56:37,2021-02-27 12:52:57,2021-03-10,215.9117013888889,11.872048611111111,10.166261574074074,-0.2969675925925926,Release->Disclosure,2021,84,0,6113.0,31.0,209.0,Safe window,0,1,2.1729741229097415,1,1,4.442651256490317
CVE-2019-11272,org.springframework.security:spring-security-core,org.appng:appng-core,appNG/appng,https://github.com/appNG/appng/commit/fd09821a699ada97b6fcd798bcef7a9343437ac3,2019-07-30 12:37:30,2,Transparent,T1,T1,False,High,7.5,CWE-522,2019-06-19 17:48:44,2019-06-19 12:48:55,2019-06-19 18:35:00,2019-06-26,40.783865740740744,40.99207175925926,40.751736111111114,34.526041666666664,After Disclosure,2019,63,0,19802.0,231.0,3259.0,After disclosure,1,0,2.264227922219453,1,1,4.1588830833596715
CVE-2019-11272,org.springframework.security:spring-security-core,at.researchstudio.sat:won-owner,researchstudio-sat/webofneeds,https://github.com/researchstudio-sat/webofneeds/commit/65e0d534d27e69f7682e64131737008919d3c7a9,2019-11-27 07:24:58,2,Transparent,T1,T1,False,High,7.5,CWE-522,2019-06-19 17:48:44,2019-06-19 12:48:55,2019-06-19 18:35:00,2019-06-26,160.5668287037037,160.77503472222222,160.53469907407407,154.30900462962964,After Disclosure,2019,63,0,2293.0,42.0,3259.0,After disclosure,1,0,2.4822062090908577,1,1,4.1588830833596715
CVE-2020-2933,mysql:mysql-connector-java,com.thankjava.toolkit3d:fast-toolkit3d,lazy-koala/java-toolkit,https://github.com/lazy-koala/java-toolkit/commit/0d1dffed46d628e73496e77f349edbf3334af1b5,2020-07-06 02:40:13,1,Silent,S2,S2,False,Low,3.5,,,2020-04-09 00:44:02,2020-04-20 04:52:28,2020-04-15,,88.08068287037037,76.90815972222222,82.11126157407408,After Release,2020,138,0,3457.0,53.0,393.0,After disclosure,1,0,2.3642422137847867,0,0,4.9344739331306915
CVE-2020-13933,org.apache.shiro:shiro-web,io.buji:buji-pac4j,bujiio/buji-pac4j,https://github.com/bujiio/buji-pac4j/commit/fd7429be8f8e9908483edfe9d916bab59ca04b27,2020-08-19 07:08:08,1,Transparent,T1,T1,False,Medium,5.0,,2020-05-05 14:31:27,2020-05-05 17:04:12,2020-08-11 16:02:15,2020-08-17,105.6921412037037,105.58606481481482,7.629085648148148,2.297314814814815,After Disclosure,2020,51,0,423.0,9.0,2737.0,After disclosure,1,0,2.1804743074591415,1,0,3.9512437185814275
CVE-2020-13933,org.apache.shiro:shiro-web,com.flowlogix:flowlogix-jee,flowlogix/flowlogix,https://github.com/flowlogix/flowlogix/commit/042dd1ebfe740813262787e7e8eb0851d2d680c4,2020-09-23 18:43:49,3,Transparent,T1,T1,False,Medium,5.0,,2020-05-05 14:31:27,2020-05-05 17:04:12,2020-08-11 16:02:15,2020-08-17,141.17525462962962,141.06917824074074,43.11219907407408,37.78042824074074,After Disclosure,2020,51,0,1718.5,38.0,2737.0,After disclosure,1,0,2.2718523583959267,1,0,3.9512437185814275
CVE-2020-13933,org.apache.shiro:shiro-web,com.github.waffle:waffle-shiro,Waffle/waffle,https://github.com/Waffle/waffle/commit/8bc7ac1360fda26b6c37d4399945ea949ae9185c,2020-08-18 05:22:05,1,Transparent,T1,T1,False,Medium,5.0,,2020-05-05 14:31:27,2020-05-05 17:04:12,2020-08-11 16:02:15,2020-08-17,104.61849537037035,104.51241898148147,6.5554398148148145,1.2236689814814814,After Disclosure,2020,51,0,618.0,12.0,2737.0,After disclosure,1,0,2.17738604456568,1,0,3.9512437185814275
CVE-2020-13933,org.apache.shiro:shiro-web,io.jboot:jboot,yangfuhai/jboot,https://github.com/yangfuhai/jboot/commit/ad4fb812ff51318f5ab1bd927434c5f871a48b9d,2021-03-04 13:01:08,3,Transparent,T1,T1,False,Medium,5.0,,2020-05-05 14:31:27,2020-05-05 17:04:12,2020-08-11 16:02:15,2020-08-17,302.9372800925926,302.8312037037037,204.87422453703704,199.5424537037037,After Disclosure,2020,51,0,38902.0,651.0,2737.0,After disclosure,1,0,2.5425349561873096,1,0,3.9512437185814275
CVE-2018-1335,org.apache.tika:tika-core,org.restheart:restheart,SoftInstigate/restheart,https://github.com/SoftInstigate/restheart/commit/1e22ed1dcab1ad89799ced51d8b4af4176e4c52c,2018-05-10 16:51:01,1,Silent,S1,S1,False,Critical,9.3,,,2018-04-16 15:37:46,2018-04-16 20:53:18,2018-04-25,,24.05086805555555,23.831747685185185,15.702094907407409,After Disclosure,2018,31,0,17819.0,229.0,565.0,After disclosure,1,0,2.2172899062563007,0,1,3.4657359027997265
CVE-2018-1335,org.apache.tika:tika-core,org.apache.any23:apache-any23-core,apache/any23,https://github.com/apache/any23/commit/6b76f3466da0916dc7f61b8136133b55e0400ffa,2018-07-02 23:24:38,3,Silent,S1,S1,False,Critical,9.3,,,2018-04-16 15:37:46,2018-04-16 20:53:18,2018-04-25,,77.32421296296296,77.1050925925926,68.97543981481482,After Disclosure,2018,31,0,16195.0,266.0,565.0,After disclosure,1,0,2.338854032121344,0,1,3.4657359027997265
CVE-2021-22118,org.springframework:spring-web,com.consol.citrus:citrus-http,citrusframework/citrus,https://github.com/citrusframework/citrus/commit/5f1cded8753e2e506423856e99a4e34569c538cb,2022-01-10 16:10:50,2,Transparent,T1,T1,False,Medium,4.6,CWE-668,2021-05-11 16:04:48,2021-05-11 21:12:50,2021-05-12 05:38:51,2021-05-27,244.0041898148148,243.7902777777778,243.4388773148148,228.6741898148148,After Disclosure,2021,78,0,4163.5,61.0,,After disclosure,1,0,2.5773750430341322,1,0,4.3694478524670215
CVE-2021-22118,org.springframework:spring-web,ca.uhn.hapi.fhir:hapi-fhir-cli-api,hapifhir/hapi-fhir,https://github.com/hapifhir/hapi-fhir/commit/786112284b0af22d67498a1417240f30a11306bb,2021-05-30 23:04:14,1,Transparent,T1,T1,False,Medium,4.6,CWE-668,2021-05-11 16:04:48,2021-05-11 21:12:50,2021-05-12 05:38:51,2021-05-27,19.291273148148147,19.07736111111111,18.72596064814815,3.961273148148148,After Disclosure,2021,78,0,3387.0,32.0,,After disclosure,1,0,2.185217586265979,1,0,4.3694478524670215
CVE-2021-22118,org.springframework:spring-web,org.optaplanner:optaplanner-spring-boot-autoconfigure,kiegroup/optaplanner,https://github.com/kiegroup/optaplanner/commit/01c3257d935c3eb353bc5cc7ae472522b726d6b3,2022-04-01 09:45:49,1,Transparent,T1,T1,False,Medium,4.6,CWE-668,2021-05-11 16:04:48,2021-05-11 21:12:50,2021-05-12 05:38:51,2021-05-27,324.7368171296296,324.52290509259257,324.1715046296296,309.40681712962964,After Disclosure,2021,78,0,509.0,9.5,,After disclosure,1,0,2.6614634239566595,1,0,4.3694478524670215
CVE-2020-5421,org.springframework:spring-web,at.researchstudio.sat:won-owner,researchstudio-sat/webofneeds,https://github.com/researchstudio-sat/webofneeds/commit/58ac70152da0abc2926cb9070c3452345acefeb1,2021-01-15 13:42:08,2,Silent,S1,S1,False,Low,3.6,,,2020-09-07 21:41:30,2020-09-15 13:46:35,2020-09-19,,129.66710648148148,121.99690972222224,118.57092592592592,After Disclosure,2020,97,0,2293.0,42.0,36477.0,After disclosure,1,0,2.427802670511911,0,0,4.584967478670572
CVE-2020-5421,org.springframework:spring-web,com.github.waffle:waffle-spring-security4,Waffle/waffle,https://github.com/Waffle/waffle/commit/3381ecc6db16490406cee228ca8f31857cc9a703,2020-11-24 23:44:10,1,Silent,S1,S1,False,Low,3.6,,,2020-09-07 21:41:30,2020-09-15 13:46:35,2020-09-19,,78.08518518518518,70.41498842592593,66.98900462962963,After Disclosure,2020,97,0,585.0,8.0,36477.0,After disclosure,1,0,2.334882216563705,0,0,4.584967478670572
CVE-2016-2402,com.squareup.okhttp3:okhttp,com.squareup.keywhiz:keywhiz-testing,square/keywhiz,https://github.com/square/keywhiz/commit/5fb47e01138dd67c766b1e718defa4839dcb3e3c,2017-12-05 01:19:30,1,Transparent,T1,T1,False,Medium,4.3,CWE-295,2016-02-07 04:36:49,2016-02-07 11:21:22,2016-02-07 22:10:19,2017-01-30,666.8629745370371,666.582037037037,666.1313773148148,309.0552083333333,After Disclosure,2017,23,0,182.5,5.5,7885.0,After disclosure,1,0,2.6611303450368395,1,0,3.1780538303479458
CVE-2021-39141,com.thoughtworks.xstream:xstream,com.swiftmq:swiftmq-client,iitsoftware/swiftmq-client,https://github.com/iitsoftware/swiftmq-client/commit/9506bd2e6e1163342b52f8c5c99fb9b13c8d90fc,2021-08-25 15:41:07,9,Silent,S1,S1,False,Medium,6.0,CWE-502;CWE-434,,2021-05-26 19:43:09,2021-08-22 13:57:44,2021-08-23,,90.8319212962963,3.0717939814814814,2.6535532407407407,After Disclosure,2021,179,0,149380.0,1984.0,566.0,After disclosure,1,0,2.1814941678780175,0,0,5.19295685089021
CVE-2021-39141,com.thoughtworks.xstream:xstream,com.sangupta:jerry-core,sangupta/jerry-core,https://github.com/sangupta/jerry-core/commit/380b8ce5df0ffb3edf334d129d58deb200802fee,2021-08-25 15:34:34,10,Silent,S1,S1,False,Medium,6.0,CWE-502;CWE-434,,2021-05-26 19:43:09,2021-08-22 13:57:44,2021-08-23,,90.82737268518518,3.06724537037037,2.6490046296296295,After Disclosure,2021,179,0,9933.0,108.0,566.0,After disclosure,1,0,2.181481160928497,0,0,5.19295685089021
CVE-2021-39141,com.thoughtworks.xstream:xstream,org.patterntesting:patterntesting-rt,oboehm/PatternTesting2,https://github.com/oboehm/PatternTesting2/commit/3c61a09701c9e09a8839936d5d432b6e1a913e2f,2021-12-19 14:18:47,6,Silent,S1,S1,False,Medium,6.0,CWE-502;CWE-434,,2021-05-26 19:43:09,2021-08-22 13:57:44,2021-08-23,,206.77474537037037,119.01461805555556,118.59637731481482,After Disclosure,2021,179,0,11982.0,199.0,566.0,After disclosure,1,0,2.427843944125195,0,0,5.19295685089021
CVE-2021-39141,com.thoughtworks.xstream:xstream,org.wicketstuff:wicketstuff-dashboard-core,wicketstuff/core,https://github.com/wicketstuff/core/commit/3fbd67082cf0ef7ec0114def59d07d496ded3a56,2021-08-25 15:46:01,9,Silent,S1,S1,False,Medium,6.0,CWE-502;CWE-434,,2021-05-26 19:43:09,2021-08-22 13:57:44,2021-08-23,,90.83532407407408,3.075196759259259,2.6569560185185184,After Disclosure,2021,179,0,1584.0,55.0,566.0,After disclosure,1,0,2.1815038980130264,0,0,5.19295685089021
CVE-2021-39141,com.thoughtworks.xstream:xstream,no.mnemonic.messaging:requestsink-jms,mnemonic-no/messaging,https://github.com/mnemonic-no/messaging/commit/d8886c882334c967157a32be125fb0dc9b67f2d2,2021-09-09 08:47:56,9,Silent,S1,S1,False,Medium,6.0,CWE-502;CWE-434,,2021-05-26 19:43:09,2021-08-22 13:57:44,2021-08-23,,105.54498842592592,17.784861111111113,17.36662037037037,After Disclosure,2021,179,0,2679.0,37.0,566.0,After disclosure,1,0,2.221651070485473,0,0,5.19295685089021
CVE-2021-39141,com.thoughtworks.xstream:xstream,org.javalite:javalite-async,javalite/activejdbc,https://github.com/javalite/activejdbc/commit/df9a9dd065faf12a9a6279266dee5857cd4b5c81,2021-08-25 15:54:57,9,Silent,S1,S1,False,Medium,6.0,CWE-502;CWE-434,,2021-05-26 19:43:09,2021-08-22 13:57:44,2021-08-23,,90.84152777777778,3.081400462962963,2.6631597222222223,After Disclosure,2021,179,0,1147.0,13.0,566.0,After disclosure,1,0,2.1815216367457917,0,0,5.19295685089021
CVE-2021-39141,com.thoughtworks.xstream:xstream,net.ripe.rpki:rpki-commons,RIPE-NCC/rpki-commons,https://github.com/RIPE-NCC/rpki-commons/commit/cb41248bb0e21780857596da401b9a891c6ee1b7,2021-08-26 11:52:31,9,Silent,S1,S1,False,Medium,6.0,CWE-502;CWE-434,,2021-05-26 19:43:09,2021-08-22 13:57:44,2021-08-23,,91.6731712962963,3.9130439814814815,3.494803240740741,After Disclosure,2021,179,0,11426.0,225.0,566.0,After disclosure,1,0,2.183893084811566,0,0,5.19295685089021
CVE-2021-39141,com.thoughtworks.xstream:xstream,de.alpharogroup:email-tails,lightblueseas/email-tails,https://github.com/lightblueseas/email-tails/commit/997627a510bf8c40e6f2e0f799827ba5c7180a44,2022-02-28 14:46:26,14,Silent,S1,S1,False,Medium,6.0,CWE-502;CWE-434,,2021-05-26 19:43:09,2021-08-22 13:57:44,2021-08-23,,277.79394675925926,190.03381944444445,189.6155787037037,After Disclosure,2021,179,0,1002.0,12.0,566.0,After disclosure,1,0,2.5299943912116145,0,0,5.19295685089021
CVE-2021-39141,com.thoughtworks.xstream:xstream,com.thankjava.toolkit3d:fast-toolkit3d,lazy-koala/java-toolkit,https://github.com/lazy-koala/java-toolkit/commit/614102adc1ddeb4146640c17cb4dce1b1a07d7dc,2022-02-01 00:57:29,9,Silent,S1,S1,False,Medium,6.0,CWE-502;CWE-434,,2021-05-26 19:43:09,2021-08-22 13:57:44,2021-08-23,,250.21828703703704,162.45815972222223,162.0399189814815,After Disclosure,2021,179,0,3457.0,53.0,566.0,After disclosure,1,0,2.4931290621434243,0,0,5.19295685089021
CVE-2021-39141,com.thoughtworks.xstream:xstream,com.github.psi-probe:psi-probe-core,psi-probe/psi-probe,https://github.com/psi-probe/psi-probe/commit/cf3dd7317060ef7cb67f57686b0d760bdfa659d5,2021-08-23 07:01:58,9,Silent,S1,S1,False,Medium,6.0,CWE-502;CWE-434,,2021-05-26 19:43:09,2021-08-22 13:57:44,2021-08-23,,88.47140046296296,0.7112731481481481,0.2930324074074074,After Disclosure,2021,179,0,19822.0,302.0,566.0,After disclosure,1,0,2.1746912536054115,0,0,5.19295685089021
CVE-2021-39141,com.thoughtworks.xstream:xstream,org.ikasan:ikasan-filetransfer-common,ikasanEIP/ikasan,https://github.com/ikasanEIP/ikasan/commit/61a7c97cafa108f1b62ae732aab3b5136d076901,2021-09-06 19:17:59,9,Silent,S1,S1,False,Medium,6.0,CWE-502;CWE-434,,2021-05-26 19:43:09,2021-08-22 13:57:44,2021-08-23,,102.98252314814816,15.222395833333334,14.804155092592593,After Disclosure,2021,179,0,2737.0,43.0,566.0,After disclosure,1,0,2.214918933406759,0,0,5.19295685089021
CVE-2021-39141,com.thoughtworks.xstream:xstream,io.quarkus:quarkus-junit5,quarkusio/quarkus,https://github.com/quarkusio/quarkus/commit/3aa4e47faa4b4df927d75a5379f45aeea3fc3f87,2021-08-23 20:37:45,9,Silent,S1,S1,False,Medium,6.0,CWE-502;CWE-434,,2021-05-26 19:43:09,2021-08-22 13:57:44,2021-08-23,,89.03791666666666,1.277789351851852,0.8595486111111111,After Disclosure,2021,179,0,1063.0,31.0,566.0,After disclosure,1,0,2.17633367247396,0,0,5.19295685089021
CVE-2021-39141,com.thoughtworks.xstream:xstream,com.github.spotbugs:sonar-findbugs-plugin,spotbugs/sonar-findbugs,https://github.com/spotbugs/sonar-findbugs/commit/d4b81e4456be033422c6b1502ef6f8bd5fa1a8c5,2021-08-25 23:07:08,9,Silent,S1,S1,False,Medium,6.0,CWE-502;CWE-434,,2021-05-26 19:43:09,2021-08-22 13:57:44,2021-08-23,,91.1416550925926,3.381527777777778,2.963287037037037,After Disclosure,2021,179,0,13133.0,191.0,566.0,After disclosure,1,0,2.182378949866019,0,0,5.19295685089021
CVE-2021-39141,com.thoughtworks.xstream:xstream,com.xceptance:xlt,Xceptance/XLT,https://github.com/Xceptance/XLT/commit/1b675b0b83f1e66c98d765f92bf2bae4de5a9369,2021-08-31 15:14:53,9,Silent,S1,S1,False,Medium,6.0,CWE-502;CWE-434,,2021-05-26 19:43:09,2021-08-22 13:57:44,2021-08-23,,96.81370370370372,9.053576388888889,8.635335648148148,After Disclosure,2021,179,0,146667.0,2303.0,566.0,After disclosure,1,0,2.1982708247929565,0,0,5.19295685089021
CVE-2021-39141,com.thoughtworks.xstream:xstream,org.powertac:common,powertac/powertac-core,https://github.com/powertac/powertac-core/commit/bdad13c6c171376de33fdca091023d69f6930e7d,2021-10-05 17:14:44,9,Silent,S1,S1,False,Medium,6.0,CWE-502;CWE-434,,2021-05-26 19:43:09,2021-08-22 13:57:44,2021-08-23,,131.89693287037036,44.136805555555554,43.71856481481481,After Disclosure,2021,179,0,8040.0,110.0,566.0,After disclosure,1,0,2.2854285006751986,0,0,5.19295685089021
CVE-2021-39141,com.thoughtworks.xstream:xstream,ro.pippo:pippo-xstream,pippo-java/pippo,https://github.com/pippo-java/pippo/commit/8330892700e3911192f1e17a11100ec3ec58ef84,2021-11-02 09:00:16,9,Silent,S1,S1,False,Medium,6.0,CWE-502;CWE-434,,2021-05-26 19:43:09,2021-08-22 13:57:44,2021-08-23,,159.55355324074074,71.79342592592593,71.37518518518519,After Disclosure,2021,179,0,47.0,2.0,566.0,After disclosure,1,0,2.343604300452925,0,0,5.19295685089021
CVE-2021-39141,com.thoughtworks.xstream:xstream,org.infinispan:infinispan-server-core,infinispan/infinispan,https://github.com/infinispan/infinispan/commit/d617eec6dfe533cea066961a5afb2340131556d3,2021-08-25 17:49:50,9,Silent,S1,S1,False,Medium,6.0,CWE-502;CWE-434,,2021-05-26 19:43:09,2021-08-22 13:57:44,2021-08-23,,90.92130787037036,3.1611805555555557,2.742939814814815,After Disclosure,2021,179,0,4452.0,97.0,566.0,After disclosure,1,0,2.1817496936250604,0,0,5.19295685089021
CVE-2021-39141,com.thoughtworks.xstream:xstream,org.optaplanner:optaplanner-examples,kiegroup/optaplanner,https://github.com/kiegroup/optaplanner/commit/31ec3c3a5aa5a7d05e4f80c0ae6439b1159ea62b,2021-08-31 16:40:48,9,Silent,S1,S1,False,Medium,6.0,CWE-502;CWE-434,,2021-05-26 19:43:09,2021-08-22 13:57:44,2021-08-23,,96.87336805555556,9.11324074074074,8.695,After Disclosure,2021,179,0,43487.0,668.0,566.0,After disclosure,1,0,2.1984349390662166,0,0,5.19295685089021
CVE-2021-39141,com.thoughtworks.xstream:xstream,org.smooks:smooks-core,smooks/smooks,https://github.com/smooks/smooks/commit/b1412cfcf80e8bf7ddcc1ec709c256387879e6b6,2021-12-01 12:51:41,9,Silent,S1,S1,False,Medium,6.0,CWE-502;CWE-434,,2021-05-26 19:43:09,2021-08-22 13:57:44,2021-08-23,,188.71425925925925,100.95413194444444,100.5358912037037,After Disclosure,2021,179,0,19961.0,350.0,566.0,After disclosure,1,0,2.397523046722685,0,0,5.19295685089021
CVE-2018-12418,com.github.junrar:junrar,de.tudarmstadt.ukp.dkpro.core:de.tudarmstadt.ukp.dkpro.core.api.datasets-asl,dkpro/dkpro-core,https://github.com/dkpro/dkpro-core/commit/04f326428c26f8933540973d2f91517c81bae0d3,2019-03-19 20:27:53,1,Transparent,T1,T1,False,Medium,4.3,CWE-835,2018-05-30 12:41:42,2018-05-30 23:22:23,2018-06-01 23:33:55,2018-06-14,293.3237384259259,292.87881944444445,290.8708101851852,278.85269675925923,After Disclosure,2018,18,0,1436.0,25.0,38.0,After disclosure,1,0,2.6315217910730393,1,0,2.9444389791664403
CVE-2018-12540,io.vertx:vertx-web,com.github.timofeevda.jstressy:jstressy-metrics,timofeevda/jstressy,https://github.com/timofeevda/jstressy/commit/24aa7b9a0adfc52bec18de5098dbaafc3721b539,2018-11-04 16:17:49,1,Transparent,T3,T3,False,Medium,6.8,CWE-352,2018-07-12 10:03:32,2018-07-12 12:04:21,2018-07-12 12:04:30,2018-07-12,115.25991898148148,115.17601851851852,115.17591435185186,115.67903935185186,After Release,2018,42,0,175.0,7.0,411.0,After disclosure,1,0,2.4230872713482388,1,0,3.7612001156935624
CVE-2019-10173,com.thoughtworks.xstream:xstream,com.naspat:wx-tools-cp,naspart/wx-tools,https://github.com/naspart/wx-tools/commit/d713c11f0e762ba99f3d33779e80ea4b2be363ba,2019-10-12 06:05:35,2,Transparent,T1,T1,False,High,7.5,CWE-94,2018-02-20 19:18:11,2018-02-21 01:36:36,2018-10-22 22:05:37,2019-07-23,598.4495833333333,598.1867939814815,354.3333101851852,81.25387731481482,After Disclosure,2019,160,0,6420.0,88.0,264.0,After disclosure,1,0,2.3626296249501704,1,1,5.081404364984463
CVE-2019-10173,com.thoughtworks.xstream:xstream,org.ikasan:ikasan-filetransfer-common,ikasanEIP/ikasan,https://github.com/ikasanEIP/ikasan/commit/add3b5c48cd5c32a100f28f7d3cf32795dc25d26,2019-10-10 08:07:42,2,Transparent,T1,T1,False,High,7.5,CWE-94,2018-02-20 19:18:11,2018-02-21 01:36:36,2018-10-22 22:05:37,2019-07-23,596.5343865740741,596.2715972222222,352.4181134259259,79.33868055555556,After Disclosure,2019,160,0,2737.0,43.0,264.0,After disclosure,1,0,2.3590057034189575,1,1,5.081404364984463
CVE-2019-10173,com.thoughtworks.xstream:xstream,org.infinispan:infinispan-server-core,infinispan/infinispan,https://github.com/infinispan/infinispan/commit/fa89f568a34c2595e10eaffaa02708b09c5a1ad2,2019-07-03 14:38:47,2,Transparent,T1,T1,False,High,7.5,CWE-94,2018-02-20 19:18:11,2018-02-21 01:36:36,2018-10-22 22:05:37,2019-07-23,497.80597222222224,497.54318287037034,253.68969907407407,-19.389733796296294,Release->Disclosure,2019,160,0,4452.0,97.0,264.0,Safe window,0,1,2.1133900013868843,1,1,5.081404364984463
CVE-2019-10173,com.thoughtworks.xstream:xstream,org.easybatch:easybatch-xstream,j-easy/easy-batch,https://github.com/j-easy/easy-batch/commit/c7c124199769b254672fe5b3e78b2f027907de51,2019-05-20 22:10:04,2,Transparent,T1,T1,False,High,7.5,CWE-94,2018-02-20 19:18:11,2018-02-21 01:36:36,2018-10-22 22:05:37,2019-07-23,454.11936342592594,453.8565740740741,210.00309027777777,-63.07634259259259,Release->Disclosure,2019,160,0,53.0,2.0,264.0,Safe window,0,1,1.9352444875355326,1,1,5.081404364984463
CVE-2019-10173,com.thoughtworks.xstream:xstream,org.axonframework:axon-messaging,AxonFramework/AxonFramework,https://github.com/AxonFramework/AxonFramework/commit/598b4a3db9f0e8356e84f2b691a6e4838701f8cd,2019-06-05 12:21:31,2,Transparent,T1,T1,False,High,7.5,CWE-94,2018-02-20 19:18:11,2018-02-21 01:36:36,2018-10-22 22:05:37,2019-07-23,469.71064814814815,469.4478587962963,225.594375,-47.48505787037037,Release->Disclosure,2019,160,0,17166.0,513.0,264.0,Safe window,0,1,2.0074880772431745,1,1,5.081404364984463
CVE-2019-10173,com.thoughtworks.xstream:xstream,com.thankjava.toolkit3d:fast-toolkit3d,lazy-koala/java-toolkit,https://github.com/lazy-koala/java-toolkit/commit/bd9acc04a5c0fbb78d8dcefd5556df4670cb1645,2019-07-30 02:47:47,2,Transparent,T1,T1,False,High,7.5,CWE-94,2018-02-20 19:18:11,2018-02-21 01:36:36,2018-10-22 22:05:37,2019-07-23,524.3122222222222,524.0494328703704,280.19594907407406,7.1165162037037035,After Disclosure,2019,160,0,3457.0,53.0,264.0,After disclosure,1,0,2.1940721010059527,1,1,5.081404364984463
CVE-2019-10173,com.thoughtworks.xstream:xstream,com.github.spotbugs:sonar-findbugs-plugin,spotbugs/sonar-findbugs,https://github.com/spotbugs/sonar-findbugs/commit/8e52f90fa3f85e1a51f0cd1cd372fed496c1434f,2019-09-23 02:59:51,2,Transparent,T1,T1,False,High,7.5,CWE-94,2018-02-20 19:18:11,2018-02-21 01:36:36,2018-10-22 22:05:37,2019-07-23,579.3206018518518,579.0578125,335.2043287037037,62.12489583333333,After Disclosure,2019,160,0,13133.0,191.0,264.0,After disclosure,1,0,2.3250003970798963,1,1,5.081404364984463
CVE-2020-28491,com.fasterxml.jackson.dataformat:jackson-dataformat-cbor,org.opencastproject:opencast-asset-manager-storage-aws,opencast/opencast,https://github.com/opencast/opencast/commit/377808cfc53d36d2fbe8345fc7d948325f9fc453,2021-04-23 23:48:16,1,Transparent,T1,T1,False,Medium,5.0,CWE-770,2019-10-17 01:59:37,2020-12-04 16:27:55,2020-12-11 16:54:44,2021-02-18,554.9087847222222,140.3057986111111,133.28717592592594,64.99185185185185,After Disclosure,2021,34,0,978.0,8.0,194.0,After disclosure,1,0,2.330852013520258,1,0,3.5553480614894135
CVE-2020-28491,com.fasterxml.jackson.dataformat:jackson-dataformat-cbor,com.erudika:para-core,Erudika/para,https://github.com/Erudika/para/commit/8aa13a5bd7c7fad5223bc66fbdef2536b689635c,2021-02-27 16:36:29,2,Transparent,T1,T1,False,Medium,5.0,CWE-770,2019-10-17 01:59:37,2020-12-04 16:27:55,2020-12-11 16:54:44,2021-02-18,499.6089351851852,85.00594907407407,77.98732638888889,9.692002314814816,After Disclosure,2021,34,0,8321.0,85.0,194.0,After disclosure,1,0,2.2011681817909157,1,0,3.5553480614894135
CVE-2022-0839,org.liquibase:liquibase-core,org.flowable:flowable-dmn-engine,flowable/flowable-engine,https://github.com/flowable/flowable-engine/commit/840f59d37864c8456de009dda3823af77c017c9a,2022-03-23 10:51:41,1,Transparent,T1,T1,False,High,7.5,CWE-611,2022-01-19 20:09:28,2022-02-08 13:14:40,2022-02-21 12:40:01,2022-03-04,62.61265046296296,42.90070601851852,29.92476851851852,19.45255787037037,After Disclosure,2022,37,0,8702.0,155.0,2851.0,After disclosure,1,0,2.2270552484411112,1,1,3.6375861597263857
CVE-2017-3586,mysql:mysql-connector-java,com.thankjava.toolkit3d:fast-toolkit3d,lazy-koala/java-toolkit,https://github.com/lazy-koala/java-toolkit/commit/5c6288cd4049bad800a5d7aec66dc8545abaf034,2017-08-07 14:39:07,3,Silent,S1,S1,False,Medium,5.5,,,2017-04-04 17:52:55,2017-04-13 16:17:38,2017-04-24,,124.86541666666666,115.93158564814814,105.61049768518518,After Disclosure,2017,138,0,3457.0,53.0,107.0,After disclosure,1,0,2.4062585625580866,0,0,4.9344739331306915
CVE-2017-3586,mysql:mysql-connector-java,com.nitorcreations:nflow-tests,NitorCreations/nflow,https://github.com/NitorCreations/nflow/commit/34fc16c971c1ab44936b936f53073634ef1e7ff8,2017-07-13 07:54:35,3,Silent,S1,S1,False,Medium,5.5,,,2017-04-04 17:52:55,2017-04-13 16:17:38,2017-04-24,,99.58449074074076,90.65065972222222,80.32957175925925,After Disclosure,2017,138,0,1180623.0,15806.0,107.0,After disclosure,1,0,2.3608844356076064,0,0,4.9344739331306915
CVE-2018-12537,io.vertx:vertx-core,nl.jpoint.vertx-deploy-tools:vertx-deploy-test-application,msoute/vertx-deploy-mod,https://github.com/msoute/vertx-deploy-mod/commit/f9ba83e91b7896dfa45203e9940074c9817b31a0,2018-06-07 14:53:40,1,Transparent,T2,T2,False,Medium,5.0,CWE-20,2018-05-23 10:31:39,2018-05-24 16:36:56,2018-11-09 15:03:54,2018-08-14,15.181956018518518,13.928287037037038,-155.0071064814815,-67.37939814814816,Fix->Disclosure,2018,111,0,15.0,1.0,7254.0,Before release,0,0,1.9129911089706777,1,0,4.718498871295094
CVE-2018-1067,io.undertow:undertow-core,io.jboot:jboot,yangfuhai/jboot,https://github.com/yangfuhai/jboot/commit/311fb3228e6ff8af7681400595b5f122923865b1,2018-05-16 03:45:11,3,Silent,S1,S1,False,Medium,5.8,CWE-113,,2018-04-27 09:40:10,2018-05-03 08:24:12,2018-05-21,,18.753483796296297,12.806238425925926,-4.843622685185185,Release->Disclosure,2018,53,0,38902.0,651.0,1777.0,Safe window,0,1,2.159508778212337,0,0,3.9889840465642745
CVE-2018-1067,io.undertow:undertow-core,io.mangoo:mangooio-core,svenkubiak/mangooio,https://github.com/svenkubiak/mangooio/commit/af7f4c74f84378649dbb028b79e6d2de9d169dff,2018-05-03 06:56:02,2,Silent,S1,S1,False,Medium,5.8,CWE-113,,2018-04-27 09:40:10,2018-05-03 08:24:12,2018-05-21,,5.886018518518519,-0.0612268518518518,-17.711087962962964,Fix->Release,2018,53,0,7903.5,109.0,1777.0,Before release,0,0,2.1189690593244452,0,0,3.9889840465642745
CVE-2018-12542,io.vertx:vertx-web,com.github.timofeevda.jstressy:jstressy-api,timofeevda/jstressy,https://github.com/timofeevda/jstressy/commit/59caf84c1d97a299f25f2eb7f47065d860331573,2018-11-04 16:35:50,1,Transparent,T1,T1,False,High,7.5,CWE-22,2018-10-03 07:06:09,2018-10-03 09:06:47,2018-10-03 09:07:08,2018-10-10,32.39561342592592,32.311840277777776,32.311597222222225,25.691550925925927,After Disclosure,2018,42,0,227.0,23.0,444.0,After disclosure,1,0,2.242828922316567,1,1,3.7612001156935624
CVE-2017-3164,org.apache.solr:solr-core,org.opensextant:opensextant-xponents,OpenSextant/Xponents,https://github.com/OpenSextant/Xponents/commit/a932fab1e2f0550e168b6a378a8cefede92de724,2019-01-25 23:57:32,1,Transparent,T1,T1,False,Medium,5.0,CWE-918,2018-09-14 14:45:00,2019-01-15 11:44:57,2019-03-04 01:58:51,2019-03-08,133.3837037037037,10.508738425925928,-37.08424768518518,-41.00171296296296,Fix->Release,2019,14,0,15496.0,138.0,0.0,Before release,0,0,2.0343175157102524,1,0,2.70805020110221
CVE-2017-3164,org.apache.solr:solr-core,cool.solr:solr-util,solr-cool/solr-util,https://github.com/solr-cool/solr-util/commit/74004a448d2408e9cf089260153d5b2422fa32d2,2020-12-22 08:55:02,4,Transparent,T1,T1,False,Medium,5.0,CWE-918,2018-09-14 14:45:00,2019-01-15 11:44:57,2019-03-04 01:58:51,2019-03-08,829.7569675925926,706.8820023148148,659.2890162037037,655.3715509259259,After Disclosure,2019,14,0,615.0,11.0,0.0,After disclosure,1,0,2.905577735479704,1,0,2.70805020110221
CVE-2017-3164,org.apache.solr:solr-core,com.lucidworks.spark:spark-solr,LucidWorks/spark-solr,https://github.com/LucidWorks/spark-solr/commit/8df54fcb1ff8389728c372a8989c67a2d00c97ae,2019-01-29 19:26:30,1,Transparent,T1,T1,False,Medium,5.0,CWE-918,2018-09-14 14:45:00,2019-01-15 11:44:57,2019-03-04 01:58:51,2019-03-08,137.1954861111111,14.320520833333331,-33.272465277777776,-37.18993055555555,Fix->Release,2019,14,0,27951.0,431.0,0.0,Before release,0,0,2.049350891930475,1,0,2.70805020110221
CVE-2017-3164,org.apache.solr:solr-core,cool.solr:solr-analyzers,solr-cool/solr-analyzers,https://github.com/solr-cool/solr-analyzers/commit/250d555e02c92f5716bef67b6ae6e1700c25e13a,2021-06-01 20:33:47,2,Transparent,T1,T1,False,Medium,5.0,CWE-918,2018-09-14 14:45:00,2019-01-15 11:44:57,2019-03-04 01:58:51,2019-03-08,991.242210648148,868.3672453703704,820.7742592592592,816.8567939814815,After Disclosure,2019,14,0,356.0,5.0,0.0,After disclosure,1,0,2.9850135388045356,1,0,2.70805020110221
CVE-2017-3164,org.apache.solr:solr-core,cool.solr:solr-thymeleaf,solr-cool/solr-thymeleaf,https://github.com/solr-cool/solr-thymeleaf/commit/2eca07b234865945c65b783ff0dbced6d15e5d8a,2020-08-25 17:40:51,2,Transparent,T1,T1,False,Medium,5.0,CWE-918,2018-09-14 14:45:00,2019-01-15 11:44:57,2019-03-04 01:58:51,2019-03-08,711.1221180555556,588.2471527777777,540.6541666666667,536.7367013888888,After Disclosure,2019,14,0,381.0,5.0,0.0,After disclosure,1,0,2.836299363240644,1,0,2.70805020110221
CVE-2022-21724,org.postgresql:postgresql,org.fastquery:fastquery,xixifeng/fastquery,https://github.com/xixifeng/fastquery/commit/64132fe8155dd23968d9a9932a759397d3921ea3,2022-04-08 02:23:05,2,Silent,S1,T4,True,High,7.5,CWE-665,,2022-02-01 07:27:13,2022-02-01 09:47:11,2022-02-02,,65.7887962962963,65.69159722222223,65.09936342592593,After Disclosure,2022,200,0,7263.0,132.0,980.0,After disclosure,1,0,2.3310699242215023,0,1,5.303304908059076
CVE-2019-10093,org.apache.tika:tika-parsers,org.icij.extract:extract-lib,ICIJ/extract,https://github.com/ICIJ/extract/commit/6cc8702505856941396b36ca51ecc5c74fd71c4a,2019-08-12 15:16:40,1,Transparent,T1,T1,False,Medium,4.3,CWE-770,2019-07-24 12:14:01,2019-07-24 08:23:09,2019-07-29 12:10:42,2019-08-02,19.126840277777777,19.287164351851853,14.129143518518518,10.636574074074074,After Disclosure,2019,15,0,5488.0,113.0,809.0,After disclosure,1,0,2.203741915342659,1,0,2.772588722239781
CVE-2019-10093,org.apache.tika:tika-parsers,fr.pilato.elasticsearch.crawler:fscrawler-tika,dadoonet/fscrawler,https://github.com/dadoonet/fscrawler/commit/20e32d874edc2c4cc661648d568d5803c0e2e145,2019-08-02 04:26:53,1,Transparent,T1,T1,False,Medium,4.3,CWE-770,2019-07-24 12:14:01,2019-07-24 08:23:09,2019-07-29 12:10:42,2019-08-02,8.675601851851852,8.835925925925926,3.6779050925925927,0.1853356481481481,After Disclosure,2019,15,0,633.0,10.0,809.0,After disclosure,1,0,2.174378320038716,1,0,2.772588722239781
CVE-2019-10093,org.apache.tika:tika-parsers,uk.ac.gate:gate-core,GateNLP/gate-core,https://github.com/GateNLP/gate-core/commit/5f004c41cc6d53c96a0dbfa3a8ee36b3f19be1a7,2019-08-09 08:37:03,1,Transparent,T1,T1,False,Medium,4.3,CWE-770,2019-07-24 12:14:01,2019-07-24 08:23:09,2019-07-29 12:10:42,2019-08-02,15.849328703703703,16.009652777777777,10.851631944444444,7.3590625,After Disclosure,2019,15,0,138899.0,2226.0,809.0,After disclosure,1,0,2.1947453414439875,1,0,2.772588722239781
CVE-2019-10093,org.apache.tika:tika-parsers,org.codelibs.fess:fess-crawler,codelibs/fess-crawler,https://github.com/codelibs/fess-crawler/commit/f97257a21126c68faf9fad7f20febd9fa5e909c8,2019-08-12 06:08:21,1,Transparent,T1,T1,False,Medium,4.3,CWE-770,2019-07-24 12:14:01,2019-07-24 08:23:09,2019-07-29 12:10:42,2019-08-02,18.746064814814815,18.906388888888888,13.748368055555556,10.25579861111111,After Disclosure,2019,15,0,11447.0,152.0,809.0,After disclosure,1,0,2.202706226990357,1,0,2.772588722239781
CVE-2019-10093,org.apache.tika:tika-parsers,com.digitalpebble.stormcrawler:storm-crawler-tika,DigitalPebble/storm-crawler,https://github.com/DigitalPebble/storm-crawler/commit/ba44d1d3801e8ce20bba93f7617bbe08b299bc3c,2019-08-05 06:21:16,3,Transparent,T1,T1,False,Medium,4.3,CWE-770,2019-07-24 12:14:01,2019-07-24 08:23:09,2019-07-29 12:10:42,2019-08-02,11.755034722222222,11.915358796296296,6.757337962962963,3.2647685185185185,After Disclosure,2019,15,0,578.5,4.0,809.0,After disclosure,1,0,2.1832384306887453,1,0,2.772588722239781
CVE-2019-10093,org.apache.tika:tika-parsers,org.apache.any23:apache-any23-core,apache/any23,https://github.com/apache/any23/commit/8bff6e435a81a6271203297bfdc7cecde3fc4227,2019-09-23 03:48:26,1,Transparent,T1,T1,False,Medium,4.3,CWE-770,2019-07-24 12:14:01,2019-07-24 08:23:09,2019-07-29 12:10:42,2019-08-02,60.64890046296296,60.80922453703704,55.6512037037037,52.15863425925926,After Disclosure,2019,15,0,16195.0,266.0,809.0,After disclosure,1,0,2.3040224518136103,1,0,2.772588722239781
CVE-2018-15756,org.springframework:spring-web,org.apache.openmeetings:openmeetings-db,apache/openmeetings,https://github.com/apache/openmeetings/commit/f5199b424831ee0e99011fd6805bdd51bf6d3303,2018-10-28 06:40:20,1,Silent,S1,S1,False,Medium,5.0,,,2018-10-14 22:53:33,2018-10-15 08:01:46,2018-10-18,,13.324155092592592,12.943449074074074,10.278009259259258,After Disclosure,2018,70,0,28869.5,138.0,21576.0,After disclosure,1,0,2.2027667066135073,0,0,4.2626798770413155
CVE-2018-15756,org.springframework:spring-web,ca.uhn.hapi.fhir:hapi-fhir-cli-api,hapifhir/hapi-fhir,https://github.com/hapifhir/hapi-fhir/commit/3121334bfdd2d5f4ece70b370891a56e862f9dc5,2018-11-07 23:28:28,2,Silent,S1,S1,False,Medium,5.0,,,2018-10-14 22:53:33,2018-10-15 08:01:46,2018-10-18,,24.024247685185184,23.643541666666668,20.978101851851857,After Disclosure,2018,70,0,3387.0,32.0,21576.0,After disclosure,1,0,2.230965432822459,0,0,4.2626798770413155
CVE-2018-15756,org.springframework:spring-web,com.consol.citrus:citrus-http,citrusframework/citrus,https://github.com/citrusframework/citrus/commit/c515758a7911b32fea8c5adbac351aafac34d148,2020-03-11 10:27:47,1,Silent,S1,S1,False,Medium,5.0,,,2018-10-14 22:53:33,2018-10-15 08:01:46,2018-10-18,,513.4821064814815,513.1014004629629,510.4359606481481,After Disclosure,2018,70,0,4163.5,61.0,21576.0,After disclosure,1,0,2.819320257113794,0,0,4.2626798770413155
CVE-2019-17359,org.bouncycastle:bcprov-jdk15on,io.mangoo:mangooio-core,svenkubiak/mangooio,https://github.com/svenkubiak/mangooio/commit/4f82524d1cf176073fcc267e713b406da0098369,2019-10-10 09:24:00,1,Silent,S1,S1,False,Medium,5.0,CWE-770,,2019-09-30 06:55:22,2019-10-06 21:05:42,2019-10-08,,10.103217592592593,3.5127083333333333,2.3916666666666666,After Disclosure,2019,43,0,7903.5,109.0,956.0,After disclosure,1,0,2.180744656759938,0,0,3.784189633918261
CVE-2018-11802,org.apache.solr:solr-core,cool.solr:solr-analyzers,solr-cool/solr-analyzers,https://github.com/solr-cool/solr-analyzers/commit/250d555e02c92f5716bef67b6ae6e1700c25e13a,2021-06-01 20:33:47,2,Silent,S1,S1,False,Medium,4.0,CWE-863,,2019-01-04 15:03:47,2019-02-04 09:44:46,2020-04-01,,879.2291666666666,848.4507060185185,426.8567939814815,After Disclosure,2020,14,0,356.0,5.0,2024.0,After disclosure,1,0,2.7604835483007872,0,0,2.70805020110221
CVE-2018-11802,org.apache.solr:solr-core,cool.solr:solr-util,solr-cool/solr-util,https://github.com/solr-cool/solr-util/commit/74004a448d2408e9cf089260153d5b2422fa32d2,2020-12-22 08:55:02,4,Silent,S1,S1,False,Medium,4.0,CWE-863,,2019-01-04 15:03:47,2019-02-04 09:44:46,2020-04-01,,717.7439236111111,686.965462962963,265.37155092592593,After Disclosure,2020,14,0,615.0,11.0,2024.0,After disclosure,1,0,2.6176248482747577,0,0,2.70805020110221
CVE-2018-11802,org.apache.solr:solr-core,cool.solr:solr-thymeleaf,solr-cool/solr-thymeleaf,https://github.com/solr-cool/solr-thymeleaf/commit/2eca07b234865945c65b783ff0dbced6d15e5d8a,2020-08-25 17:40:51,2,Silent,S1,S1,False,Medium,4.0,CWE-863,,2019-01-04 15:03:47,2019-02-04 09:44:46,2020-04-01,,599.1090740740741,568.3306134259259,146.7367013888889,After Disclosure,2020,14,0,381.0,5.0,2024.0,After disclosure,1,0,2.4712343433922097,0,0,2.70805020110221
CVE-2020-26259,com.thoughtworks.xstream:xstream,com.github.spotbugs:sonar-findbugs-plugin,spotbugs/sonar-findbugs,https://github.com/spotbugs/sonar-findbugs/commit/b90ee32f663bbca4f3150396b50f1cb363b006a6,2020-12-30 10:27:06,1,Silent,S1,T4,True,Medium,6.4,CWE-78,,2020-12-12 19:40:25,2020-12-13 00:21:52,2020-12-15,,17.615752314814817,17.420300925925925,15.43548611111111,After Disclosure,2020,179,0,13133.0,191.0,515.0,After disclosure,1,0,2.216587286848887,0,0,5.19295685089021
CVE-2020-26259,com.thoughtworks.xstream:xstream,com.sangupta:jerry-core,sangupta/jerry-core,https://github.com/sangupta/jerry-core/commit/380b8ce5df0ffb3edf334d129d58deb200802fee,2021-08-25 15:34:34,10,Silent,S1,T4,True,Medium,6.4,CWE-78,,2020-12-12 19:40:25,2020-12-13 00:21:52,2020-12-15,,255.82927083333337,255.63381944444444,253.6490046296296,After Disclosure,2020,179,0,9933.0,108.0,515.0,After disclosure,1,0,2.60516838462528,0,0,5.19295685089021
CVE-2020-26259,com.thoughtworks.xstream:xstream,org.cyclonedx:cyclonedx-core-java,CycloneDX/cyclonedx-core-java,https://github.com/CycloneDX/cyclonedx-core-java/commit/3d681070a34095a024fe4a3d253549e2c3eedc8b,2020-12-14 15:48:03,2,Silent,S1,T4,True,Medium,6.4,CWE-78,,2020-12-12 19:40:25,2020-12-13 00:21:52,2020-12-15,,1.8386342592592593,1.6431828703703704,-0.3416319444444444,Release->Disclosure,2020,179,0,1976.0,32.0,515.0,Safe window,0,1,2.172843855326328,0,0,5.19295685089021
CVE-2020-26259,com.thoughtworks.xstream:xstream,org.wicketstuff:jqplot4java,wicketstuff/core,https://github.com/wicketstuff/core/commit/dac5f25b4b29691f9afebde71aff714dfa264a81,2020-12-21 17:09:27,1,Silent,S1,T4,True,Medium,6.4,CWE-78,,2020-12-12 19:40:25,2020-12-13 00:21:52,2020-12-15,,8.895162037037037,8.699710648148148,6.714895833333333,After Disclosure,2020,179,0,6072.0,85.0,515.0,After disclosure,1,0,2.1929550156321094,0,0,5.19295685089021
CVE-2020-26259,com.thoughtworks.xstream:xstream,org.ikasan:ikasan-builder,ikasanEIP/ikasan,https://github.com/ikasanEIP/ikasan/commit/f3046e83a2231cc76d98c01c8fecc3715229b468,2021-05-04 20:07:15,6,Silent,S1,T4,True,Medium,6.4,CWE-78,,2020-12-12 19:40:25,2020-12-13 00:21:52,2020-12-15,,143.01863425925927,142.82318287037037,140.83836805555555,After Disclosure,2020,179,0,6070.0,86.0,515.0,After disclosure,1,0,2.462491689738405,0,0,5.19295685089021
CVE-2020-26259,com.thoughtworks.xstream:xstream,org.neo4j.build.plugins:licensing-maven-plugin,neo4j/licensing-maven-plugin,https://github.com/neo4j/licensing-maven-plugin/commit/26a039e7f2d41eada122c97686b5b0f0553d5538,2021-04-23 06:57:29,5,Silent,S1,T4,True,Medium,6.4,CWE-78,,2020-12-12 19:40:25,2020-12-13 00:21:52,2020-12-15,,131.4701851851852,131.2747337962963,129.2899189814815,After Disclosure,2020,179,0,1627.0,14.0,515.0,After disclosure,1,0,2.444847218337319,0,0,5.19295685089021
CVE-2020-26259,com.thoughtworks.xstream:xstream,com.thankjava.toolkit3d:fast-toolkit3d,lazy-koala/java-toolkit,https://github.com/lazy-koala/java-toolkit/commit/16d615c76b02bc1b470e1adfe1ef8e2894e196e4,2021-03-22 23:46:33,5,Silent,S1,T4,True,Medium,6.4,CWE-78,,2020-12-12 19:40:25,2020-12-13 00:21:52,2020-12-15,,100.17092592592591,99.97547453703704,97.99065972222222,After Disclosure,2020,179,0,3457.0,53.0,515.0,After disclosure,1,0,2.3930745744449147,0,0,5.19295685089021
CVE-2020-26259,com.thoughtworks.xstream:xstream,org.jeasy:easy-batch-xstream,j-easy/easy-batch,https://github.com/j-easy/easy-batch/commit/d20af19f2e59707c9b56ed4c54bf034d346325fd,2020-12-18 21:50:32,1,Silent,S1,T4,True,Medium,6.4,CWE-78,,2020-12-12 19:40:25,2020-12-13 00:21:52,2020-12-15,,6.090358796296297,5.894907407407407,3.910092592592593,After Disclosure,2020,179,0,53.0,2.0,515.0,After disclosure,1,0,2.1850724605813205,0,0,5.19295685089021
CVE-2020-26259,com.thoughtworks.xstream:xstream,com.naspat:wx-tools-pay,naspart/wx-tools,https://github.com/naspart/wx-tools/commit/51de53350d981f4b2935e1eec4e63786610a6e11,2021-02-18 09:28:38,1,Silent,S1,T4,True,Medium,6.4,CWE-78,,2020-12-12 19:40:25,2020-12-13 00:21:52,2020-12-15,,67.57515046296297,67.37969907407407,65.39488425925926,After Disclosure,2020,179,0,18718.0,151.0,515.0,After disclosure,1,0,2.3316683402912113,0,0,5.19295685089021
CVE-2020-26259,com.thoughtworks.xstream:xstream,com.github.psi-probe:psi-probe-core,psi-probe/psi-probe,https://github.com/psi-probe/psi-probe/commit/7fdf6ebd0a3c1a717b799d2332053aebf2ff0c7a,2020-12-14 06:17:48,1,Silent,S1,T4,True,Medium,6.4,CWE-78,,2020-12-12 19:40:25,2020-12-13 00:21:52,2020-12-15,,1.4426273148148148,1.247175925925926,-0.7376388888888888,Release->Disclosure,2020,179,0,19822.0,302.0,515.0,Safe window,0,1,2.171687153342433,0,0,5.19295685089021
CVE-2020-26259,com.thoughtworks.xstream:xstream,org.powertac:common,powertac/powertac-core,https://github.com/powertac/powertac-core/commit/80347a5ace41abfa7aacafb572759d81d54724bb,2020-12-15 17:26:29,1,Silent,S1,T4,True,Medium,6.4,CWE-78,,2020-12-12 19:40:25,2020-12-13 00:21:52,2020-12-15,,2.9069907407407407,2.711539351851852,0.726724537037037,After Disclosure,2020,179,0,8040.0,110.0,515.0,After disclosure,1,0,2.1759491518113094,0,0,5.19295685089021
CVE-2020-26259,com.thoughtworks.xstream:xstream,de.alpharogroup:email-tails,lightblueseas/email-tails,https://github.com/lightblueseas/email-tails/commit/997627a510bf8c40e6f2e0f799827ba5c7180a44,2022-02-28 14:46:26,14,Silent,S1,T4,True,Medium,6.4,CWE-78,,2020-12-12 19:40:25,2020-12-13 00:21:52,2020-12-15,,442.7958449074074,442.6003935185185,440.6155787037037,After Disclosure,2020,179,0,1002.0,12.0,515.0,After disclosure,1,0,2.770734058978944,0,0,5.19295685089021
CVE-2020-26259,com.thoughtworks.xstream:xstream,net.ripe.rpki:rpki-commons,RIPE-NCC/rpki-commons,https://github.com/RIPE-NCC/rpki-commons/commit/441684836fc19396aea8d97b6de9140466d69f31,2020-12-21 15:10:49,1,Silent,S1,T4,True,Medium,6.4,CWE-78,,2020-12-12 19:40:25,2020-12-13 00:21:52,2020-12-15,,8.812777777777777,8.61732638888889,6.632511574074074,After Disclosure,2020,179,0,11426.0,225.0,515.0,After disclosure,1,0,2.192725512676291,0,0,5.19295685089021
CVE-2020-26259,com.thoughtworks.xstream:xstream,com.swiftmq:swiftmq-client,iitsoftware/swiftmq-client,https://github.com/iitsoftware/swiftmq-client/commit/1d2e776087315d2e972a202e7898f786de080399,2020-12-21 16:53:53,1,Silent,S1,T4,True,Medium,6.4,CWE-78,,2020-12-12 19:40:25,2020-12-13 00:21:52,2020-12-15,,8.884351851851852,8.688900462962962,6.704085648148149,After Disclosure,2020,179,0,149380.0,1984.0,515.0,After disclosure,1,0,2.19292490793882,0,0,5.19295685089021
CVE-2020-26259,com.thoughtworks.xstream:xstream,org.patterntesting:patterntesting-rt,oboehm/PatternTesting2,https://github.com/oboehm/PatternTesting2/commit/23be204ec99d64604a7122c4f8cefb423ba6a340,2021-05-18 20:26:17,3,Silent,S1,T4,True,Medium,6.4,CWE-78,,2020-12-12 19:40:25,2020-12-13 00:21:52,2020-12-15,,157.03185185185183,156.83640046296296,154.85158564814816,After Disclosure,2020,179,0,11982.0,199.0,515.0,After disclosure,1,0,2.4829818394967766,0,0,5.19295685089021
CVE-2020-26259,com.thoughtworks.xstream:xstream,no.mnemonic.messaging:requestsink-jms,mnemonic-no/messaging,https://github.com/mnemonic-no/messaging/commit/be97b8f6cc89c15a4a46ea91fb287a6866805d68,2020-12-16 11:02:49,1,Silent,S1,T4,True,Medium,6.4,CWE-78,,2020-12-12 19:40:25,2020-12-13 00:21:52,2020-12-15,,3.640555555555556,3.445104166666667,1.4602893518518518,After Disclosure,2020,179,0,2679.0,37.0,515.0,After disclosure,1,0,2.1780685546879948,0,0,5.19295685089021
CVE-2020-26259,com.thoughtworks.xstream:xstream,com.xceptance:xlt,Xceptance/XLT,https://github.com/Xceptance/XLT/commit/c11b5e4a66dad8b821f68be09d1cf4de90630753,2021-06-02 12:44:03,5,Silent,S1,T4,True,Medium,6.4,CWE-78,,2020-12-12 19:40:25,2020-12-13 00:21:52,2020-12-15,,171.71085648148147,171.5154050925926,169.53059027777778,After Disclosure,2020,179,0,146667.0,2303.0,515.0,After disclosure,1,0,2.5034567220027997,0,0,5.19295685089021
CVE-2020-26259,com.thoughtworks.xstream:xstream,com.btc-ag.redg:redg-generator,btc-ag/redg,https://github.com/btc-ag/redg/commit/c47593c9b555254a369d2f5dc2d6fcfc21be7d3d,2021-06-06 14:20:45,5,Silent,S1,T4,True,Medium,6.4,CWE-78,,2020-12-12 19:40:25,2020-12-13 00:21:52,2020-12-15,,175.77800925925925,175.58255787037038,173.59774305555555,After Disclosure,2020,179,0,1890.0,43.0,515.0,After disclosure,1,0,2.508963049058711,0,0,5.19295685089021
CVE-2020-26259,com.thoughtworks.xstream:xstream,io.quarkus:quarkus-junit5,quarkusio/quarkus,https://github.com/quarkusio/quarkus/commit/267dd815e99e4b4bc8a3ccc0b2b6475f74278c69,2021-01-08 12:36:32,1,Silent,S1,T4,True,Medium,6.4,CWE-78,,2020-12-12 19:40:25,2020-12-13 00:21:52,2020-12-15,,26.705636574074074,26.510185185185183,24.52537037037037,After Disclosure,2020,179,0,1063.0,31.0,515.0,After disclosure,1,0,2.239923742857433,0,0,5.19295685089021
CVE-2020-26259,com.thoughtworks.xstream:xstream,org.javalite:javalite-async,javalite/activejdbc,https://github.com/javalite/activejdbc/commit/9d6517b4d1ba17fb6571c4abd369795fca7287ce,2021-04-20 21:36:46,5,Silent,S1,T4,True,Medium,6.4,CWE-78,,2020-12-12 19:40:25,2020-12-13 00:21:52,2020-12-15,,129.0807986111111,128.8853472222222,126.9005324074074,After Disclosure,2020,179,0,1147.0,13.0,515.0,After disclosure,1,0,2.441105310189205,0,0,5.19295685089021
CVE-2020-26259,com.thoughtworks.xstream:xstream,ro.pippo:pippo-xstream,pippo-java/pippo,https://github.com/pippo-java/pippo/commit/58397c14e558073bc4f934d0a84685d8e9f39ac7,2021-05-19 09:02:02,5,Silent,S1,T4,True,Medium,6.4,CWE-78,,2020-12-12 19:40:25,2020-12-13 00:21:52,2020-12-15,,157.55667824074075,157.36122685185185,155.37641203703703,After Disclosure,2020,179,0,47.0,2.0,515.0,After disclosure,1,0,2.483730773613374,0,0,5.19295685089021
CVE-2020-26259,com.thoughtworks.xstream:xstream,org.infinispan:infinispan-server-core,infinispan/infinispan,https://github.com/infinispan/infinispan/commit/165a0bfa00c762d47220a00e65e33e29f3e9a4a5,2020-12-22 12:42:52,1,Silent,S1,T4,True,Medium,6.4,CWE-78,,2020-12-12 19:40:25,2020-12-13 00:21:52,2020-12-15,,9.710034722222222,9.514583333333333,7.529768518518519,After Disclosure,2020,179,0,4452.0,97.0,515.0,After disclosure,1,0,2.19521854846319,0,0,5.19295685089021
CVE-2020-26259,com.thoughtworks.xstream:xstream,de.digitalcollections.model:dc-model-xml,dbmdz/digitalcollections-model,https://github.com/dbmdz/digitalcollections-model/commit/c54bcd5fda77b5e6eae07cce6e2b2017a1269082,2021-01-11 11:56:37,1,Silent,S1,T4,True,Medium,6.4,CWE-78,,2020-12-12 19:40:25,2020-12-13 00:21:52,2020-12-15,,29.67791666666667,29.482465277777777,27.49765046296296,After Disclosure,2020,179,0,209.0,5.0,515.0,After disclosure,1,0,2.247290253818713,0,0,5.19295685089021
CVE-2018-8027,org.apache.camel:camel-core,com.consol.citrus:citrus-camel,citrusframework/citrus,https://github.com/citrusframework/citrus/commit/be3edc7753e095c62ce1068b54a2491baa01e9f1,2018-06-29 13:47:26,1,Transparent,T1,T1,False,High,7.5,CWE-611,2018-04-16 08:54:00,2018-04-16 10:58:01,2018-04-28 22:38:10,2018-07-31,74.20377314814814,74.11765046296296,61.63143518518518,-31.42539351851852,Release->Disclosure,2018,30,0,770.5,22.5,1625.0,Safe window,0,1,2.0711408953921726,1,1,3.4339872044851463
CVE-2021-21349,com.thoughtworks.xstream:xstream,com.swiftmq:swiftmq-client,iitsoftware/swiftmq-client,https://github.com/iitsoftware/swiftmq-client/commit/10eb973b3cfc9c5afa58868326306efcf2b82413,2021-03-22 23:52:39,4,Silent,S1,S1,False,Medium,5.0,CWE-918;CWE-502,,2021-03-09 23:55:45,2021-03-13 00:22:38,2021-03-22,,12.997847222222225,9.97917824074074,0.9948958333333332,After Disclosure,2021,179,0,149380.0,1984.0,542.0,After disclosure,1,0,2.1767251476549374,0,0,5.19295685089021
CVE-2021-21349,com.thoughtworks.xstream:xstream,com.xceptance:xlt,Xceptance/XLT,https://github.com/Xceptance/XLT/commit/c11b5e4a66dad8b821f68be09d1cf4de90630753,2021-06-02 12:44:03,5,Silent,S1,S1,False,Medium,5.0,CWE-918;CWE-502,,2021-03-09 23:55:45,2021-03-13 00:22:38,2021-03-22,,84.53354166666666,81.51487268518518,72.53059027777778,After Disclosure,2021,179,0,146667.0,2303.0,542.0,After disclosure,1,0,2.3458730128190255,0,0,5.19295685089021
CVE-2021-21349,com.thoughtworks.xstream:xstream,org.patterntesting:patterntesting-rt,oboehm/PatternTesting2,https://github.com/oboehm/PatternTesting2/commit/667cb549379023a3f7e114bb9bd88cd3ed19987d,2021-06-07 19:32:38,2,Silent,S1,S1,False,Medium,5.0,CWE-918;CWE-502,,2021-03-09 23:55:45,2021-03-13 00:22:38,2021-03-22,,89.8172800925926,86.79861111111111,77.81432870370371,After Disclosure,2021,179,0,11982.0,199.0,542.0,After disclosure,1,0,2.3560995663853226,0,0,5.19295685089021
CVE-2021-21349,com.thoughtworks.xstream:xstream,com.sangupta:jerry-core,sangupta/jerry-core,https://github.com/sangupta/jerry-core/commit/ebc407d3406391432928e28e2ed6268030498529,2021-10-06 16:54:12,3,Silent,S1,S1,False,Medium,5.0,CWE-918;CWE-502,,2021-03-09 23:55:45,2021-03-13 00:22:38,2021-03-22,,210.70725694444445,207.68858796296297,198.70430555555555,After Disclosure,2021,179,0,9933.0,108.0,542.0,After disclosure,1,0,2.5414900134025764,0,0,5.19295685089021
CVE-2021-21349,com.thoughtworks.xstream:xstream,ro.pippo:pippo-xstream,pippo-java/pippo,https://github.com/pippo-java/pippo/commit/58397c14e558073bc4f934d0a84685d8e9f39ac7,2021-05-19 09:02:02,5,Silent,S1,S1,False,Medium,5.0,CWE-918;CWE-502,,2021-03-09 23:55:45,2021-03-13 00:22:38,2021-03-22,,70.37936342592593,67.36069444444445,58.376412037037035,After Disclosure,2021,179,0,47.0,2.0,542.0,After disclosure,1,0,2.31722863244762,0,0,5.19295685089021
CVE-2021-21349,com.thoughtworks.xstream:xstream,org.infinispan:infinispan-server-core,infinispan/infinispan,https://github.com/infinispan/infinispan/commit/172f2d3831fefcb1a018bd4090232f74c59a44dd,2021-03-18 07:16:58,4,Silent,S1,S1,False,Medium,5.0,CWE-918;CWE-502,,2021-03-09 23:55:45,2021-03-13 00:22:38,2021-03-22,,8.306400462962962,5.287731481481481,-3.696550925925926,Release->Disclosure,2021,179,0,4452.0,97.0,542.0,Safe window,0,1,2.1629455177384473,0,0,5.19295685089021
CVE-2021-21349,com.thoughtworks.xstream:xstream,org.ikasan:ikasan-filetransfer-common,ikasanEIP/ikasan,https://github.com/ikasanEIP/ikasan/commit/f3046e83a2231cc76d98c01c8fecc3715229b468,2021-05-04 20:07:15,6,Silent,S1,S1,False,Medium,5.0,CWE-918;CWE-502,,2021-03-09 23:55:45,2021-03-13 00:22:38,2021-03-22,,55.84131944444445,52.82265046296296,43.83836805555555,After Disclosure,2021,179,0,2737.0,43.0,542.0,After disclosure,1,0,2.2856980818609154,0,0,5.19295685089021
CVE-2021-21349,com.thoughtworks.xstream:xstream,org.smooks:smooks-core,smooks/smooks,https://github.com/smooks/smooks/commit/eb9cf831fe330ee8271612e2a3dbeb4ef0da2199,2021-03-22 18:24:46,4,Silent,S1,S1,False,Medium,5.0,CWE-918;CWE-502,,2021-03-09 23:55:45,2021-03-13 00:22:38,2021-03-22,,12.770150462962963,9.751481481481482,0.7671990740740741,After Disclosure,2021,179,0,19961.0,350.0,542.0,After disclosure,1,0,2.176066360132063,0,0,5.19295685089021
CVE-2021-21349,com.thoughtworks.xstream:xstream,org.javalite:javalite-async,javalite/activejdbc,https://github.com/javalite/activejdbc/commit/9d6517b4d1ba17fb6571c4abd369795fca7287ce,2021-04-20 21:36:46,5,Silent,S1,S1,False,Medium,5.0,CWE-918;CWE-502,,2021-03-09 23:55:45,2021-03-13 00:22:38,2021-03-22,,41.9034837962963,38.88481481481482,29.900532407407407,After Disclosure,2021,179,0,1147.0,13.0,542.0,After disclosure,1,0,2.2531555579852447,0,0,5.19295685089021
CVE-2021-21349,com.thoughtworks.xstream:xstream,org.neo4j.build.plugins:licensing-maven-plugin,neo4j/licensing-maven-plugin,https://github.com/neo4j/licensing-maven-plugin/commit/26a039e7f2d41eada122c97686b5b0f0553d5538,2021-04-23 06:57:29,5,Silent,S1,S1,False,Medium,5.0,CWE-918;CWE-502,,2021-03-09 23:55:45,2021-03-13 00:22:38,2021-03-22,,44.29287037037037,41.27420138888889,32.289918981481485,After Disclosure,2021,179,0,1627.0,14.0,542.0,After disclosure,1,0,2.258910415379855,0,0,5.19295685089021
CVE-2021-21349,com.thoughtworks.xstream:xstream,com.github.psi-probe:psi-probe-core,psi-probe/psi-probe,https://github.com/psi-probe/psi-probe/commit/7fab8b106f725eab6eebb2bd99188605c105a2f7,2021-03-15 05:47:19,4,Silent,S1,S1,False,Medium,5.0,CWE-918;CWE-502,,2021-03-09 23:55:45,2021-03-13 00:22:38,2021-03-22,,5.244143518518518,2.2254745370370372,-6.7588078703703705,Release->Disclosure,2021,179,0,19822.0,302.0,542.0,Safe window,0,1,2.153709382034317,0,0,5.19295685089021
CVE-2021-21349,com.thoughtworks.xstream:xstream,org.wicketstuff:jqplot4java,wicketstuff/core,https://github.com/wicketstuff/core/commit/8e386bd8dd2411f31c66bd45717f32fb40f9ad75,2021-03-23 06:56:31,4,Silent,S1,S1,False,Medium,5.0,CWE-918;CWE-502,,2021-03-09 23:55:45,2021-03-13 00:22:38,2021-03-22,,13.292199074074071,10.273530092592592,1.2892476851851853,After Disclosure,2021,179,0,6072.0,85.0,542.0,After disclosure,1,0,2.177575307887971,0,0,5.19295685089021
CVE-2021-21349,com.thoughtworks.xstream:xstream,org.kie.kogito:drools-compiler,kiegroup/kogito-runtimes,https://github.com/kiegroup/kogito-runtimes/commit/be534eb1bf87d95083fc9caa90b680b40f42c749,2021-05-15 06:57:43,13,Silent,S1,S1,False,Medium,5.0,CWE-918;CWE-502,,2021-03-09 23:55:45,2021-03-13 00:22:38,2021-03-22,,66.29303240740741,63.27436342592593,54.29008101851852,After Disclosure,2021,179,0,97108.0,770.0,542.0,After disclosure,1,0,2.3085948929374966,0,0,5.19295685089021
CVE-2021-21349,com.thoughtworks.xstream:xstream,io.quarkus:quarkus-junit5,quarkusio/quarkus,https://github.com/quarkusio/quarkus/commit/2e61de4423803616d2a17ec25ac398b754005fd1,2021-03-15 22:06:04,4,Silent,S1,S1,False,Medium,5.0,CWE-918;CWE-502,,2021-03-09 23:55:45,2021-03-13 00:22:38,2021-03-22,,5.923831018518518,2.9051620370370372,-6.0791203703703705,Release->Disclosure,2021,179,0,1063.0,31.0,542.0,Safe window,0,1,2.155776428688607,0,0,5.19295685089021
CVE-2021-21349,com.thoughtworks.xstream:xstream,com.btc-ag.redg:redg-generator,btc-ag/redg,https://github.com/btc-ag/redg/commit/c47593c9b555254a369d2f5dc2d6fcfc21be7d3d,2021-06-06 14:20:45,5,Silent,S1,S1,False,Medium,5.0,CWE-918;CWE-502,,2021-03-09 23:55:45,2021-03-13 00:22:38,2021-03-22,,88.60069444444444,85.58202546296296,76.59774305555555,After Disclosure,2021,179,0,1890.0,43.0,542.0,After disclosure,1,0,2.3537661425847665,0,0,5.19295685089021
CVE-2021-21349,com.thoughtworks.xstream:xstream,no.mnemonic.messaging:requestsink-jms,mnemonic-no/messaging,https://github.com/mnemonic-no/messaging/commit/ad1d2ddde0f14edbade60c0c50acc40813048778,2021-04-19 13:56:09,4,Silent,S1,S1,False,Medium,5.0,CWE-918;CWE-502,,2021-03-09 23:55:45,2021-03-13 00:22:38,2021-03-22,,40.58361111111111,37.56494212962963,28.580659722222222,After Disclosure,2021,179,0,2679.0,37.0,542.0,After disclosure,1,0,2.249943630227402,0,0,5.19295685089021
CVE-2021-21349,com.thoughtworks.xstream:xstream,com.thankjava.toolkit3d:fast-toolkit3d,lazy-koala/java-toolkit,https://github.com/lazy-koala/java-toolkit/commit/16d615c76b02bc1b470e1adfe1ef8e2894e196e4,2021-03-22 23:46:33,5,Silent,S1,S1,False,Medium,5.0,CWE-918;CWE-502,,2021-03-09 23:55:45,2021-03-13 00:22:38,2021-03-22,,12.993611111111113,9.97494212962963,0.9906597222222222,After Disclosure,2021,179,0,3457.0,53.0,542.0,After disclosure,1,0,2.1767129005728125,0,0,5.19295685089021
CVE-2021-21349,com.thoughtworks.xstream:xstream,de.alpharogroup:email-tails,lightblueseas/email-tails,https://github.com/lightblueseas/email-tails/commit/997627a510bf8c40e6f2e0f799827ba5c7180a44,2022-02-28 14:46:26,14,Silent,S1,S1,False,Medium,5.0,CWE-918;CWE-502,,2021-03-09 23:55:45,2021-03-13 00:22:38,2021-03-22,,355.6185300925926,352.5998611111111,343.6155787037037,After Disclosure,2021,179,0,1002.0,12.0,542.0,After disclosure,1,0,2.692705755117098,0,0,5.19295685089021
CVE-2021-21349,com.thoughtworks.xstream:xstream,org.powertac:common,powertac/powertac-core,https://github.com/powertac/powertac-core/commit/182d71556780cd823d9247b747e35df336090698,2021-03-22 23:48:47,4,Silent,S1,S1,False,Medium,5.0,CWE-918;CWE-502,,2021-03-09 23:55:45,2021-03-13 00:22:38,2021-03-22,,12.995162037037035,9.976493055555556,0.9922106481481482,After Disclosure,2021,179,0,8040.0,110.0,542.0,After disclosure,1,0,2.1767173845172727,0,0,5.19295685089021
CVE-2021-21349,com.thoughtworks.xstream:xstream,net.ripe.rpki:rpki-commons,RIPE-NCC/rpki-commons,https://github.com/RIPE-NCC/rpki-commons/commit/7a2a808255688e09b67641e17abaa26a9ea163be,2021-03-22 23:46:26,4,Silent,S1,S1,False,Medium,5.0,CWE-918;CWE-502,,2021-03-09 23:55:45,2021-03-13 00:22:38,2021-03-22,,12.993530092592591,9.97486111111111,0.9905787037037036,After Disclosure,2021,179,0,11426.0,225.0,542.0,After disclosure,1,0,2.1767126663356353,0,0,5.19295685089021
CVE-2021-21349,com.thoughtworks.xstream:xstream,com.github.spotbugs:sonar-findbugs-plugin,spotbugs/sonar-findbugs,https://github.com/spotbugs/sonar-findbugs/commit/046b7c1ba7d0411c201f4fad61145950614e093a,2021-05-19 04:10:58,4,Silent,S1,S1,False,Medium,5.0,CWE-918;CWE-502,,2021-03-09 23:55:45,2021-03-13 00:22:38,2021-03-22,,70.17723379629629,67.15856481481481,58.17428240740741,After Disclosure,2021,179,0,13133.0,191.0,542.0,After disclosure,1,0,2.3168055771190352,0,0,5.19295685089021
CVE-2018-11771,org.apache.commons:commons-compress,org.owasp:dependency-check-core,jeremylong/DependencyCheck,https://github.com/jeremylong/DependencyCheck/commit/b850754bf177ec86e9daba82c4dca217da84b0da,2018-08-17 07:37:06,1,Silent,S1,S1,False,Medium,4.3,CWE-835,,2018-08-09 20:39:23,2018-08-13 09:14:05,2018-08-16,,7.456747685185185,3.932650462962963,1.3174305555555557,After Disclosure,2018,107,0,20066.0,227.5,83.0,After disclosure,1,0,2.1776566196869975,0,0,4.68213122712422
CVE-2018-11771,org.apache.commons:commons-compress,com.sangupta:jerry-core,sangupta/jerry-core,https://github.com/sangupta/jerry-core/commit/67d6034f4c87c71c31957996b69b9995616e01b1,2019-02-20 21:02:55,1,Silent,S1,S1,False,Medium,4.3,CWE-835,,2018-08-09 20:39:23,2018-08-13 09:14:05,2018-08-16,,195.0163425925926,191.49224537037037,188.87702546296296,After Disclosure,2018,107,0,9933.0,108.0,83.0,After disclosure,1,0,2.5290467466723725,0,0,4.68213122712422
CVE-2018-11771,org.apache.commons:commons-compress,com.lithium.flow:flow,lithiumtech/flow,https://github.com/lithiumtech/flow/commit/dfaad6843be0bdc77eb13316f00e07060feaefe2,2018-09-18 04:17:37,2,Silent,S1,S1,False,Medium,4.3,CWE-835,,2018-08-09 20:39:23,2018-08-13 09:14:05,2018-08-16,,39.31821759259259,35.79412037037037,33.178900462962964,After Disclosure,2018,107,0,13227.0,293.5,83.0,After disclosure,1,0,2.261032219440252,0,0,4.68213122712422
CVE-2015-5531,org.elasticsearch:elasticsearch,com.github.alexcojocaru:elasticsearch-maven-plugin,alexcojocaru/elasticsearch-maven-plugin,https://github.com/alexcojocaru/elasticsearch-maven-plugin/commit/a53962b78cdec1f9827931814b253f912e9a5545,2015-11-15 20:51:25,1,Silent,S1,S1,False,Medium,5.0,CWE-22,,2015-07-14 21:54:42,2015-07-16 14:05:27,2015-08-17,,123.95605324074074,122.28192129629628,90.86903935185184,After Disclosure,2015,44,0,580.0,12.0,10453.0,After disclosure,1,0,2.3803799336916844,0,0,3.8066624897703196
CVE-2015-5531,org.elasticsearch:elasticsearch,com.lithium.flow:flow,lithiumtech/flow,https://github.com/lithiumtech/flow/commit/9038ee3703f1f47895fb05e9bbe0b7f3be144464,2015-07-24 21:07:45,1,Silent,S1,S1,False,Medium,5.0,CWE-22,,2015-07-14 21:54:42,2015-07-16 14:05:27,2015-08-17,,9.967395833333333,8.29326388888889,-23.119618055555556,Release->Disclosure,2015,44,0,13227.0,293.5,10453.0,Safe window,0,1,2.100730871507275,0,0,3.8066624897703196
CVE-2015-5531,org.elasticsearch:elasticsearch,org.graylog2:graylog2-server,Graylog2/graylog2-server,https://github.com/Graylog2/graylog2-server/commit/4a42dd5002e52b8080072b0bae650b6255783bc7,2015-07-20 16:05:46,1,Silent,S1,S1,False,Medium,5.0,CWE-22,,2015-07-14 21:54:42,2015-07-16 14:05:27,2015-08-17,,5.757685185185185,4.08355324074074,-27.329328703703705,Release->Disclosure,2015,44,0,81519.0,2129.5,10453.0,Safe window,0,1,2.085985438092844,0,0,3.8066624897703196
CVE-2015-5531,org.elasticsearch:elasticsearch,io.vertigo:vertigo-dynamo-impl,vertigo-io/vertigo,https://github.com/vertigo-io/vertigo/commit/47b8a740c7ffec32178a87b6d2d6ef655229aaeb,2015-11-10 16:10:57,1,Silent,S1,S1,False,Medium,5.0,CWE-22,,2015-07-14 21:54:42,2015-07-16 14:05:27,2015-08-17,,118.76128472222224,117.08715277777776,85.67427083333334,After Disclosure,2015,44,0,17024.0,298.0,10453.0,After disclosure,1,0,2.3708801921389675,0,0,3.8066624897703196
CVE-2015-5531,org.elasticsearch:elasticsearch,org.bedework.caleng:bw-calendar-engine-core,Bedework/bw-calendar-engine,https://github.com/Bedework/bw-calendar-engine/commit/2bf897b602ec2105f84838f413e7f4d968e4a5c1,2019-07-09 15:21:23,1,Silent,S1,S1,False,Medium,5.0,CWE-22,,2015-07-14 21:54:42,2015-07-16 14:05:27,2015-08-17,,1455.726863425926,1454.0527314814815,1422.639849537037,After Disclosure,2015,44,0,12025.0,62.0,10453.0,After disclosure,1,0,3.1964149815978815,0,0,3.8066624897703196
CVE-2019-17632,org.eclipse.jetty:jetty-server,com.aspectran:aspectran-with-jetty,aspectran/aspectran,https://github.com/aspectran/aspectran/commit/6c3b83cbae563afea536825d67545f500bcfb2eb,2019-11-22 05:14:08,1,Transparent,T1,T1,False,Medium,4.3,CWE-79,2019-11-20 15:48:56,2019-11-20 15:21:07,2019-11-20 15:25:01,2019-11-25,1.5591666666666666,1.5784837962962963,1.575775462962963,-2.781851851851852,Report->Disclosure,2019,12,0,216.0,3.0,2499.0,Safe window,0,1,2.1656666881334523,1,0,2.5649493574615367
CVE-2019-17632,org.eclipse.jetty:jetty-server,org.aktin:broker-admin,aktin/broker,https://github.com/aktin/broker/commit/35e781a7a0a3ee4d6c5eef927b701510232ccd7d,2020-02-23 22:28:44,1,Transparent,T1,T1,False,Medium,4.3,CWE-79,2019-11-20 15:48:56,2019-11-20 15:21:07,2019-11-20 15:25:01,2019-11-25,95.27763888888887,95.29695601851851,95.29424768518518,90.93662037037036,After Disclosure,2019,12,0,657.0,11.5,2499.0,After disclosure,1,0,2.38050216092893,1,0,2.5649493574615367
CVE-2019-17632,org.eclipse.jetty:jetty-server,org.exist-db:exist-core,exist-db/exist,https://github.com/exist-db/exist/commit/b0e51e74bd0224bbc754f38f4784450a3d447485,2019-11-22 03:24:42,1,Transparent,T1,T1,False,Medium,4.3,CWE-79,2019-11-20 15:48:56,2019-11-20 15:21:07,2019-11-20 15:25:01,2019-11-25,1.4831712962962964,1.502488425925926,1.4997800925925926,-2.8578472222222224,Report->Disclosure,2019,12,0,238534.0,2176.5,2499.0,Safe window,0,1,2.165441255143752,1,0,2.5649493574615367
CVE-2018-1282,org.apache.hive:hive-jdbc,com.hotels:beeju,HotelsDotCom/beeju,https://github.com/HotelsDotCom/beeju/commit/967f7daeb42aa8e8b91c235f2f1d34aa8c1b98e0,2018-12-18 09:35:55,2,Silent,S1,S1,False,High,7.5,CWE-89,,2018-03-01 14:34:03,2018-03-22 15:37:46,2018-04-05,,291.792962962963,270.74871527777776,257.3999421296296,After Disclosure,2018,21,0,384.0,9.0,1580.0,After disclosure,1,0,2.6091931615267425,0,1,3.091042453358316
CVE-2016-3086,org.apache.hadoop:hadoop-common,com.hotels.road:road-hive-metastore-core,HotelsDotCom/data-highway,https://github.com/HotelsDotCom/data-highway/commit/91f36e25217632b2183735dbccd246705f874377,2019-01-16 21:01:31,2,Transparent,T1,T1,False,Medium,5.0,CWE-200,2016-05-06 16:33:36,2016-09-14 20:59:22,2016-09-27 14:20:51,2017-09-05,985.1860532407408,854.0014930555556,841.2782407407408,498.8760532407408,After Disclosure,2017,158,0,337.0,10.0,1938.0,After disclosure,1,0,2.8116421920814822,1,0,5.0689042022202315
CVE-2016-3086,org.apache.hadoop:hadoop-common,org.apache.reef:reef-runtime-multi,apache/reef,https://github.com/apache/reef/commit/bd617bd4f9830454c876dabe4b74c93706bd4d0e,2017-07-28 15:42:22,2,Transparent,T1,T1,False,Medium,5.0,CWE-200,2016-05-06 16:33:36,2016-09-14 20:59:22,2016-09-27 14:20:51,2017-09-05,447.9644212962963,316.77986111111113,304.0566087962963,-38.3455787037037,Release->Disclosure,2017,158,0,1053.0,31.0,1938.0,Safe window,0,1,2.044847822571312,1,0,5.0689042022202315
CVE-2016-3086,org.apache.hadoop:hadoop-common,com.hotels:corc-cascading,HotelsDotCom/corc,https://github.com/HotelsDotCom/corc/commit/9ab5e940febb121a515622cae7b14ae33192d99d,2019-07-04 12:54:36,2,Transparent,T1,T1,False,Medium,5.0,CWE-200,2016-05-06 16:33:36,2016-09-14 20:59:22,2016-09-27 14:20:51,2017-09-05,1153.8479166666666,1022.6633564814816,1009.9401041666666,667.5379166666667,After Disclosure,2017,158,0,605.0,12.0,1938.0,After disclosure,1,0,2.9120955866927676,1,0,5.0689042022202315
CVE-2016-3086,org.apache.hadoop:hadoop-common,com.lucidworks.spark:spark-solr,LucidWorks/spark-solr,https://github.com/LucidWorks/spark-solr/commit/38ea9311f3b0a80794c2084fca8695e41c3871db,2019-06-19 14:46:22,1,Transparent,T1,T1,False,Medium,5.0,CWE-200,2016-05-06 16:33:36,2016-09-14 20:59:22,2016-09-27 14:20:51,2017-09-05,1138.9255324074074,1007.7409722222222,995.0177199074074,652.6155324074074,After Disclosure,2017,158,0,27951.0,431.0,1938.0,After disclosure,1,0,2.9040875731678324,1,0,5.0689042022202315
CVE-2016-3086,org.apache.hadoop:hadoop-common,com.marklogic:mlcp,marklogic/marklogic-contentpump,https://github.com/marklogic/marklogic-contentpump/commit/006e3602245af0d32cbd1e317a6339f2c88dc63f,2021-04-28 21:39:19,2,Transparent,T1,T1,False,Medium,5.0,CWE-200,2016-05-06 16:33:36,2016-09-14 20:59:22,2016-09-27 14:20:51,2017-09-05,1818.2123032407408,1687.0277430555554,1674.304490740741,1331.9023032407408,After Disclosure,2017,158,0,12237.0,132.0,1938.0,After disclosure,1,0,3.170592153670609,1,0,5.0689042022202315
CVE-2016-5393,org.apache.hadoop:hadoop-common,com.lithium.flow:flow,lithiumtech/flow,https://github.com/lithiumtech/flow/commit/d8dced20a72ca7e4d2a2f305356c505588098b13,2017-01-03 04:25:25,1,Silent,S1,S1,False,Medium,6.5,CWE-284,,2016-08-03 14:32:21,2016-08-15 12:52:39,2016-11-29,,152.5785185185185,140.64775462962962,35.184317129629626,After Disclosure,2016,134,0,13227.0,293.5,1812.0,After disclosure,1,0,2.2657809788658607,0,0,4.90527477843843
CVE-2016-5393,org.apache.hadoop:hadoop-common,com.hotels:waggle-dance-core,ExpediaGroup/waggle-dance,https://github.com/ExpediaGroup/waggle-dance/commit/cb5ecb3ae8f05d096fd4df5bc718f116eef01606,2022-02-16 16:45:04,2,Silent,S1,S1,False,Medium,6.5,CWE-284,,2016-08-03 14:32:21,2016-08-15 12:52:39,2016-11-29,,2023.092164351852,2011.161400462963,1905.697962962963,After Disclosure,2016,134,0,10000.0,406.0,1812.0,After disclosure,1,0,3.312795376463826,0,0,4.90527477843843
CVE-2016-5393,org.apache.hadoop:hadoop-common,com.google.cloud.bigdataoss:bigquery-connector,GoogleCloudPlatform/bigdata-interop,https://github.com/GoogleCloudPlatform/bigdata-interop/commit/4de77efe795f57b9cbff164fe66a2285239f369a,2017-10-26 21:54:52,1,Silent,S1,S1,False,Medium,6.5,CWE-284,,2016-08-03 14:32:21,2016-08-15 12:52:39,2016-11-29,,449.30730324074074,437.3765393518519,331.9131018518519,After Disclosure,2016,134,0,2800.0,42.0,1812.0,After disclosure,1,0,2.682269029659927,0,0,4.90527477843843
CVE-2016-5393,org.apache.hadoop:hadoop-common,org.janusgraph:janusgraph-all,JanusGraph/janusgraph,https://github.com/JanusGraph/janusgraph/commit/95329035e9c5be384010c19f9d753a86e0e6ecfd,2019-06-26 17:36:31,2,Silent,S1,S1,False,Medium,6.5,CWE-284,,2016-08-03 14:32:21,2016-08-15 12:52:39,2016-11-29,,1057.1278935185185,1045.1971296296297,939.7336921296296,After Disclosure,2016,134,0,0.0,0.0,1812.0,After disclosure,1,0,3.037011087316751,0,0,4.90527477843843
CVE-2016-5393,org.apache.hadoop:hadoop-common,com.hotels:beeju,HotelsDotCom/beeju,https://github.com/HotelsDotCom/beeju/commit/d48fd884b09f6de99f6375a336daaf914dbfa170,2021-02-12 12:14:02,1,Silent,S1,S1,False,Medium,6.5,CWE-284,,2016-08-03 14:32:21,2016-08-15 12:52:39,2016-11-29,,1653.9039467592593,1641.9731828703705,1536.5097453703704,After Disclosure,2016,134,0,384.0,9.0,1812.0,After disclosure,1,0,3.226789032582955,0,0,4.90527477843843
CVE-2016-5393,org.apache.hadoop:hadoop-common,com.yahoo.datasketches:sketches-pig,DataSketches/sketches-pig,https://github.com/DataSketches/sketches-pig/commit/207ecd1d66239e56765f01b81714ed092356c990,2016-09-22 17:17:55,1,Silent,S1,S1,False,Medium,6.5,CWE-284,,2016-08-03 14:32:21,2016-08-15 12:52:39,2016-11-29,,50.11497685185185,38.18421296296296,-67.27922453703704,Release->Disclosure,2016,134,0,2823.0,63.0,1812.0,Safe window,0,1,1.913522336889021,0,0,4.90527477843843
CVE-2016-5393,org.apache.hadoop:hadoop-common,com.yahoo.datasketches:sketches-hive,DataSketches/sketches-hive,https://github.com/DataSketches/sketches-hive/commit/d4047e0771ee943243de2e93f4a65bf1c4d81889,2016-09-30 18:36:03,1,Silent,S1,S1,False,Medium,6.5,CWE-284,,2016-08-03 14:32:21,2016-08-15 12:52:39,2016-11-29,,58.16923611111111,46.23847222222222,-59.22496527777778,Release->Disclosure,2016,134,0,1654.0,53.0,1812.0,Safe window,0,1,1.9542388232822456,0,0,4.90527477843843
CVE-2016-5393,org.apache.hadoop:hadoop-common,com.github.jsr203hadoop:jsr203hadoop,damiencarol/jsr203-hadoop,https://github.com/damiencarol/jsr203-hadoop/commit/4f28f8de7613b7c2b41c70ff38fae2861a07a5a5,2016-09-06 14:28:15,1,Silent,S1,S1,False,Medium,6.5,CWE-284,,2016-08-03 14:32:21,2016-08-15 12:52:39,2016-11-29,,33.99715277777778,22.066388888888888,-83.39704861111112,Release->Disclosure,2016,134,0,2413.0,29.0,1812.0,Safe window,0,1,1.8184050709565576,0,0,4.90527477843843
CVE-2016-5393,org.apache.hadoop:hadoop-common,io.arenadata.hive:hive-jdbc,arenadata/hive,https://github.com/arenadata/hive/commit/392b6e3203a47608976a24edac4970a82b554bad,2017-04-10 01:25:27,1,Silent,S1,S1,False,Medium,6.5,CWE-284,,2016-08-03 14:32:21,2016-08-15 12:52:39,2016-11-29,,249.45354166666667,237.52277777777775,132.05934027777778,After Disclosure,2016,134,0,6714.0,40.0,1812.0,After disclosure,1,0,2.4491443216694413,0,0,4.90527477843843
CVE-2016-5393,org.apache.hadoop:hadoop-common,com.ibm.stocator:stocator,SparkTC/stocator,https://github.com/SparkTC/stocator/commit/631b3c663c024a984d82503d584f2fe97d10d319,2017-08-29 20:53:10,1,Silent,S1,S1,False,Medium,6.5,CWE-284,,2016-08-03 14:32:21,2016-08-15 12:52:39,2016-11-29,,391.2644560185185,379.3336921296296,273.87025462962964,After Disclosure,2016,134,0,2891.0,38.5,1812.0,After disclosure,1,0,2.62643733462853,0,0,4.90527477843843
CVE-2015-1776,org.apache.hadoop:hadoop-mapreduce-client-core,com.hotels.road:road-hive-metastore-core,HotelsDotCom/data-highway,https://github.com/HotelsDotCom/data-highway/commit/91f36e25217632b2183735dbccd246705f874377,2019-01-16 21:01:31,2,Silent,S1,S1,False,Low,2.1,CWE-200,,2015-05-14 16:07:56,2015-08-25 10:52:45,2016-04-19,,1343.203877314815,1240.4227546296297,1002.8760532407408,After Disclosure,2016,47,0,337.0,10.0,525.0,After disclosure,1,0,3.0614902726097393,0,0,3.871201010907891
CVE-2015-1776,org.apache.hadoop:hadoop-mapreduce-client-core,com.hotels:corc-core,HotelsDotCom/corc,https://github.com/HotelsDotCom/corc/commit/9ab5e940febb121a515622cae7b14ae33192d99d,2019-07-04 12:54:36,2,Silent,S1,S1,False,Low,2.1,CWE-200,,2015-05-14 16:07:56,2015-08-25 10:52:45,2016-04-19,,1511.8657407407406,1409.0846180555557,1171.537916666667,After Disclosure,2016,47,0,1276.0,46.0,525.0,After disclosure,1,0,3.120824604049884,0,0,3.871201010907891
CVE-2015-1776,org.apache.hadoop:hadoop-mapreduce-client-core,com.marklogic:mlcp,marklogic/marklogic-contentpump,https://github.com/marklogic/marklogic-contentpump/commit/66a16326842e315887035e0b9c868cb6739fd140,2016-06-15 20:14:44,1,Silent,S1,S1,False,Low,2.1,CWE-200,,2015-05-14 16:07:56,2015-08-25 10:52:45,2016-04-19,,398.1713888888889,295.39026620370373,57.84356481481481,After Disclosure,2016,47,0,12237.0,132.0,525.0,After disclosure,1,0,2.316112498461778,0,0,3.871201010907891
CVE-2015-1776,org.apache.hadoop:hadoop-mapreduce-client-core,org.apache.reef:reef-examples,apache/reef,https://github.com/apache/reef/commit/c4f934f044fdacb3845ce3a083e940249d6de693,2018-07-06 23:59:37,1,Silent,S1,S1,False,Low,2.1,CWE-200,,2015-05-14 16:07:56,2015-08-25 10:52:45,2016-04-19,,1149.3275578703704,1046.5464351851851,808.9997337962963,After Disclosure,2016,47,0,5134.0,197.0,525.0,After disclosure,1,0,2.981467014767819,0,0,3.871201010907891
CVE-2015-1776,org.apache.hadoop:hadoop-mapreduce-client-core,com.ibm.stocator:stocator,SparkTC/stocator,https://github.com/SparkTC/stocator/commit/d723141c827bb01061ead49e213fdcae9f1ad475,2016-09-15 12:53:03,1,Silent,S1,S1,False,Low,2.1,CWE-200,,2015-05-14 16:07:56,2015-08-25 10:52:45,2016-04-19,,489.86466435185184,387.0835416666667,149.53684027777777,After Disclosure,2016,47,0,2891.0,38.5,525.0,After disclosure,1,0,2.4753239649898,0,0,3.871201010907891
CVE-2015-1776,org.apache.hadoop:hadoop-mapreduce-client-core,com.yahoo.datasketches:sketches-hive,DataSketches/sketches-hive,https://github.com/DataSketches/sketches-hive/commit/1824b958ac8f31aade769d37f6638f9e26bd5a9f,2016-06-03 20:33:53,1,Silent,S1,S1,False,Low,2.1,CWE-200,,2015-05-14 16:07:56,2015-08-25 10:52:45,2016-04-19,,386.1846875,283.40356481481484,45.85686342592592,After Disclosure,2016,47,0,1654.0,53.0,525.0,After disclosure,1,0,2.2902151174441148,0,0,3.871201010907891
CVE-2015-1776,org.apache.hadoop:hadoop-mapreduce-client-core,com.google.cloud.bigdataoss:gcs-connector,GoogleCloudPlatform/bigdata-interop,https://github.com/GoogleCloudPlatform/bigdata-interop/commit/fd9d79e32f7b807c178250f4a3e7a69a3bc929e5,2016-10-04 18:11:51,1,Silent,S1,S1,False,Low,2.1,CWE-200,,2015-05-14 16:07:56,2015-08-25 10:52:45,2016-04-19,,509.08605324074074,406.30493055555553,168.75822916666667,After Disclosure,2016,47,0,2077.0,20.0,525.0,After disclosure,1,0,2.502403124627304,0,0,3.871201010907891
CVE-2014-3120,org.elasticsearch:elasticsearch,com.yakaz.elasticsearch.plugins:elasticsearch-action-updatebyquery,yakaz/elasticsearch-action-updatebyquery,https://github.com/yakaz/elasticsearch-action-updatebyquery/commit/74fb0202822a0599caf1cf578f5209c57162a82b,2014-08-10 20:33:15,1,Transparent,T1,T1,False,Medium,6.8,CWE-284,2014-04-17 13:38:05,2014-04-25 15:23:08,2014-05-22 12:46:30,2014-07-28,115.28831018518518,107.2153587962963,80.32413194444445,13.856423611111111,After Disclosure,2014,39,0,1943.5,38.0,5810.0,After disclosure,1,0,2.212402367199613,1,0,3.6888794541139363
CVE-2014-3120,org.elasticsearch:elasticsearch,com.github.richardwilly98.elasticsearch:elasticsearch-river-mongodb,richardwilly98/elasticsearch-river-mongodb,https://github.com/richardwilly98/elasticsearch-river-mongodb/commit/6000719014487f28078a557fc64fedd838533271,2014-06-29 14:07:44,1,Transparent,T1,T1,False,Medium,6.8,CWE-284,2014-04-17 13:38:05,2014-04-25 15:23:08,2014-05-22 12:46:30,2014-07-28,73.02059027777777,64.94763888888889,38.056412037037035,-28.411296296296296,Release->Disclosure,2014,39,0,3820.5,28.5,5810.0,Safe window,0,1,2.08211332758935,1,0,3.6888794541139363
CVE-2014-3120,org.elasticsearch:elasticsearch,org.carrot2:elasticsearch-carrot2,carrot2/elasticsearch-carrot2,https://github.com/carrot2/elasticsearch-carrot2/commit/b185dece8444a5aba10f9723948d9cbdd55a9508,2014-05-28 09:16:07,1,Transparent,T1,T1,False,Medium,6.8,CWE-284,2014-04-17 13:38:05,2014-04-25 15:23:08,2014-05-22 12:46:30,2014-07-28,40.818078703703705,32.745127314814816,5.853900462962963,-60.61380787037037,Release->Disclosure,2014,39,0,1700.0,36.0,5810.0,Safe window,0,1,1.9474846652618236,1,0,3.6888794541139363
CVE-2014-3120,org.elasticsearch:elasticsearch,com.github.alexcojocaru:elasticsearch-maven-plugin,alexcojocaru/elasticsearch-maven-plugin,https://github.com/alexcojocaru/elasticsearch-maven-plugin/commit/4b0a4d065fe2ff3bceeaae0d98f81d8d340a6145,2014-10-24 19:09:57,1,Transparent,T1,T1,False,Medium,6.8,CWE-284,2014-04-17 13:38:05,2014-04-25 15:23:08,2014-05-22 12:46:30,2014-07-28,190.23046296296295,182.15751157407408,155.26628472222222,88.79857638888889,After Disclosure,2014,39,0,580.0,12.0,5810.0,After disclosure,1,0,2.37661851919878,1,0,3.6888794541139363
CVE-2019-20444,io.netty:netty-codec-http,io.jooby:jooby-netty,jooby-project/jooby,https://github.com/jooby-project/jooby/commit/812dd779de64c3031cacbf3a16c9b89b37db5ce0,2019-12-19 07:02:17,3,Transparent,T2,T2,False,Medium,6.4,CWE-444,2019-12-11 09:46:47,2019-12-11 15:49:41,2022-03-11 17:13:08,2020-01-29,7.885763888888889,7.63375,-813.4242013888888,-40.706747685185185,Fix->Disclosure,2020,41,0,1960.0,16.0,20616.0,Before release,0,0,2.0354995947522507,1,0,3.7376696182833684
CVE-2021-39148,com.thoughtworks.xstream:xstream,org.powertac:common,powertac/powertac-core,https://github.com/powertac/powertac-core/commit/bdad13c6c171376de33fdca091023d69f6930e7d,2021-10-05 17:14:44,9,Silent,S1,S1,False,Medium,6.0,CWE-502;CWE-434,,2021-05-26 19:43:09,2021-08-22 13:57:44,2021-08-23,,131.89693287037036,44.136805555555554,43.71856481481481,After Disclosure,2021,179,0,8040.0,110.0,566.0,After disclosure,1,0,2.2854285006751986,0,0,5.19295685089021
CVE-2021-39148,com.thoughtworks.xstream:xstream,org.ikasan:ikasan-filetransfer-common,ikasanEIP/ikasan,https://github.com/ikasanEIP/ikasan/commit/61a7c97cafa108f1b62ae732aab3b5136d076901,2021-09-06 19:17:59,9,Silent,S1,S1,False,Medium,6.0,CWE-502;CWE-434,,2021-05-26 19:43:09,2021-08-22 13:57:44,2021-08-23,,102.98252314814816,15.222395833333334,14.804155092592593,After Disclosure,2021,179,0,2737.0,43.0,566.0,After disclosure,1,0,2.214918933406759,0,0,5.19295685089021
CVE-2021-39148,com.thoughtworks.xstream:xstream,com.thankjava.toolkit3d:fast-toolkit3d,lazy-koala/java-toolkit,https://github.com/lazy-koala/java-toolkit/commit/614102adc1ddeb4146640c17cb4dce1b1a07d7dc,2022-02-01 00:57:29,9,Silent,S1,S1,False,Medium,6.0,CWE-502;CWE-434,,2021-05-26 19:43:09,2021-08-22 13:57:44,2021-08-23,,250.21828703703704,162.45815972222223,162.0399189814815,After Disclosure,2021,179,0,3457.0,53.0,566.0,After disclosure,1,0,2.4931290621434243,0,0,5.19295685089021
CVE-2021-39148,com.thoughtworks.xstream:xstream,org.smooks:smooks-core,smooks/smooks,https://github.com/smooks/smooks/commit/b1412cfcf80e8bf7ddcc1ec709c256387879e6b6,2021-12-01 12:51:41,9,Silent,S1,S1,False,Medium,6.0,CWE-502;CWE-434,,2021-05-26 19:43:09,2021-08-22 13:57:44,2021-08-23,,188.71425925925925,100.95413194444444,100.5358912037037,After Disclosure,2021,179,0,19961.0,350.0,566.0,After disclosure,1,0,2.397523046722685,0,0,5.19295685089021
CVE-2021-39148,com.thoughtworks.xstream:xstream,org.patterntesting:patterntesting-rt,oboehm/PatternTesting2,https://github.com/oboehm/PatternTesting2/commit/6c3890ddd5f37c91b71dd825b6a24c3b045a2e31,2022-01-08 20:39:29,3,Silent,S1,S1,False,Medium,6.0,CWE-502;CWE-434,,2021-05-26 19:43:09,2021-08-22 13:57:44,2021-08-23,,227.03912037037037,139.27899305555556,138.86075231481482,After Disclosure,2021,179,0,11982.0,199.0,566.0,After disclosure,1,0,2.4595205762460624,0,0,5.19295685089021
CVE-2021-39148,com.thoughtworks.xstream:xstream,com.sangupta:jerry-core,sangupta/jerry-core,https://github.com/sangupta/jerry-core/commit/380b8ce5df0ffb3edf334d129d58deb200802fee,2021-08-25 15:34:34,10,Silent,S1,S1,False,Medium,6.0,CWE-502;CWE-434,,2021-05-26 19:43:09,2021-08-22 13:57:44,2021-08-23,,90.82737268518518,3.06724537037037,2.6490046296296295,After Disclosure,2021,179,0,9933.0,108.0,566.0,After disclosure,1,0,2.181481160928497,0,0,5.19295685089021
CVE-2021-39148,com.thoughtworks.xstream:xstream,com.swiftmq:swiftmq-client,iitsoftware/swiftmq-client,https://github.com/iitsoftware/swiftmq-client/commit/9506bd2e6e1163342b52f8c5c99fb9b13c8d90fc,2021-08-25 15:41:07,9,Silent,S1,S1,False,Medium,6.0,CWE-502;CWE-434,,2021-05-26 19:43:09,2021-08-22 13:57:44,2021-08-23,,90.8319212962963,3.0717939814814814,2.6535532407407407,After Disclosure,2021,179,0,149380.0,1984.0,566.0,After disclosure,1,0,2.1814941678780175,0,0,5.19295685089021
CVE-2021-39148,com.thoughtworks.xstream:xstream,ro.pippo:pippo-xstream,pippo-java/pippo,https://github.com/pippo-java/pippo/commit/8330892700e3911192f1e17a11100ec3ec58ef84,2021-11-02 09:00:16,9,Silent,S1,S1,False,Medium,6.0,CWE-502;CWE-434,,2021-05-26 19:43:09,2021-08-22 13:57:44,2021-08-23,,159.55355324074074,71.79342592592593,71.37518518518519,After Disclosure,2021,179,0,47.0,2.0,566.0,After disclosure,1,0,2.343604300452925,0,0,5.19295685089021
CVE-2021-39148,com.thoughtworks.xstream:xstream,com.github.spotbugs:sonar-findbugs-plugin,spotbugs/sonar-findbugs,https://github.com/spotbugs/sonar-findbugs/commit/d4b81e4456be033422c6b1502ef6f8bd5fa1a8c5,2021-08-25 23:07:08,9,Silent,S1,S1,False,Medium,6.0,CWE-502;CWE-434,,2021-05-26 19:43:09,2021-08-22 13:57:44,2021-08-23,,91.1416550925926,3.381527777777778,2.963287037037037,After Disclosure,2021,179,0,13133.0,191.0,566.0,After disclosure,1,0,2.182378949866019,0,0,5.19295685089021
CVE-2021-39148,com.thoughtworks.xstream:xstream,org.optaplanner:optaplanner-examples,kiegroup/optaplanner,https://github.com/kiegroup/optaplanner/commit/31ec3c3a5aa5a7d05e4f80c0ae6439b1159ea62b,2021-08-31 16:40:48,9,Silent,S1,S1,False,Medium,6.0,CWE-502;CWE-434,,2021-05-26 19:43:09,2021-08-22 13:57:44,2021-08-23,,96.87336805555556,9.11324074074074,8.695,After Disclosure,2021,179,0,43487.0,668.0,566.0,After disclosure,1,0,2.1984349390662166,0,0,5.19295685089021
CVE-2021-39148,com.thoughtworks.xstream:xstream,io.quarkus:quarkus-junit5,quarkusio/quarkus,https://github.com/quarkusio/quarkus/commit/3aa4e47faa4b4df927d75a5379f45aeea3fc3f87,2021-08-23 20:37:45,9,Silent,S1,S1,False,Medium,6.0,CWE-502;CWE-434,,2021-05-26 19:43:09,2021-08-22 13:57:44,2021-08-23,,89.03791666666666,1.277789351851852,0.8595486111111111,After Disclosure,2021,179,0,1063.0,31.0,566.0,After disclosure,1,0,2.17633367247396,0,0,5.19295685089021
CVE-2021-39148,com.thoughtworks.xstream:xstream,org.javalite:javalite-async,javalite/activejdbc,https://github.com/javalite/activejdbc/commit/df9a9dd065faf12a9a6279266dee5857cd4b5c81,2021-08-25 15:54:57,9,Silent,S1,S1,False,Medium,6.0,CWE-502;CWE-434,,2021-05-26 19:43:09,2021-08-22 13:57:44,2021-08-23,,90.84152777777778,3.081400462962963,2.6631597222222223,After Disclosure,2021,179,0,1147.0,13.0,566.0,After disclosure,1,0,2.1815216367457917,0,0,5.19295685089021
CVE-2021-39148,com.thoughtworks.xstream:xstream,no.mnemonic.messaging:requestsink-jms,mnemonic-no/messaging,https://github.com/mnemonic-no/messaging/commit/d8886c882334c967157a32be125fb0dc9b67f2d2,2021-09-09 08:47:56,9,Silent,S1,S1,False,Medium,6.0,CWE-502;CWE-434,,2021-05-26 19:43:09,2021-08-22 13:57:44,2021-08-23,,105.54498842592592,17.784861111111113,17.36662037037037,After Disclosure,2021,179,0,2679.0,37.0,566.0,After disclosure,1,0,2.221651070485473,0,0,5.19295685089021
CVE-2021-39148,com.thoughtworks.xstream:xstream,org.infinispan:infinispan-server-core,infinispan/infinispan,https://github.com/infinispan/infinispan/commit/d617eec6dfe533cea066961a5afb2340131556d3,2021-08-25 17:49:50,9,Silent,S1,S1,False,Medium,6.0,CWE-502;CWE-434,,2021-05-26 19:43:09,2021-08-22 13:57:44,2021-08-23,,90.92130787037036,3.1611805555555557,2.742939814814815,After Disclosure,2021,179,0,4452.0,97.0,566.0,After disclosure,1,0,2.1817496936250604,0,0,5.19295685089021
CVE-2021-39148,com.thoughtworks.xstream:xstream,de.alpharogroup:email-tails,lightblueseas/email-tails,https://github.com/lightblueseas/email-tails/commit/997627a510bf8c40e6f2e0f799827ba5c7180a44,2022-02-28 14:46:26,14,Silent,S1,S1,False,Medium,6.0,CWE-502;CWE-434,,2021-05-26 19:43:09,2021-08-22 13:57:44,2021-08-23,,277.79394675925926,190.03381944444445,189.6155787037037,After Disclosure,2021,179,0,1002.0,12.0,566.0,After disclosure,1,0,2.5299943912116145,0,0,5.19295685089021
CVE-2021-39148,com.thoughtworks.xstream:xstream,net.ripe.rpki:rpki-commons,RIPE-NCC/rpki-commons,https://github.com/RIPE-NCC/rpki-commons/commit/cb41248bb0e21780857596da401b9a891c6ee1b7,2021-08-26 11:52:31,9,Silent,S1,S1,False,Medium,6.0,CWE-502;CWE-434,,2021-05-26 19:43:09,2021-08-22 13:57:44,2021-08-23,,91.6731712962963,3.9130439814814815,3.494803240740741,After Disclosure,2021,179,0,11426.0,225.0,566.0,After disclosure,1,0,2.183893084811566,0,0,5.19295685089021
CVE-2021-39148,com.thoughtworks.xstream:xstream,org.wicketstuff:wicketstuff-dashboard-core,wicketstuff/core,https://github.com/wicketstuff/core/commit/3fbd67082cf0ef7ec0114def59d07d496ded3a56,2021-08-25 15:46:01,9,Silent,S1,S1,False,Medium,6.0,CWE-502;CWE-434,,2021-05-26 19:43:09,2021-08-22 13:57:44,2021-08-23,,90.83532407407408,3.075196759259259,2.6569560185185184,After Disclosure,2021,179,0,1584.0,55.0,566.0,After disclosure,1,0,2.1815038980130264,0,0,5.19295685089021
CVE-2021-39148,com.thoughtworks.xstream:xstream,com.github.psi-probe:psi-probe-core,psi-probe/psi-probe,https://github.com/psi-probe/psi-probe/commit/cf3dd7317060ef7cb67f57686b0d760bdfa659d5,2021-08-23 07:01:58,9,Silent,S1,S1,False,Medium,6.0,CWE-502;CWE-434,,2021-05-26 19:43:09,2021-08-22 13:57:44,2021-08-23,,88.47140046296296,0.7112731481481481,0.2930324074074074,After Disclosure,2021,179,0,19822.0,302.0,566.0,After disclosure,1,0,2.1746912536054115,0,0,5.19295685089021
CVE-2021-39148,com.thoughtworks.xstream:xstream,com.xceptance:xlt,Xceptance/XLT,https://github.com/Xceptance/XLT/commit/1b675b0b83f1e66c98d765f92bf2bae4de5a9369,2021-08-31 15:14:53,9,Silent,S1,S1,False,Medium,6.0,CWE-502;CWE-434,,2021-05-26 19:43:09,2021-08-22 13:57:44,2021-08-23,,96.81370370370372,9.053576388888889,8.635335648148148,After Disclosure,2021,179,0,146667.0,2303.0,566.0,After disclosure,1,0,2.1982708247929565,0,0,5.19295685089021
CVE-2018-9159,com.sparkjava:spark-core,io.vertigo:vertigo-vega-impl,vertigo-io/vertigo,https://github.com/vertigo-io/vertigo/commit/3ae75d0a1de12f26b123ba6ba37c5c86e1360a94,2019-03-15 15:10:53,2,Transparent,T1,T1,False,Medium,5.0,CWE-22,2018-02-25 05:25:55,2018-03-07 14:43:02,2018-03-07 14:43:02,2018-03-31,383.40622685185184,373.01934027777776,373.01934027777776,349.63255787037036,After Disclosure,2018,27,0,6219.0,115.0,6548.0,After disclosure,1,0,2.6979758610669395,1,0,3.332204510175204
CVE-2020-35217,io.vertx:vertx-web,com.github.timofeevda.jstressy:jstressy-api,timofeevda/jstressy,https://github.com/timofeevda/jstressy/commit/ba2835bb76d6f88844e7a114a151b42120a95db3,2021-03-26 08:58:45,1,Transparent,T1,T1,False,Medium,6.8,CWE-352,2020-05-19 20:39:31,2020-05-25 09:46:29,2020-05-28 10:58:46,2021-01-20,310.5133564814815,304.96685185185186,301.9166550925926,65.37413194444444,After Disclosure,2021,44,0,227.0,23.0,703.0,After disclosure,1,0,2.3316263447177827,1,0,3.8066624897703196
CVE-2018-1296,org.apache.hadoop:hadoop-hdfs,com.marklogic:marklogic-mapreduce2,marklogic/marklogic-contentpump,https://github.com/marklogic/marklogic-contentpump/commit/6ca7d8ef2d269dac8a2f416888f814571d7d6eff,2022-07-19 01:10:32,2,Transparent,T1,T1,False,Medium,5.0,CWE-200,2017-11-17 11:43:00,2017-11-28 18:07:39,2017-12-01 19:14:32,2019-02-07,1704.560787037037,1693.2936689814817,1690.2472222222225,1258.0489814814814,After Disclosure,2019,53,0,10291.0,144.0,3887.0,After disclosure,1,0,3.1483784117893343,1,0,3.9889840465642745
CVE-2018-1296,org.apache.hadoop:hadoop-hdfs,com.github.jsr203hadoop:jsr203hadoop,damiencarol/jsr203-hadoop,https://github.com/damiencarol/jsr203-hadoop/commit/2a86bf610fa7cbeba39183ec2b75bcf56d4b61b0,2021-03-27 23:27:18,2,Transparent,T1,T1,False,Medium,5.0,CWE-200,2017-11-17 11:43:00,2017-11-28 18:07:39,2017-12-01 19:14:32,2019-02-07,1226.4890972222222,1215.2219791666666,1212.1755324074074,779.9772916666667,After Disclosure,2019,53,0,2413.0,29.0,3887.0,After disclosure,1,0,2.968109898959954,1,0,3.9889840465642745
CVE-2018-17197,org.apache.tika:tika-parsers,fr.pilato.elasticsearch.crawler:fscrawler-tika,dadoonet/fscrawler,https://github.com/dadoonet/fscrawler/commit/a45187810f8f445afce32505c62455a24f906097,2018-12-18 16:32:25,1,Silent,S1,S1,False,Medium,4.3,CWE-835,,2018-11-08 13:48:00,2018-12-17 20:04:44,2018-12-24,,40.11417824074074,0.8525578703703703,-5.31082175925926,Release->Disclosure,2018,13,0,633.0,10.0,672.0,Safe window,0,1,2.1581011721798244,0,0,2.6390573296152584
CVE-2018-17197,org.apache.tika:tika-parsers,org.codelibs.fess:fess-crawler,codelibs/fess-crawler,https://github.com/codelibs/fess-crawler/commit/dd02518d433a8764a450d04202df9bb119f84353,2019-01-01 07:56:33,1,Silent,S1,S1,False,Medium,4.3,CWE-835,,2018-11-08 13:48:00,2018-12-17 20:04:44,2018-12-24,,53.7559375,14.49431712962963,8.3309375,After Disclosure,2018,13,0,11447.0,152.0,672.0,After disclosure,1,0,2.197432572884126,0,0,2.6390573296152584
CVE-2018-17197,org.apache.tika:tika-parsers,com.digitalpebble.stormcrawler:storm-crawler-tika,DigitalPebble/storm-crawler,https://github.com/DigitalPebble/storm-crawler/commit/9c70cbc75a2d6c7e36ecbc8f8d648fde2f827ca6,2019-01-02 10:58:22,1,Silent,S1,S1,False,Medium,4.3,CWE-835,,2018-11-08 13:48:00,2018-12-17 20:04:44,2018-12-24,,54.88219907407407,15.620578703703703,9.457199074074074,After Disclosure,2018,13,0,578.5,4.0,672.0,After disclosure,1,0,2.2005260247404355,0,0,2.6390573296152584
CVE-2018-17197,org.apache.tika:tika-parsers,org.appng:appng-search,appNG/appng,https://github.com/appNG/appng/commit/62b55e61825e658c77bcdbe60fd34ce545f2c8a4,2022-05-18 12:10:38,4,Silent,S1,S1,False,Medium,4.3,CWE-835,,2018-11-08 13:48:00,2018-12-17 20:04:44,2018-12-24,,1286.9323842592592,1247.6707638888888,1241.5073842592592,After Disclosure,2018,13,0,2164.0,30.0,672.0,After disclosure,1,0,3.1432433182592137,0,0,2.6390573296152584
CVE-2018-17197,org.apache.tika:tika-parsers,org.icij.extract:extract-lib,ICIJ/extract,https://github.com/ICIJ/extract/commit/80d23d1a24248ea5d9086ff633c6fc48c44b5e9c,2019-06-07 10:35:53,1,Silent,S1,S1,False,Medium,4.3,CWE-835,,2018-11-08 13:48:00,2018-12-17 20:04:44,2018-12-24,,210.86658564814817,171.60496527777778,165.44158564814813,After Disclosure,2018,13,0,5488.0,113.0,672.0,After disclosure,1,0,2.4978495255355204,0,0,2.6390573296152584
CVE-2020-7238,io.netty:netty-codec-http,io.jooby:jooby-netty,jooby-project/jooby,https://github.com/jooby-project/jooby/commit/812dd779de64c3031cacbf3a16c9b89b37db5ce0,2019-12-19 07:02:17,3,Transparent,T1,T1,False,Medium,5.0,CWE-444,2019-12-10 10:17:16,2019-12-13 08:53:19,2019-12-18 08:31:43,2020-01-27,8.864594907407408,5.922893518518518,0.9378935185185184,-38.706747685185185,Release->Disclosure,2020,41,0,1960.0,16.0,20639.0,Safe window,0,1,2.0434308703164077,1,0,3.7376696182833684
CVE-2020-7692,com.google.oauth-client:google-oauth-client,com.google.cloud.bigdataoss:bigquery-connector,GoogleCloudPlatform/bigdata-interop,https://github.com/GoogleCloudPlatform/bigdata-interop/commit/8118d88dd76a3a9c871f1d42c424b759ae350ec1,2020-07-15 02:01:17,1,Transparent,T1,T1,False,Medium,6.4,CWE-863,2020-05-29 17:10:27,2020-06-29 12:57:20,2020-06-29 20:52:05,2020-07-09,46.36863425925926,15.544409722222222,15.214722222222225,6.084224537037037,After Disclosure,2020,26,0,2800.0,42.0,473.0,After disclosure,1,0,2.1911950180844384,1,0,3.295836866004329
CVE-2020-7692,com.google.oauth-client:google-oauth-client,org.dspace:dspace-api,DSpace/DSpace,https://github.com/DSpace/DSpace/commit/ec9d81b218de9feaca3f84fb98a6251c0d764c4f,2021-12-02 21:04:45,1,Transparent,T1,T1,False,Medium,6.4,CWE-863,2020-05-29 17:10:27,2020-06-29 12:57:20,2020-06-29 20:52:05,2020-07-09,552.1627083333333,521.3384837962963,521.0087962962963,511.8782986111111,After Disclosure,2020,26,0,96065.0,1092.0,473.0,After disclosure,1,0,2.8202687994755187,1,0,3.295836866004329
CVE-2020-7692,com.google.oauth-client:google-oauth-client,io.prestosql:presto-google-sheets,prestosql/presto,https://github.com/prestosql/presto/commit/30b6b68f6c2f98811684faca8237698d890dddbc,2021-01-03 00:40:20,1,Transparent,T1,T1,False,Medium,6.4,CWE-863,2020-05-29 17:10:27,2020-06-29 12:57:20,2020-06-29 20:52:05,2020-07-09,218.31241898148147,187.48819444444445,187.15850694444444,178.02800925925925,After Disclosure,2020,26,0,1003.0,21.0,473.0,After disclosure,1,0,2.5148825889708437,1,0,3.295836866004329
CVE-2020-10714,org.wildfly.security:wildfly-elytron,org.jboss.invocation:jboss-invocation,jbossas/jboss-invocation,https://github.com/jbossas/jboss-invocation/commit/8a23dab40a6b63bacca385d374cd24574f1518f9,2022-08-01 15:57:56,2,Silent,S1,S1,False,Medium,5.1,CWE-384,,2020-04-09 17:42:15,2020-04-27 16:37:44,2020-09-23,,843.9275578703704,825.9723611111111,677.6652314814814,After Disclosure,2020,12,0,2324.0,57.0,39.0,After disclosure,1,0,2.9174474419533527,0,0,2.5649493574615367
CVE-2020-10714,org.wildfly.security:wildfly-elytron,org.jboss:jboss-ejb-client,wildfly/jboss-ejb-client,https://github.com/wildfly/jboss-ejb-client/commit/7c31d863847dc97a14eb47a861003f68372a4dba,2021-09-15 12:43:59,2,Silent,S1,S1,False,Medium,5.1,CWE-384,,2020-04-09 17:42:15,2020-04-27 16:37:44,2020-09-23,,523.7928703703703,505.8376736111111,357.53054398148146,After Disclosure,2020,12,0,13669.0,202.0,39.0,After disclosure,1,0,2.7047978242195447,0,0,2.5649493574615367
CVE-2015-7521,org.apache.hive:hive-exec,com.hotels:beeju,HotelsDotCom/beeju,https://github.com/HotelsDotCom/beeju/commit/a4079650d170d49919ae3b9e9163da758a2f2153,2017-08-17 16:11:43,1,Transparent,T2,T2,False,High,7.5,CWE-287,2016-01-14 23:43:00,2016-01-18 12:46:19,2016-06-17 00:47:37,2016-01-29,580.6866087962962,577.1426388888889,426.64173611111113,566.6748032407407,After Release,2016,36,0,384.0,9.0,685.0,After disclosure,1,0,2.8548517585846733,1,1,3.6109179126442243
CVE-2015-7521,org.apache.hive:hive-exec,com.yahoo.datasketches:sketches-hive,DataSketches/sketches-hive,https://github.com/DataSketches/sketches-hive/commit/65d659c07d47213486f45e046ffa84e38162b4f0,2018-12-20 23:26:53,3,Transparent,T2,T2,False,High,7.5,CWE-287,2016-01-14 23:43:00,2016-01-18 12:46:19,2016-06-17 00:47:37,2016-01-29,1070.9888078703705,1067.444837962963,916.9439351851852,1056.9770023148149,After Release,2016,36,0,1654.0,53.0,685.0,After disclosure,1,0,3.0814197575304036,1,1,3.6109179126442243
CVE-2021-29262,org.apache.solr:solr-core,cool.solr:solr-util,solr-cool/solr-util,https://github.com/solr-cool/solr-util/commit/0f25e26817dd310957208900c7b17cdeb99bc9fe,2021-06-01 17:49:31,2,Silent,S1,S1,False,Medium,4.3,CWE-522,,2021-04-06 10:06:58,2021-04-06 16:06:43,2021-04-13,,56.321215277777775,56.07138888888889,49.742719907407405,After Disclosure,2021,14,0,615.0,11.0,3893.0,After disclosure,1,0,2.298780879964468,0,0,2.70805020110221
CVE-2021-29262,org.apache.solr:solr-core,cool.solr:solr-analyzers,solr-cool/solr-analyzers,https://github.com/solr-cool/solr-analyzers/commit/c6b828e3b7163ab0fe80af0ba3e85331ccf40b59,2021-06-02 06:17:04,4,Silent,S1,S1,False,Medium,4.3,CWE-522,,2021-04-06 10:06:58,2021-04-06 16:06:43,2021-04-13,,56.84034722222222,56.590520833333336,50.26185185185185,After Disclosure,2021,14,0,356.0,5.0,3893.0,After disclosure,1,0,2.2999125380562773,0,0,2.70805020110221
CVE-2021-29262,org.apache.solr:solr-core,org.textexploration.mtas:mtas,textexploration/mtas,https://github.com/textexploration/mtas/commit/933d3b8c3f88e88fe63197ee05a9841e0aa0fe0b,2021-06-06 06:55:26,2,Silent,S1,S1,False,Medium,4.3,CWE-522,,2021-04-06 10:06:58,2021-04-06 16:06:43,2021-04-13,,60.86699074074074,60.617164351851855,54.28849537037037,After Disclosure,2021,14,0,51332.0,351.0,3893.0,After disclosure,1,0,2.308591509190098,0,0,2.70805020110221
CVE-2021-29262,org.apache.solr:solr-core,cool.solr:solr-thymeleaf,solr-cool/solr-thymeleaf,https://github.com/solr-cool/solr-thymeleaf/commit/60b748c080b55a40f533b6fedd6e1f8aa464260a,2021-06-01 20:25:13,1,Silent,S1,S1,False,Medium,4.3,CWE-522,,2021-04-06 10:06:58,2021-04-06 16:06:43,2021-04-13,,56.429340277777776,56.17951388888889,49.85084490740741,After Disclosure,2021,14,0,381.0,5.0,3893.0,After disclosure,1,0,2.2990168253965275,0,0,2.70805020110221
CVE-2021-29262,org.apache.solr:solr-core,com.lucidworks.spark:spark-solr,LucidWorks/spark-solr,https://github.com/LucidWorks/spark-solr/commit/f175ec380a5bc50f6da478b48e0f443fb38746f4,2021-04-15 14:42:29,2,Silent,S1,S1,False,Medium,4.3,CWE-522,,2021-04-06 10:06:58,2021-04-06 16:06:43,2021-04-13,,9.191331018518518,8.94150462962963,2.612835648148148,After Disclosure,2021,14,0,27951.0,431.0,3893.0,After disclosure,1,0,2.1813777203004188,0,0,2.70805020110221
CVE-2021-28657,org.apache.tika:tika-parsers,com.digitalpebble.stormcrawler:storm-crawler-tika,DigitalPebble/storm-crawler,https://github.com/DigitalPebble/storm-crawler/commit/648676308487148a7e5c45edd55fb11ddbc6691a,2021-04-09 07:19:23,1,Silent,S1,S1,False,Medium,4.3,CWE-835,,2021-02-16 12:19:00,2021-03-24 10:27:53,2021-03-31,,51.79193287037037,15.869097222222225,9.305127314814817,After Disclosure,2021,19,0,578.5,4.0,1096.0,After disclosure,1,0,2.2001096205971535,0,0,2.995732273553991
CVE-2021-28657,org.apache.tika:tika-parsers,org.teamapps:universal-db,teamapps-org/universal-db,https://github.com/teamapps-org/universal-db/commit/6c1b6e4f22c5d9316386b7179ed76317c935da61,2021-05-06 06:49:55,1,Silent,S1,S1,False,Medium,4.3,CWE-835,,2021-02-16 12:19:00,2021-03-24 10:27:53,2021-03-31,,78.77146990740741,42.848634259259256,36.28466435185185,After Disclosure,2021,19,0,19395.0,217.0,1096.0,After disclosure,1,0,2.268364670017229,0,0,2.995732273553991
CVE-2021-28657,org.apache.tika:tika-parsers,org.dspace:dspace-api,DSpace/DSpace,https://github.com/DSpace/DSpace/commit/c7a8e1b3b54ef5654b049b965f424a856f3e5d4e,2022-04-04 15:19:34,1,Silent,S1,S1,False,Medium,4.3,CWE-835,,2021-02-16 12:19:00,2021-03-24 10:27:53,2021-03-31,,412.12539351851854,376.2025578703704,369.63858796296296,After Disclosure,2021,19,0,96065.0,1092.0,1096.0,After disclosure,1,0,2.715052526045434,0,0,2.995732273553991
CVE-2021-28657,org.apache.tika:tika-parsers,org.codelibs.fess:fess-crawler,codelibs/fess-crawler,https://github.com/codelibs/fess-crawler/commit/c1cf8532318f04a0a587c31b942943d8d8dd6c8a,2021-04-01 01:52:38,1,Silent,S1,S1,False,Medium,4.3,CWE-835,,2021-02-16 12:19:00,2021-03-24 10:27:53,2021-03-31,,43.56502314814815,7.6421875,1.0782175925925923,After Disclosure,2021,19,0,11447.0,152.0,1096.0,After disclosure,1,0,2.176965970220011,0,0,2.995732273553991
CVE-2021-28657,org.apache.tika:tika-parsers,io.annot8:annot8-components-tika,annot8/annot8-components,https://github.com/annot8/annot8-components/commit/6b54b8c25de127dc0ba6616e159046e6dc34088b,2021-04-06 13:42:17,1,Silent,S1,S1,False,Medium,4.3,CWE-835,,2021-02-16 12:19:00,2021-03-24 10:27:53,2021-03-31,,49.05783564814815,13.135,6.571030092592593,After Disclosure,2021,19,0,81.0,2.0,1096.0,After disclosure,1,0,2.192554160827095,0,0,2.995732273553991
CVE-2018-11777,org.apache.hive:hive-exec,com.hotels:beeju,HotelsDotCom/beeju,https://github.com/HotelsDotCom/beeju/commit/967f7daeb42aa8e8b91c235f2f1d34aa8c1b98e0,2018-12-18 09:35:55,2,Transparent,T1,T1,False,Medium,5.5,,2018-08-18 05:07:00,2018-10-25 00:12:32,2018-10-31 14:19:11,2018-11-08,122.18674768518518,54.39123842592593,47.80328703703704,40.39994212962963,After Disclosure,2018,36,0,384.0,9.0,1980.0,After disclosure,1,0,2.277893632207331,1,0,3.6109179126442243
CVE-2018-11777,org.apache.hive:hive-exec,com.yahoo.datasketches:sketches-hive,DataSketches/sketches-hive,https://github.com/DataSketches/sketches-hive/commit/65d659c07d47213486f45e046ffa84e38162b4f0,2018-12-20 23:26:53,3,Transparent,T1,T1,False,Medium,5.5,,2018-08-18 05:07:00,2018-10-25 00:12:32,2018-10-31 14:19:11,2018-11-08,124.76380787037036,56.96829861111111,50.38034722222222,42.97700231481482,After Disclosure,2018,36,0,1654.0,53.0,1980.0,After disclosure,1,0,2.283756103208902,1,0,3.6109179126442243
CVE-2019-3795,org.springframework.security:spring-security-core,at.researchstudio.sat:won-owner,researchstudio-sat/webofneeds,https://github.com/researchstudio-sat/webofneeds/commit/65e0d534d27e69f7682e64131737008919d3c7a9,2019-11-27 07:24:58,2,Transparent,T1,T1,False,Medium,5.0,CWE-330,2019-04-02 15:16:44,2019-04-02 09:36:46,2019-04-02 18:58:47,2019-04-09,238.67238425925925,238.90847222222223,238.51818287037037,232.30900462962964,After Disclosure,2019,63,0,2293.0,42.0,3031.0,After disclosure,1,0,2.5815323419318688,1,0,4.1588830833596715
CVE-2019-3795,org.springframework.security:spring-security-core,org.appng:appng-core,appNG/appng,https://github.com/appNG/appng/commit/fd09821a699ada97b6fcd798bcef7a9343437ac3,2019-07-30 12:37:30,2,Transparent,T1,T1,False,Medium,5.0,CWE-330,2019-04-02 15:16:44,2019-04-02 09:36:46,2019-04-02 18:58:47,2019-04-09,118.88942129629628,119.12550925925926,118.7352199074074,112.52604166666669,After Disclosure,2019,63,0,19802.0,231.0,3031.0,After disclosure,1,0,2.4178870936274324,1,0,4.1588830833596715
CVE-2015-0264,org.apache.camel:camel-core,org.apache-extras.camel-extra:camel-couchbase,camel-extra/camel-extra,https://github.com/camel-extra/camel-extra/commit/59d02a25c671b925235792e883f455fb6225da60,2015-06-27 20:59:42,2,Transparent,T1,T1,False,Medium,5.0,,2015-02-04 07:25:00,2015-03-02 08:15:44,2015-03-07 03:03:50,2015-06-03,143.56576388888888,117.5305324074074,112.74712962962964,24.874791666666667,After Disclosure,2015,28,0,744.0,6.0,330.0,After disclosure,1,0,2.240796259275399,1,0,3.367295829986474
CVE-2019-7614,org.elasticsearch:elasticsearch,org.bedework.caleng:bw-calendar-engine-core-common,Bedework/bw-calendar-engine,https://github.com/Bedework/bw-calendar-engine/commit/a6d1ca3156669ab2455e62fbe32c488b5ff5491b,2021-06-17 03:00:05,1,Transparent,T1,T1,False,Medium,4.3,CWE-362,2019-06-28 08:07:35,2019-07-03 10:36:12,2019-07-23 14:10:58,2019-07-30,719.7864583333334,714.6832523148148,694.5341087962963,688.1250578703704,After Disclosure,2019,31,0,8317.0,38.0,38978.0,After disclosure,1,0,2.9229066404680766,1,0,3.4657359027997265
CVE-2019-7614,org.elasticsearch:elasticsearch,com.amazon.opendistroforelasticsearch:opendistro_security,opendistro-for-elasticsearch/security,https://github.com/opendistro-for-elasticsearch/security/commit/a3d7a56e7c21ff011dad66a75389d157732f43fc,2019-11-20 02:54:31,1,Transparent,T1,T1,False,Medium,4.3,CWE-362,2019-06-28 08:07:35,2019-07-03 10:36:12,2019-07-23 14:10:58,2019-07-30,144.78259259259258,139.67938657407407,119.53024305555556,113.12119212962963,After Disclosure,2019,31,0,25812.0,391.0,38978.0,After disclosure,1,0,2.4188734428928402,1,0,3.4657359027997265
CVE-2014-3578,org.springframework:spring-core,org.wicketstuff:wicketstuff-annotation,wicketstuff/core,https://github.com/wicketstuff/core/commit/e6bdc2b97dfd8e902a63dc05f375451573fb5282,2014-09-23 18:37:09,3,Silent,S1,S1,False,Medium,5.0,CWE-22,,2014-05-15 17:26:52,2014-07-18 09:12:19,2015-02-19,,131.04880787037038,67.39224537037038,-148.2242013888889,Release->Disclosure,2015,185,0,238.0,4.0,2841.0,Safe window,0,1,0.0,0,0,5.225746673713202
CVE-2019-20445,io.netty:netty-codec-http,org.jooby:jooby-netty,jooby-project/jooby,https://github.com/jooby-project/jooby/commit/812dd779de64c3031cacbf3a16c9b89b37db5ce0,2019-12-19 07:02:17,3,Transparent,T1,T1,False,Medium,6.4,CWE-444,2019-12-10 10:17:16,2019-12-13 08:53:19,2019-12-18 08:31:43,2020-01-29,8.864594907407408,5.922893518518518,0.9378935185185184,-40.706747685185185,Release->Disclosure,2020,41,0,1438.0,14.0,20639.0,Safe window,0,1,2.0354995947522507,1,0,3.7376696182833684
CVE-2019-10184,io.undertow:undertow-servlet,org.keycloak:keycloak-wildfly-adapter,keycloak/keycloak,https://github.com/keycloak/keycloak/commit/37304fdd7dafc77a7a73dd2c883eeb47ab902ff5,2019-10-21 12:06:44,1,Transparent,T5,T5,False,Medium,5.0,CWE-862,2019-07-24 15:34:48,2019-07-30 03:07:00,2019-07-30 03:30:07,2019-07-25,88.85550925925926,83.37481481481481,83.35876157407408,88.50467592592592,After Release,2019,19,0,254.0,4.0,2293.0,After disclosure,1,0,2.3760819393922183,1,0,2.995732273553991
CVE-2020-13957,org.apache.solr:solr-core,cool.solr:solr-thymeleaf,solr-cool/solr-thymeleaf,https://github.com/solr-cool/solr-thymeleaf/commit/ae5c2fc4f0f0bf1e65b2a3e18e46770ce3018c73,2020-10-12 06:04:22,1,Silent,S1,S1,False,High,7.5,CWE-863,,2020-10-01 16:32:18,2020-10-01 16:32:18,2020-10-13,,10.563935185185183,10.563935185185183,-0.7469675925925926,Release->Disclosure,2020,14,0,381.0,5.0,3555.0,Safe window,0,1,2.171659867830908,0,1,2.70805020110221
CVE-2020-13957,org.apache.solr:solr-core,cool.solr:solr-analyzers,solr-cool/solr-analyzers,https://github.com/solr-cool/solr-analyzers/commit/c6b828e3b7163ab0fe80af0ba3e85331ccf40b59,2021-06-02 06:17:04,4,Silent,S1,S1,False,High,7.5,CWE-863,,2020-10-01 16:32:18,2020-10-01 16:32:18,2020-10-13,,243.57275462962963,243.57275462962963,232.26185185185184,After Disclosure,2020,14,0,356.0,5.0,3555.0,After disclosure,1,0,2.5814786651970474,0,1,2.70805020110221
CVE-2020-13957,org.apache.solr:solr-core,com.lucidworks.spark:spark-solr,LucidWorks/spark-solr,https://github.com/LucidWorks/spark-solr/commit/9cb0830832647f8666af2fef82216801506b61dc,2021-04-06 12:13:54,2,Silent,S1,S1,False,High,7.5,CWE-863,,2020-10-01 16:32:18,2020-10-01 16:32:18,2020-10-13,,186.82055555555556,186.82055555555556,175.50965277777777,After Disclosure,2020,14,0,27951.0,431.0,3555.0,After disclosure,1,0,2.51152756707181,0,1,2.70805020110221
CVE-2020-13957,org.apache.solr:solr-core,org.textexploration.mtas:mtas,textexploration/mtas,https://github.com/textexploration/mtas/commit/005a8e2a48ecf0a380282d19d550ebb94dc37f52,2020-11-22 10:31:12,1,Silent,S1,S1,False,High,7.5,CWE-863,,2020-10-01 16:32:18,2020-10-01 16:32:18,2020-10-13,,51.74923611111111,51.74923611111111,40.43833333333333,After Disclosure,2020,14,0,51332.0,351.0,3555.0,After disclosure,1,0,2.277981550338579,0,1,2.70805020110221
CVE-2020-13957,org.apache.solr:solr-core,cool.solr:solr-util,solr-cool/solr-util,https://github.com/solr-cool/solr-util/commit/74004a448d2408e9cf089260153d5b2422fa32d2,2020-12-22 08:55:02,4,Silent,S1,S1,False,High,7.5,CWE-863,,2020-10-01 16:32:18,2020-10-01 16:32:18,2020-10-13,,81.6824537037037,81.6824537037037,70.37155092592593,After Disclosure,2020,14,0,615.0,11.0,3555.0,After disclosure,1,0,2.341623935213035,0,1,2.70805020110221
CVE-2018-1000613,org.bouncycastle:bcprov-jdk15on,cn.springboot:best-pay-sdk,Pay-Group/best-pay-sdk,https://github.com/Pay-Group/best-pay-sdk/commit/5de8992805606e6d37f978d423bf0ed0898e4018,2019-09-10 03:27:15,3,Silent,S1,S1,False,High,7.5,CWE-502;CWE-470,,2018-03-03 15:54:14,2018-07-02 08:14:10,2018-07-09,,555.4812615740741,434.8007523148148,428.1439236111111,After Disclosure,2018,156,0,7035.0,67.0,572.0,After disclosure,1,0,2.761452803932084,0,1,5.056245805348308
CVE-2018-1000613,org.bouncycastle:bcprov-jdk15on,com.consol.citrus:citrus-ssh,citrusframework/citrus,https://github.com/citrusframework/citrus/commit/47fe2b3e093ec0c2a0a087410d8bd335ea066f37,2021-05-10 12:02:51,2,Silent,S1,S1,False,High,7.5,CWE-502;CWE-470,,2018-03-03 15:54:14,2018-07-02 08:14:10,2018-07-09,,1163.8393171296295,1043.1588078703703,1036.5019791666666,After Disclosure,2018,156,0,1382.0,26.0,572.0,After disclosure,1,0,3.0739844090926733,0,1,5.056245805348308
CVE-2018-1000613,org.bouncycastle:bcprov-jdk15on,io.mangoo:mangooio-core,svenkubiak/mangooio,https://github.com/svenkubiak/mangooio/commit/5f9462de5b84f094d2e5783c2048f37b47725f2f,2018-07-06 07:47:01,2,Silent,S1,S1,False,High,7.5,CWE-502;CWE-470,,2018-03-03 15:54:14,2018-07-02 08:14:10,2018-07-09,,124.6616550925926,3.981145833333333,-2.6756828703703706,Release->Disclosure,2018,156,0,7903.5,109.0,572.0,Safe window,0,1,2.1659814324470266,0,1,5.056245805348308
CVE-2018-1000613,org.bouncycastle:bcprov-jdk15on,com.github.rockylomo:rxlib,RockyLOMO/rxlib,https://github.com/RockyLOMO/rxlib/commit/49f8d947dd7add272736e6580cea1a047bd611f2,2019-12-05 01:21:35,2,Silent,S1,S1,False,High,7.5,CWE-502;CWE-470,,2018-03-03 15:54:14,2018-07-02 08:14:10,2018-07-09,,641.3939930555556,520.7134837962963,514.0566550925926,After Disclosure,2018,156,0,13623.0,210.0,572.0,After disclosure,1,0,2.8216974629331824,0,1,5.056245805348308
CVE-2013-6429,org.springframework:spring-core,org.wicketstuff:wicketstuff-annotation,wicketstuff/core,https://github.com/wicketstuff/core/commit/ba448a9bf339a49d48900d49985c2f9a1ebd0b91,2014-03-19 09:43:34,1,Silent,S1,S1,False,Medium,6.8,CWE-352;CWE-611,,2013-11-05 09:49:13,2013-11-06 11:51:36,2014-01-26,,133.9960763888889,132.91108796296297,52.40525462962963,After Disclosure,2014,185,0,238.0,4.0,1980.0,After disclosure,1,0,2.3045539784273683,0,0,5.225746673713202
CVE-2019-17638,org.eclipse.jetty:jetty-server,io.nflow:nflow-jetty,NitorCreations/nflow,https://github.com/NitorCreations/nflow/commit/aa65609ce4fdbe05ef79e7ee8d99fc6c65da7340,2020-08-12 07:24:22,1,Transparent,T1,T1,False,High,7.5,CWE-672,2020-06-03 14:33:35,2020-06-03 22:54:12,2020-06-11 07:21:18,2020-07-09,69.70193287037037,69.35428240740741,62.00212962962963,34.30858796296296,After Disclosure,2020,23,0,545.5,10.5,2684.0,After disclosure,1,0,2.26371366511368,1,1,3.1780538303479458
CVE-2019-17638,org.eclipse.jetty:jetty-server,com.trib3:server,trib3/leakycauldron,https://github.com/trib3/leakycauldron/commit/ef6439ab900d870872304eb1283a8c7408e8934f,2020-06-18 00:16:32,1,Transparent,T1,T1,False,High,7.5,CWE-672,2020-06-03 14:33:35,2020-06-03 22:54:12,2020-06-11 07:21:18,2020-07-09,14.404826388888887,14.057175925925923,6.705023148148148,-20.98851851851852,Release->Disclosure,2020,23,0,1841.0,57.0,2684.0,Safe window,0,1,2.1080088888132176,1,1,3.1780538303479458
CVE-2019-17638,org.eclipse.jetty:jetty-server,io.jooby:jooby-jetty,jooby-project/jooby,https://github.com/jooby-project/jooby/commit/f946cbabdfe8b224513ca6a13fb5a5b329c2d90e,2020-06-04 14:13:06,1,Transparent,T1,T1,False,High,7.5,CWE-672,2020-06-03 14:33:35,2020-06-03 22:54:12,2020-06-11 07:21:18,2020-07-09,0.9857754629629628,0.638125,-6.714027777777778,-34.40756944444445,Fix->Release,2020,23,0,1402.0,10.0,2684.0,Before release,0,0,2.060004803031546,1,1,3.1780538303479458
CVE-2019-17638,org.eclipse.jetty:jetty-server,org.apache.avro:avro-ipc-jetty,apache/avro,https://github.com/apache/avro/commit/372313b018c4b34e17469327aaf8e9381e6a4524,2020-11-13 09:23:49,1,Transparent,T1,T1,False,High,7.5,CWE-672,2020-06-03 14:33:35,2020-06-03 22:54:12,2020-06-11 07:21:18,2020-07-09,162.78488425925926,162.43723379629628,155.0850810185185,127.39153935185185,After Disclosure,2020,23,0,164.0,3.0,2684.0,After disclosure,1,0,2.4418768898815255,1,1,3.1780538303479458
CVE-2019-17638,org.eclipse.jetty:jetty-server,com.lithium.flow:flow,lithiumtech/flow,https://github.com/lithiumtech/flow/commit/c428b2498c625e4a79f2edb3a6b7dbcf33a10d4b,2020-08-06 20:46:30,1,Transparent,T1,T1,False,High,7.5,CWE-672,2020-06-03 14:33:35,2020-06-03 22:54:12,2020-06-11 07:21:18,2020-07-09,64.2589699074074,63.911319444444445,56.55916666666667,28.865625,After Disclosure,2020,23,0,13227.0,293.5,2684.0,After disclosure,1,0,2.2506391105392347,1,1,3.1780538303479458
CVE-2019-17638,org.eclipse.jetty:jetty-server,com.aspectran:aspectran-with-jetty,aspectran/aspectran,https://github.com/aspectran/aspectran/commit/abf80f70ee5ef459a8c6c38eade08c47fe70adfa,2020-06-12 18:24:35,1,Transparent,T1,T1,False,High,7.5,CWE-672,2020-06-03 14:33:35,2020-06-03 22:54:12,2020-06-11 07:21:18,2020-07-09,9.160416666666666,8.812766203703704,1.460613425925926,-26.23292824074074,Release->Disclosure,2020,23,0,216.0,3.0,2684.0,Safe window,0,1,2.0898742971462183,1,1,3.1780538303479458
CVE-2020-13692,org.postgresql:postgresql,org.fastquery:fastquery,xixifeng/fastquery,https://github.com/xixifeng/fastquery/commit/64132fe8155dd23968d9a9932a759397d3921ea3,2022-04-08 02:23:05,2,Silent,S1,S1,False,Medium,6.8,CWE-611,,2020-06-01 08:54:32,2020-06-01 08:54:32,2020-06-04,,675.7281597222222,675.7281597222222,673.099363425926,After Disclosure,2020,200,0,7263.0,132.0,759.0,After disclosure,1,0,2.9150427357442688,0,0,5.303304908059076
CVE-2020-13692,org.postgresql:postgresql,io.nflow:nflow-tests,NitorCreations/nflow,https://github.com/NitorCreations/nflow/commit/c0329658b01c209374da58023cced2b0971758b4,2020-08-31 12:50:16,1,Silent,S1,S1,False,Medium,6.8,CWE-611,,2020-06-01 08:54:32,2020-06-01 08:54:32,2020-06-04,,91.1637037037037,91.1637037037037,88.5349074074074,After Disclosure,2020,200,0,1202232.0,16022.0,759.0,After disclosure,1,0,2.3761371641970013,0,0,5.303304908059076
CVE-2020-13692,org.postgresql:postgresql,de.viadee.camunda:camunda-kafka-polling-client,viadee/camunda-kafka-polling-client,https://github.com/viadee/camunda-kafka-polling-client/commit/67b299d48d220818fc19c686885bca5dbbb6bd44,2021-08-06 14:57:10,1,Silent,S1,S1,False,Medium,6.8,CWE-611,,2020-06-01 08:54:32,2020-06-01 08:54:32,2020-06-04,,431.2518287037037,431.2518287037037,428.6230324074074,After Disclosure,2020,200,0,5957.0,89.0,759.0,After disclosure,1,0,2.761813038613537,0,0,5.303304908059076
CVE-2020-13692,org.postgresql:postgresql,io.prestosql:presto-product-tests,prestosql/presto,https://github.com/prestosql/presto/commit/cb33b014db59c34a532bfc6af2cac480808d3d5f,2021-08-04 17:12:14,1,Silent,S1,S1,False,Medium,6.8,CWE-611,,2020-06-01 08:54:32,2020-06-01 08:54:32,2020-06-04,,429.345625,429.345625,426.7168287037037,After Disclosure,2020,200,0,6900.0,106.0,759.0,After disclosure,1,0,2.7603780188113287,0,0,5.303304908059076
CVE-2018-1000180,org.bouncycastle:bcprov-jdk15on,com.github.rockylomo:rxlib,RockyLOMO/rxlib,https://github.com/RockyLOMO/rxlib/commit/49f8d947dd7add272736e6580cea1a047bd611f2,2019-12-05 01:21:35,2,Silent,S2,S2,False,Medium,5.0,CWE-327,,2018-04-19 18:40:01,2018-07-02 08:14:10,2018-06-05,,594.2788657407407,520.7134837962963,548.0566550925926,After Release,2018,156,0,13623.0,210.0,595.0,After disclosure,1,0,2.8434077420175052,0,0,5.056245805348308
CVE-2018-1000180,org.bouncycastle:bcprov-jdk15on,cn.springboot:best-pay-sdk,Pay-Group/best-pay-sdk,https://github.com/Pay-Group/best-pay-sdk/commit/5de8992805606e6d37f978d423bf0ed0898e4018,2019-09-10 03:27:15,3,Silent,S2,S2,False,Medium,5.0,CWE-327,,2018-04-19 18:40:01,2018-07-02 08:14:10,2018-06-05,,508.3661342592592,434.8007523148148,462.1439236111111,After Release,2018,156,0,7035.0,67.0,595.0,After disclosure,1,0,2.7863027920978305,0,0,5.056245805348308
CVE-2018-1000180,org.bouncycastle:bcprov-jdk15on,com.consol.citrus:citrus-ssh,citrusframework/citrus,https://github.com/citrusframework/citrus/commit/47fe2b3e093ec0c2a0a087410d8bd335ea066f37,2021-05-10 12:02:51,2,Silent,S2,S2,False,Medium,5.0,CWE-327,,2018-04-19 18:40:01,2018-07-02 08:14:10,2018-06-05,,1116.7241898148147,1043.1588078703703,1070.5019791666666,After Release,2018,156,0,1382.0,26.0,595.0,After disclosure,1,0,3.0862623457395886,0,0,5.056245805348308
CVE-2018-1000180,org.bouncycastle:bcprov-jdk15on,io.mangoo:mangooio-core,svenkubiak/mangooio,https://github.com/svenkubiak/mangooio/commit/5f9462de5b84f094d2e5783c2048f37b47725f2f,2018-07-06 07:47:01,2,Silent,S2,S2,False,Medium,5.0,CWE-327,,2018-04-19 18:40:01,2018-07-02 08:14:10,2018-06-05,,77.54652777777778,3.981145833333333,31.32431712962963,After Release,2018,156,0,7903.5,109.0,595.0,After disclosure,1,0,2.256593929196675,0,0,5.056245805348308
CVE-2018-7489,com.fasterxml.jackson.core:jackson-databind,org.axonframework:axon-distributed-commandbus-springcloud,AxonFramework/AxonFramework,https://github.com/AxonFramework/AxonFramework/commit/baa7d9b3d3825a286c1ed1f375a3849b1f6666ef,2018-10-16 19:27:19,1,Transparent,T1,T1,False,High,7.5,CWE-184;CWE-502,2017-08-17 21:24:26,2017-08-17 15:12:47,2017-08-23 21:26:44,2018-02-26,424.91866898148146,425.17675925925926,418.9170717592593,232.81063657407407,After Disclosure,2018,302,0,588.0,8.0,1248.0,After disclosure,1,0,2.5821029682656382,1,1,5.713732805509369
CVE-2018-7489,com.fasterxml.jackson.core:jackson-databind,com.consol.citrus:citrus-core,citrusframework/citrus,https://github.com/citrusframework/citrus/commit/083667d7f857db17bb83a3c0b126b382c008df12,2018-07-12 12:05:46,1,Transparent,T1,T1,False,High,7.5,CWE-184;CWE-502,2017-08-17 21:24:26,2017-08-17 15:12:47,2017-08-23 21:26:44,2018-02-26,328.61203703703706,328.8701273148148,322.6104398148148,136.50400462962963,After Disclosure,2018,302,0,24167.0,524.0,1248.0,After disclosure,1,0,2.4559531144238913,1,1,5.713732805509369
CVE-2018-7489,com.fasterxml.jackson.core:jackson-databind,org.zalando:riptide-stream,zalando/riptide,https://github.com/zalando/riptide/commit/b1a251d9fcb55400ef7e1b1102f23d41d3c5eb89,2018-04-11 11:54:20,1,Transparent,T1,T1,False,High,7.5,CWE-184;CWE-502,2017-08-17 21:24:26,2017-08-17 15:12:47,2017-08-23 21:26:44,2018-02-26,236.6040972222222,236.8621875,230.6025,44.496064814814815,After Disclosure,2018,302,0,298.0,8.0,1248.0,After disclosure,1,0,2.2871750571673997,1,1,5.713732805509369
CVE-2016-7051,com.fasterxml.jackson.dataformat:jackson-dataformat-xml,cn.com.riversoft:weixin-pay,borball/weixin-sdk,https://github.com/borball/weixin-sdk/commit/ee2c4b1a60a16ae270ecee792e60bf15fc11149c,2016-12-22 01:56:36,1,Silent,S1,S1,False,Medium,5.0,CWE-611;CWE-918,,2016-09-26 20:11:18,2016-09-26 20:12:32,2017-04-14,,86.23979166666666,86.23893518518518,-112.91902777777776,Release->Disclosure,2017,20,0,2897.0,44.0,162.0,Safe window,0,1,1.5599685178916525,0,0,3.044522437723423
CVE-2014-7839,org.jboss.resteasy:resteasy-jaxrs,org.keycloak:keycloak-services,keycloak/keycloak,https://github.com/keycloak/keycloak/commit/cc2de52a1af323c814d8d26c3b3b750a2ec4e662,2015-06-12 12:20:08,1,Silent,S3,S3,False,Medium,6.4,CWE-20,,2014-12-12 00:16:48,2015-03-20 09:48:09,2014-11-25,,182.5023148148148,84.10554398148147,199.5139814814815,After Release,2014,47,0,34134.0,435.5,206.0,After disclosure,1,0,2.5424995002927195,0,0,3.871201010907891
CVE-2014-7839,org.jboss.resteasy:resteasy-jaxrs,org.wildfly:wildfly-rts,wildfly/wildfly,https://github.com/wildfly/wildfly/commit/0bf0e7dc02c59284602ba83ee1c45e0ed93b8590,2015-03-22 23:57:32,1,Silent,S3,S3,False,Medium,6.4,CWE-20,,2014-12-12 00:16:48,2015-03-20 09:48:09,2014-11-25,,100.98662037037036,2.589849537037037,117.99828703703704,After Release,2014,47,0,854.0,21.0,206.0,After disclosure,1,0,2.426873003909477,0,0,3.871201010907891
CVE-2020-10719,io.undertow:undertow-core,com.networknt:graphql-security,networknt/light-graphql-4j,https://github.com/networknt/light-graphql-4j/commit/7522565cab2832c878f25d407545312ad47bc081,2020-05-28 13:49:52,1,Silent,S1,S1,False,Medium,6.4,CWE-444,,2020-05-15 02:02:37,2020-05-15 03:41:06,2020-05-26,,13.491145833333333,13.42275462962963,2.576296296296296,After Disclosure,2020,75,0,163.0,1.0,2553.0,After disclosure,1,0,2.1812731954170066,0,0,4.330733340286331
CVE-2020-10719,io.undertow:undertow-core,com.networknt:swagger-security,networknt/light-rest-4j,https://github.com/networknt/light-rest-4j/commit/fa5328029ad27e63e7c9206d0f0bbee273766703,2020-05-28 13:49:48,1,Silent,S1,S1,False,Medium,6.4,CWE-444,,2020-05-15 02:02:37,2020-05-15 03:41:06,2020-05-26,,13.491099537037035,13.422708333333333,2.57625,After Disclosure,2020,75,0,217.0,1.0,2553.0,After disclosure,1,0,2.1812730629653387,0,0,4.330733340286331
CVE-2020-10719,io.undertow:undertow-core,com.networknt:rpc-router,networknt/light-hybrid-4j,https://github.com/networknt/light-hybrid-4j/commit/9526e0d9f66c44ef792c1ee521530c8150bd3d09,2020-05-28 13:49:56,1,Silent,S1,S1,False,Medium,6.4,CWE-444,,2020-05-15 02:02:37,2020-05-15 03:41:06,2020-05-26,,13.49119212962963,13.422800925925928,2.5763425925925927,After Disclosure,2020,75,0,1541.5,15.0,2553.0,After disclosure,1,0,2.181273327868634,0,0,4.330733340286331
CVE-2020-10719,io.undertow:undertow-core,com.networknt:cors,networknt/light-4j,https://github.com/networknt/light-4j/commit/a658be3e92435813652f53a19f21c5c2adec75a6,2020-05-28 13:49:43,1,Silent,S1,S1,False,Medium,6.4,CWE-444,,2020-05-15 02:02:37,2020-05-15 03:41:06,2020-05-26,,13.491041666666666,13.422650462962965,2.5761921296296295,After Disclosure,2020,75,0,248.5,4.0,2553.0,After disclosure,1,0,2.181272897400697,0,0,4.330733340286331
CVE-2020-10719,io.undertow:undertow-core,org.keycloak:keycloak-installed-adapter,keycloak/keycloak,https://github.com/keycloak/keycloak/commit/969b09f530b3fe6b6a8c3f0d25ad52c1d8b6c970,2020-07-20 20:15:08,1,Silent,S1,S1,False,Medium,6.4,CWE-444,,2020-05-15 02:02:37,2020-05-15 03:41:06,2020-05-26,,66.75869212962964,66.69030092592592,55.843842592592594,After Disclosure,2020,75,0,689.0,6.0,2553.0,After disclosure,1,0,2.31189798897008,0,0,4.330733340286331
CVE-2020-10719,io.undertow:undertow-core,com.networknt:hazelcast-manager,networknt/light-session-4j,https://github.com/networknt/light-session-4j/commit/c4f714e87d069bd7aa8bd59dd8a21b7dea4b2504,2020-05-28 13:50:03,1,Silent,S1,S1,False,Medium,6.4,CWE-444,,2020-05-15 02:02:37,2020-05-15 03:41:06,2020-05-26,,13.491273148148148,13.422881944444445,2.576423611111111,After Disclosure,2020,75,0,246.0,4.0,2553.0,After disclosure,1,0,2.1812735596588846,0,0,4.330733340286331
CVE-2020-10719,io.undertow:undertow-core,io.mangoo:mangooio-core,svenkubiak/mangooio,https://github.com/svenkubiak/mangooio/commit/88a1a1156d662506617a4fc1a0308786c5f484c8,2020-05-16 16:11:00,1,Silent,S1,S1,False,Medium,6.4,CWE-444,,2020-05-15 02:02:37,2020-05-15 03:41:06,2020-05-26,,1.5891550925925926,1.5207638888888888,-9.325694444444444,Release->Disclosure,2020,75,0,7903.5,109.0,2553.0,Safe window,0,1,2.145813079543657,0,0,4.330733340286331
CVE-2020-10719,io.undertow:undertow-core,com.aspectran:aspectran-with-undertow,aspectran/aspectran,https://github.com/aspectran/aspectran/commit/aadbd3db4a84e34d73776bfce41e44bf88b972d8,2020-05-15 15:23:31,1,Silent,S1,S1,False,Medium,6.4,CWE-444,,2020-05-15 02:02:37,2020-05-15 03:41:06,2020-05-26,,0.5561805555555556,0.4877893518518518,-10.35866898148148,Release->Disclosure,2020,75,0,3277.0,46.0,2553.0,Safe window,0,1,2.1425944635717395,0,0,4.330733340286331
CVE-2018-12538,org.eclipse.jetty:jetty-server,com.consol.citrus:citrus-http,citrusframework/citrus,https://github.com/citrusframework/citrus/commit/a52812c84308e22434c1c1017e833454dcfe2036,2018-10-19 07:12:51,1,Transparent,T1,T1,False,Medium,6.5,CWE-384,2018-01-08 14:37:56,2018-01-10 16:40:53,2018-03-20 07:18:24,2018-06-22,283.69091435185186,281.6055324074074,212.99614583333337,119.30059027777776,After Disclosure,2018,56,0,4163.5,61.0,1585.0,After disclosure,1,0,2.4289843883111297,1,0,4.04305126783455
CVE-2018-12538,org.eclipse.jetty:jetty-server,de.alpharogroup:jetty-runner-config,astrapi69/jetty-runner,https://github.com/astrapi69/jetty-runner/commit/1b4c4a275cf66c5e8f25341aed48185831fb143f,2018-07-14 16:12:45,1,Transparent,T1,T1,False,Medium,6.5,CWE-384,2018-01-08 14:37:56,2018-01-10 16:40:53,2018-03-20 07:18:24,2018-06-22,187.0658449074074,184.98046296296295,116.3710763888889,22.675520833333337,After Disclosure,2018,56,0,1266.5,12.5,1585.0,After disclosure,1,0,2.235275174898492,1,0,4.04305126783455
CVE-2018-12538,org.eclipse.jetty:jetty-server,org.jooby:jooby-jetty,jooby-project/jooby,https://github.com/jooby-project/jooby/commit/1e458ddc9d3b3328ec71dc62f1aec9823f9b1def,2018-04-17 15:35:32,1,Transparent,T1,T1,False,Medium,6.5,CWE-384,2018-01-08 14:37:56,2018-01-10 16:40:53,2018-03-20 07:18:24,2018-06-22,99.04,96.95461805555556,28.34523148148148,-65.35032407407408,Release->Disclosure,2018,56,0,607.5,9.0,1585.0,Safe window,0,1,1.923626720011695,1,0,4.04305126783455
CVE-2018-12538,org.eclipse.jetty:jetty-server,org.dspace:dspace-api,DSpace/DSpace,https://github.com/DSpace/DSpace/commit/f34f44d7e00f5258ef875b3e2ddd2ac88dde5920,2020-07-07 13:52:38,1,Transparent,T1,T1,False,Medium,6.5,CWE-384,2018-01-08 14:37:56,2018-01-10 16:40:53,2018-03-20 07:18:24,2018-06-22,910.9685416666666,908.8831597222222,840.2737731481482,746.5782175925926,After Disclosure,2018,56,0,96065.0,1092.0,1585.0,After disclosure,1,0,2.952212230858045,1,0,4.04305126783455
CVE-2018-12538,org.eclipse.jetty:jetty-server,io.jboot:jboot,yangfuhai/jboot,https://github.com/yangfuhai/jboot/commit/311fb3228e6ff8af7681400595b5f122923865b1,2018-05-16 03:45:11,3,Transparent,T1,T1,False,Medium,6.5,CWE-384,2018-01-08 14:37:56,2018-01-10 16:40:53,2018-03-20 07:18:24,2018-06-22,127.54670138888888,125.46131944444444,56.85193287037037,-36.84362268518519,Release->Disclosure,2018,56,0,38902.0,651.0,1585.0,Safe window,0,1,2.0506912641637403,1,0,4.04305126783455
CVE-2018-12538,org.eclipse.jetty:jetty-server,us.springett:alpine-executable-war,stevespringett/Alpine,https://github.com/stevespringett/Alpine/commit/8f61ff279a2dcb3889a94d76cfe6fff8867f9187,2018-05-27 05:38:15,1,Transparent,T1,T1,False,Medium,6.5,CWE-384,2018-01-08 14:37:56,2018-01-10 16:40:53,2018-03-20 07:18:24,2018-06-22,138.6252199074074,136.53983796296296,67.93045138888888,-25.765104166666667,Release->Disclosure,2018,56,0,406983.0,3595.0,1585.0,Safe window,0,1,2.091523096923649,1,0,4.04305126783455
CVE-2018-12538,org.eclipse.jetty:jetty-server,com.aspectran:aspectran-with-jetty,aspectran/aspectran,https://github.com/aspectran/aspectran/commit/4daa51043269f168a1cfc286846a2e1dffc6c94c,2018-03-21 03:43:08,1,Transparent,T1,T1,False,Medium,6.5,CWE-384,2018-01-08 14:37:56,2018-01-10 16:40:53,2018-03-20 07:18:24,2018-06-22,71.54527777777778,69.45989583333333,0.8505092592592592,-92.8450462962963,Release->Disclosure,2018,56,0,216.0,3.0,1585.0,Safe window,0,1,1.7511185631749193,1,0,4.04305126783455
CVE-2018-12538,org.eclipse.jetty:jetty-server,ws.ament.hammock:web-jetty,hammock-project/hammock,https://github.com/hammock-project/hammock/commit/1e4d98df802ba94051986b1e324a7a94e3ef912f,2018-04-10 01:30:35,1,Transparent,T1,T1,False,Medium,6.5,CWE-384,2018-01-08 14:37:56,2018-01-10 16:40:53,2018-03-20 07:18:24,2018-06-22,91.45322916666667,89.36784722222222,20.758460648148148,-72.93709490740741,Release->Disclosure,2018,56,0,112.0,2.0,1585.0,Safe window,0,1,1.8824511427108477,1,0,4.04305126783455
CVE-2018-12538,org.eclipse.jetty:jetty-server,com.spotify:bigtable-autoscaler,spotify/bigtable-autoscaler,https://github.com/spotify/bigtable-autoscaler/commit/f4c5d13d25fc69026315199e032a1560583cb962,2018-11-28 15:49:26,1,Transparent,T1,T1,False,Medium,6.5,CWE-384,2018-01-08 14:37:56,2018-01-10 16:40:53,2018-03-20 07:18:24,2018-06-22,324.0496527777778,321.96427083333333,253.35488425925925,159.6593287037037,After Disclosure,2018,56,0,2637.0,30.0,1585.0,After disclosure,1,0,2.489794752002981,1,0,4.04305126783455
CVE-2017-7536,org.hibernate:hibernate-validator,com.erudika:para-core,Erudika/para,https://github.com/Erudika/para/commit/1a0ffb93122c78bd042ef543219e774c3d6374a7,2018-01-23 23:32:16,1,Silent,S1,S1,False,Medium,4.4,CWE-470,,2017-10-19 15:44:27,2017-10-19 15:58:18,2018-01-10,,96.32487268518518,96.31525462962964,13.98074074074074,After Disclosure,2018,29,0,8321.0,85.0,364.0,After disclosure,1,0,2.2127333058095657,0,0,3.4011973816621555
CVE-2017-7536,org.hibernate:hibernate-validator,ca.uhn.hapi.fhir:hapi-fhir-jpaserver-base,hapifhir/hapi-fhir,https://github.com/hapifhir/hapi-fhir/commit/3121334bfdd2d5f4ece70b370891a56e862f9dc5,2018-11-07 23:28:28,2,Silent,S1,S1,False,Medium,4.4,CWE-470,,2017-10-19 15:44:27,2017-10-19 15:58:18,2018-01-10,,384.3222337962963,384.31261574074074,301.9781018518519,After Disclosure,2018,29,0,41511.0,484.0,364.0,After disclosure,1,0,2.654371307912766,0,0,3.4011973816621555
CVE-2018-1324,org.apache.commons:commons-compress,com.lithium.flow:flow,lithiumtech/flow,https://github.com/lithiumtech/flow/commit/dfaad6843be0bdc77eb13316f00e07060feaefe2,2018-09-18 04:17:37,2,Silent,S1,S1,False,Medium,4.3,CWE-835,,2017-12-22 19:34:57,2018-02-02 18:34:59,2018-03-16,,269.36296296296297,227.4046064814815,186.17890046296296,After Disclosure,2018,75,0,13227.0,293.5,69.0,After disclosure,1,0,2.5255670747009367,0,0,4.330733340286331
CVE-2018-1324,org.apache.commons:commons-compress,org.tallison.lucene:gramreaper,tballison/lucene-addons,https://github.com/tballison/lucene-addons/commit/b51a2fd097a3d0b9cf5a81032239f023644bb512,2019-01-18 12:21:01,1,Silent,S1,S1,False,Medium,4.3,CWE-835,,2017-12-22 19:34:57,2018-02-02 18:34:59,2018-03-16,,391.6986574074074,349.7403009259259,308.5145949074074,After Disclosure,2018,75,0,455330.0,6156.0,69.0,After disclosure,1,0,2.6606177232277113,0,0,4.330733340286331
CVE-2018-1324,org.apache.commons:commons-compress,org.apache.any23:apache-any23-core,apache/any23,https://github.com/apache/any23/commit/6b76f3466da0916dc7f61b8136133b55e0400ffa,2018-07-02 23:24:38,3,Silent,S1,S1,False,Medium,4.3,CWE-835,,2017-12-22 19:34:57,2018-02-02 18:34:59,2018-03-16,,192.1595023148148,150.20114583333333,108.97543981481482,After Disclosure,2018,75,0,16195.0,266.0,69.0,After disclosure,1,0,2.411955634431719,0,0,4.330733340286331
CVE-2018-1324,org.apache.commons:commons-compress,org.hyperledger.fabric-sdk-java:fabric-sdk-java,hyperledger/fabric-sdk-java,https://github.com/hyperledger/fabric-sdk-java/commit/7c768d6403a95b28d40ffe8f01bfb5be24a3a442,2018-02-18 20:30:15,1,Silent,S1,S1,False,Medium,4.3,CWE-835,,2017-12-22 19:34:57,2018-02-02 18:34:59,2018-03-16,,58.038402777777776,16.080046296296295,-25.145659722222224,Release->Disclosure,2018,75,0,186463.0,1582.5,69.0,Safe window,0,1,2.0936966804386774,0,0,4.330733340286331
CVE-2018-1324,org.apache.commons:commons-compress,org.owasp:dependency-check-core,jeremylong/DependencyCheck,https://github.com/jeremylong/DependencyCheck/commit/92b4a74440eb80ca65815e9cbb2361fa7b4fef0e,2018-02-06 11:33:29,1,Silent,S1,S1,False,Medium,4.3,CWE-835,,2017-12-22 19:34:57,2018-02-02 18:34:59,2018-03-16,,45.66564814814815,3.707291666666667,-37.51841435185185,Release->Disclosure,2018,75,0,20066.0,227.5,69.0,Safe window,0,1,2.0480756727856995,0,0,4.330733340286331
CVE-2018-1324,org.apache.commons:commons-compress,org.opensextant:opensextant-xponents-basics,OpenSextant/Xponents,https://github.com/OpenSextant/Xponents/commit/c1d6c88df289e4421c723d9e3c378af9c267b0d3,2018-05-17 10:56:08,1,Silent,S1,S1,False,Medium,4.3,CWE-835,,2017-12-22 19:34:57,2018-02-02 18:34:59,2018-03-16,,145.63971064814814,103.68135416666668,62.45564814814815,After Disclosure,2018,75,0,3568.0,29.0,69.0,After disclosure,1,0,2.325679518145118,0,0,4.330733340286331
CVE-2018-1324,org.apache.commons:commons-compress,org.appng:appng-core,appNG/appng,https://github.com/appNG/appng/commit/d0e4e23a465e594994f1df2ad4203ca65892e8a4,2019-01-03 14:07:17,1,Silent,S1,S1,False,Medium,4.3,CWE-835,,2017-12-22 19:34:57,2018-02-02 18:34:59,2018-03-16,,376.7724537037037,334.81409722222224,293.5883912037037,After Disclosure,2018,75,0,19802.0,231.0,69.0,After disclosure,1,0,2.64621996273901,0,0,4.330733340286331
CVE-2020-11050,org.java-websocket:Java-WebSocket,org.aktin:broker-client-websocket,aktin/broker,https://github.com/aktin/broker/commit/20d666ac0b55ec50b74e54821d0408c8fa4f1955,2020-11-05 23:45:04,1,Silent,S2,S2,False,Medium,6.8,CWE-295,,2020-04-13 17:39:26,2020-05-07 05:27:52,2020-05-07,,206.25391203703705,182.76194444444445,182.98962962962963,After Release,2020,41,0,38.0,1.0,6306.0,After disclosure,1,0,2.521417709421761,0,0,3.7376696182833684
CVE-2020-11050,org.java-websocket:Java-WebSocket,org.noear:solon.boot.websocket,noear/solon,https://github.com/noear/solon/commit/00020c3d6c92190eead3d6e0ffb9599ee24c8b40,2020-06-17 04:50:34,1,Silent,S2,S2,False,Medium,6.8,CWE-295,,2020-04-13 17:39:26,2020-05-07 05:27:52,2020-05-07,,64.46606481481481,40.97409722222222,41.20178240740741,After Release,2020,41,0,5109.0,66.0,6306.0,After disclosure,1,0,2.2797262079634617,0,0,3.7376696182833684
CVE-2020-11989,org.apache.shiro:shiro-web,com.github.waffle:waffle-shiro,Waffle/waffle,https://github.com/Waffle/waffle/commit/eec1be4e277db46fc9429f23f776a082b3ed4179,2020-05-04 05:49:51,1,Transparent,T1,T1,False,High,7.5,,2020-04-07 09:41:00,2020-04-07 15:56:56,2020-04-26 20:42:18,2020-06-22,26.839479166666667,26.57841435185185,7.380243055555556,-48.75704861111111,Release->Disclosure,2020,51,0,618.0,12.0,2696.0,Safe window,0,1,2.0020240946013104,1,1,3.9512437185814275
CVE-2020-11989,org.apache.shiro:shiro-web,com.flowlogix:flowlogix-tapestry-gwt,flowlogix/flowlogix,https://github.com/flowlogix/flowlogix/commit/042dd1ebfe740813262787e7e8eb0851d2d680c4,2020-09-23 18:43:49,3,Transparent,T1,T1,False,High,7.5,,2020-04-07 09:41:00,2020-04-07 15:56:56,2020-04-26 20:42:18,2020-06-22,169.3769560185185,169.1158912037037,149.91771990740742,93.78042824074076,After Disclosure,2020,51,0,270.0,7.0,2696.0,After disclosure,1,0,2.3856145476865778,1,1,3.9512437185814275
CVE-2020-11989,org.apache.shiro:shiro-web,io.jboot:jboot,yangfuhai/jboot,https://github.com/yangfuhai/jboot/commit/ad4fb812ff51318f5ab1bd927434c5f871a48b9d,2021-03-04 13:01:08,3,Transparent,T1,T1,False,High,7.5,,2020-04-07 09:41:00,2020-04-07 15:56:56,2020-04-26 20:42:18,2020-06-22,331.1389814814815,330.8779166666667,311.67974537037037,255.5424537037037,After Disclosure,2020,51,0,38902.0,651.0,2696.0,After disclosure,1,0,2.6072047278787593,1,1,3.9512437185814275
CVE-2020-11989,org.apache.shiro:shiro-web,io.buji:buji-pac4j,bujiio/buji-pac4j,https://github.com/bujiio/buji-pac4j/commit/867688e712ac0a2c865b14c8a45717897ebaa2d4,2020-05-04 06:18:34,1,Transparent,T1,T1,False,High,7.5,,2020-04-07 09:41:00,2020-04-07 15:56:56,2020-04-26 20:42:18,2020-06-22,26.859421296296297,26.59835648148148,7.400185185185185,-48.73710648148148,Release->Disclosure,2020,51,0,423.0,9.0,2696.0,Safe window,0,1,2.0021102909070243,1,1,3.9512437185814275
CVE-2018-1320,org.apache.thrift:libthrift,com.github.ddth:ddth-commons-core,DDTH/ddth-commons,https://github.com/DDTH/ddth-commons/commit/d737a9c33b79b12ddbac101ddd62c623cd689b95,2019-03-13 09:21:58,1,Silent,S1,S1,False,Medium,5.0,CWE-295,,2018-03-05 12:00:22,2018-12-18 20:24:34,2019-01-07,,372.89,84.53986111111111,65.39025462962962,After Disclosure,2019,139,0,2543.5,36.0,4095.0,After disclosure,1,0,2.3316589718593144,0,0,4.941642422609304
CVE-2018-1320,org.apache.thrift:libthrift,io.arenadata.hive:hive-jdbc,arenadata/hive,https://github.com/arenadata/hive/commit/1945e2f67e5b09cdda40146b87e1ba492f897196,2020-09-02 01:15:44,1,Silent,S1,S1,False,Medium,5.0,CWE-295,,2018-03-05 12:00:22,2018-12-18 20:24:34,2019-01-07,,911.552337962963,623.2021990740741,604.0525925925926,After Disclosure,2019,139,0,6714.0,40.0,4095.0,After disclosure,1,0,2.876954588432151,0,0,4.941642422609304
CVE-2015-1427,org.elasticsearch:elasticsearch,com.github.richardwilly98.elasticsearch:elasticsearch-river-mongodb,richardwilly98/elasticsearch-river-mongodb,https://github.com/richardwilly98/elasticsearch-river-mongodb/commit/b64b94bab693cb9441671c21d5125793a33f4236,2015-08-13 15:51:29,1,Silent,S2,S2,False,High,7.5,CWE-284,,2015-02-11 13:21:43,2015-08-24 10:30:20,2015-02-17,,183.10400462962963,-10.776979166666669,177.66075231481483,Disclosure->Release,2015,44,0,3820.5,28.5,8581.0,After disclosure,1,0,2.514394930755217,0,1,3.8066624897703196
CVE-2015-1427,org.elasticsearch:elasticsearch,com.yakaz.elasticsearch.plugins:elasticsearch-action-updatebyquery,yakaz/elasticsearch-action-updatebyquery,https://github.com/yakaz/elasticsearch-action-updatebyquery/commit/eeab345cbc2ccf5c600808b258d4c7c73df98a0b,2015-04-02 15:06:18,1,Silent,S2,S2,False,High,7.5,CWE-284,,2015-02-11 13:21:43,2015-08-24 10:30:20,2015-02-17,,50.07262731481482,-143.80835648148147,44.629375,Disclosure->Release,2015,44,0,1943.5,38.0,8581.0,After disclosure,1,0,2.2874738176807683,0,1,3.8066624897703196
CVE-2015-1427,org.elasticsearch:elasticsearch,org.carrot2:elasticsearch-carrot2,carrot2/elasticsearch-carrot2,https://github.com/carrot2/elasticsearch-carrot2/commit/be73474318a5492e3726ba5077976b2d09bbfa2b,2015-04-10 08:22:25,1,Silent,S2,S2,False,High,7.5,CWE-284,,2015-02-11 13:21:43,2015-08-24 10:30:20,2015-02-17,,57.79215277777778,-136.0888310185185,52.348900462962966,Disclosure->Release,2015,44,0,1700.0,36.0,8581.0,After disclosure,1,0,2.304432578881174,0,1,3.8066624897703196
CVE-2015-1427,org.elasticsearch:elasticsearch,com.github.alexcojocaru:elasticsearch-maven-plugin,alexcojocaru/elasticsearch-maven-plugin,https://github.com/alexcojocaru/elasticsearch-maven-plugin/commit/093da4977521b90980d230967f9700a8d11c7eb4,2015-06-23 18:09:46,1,Silent,S2,S2,False,High,7.5,CWE-284,,2015-02-11 13:21:43,2015-08-24 10:30:20,2015-02-17,,132.20003472222223,-61.68094907407407,126.7567824074074,Disclosure->Release,2015,44,0,580.0,12.0,8581.0,After disclosure,1,0,2.440879158453423,0,1,3.8066624897703196
CVE-2015-1427,org.elasticsearch:elasticsearch,org.dspace:dspace-api,DSpace/DSpace,https://github.com/DSpace/DSpace/commit/8fb788dcc509bdda99249bc3651d1359c1013a88,2018-01-02 18:23:31,1,Silent,S2,S2,False,High,7.5,CWE-284,,2015-02-11 13:21:43,2015-08-24 10:30:20,2015-02-17,,1056.2095833333333,862.328599537037,1050.7663310185185,After Release,2015,44,0,96065.0,1092.0,8581.0,After disclosure,1,0,3.0791778195980917,0,1,3.8066624897703196
CVE-2021-39139,com.thoughtworks.xstream:xstream,de.alpharogroup:email-tails,lightblueseas/email-tails,https://github.com/lightblueseas/email-tails/commit/997627a510bf8c40e6f2e0f799827ba5c7180a44,2022-02-28 14:46:26,14,Silent,S1,S1,False,Medium,6.5,CWE-502;CWE-434,,2021-05-26 19:43:09,2021-08-22 13:57:44,2021-08-23,,277.79394675925926,190.03381944444445,189.6155787037037,After Disclosure,2021,179,0,1002.0,12.0,566.0,After disclosure,1,0,2.5299943912116145,0,0,5.19295685089021
CVE-2021-39139,com.thoughtworks.xstream:xstream,com.thankjava.toolkit3d:fast-toolkit3d,lazy-koala/java-toolkit,https://github.com/lazy-koala/java-toolkit/commit/614102adc1ddeb4146640c17cb4dce1b1a07d7dc,2022-02-01 00:57:29,9,Silent,S1,S1,False,Medium,6.5,CWE-502;CWE-434,,2021-05-26 19:43:09,2021-08-22 13:57:44,2021-08-23,,250.21828703703704,162.45815972222223,162.0399189814815,After Disclosure,2021,179,0,3457.0,53.0,566.0,After disclosure,1,0,2.4931290621434243,0,0,5.19295685089021
CVE-2021-39139,com.thoughtworks.xstream:xstream,org.patterntesting:patterntesting-rt,oboehm/PatternTesting2,https://github.com/oboehm/PatternTesting2/commit/6c3890ddd5f37c91b71dd825b6a24c3b045a2e31,2022-01-08 20:39:29,3,Silent,S1,S1,False,Medium,6.5,CWE-502;CWE-434,,2021-05-26 19:43:09,2021-08-22 13:57:44,2021-08-23,,227.03912037037037,139.27899305555556,138.86075231481482,After Disclosure,2021,179,0,11982.0,199.0,566.0,After disclosure,1,0,2.4595205762460624,0,0,5.19295685089021
CVE-2021-39139,com.thoughtworks.xstream:xstream,ro.pippo:pippo-xstream,pippo-java/pippo,https://github.com/pippo-java/pippo/commit/8330892700e3911192f1e17a11100ec3ec58ef84,2021-11-02 09:00:16,9,Silent,S1,S1,False,Medium,6.5,CWE-502;CWE-434,,2021-05-26 19:43:09,2021-08-22 13:57:44,2021-08-23,,159.55355324074074,71.79342592592593,71.37518518518519,After Disclosure,2021,179,0,47.0,2.0,566.0,After disclosure,1,0,2.343604300452925,0,0,5.19295685089021
CVE-2021-39139,com.thoughtworks.xstream:xstream,com.github.spotbugs:sonar-findbugs-plugin,spotbugs/sonar-findbugs,https://github.com/spotbugs/sonar-findbugs/commit/d4b81e4456be033422c6b1502ef6f8bd5fa1a8c5,2021-08-25 23:07:08,9,Silent,S1,S1,False,Medium,6.5,CWE-502;CWE-434,,2021-05-26 19:43:09,2021-08-22 13:57:44,2021-08-23,,91.1416550925926,3.381527777777778,2.963287037037037,After Disclosure,2021,179,0,13133.0,191.0,566.0,After disclosure,1,0,2.182378949866019,0,0,5.19295685089021
CVE-2021-39139,com.thoughtworks.xstream:xstream,net.ripe.rpki:rpki-commons,RIPE-NCC/rpki-commons,https://github.com/RIPE-NCC/rpki-commons/commit/cb41248bb0e21780857596da401b9a891c6ee1b7,2021-08-26 11:52:31,9,Silent,S1,S1,False,Medium,6.5,CWE-502;CWE-434,,2021-05-26 19:43:09,2021-08-22 13:57:44,2021-08-23,,91.6731712962963,3.9130439814814815,3.494803240740741,After Disclosure,2021,179,0,11426.0,225.0,566.0,After disclosure,1,0,2.183893084811566,0,0,5.19295685089021
CVE-2021-39139,com.thoughtworks.xstream:xstream,org.ikasan:ikasan-builder,ikasanEIP/ikasan,https://github.com/ikasanEIP/ikasan/commit/61a7c97cafa108f1b62ae732aab3b5136d076901,2021-09-06 19:17:59,9,Silent,S1,S1,False,Medium,6.5,CWE-502;CWE-434,,2021-05-26 19:43:09,2021-08-22 13:57:44,2021-08-23,,102.98252314814816,15.222395833333334,14.804155092592593,After Disclosure,2021,179,0,6070.0,86.0,566.0,After disclosure,1,0,2.214918933406759,0,0,5.19295685089021
CVE-2021-39139,com.thoughtworks.xstream:xstream,org.infinispan:infinispan-server-core,infinispan/infinispan,https://github.com/infinispan/infinispan/commit/d617eec6dfe533cea066961a5afb2340131556d3,2021-08-25 17:49:50,9,Silent,S1,S1,False,Medium,6.5,CWE-502;CWE-434,,2021-05-26 19:43:09,2021-08-22 13:57:44,2021-08-23,,90.92130787037036,3.1611805555555557,2.742939814814815,After Disclosure,2021,179,0,4452.0,97.0,566.0,After disclosure,1,0,2.1817496936250604,0,0,5.19295685089021
CVE-2021-39139,com.thoughtworks.xstream:xstream,com.sangupta:jerry-core,sangupta/jerry-core,https://github.com/sangupta/jerry-core/commit/380b8ce5df0ffb3edf334d129d58deb200802fee,2021-08-25 15:34:34,10,Silent,S1,S1,False,Medium,6.5,CWE-502;CWE-434,,2021-05-26 19:43:09,2021-08-22 13:57:44,2021-08-23,,90.82737268518518,3.06724537037037,2.6490046296296295,After Disclosure,2021,179,0,9933.0,108.0,566.0,After disclosure,1,0,2.181481160928497,0,0,5.19295685089021
CVE-2021-39139,com.thoughtworks.xstream:xstream,org.wicketstuff:wicketstuff-dashboard-core,wicketstuff/core,https://github.com/wicketstuff/core/commit/3fbd67082cf0ef7ec0114def59d07d496ded3a56,2021-08-25 15:46:01,9,Silent,S1,S1,False,Medium,6.5,CWE-502;CWE-434,,2021-05-26 19:43:09,2021-08-22 13:57:44,2021-08-23,,90.83532407407408,3.075196759259259,2.6569560185185184,After Disclosure,2021,179,0,1584.0,55.0,566.0,After disclosure,1,0,2.1815038980130264,0,0,5.19295685089021
CVE-2021-39139,com.thoughtworks.xstream:xstream,com.swiftmq:swiftmq-client,iitsoftware/swiftmq-client,https://github.com/iitsoftware/swiftmq-client/commit/9506bd2e6e1163342b52f8c5c99fb9b13c8d90fc,2021-08-25 15:41:07,9,Silent,S1,S1,False,Medium,6.5,CWE-502;CWE-434,,2021-05-26 19:43:09,2021-08-22 13:57:44,2021-08-23,,90.8319212962963,3.0717939814814814,2.6535532407407407,After Disclosure,2021,179,0,149380.0,1984.0,566.0,After disclosure,1,0,2.1814941678780175,0,0,5.19295685089021
CVE-2021-39139,com.thoughtworks.xstream:xstream,no.mnemonic.messaging:requestsink-jms,mnemonic-no/messaging,https://github.com/mnemonic-no/messaging/commit/d8886c882334c967157a32be125fb0dc9b67f2d2,2021-09-09 08:47:56,9,Silent,S1,S1,False,Medium,6.5,CWE-502;CWE-434,,2021-05-26 19:43:09,2021-08-22 13:57:44,2021-08-23,,105.54498842592592,17.784861111111113,17.36662037037037,After Disclosure,2021,179,0,2679.0,37.0,566.0,After disclosure,1,0,2.221651070485473,0,0,5.19295685089021
CVE-2021-39139,com.thoughtworks.xstream:xstream,com.xceptance:xlt,Xceptance/XLT,https://github.com/Xceptance/XLT/commit/1b675b0b83f1e66c98d765f92bf2bae4de5a9369,2021-08-31 15:14:53,9,Silent,S1,S1,False,Medium,6.5,CWE-502;CWE-434,,2021-05-26 19:43:09,2021-08-22 13:57:44,2021-08-23,,96.81370370370372,9.053576388888889,8.635335648148148,After Disclosure,2021,179,0,146667.0,2303.0,566.0,After disclosure,1,0,2.1982708247929565,0,0,5.19295685089021
CVE-2021-39139,com.thoughtworks.xstream:xstream,com.github.psi-probe:psi-probe-core,psi-probe/psi-probe,https://github.com/psi-probe/psi-probe/commit/cf3dd7317060ef7cb67f57686b0d760bdfa659d5,2021-08-23 07:01:58,9,Silent,S1,S1,False,Medium,6.5,CWE-502;CWE-434,,2021-05-26 19:43:09,2021-08-22 13:57:44,2021-08-23,,88.47140046296296,0.7112731481481481,0.2930324074074074,After Disclosure,2021,179,0,19822.0,302.0,566.0,After disclosure,1,0,2.1746912536054115,0,0,5.19295685089021
CVE-2021-39139,com.thoughtworks.xstream:xstream,io.quarkus:quarkus-junit5,quarkusio/quarkus,https://github.com/quarkusio/quarkus/commit/3aa4e47faa4b4df927d75a5379f45aeea3fc3f87,2021-08-23 20:37:45,9,Silent,S1,S1,False,Medium,6.5,CWE-502;CWE-434,,2021-05-26 19:43:09,2021-08-22 13:57:44,2021-08-23,,89.03791666666666,1.277789351851852,0.8595486111111111,After Disclosure,2021,179,0,1063.0,31.0,566.0,After disclosure,1,0,2.17633367247396,0,0,5.19295685089021
CVE-2021-39139,com.thoughtworks.xstream:xstream,org.javalite:javalite-async,javalite/activejdbc,https://github.com/javalite/activejdbc/commit/df9a9dd065faf12a9a6279266dee5857cd4b5c81,2021-08-25 15:54:57,9,Silent,S1,S1,False,Medium,6.5,CWE-502;CWE-434,,2021-05-26 19:43:09,2021-08-22 13:57:44,2021-08-23,,90.84152777777778,3.081400462962963,2.6631597222222223,After Disclosure,2021,179,0,1147.0,13.0,566.0,After disclosure,1,0,2.1815216367457917,0,0,5.19295685089021
CVE-2021-39139,com.thoughtworks.xstream:xstream,org.optaplanner:optaplanner-examples,kiegroup/optaplanner,https://github.com/kiegroup/optaplanner/commit/31ec3c3a5aa5a7d05e4f80c0ae6439b1159ea62b,2021-08-31 16:40:48,9,Silent,S1,S1,False,Medium,6.5,CWE-502;CWE-434,,2021-05-26 19:43:09,2021-08-22 13:57:44,2021-08-23,,96.87336805555556,9.11324074074074,8.695,After Disclosure,2021,179,0,43487.0,668.0,566.0,After disclosure,1,0,2.1984349390662166,0,0,5.19295685089021
CVE-2021-39139,com.thoughtworks.xstream:xstream,org.smooks:smooks-core,smooks/smooks,https://github.com/smooks/smooks/commit/b1412cfcf80e8bf7ddcc1ec709c256387879e6b6,2021-12-01 12:51:41,9,Silent,S1,S1,False,Medium,6.5,CWE-502;CWE-434,,2021-05-26 19:43:09,2021-08-22 13:57:44,2021-08-23,,188.71425925925925,100.95413194444444,100.5358912037037,After Disclosure,2021,179,0,19961.0,350.0,566.0,After disclosure,1,0,2.397523046722685,0,0,5.19295685089021
CVE-2021-39139,com.thoughtworks.xstream:xstream,org.powertac:common,powertac/powertac-core,https://github.com/powertac/powertac-core/commit/bdad13c6c171376de33fdca091023d69f6930e7d,2021-10-05 17:14:44,9,Silent,S1,S1,False,Medium,6.5,CWE-502;CWE-434,,2021-05-26 19:43:09,2021-08-22 13:57:44,2021-08-23,,131.89693287037036,44.136805555555554,43.71856481481481,After Disclosure,2021,179,0,8040.0,110.0,566.0,After disclosure,1,0,2.2854285006751986,0,0,5.19295685089021
