CVE_ID,Commit Message,Links in Message,Link Presence,PATCH,repository,type_of_reporting,first_link_in_message,first_link_type_for_created_date,first_link,mined_link_type,link_created_at,link_created_date_source,link_created_date_status,link_created_date_reason,created_date_kind
CVE-2013-4600,Fixed some XSS problems (github issue #173),https://github.com/alkacon/opencms-core/issues/173,contains links,https://github.com/alkacon/opencms-core/commit/72a05e3ea1cf692e2efce002687272e63f98c14a,alkacon/opencms-core,github issue,https://github.com/alkacon/opencms-core/issues/173,github issue,https://github.com/alkacon/opencms-core/issues/173,github issue,2013-06-13T21:26:01Z,https://api.github.com/repos/alkacon/opencms-core/issues/173,ok,,created_at
CVE-2018-3831,"Apply settings filter to get cluster settings API (#33247)

Some settings have filters applied to them and we use this in logs and
the get nodes info API. For consistency, we should apply this in the get
cluster settings API too.",https://github.com/elastic/elasticsearch/pull/33247,contains links,https://github.com/elastic/elasticsearch/commit/cfe3d9f611a328cfffc18b445b3aecb016349514,elastic/elasticsearch,github pull request,https://github.com/elastic/elasticsearch/pull/33247,github pull request,https://github.com/elastic/elasticsearch/pull/33247,github pull request,2018-08-29T16:33:41Z,https://api.github.com/repos/elastic/elasticsearch/issues/33247,ok,,created_at
CVE-2022-23596,"fix: invalid subheader type would throw npe and make the extract loop

closes #73",https://github.com/junrar/junrar/issues/73,contains links,https://github.com/junrar/junrar/commit/7b16b3d90b91445fd6af0adfed22c07413d4fab7,junrar/junrar,github issue,https://github.com/junrar/junrar/issues/73,github issue,https://github.com/junrar/junrar/issues/73,github issue,2022-01-27T03:29:04Z,https://api.github.com/repos/junrar/junrar/issues/73,ok,,created_at
CVE-2019-16943,More clean up after #2478,https://github.com/FasterXML/jackson-databind/issues/2478,contains links,https://github.com/FasterXML/jackson-databind/commit/54aa38d87dcffa5ccc23e64922e9536c82c1b9c8,FasterXML/jackson-databind,github issue,https://github.com/FasterXML/jackson-databind/issues/2478,github issue,https://github.com/FasterXML/jackson-databind/issues/2478,github issue,2019-09-27T15:44:21Z,https://api.github.com/repos/FasterXML/jackson-databind/issues/2478,ok,,created_at
CVE-2021-37714,"Speed improvement: cap number of cloned active formatting elements

Also saves on memory allocations for empty attribute lists.

Fixes #1613",https://github.com/jhy/jsoup/issues/1613,contains links,https://github.com/jhy/jsoup/commit/d2c455c94a3aaaca29d8cec6bd53ee9824622b51,jhy/jsoup,github issue,https://github.com/jhy/jsoup/issues/1613,github issue,https://github.com/jhy/jsoup/issues/1613,github issue,2021-08-15T02:25:46Z,https://api.github.com/repos/jhy/jsoup/issues/1613,ok,,created_at
CVE-2020-36282,"Use trusted packages in StreamMessage

StreamMessage now uses the same ""white list"" mechanism as
ObjectMessage to avoid some arbitrary code execution on deserialization.

Even though StreamMessage is supposed to handle only primitive types,
it is still to possible to send a message that contains an arbitrary
serializable instance. The consuming application application may
then execute code from this class on deserialization.

The fix consists in using the list of trusted packages that can be
set at the connection factory level.

Fixes #135",https://github.com/rabbitmq/rabbitmq-jms-client/issues/135,contains links,https://github.com/rabbitmq/rabbitmq-jms-client/commit/f647e5dbfe055a2ca8cbb16dd70f9d50d888b638,rabbitmq/rabbitmq-jms-client,github issue,https://github.com/rabbitmq/rabbitmq-jms-client/issues/135,github issue,https://github.com/rabbitmq/rabbitmq-jms-client/issues/135,github issue,2020-11-02T10:38:12Z,https://api.github.com/repos/rabbitmq/rabbitmq-jms-client/issues/135,ok,,created_at
CVE-2017-15696,"GEODE-3962: use function call to get cluster configuration from a locator (#1059)

* GEODE-3962: use function all to retrieve cluster configuration from a locator",https://github.com/apache/geode/pull/1059,contains links,https://github.com/apache/geode/commit/37a897027074d4f160a5f96cd171ac384fa1b6df,apache/geode,github pull request,https://github.com/apache/geode/pull/1059,github pull request,https://github.com/apache/geode/pull/1059,github pull request,2017-11-14T21:40:20Z,https://api.github.com/repos/apache/geode/issues/1059,ok,,created_at
CVE-2019-17572,"[ISSUE #1637]Fix 1637 (#1644)

* fix(broker): add the check logic of the server to the topic

* chore(test):add unit test

* chore(validator):polish the code

* chore(test):add ASF license header",https://github.com/apache/rocketmq/issues/1637; https://github.com/apache/rocketmq/pull/1644,contains links,https://github.com/apache/rocketmq/commit/f8f6fbe4aa7f5dee937e688322628c366b12a552,apache/rocketmq,github issue,https://github.com/apache/rocketmq/issues/1637,github issue,https://github.com/apache/rocketmq/issues/1637,github issue,2019-12-04T13:17:26Z,https://api.github.com/repos/apache/rocketmq/issues/1637,ok,,created_at
CVE-2021-22569,"Improve performance of parsing unknown fields in Java (#9371)

Credit should go to @elharo for most of these Java changes--I am just
cherry-picking them from our internal codebase. The one thing I did
change was to give the UTF-8 validation tests their own Bazel test
target. This makes it possible to give the other tests a shorter
timeout, which is important for UnknownFieldSetPerformanceTest in
particular.",https://github.com/protocolbuffers/protobuf/pull/9371,contains links,https://github.com/protocolbuffers/protobuf/commit/9638a5e5315bf73f5e7148c16181676372321892,protocolbuffers/protobuf,github pull request,https://github.com/protocolbuffers/protobuf/pull/9371,github pull request,https://github.com/protocolbuffers/protobuf/pull/9371,github pull request,2022-01-05T15:01:42Z,https://api.github.com/repos/protocolbuffers/protobuf/issues/9371,ok,,created_at
CVE-2020-7226,"Merge pull request #53 from serac/52-safe-header

Define new ciphertext header format.",https://github.com/vt-middleware/cryptacular/pull/53,contains links,https://github.com/vt-middleware/cryptacular/commit/311baf12252abf21947afd07bf0a0291ec3ec796,vt-middleware/cryptacular,github pull request,https://github.com/vt-middleware/cryptacular/pull/53,github pull request,https://github.com/vt-middleware/cryptacular/pull/53,github pull request,2020-01-23T20:29:18Z,https://api.github.com/repos/vt-middleware/cryptacular/issues/53,ok,,created_at
CVE-2019-12399,"KAFKA-8774: Regex can be found anywhere in config value (#7197)

Corrected the AbstractHerder to correctly identify task configs that contain variables for externalized secrets. The original method incorrectly used `matcher.matches()` instead of `matcher.find()`. The former method expects the entire string to match the regex, whereas the second one can find a pattern anywhere within the input string (which fits this use case more correctly).

Added unit tests to cover various cases of a config with externalized secrets, and updated system tests to cover case where config value contains additional characters besides secret that requires regex pattern to be found anywhere in the string (as opposed to complete match).

Author: Arjun Satish <arjun@confluent.io>
Reviewer: Randall Hauch <rhauch@gmail.com>",https://github.com/apache/kafka/pull/7197,contains links,https://github.com/apache/kafka/commit/b85707c0fdb4c11448cdb5a1938e0488ddc91102,apache/kafka,github pull request,https://github.com/apache/kafka/pull/7197,github pull request,https://github.com/apache/kafka/pull/7197,github pull request,2019-08-12T01:50:34Z,https://api.github.com/repos/apache/kafka/issues/7197,ok,,created_at
CVE-2018-1000822,fix #1851 add FEATURE_SECURE_PROCESSING,https://github.com/codelibs/fess/issues/1851,contains links,https://github.com/codelibs/fess/commit/4e0d9f5faaf4ec75dbe89f5ff97ece0f03b097a8;https://github.com/codelibs/fess/commit/faa265b,codelibs/fess,github issue,https://github.com/codelibs/fess/issues/1851,github issue,https://github.com/codelibs/fess/issues/1851,github issue,2018-09-29T09:59:12Z,https://api.github.com/repos/codelibs/fess/issues/1851,ok,,created_at
CVE-2017-15695,"GEODE-3974: improve permission for Internal functions (#1395)

   New marker interface InternalFunction to define all
   internal functions. InternalFunctions need * permission.",https://github.com/apache/geode/pull/1395,contains links,https://github.com/apache/geode/commit/aa469239860778eb46e09dd7b390aee08f152480;https://github.com/apache/geode/commit/00be4f9774e1adf8e7ccc2664da8005fc30bb11d;https://github.com/apache/geode/commit/954ccb545d24a9c9a35cbd84023a4d7e07032de0;https://github.com/apache/geode/commit/6df14c8b1e3c644f9f810149e80bba0c2f073dab,apache/geode,github pull request,https://github.com/apache/geode/pull/1395,github pull request,https://github.com/apache/geode/pull/1395,github pull request,2018-02-07T14:36:04Z,https://api.github.com/repos/apache/geode/issues/1395,ok,,created_at
CVE-2018-1000854,"Merge pull request #199 from esigate/nricheton-patch-2

Cleanup XSLT tests and ensure secure rendering",https://github.com/esigate/esigate/pull/199,contains links,https://github.com/esigate/esigate/commit/30cad23a8f282600c9b045e1af09f6f8a65357b1;https://github.com/esigate/esigate/commit/8461193d2f358bcf1c3fabf82891a66786bfb540;https://github.com/esigate/esigate/commit/b866acb1ebc661dbe475330e27e0d69693de1971,esigate/esigate,github pull request,https://github.com/esigate/esigate/pull/199,github pull request,https://github.com/esigate/esigate/pull/199,github pull request,2018-10-17T10:42:46Z,https://api.github.com/repos/esigate/esigate/issues/199,ok,,created_at
CVE-2014-3490,"Merge pull request #521 from ronsigal/master

master branch",https://github.com/resteasy/resteasy/pull/521,contains links,https://github.com/resteasy/Resteasy/commit/240da98bc6437a44b3b267cb6d0d8bac3691b2f7;https://github.com/ronsigal/Resteasy/commit/9b7d0f574cafdcf3bea5428f3145ab4908fc6d83,resteasy/Resteasy,github pull request,https://github.com/resteasy/resteasy/pull/521,github pull request,https://github.com/resteasy/resteasy/pull/521,github pull request,2014-07-15T03:41:55Z,https://api.github.com/repos/resteasy/resteasy/issues/521,ok,,created_at
CVE-2017-12629,"SOLR-11477: Disallow resolving of external entities in Lucene queryparser/xml/CoreParser and SolrCoreParser (defType=xmlparser or {!xmlparser ...}) by default.

(Michael Stepankin, Olga Barinova, Uwe Schindler, Christine Poerschke)

This closes #263.",https://github.com/apache/lucene-solr/pull/263,contains links,https://github.com/apache/lucene-solr/commit/d8000beebfb13ba0b6e754f84c760e11592d8d1,apache/lucene-solr,github pull request,https://github.com/apache/lucene-solr/pull/263,github pull request,https://github.com/apache/lucene-solr/pull/263,github pull request,2017-10-17T09:38:53Z,https://api.github.com/repos/apache/lucene-solr/issues/263,ok,,created_at
CVE-2020-9486,"NIFI-7377 Cleaned up nifi-stateless logs.
Refactored masking logic to CipherUtility and indicated masking with label and Base64 output.
Added JSON masking logic to nifi-stateless module.
Added argument masking functionality to Program.
Moved groovy unit tests to proper Maven directory structure.
Modified plain argument output to use filtering/masking methods in provided utility.
Refactored utility methods.
Updated unit tests.

This closes #4222.

Co-authored-by: Pierre Villard <pierre.villard.fr@gmail.com>

Signed-off-by: Andy LoPresto <alopresto@apache.org>",https://github.com/apache/nifi/pull/4222,contains links,https://github.com/apache/nifi/commit/148537d64a017b73160b0d49943183c18f883ab0,apache/nifi,github pull request,https://github.com/apache/nifi/pull/4222,github pull request,https://github.com/apache/nifi/pull/4222,github pull request,2020-04-21T19:35:40Z,https://api.github.com/repos/apache/nifi/issues/4222,ok,,created_at
CVE-2017-9735,Fixes #1556 - A timing channel in Password.java.,https://github.com/jetty/jetty.project/issues/1556,contains links,https://github.com/eclipse/jetty.project/commit/042f325f1cd6e7891d72c7e668f5947b5457dc02;https://github.com/eclipse/jetty.project/commit/f3751d70787fd8ab93932a51c60514c2eb37cb58;https://github.com/eclipse/jetty.project/commit/2baa1abe4b1c380a30deacca1ed367466a1a62ea,eclipse/jetty.project,github issue,https://github.com/jetty/jetty.project/issues/1556,github issue,https://github.com/jetty/jetty.project/issues/1556,github issue,2017-05-16T07:33:48Z,https://api.github.com/repos/jetty/jetty.project/issues/1556,ok,,created_at
CVE-2020-13941,"SOLR-14561 Followup - validate params for more core operations  (#1629)

Add template to solr.in scripts
Also testes Windows paths
Added RefGuide documentation to some params",https://github.com/apache/lucene-solr/pull/1629,contains links,https://github.com/apache/lucene-solr/commit/49a3f0a11d41f7124b893a08dc9e67594c32e2ee,apache/lucene-solr,github pull request,https://github.com/apache/lucene-solr/pull/1629,github pull request,https://github.com/apache/lucene-solr/pull/1629,github pull request,2020-06-29T11:04:48Z,https://api.github.com/repos/apache/lucene-solr/issues/1629,ok,,created_at
CVE-2020-13940,"NIFI-7680 Added convenience methods for creating XML DocumentBuilder instances.
Added unit tests.

NIFI-7680 Duplicated DocumentBuilder creation method in NotificationServiceManager to avoid nifi-bootstrap dependency on nifi-security-utils.
Explicitly added commons-lang3 to lib/bootstrap/ directory in nifi-assembly.

NIFI-7680 Reverted unnecessary dependency changes.
Added explicit dependencies where necessary.

Signed-off-by: Matthew Burgess <mattyb149@apache.org>

This closes #4436",https://github.com/apache/nifi/pull/4436,contains links,https://github.com/apache/nifi/commit/7f0416ee8bdcee95e28409cc6fae9c1394c2a798,apache/nifi,github pull request,https://github.com/apache/nifi/pull/4436,github pull request,https://github.com/apache/nifi/pull/4436,github pull request,2020-07-28T01:46:38Z,https://api.github.com/repos/apache/nifi/issues/4436,ok,,created_at
CVE-2019-12086,Backport #2326 fix in 2.8 (for theoretical 2.8.11.4),https://github.com/FasterXML/jackson-databind/issues/2326,contains links,https://github.com/FasterXML/jackson-databind/commit/efc3c0d02f4743dbaa6d1b9c466772a2f13d966b,FasterXML/jackson-databind,github issue,https://github.com/FasterXML/jackson-databind/issues/2326,github issue,https://github.com/FasterXML/jackson-databind/issues/2326,github issue,2019-05-11T17:31:34Z,https://api.github.com/repos/FasterXML/jackson-databind/issues/2326,ok,,created_at
CVE-2017-7525,Fix #1737,https://github.com/FasterXML/jackson-databind/issues/1737,contains links,https://github.com/FasterXML/jackson-databind/commit/ddfddfba6414adbecaff99684ef66eebd3a92e92;https://github.com/FasterXML/jackson-databind/commit/fd8dec2c7fab8b4b4bd60502a0f1d63ec23c24da,FasterXML/jackson-databind,github issue,https://github.com/FasterXML/jackson-databind/issues/1737,github issue,https://github.com/FasterXML/jackson-databind/issues/1737,github issue,2017-08-17T21:24:26Z,https://api.github.com/repos/FasterXML/jackson-databind/issues/1737,ok,,created_at
CVE-2020-1954,"Prevent RMI registry rebind (#641)

* Prevent registry rebind

* Add the RMI server when not running threaded

* Update MBServerConnectorFactory.java

* Add compiler option for Java 11. Will look to see if there's a way to avoid the use of sun.rmi.registry altogether

* Identify the lookup name from the JMX URL

* Adding unit test for getBindingName()

* Re-instating test removed by mistake

Co-authored-by: Colm O hEigeartaigh <coheigea@users.noreply.github.com>
(cherry picked from commit 543de65106515538ecaef8b57c554e88a7bda0d1)
(cherry picked from commit 98ec361acd390483005de12ca3b10cf49cbdcf8a)

# Conflicts:
#	rt/management/pom.xml",https://github.com/apache/cxf/pull/641,contains links,https://github.com/apache/cxf/commit/8636c3760a97979f42e45080230a27b81df5d436,apache/cxf,github pull request,https://github.com/apache/cxf/pull/641,github pull request,https://github.com/apache/cxf/pull/641,github pull request,2020-02-17T12:14:17Z,https://api.github.com/repos/apache/cxf/issues/641,ok,,created_at
CVE-2016-9177,"Merge pull request #701 from perwendel/fix-for-directory-traversal-issue-700

Fix for #700 - Arbitrary File Read Vulnerability",https://github.com/perwendel/spark/pull/701; https://github.com/perwendel/spark/issues/700,contains links,https://github.com/perwendel/spark/commit/efcb46c710e3f56805b9257a63d1306882f4faf9,perwendel/spark,github pull request,https://github.com/perwendel/spark/pull/701,github pull request,https://github.com/perwendel/spark/pull/701,github pull request,2016-11-05T12:58:20Z,https://api.github.com/repos/perwendel/spark/issues/701,ok,,created_at
CVE-2019-14838,"Merge pull request #3981 from gaol/CVE-2019-14838-master-core

[WFCORE-4683] User with Monitor role can stop the servers in domain mode",https://github.com/wildfly/wildfly-core/pull/3981,contains links,https://github.com/wildfly/wildfly-core/commit/131fa6880ae1523fac9e96df54dc394b63b0eed3;https://github.com/wildfly/wildfly-core/commit/80e18b46f73f9d061d4150c66e6dc2fc1fd0bc41,wildfly/wildfly-core,github pull request,https://github.com/wildfly/wildfly-core/pull/3981,github pull request,https://github.com/wildfly/wildfly-core/pull/3981,github pull request,2019-10-11T08:28:16Z,https://api.github.com/repos/wildfly/wildfly-core/issues/3981,ok,,created_at
CVE-2021-3642,"Merge pull request #1551 from fjuma/ELY-2147-1.10.x

[ELY-2147] Harden ScramServer against timing attacks",https://github.com/wildfly-security/wildfly-elytron/pull/1551,contains links,https://github.com/wildfly-security/wildfly-elytron/commit/f512afc33807c8e7cf74ccb1a14532090906e793,wildfly-security/wildfly-elytron,github pull request,https://github.com/wildfly-security/wildfly-elytron/pull/1551,github pull request,https://github.com/wildfly-security/wildfly-elytron/pull/1551,github pull request,2021-07-13T16:21:58Z,https://api.github.com/repos/wildfly-security/wildfly-elytron/issues/1551,ok,,created_at
CVE-2019-9658,Issue #6474: disable external dtd load by default,https://github.com/checkstyle/checkstyle/issues/6474,contains links,https://github.com/checkstyle/checkstyle/commit/180b4fe37a2249d4489d584505f2b7b3ab162ec6;https://github.com/checkstyle/checkstyle/commit/f796c5053b6f275db9a3907fa24207d233974e29,checkstyle/checkstyle,github issue,https://github.com/checkstyle/checkstyle/issues/6474,github issue,https://github.com/checkstyle/checkstyle/issues/6474,github issue,2019-02-24T15:42:58Z,https://api.github.com/repos/checkstyle/checkstyle/issues/6474,ok,,created_at
CVE-2021-43795,"Merge pull request from GHSA-8fp4-rp6c-5gcv

Motivation:

- We changed how `PathAndQuery` handles `%2F` (/) in 1.12.0 via #3855.
  This change introduces an unexpected hole in its double-dot detection
  logic.
- Since we decided not to decode `%2F`, we should not decode it
  whereever possible.

Modifications:

- Hardened the double-dot detection logic in `PathAndQuery`.
- `Bytes.data` now always store the bytes in their decoded form. We keep
  whether the byte has to be encoded in a separate `BitSet`.
- Split `ArmeriaHttpUtil.decodePath()` into `decodePath()` and
  `decodePathParam()`.
  - We don't decode `%2F` in `decodePath()` but we do in
    `decodePathParam()`.
  - `RoutingResultBuilder.rawParam()` now uses `decodePathParam()`
    because `decodePath()` doesn't decode `%2F` anymore.

Result:

- A path that contains double dots with `%2F`, such as
  `/files/..%2Fsecrets.txt`, are now rejected correctly.",https://github.com/line/armeria/pull/3855,contains links,https://github.com/line/armeria/commit/e2697a575e9df6692b423e02d731f293c1313284,line/armeria,github pull request,https://github.com/line/armeria/pull/3855,github pull request,https://github.com/line/armeria/pull/3855,github pull request,2021-10-05T02:08:05Z,https://api.github.com/repos/line/armeria/issues/3855,ok,,created_at
CVE-2021-21347,New predefined blacklist avoids vulnerability due to improper setup of the security framework. Closes #207.,https://github.com/x-stream/xstream/issues/207,contains links,https://github.com/x-stream/xstream/commit/51abe602e09016c8e43e91325a15226022f4da46,x-stream/xstream,github issue,https://github.com/x-stream/xstream/issues/207,github issue,https://github.com/x-stream/xstream/issues/207,github issue,2020-07-09T15:48:01Z,https://api.github.com/repos/x-stream/xstream/issues/207,ok,,created_at
CVE-2019-7722,"Harden XML parsing

 - Fixes #532",https://github.com/pmd/pmd/issues/532,contains links,https://github.com/pmd/pmd/commit/e295711343cc155cb64ea0ae29ce9d69201469b3,pmd/pmd,github issue,https://github.com/pmd/pmd/issues/532,github issue,https://github.com/pmd/pmd/issues/532,github issue,2017-07-31T19:48:29Z,https://api.github.com/repos/pmd/pmd/issues/532,ok,,created_at
CVE-2018-1317,"[ZEPPELIN-3350] Don't allow set cronExecutionUser

### What is this PR for?
This PR just does a quick fix this security issue.
1. Remove the setting cron user in frontend
2. Run the note via owner.

### What type of PR is it?
[Bug Fix ]

### Todos
* [ ] - Task

### What is the Jira issue?
* https://issues.apache.org/jira/browse/ZEPPELIN-3350

### How should this be tested?
* Manually tested

### Screenshots (if appropriate)
![screen shot 2018-04-09 at 3 04 06 pm](https://user-images.githubusercontent.com/164491/38483974-707dca56-3c07-11e8-918a-cd47ed94ee99.png)

### Questions:
* Does the licenses files need update? No
* Is there breaking changes for older versions? No
* Does this needs documentation? No

Author: Jeff Zhang <zjffdu@apache.org>

Closes #2914 from zjffdu/ZEPPELIN-3350 and squashes the following commits:

63325d0 [Jeff Zhang] [ZEPPELIN-3350] Don't allow set cronExecutionUser

(cherry picked from commit 08c9ad9a6692405884ae2b2f730868030247762f)
Signed-off-by: Jeff Zhang <zjffdu@apache.org>",https://github.com/apache/zeppelin/pull/2914; https://issues.apache.org/jira/browse/ZEPPELIN-3350; https://user-images.githubusercontent.com/164491/38483974-707dca56-3c07-11e8-918a-cd47ed94ee99.png),contains links,https://github.com/apache/zeppelin/commit/85282615681e895d477417e9f9b80efdb221bf2c,apache/zeppelin,github pull request,https://github.com/apache/zeppelin/pull/2914,github pull request,https://github.com/apache/zeppelin/pull/2914,github pull request,2018-04-09T07:05:51Z,https://api.github.com/repos/apache/zeppelin/issues/2914,ok,,created_at
CVE-2021-44228,"Restrict LDAP access via JNDI (#608)

* Restrict LDAP access via JNDI

* Disable most JNDI protocols

* Rename test. Various minor fixes

* LOG4J2-3201 - Limit the protocols JNDI can use by default. Limit the servers and classes that can be accessed via LDAP.",https://github.com/apache/logging-log4j2/pull/608,contains links,https://github.com/apache/logging-log4j2/commit/c77b3cb39312b83b053d23a2158b99ac7de44dd3,apache/logging-log4j2,github pull request,https://github.com/apache/logging-log4j2/pull/608,github pull request,https://github.com/apache/logging-log4j2/pull/608,github pull request,2021-11-30T05:31:06Z,https://api.github.com/repos/apache/logging-log4j2/issues/608,ok,,created_at
CVE-2019-10095,"InterpreterSetting: don't crash when sorting settings.

The existing comparator would return -1 for both (a, b) and (b, a),
if both of these settings keys are not present in the template,
and such behaviour violates required comparator properties.

The issue manifests with exception in the form

  java.lang.IllegalArgumentException: Comparison method violates its general contract!
  at java.util.TimSort.mergeLo(TimSort.java:777)

and prevents server from starting up.

### What type of PR is it?
Bug Fix

### Questions:
* Does the licenses files need update? I don't think, the change is trivial.
* Is there breaking changes for older versions? No.
* Does this needs documentation? No.

Author: Vladimir Prus <vladimir.prus@gmail.com>

Closes #4075 from vprus/interpreter-settings-sorting-v2 and squashes the following commits:

7cd0b6485 [Vladimir Prus] Cosmetics
47e129a31 [Vladimir Prus] Remove spurious change
0cbc70fbd [Vladimir Prus] Cosmetrics.
e032d9990 [Vladimir Prus] InterpreterSetting: don't crash when sorting settings.",https://github.com/apache/zeppelin/pull/4075,contains links,https://github.com/apache/zeppelin/commit/8a7e0b87144fba81a22055684441906ad1c327af,apache/zeppelin,github pull request,https://github.com/apache/zeppelin/pull/4075,github pull request,https://github.com/apache/zeppelin/pull/4075,github pull request,2021-03-10T15:28:03Z,https://api.github.com/repos/apache/zeppelin/issues/4075,ok,,created_at
CVE-2021-26118,"Merge pull request #3315 from gtully/ARTEMIS-2964

ARTEMIS-2964 - fire advisory messages via post office, independent of…",https://github.com/apache/activemq-artemis/pull/3315,contains links,https://github.com/apache/activemq-artemis/commit/7dd50bd58ed2b46aa7ecdba7cffe979b672d58fb,apache/activemq-artemis,github pull request,https://github.com/apache/activemq-artemis/pull/3315,github pull request,https://github.com/apache/activemq-artemis/pull/3315,github pull request,2020-10-27T19:29:54Z,https://api.github.com/repos/apache/activemq-artemis/issues/3315,ok,,created_at
CVE-2020-1957,"Merge pull request #203 from apache/SHIRO-747

[SHIRO-747] FirstSuccessfulStrategy now detects empty principal correctly",https://github.com/apache/shiro/pull/203,contains links,https://github.com/apache/shiro/commit/f8722302e614c30cff7228fca549a882f98e6e6b,apache/shiro,github pull request,https://github.com/apache/shiro/pull/203,github pull request,https://github.com/apache/shiro/pull/203,github pull request,2020-03-11T19:18:43Z,https://api.github.com/repos/apache/shiro/issues/203,ok,,created_at
CVE-2017-12158,"KEYCLOAK-5225 (#4578)

KEYCLOAK-5225 fix test

Fix",https://github.com/keycloak/keycloak/pull/4578,contains links,https://github.com/keycloak/keycloak/commit/6ea9ed9be8baa7c6971cfbdabecc91555dc561d7;https://github.com/keycloak/keycloak/commit/d9ffc4fa211bbf2aae49449cb58e02b6ea8cd299,keycloak/keycloak,github pull request,https://github.com/keycloak/keycloak/pull/4578,github pull request,https://github.com/keycloak/keycloak/pull/4578,github pull request,2017-10-19T05:20:58Z,https://api.github.com/repos/keycloak/keycloak/issues/4578,ok,,created_at
CVE-2016-3720,Fix #190,https://github.com/FasterXML/jackson-dataformat-xml/issues/190,contains links,https://github.com/FasterXML/jackson-dataformat-xml/commit/f0f19a4c924d9db9a1e2830434061c8640092cc0,FasterXML/jackson-dataformat-xml,github issue,https://github.com/FasterXML/jackson-dataformat-xml/issues/190,github issue,https://github.com/FasterXML/jackson-dataformat-xml/issues/190,github issue,2016-04-14T23:52:40Z,https://api.github.com/repos/FasterXML/jackson-dataformat-xml/issues/190,ok,,created_at
CVE-2021-30179,"fix #6728, potential NPE in generic filter  (#6785)",https://github.com/apache/dubbo/issues/6728; https://github.com/apache/dubbo/pull/6785,contains links,https://github.com/apache/dubbo/commit/eed216b14e8c8e980e98a78ce495806a32df2b97,apache/dubbo,github issue,https://github.com/apache/dubbo/issues/6728,github issue,https://github.com/apache/dubbo/issues/6728,github issue,2020-09-12T09:28:45Z,https://api.github.com/repos/apache/dubbo/issues/6728,ok,,created_at
CVE-2021-23463,fix for #3195 CQLXML XXE vulnerability,https://github.com/h2database/h2database/issues/3195,contains links,https://github.com/h2database/h2database/commit/d83285fd2e48fb075780ee95badee6f5a15ea7f8,h2database/h2database,github issue,https://github.com/h2database/h2database/issues/3195,github issue,https://github.com/h2database/h2database/issues/3195,github issue,2021-10-22T07:07:50Z,https://api.github.com/repos/h2database/h2database/issues/3195,ok,,created_at
CVE-2018-8012,"NIFI-6578 - Upgraded zookeeper framework version. Some code changes required. This change also required a change to the embedded zookeeper.
- Updating tests to account for the new node /zookeeper/config
Upgraded Zookeeper and Curator versions for zookeeper migrator in toolkit. Updated tests to allow for new znode /zookeeper/config
- Added documentation changes to reflect changes to the zookeeper.properties file going foward.

This closes #3715.

Signed-off-by: Mark Payne <markap14@hotmail.com>",https://github.com/apache/nifi/pull/3715,contains links,https://github.com/apache/nifi/commit/282c271;https://github.com/apache/zookeeper/commit/8a06bd1ccef382461c7b0a63f2012f4aeac90753,apache/nifi,github pull request,https://github.com/apache/nifi/pull/3715,github pull request,https://github.com/apache/nifi/pull/3715,github pull request,2019-09-09T21:44:16Z,https://api.github.com/repos/apache/nifi/issues/3715,ok,,created_at
CVE-2021-38153,"MINOR: Use time constant algorithms when comparing passwords or keys (#10978)

Author: Randall Hauch <rhauch@gmail.com>
Reviewers: Manikumar Reddy <manikumar@confluent.io>, Rajini Sivaram <rajinisivaram@gmail.com>, Mickael Maison <mickael.maison@gmail.com>, Ismael Juma <ijuma@apache.org>",https://github.com/apache/kafka/pull/10978,contains links,https://github.com/apache/kafka/commit/3325342fecba56c2f5b28d60ca37605a7ebf420a,apache/kafka,github pull request,https://github.com/apache/kafka/pull/10978,github pull request,https://github.com/apache/kafka/pull/10978,github pull request,2021-07-06T15:49:15Z,https://api.github.com/repos/apache/kafka/issues/10978,ok,,created_at
CVE-2016-3093,"Merge pull request #12 from danielfernandez/cachekey

Improved performance of getter/setter method caching in OgnlRuntime",https://github.com/orphan-oss/ognl/pull/12,contains links,https://github.com/jkuhnert/ognl/commit/ae43073fbf38db8371ff4f8bf2a966ee3b5f7e92,jkuhnert/ognl,github pull request,https://github.com/orphan-oss/ognl/pull/12,github pull request,https://github.com/orphan-oss/ognl/pull/12,github pull request,2015-05-16T23:18:26Z,https://api.github.com/repos/orphan-oss/ognl/issues/12,ok,,created_at
CVE-2019-0233,"Minor follow-up changes to PR #371
- added some additional exclusions in struts-default.xml.
- added log warning that specifies the value of maxLength involved if
  applyExpressionMaxLength(maxLength) fails.
- added null guards to two handleOgnlException() methods that could
  result in an NPE with #371 changes (a null OgnlException parameter
  was permissible previously, correct or not).",https://github.com/apache/struts/pull/371,contains links,https://github.com/apache/struts/commit/e2b644a4fbe31f0898008c2938069ef04f0f9124,apache/struts,github pull request,https://github.com/apache/struts/pull/371,github pull request,https://github.com/apache/struts/pull/371,github pull request,2019-10-01T11:42:15Z,https://api.github.com/repos/apache/struts/issues/371,ok,,created_at
CVE-2021-36151,"[GOBBLIN-1392] Replacing unsafe File.createTempfile to java nio's Files.createTempFile

Closes #3230 from
treff7es/safe_temporary_file_creation",https://github.com/apache/gobblin/pull/3230,contains links,https://github.com/apache/gobblin/commit/520eca8938231494bddd5c477e07ec71c7da653f,apache/gobblin,github pull request,https://github.com/apache/gobblin/pull/3230,github pull request,https://github.com/apache/gobblin/pull/3230,github pull request,2021-02-19T16:13:22Z,https://api.github.com/repos/apache/gobblin/issues/3230,ok,,created_at
CVE-2021-26296,"Merge pull request #149 from bohmber/MYFACES-4373-master

prefer secureRandom over random",https://github.com/apache/myfaces/pull/149,contains links,https://github.com/apache/myfaces/commit/95cbf6cbdf1e5d389d9509b48a7203f91acb41a1,apache/myfaces,github pull request,https://github.com/apache/myfaces/pull/149,github pull request,https://github.com/apache/myfaces/pull/149,github pull request,2021-01-16T16:58:24Z,https://api.github.com/repos/apache/myfaces/issues/149,ok,,created_at
CVE-2016-6346,"[RESTEASY-1484] (#947)

Disable GZIP by default; impose maximum file size.

[RESTEASY-1484]

Handle GZIP compression on client and server.",https://github.com/resteasy/resteasy/pull/947,contains links,https://github.com/resteasy/Resteasy/commit/2c2daab6f63ef9c9fb08251daf4a62e8aadc94e1,resteasy/Resteasy,github pull request,https://github.com/resteasy/resteasy/pull/947,github pull request,https://github.com/resteasy/resteasy/pull/947,github pull request,2016-09-21T23:53:48Z,https://api.github.com/repos/resteasy/resteasy/issues/947,ok,,created_at
CVE-2017-8028,"Force reconnect with credentials on DefaultTlsDirContextAuthenticationStrategy

refs #430",https://github.com/spring-projects/spring-ldap/issues/430,contains links,https://github.com/spring-projects/spring-ldap/commit/08e8ae289bbd1b581986c7238604a147119c1336,spring-projects/spring-ldap,github issue,https://github.com/spring-projects/spring-ldap/issues/430,github issue,https://github.com/spring-projects/spring-ldap/issues/430,github issue,2016-11-18T13:56:48Z,https://api.github.com/repos/spring-projects/spring-ldap/issues/430,ok,,created_at
CVE-2018-1047,"Merge pull request #10748 from stuartwdouglas/WFLY-9620

WFLY-9620 ServletContext.getResourceAsStream, for deployments which h…",https://github.com/wildfly/wildfly/pull/10748,contains links,https://github.com/wildfly/wildfly/commit/735c77ce8b3bab6aa5072fb8575dc96db52d01ab,wildfly/wildfly,github pull request,https://github.com/wildfly/wildfly/pull/10748,github pull request,https://github.com/wildfly/wildfly/pull/10748,github pull request,2018-01-14T22:48:52Z,https://api.github.com/repos/wildfly/wildfly/issues/10748,ok,,created_at
CVE-2021-22113,"Fix request verification (#3969)

* Add tests reproducing the issue.

* Strip `'` from path for route search.

* Add information on contributing, community support and commercial support to project site.

* Add checking for ""#"". Add logging.

* Add test.

* Revert ""Add test.""

This reverts commit 81875849

* Revert ""Add checking for ""#"". Add logging.""

This reverts commit 0232945a

* Verify for urls.

* Verify for encoded and double-encoded Strings.

* Verify insecure paths with `..\` and '..//'. Add more tests.",https://github.com/spring-cloud/spring-cloud-netflix/pull/3969,contains links,https://github.com/spring-cloud/spring-cloud-netflix/commit/8ecb3dca511c3ce0454e42ac31ee2331d7318c07,spring-cloud/spring-cloud-netflix,github pull request,https://github.com/spring-cloud/spring-cloud-netflix/pull/3969,github pull request,https://github.com/spring-cloud/spring-cloud-netflix/pull/3969,github pull request,2021-02-11T10:40:26Z,https://api.github.com/repos/spring-cloud/spring-cloud-netflix/issues/3969,ok,,created_at
CVE-2020-11995,"Hessian2 whitelist (#6378) (#6415)

* Hessian2 whitelist (#6378)

fixes #6364

* Hessian whitelist2 (#6423)

* double check lock (#6422)

* Correction: comments about multipleConfig (#6414)

Co-authored-by: ken.lj <ken.lj.hz@gmail.com>
Co-authored-by: diguage <leejun119@gmail.com>
Co-authored-by: 月泉 <yuequan1997@gmail.com>",https://github.com/apache/dubbo/pull/6378; https://github.com/apache/dubbo/pull/6415; https://github.com/apache/dubbo/issues/6364; https://github.com/apache/dubbo/pull/6423; https://github.com/apache/dubbo/pull/6422; https://github.com/apache/dubbo/pull/6414,contains links,https://github.com/apache/dubbo/commit/d2e9baf380108950c48e0ab700ccdbf11dd753ab,apache/dubbo,github pull request,https://github.com/apache/dubbo/pull/6378,github pull request,https://github.com/apache/dubbo/pull/6378,github pull request,2020-06-28T14:25:39Z,https://api.github.com/repos/apache/dubbo/issues/6378,ok,,created_at
CVE-2018-1000531,Fixing issue #3 and adding tests to confirm.,https://github.com/FusionAuth/fusionauth-jwt/issues/3,contains links,https://github.com/inversoft/prime-jwt/commit/abb0d479389a2509f939452a6767dc424bb5e6ba,inversoft/prime-jwt,github issue,https://github.com/FusionAuth/fusionauth-jwt/issues/3,github issue,https://github.com/FusionAuth/fusionauth-jwt/issues/3,github issue,2018-05-02T13:11:59Z,https://api.github.com/repos/FusionAuth/fusionauth-jwt/issues/3,ok,,created_at
CVE-2021-28168,"switching to NIO tmp file creation approach (#4712)

Signed-off-by: Maxim Nesen <maxim.nesen@oracle.com>",https://github.com/eclipse-ee4j/jersey/pull/4712,contains links,https://github.com/eclipse-ee4j/jersey/commit/f3cadb38dcc5b20e515706fae68dce533ad6c737,eclipse-ee4j/jersey,github pull request,https://github.com/eclipse-ee4j/jersey/pull/4712,github pull request,https://github.com/eclipse-ee4j/jersey/pull/4712,github pull request,2021-02-03T08:59:02Z,https://api.github.com/repos/eclipse-ee4j/jersey/issues/4712,ok,,created_at
CVE-2020-11971,"Merge pull request #3692 from apache/CAMEL-14811

CAMEL-14811 - Remove JMX Connector configuration",https://github.com/apache/camel/pull/3692,contains links,https://github.com/apache/camel/commit/36b55f9cfa50a2056c70f98d66c29a95ddc724e1,apache/camel,github pull request,https://github.com/apache/camel/pull/3692,github pull request,https://github.com/apache/camel/pull/3692,github pull request,2020-03-30T12:17:10Z,https://api.github.com/repos/apache/camel/issues/3692,ok,,created_at
CVE-2018-1002200,"Merge pull request #87 from odinn1984/fix/fail_on_outside_target_files

fix: fail when trying to extract outside of dest dir",https://github.com/codehaus-plexus/plexus-archiver/pull/87,contains links,https://github.com/codehaus-plexus/plexus-archiver/commit/f8f4233508193b70df33759ae9dc6154d69c2ea8,codehaus-plexus/plexus-archiver,github pull request,https://github.com/codehaus-plexus/plexus-archiver/pull/87,github pull request,https://github.com/codehaus-plexus/plexus-archiver/pull/87,github pull request,2018-05-06T10:50:46Z,https://api.github.com/repos/codehaus-plexus/plexus-archiver/issues/87,ok,,created_at
CVE-2014-6439,"CORS: Disable by default

In order to deliver a more secure out-of-the-box configuration this commit
disables cross-origin resource sharing by default.

Closes #7151",https://github.com/elastic/elasticsearch/issues/7151,contains links,https://github.com/elastic/elasticsearch/commit/f9de8b65898509e038e33215db0720b508477a12,elastic/elasticsearch,github issue,https://github.com/elastic/elasticsearch/issues/7151,github issue,https://github.com/elastic/elasticsearch/issues/7151,github issue,2014-08-04T16:06:01Z,https://api.github.com/repos/elastic/elasticsearch/issues/7151,ok,,created_at
CVE-2018-1000125,"Fixes Issue #2, bug exists that allows a JWT to be decoded even when no signature is provided.",https://github.com/FusionAuth/fusionauth-jwt/issues/2,contains links,https://github.com/inversoft/prime-jwt/commit/0d94dcef0133d699f21d217e922564adbb83a227,inversoft/prime-jwt,github issue,https://github.com/FusionAuth/fusionauth-jwt/issues/2,github issue,https://github.com/FusionAuth/fusionauth-jwt/issues/2,github issue,2018-01-30T10:17:47Z,https://api.github.com/repos/FusionAuth/fusionauth-jwt/issues/2,ok,,created_at
CVE-2020-10688,"RESTEASY-2519 (#2320)

* RESTEASY-2519

* update",https://github.com/resteasy/resteasy/pull/2320,contains links,https://github.com/resteasy/Resteasy/commit/caef05ade16fd12c581cbc7177c191b87591757c,resteasy/Resteasy,github pull request,https://github.com/resteasy/resteasy/pull/2320,github pull request,https://github.com/resteasy/resteasy/pull/2320,github pull request,2020-03-11T13:25:26Z,https://api.github.com/repos/resteasy/resteasy/issues/2320,ok,,created_at
CVE-2017-15703,"NIFI-4353
- Added XmlUtils class.
- Added unit test.
- Added XXE test resource.
- Refactored JAXB unmarshalling globally to prevent XXE attacks.
- Refactored duplicated/legacy code.
- Cleaned up commented code.
- Switched from FileInputStream back to StreamSource in AuthorizerFactoryBean.
- This closes #2134",https://github.com/apache/nifi/pull/2134,contains links,https://github.com/apache/nifi/commit/9e2c7be7d3c6a380c5f61074d9a5a690b617c3dc,apache/nifi,github pull request,https://github.com/apache/nifi/pull/2134,github pull request,https://github.com/apache/nifi/pull/2134,github pull request,2017-09-07T19:04:56Z,https://api.github.com/repos/apache/nifi/issues/2134,ok,,created_at
CVE-2018-1114,"UNDERTOW-1338 File descriptor leak cause JarURLConnection.getLastModi… (#638)

UNDERTOW-1337 File descriptor leak cause JarURLConnection.getLastModified()",https://github.com/undertow-io/undertow/pull/638,contains links,https://github.com/undertow-io/undertow/commit/7f22aa0090296eb00280f878e3731bb71d40f9e;https://github.com/undertow-io/undertow/commit/882d5884f2614944a0c2ae69bafd9d13bfc5b64,undertow-io/undertow,github pull request,https://github.com/undertow-io/undertow/pull/638,github pull request,https://github.com/undertow-io/undertow/pull/638,github pull request,2018-04-21T13:13:57Z,https://api.github.com/repos/undertow-io/undertow/issues/638,ok,,created_at
CVE-2019-16942,More clean up after #2478,https://github.com/FasterXML/jackson-databind/issues/2478,contains links,https://github.com/FasterXML/jackson-databind/commit/54aa38d87dcffa5ccc23e64922e9536c82c1b9c8,FasterXML/jackson-databind,github issue,https://github.com/FasterXML/jackson-databind/issues/2478,github issue,https://github.com/FasterXML/jackson-databind/issues/2478,github issue,2019-09-27T15:44:21Z,https://api.github.com/repos/FasterXML/jackson-databind/issues/2478,ok,,created_at
CVE-2020-1963,"IGNITE-12790 Introduce distributed SQL configuration and ability to disable SQL functions. (#7593)

(cherry picked from commit a65e51c9148cd765f3a58b956e4e0e08ddc7a201)",https://github.com/apache/ignite/pull/7593,contains links,https://github.com/apache/ignite/commit/02b0439639a9dab264cdb3ed4081c231e0079c13,apache/ignite,github pull request,https://github.com/apache/ignite/pull/7593,github pull request,https://github.com/apache/ignite/pull/7593,github pull request,2020-03-31T15:01:55Z,https://api.github.com/repos/apache/ignite/issues/7593,ok,,created_at
CVE-2018-1000820,Fixes #931 (#962),https://github.com/neo4j-contrib/neo4j-apoc-procedures/issues/931; https://github.com/neo4j-contrib/neo4j-apoc-procedures/pull/962,contains links,https://github.com/neo4j-contrib/neo4j-apoc-procedures/commit/45bc09c8bd7f17283e2a7e85ce3f02cb4be4fd1a;https://github.com/neo4j-contrib/neo4j-apoc-procedures/commit/e04325c48663994af0bab69a551ad64be2219708,neo4j-contrib/neo4j-apoc-procedures,github issue,https://github.com/neo4j-contrib/neo4j-apoc-procedures/issues/931,github issue,https://github.com/neo4j-contrib/neo4j-apoc-procedures/issues/931,github issue,2018-09-29T09:24:23Z,https://api.github.com/repos/neo4j-contrib/neo4j-apoc-procedures/issues/931,ok,,created_at
CVE-2020-7647,asset: path traversal fix #1639,https://github.com/jooby-project/jooby/issues/1639,contains links,https://github.com/jooby-project/jooby/commit/34f526028e6cd0652125baa33936ffb6a8a4a009,jooby-project/jooby,github issue,https://github.com/jooby-project/jooby/issues/1639,github issue,https://github.com/jooby-project/jooby/issues/1639,github issue,2020-04-13T20:48:27Z,https://api.github.com/repos/jooby-project/jooby/issues/1639,ok,,created_at
CVE-2021-22160,"Disallow parsing of token with none signature in authenticateToken (#9172)

Signed-off-by: Zixuan Liu <nodeces@gmail.com>

### Motivation

If Apache Pulsar is configured to authenticate clients using tokens based on JSON Web Tokens (JWT), the signature of the token is not validated if the algorithm of the presented token is set to ""none"". This allows an attacker to connect to Pulsar instances as any user (incl. admins).

### Modifications

- using `parseClaimsJws` instead of `parse`

`parseClaimsJws` can guarantees the correct security model for parsing signed JWTs.


(cherry picked from commit 71bc84164610ff15ff7c5747f923d09b57787e0a)",https://github.com/apache/pulsar/pull/9172,contains links,https://github.com/apache/pulsar/commit/bdd062b4d822ab4487472af4a1561a51ce42900c,apache/pulsar,github pull request,https://github.com/apache/pulsar/pull/9172,github pull request,https://github.com/apache/pulsar/pull/9172,github pull request,2021-01-11T09:50:02Z,https://api.github.com/repos/apache/pulsar/issues/9172,ok,,created_at
CVE-2019-10241,"Issue #3319 - Refactoring DefaultServlet Index/Listing

+ Now generates valid HTML5
+ Now allows column sort

Signed-off-by: Joakim Erdfelt <joakim.erdfelt@gmail.com>",https://github.com/jetty/jetty.project/issues/3319,contains links,https://github.com/eclipse/jetty.project/commit/ca77bd384a2970cabbbdab25cf6251c6fb76cd21,eclipse/jetty.project,github issue,https://github.com/jetty/jetty.project/issues/3319,github issue,https://github.com/jetty/jetty.project/issues/3319,github issue,2019-02-04T10:34:05Z,https://api.github.com/repos/jetty/jetty.project/issues/3319,ok,,created_at
CVE-2017-7556,Fixes #2374 Incorrect header in CORSFilter,https://github.com/hawtio/hawtio/issues/2374,contains links,https://github.com/hawtio/hawtio/commit/7790c85b1750e0dc01e70fe9dc8e6fa70ac4be15,hawtio/hawtio,github issue,https://github.com/hawtio/hawtio/issues/2374,github issue,https://github.com/hawtio/hawtio/issues/2374,github issue,2017-08-16T12:30:30Z,https://api.github.com/repos/hawtio/hawtio/issues/2374,ok,,created_at
CVE-2019-10247,"Issue #3555 - Applying more changes from review

Signed-off-by: Joakim Erdfelt <joakim.erdfelt@gmail.com>",https://github.com/jetty/jetty.project/issues/3555,contains links,https://github.com/eclipse/jetty.project/commit/b0f72a87d5b35ff0a814143fb1725f7c6fc4e0d7;https://github.com/eclipse/jetty.project/commit/7746c83ad6c4f71ceb60e6ed29d3411a09d0e9db,eclipse/jetty.project,github issue,https://github.com/jetty/jetty.project/issues/3555,github issue,https://github.com/jetty/jetty.project/issues/3555,github issue,2019-04-15T22:57:24Z,https://api.github.com/repos/jetty/jetty.project/issues/3555,ok,,created_at
CVE-2017-1000208,"Merge pull request #481 from mmosemmle/parser_change

parser change.",https://github.com/swagger-api/swagger-parser/pull/481,contains links,https://github.com/swagger-api/swagger-parser/commit/98f620c5622b0852958e01562c25988e57d80252,swagger-api/swagger-parser,github pull request,https://github.com/swagger-api/swagger-parser/pull/481,github pull request,https://github.com/swagger-api/swagger-parser/pull/481,github pull request,2017-07-14T16:20:30Z,https://api.github.com/repos/swagger-api/swagger-parser/issues/481,ok,,created_at
CVE-2019-3894,"Merge pull request #12159 from emmartins/WFLY-11846

[WFLY-11846] prevent new managed threads inheriting app's thread acc",https://github.com/wildfly/wildfly/pull/12159,contains links,https://github.com/wildfly/wildfly/commit/84975f8a4dd5f243c7ff5122c0d36783b116a0d7,wildfly/wildfly,github pull request,https://github.com/wildfly/wildfly/pull/12159,github pull request,https://github.com/wildfly/wildfly/pull/12159,github pull request,2019-03-15T03:07:53Z,https://api.github.com/repos/wildfly/wildfly/issues/12159,ok,,created_at
CVE-2019-11777,"Issue #506 - Honouring result of HostnameVerifier

Signed-off-by: James Sutton <james.sutton@uk.ibm.com>",https://github.com/eclipse-paho/paho.mqtt.java/issues/506,contains links,https://github.com/eclipse/paho.mqtt.java/commit/a0bbf1e7da158ae191582f032343c6171e6a0b44,eclipse/paho.mqtt.java,github issue,https://github.com/eclipse-paho/paho.mqtt.java/issues/506,github issue,https://github.com/eclipse-paho/paho.mqtt.java/issues/506,github issue,2018-03-24T11:30:01Z,https://api.github.com/repos/eclipse-paho/paho.mqtt.java/issues/506,ok,,created_at
CVE-2021-45046,"LOG4J2-3211 - Remove Messge Lookups (#623)

* Remove Messge Lookups

* Log a message that the option is no longer supported

* LOG4J2-3211 - Log a message. Update doc

* Add changes.xml entry. Don't limit visibility of LOGGER",https://github.com/apache/logging-log4j2/pull/623,contains links,https://github.com/apache/logging-log4j2/commit/27972043b76c9645476f561c5adc483dec6d3f5d,apache/logging-log4j2,github pull request,https://github.com/apache/logging-log4j2/pull/623,github pull request,https://github.com/apache/logging-log4j2/pull/623,github pull request,2021-12-13T03:22:25Z,https://api.github.com/repos/apache/logging-log4j2/issues/623,ok,,created_at
CVE-2021-33604,"fix: check if Url contains directory change in Dev Mode (#9392)

Checks whether the Url contains a directory change and a double encoding in Dev Mode. Returns 403 Forbidden immediately and skip the request handling, if does.",https://github.com/vaadin/flow/pull/9392,contains links,https://github.com/vaadin/flow/commit/19fe3864f9d1567c5ac7a211189986ac093e781f,vaadin/flow,github pull request,https://github.com/vaadin/flow/pull/9392,github pull request,https://github.com/vaadin/flow/pull/9392,github pull request,2020-11-12T19:59:40Z,https://api.github.com/repos/vaadin/flow/issues/9392,ok,,created_at
CVE-2021-25640,ignore '#' when parsing url (#7114),https://github.com/apache/dubbo/pull/7114,contains links,https://github.com/apache/dubbo/commit/d5c0cf82715e15b8064a841d25856b73f243d3cd,apache/dubbo,github pull request,https://github.com/apache/dubbo/pull/7114,github pull request,https://github.com/apache/dubbo/pull/7114,github pull request,2021-01-20T06:41:54Z,https://api.github.com/repos/apache/dubbo/issues/7114,ok,,created_at
CVE-2020-36319,[Security Fix]Use Vaadin's own ObjectMapper instead of the one from Spring (#8016),https://github.com/vaadin/flow/pull/8016,contains links,https://github.com/vaadin/flow/commit/7222c96b1c5da51e56061cc5ae6d32f9a5876bc3,vaadin/flow,github pull request,https://github.com/vaadin/flow/pull/8016,github pull request,https://github.com/vaadin/flow/pull/8016,github pull request,2020-04-07T14:10:21Z,https://api.github.com/repos/vaadin/flow/issues/8016,ok,,created_at
CVE-2020-11612,"Allow a limit to be set on the decompressed buffer size for ZlibDecoders (#9924)


Motivation:
It is impossible to know in advance how much memory will be needed to
decompress a stream of bytes that was compressed using the DEFLATE
algorithm. In theory, up to 1032 times the compressed size could be
needed. For untrusted input, an attacker could exploit this to exhaust
the memory pool.

Modifications:
ZlibDecoder and its subclasses now support an optional limit on the size
of the decompressed buffer. By default, if the limit is reached,
decompression stops and a DecompressionException is thrown. Behavior
upon reaching the limit is modifiable by subclasses in case they desire
something else.

Result:
The decompressed buffer can now be limited to a configurable size, thus
mitigating the possibility of memory pool exhaustion.",https://github.com/netty/netty/pull/9924,contains links,https://github.com/netty/netty/commit/1543218d3e7afcb33a90b728b14370395a3deca0,netty/netty,github pull request,https://github.com/netty/netty/pull/9924,github pull request,https://github.com/netty/netty/pull/9924,github pull request,2020-01-07T19:28:51Z,https://api.github.com/repos/netty/netty/issues/9924,ok,,created_at
CVE-2020-1928,"NIFI-7023 This closes #3991. Removed SLF4J and Log4J transitive dependencies from Zookeeper so tests log correctly.
Changed template handling.
Added unit tests.

Signed-off-by: Joe Witt <joewitt@apache.org>",https://github.com/apache/nifi/pull/3991,contains links,https://github.com/apache/nifi/commit/34f2a592df8996b5f9e65039a35ecd8c31417fbd,apache/nifi,github pull request,https://github.com/apache/nifi/pull/3991,github pull request,https://github.com/apache/nifi/pull/3991,github pull request,2020-01-16T17:45:36Z,https://api.github.com/repos/apache/nifi/issues/3991,ok,,created_at
CVE-2017-2582,"Merge pull request #3715 from hmlnarik/KEYCLOAK-4160

KEYCLOAK-4160",https://github.com/keycloak/keycloak/pull/3715,contains links,https://github.com/keycloak/keycloak/commit/8a02ef18597e5929517d702238b09ae780eaf421;https://github.com/keycloak/keycloak/commit/0cb5ba0f6e83162d221681f47b470c3042eef237,keycloak/keycloak,github pull request,https://github.com/keycloak/keycloak/pull/3715,github pull request,https://github.com/keycloak/keycloak/pull/3715,github pull request,2017-01-05T13:17:45Z,https://api.github.com/repos/keycloak/keycloak/issues/3715,ok,,created_at
CVE-2017-17485,Fix 1/3 of #1855,https://github.com/FasterXML/jackson-databind/issues/1855,contains links,https://github.com/FasterXML/jackson-databind/commit/f031f27a31625d07922bdd090664c69544200a5d;https://github.com/FasterXML/jackson-databind/commit/bb45fb16709018842f858f1a6e1118676aaa34bd;https://github.com/FasterXML/jackson-databind/commit/978798382ceb72229e5036aa1442943933d6d171;https://github.com/FasterXML/jackson-databind/commit/2235894210c75f624a3d0cd60bfb0434a20a18bf,FasterXML/jackson-databind,github issue,https://github.com/FasterXML/jackson-databind/issues/1855,github issue,https://github.com/FasterXML/jackson-databind/issues/1855,github issue,2017-12-12T06:24:38Z,https://api.github.com/repos/FasterXML/jackson-databind/issues/1855,ok,,created_at
CVE-2018-14627,"Merge pull request #10675 from tadamski/WFLY-9107

[WFLY-9107] IIOP security configuration and tests refactor",https://github.com/wildfly/wildfly/pull/10675,contains links,https://github.com/wildfly/wildfly/commit/883115ea2168343e870745f538a80b1ddc360914,wildfly/wildfly,github pull request,https://github.com/wildfly/wildfly/pull/10675,github pull request,https://github.com/wildfly/wildfly/pull/10675,github pull request,2017-11-25T18:48:40Z,https://api.github.com/repos/wildfly/wildfly/issues/10675,ok,,created_at
CVE-2015-4165,"Snapshot/Restore: fix FSRepository location configuration

Closes #11068",https://github.com/elastic/elasticsearch/issues/11068,contains links,https://github.com/elastic/elasticsearch/commit/f5cfb2a1869d1a52930cbd3138278a6e2c1b22e6,elastic/elasticsearch,github issue,https://github.com/elastic/elasticsearch/issues/11068,github issue,https://github.com/elastic/elasticsearch/issues/11068,github issue,2015-05-08T18:35:58Z,https://api.github.com/repos/elastic/elasticsearch/issues/11068,ok,,created_at
CVE-2018-18240,"Fix 458 (#470)

Thanks! I will come with small changes after merge.",https://github.com/pippo-java/pippo/pull/470,contains links,https://github.com/pippo-java/pippo/commit/c6b26551a82d2dd32097fcb17c13c3b830916296,pippo-java/pippo,github pull request,https://github.com/pippo-java/pippo/pull/470,github pull request,https://github.com/pippo-java/pippo/pull/470,github pull request,2018-10-25T19:29:56Z,https://api.github.com/repos/pippo-java/pippo/issues/470,ok,,created_at
CVE-2021-21351,Fix possibility to process references on enum types at deserialization. Closes #238.,https://github.com/x-stream/xstream/issues/238,contains links,https://github.com/x-stream/xstream/commit/15f2cd3364795eab785166f6f36f9a91e951373f,x-stream/xstream,github issue,https://github.com/x-stream/xstream/issues/238,github issue,https://github.com/x-stream/xstream/issues/238,github issue,2021-01-05T22:45:58Z,https://api.github.com/repos/x-stream/xstream/issues/238,ok,,created_at
CVE-2020-27216,"Merge pull request #5453 from eclipse/jetty-9.4.x-5451-general-tempdir-cleanup

Issue #5451 - Cleanup of temp file usages.",https://github.com/jetty/jetty.project/pull/5453; https://github.com/jetty/jetty.project/issues/5451,contains links,https://github.com/eclipse/jetty.project/commit/820c79ba5b68ece9d17d5af72284ed35179e0b79,eclipse/jetty.project,github pull request,https://github.com/jetty/jetty.project/pull/5453,github pull request,https://github.com/jetty/jetty.project/pull/5453,github pull request,2020-10-15T23:12:02Z,https://api.github.com/repos/jetty/jetty.project/issues/5453,ok,,created_at
CVE-2019-9827,Fix #2254 - Apply whitelist host protection to ProxyServlet,https://github.com/hawtio/hawtio/issues/2254,contains links,https://github.com/hawtio/hawtio/commit/503ed37b05a732fbb4e8c15b8b7881ef5009008d,hawtio/hawtio,github issue,https://github.com/hawtio/hawtio/issues/2254,github issue,https://github.com/hawtio/hawtio/issues/2254,github issue,2017-01-17T00:44:02Z,https://api.github.com/repos/hawtio/hawtio/issues/2254,ok,,created_at
CVE-2019-16869,"Correctly handle whitespaces in HTTP header names as defined by RFC7230#section-3.2.4 (#9585)

Motivation:

When parsing HTTP headers special care needs to be taken when a whitespace is detected in the header name.

Modifications:

- Ignore whitespace when decoding response (just like before)
- Throw exception when whitespace is detected during parsing
- Add unit tests

Result:

Fixes https://github.com/netty/netty/issues/9571",https://github.com/netty/netty/pull/9585; https://github.com/netty/netty/issues/9571,contains links,https://github.com/netty/netty/commit/39cafcb05c99f2aa9fce7e6597664c9ed6a63a95,netty/netty,github pull request,https://github.com/netty/netty/pull/9585,github pull request,https://github.com/netty/netty/pull/9585,github pull request,2019-09-20T07:09:48Z,https://api.github.com/repos/netty/netty/issues/9585,ok,,created_at
CVE-2018-18628,"Fix 458 (#470)

Thanks! I will come with small changes after merge.",https://github.com/pippo-java/pippo/pull/470,contains links,https://github.com/pippo-java/pippo/commit/c6b26551a82d2dd32097fcb17c13c3b830916296,pippo-java/pippo,github pull request,https://github.com/pippo-java/pippo/pull/470,github pull request,https://github.com/pippo-java/pippo/pull/470,github pull request,2018-10-25T19:29:56Z,https://api.github.com/repos/pippo-java/pippo/issues/470,ok,,created_at
CVE-2020-13936,"Merge pull request #16 from wglasshusain/VELOCITY-931-update-secure-classlist

Velocity 931 update secure classlist",https://github.com/apache/velocity-engine/pull/16,contains links,https://github.com/apache/velocity-engine/commit/f355cec739d4e705e541a149ff2d8806ed565401,apache/velocity-engine,github pull request,https://github.com/apache/velocity-engine/pull/16,github pull request,https://github.com/apache/velocity-engine/pull/16,github pull request,2020-08-05T18:59:31Z,https://api.github.com/repos/apache/velocity-engine/issues/16,ok,,created_at
CVE-2017-12630,"DRILL-5766: Fix XSS vulnerabilities in Drill

1. Bumped up freemarker version to 2.3.26-incubating.
2. Indicated default output format in Freemarker configuration (HTML).
3. Fixed Web UI bugs listed in DRILL-5346, DRILL-5341, DRILL-5339, DRILL-5338.

closes #935",https://github.com/apache/drill/pull/935,contains links,https://github.com/apache/drill/commit/c7c8ffd6f5e1b8f4677f9e95c317482d929a1bb5,apache/drill,github pull request,https://github.com/apache/drill/pull/935,github pull request,https://github.com/apache/drill/pull/935,github pull request,2017-09-07T14:13:34Z,https://api.github.com/repos/apache/drill/issues/935,ok,,created_at
CVE-2020-1933,"NIFI-7023 This closes #3991. Removed SLF4J and Log4J transitive dependencies from Zookeeper so tests log correctly.
Changed template handling.
Added unit tests.

Signed-off-by: Joe Witt <joewitt@apache.org>",https://github.com/apache/nifi/pull/3991,contains links,https://github.com/apache/nifi/commit/34f2a59,apache/nifi,github pull request,https://github.com/apache/nifi/pull/3991,github pull request,https://github.com/apache/nifi/pull/3991,github pull request,2020-01-16T17:45:36Z,https://api.github.com/repos/apache/nifi/issues/3991,ok,,created_at
CVE-2020-13933,"Merge pull request #223 from bmhm/SHIRO-766

[SHIRO-766] ignore exception on invalid cookies.",https://github.com/apache/shiro/pull/223,contains links,https://github.com/apache/shiro/commit/83d8dacd273c8f6d70e6b1aa4f240d4f7a408c27,apache/shiro,github pull request,https://github.com/apache/shiro/pull/223,github pull request,https://github.com/apache/shiro/pull/223,github pull request,2020-05-05T14:31:27Z,https://api.github.com/repos/apache/shiro/issues/223,ok,,created_at
CVE-2017-14063,"Don't be tricked by anchors containing a question mark, close #1455

Motivation:

AHC can be tricked into connecting to a different host.

Modification:

* Make sure we don’t interpret `?` in the anchor as the beginning of
the query and the end of the path.
* Update tests to check org.asynchttpclient.uri.Uri returns the same
results as java.net.URI.

Result:

AHC no longer tricked by anchors containing question mark.",https://github.com/AsyncHttpClient/async-http-client/issues/1455,contains links,https://github.com/AsyncHttpClient/async-http-client/commit/e9f12b29725c567cdb4de98b3302a61ca9d41280;https://github.com/AsyncHttpClient/async-http-client/commit/eb9e3347e45319be494db24d285a2aee4396f5d3,AsyncHttpClient/async-http-client,github issue,https://github.com/AsyncHttpClient/async-http-client/issues/1455,github issue,https://github.com/AsyncHttpClient/async-http-client/issues/1455,github issue,2017-08-28T08:43:49Z,https://api.github.com/repos/AsyncHttpClient/async-http-client/issues/1455,ok,,created_at
CVE-2021-31411,"fix: Compare file content from stream (#10640)

Compare jar file content and existing target file content before writing to disk.",https://github.com/vaadin/flow/pull/10640,contains links,https://github.com/vaadin/flow/commit/e9ceac295812018b0d654ce897de6e98b8571255,vaadin/flow,github pull request,https://github.com/vaadin/flow/pull/10640,github pull request,https://github.com/vaadin/flow/pull/10640,github pull request,2021-04-14T11:21:53Z,https://api.github.com/repos/vaadin/flow/issues/10640,ok,,created_at
CVE-2020-27218,"Issue #5605 unconsumed input on sendError (#5637)

* Issue #5605 unconsumed input on sendError

Add Connection:close if content can't be consumed during a sendError. Processed after the request has returned to the container.

Signed-off-by: Greg Wilkins <gregw@webtide.com>

* Update from review

 + Add close on all uncommitted requests when content cannot be consumed.

* Update from review

 + fixed comment
 + space comma

* Only consume input in COMPLETE if response is >=200 (ie not an upgrade or similar)

* Updated to be less adventurous

I do not think it was valid to always consumeAll in COMPLETE as this could break upgrades with both 101s and 200s
Instead I have reverted to having this consumeAll logic only:
 + in sendError once control has passed back to the container and we are about to generate an error page.
 + in front of all the sendRedirection that we do without calling the application first.

Extra tests also added

* Updated to be less adventurous

reverted test

* Testcase for odd sendError(400) issue.

Signed-off-by: Joakim Erdfelt <joakim.erdfelt@gmail.com>

* Fix for odd sendError(400) issue.

Signed-off-by: Simone Bordet <simone.bordet@gmail.com>

* Testcase for odd sendError(400) issue.

Signed-off-by: Joakim Erdfelt <joakim.erdfelt@gmail.com>

* Always try to consumeAll on all requests

* Refinements after testing in 10

* Refinements after testing in 10

Fixed test

* Fixed comment from review

* Updates from review

+ added redirect methods that consumeAll
+ ensureContentConsumedOrConnectionClose renamed to ensureConsumeAllOrNotPersistent
+ ensureConsumeAllOrNotPersistent now handles HTTP/1.0 and HTTP/1.1 differently

* better consumeAll implementation

* update from review

 + better javadoc
 + filter out keep-alive
 + added more tests

* update from review

 + better javadoc

* update from review

 + fixed form redirection test for http 1.0 and 1.1

* update from review

 + HttpGenerator removes keep-alive if close present
 + Use isRedirection

Co-authored-by: Joakim Erdfelt <joakim.erdfelt@gmail.com>
Co-authored-by: Simone Bordet <simone.bordet@gmail.com>",https://github.com/jetty/jetty.project/issues/5605; https://github.com/jetty/jetty.project/pull/5637,contains links,https://github.com/eclipse/jetty.project/commit/14f94f738df5adf68549749d01d4f9d97ea51452,eclipse/jetty.project,github issue,https://github.com/jetty/jetty.project/issues/5605,github issue,https://github.com/jetty/jetty.project/issues/5605,github issue,2020-11-09T20:46:26Z,https://api.github.com/repos/jetty/jetty.project/issues/5605,ok,,created_at
CVE-2021-31684,"Merge pull request #68 from pcy190/master

Fix ArrayIndexOutOfBoundsException",https://github.com/netplex/json-smart-v2/pull/68,contains links,https://github.com/netplex/json-smart-v2/commit/21dad441f96863d41ad53a28c48478b9ef2ce1a7,netplex/json-smart-v2,github pull request,https://github.com/netplex/json-smart-v2/pull/68,github pull request,https://github.com/netplex/json-smart-v2/pull/68,github pull request,2021-04-16T03:23:55Z,https://api.github.com/repos/netplex/json-smart-v2/issues/68,ok,,created_at
CVE-2018-1000644,"Merge pull request #1146 from eclipse/issues/GH-1158-xxe-vulnerability

Fix #1056 xxe vulnerability",https://github.com/eclipse-rdf4j/rdf4j/pull/1146; https://github.com/eclipse-rdf4j/rdf4j/issues/1056,contains links,https://github.com/eclipse/rdf4j/commit/50f2f51950227a4ec595a2922d81da487aba5135,eclipse/rdf4j,github pull request,https://github.com/eclipse-rdf4j/rdf4j/pull/1146,github pull request,https://github.com/eclipse-rdf4j/rdf4j/pull/1146,github pull request,2018-10-25T00:29:24Z,https://api.github.com/repos/eclipse-rdf4j/rdf4j/issues/1146,ok,,created_at
CVE-2016-2402,"Don't build a trust root index on Android.

We can just cheat and use reflection to use Conscrypt's trust root index
directly. This results in a substantial savings in app startup - 500
milliseconds or more.

Closes: https://github.com/square/okhttp/issues/2321",https://github.com/square/okhttp/issues/2321,contains links,https://github.com/square/okhttp/commit/784fabac7d1586a5614bd4bc8854fd62850dbe26;https://github.com/square/okhttp/commit/3ccb46dd16b6ec98f70b0ee53eafe5ed6380891e,square/okhttp,github issue,https://github.com/square/okhttp/issues/2321,github issue,https://github.com/square/okhttp/issues/2321,github issue,2016-02-07T04:36:49Z,https://api.github.com/repos/square/okhttp/issues/2321,ok,,created_at
CVE-2018-12418,"make Archive slightly more robust against corrupt files.  Add (#8)

unit test file from Apache Tika.",https://github.com/junrar/junrar/pull/8,contains links,https://github.com/junrar/junrar/commit/ad8d0ba8e155630da8a1215cee3f253e0af45817,junrar/junrar,github pull request,https://github.com/junrar/junrar/pull/8,github pull request,https://github.com/junrar/junrar/pull/8,github pull request,2018-05-30T12:41:42Z,https://api.github.com/repos/junrar/junrar/issues/8,ok,,created_at
CVE-2020-5245,"Escape EL expressions in ViolationCollector (#3160)

Fixes #3153
Refs #3157
(cherry picked from commit d87d1e4f8e20f6494c0232bf8560c961b46db634)",https://github.com/dropwizard/dropwizard/pull/3160; https://github.com/dropwizard/dropwizard/issues/3153; https://github.com/dropwizard/dropwizard/pull/3157,contains links,https://github.com/dropwizard/dropwizard/commit/28479f743a9d0aab6d0e963fc07f3dd98e8c8236,dropwizard/dropwizard,github pull request,https://github.com/dropwizard/dropwizard/pull/3160,github pull request,https://github.com/dropwizard/dropwizard/pull/3160,github pull request,2020-02-20T01:44:15Z,https://api.github.com/repos/dropwizard/dropwizard/issues/3160,ok,,created_at
CVE-2021-38294,STORM-3802 allow adding system metrics reporters to all topologies (#3419),https://github.com/apache/storm/pull/3419,contains links,https://github.com/apache/storm/commit/30857b7d54ac7a91c42e0816cb0fbcdcd111e89f,apache/storm,github pull request,https://github.com/apache/storm/pull/3419,github pull request,https://github.com/apache/storm/pull/3419,github pull request,2021-10-22T14:57:49Z,https://api.github.com/repos/apache/storm/issues/3419,ok,,created_at
CVE-2018-12540,"Validate that X-XSRF-Token and X-XSRF-Token cookie are the same - fixes #970
(cherry picked from commit 482bc72)",https://github.com/vert-x3/vertx-web/issues/970,contains links,https://github.com/vert-x3/vertx-web/commit/f42b193b15a29b772fc576b2d0f2497e7474a7e;https://github.com/vert-x3/vertx-web/commit/98891b1d9e022b467a3e4674aca4d1889849b1d,vert-x3/vertx-web,github issue,https://github.com/vert-x3/vertx-web/issues/970,github issue,https://github.com/vert-x3/vertx-web/issues/970,github issue,2018-07-12T10:03:32Z,https://api.github.com/repos/vert-x3/vertx-web/issues/970,ok,,created_at
CVE-2019-10173,Prevent CVE-2013-7285 for XStream with uninitialized security framework. Closes #108.,https://github.com/x-stream/xstream/issues/108,contains links,https://github.com/x-stream/xstream/commit/f38a1da3ae9491930c2067c12cd2506738b21dab,x-stream/xstream,github issue,https://github.com/x-stream/xstream/issues/108,github issue,https://github.com/x-stream/xstream/issues/108,github issue,2018-02-20T19:18:11Z,https://api.github.com/repos/x-stream/xstream/issues/108,ok,,created_at
CVE-2020-28491,Fix eager allocation aspect of #186,https://github.com/FasterXML/jackson-dataformats-binary/issues/186,contains links,https://github.com/FasterXML/jackson-dataformats-binary/commit/de072d314af8f5f269c8abec6930652af67bc8e6,FasterXML/jackson-dataformats-binary,github issue,https://github.com/FasterXML/jackson-dataformats-binary/issues/186,github issue,https://github.com/FasterXML/jackson-dataformats-binary/issues/186,github issue,2019-10-17T01:59:37Z,https://api.github.com/repos/FasterXML/jackson-dataformats-binary/issues/186,ok,,created_at
CVE-2022-0839,"Merge pull request #2384 from liquibase/enable_xml_secure_processing

Enable FEATURE_SECURE_PROCESSING XML setting by default",https://github.com/liquibase/liquibase/pull/2384,contains links,https://github.com/liquibase/liquibase/commit/d60de3f18acba5423b60d09ee40df44103a07295,liquibase/liquibase,github pull request,https://github.com/liquibase/liquibase/pull/2384,github pull request,https://github.com/liquibase/liquibase/pull/2384,github pull request,2022-01-19T20:09:28Z,https://api.github.com/repos/liquibase/liquibase/issues/2384,ok,,created_at
CVE-2022-23221,"Merge pull request #3342 from katzyn/jdbc

Return DatabaseMetaData.tableIndexOther for regular indexes",https://github.com/h2database/h2database/pull/3342,contains links,https://github.com/h2database/h2database/commit/2b55a66bac49fb3be540e322f27dfbd550f06b9c,h2database/h2database,github pull request,https://github.com/h2database/h2database/pull/3342,github pull request,https://github.com/h2database/h2database/pull/3342,github pull request,2022-01-06T16:20:34Z,https://api.github.com/repos/h2database/h2database/issues/3342,ok,,created_at
CVE-2021-44548,SOLR-15826: ResourceLoader should better respect allowed paths (#439),https://github.com/apache/solr/pull/439,contains links,https://github.com/apache/solr/commit/c1f916d532e9580f22c09b6ad746d4ea9bcc47a6,apache/solr,github pull request,https://github.com/apache/solr/pull/439,github pull request,https://github.com/apache/solr/pull/439,github pull request,2021-12-02T20:13:39Z,https://api.github.com/repos/apache/solr/issues/439,ok,,created_at
CVE-2018-12537,Http header CR / LF validation - fixes #2470,https://github.com/eclipse-vertx/vert.x/issues/2470,contains links,https://github.com/eclipse/vert.x/commit/1bb6445226c39a95e7d07ce3caaf56828e8aab72;https://github.com/eclipse-vertx/vert.x/commit/3a6512695a9d610687081eb13d2a1681151fd7fb,eclipse/vert.x,github issue,https://github.com/eclipse-vertx/vert.x/issues/2470,github issue,https://github.com/eclipse-vertx/vert.x/issues/2470,github issue,2018-05-23T10:31:39Z,https://api.github.com/repos/eclipse-vertx/vert.x/issues/2470,ok,,created_at
CVE-2018-12542,"CVE-2018-12542: The StaticHandler uses external input to construct a pathname that should be within a restricted directory, but it does not properly neutralize '\' (forward slashes) sequences that can resolve to a location that is outside of that directory when running on Windows Operating Systems. - fixes #1025",https://github.com/vert-x3/vertx-web/issues/1025,contains links,https://github.com/vert-x3/vertx-web/commit/57a65dce6f4c5aa5e3ce7288685e7f3447eb8f3b,vert-x3/vertx-web,github issue,https://github.com/vert-x3/vertx-web/issues/1025,github issue,https://github.com/vert-x3/vertx-web/issues/1025,github issue,2018-10-03T07:06:09Z,https://api.github.com/repos/vert-x3/vertx-web/issues/1025,ok,,created_at
CVE-2017-5637,"ZOOKEEPER-2693: DOS attack on wchp/wchc four letter words (4lw)

Similar as pull request 179, this PR introduces new property zookeeper.4lw.commands.whitelist to branch-3.4.
Unlike branch-3.5 where all 4lw (with few exceptions) is disabled by default, for branch-3.4 only ""wchp"" and ""wchc"" are disabled by default - since 4lw is widely used and there is no alternatives in branch-3.4 so we just disable the exploitable ones.

Author: Michael Han <hanm@apache.org>

Reviewers: Rakesh Radhakrishnan <rakeshr@apache.org>

Closes #183 from hanm/ZOOKEEPER-2693-br-3.4 and squashes the following commits:

d060ddc [Michael Han] update doc.
2ce4ebd [Michael Han] ZOOKEEPER-2693: DOS attack on wchp/wchc four letter words (4lw). Initial commit for branch-3.4.",https://github.com/apache/zookeeper/pull/183,contains links,https://github.com/apache/zookeeper/commit/835377f0e1cd215e791ed29c0bcff95e625f299c;https://github.com/apache/zookeeper/commit/0c49dd931c0d3c992975515d9f85ffc7fb68e551;https://github.com/apache/zookeeper/commit/5fe68506f217246c7ebd96803f9c78e13ec2f11a,apache/zookeeper,github pull request,https://github.com/apache/zookeeper/pull/183,github pull request,https://github.com/apache/zookeeper/pull/183,github pull request,2017-03-06T21:09:50Z,https://api.github.com/repos/apache/zookeeper/issues/183,ok,,created_at
CVE-2018-8015,"ORC-360. Add Java error checking on the types when reading.

Fixes #266

Signed-off-by: Owen O'Malley <omalley@apache.org>",https://github.com/apache/orc/pull/266,contains links,https://github.com/apache/orc/commit/d5018d309a8adc6b8e0567cb692a17371d16e108,apache/orc,github pull request,https://github.com/apache/orc/pull/266,github pull request,https://github.com/apache/orc/pull/266,github pull request,2018-05-07T16:21:17Z,https://api.github.com/repos/apache/orc/issues/266,ok,,created_at
CVE-2018-20000,"Merge pull request #1 from viqueen/secure-xml

secure xml",https://github.com/Bedework/bw-webdav/pull/1,contains links,https://github.com/Bedework/bw-webdav/commit/ccb87c2757bab531c53faf0637ee342a378caa7f,Bedework/bw-webdav,github pull request,https://github.com/Bedework/bw-webdav/pull/1,github pull request,https://github.com/Bedework/bw-webdav/pull/1,github pull request,2018-11-21T22:57:51Z,https://api.github.com/repos/Bedework/bw-webdav/issues/1,ok,,created_at
CVE-2018-12541,CVE-2018-12541: When a WebSocket upgrade has a body > 8192 send an appropriate response immediately and close the connection afterward. - fixes #2648,https://github.com/eclipse-vertx/vert.x/issues/2648,contains links,https://github.com/eclipse-vertx/vert.x/commit/269a583330695d1418a4f5578f7169350b2e1332,eclipse-vertx/vert.x,github issue,https://github.com/eclipse-vertx/vert.x/issues/2648,github issue,https://github.com/eclipse-vertx/vert.x/issues/2648,github issue,2018-10-03T07:02:03Z,https://api.github.com/repos/eclipse-vertx/vert.x/issues/2648,ok,,created_at
CVE-2019-6002,"Fix XSS on a search feature (#422)

Motivation:
XSS issue has been reported by LINE Security team.

Modification:
- Sanitize html on error notification message.
- Invalid search query returns `Bad Request` instead of Internal Server Error.
- Replace `jGitRepository` into `parent.name() + '/' + name`
  to prevent exposure of a full file system path on the error message.

Result:
- Fixes CVE-2019-6002",https://github.com/line/centraldogma/pull/422,contains links,https://github.com/line/centraldogma/commit/25fcbbd098f69236b115f27c6b6de6b4e44f3103,line/centraldogma,github pull request,https://github.com/line/centraldogma/pull/422,github pull request,https://github.com/line/centraldogma/pull/422,github pull request,2019-07-23T03:43:52Z,https://api.github.com/repos/line/centraldogma/issues/422,ok,,created_at
CVE-2021-32053,"Resolve weakness in history operation (#2642)

* Address DOS issue in History operation

* Work on history caching

* Add docs

* Add changelog

* Resolve test failures

* Test fixes

* Test fix

* Test fixes",https://github.com/hapifhir/hapi-fhir/pull/2642,contains links,https://github.com/hapifhir/hapi-fhir/commit/5a9f499fbf60cdcb4320b5774433ca6bc96cdfc5,hapifhir/hapi-fhir,github pull request,https://github.com/hapifhir/hapi-fhir/pull/2642,github pull request,https://github.com/hapifhir/hapi-fhir/pull/2642,github pull request,2021-05-06T14:30:26Z,https://api.github.com/repos/hapifhir/hapi-fhir/issues/2642,ok,,created_at
CVE-2020-25689,"Merge pull request #4308 from bstansberry/WFCORE-5105

[WFCORE-5105] Ensure that ProtocolConnectionUtils.connectSync cancels…",https://github.com/wildfly/wildfly-core/pull/4308,contains links,https://github.com/wildfly/wildfly-core/commit/5a8a65c2e3310fe0c0143581c677855516148215,wildfly/wildfly-core,github pull request,https://github.com/wildfly/wildfly-core/pull/4308,github pull request,https://github.com/wildfly/wildfly-core/pull/4308,github pull request,2020-08-28T18:08:49Z,https://api.github.com/repos/wildfly/wildfly-core/issues/4308,ok,,created_at
CVE-2019-17632,"Merge pull request #4335 from eclipse/jetty-9.4.x-improve-error-handler-output

Issue #4334 - Improve testing of ErrorHandler behavior",https://github.com/jetty/jetty.project/pull/4335; https://github.com/jetty/jetty.project/issues/4334,contains links,https://github.com/eclipse/jetty.project/commit/ba1fe2826d49c52f82b49bb32737a361519c0479;https://github.com/eclipse/jetty.project/commit/cf0df6e3ffdcd64d607a35488edb5b0b75350d33,eclipse/jetty.project,github pull request,https://github.com/jetty/jetty.project/pull/4335,github pull request,https://github.com/jetty/jetty.project/pull/4335,github pull request,2019-11-20T15:48:56Z,https://api.github.com/repos/jetty/jetty.project/issues/4335,ok,,created_at
CVE-2021-34797,"GEODE-9354: Extract and test ArgumentRedactorRegex (#6641) (#6750)

* Rename ArgumentRedactorJUnitTest to ArgumentRedactorTest.
* Reorganize and reformat ArgumentRedactor and its tests.
* Fix issues in regex found by new tests.

(cherry picked from commit 693e18c48d1c0e3601c517cb7c5493b54649dc10)",https://github.com/apache/geode/pull/6641; https://github.com/apache/geode/pull/6750,contains links,https://github.com/apache/geode/commit/085bf34fbb32e256c0a34195a4dcf430212f291f,apache/geode,github pull request,https://github.com/apache/geode/pull/6641,github pull request,https://github.com/apache/geode/pull/6641,github pull request,2021-06-24T16:55:50Z,https://api.github.com/repos/apache/geode/issues/6641,ok,,created_at
CVE-2019-17091,"Merge pull request #4567 from ruolli/Issue_4556

Fixes #4556 : HIGH-LEVEL VULNERABILITY WITHIN MOJARRA JSF V2.2",https://github.com/eclipse-ee4j/mojarra/pull/4567; https://github.com/eclipse-ee4j/mojarra/issues/4556,contains links,https://github.com/eclipse-ee4j/mojarra/commit/8f70f2bd024f00ecd5b3dcca45df73edda29dcee;https://github.com/eclipse-ee4j/mojarra/commit/a3fa9573789ed5e867c43ea38374f4dbd5a8f81f,eclipse-ee4j/mojarra,github pull request,https://github.com/eclipse-ee4j/mojarra/pull/4567,github pull request,https://github.com/eclipse-ee4j/mojarra/pull/4567,github pull request,2019-05-06T07:47:21Z,https://api.github.com/repos/eclipse-ee4j/mojarra/issues/4567,ok,,created_at
CVE-2021-43570,"Merge pull request #18 from starkbank/fix/x9.62-review

Fix point at infinity verification in signature and public key",https://github.com/starkbank/ecdsa-java/pull/18,contains links,https://github.com/starkbank/ecdsa-java/commit/f72e33114518680c4bbbc7fdc8760d944cb4856b,starkbank/ecdsa-java,github pull request,https://github.com/starkbank/ecdsa-java/pull/18,github pull request,https://github.com/starkbank/ecdsa-java/pull/18,github pull request,2021-11-09T18:49:20Z,https://api.github.com/repos/starkbank/ecdsa-java/issues/18,ok,,created_at
CVE-2018-12536,"Backport of issue #2560 fixes to jetty-9.3.x

Signed-off-by: Joakim Erdfelt <joakim.erdfelt@gmail.com>",https://github.com/jetty/jetty.project/issues/2560,contains links,https://github.com/eclipse/jetty.project/commit/53e8bc2a636707e896fd106fbee3596823c2cdc,eclipse/jetty.project,github issue,https://github.com/jetty/jetty.project/issues/2560,github issue,https://github.com/jetty/jetty.project/issues/2560,github issue,2018-05-22T15:20:16Z,https://api.github.com/repos/jetty/jetty.project/issues/2560,ok,,created_at
CVE-2021-23900,"escape tab characters (#22)

* escape tab characters

* Remove `if` in char escaping switch which is always covered by earlier cases.

Co-authored-by: david galindo <david.galindo@outlook.com>
Co-authored-by: Mike Samuel <mikesamuel@gmail.com>",https://github.com/OWASP/json-sanitizer/pull/22,contains links,https://github.com/OWASP/json-sanitizer/commit/f2c9858c02cf521dd05f2c6f8f9450f2e1343090;https://github.com/OWASP/json-sanitizer/commit/a37f594f7378a1c76b3283e0dab9e1ab1dc0247e,OWASP/json-sanitizer,github pull request,https://github.com/OWASP/json-sanitizer/pull/22,github pull request,https://github.com/OWASP/json-sanitizer/pull/22,github pull request,2020-06-09T14:00:35Z,https://api.github.com/repos/OWASP/json-sanitizer/issues/22,ok,,created_at
CVE-2021-28169,"Fixes #6263 - Review URI encoding in ConcatServlet & WelcomeFilter.

Review URI encoding in ConcatServlet & WelcomeFilter and improve testing.

Signed-off-by: Lachlan Roberts <lachlan@webtide.com>
Signed-off-by: Simone Bordet <simone.bordet@gmail.com>
Co-authored-by: Simone Bordet <simone.bordet@gmail.com>",https://github.com/jetty/jetty.project/issues/6263,contains links,https://github.com/eclipse/jetty.project/commit/f58dbedcd05b2aee43c8faa709ba2deaa4361036,eclipse/jetty.project,github issue,https://github.com/jetty/jetty.project/issues/6263,github issue,https://github.com/jetty/jetty.project/issues/6263,github issue,2021-05-12T11:43:49Z,https://api.github.com/repos/jetty/jetty.project/issues/6263,ok,,created_at
CVE-2014-3120,"Disable dynamic scripting by default

Closes #5853",https://github.com/elastic/elasticsearch/issues/5853,contains links,https://github.com/elastic/elasticsearch/commit/95bd04b2c7fd7387c7e3b3367361dcf9fe9f9d06,elastic/elasticsearch,github issue,https://github.com/elastic/elasticsearch/issues/5853,github issue,https://github.com/elastic/elasticsearch/issues/5853,github issue,2014-04-17T13:38:05Z,https://api.github.com/repos/elastic/elasticsearch/issues/5853,ok,,created_at
CVE-2019-15477,"Merge pull request #1368 from imeszaros/xss-fix

Avoiding possible XSS attack through the default error handler",https://github.com/jooby-project/jooby/pull/1368,contains links,https://github.com/jooby-project/jooby/commit/27b4af283de1a2c2a6b0530039b46eef75ddf655;https://github.com/jooby-project/jooby/commit/395dab7e80474ac0c2c32d81f61cda2c8331a46b;https://github.com/jooby-project/jooby/commit/34856a738829d8fedca4ed27bd6ff413af87186f,jooby-project/jooby,github pull request,https://github.com/jooby-project/jooby/pull/1368,github pull request,https://github.com/jooby-project/jooby/pull/1368,github pull request,2019-08-14T17:21:52Z,https://api.github.com/repos/jooby-project/jooby/issues/1368,ok,,created_at
CVE-2019-14837,KEYCLOAK-10780 Stop creating placeholder e-mails for service accounts (#228),https://github.com/keycloak/keycloak/pull/228,contains links,https://github.com/keycloak/keycloak/commit/9a7c1a91a59ab85e7f8889a505be04a71580777f,keycloak/keycloak,github pull request,https://github.com/keycloak/keycloak/pull/228,github pull request,https://github.com/keycloak/keycloak/pull/228,github pull request,2014-02-20T18:33:50Z,https://api.github.com/repos/keycloak/keycloak/issues/228,ok,,created_at
CVE-2013-7397,"Introduce acceptAnyCertificate config, defaulting to false, close #526, close #352",https://github.com/AsyncHttpClient/async-http-client/pull/526; https://github.com/AsyncHttpClient/async-http-client/issues/352,contains links,https://github.com/AsyncHttpClient/async-http-client/commit/df6ed70e86c8fc340ed75563e016c8baa94d7e72,AsyncHttpClient/async-http-client,github pull request,https://github.com/AsyncHttpClient/async-http-client/pull/526,github pull request,https://github.com/AsyncHttpClient/async-http-client/pull/526,github pull request,2014-04-08T00:56:03Z,https://api.github.com/repos/AsyncHttpClient/async-http-client/issues/526,ok,,created_at
CVE-2019-20444,"Detect missing colon when parsing http headers with no value (#9871)

Motivation:

Technical speaking its valid to have http headers with no values so we should support it. That said we need to detect if these are ""generated"" because of an ""invalid"" fold.

Modifications:

- Detect if a colon is missing when parsing headers.
- Add unit test

Result:

Fixes https://github.com/netty/netty/issues/9866",https://github.com/netty/netty/pull/9871; https://github.com/netty/netty/issues/9866,contains links,https://github.com/netty/netty/commit/745814b382e828c344aeff2ab4fd9530fbb7cdfe;https://github.com/netty/netty/commit/6ad40c8c17199299b75a04225da10ebda5b377f2,netty/netty,github pull request,https://github.com/netty/netty/pull/9871,github pull request,https://github.com/netty/netty/pull/9871,github pull request,2019-12-11T09:46:47Z,https://api.github.com/repos/netty/netty/issues/9871,ok,,created_at
CVE-2018-9159,"Fix for #981, patch 2 (#988)",https://github.com/perwendel/spark/issues/981; https://github.com/perwendel/spark/pull/988,contains links,https://github.com/perwendel/spark/commit/030e9d00125cbd1ad759668f85488aba1019c668;https://github.com/perwendel/spark/commit/a221a864db28eb736d36041df2fa6eb8839fc5cd,perwendel/spark,github issue,https://github.com/perwendel/spark/issues/981,github issue,https://github.com/perwendel/spark/issues/981,github issue,2018-02-25T05:25:55Z,https://api.github.com/repos/perwendel/spark/issues/981,ok,,created_at
CVE-2021-31407,"fix: avoid exposing ServletContext resources via StaticFileServer (#10269)

fix: avoid exposing ServletContext resources via StaticFileServer in OSGi

fixes #10260",https://github.com/vaadin/flow/pull/10269; https://github.com/vaadin/flow/issues/10260,contains links,https://github.com/vaadin/flow/commit/37e5a0ff0bb7365aa4485f2550fa6aa99f78974c,vaadin/flow,github pull request,https://github.com/vaadin/flow/pull/10269,github pull request,https://github.com/vaadin/flow/pull/10269,github pull request,2021-03-12T06:29:24Z,https://api.github.com/repos/vaadin/flow/issues/10269,ok,,created_at
CVE-2020-35217,"Merge pull request #1613 from vert-x3/issues/csrf-with-session-fix

Fixes CSRF when working along side sessions",https://github.com/vert-x3/vertx-web/pull/1613,contains links,https://github.com/vert-x3/vertx-web/commit/2f5eb8524c9b671c2e441a6ffacf2bb42e8fccd2,vert-x3/vertx-web,github pull request,https://github.com/vert-x3/vertx-web/pull/1613,github pull request,https://github.com/vert-x3/vertx-web/pull/1613,github pull request,2020-05-19T20:39:31Z,https://api.github.com/repos/vert-x3/vertx-web/issues/1613,ok,,created_at
CVE-2017-7656,"Issue #2529 RFC2616 vs RFC7230 cleanup

Signed-off-by: Greg Wilkins <gregw@webtide.com>",https://github.com/jetty/jetty.project/issues/2529,contains links,https://github.com/eclipse/jetty.project/commit/a285deea42fcab60d9edcf994e458c238a348b55,eclipse/jetty.project,github issue,https://github.com/jetty/jetty.project/issues/2529,github issue,https://github.com/jetty/jetty.project/issues/2529,github issue,2018-05-14T01:27:59Z,https://api.github.com/repos/jetty/jetty.project/issues/2529,ok,,created_at
CVE-2022-0265,Add helper method to XmlUtil to enable XXE protection in the SAXParserFactory and XMLInputFactory (#20407),https://github.com/hazelcast/hazelcast/pull/20407,contains links,https://github.com/hazelcast/hazelcast/commit/4d6b666cd0291abd618c3b95cdbb51aa4208e748,hazelcast/hazelcast,github pull request,https://github.com/hazelcast/hazelcast/pull/20407,github pull request,https://github.com/hazelcast/hazelcast/pull/20407,github pull request,2022-01-17T21:32:40Z,https://api.github.com/repos/hazelcast/hazelcast/issues/20407,ok,,created_at
CVE-2020-11002,"Disable message interpolation in ConstraintViolations by default (#3208)

Disable message interpolation in ConstraintViolations by default but allow enabling it explicitly with `SelfValidating#escapeExpressions()`.

Additionally, `ConstraintViolations` now provides a set of methods which take a map of message parameters for interpolation.
The message parameters will be escaped by default.

Refs #3153
Refs #3157",https://github.com/dropwizard/dropwizard/pull/3208; https://github.com/dropwizard/dropwizard/issues/3153; https://github.com/dropwizard/dropwizard/pull/3157,contains links,https://github.com/dropwizard/dropwizard/commit/d5a512f7abf965275f2a6b913ac4fe778e424242,dropwizard/dropwizard,github pull request,https://github.com/dropwizard/dropwizard/pull/3208,github pull request,https://github.com/dropwizard/dropwizard/pull/3208,github pull request,2020-03-26T08:14:03Z,https://api.github.com/repos/dropwizard/dropwizard/issues/3208,ok,,created_at
CVE-2020-7238,"Verify we do not receive multiple content-length headers or a content-length and transfer-encoding: chunked header when using HTTP/1.1 (#9865)

Motivation:

RFC7230 states that we should not accept multiple content-length headers and also should not accept a content-length header in combination with transfer-encoding: chunked

Modifications:

- Check for multiple content-length headers and if found mark message as invalid
- Check if we found a content-length header and also a transfer-encoding: chunked and if so mark the message as invalid
- Add unit test

Result:

Fixes https://github.com/netty/netty/issues/9861",https://github.com/netty/netty/pull/9865; https://github.com/netty/netty/issues/9861,contains links,https://github.com/netty/netty/commit/8494b046ec7e4f28dbd44bc699cc4c4c92251729,netty/netty,github pull request,https://github.com/netty/netty/pull/9865,github pull request,https://github.com/netty/netty/pull/9865,github pull request,2019-12-10T10:17:16Z,https://api.github.com/repos/netty/netty/issues/9865,ok,,created_at
CVE-2020-7692,"feat: add PKCE support to AuthorizationCodeFlow (#470)

* Initial test code for a PKCE enabled Authorization Code Flow

* WIP: work on README.md

* Script to initialize keycloak by adding client via REST API.

* Improve keycloak init script and some code cleanup. Still WIP.

* WIP: work on README.md

* Working PKCE AuthorizationCodeFlow. Some cleanup of test classes.

* Add scopes back to the AuthorizationCodeRequestUrl creation.

* Simplify code by moving PKCE entirely into the AuthorizationCodeFlow class. Add documentation.

* Remove wildcard imports as that seems to be the way to do things here.

* Add @since annotation in JavaDoc to the PKCE parameters of the autorization url class.

* Add PKCE unit test, documentation and minor cleanup of dependencies for code sample.

* Add PKCE unit test, documentation and minor cleanup of dependencies for code sample.

* Annotate PKCE with Beta annotation.

* Responding to code review comments

* Responding to more PR comments

* Improve Keycloak PKCE sample documentation

* Add license header with copyright to new files. Improve documentation.",https://github.com/googleapis/google-oauth-java-client/pull/470,contains links,https://github.com/googleapis/google-oauth-java-client/commit/13433cd7dd06267fc261f0b1d4764f8e3432c824,googleapis/google-oauth-java-client,github pull request,https://github.com/googleapis/google-oauth-java-client/pull/470,github pull request,https://github.com/googleapis/google-oauth-java-client/pull/470,github pull request,2020-05-29T17:10:27Z,https://api.github.com/repos/googleapis/google-oauth-java-client/issues/470,ok,,created_at
CVE-2014-0114,"BEANUTILS-520: Mitigate CVE-2014-0114 by enabling SuppressPropertiesBeanIntrospector.SUPPRESS_CLASS by default. (#7)

Squash and merge.",https://github.com/apache/commons-beanutils/pull/7,contains links,https://github.com/apache/commons-beanutils/commit/dd48f4e589462a8cdb1f29bbbccb35d6b0291d58,apache/commons-beanutils,github pull request,https://github.com/apache/commons-beanutils/pull/7,github pull request,https://github.com/apache/commons-beanutils/pull/7,github pull request,2019-05-23T00:48:36Z,https://api.github.com/repos/apache/commons-beanutils/issues/7,ok,,created_at
CVE-2020-36320,"Update regexp pattern to safer one (#12104)

Fixes: https://github.com/vaadin/framework/issues/7757",https://github.com/vaadin/framework/pull/12104; https://github.com/vaadin/framework/issues/7757,contains links,https://github.com/vaadin/framework/commit/17f5c1b6693892e00a4c2379d621043ef077f24e,vaadin/framework,github pull request,https://github.com/vaadin/framework/pull/12104,github pull request,https://github.com/vaadin/framework/pull/12104,github pull request,2020-09-14T05:17:53Z,https://api.github.com/repos/vaadin/framework/issues/12104,ok,,created_at
CVE-2013-5960,Close #306. Close #359,https://github.com/ESAPI/esapi-java-legacy/issues/306; https://github.com/ESAPI/esapi-java-legacy/issues/359,contains links,https://github.com/ESAPI/esapi-java-legacy/commit/b7cbc53f9cc967cf1a5a9463d8c6fef9ed6ef4f7,ESAPI/esapi-java-legacy,github issue,https://github.com/ESAPI/esapi-java-legacy/issues/306,github issue,https://github.com/ESAPI/esapi-java-legacy/issues/306,github issue,2014-11-13T18:26:41Z,https://api.github.com/repos/ESAPI/esapi-java-legacy/issues/306,ok,,created_at
CVE-2020-9487,"NIFI-7385 Provided reverse-indexed TokenCache implementation.
Cleaned up code style.
Unit test was failing on Windows 1.8 GitHub Actions build but no other environment. Increased artificial delay to avoid timing issues.

Co-authored-by: Andy LoPresto <alopresto@apache.org>

This closes #4271.

Signed-off-by: Andy LoPresto <alopresto@apache.org>",https://github.com/apache/nifi/pull/4271,contains links,https://github.com/apache/nifi/commit/01e42dfb3291c3a3549023edadafd2d8023f3042,apache/nifi,github pull request,https://github.com/apache/nifi/pull/4271,github pull request,https://github.com/apache/nifi/pull/4271,github pull request,2020-05-14T02:21:27Z,https://api.github.com/repos/apache/nifi/issues/4271,ok,,created_at
CVE-2020-13954,Escape the services listing stylesheet path (#694),https://github.com/apache/cxf/pull/694,contains links,https://github.com/apache/cxf/commit/3c23fa3b3c24c328bbc6d71c509668cb10b0ea31,apache/cxf,github pull request,https://github.com/apache/cxf/pull/694,github pull request,https://github.com/apache/cxf/pull/694,github pull request,2020-09-16T14:31:48Z,https://api.github.com/repos/apache/cxf/issues/694,ok,,created_at
CVE-2020-5404,fix #1006 Add hook for redirect request handling,https://github.com/reactor/reactor-netty/issues/1006,contains links,https://github.com/reactor/reactor-netty/commit/c6f7e48c83b36975024e3bd3f828a8c83c651e41,reactor/reactor-netty,github issue,https://github.com/reactor/reactor-netty/issues/1006,github issue,https://github.com/reactor/reactor-netty/issues/1006,github issue,2020-02-19T12:30:32Z,https://api.github.com/repos/reactor/reactor-netty/issues/1006,ok,,created_at
CVE-2013-5679,"Fix for Google Issue #306 and changes to address the side effects of the fix (i.e., the removal of the deprecated ESAPI 1.4 encrypt() / decrypt() methods from the Encryptor interface).",https://github.com/ESAPI/esapi-java-legacy/issues/306,contains links,https://github.com/ESAPI/esapi-java-legacy/commit/41138fef5f63d9cf0d5e05d2bee2c7f682ffef3f,ESAPI/esapi-java-legacy,github issue,https://github.com/ESAPI/esapi-java-legacy/issues/306,github issue,https://github.com/ESAPI/esapi-java-legacy/issues/306,github issue,2014-11-13T18:26:41Z,https://api.github.com/repos/ESAPI/esapi-java-legacy/issues/306,ok,,created_at
CVE-2021-31409,"fix: Update regexp pattern of legacy EmailValidator (#12241)

Fixes: https://github.com/vaadin/framework/issues/12240",https://github.com/vaadin/framework/pull/12241; https://github.com/vaadin/framework/issues/12240,contains links,https://github.com/vaadin/framework/commit/754ca011d79af3dd4fa9046ff0ade5367f5e6246,vaadin/framework,github pull request,https://github.com/vaadin/framework/pull/12241,github pull request,https://github.com/vaadin/framework/pull/12241,github pull request,2021-03-12T12:58:23Z,https://api.github.com/repos/vaadin/framework/issues/12241,ok,,created_at
CVE-2019-7614,"AsyncIOProcessor preserve thread context (#43729)

AsyncIOProcessor now preserves thread context, ensuring that deprecation
warnings are not duplicated to other concurrent operations on the same
shard.",https://github.com/elastic/elasticsearch/pull/43729,contains links,https://github.com/elastic/elasticsearch/commit/bdb8d3c440a75c035b045c21b7ef2237e56c95c7,elastic/elasticsearch,github pull request,https://github.com/elastic/elasticsearch/pull/43729,github pull request,https://github.com/elastic/elasticsearch/pull/43729,github pull request,2019-06-28T08:07:35Z,https://api.github.com/repos/elastic/elasticsearch/issues/43729,ok,,created_at
CVE-2019-20445,"Verify we do not receive multiple content-length headers or a content-length and transfer-encoding: chunked header when using HTTP/1.1 (#9865)

Motivation:

RFC7230 states that we should not accept multiple content-length headers and also should not accept a content-length header in combination with transfer-encoding: chunked

Modifications:

- Check for multiple content-length headers and if found mark message as invalid
- Check if we found a content-length header and also a transfer-encoding: chunked and if so mark the message as invalid
- Add unit test

Result:

Fixes https://github.com/netty/netty/issues/9861",https://github.com/netty/netty/pull/9865; https://github.com/netty/netty/issues/9861,contains links,https://github.com/netty/netty/commit/8494b046ec7e4f28dbd44bc699cc4c4c92251729,netty/netty,github pull request,https://github.com/netty/netty/pull/9865,github pull request,https://github.com/netty/netty/pull/9865,github pull request,2019-12-10T10:17:16Z,https://api.github.com/repos/netty/netty/issues/9865,ok,,created_at
CVE-2019-10184,"Merge pull request #794 from gaol/Trailing_Slash_Fix

[UNDERTOW-1578] 401 Unauthorized should be returned when requesting a protected directory without trailing slash",https://github.com/undertow-io/undertow/pull/794,contains links,https://github.com/undertow-io/undertow/commit/5fa7ac68c0e4251c93056d9982db5e794e04ebfa;https://github.com/undertow-io/undertow/commit/d2715e3afa13f50deaa19643676816ce391551e9,undertow-io/undertow,github pull request,https://github.com/undertow-io/undertow/pull/794,github pull request,https://github.com/undertow-io/undertow/pull/794,github pull request,2019-07-24T15:34:48Z,https://api.github.com/repos/undertow-io/undertow/issues/794,ok,,created_at
CVE-2017-12623,"NIFI-4353
- Added XmlUtils class.
- Added unit test.
- Added XXE test resource.
- Refactored JAXB unmarshalling globally to prevent XXE attacks.
- Refactored duplicated/legacy code.
- Cleaned up commented code.
- Switched from FileInputStream back to StreamSource in AuthorizerFactoryBean.
- This closes #2134",https://github.com/apache/nifi/pull/2134,contains links,https://github.com/apache/nifi/commit/9e2c7be7d3c6a380c5f61074d9a5a690b617c3dc,apache/nifi,github pull request,https://github.com/apache/nifi/pull/2134,github pull request,https://github.com/apache/nifi/pull/2134,github pull request,2017-09-07T19:04:56Z,https://api.github.com/repos/apache/nifi/issues/2134,ok,,created_at
CVE-2021-31412,"fix: set routes first into the template (#11107) (#11125)

fixes psi#26

Co-authored-by: Denis <denis@vaadin.com>",https://github.com/vaadin/flow/pull/11107; https://github.com/vaadin/flow/pull/11125; https://github.com/vaadin/flow/issues/26,contains links,https://github.com/vaadin/flow/commit/3ad4a13609e852eed2a2c80d640d2928b99a2dd5,vaadin/flow,github pull request,https://github.com/vaadin/flow/pull/11107,github pull request,https://github.com/vaadin/flow/pull/11107,github pull request,2021-05-28T10:23:19Z,https://api.github.com/repos/vaadin/flow/issues/11107,ok,,created_at
CVE-2021-41269,"Merge pull request #494 from NielsDoucet/RCE-fix

Resolve RCE vulnerability.",https://github.com/jmrozanec/cron-utils/pull/494,contains links,https://github.com/jmrozanec/cron-utils/commit/cfd2880f80e62ea74b92fa83474c2aabdb9899da,jmrozanec/cron-utils,github pull request,https://github.com/jmrozanec/cron-utils/pull/494,github pull request,https://github.com/jmrozanec/cron-utils/pull/494,github pull request,2021-10-23T15:57:21Z,https://api.github.com/repos/jmrozanec/cron-utils/issues/494,ok,,created_at
CVE-2017-12197,"Fix for: libpam4j authenticates invalid accounts
[https://github.com/kohsuke/libpam4j/issues/18]

Change-Id: I5052cd0d9f617239a63fb036daa697cbae5bb9d7",https://github.com/kohsuke/libpam4j/issues/18],contains links,https://github.com/letonez/libpam4j/commit/84f32f4001fc6bdcc125ccc959081de022d18b6d,letonez/libpam4j,github issue,https://github.com/kohsuke/libpam4j/issues/18,github issue,https://github.com/kohsuke/libpam4j/issues/18,github issue,2017-06-05T22:05:38Z,https://api.github.com/repos/kohsuke/libpam4j/issues/18,ok,,created_at
CVE-2018-20059,Fix #486,https://github.com/pippo-java/pippo/issues/486,contains links,https://github.com/pippo-java/pippo/commit/9f36e5891c0b11f840e1e1561ae96d83ba9ce759,pippo-java/pippo,github issue,https://github.com/pippo-java/pippo/issues/486,github issue,https://github.com/pippo-java/pippo/issues/486,github issue,2018-12-11T07:08:21Z,https://api.github.com/repos/pippo-java/pippo/issues/486,ok,,created_at
CVE-2018-1000632,#48 Validate QName inputs - throw IllegalArgumentException when qualified name contains disallowed character.,https://github.com/dom4j/dom4j/issues/48,contains links,https://github.com/dom4j/dom4j/commit/e598eb43d418744c4dbf62f647dd2381c9ce9387,dom4j/dom4j,github issue,https://github.com/dom4j/dom4j/issues/48,github issue,https://github.com/dom4j/dom4j/issues/48,github issue,2018-07-01T09:25:35Z,https://api.github.com/repos/dom4j/dom4j/issues/48,ok,,created_at
CVE-2021-28163,"Use Files.isSameFile to check Resource equality (#6093)

Use Files.isSameFile to check Resource equality
Avoid using canonical and instead use Files.isSameFile

Signed-off-by: Greg Wilkins <gregw@webtide.com>",https://github.com/jetty/jetty.project/pull/6093,contains links,https://github.com/eclipse/jetty.project/commit/ebe8311333d21b61715572fd23a9db78a68e0fa9,eclipse/jetty.project,github pull request,https://github.com/jetty/jetty.project/pull/6093,github pull request,https://github.com/jetty/jetty.project/pull/6093,github pull request,2021-03-24T03:30:45Z,https://api.github.com/repos/jetty/jetty.project/issues/6093,ok,,created_at
CVE-2021-25738,"Merge pull request #1692 from yue9944882/cherry-pick-11-yaml-construct

Cherry-pick 11: Update the CustomConstructor class for SnakeYAML",https://github.com/kubernetes-client/java/pull/1692,contains links,https://github.com/kubernetes-client/java/commit/4884d1bcd215a45d7ea876b8c3899a7b8bd5b60b,kubernetes-client/java,github pull request,https://github.com/kubernetes-client/java/pull/1692,github pull request,https://github.com/kubernetes-client/java/pull/1692,github pull request,2021-05-07T09:56:11Z,https://api.github.com/repos/kubernetes-client/java/issues/1692,ok,,created_at
CVE-2017-18349,"Merge pull request #1008 from wuwen5/fixed#1005

bug fixed for issue 1005.",https://github.com/alibaba/fastjson/pull/1008; https://github.com/alibaba/fastjson/issues/1005,contains links,https://github.com/alibaba/fastjson/commit/f5903fa56497c00ed0703ac875b511f9bd5f1d8e,alibaba/fastjson,github pull request,https://github.com/alibaba/fastjson/pull/1008,github pull request,https://github.com/alibaba/fastjson/pull/1008,github pull request,2017-01-19T12:13:45Z,https://api.github.com/repos/alibaba/fastjson/issues/1008,ok,,created_at
CVE-2017-9796,"GEODE-3247:Improve OQL expression execution (#837)

* GEODE-3247: Restrict method invocation in OQL when new security service is enabled

* GEODE-3248: Regions being passed in through bind parameters should have authorized access

* GEODE-3247: MethodInvocationAuthorizer is created at start up

  * MethodInvocationAuthorizer can now be passed down from InternalCache
  * Broke apart new tests into smaller files and removed complex query maps from UserPerms
  * Modified Customer Test Object for Rest Security tests",https://github.com/apache/geode/pull/837,contains links,https://github.com/apache/geode/commit/02b9646618e074f80b3d5fed0e5b512a34b5897a,apache/geode,github pull request,https://github.com/apache/geode/pull/837,github pull request,https://github.com/apache/geode/pull/837,github pull request,2017-09-28T21:41:45Z,https://api.github.com/repos/apache/geode/issues/837,ok,,created_at
CVE-2019-17638,"Issue #4936 response buffer corruption (#4937)

* Issue #4936 - Adding LargeHeaderTest to replicate issue

Signed-off-by: Joakim Erdfelt <joakim.erdfelt@gmail.com>

* Issue #4936 - Updating LargeHeaderTest to use ServerConnector

Signed-off-by: Joakim Erdfelt <joakim.erdfelt@gmail.com>

* Issue #4936 - Fail LargeHeaderTest if client detects issues.

Signed-off-by: Joakim Erdfelt <joakim.erdfelt@gmail.com>

* Issue #4936 large response header buffer corruption

If the response buffer is too large, the header buffer was released
but not nulled, then an exception thrown, which again released the
not nulled buffer.  The buffer thus ends up in the buffer pool twice!

Signed-off-by: Greg Wilkins <gregw@webtide.com>

* Issue #4936 large response header buffer corruption

removed old comment

Signed-off-by: Greg Wilkins <gregw@webtide.com>

Co-authored-by: Joakim Erdfelt <joakim.erdfelt@gmail.com>",https://github.com/jetty/jetty.project/issues/4936; https://github.com/jetty/jetty.project/pull/4937,contains links,https://github.com/eclipse/jetty.project/commit/ff8ae56fa939c3477a0cdd1ff56ce3d902f08fba,eclipse/jetty.project,github issue,https://github.com/jetty/jetty.project/issues/4936,github issue,https://github.com/jetty/jetty.project/issues/4936,github issue,2020-06-03T14:33:35Z,https://api.github.com/repos/jetty/jetty.project/issues/4936,ok,,created_at
CVE-2018-21234,Added `allowClass` (closes #628),https://github.com/oblac/jodd/issues/628,contains links,https://github.com/oblac/jodd/commit/9bffc3913aeb8472c11bb543243004b4b4376f16,oblac/jodd,github issue,https://github.com/oblac/jodd/issues/628,github issue,https://github.com/oblac/jodd/issues/628,github issue,2018-08-17T13:37:15Z,https://api.github.com/repos/oblac/jodd/issues/628,ok,,created_at
CVE-2021-25646,Fix CVE-2021-25646 (#10818),https://github.com/apache/druid/pull/10818,contains links,https://github.com/apache/druid/commit/3f8f00a231c4b47981e0e2e48f18f1221249e6f3,apache/druid,github pull request,https://github.com/apache/druid/pull/10818,github pull request,https://github.com/apache/druid/pull/10818,github pull request,2021-01-29T18:33:07Z,https://api.github.com/repos/apache/druid/issues/10818,ok,,created_at
CVE-2019-25027,"Sanitize input used in error template (#5498) (#5518)

As error template is html, and the input used in it is taken from the path, which can be anything, the input needs to be sanitized before added to the template to avoid possible XSS injection.",https://github.com/vaadin/flow/pull/5498; https://github.com/vaadin/flow/pull/5518,contains links,https://github.com/vaadin/flow/commit/56452991cc563ef1f45268647686f3edf1e0b473,vaadin/flow,github pull request,https://github.com/vaadin/flow/pull/5498,github pull request,https://github.com/vaadin/flow/pull/5498,github pull request,2019-04-16T07:08:33Z,https://api.github.com/repos/vaadin/flow/issues/5498,ok,,created_at
CVE-2018-7489,Fix #1737,https://github.com/FasterXML/jackson-databind/issues/1737,contains links,https://github.com/FasterXML/jackson-databind/commit/ddfddfba6414adbecaff99684ef66eebd3a92e92;https://github.com/FasterXML/jackson-databind/commit/60d459cedcf079c6106ae7da2ac562bc32dcabe1;https://github.com/FasterXML/jackson-databind/commit/6799f8f10cc78e9af6d443ed6982d00a13f2e7d2,FasterXML/jackson-databind,github issue,https://github.com/FasterXML/jackson-databind/issues/1737,github issue,https://github.com/FasterXML/jackson-databind/issues/1737,github issue,2017-08-17T21:24:26Z,https://api.github.com/repos/FasterXML/jackson-databind/issues/1737,ok,,created_at
CVE-2021-31406,"Use time-constant comparison for CSRF tokens in endpoint (#10157)

This hardens the framework against a theoretical timing attack based on
comparing how quickly a request with an invalid CSRF token is rejected.

No tests since this functionality is equivalent to the previous implementation aside from timing differences that would be very fragile to verify in an automated test.

Related to https://github.com/vaadin/flow/pull/9875",https://github.com/vaadin/flow/pull/10157; https://github.com/vaadin/flow/pull/9875,contains links,https://github.com/vaadin/flow/commit/c9db8f6cd0f4bbd5c78bb0ef6176f4f4dfcaa624,vaadin/flow,github pull request,https://github.com/vaadin/flow/pull/10157,github pull request,https://github.com/vaadin/flow/pull/10157,github pull request,2021-03-01T13:25:53Z,https://api.github.com/repos/vaadin/flow/issues/10157,ok,,created_at
CVE-2013-7398,"Introduce acceptAnyCertificate config, defaulting to false, backport df6ed70e86c8fc340ed75563e016c8baa94d7e72, close #352",https://github.com/AsyncHttpClient/async-http-client/issues/352,contains links,https://github.com/AsyncHttpClient/async-http-client/commit/dfacb8e05d0822c7b2024c452554bd8e1d6221d8;https://github.com/AsyncHttpClient/async-http-client/commit/a894583921c11c3b01f160ada36a8bb9d5158e9,AsyncHttpClient/async-http-client,github issue,https://github.com/AsyncHttpClient/async-http-client/issues/352,github issue,https://github.com/AsyncHttpClient/async-http-client/issues/352,github issue,2013-07-29T23:33:22Z,https://api.github.com/repos/AsyncHttpClient/async-http-client/issues/352,ok,,created_at
CVE-2017-7658,"Issue #2529 RFC2616 vs RFC7230 cleanup

Signed-off-by: Greg Wilkins <gregw@webtide.com>",https://github.com/jetty/jetty.project/issues/2529,contains links,https://github.com/eclipse/jetty.project/commit/a285deea42fcab60d9edcf994e458c238a348b55,eclipse/jetty.project,github issue,https://github.com/jetty/jetty.project/issues/2529,github issue,https://github.com/jetty/jetty.project/issues/2529,github issue,2018-05-14T01:27:59Z,https://api.github.com/repos/jetty/jetty.project/issues/2529,ok,,created_at
CVE-2018-12538,"Jetty 9.4.x 2038 slow filesessiondatastore (#2102)

* Issue #2038 Speed up FileSessionDataStore

Signed-off-by: Jan Bartel <janb@webtide.com>",https://github.com/jetty/jetty.project/pull/2102; https://github.com/jetty/jetty.project/issues/2038,contains links,https://github.com/eclipse/jetty.project/commit/a0b8321ef452dddff9bc6c14e3ac0108239bfa2c,eclipse/jetty.project,github pull request,https://github.com/jetty/jetty.project/pull/2102,github pull request,https://github.com/jetty/jetty.project/pull/2102,github pull request,2018-01-08T14:37:56Z,https://api.github.com/repos/jetty/jetty.project/issues/2102,ok,,created_at
CVE-2017-12159,KEYCLOAK-5234 (#4595),https://github.com/keycloak/keycloak/pull/4595,contains links,https://github.com/keycloak/keycloak/commit/e201f205d162d4d795d294fe065ca20f4005eef2;https://github.com/keycloak/keycloak/commit/9b75b603e3a5f5ba6deff13cbb45b070bf2d2239,keycloak/keycloak,github pull request,https://github.com/keycloak/keycloak/pull/4595,github pull request,https://github.com/keycloak/keycloak/pull/4595,github pull request,2017-10-20T12:46:58Z,https://api.github.com/repos/keycloak/keycloak/issues/4595,ok,,created_at
CVE-2020-9491,"NIFI-7407 Replaced SSLContextFactory references to ""TLS"" with ""TLSv1.2"" (in shared constant).
Changed JettyServer default SSL initialization and updated unit test.
Removed SecurityStoreTypes (unused).
Added StringUtils inverted blank and empty checks.
Added TlsConfiguration container object.
Enhanced KeystoreType enum.
Added clean #createSSLContext() method to serve as base method for special cases/other method signatures.
Added utility methods in KeyStoreUtils.
Added generic TlsException for callers that cannot resolve TLS-specific exceptions.
Added utility methods for component object debugging.
Enforced TLS protocol version on cluster comms socket creation.
Added utility method for SSL server socket creation.
Refactored (Server)SocketConfigurationFactoryBean to store relevant NiFiProperties in TlsConfiguration instead of stateful SSLContextFactory (Cluster comms now enforce modern TLS protocol version).
Removed duplicate SSLContextFactory.
Switched duplicate SslContextFactory to wrap shared SSLContextFactory.
Refactored SslContextFactoryTest for clarity (will move any unique tests to nifi-security-utils class test).
Added further validation & boundary checking in uses of TlsConfiguration.
Provided SSLSocketFactory accessor in SslContextFactory.
Refactored OkHttpReplicationClient tuple method.
Refactored OcspCertificateValidator TLS logic.
Added utility method to apply TLS configs to OkHttpClientBuilder.
Removed references to duplicate SslContextFactory.
Removed unnecessary SslContextFactory.
Moved OkHttpClientUtils to nifi-web-util module.
Updated module dependencies.
Removed now empty nifi-security module.
Enforced TLS protocol selection on LB server socket.
Enforced TLS protocol selection on S2S server socket.
Applied specified TLS protocol versions to S2S socket creation.
Completed removal of legacy SSLContext creation methods from only remaining SslContextFactory.
Replaced references to creation methods throughout codebase.
Replaced references to unnecessary NiFiProperties file reads throughout tests.
Removed duplicate ClientAuth enum from SSLContextService and changed all references to SslContextFactory.ClientAuth.
Suppressed repeated TLS exceptions in cluster, S2S, and load balance socket listeners.
Cleaned up legacy code.
Added external timing check to timing test assertion.
Made RestrictedSSLContextService TLS protocol versions allowable values explicit.
Enabled TLSv1.3 on Java 11.
Added explanations of TLS protocol versions in StandardSSLContextService and StandardRestrictedSSLContextService.
Resolved additional Java 11 test failures for NiFi internal classes that don't support TLSv1.3. Filed NIFI-7468 as follow on task.

This closes #4263.

Signed-off-by: Nathan Gough <thenatog@gmail.com>
Signed-off-by: Mark Payne <markap14@hotmail.com>",https://github.com/apache/nifi/pull/4263,contains links,https://github.com/apache/nifi/commit/441781cec50f77d9f1e65093f55bbd614b8c5ec6,apache/nifi,github pull request,https://github.com/apache/nifi/pull/4263,github pull request,https://github.com/apache/nifi/pull/4263,github pull request,2020-05-11T01:29:06Z,https://api.github.com/repos/apache/nifi/issues/4263,ok,,created_at
CVE-2021-20289,"[RESTEASY-2843] Do not add the target type to the thrown exception. Instead log it as a debug message. (#2747)

https://issues.redhat.com/browse/RESTEASY-2843",https://github.com/resteasy/resteasy/pull/2747; https://issues.redhat.com/browse/RESTEASY-2843,contains links,https://github.com/resteasy/Resteasy/commit/92950dd5efa5f853e5edd6b9980cc3094101f3a4,resteasy/Resteasy,github pull request,https://github.com/resteasy/resteasy/pull/2747,github pull request,https://github.com/resteasy/resteasy/pull/2747,github pull request,2021-04-13T22:46:18Z,https://api.github.com/repos/resteasy/resteasy/issues/2747,ok,,created_at
CVE-2021-31404,"fix: use time-constant comparison for CSRF tokens (#9875)

This hardens the framework against a theoretical timing attack based on
comparing how quickly a request with an invalid CSRF token is rejected.",https://github.com/vaadin/flow/pull/9875,contains links,https://github.com/vaadin/flow/commit/a7ff6932a5722beebdbf3401576b74ddd340784a,vaadin/flow,github pull request,https://github.com/vaadin/flow/pull/9875,github pull request,https://github.com/vaadin/flow/pull/9875,github pull request,2021-01-25T13:03:42Z,https://api.github.com/repos/vaadin/flow/issues/9875,ok,,created_at
CVE-2011-4905,"Fix for https://issues.apache.org/jira/browse/AMQ-3294 and https://issues.apache.org/jira/browse/AMQ-1928

git-svn-id: https://svn.apache.org/repos/asf/activemq/trunk@1209700 13f79535-47bb-0310-9956-ffa450edef68",https://issues.apache.org/jira/browse/AMQ-3294; https://issues.apache.org/jira/browse/AMQ-1928; https://svn.apache.org/repos/asf/activemq/trunk@1209700,contains links,https://github.com/apache/activemq/commit/3a71f8e33d0309cb0ca5b5758a8f251da205e757,apache/activemq,apache issue tracker,https://issues.apache.org/jira/browse/AMQ-3294,jira issue tracker,https://issues.apache.org/jira/browse/AMQ-3294,jira issue tracker,2011-04-22T18:44:00Z,https://issues.apache.org/jira/browse/AMQ-3294,ok,parsed from Jira HTML fallback,created_at
CVE-2015-7559,https://issues.apache.org/jira/browse/AMQ-6470 - Remove unused ControlCommand handling in client,https://issues.apache.org/jira/browse/AMQ-6470,contains links,https://github.com/apache/activemq/commit/338a74d;https://github.com/apache/activemq/commit/b8fc78e,apache/activemq,apache issue tracker,https://issues.apache.org/jira/browse/AMQ-6470,jira issue tracker,https://issues.apache.org/jira/browse/AMQ-6470,jira issue tracker,2016-10-18T10:00:00Z,https://issues.apache.org/jira/browse/AMQ-6470,ok,parsed from Jira HTML fallback,created_at
CVE-2013-1880,"https://issues.apache.org/jira/browse/AMQ-4398 - sanitize header in stock portfolio servlet

git-svn-id: https://svn.apache.org/repos/asf/activemq/trunk@1459301 13f79535-47bb-0310-9956-ffa450edef68",https://issues.apache.org/jira/browse/AMQ-4398; https://svn.apache.org/repos/asf/activemq/trunk@1459301,contains links,https://github.com/apache/activemq/commit/fafd12dfd4f71336f8e32c090d40ed1445959b40,apache/activemq,apache issue tracker,https://issues.apache.org/jira/browse/AMQ-4398,jira issue tracker,https://issues.apache.org/jira/browse/AMQ-4398,jira issue tracker,2013-03-21T10:27:00Z,https://issues.apache.org/jira/browse/AMQ-4398,ok,parsed from Jira HTML fallback,created_at
CVE-2012-6092,"https://issues.apache.org/jira/browse/AMQ-4115 - xss in web demos

git-svn-id: https://svn.apache.org/repos/asf/activemq/trunk@1399577 13f79535-47bb-0310-9956-ffa450edef68",https://issues.apache.org/jira/browse/AMQ-4115; https://svn.apache.org/repos/asf/activemq/trunk@1399577,contains links,https://github.com/apache/activemq/commit/51eb87a84be88d28383ea48f6e341ffe1203c5ba,apache/activemq,apache issue tracker,https://issues.apache.org/jira/browse/AMQ-4115,jira issue tracker,https://issues.apache.org/jira/browse/AMQ-4115,jira issue tracker,2012-10-18T10:04:00Z,https://issues.apache.org/jira/browse/AMQ-4115,ok,parsed from Jira HTML fallback,created_at
CVE-2014-3579,https://issues.apache.org/jira/browse/APLO-366 - make xpath parser features configurable,https://issues.apache.org/jira/browse/APLO-366,contains links,https://github.com/apache/activemq-apollo/commit/e5647554e6801a522c508a8eb457979a9af8c398,apache/activemq-apollo,apache issue tracker,https://issues.apache.org/jira/browse/APLO-366,jira issue tracker,https://issues.apache.org/jira/browse/APLO-366,jira issue tracker,2014-08-26T13:05:00Z,https://issues.apache.org/jira/browse/APLO-366,ok,parsed from Jira HTML fallback,created_at
CVE-2016-0734,"https://issues.apache.org/jira/browse/AMQ-6170

Fixing X-Frame-Options header so that is applied for all content served
by Jetty.  The previous patch wasn't correct because it only applied it
to Servlets and JSPs and not static content. This also reverts AMQ-6113

(cherry picked from commit 24ad36778534c5ac888f880837075449169578ad)",https://issues.apache.org/jira/browse/AMQ-6170,contains links,https://github.com/apache/activemq/commit/028a33ea7d73fabe6161defffdbfc85578328a68;https://github.com/apache/activemq/commit/24ad36778534c5ac888f880837075449169578ad,apache/activemq,apache issue tracker,https://issues.apache.org/jira/browse/AMQ-6170,jira issue tracker,https://issues.apache.org/jira/browse/AMQ-6170,jira issue tracker,2016-02-12T20:42:00Z,https://issues.apache.org/jira/browse/AMQ-6170,ok,parsed from Jira HTML fallback,created_at
CVE-2015-5254,https://issues.apache.org/jira/browse/AMQ-6013 - restrict classes which can be serialized inside the broker,https://issues.apache.org/jira/browse/AMQ-6013,contains links,https://github.com/apache/activemq/commit/a7e2a44;https://github.com/apache/activemq/commit/e100638;https://github.com/apache/activemq/commit/6f03921;https://github.com/apache/activemq/commit/e7a4b53;https://github.com/apache/activemq/commit/d7a3b94;https://github.com/apache/activemq/commit/73a0caf,apache/activemq,apache issue tracker,https://issues.apache.org/jira/browse/AMQ-6013,jira issue tracker,https://issues.apache.org/jira/browse/AMQ-6013,jira issue tracker,2015-10-16T13:40:00Z,https://issues.apache.org/jira/browse/AMQ-6013,ok,parsed from Jira HTML fallback,created_at
CVE-2013-1879,"https://issues.apache.org/jira/browse/AMQ-4397 - xss in cron expressions

git-svn-id: https://svn.apache.org/repos/asf/activemq/trunk@1459265 13f79535-47bb-0310-9956-ffa450edef68",https://issues.apache.org/jira/browse/AMQ-4397; https://svn.apache.org/repos/asf/activemq/trunk@1459265,contains links,https://github.com/apache/activemq/commit/148ca81dcd8f14cfe2ff37012fd1aa42518f02dc,apache/activemq,apache issue tracker,https://issues.apache.org/jira/browse/AMQ-4397,jira issue tracker,https://issues.apache.org/jira/browse/AMQ-4397,jira issue tracker,2013-03-21T10:14:00Z,https://issues.apache.org/jira/browse/AMQ-4397,ok,parsed from Jira HTML fallback,created_at
CVE-2015-6524,https://issues.apache.org/jira/browse/AMQ-5345 - improve ldap communication,https://issues.apache.org/jira/browse/AMQ-5345,contains links,https://github.com/apache/activemq/commit/22f2f3dde757d31307da772d579815c1d169bc39,apache/activemq,apache issue tracker,https://issues.apache.org/jira/browse/AMQ-5345,jira issue tracker,https://issues.apache.org/jira/browse/AMQ-5345,jira issue tracker,2014-09-08T11:51:00Z,https://issues.apache.org/jira/browse/AMQ-5345,ok,parsed from Jira HTML fallback,created_at
CVE-2014-3612,https://issues.apache.org/jira/browse/AMQ-5345 - improve ldap communication,https://issues.apache.org/jira/browse/AMQ-5345,contains links,https://github.com/apache/activemq/commit/0b5231ada5ce365b41832ba8752ee210145d1cbe,apache/activemq,apache issue tracker,https://issues.apache.org/jira/browse/AMQ-5345,jira issue tracker,https://issues.apache.org/jira/browse/AMQ-5345,jira issue tracker,2014-09-08T11:51:00Z,https://issues.apache.org/jira/browse/AMQ-5345,ok,parsed from Jira HTML fallback,created_at
CVE-2014-3600,https://issues.apache.org/jira/browse/AMQ-5333 - make xpath parser features configurable,https://issues.apache.org/jira/browse/AMQ-5333,contains links,https://github.com/apache/activemq/commit/3e5ac6326db59f524a0e71f6b717428607d7b67d;https://github.com/apache/activemq/commit/b9696ac8,apache/activemq,apache issue tracker,https://issues.apache.org/jira/browse/AMQ-5333,jira issue tracker,https://issues.apache.org/jira/browse/AMQ-5333,jira issue tracker,2014-08-26T12:45:00Z,https://issues.apache.org/jira/browse/AMQ-5333,ok,parsed from Jira HTML fallback,created_at
CVE-2013-4310,"Changes archetypes version to match latest release

git-svn-id: https://svn.apache.org/repos/asf/struts/struts2/branches/STRUTS_2_3_15_X@1532467 13f79535-47bb-0310-9956-ffa450edef68",https://svn.apache.org/repos/asf/struts/struts2/branches/STRUTS_2_3_15_X@1532467,contains links,https://github.com/apache/struts/commit/0c8366cb792227d484b9ca13e537037dd0cb57dc,apache/struts,apache issue tracker,https://svn.apache.org/repos/asf/struts/struts2/branches/STRUTS_2_3_15_X@1532467,svn/source link,https://svn.apache.org/repos/asf/struts/struts2/branches/STRUTS_2_3_15_X@1532467,svn/source link,,https://svn.apache.org/repos/asf/struts/struts2/branches/STRUTS_2_3_15_X@1532467,not_available,"SVN revision date not found for r1532467; last error: <!DOCTYPE HTML PUBLIC ""-//IETF//DTD HTML 2.0//EN"">
<html><head>
<title>401 Unauthorized</title>
</head><body>
<h1>Unauthorized</h1>
<p>This server could not verify that you
are authorized to access the document
requested.  Either you supplied the wrong
credentials (e.g., bad password), or your
browser doesn't understand how to supply
the credentials required.</p>
</body></html>
 (401) for https://svn.apache.org/repos/asf/struts/struts2/branches/STRUTS_2_3_15_X@1532467",
CVE-2012-0838,"WW-3668 - Vulnerability: User input is evaluated as an OGNL expression when there's a conversion error

git-svn-id: https://svn.apache.org/repos/asf/struts/struts2/trunk@1157009 13f79535-47bb-0310-9956-ffa450edef68",https://svn.apache.org/repos/asf/struts/struts2/trunk@1157009,contains links,https://github.com/apache/struts/commit/b4265d369dc29d57a9f2846a85b26598e83f3892;https://github.com/apache/struts/commit/5f54b8d087f5125d96838aafa5f64c2190e6885b,apache/struts,apache issue tracker,https://svn.apache.org/repos/asf/struts/struts2/trunk@1157009,svn/source link,https://svn.apache.org/repos/asf/struts/struts2/trunk@1157009,svn/source link,,https://svn.apache.org/repos/asf/struts/struts2/trunk@1157009,not_available,"SVN revision date not found for r1157009; last error: <!DOCTYPE HTML PUBLIC ""-//IETF//DTD HTML 2.0//EN"">
<html><head>
<title>401 Unauthorized</title>
</head><body>
<h1>Unauthorized</h1>
<p>This server could not verify that you
are authorized to access the document
requested.  Either you supplied the wrong
credentials (e.g., bad password), or your
browser doesn't understand how to supply
the credentials required.</p>
</body></html>
 (401) for https://svn.apache.org/repos/asf/struts/struts2/trunk@1157009",
CVE-2017-15693,"GEODE-3923 Provide whitelist/blacklist capability for java serialization

This is a squashed and rebased commit of the work from the now-defunct
whitelist-wip branch.  The work allows you to whitelist and blacklist
use of Java deserialization for classes matching a pattern you provide.

All distributedTests are now run with this enabled and with the default
blacklist pattern of ""!*"", which blacklists everything not explicitely
allowed by Geode in the sanctionedSerializables.txt files or by your test.

Each layer needing one now has its own sanctionedSerializables.txt file
that is a resource in the product tree.  These are installed as whitelists
by a new DistributedSystemService in that layer.

There are numerous examples of whitelisting classes in the tests.

If you do not whitelist your class Geode will throw an IncompatibleClassException.
If you happen to run into this look in your logs for ""rejecting"" and you
can easily find the name of the offending class and add it to your
whitelist.

Two new cache properties have been added:

  validate-serializable-objects

If true checks incoming java serializable objects against a filter (allows
internal Geode classes and any others provided in the
serializable-object-filter property).

If you enable this property you must be using Java 8 build 121 or later.
If you are not Geode will throw an exception and refuse to start.

Default: ""false""

  serializable-object-filter

A user provided whitelist of objects that the system will allow to serialize.
See java.io.ObjectInputFilter.Config for details on the syntax for creating filters.

https://docs.oracle.com/javase/9/docs/api/java/io/ObjectInputFilter.Config.html

Default: ""!*""

In addition, this work includes these significant contributions:

commit 731ac2b4206615fb6bdaa54db371c7f8b7956fd4
Author: Galen O'Sullivan <gosullivan@pivotal.io>
Date:   Wed Nov 15 10:55:23 2017 -0800

    [edited message] Allow Geode to run with older versions of Java 8
    when serialization filtering is not enabled.

    and achieve this by moving references to ObjectInputFilter out of
    InternalDataSerializer.

    Signed-off-by: Dan Smith <dsmith@pivotal.io>

commit 3329467308bbfaaf0cc30db678474894132e5f62
Author: Dan Smith <upthewaterspout@apache.org>
Date:   Thu Nov 2 13:22:42 2017 -0700

    Adding an option to run tests with a different JVM

commit a480931fa3b7e973f9076a063238c75d0b51146b
Author: Bruce Schuchardt <bschuchardt@pivotal.io>
Date:   Fri Nov 10 15:46:11 2017 -0800

    whitelist WIP

    Turned on validation by default for dunit tests and fixed issues this caused.
    Several tests now set a custom whitelist.

commit 026ae92fe2055c09762978696d53d9cd2679bd60
Author: Galen O'Sullivan <gosullivan@pivotal.io>
Date:   Thu Nov 9 17:02:56 2017 -0800

    Adding configuration parameters to toggle whitelist behavior of serializable classes.

    Open question about removing DataCommandRequest.java toData and fromData

    Signed-off-by: Brian Rowe <browe@pivotal.io>",https://docs.oracle.com/javase/9/docs/api/java/io/ObjectInputFilter.Config.html,contains links,https://github.com/apache/geode/commit/a2bd5788d0b0728d91d551ddaac878b336d7892a,apache/geode,other,https://docs.oracle.com/javase/9/docs/api/java/io/ObjectInputFilter.Config.html,other,https://docs.oracle.com/javase/9/docs/api/java/io/ObjectInputFilter.Config.html,other,,https://docs.oracle.com/javase/9/docs/api/java/io/ObjectInputFilter.Config.html,not_available,created date parser not implemented for link type: other,
CVE-2014-0050,"Fix CVE-2014-0050. Specially crafted input can trigger a DoS if the buffer used by the <code>MultipartStream</code> is not big enough. When constructing <code>MultipartStream</code> enforce the requirements for buffer size by throwing an <code>IllegalArgumentException</code> if the requested buffer size is too small. This prevents the DoS.

git-svn-id: https://svn.apache.org/repos/asf/commons/proper/fileupload/trunk@1565143 13f79535-47bb-0310-9956-ffa450edef68",https://svn.apache.org/repos/asf/commons/proper/fileupload/trunk@1565143,contains links,https://github.com/apache/commons-fileupload/commit/c61ff05b3241cb14d989b67209e57aa71540417a;https://github.com/apache/commons-fileupload/commit/60c71bb5ddb709808e1a855e8299b5f5ad617aa5,apache/commons-fileupload,apache issue tracker,https://svn.apache.org/repos/asf/commons/proper/fileupload/trunk@1565143,svn/source link,https://svn.apache.org/repos/asf/commons/proper/fileupload/trunk@1565143,svn/source link,,https://svn.apache.org/repos/asf/commons/proper/fileupload/trunk@1565143,not_available,"SVN revision date not found for r1565143; last error: <!DOCTYPE HTML PUBLIC ""-//IETF//DTD HTML 2.0//EN"">
<html><head>
<title>401 Unauthorized</title>
</head><body>
<h1>Unauthorized</h1>
<p>This server could not verify that you
are authorized to access the document
requested.  Either you supplied the wrong
credentials (e.g., bad password), or your
browser doesn't understand how to supply
the credentials required.</p>
</body></html>
 (401) for https://svn.apache.org/repos/asf/commons/proper/fileupload/trunk@1565143",
CVE-2012-4386,"WW-3858
Decouple token names from their respective session attribute names

git-svn-id: https://svn.apache.org/repos/asf/struts/struts2/trunk@1368827 13f79535-47bb-0310-9956-ffa450edef68",https://svn.apache.org/repos/asf/struts/struts2/trunk@1368827,contains links,https://github.com/apache/struts/commit/a1ca307981b0930d1687ed89f0b7305af79da0f3;https://github.com/apache/struts/commit/1081c52be93abfd2f33ba8453c676e3edcedec8b,apache/struts,apache issue tracker,https://svn.apache.org/repos/asf/struts/struts2/trunk@1368827,svn/source link,https://svn.apache.org/repos/asf/struts/struts2/trunk@1368827,svn/source link,,https://svn.apache.org/repos/asf/struts/struts2/trunk@1368827,not_available,"SVN revision date not found for r1368827; last error: <!DOCTYPE HTML PUBLIC ""-//IETF//DTD HTML 2.0//EN"">
<html><head>
<title>401 Unauthorized</title>
</head><body>
<h1>Unauthorized</h1>
<p>This server could not verify that you
are authorized to access the document
requested.  Either you supplied the wrong
credentials (e.g., bad password), or your
browser doesn't understand how to supply
the credentials required.</p>
</body></html>
 (401) for https://svn.apache.org/repos/asf/struts/struts2/trunk@1368827",
CVE-2013-4322,"Add support for limiting the size of chunk extensions when using
chunked encoding
This is part of the fix for CVE-2013-4322.

git-svn-id: https://svn.apache.org/repos/asf/tomcat/trunk@1521834 13f79535-47bb-0310-9956-ffa450edef68",https://svn.apache.org/repos/asf/tomcat/trunk@1521834,contains links,https://github.com/apache/tomcat/commit/85db6e85d8365d312fcb51d8558f83ae91d47893;https://github.com/apache/tomcat/commit/d6a9898;https://github.com/apache/tomcat/commit/b8cb9f5;https://github.com/apache/tomcat80/commit/c806b2fc6b04ca4e928b3467d94f30f20c820d9d,apache/tomcat,apache issue tracker,https://svn.apache.org/repos/asf/tomcat/trunk@1521834,svn/source link,https://svn.apache.org/repos/asf/tomcat/trunk@1521834,svn/source link,,https://svn.apache.org/repos/asf/tomcat/trunk@1521834,not_available,"SVN revision date not found for r1521834; last error: <!DOCTYPE HTML PUBLIC ""-//IETF//DTD HTML 2.0//EN"">
<html><head>
<title>401 Unauthorized</title>
</head><body>
<h1>Unauthorized</h1>
<p>This server could not verify that you
are authorized to access the document
requested.  Either you supplied the wrong
credentials (e.g., bad password), or your
browser doesn't understand how to supply
the credentials required.</p>
</body></html>
 (401) for https://svn.apache.org/repos/asf/tomcat/trunk@1521834",
CVE-2011-2481,"Fix https://issues.apache.org/bugzilla/show_bug.cgi?id=51395
Better fix for memory leak that aligns ContextConfig with TldConfig
Fix part 3 of 3 for CVE-2011-2481

git-svn-id: https://svn.apache.org/repos/asf/tomcat/trunk@1138788 13f79535-47bb-0310-9956-ffa450edef68",https://issues.apache.org/bugzilla/show_bug.cgi?id=51395; https://svn.apache.org/repos/asf/tomcat/trunk@1138788,contains links,https://github.com/apache/tomcat/commit/3ab7d6be13fd59b872bb5c3745ca06035e15ba3f;https://github.com/apache/tomcat/commit/3bbcc309a04bd2e2ef4730c86c501afd1947fbc1;https://github.com/apache/tomcat/commit/8fa210147ffd98e8971cba56395726cc4a893ad7,apache/tomcat,apache issue tracker,https://issues.apache.org/bugzilla/show_bug.cgi?id=51395,bugzilla issue tracker,https://issues.apache.org/bugzilla/show_bug.cgi?id=51395,bugzilla issue tracker,,https://issues.apache.org/bugzilla/show_bug.cgi?id=51395,auth_required,login/authentication required,
CVE-2011-5064,"Add additional configuration options to the DIGEST authenticator

git-svn-id: https://svn.apache.org/repos/asf/tomcat/tc5.5.x/trunk@1159309 13f79535-47bb-0310-9956-ffa450edef68",https://svn.apache.org/repos/asf/tomcat/tc5.5.x/trunk@1159309,contains links,https://github.com/apache/tomcat55/commit/644dfdf96cf82fcd2a2046d93f2b5495f7e94584,apache/tomcat55,apache issue tracker,https://svn.apache.org/repos/asf/tomcat/tc5.5.x/trunk@1159309,svn/source link,https://svn.apache.org/repos/asf/tomcat/tc5.5.x/trunk@1159309,svn/source link,,https://svn.apache.org/repos/asf/tomcat/tc5.5.x/trunk@1159309,not_available,"SVN revision date not found for r1159309; last error: <!DOCTYPE HTML PUBLIC ""-//IETF//DTD HTML 2.0//EN"">
<html><head>
<title>401 Unauthorized</title>
</head><body>
<h1>Unauthorized</h1>
<p>This server could not verify that you
are authorized to access the document
requested.  Either you supplied the wrong
credentials (e.g., bad password), or your
browser doesn't understand how to supply
the credentials required.</p>
</body></html>
 (401) for https://svn.apache.org/repos/asf/tomcat/tc5.5.x/trunk@1159309",
CVE-2021-27906,"PDFBOX-4892: optimize loop, as suggested by valerybokov

git-svn-id: https://svn.apache.org/repos/asf/pdfbox/branches/2.0@1887586 13f79535-47bb-0310-9956-ffa450edef68",https://svn.apache.org/repos/asf/pdfbox/branches/2.0@1887586,contains links,https://github.com/apache/pdfbox/commit/c978d742bd64137aacdba346f3afe7238a5ac9a7,apache/pdfbox,apache issue tracker,https://svn.apache.org/repos/asf/pdfbox/branches/2.0@1887586,svn/source link,https://svn.apache.org/repos/asf/pdfbox/branches/2.0@1887586,svn/source link,,https://svn.apache.org/repos/asf/pdfbox/branches/2.0@1887586,not_available,"SVN revision date not found for r1887586; last error: <!DOCTYPE HTML PUBLIC ""-//IETF//DTD HTML 2.0//EN"">
<html><head>
<title>401 Unauthorized</title>
</head><body>
<h1>Unauthorized</h1>
<p>This server could not verify that you
are authorized to access the document
requested.  Either you supplied the wrong
credentials (e.g., bad password), or your
browser doesn't understand how to supply
the credentials required.</p>
</body></html>
 (401) for https://svn.apache.org/repos/asf/pdfbox/branches/2.0@1887586",
CVE-2013-4316,"Disables DMI

git-svn-id: https://svn.apache.org/repos/asf/struts/struts2/branches/STRUTS_2_3_15_1_X@1524296 13f79535-47bb-0310-9956-ffa450edef68",https://svn.apache.org/repos/asf/struts/struts2/branches/STRUTS_2_3_15_1_X@1524296,contains links,https://github.com/apache/struts/commit/58947c3f85ae641c1a476316a2888e53605948d1,apache/struts,apache issue tracker,https://svn.apache.org/repos/asf/struts/struts2/branches/STRUTS_2_3_15_1_X@1524296,svn/source link,https://svn.apache.org/repos/asf/struts/struts2/branches/STRUTS_2_3_15_1_X@1524296,svn/source link,,https://svn.apache.org/repos/asf/struts/struts2/branches/STRUTS_2_3_15_1_X@1524296,not_available,"SVN revision date not found for r1524296; last error: <!DOCTYPE HTML PUBLIC ""-//IETF//DTD HTML 2.0//EN"">
<html><head>
<title>401 Unauthorized</title>
</head><body>
<h1>Unauthorized</h1>
<p>This server could not verify that you
are authorized to access the document
requested.  Either you supplied the wrong
credentials (e.g., bad password), or your
browser doesn't understand how to supply
the credentials required.</p>
</body></html>
 (401) for https://svn.apache.org/repos/asf/struts/struts2/branches/STRUTS_2_3_15_1_X@1524296",
CVE-2011-0013,"Prevent XSS in Manager application
This addresses CVE-2011-0013


git-svn-id: https://svn.apache.org/repos/asf/tomcat/trunk@1057279 13f79535-47bb-0310-9956-ffa450edef68",https://svn.apache.org/repos/asf/tomcat/trunk@1057279,contains links,https://github.com/apache/tomcat/commit/c8a9a43183e061f09eb5cf7cd5443cecd8699462;https://github.com/apache/tomcat/commit/1930114c4122f2b6f45d6b92e7790288b17e2ad2,apache/tomcat,apache issue tracker,https://svn.apache.org/repos/asf/tomcat/trunk@1057279,svn/source link,https://svn.apache.org/repos/asf/tomcat/trunk@1057279,svn/source link,,https://svn.apache.org/repos/asf/tomcat/trunk@1057279,not_available,"SVN revision date not found for r1057279; last error: <!DOCTYPE HTML PUBLIC ""-//IETF//DTD HTML 2.0//EN"">
<html><head>
<title>401 Unauthorized</title>
</head><body>
<h1>Unauthorized</h1>
<p>This server could not verify that you
are authorized to access the document
requested.  Either you supplied the wrong
credentials (e.g., bad password), or your
browser doesn't understand how to supply
the credentials required.</p>
</body></html>
 (401) for https://svn.apache.org/repos/asf/tomcat/trunk@1057279",
CVE-2011-1498,"HTTPCLIENT-1061: Proxy-Authorization header gets sent to the target host when tunneling requests through a proxy that requires authentication

git-svn-id: https://svn.apache.org/repos/asf/httpcomponents/httpclient/trunk@1074473 13f79535-47bb-0310-9956-ffa450edef68",https://svn.apache.org/repos/asf/httpcomponents/httpclient/trunk@1074473,contains links,https://github.com/apache/httpcomponents-client/commit/a572756592c969affd0ce87885724e74839176fb,apache/httpcomponents-client,apache issue tracker,https://svn.apache.org/repos/asf/httpcomponents/httpclient/trunk@1074473,svn/source link,https://svn.apache.org/repos/asf/httpcomponents/httpclient/trunk@1074473,svn/source link,,https://svn.apache.org/repos/asf/httpcomponents/httpclient/trunk@1074473,not_available,"SVN revision date not found for r1074473; last error: <!DOCTYPE HTML PUBLIC ""-//IETF//DTD HTML 2.0//EN"">
<html><head>
<title>401 Unauthorized</title>
</head><body>
<h1>Unauthorized</h1>
<p>This server could not verify that you
are authorized to access the document
requested.  Either you supplied the wrong
credentials (e.g., bad password), or your
browser doesn't understand how to supply
the credentials required.</p>
</body></html>
 (401) for https://svn.apache.org/repos/asf/httpcomponents/httpclient/trunk@1074473",
CVE-2013-4390,"SLING-3141 : AbstractAuthenticationFormServlet should make sure resource is a valid redirect

git-svn-id: https://svn.apache.org/repos/asf/sling/trunk@1528062 13f79535-47bb-0310-9956-ffa450edef68",https://svn.apache.org/repos/asf/sling/trunk@1528062,contains links,https://github.com/apache/sling/commit/6256d8bcbe9e99855ae2c78b8c8d0e80fa9b10b8,apache/sling,apache issue tracker,https://svn.apache.org/repos/asf/sling/trunk@1528062,svn/source link,https://svn.apache.org/repos/asf/sling/trunk@1528062,svn/source link,,https://svn.apache.org/repos/asf/sling/trunk@1528062,not_available,"SVN revision date not found for r1528062; last error: <!DOCTYPE HTML PUBLIC ""-//IETF//DTD HTML 2.0//EN"">
<html><head>
<title>401 Unauthorized</title>
</head><body>
<h1>Unauthorized</h1>
<p>This server could not verify that you
are authorized to access the document
requested.  Either you supplied the wrong
credentials (e.g., bad password), or your
browser doesn't understand how to supply
the credentials required.</p>
</body></html>
 (401) for https://svn.apache.org/repos/asf/sling/trunk@1528062",
CVE-2022-26336,"[bug-65899] fix issue where malformed tnef file can cause memory problems

git-svn-id: https://svn.apache.org/repos/asf/poi/trunk@1898208 13f79535-47bb-0310-9956-ffa450edef68",https://svn.apache.org/repos/asf/poi/trunk@1898208,contains links,https://github.com/apache/poi/commit/6622d9badb3590cb6190d912730548635a359dc0,apache/poi,apache issue tracker,https://svn.apache.org/repos/asf/poi/trunk@1898208,svn/source link,https://svn.apache.org/repos/asf/poi/trunk@1898208,svn/source link,,https://svn.apache.org/repos/asf/poi/trunk@1898208,not_available,"SVN revision date not found for r1898208; last error: <!DOCTYPE HTML PUBLIC ""-//IETF//DTD HTML 2.0//EN"">
<html><head>
<title>401 Unauthorized</title>
</head><body>
<h1>Unauthorized</h1>
<p>This server could not verify that you
are authorized to access the document
requested.  Either you supplied the wrong
credentials (e.g., bad password), or your
browser doesn't understand how to supply
the credentials required.</p>
</body></html>
 (401) for https://svn.apache.org/repos/asf/poi/trunk@1898208",
CVE-2012-6612,"Merged revision(s) 1390921 from lucene/dev/trunk:
SOLR-3895, SOLR-3614: XML and XSLT UpdateRequestHandler should not try to resolve external entities; fix XML parsing in XPathEntityProcessor to correctly expand named entities, but ignore external entities

git-svn-id: https://svn.apache.org/repos/asf/lucene/dev/branches/branch_4x@1390924 13f79535-47bb-0310-9956-ffa450edef68",https://svn.apache.org/repos/asf/lucene/dev/branches/branch_4x@1390924,contains links,https://github.com/apache/lucene-solr/commit/bffc5624eff8e2790fb8d29b48385efd063c79d9,apache/lucene-solr,apache issue tracker,https://svn.apache.org/repos/asf/lucene/dev/branches/branch_4x@1390924,svn/source link,https://svn.apache.org/repos/asf/lucene/dev/branches/branch_4x@1390924,svn/source link,,https://svn.apache.org/repos/asf/lucene/dev/branches/branch_4x@1390924,not_available,"SVN revision date not found for r1390924; last error: <!DOCTYPE HTML PUBLIC ""-//IETF//DTD HTML 2.0//EN"">
<html><head>
<title>401 Unauthorized</title>
</head><body>
<h1>Unauthorized</h1>
<p>This server could not verify that you
are authorized to access the document
requested.  Either you supplied the wrong
credentials (e.g., bad password), or your
browser doesn't understand how to supply
the credentials required.</p>
</body></html>
 (401) for https://svn.apache.org/repos/asf/lucene/dev/branches/branch_4x@1390924",
CVE-2017-5651,"Fix https://bz.apache.org/bugzilla/show_bug.cgi?id=60918
When sendfile processing passes to the Poller for completion and then completes before Http11Processor.service() exists, the Processor is recycled which clears sendfileData causing the Processor to return CLOSED or OPEN rather than SENDFILE.

git-svn-id: https://svn.apache.org/repos/asf/tomcat/trunk@1788544 13f79535-47bb-0310-9956-ffa450edef68",https://bz.apache.org/bugzilla/show_bug.cgi?id=60918; https://svn.apache.org/repos/asf/tomcat/trunk@1788544,contains links,https://github.com/apache/tomcat/commit/9233d9d6a018be4415d4d7d6cb4fe01176adf1a8,apache/tomcat,apache issue tracker,https://bz.apache.org/bugzilla/show_bug.cgi?id=60918,bugzilla issue tracker,https://bz.apache.org/bugzilla/show_bug.cgi?id=60918,bugzilla issue tracker,,https://bz.apache.org/bugzilla/show_bug.cgi?id=60918,auth_required,login/authentication required,
CVE-2014-0096,"Redefine globalXsltFile as relative to CATALINA_BASE/conf or CATALINA_HOME/conf
This is part 1 of 2 of the fix for CVE-2014-0096


git-svn-id: https://svn.apache.org/repos/asf/tomcat/trunk@1578610 13f79535-47bb-0310-9956-ffa450edef68",https://svn.apache.org/repos/asf/tomcat/trunk@1578610,contains links,https://github.com/apache/tomcat/commit/f4863f73da45dab42595ea4f0f1c065ccb380239;https://github.com/apache/tomcat/commit/8d67386595064cf4f0563951dba313ec1bd7e4ea,apache/tomcat,apache issue tracker,https://svn.apache.org/repos/asf/tomcat/trunk@1578610,svn/source link,https://svn.apache.org/repos/asf/tomcat/trunk@1578610,svn/source link,,https://svn.apache.org/repos/asf/tomcat/trunk@1578610,not_available,"SVN revision date not found for r1578610; last error: <!DOCTYPE HTML PUBLIC ""-//IETF//DTD HTML 2.0//EN"">
<html><head>
<title>401 Unauthorized</title>
</head><body>
<h1>Unauthorized</h1>
<p>This server could not verify that you
are authorized to access the document
requested.  Either you supplied the wrong
credentials (e.g., bad password), or your
browser doesn't understand how to supply
the credentials required.</p>
</body></html>
 (401) for https://svn.apache.org/repos/asf/tomcat/trunk@1578610",
CVE-2021-25122,"Simplify the code and fix an edge case for BZ 64830

https://bz.apache.org/bugzilla/show_bug.cgi?id=64830",https://bz.apache.org/bugzilla/show_bug.cgi?id=64830,contains links,https://github.com/apache/tomcat/commit/dd757c0a893e2e35f8bc1385d6967221ae8b9b9b,apache/tomcat,apache issue tracker,https://bz.apache.org/bugzilla/show_bug.cgi?id=64830,bugzilla issue tracker,https://bz.apache.org/bugzilla/show_bug.cgi?id=64830,bugzilla issue tracker,,https://bz.apache.org/bugzilla/show_bug.cgi?id=64830,auth_required,login/authentication required,
CVE-2021-42575,"Render style tag content more strictly.

This addresses a vulnerability where policies that allow `<style>`
elements with text in `<option>` elements are vulnerable to XSS as
disclosed in

https://docs.google.com/document/d/11SoX296sMS0XoQiQbpxc5pNxSdbJKDJkm5BDv0zrX50/edit?usp=sharing

This changes behavior for rendering of `<style>` element text so may
change behavior.

Specifically, `<style>` element text that includes the strings `-->`
or `]]>` will no longer sanitize.",https://docs.google.com/document/d/11SoX296sMS0XoQiQbpxc5pNxSdbJKDJkm5BDv0zrX50/edit?usp=sharing,contains links,https://github.com/OWASP/java-html-sanitizer/commit/be33ec6962fa3938ec028873e269632d5d8fa55a,OWASP/java-html-sanitizer,other,https://docs.google.com/document/d/11SoX296sMS0XoQiQbpxc5pNxSdbJKDJkm5BDv0zrX50/edit?usp=sharing,other,https://docs.google.com/document/d/11SoX296sMS0XoQiQbpxc5pNxSdbJKDJkm5BDv0zrX50/edit?usp=sharing,other,,https://docs.google.com/document/d/11SoX296sMS0XoQiQbpxc5pNxSdbJKDJkm5BDv0zrX50/edit?usp=sharing,not_available,created date parser not implemented for link type: other,
CVE-2013-2134,"WW-4090 Itroduces actions names' whitelisting

git-svn-id: https://svn.apache.org/repos/asf/struts/struts2/branches/STRUTS_2_3_14_2_X@1488895 13f79535-47bb-0310-9956-ffa450edef68",https://svn.apache.org/repos/asf/struts/struts2/branches/STRUTS_2_3_14_2_X@1488895,contains links,https://github.com/apache/struts/commit/01e6b251b4db78bfb7971033652e81d1af4cb3e;https://github.com/apache/struts/commit/8b4fc81daeea3834bcbf73de5f48d0021917aa3,apache/struts,apache issue tracker,https://svn.apache.org/repos/asf/struts/struts2/branches/STRUTS_2_3_14_2_X@1488895,svn/source link,https://svn.apache.org/repos/asf/struts/struts2/branches/STRUTS_2_3_14_2_X@1488895,svn/source link,,https://svn.apache.org/repos/asf/struts/struts2/branches/STRUTS_2_3_14_2_X@1488895,not_available,"SVN revision date not found for r1488895; last error: <!DOCTYPE HTML PUBLIC ""-//IETF//DTD HTML 2.0//EN"">
<html><head>
<title>401 Unauthorized</title>
</head><body>
<h1>Unauthorized</h1>
<p>This server could not verify that you
are authorized to access the document
requested.  Either you supplied the wrong
credentials (e.g., bad password), or your
browser doesn't understand how to supply
the credentials required.</p>
</body></html>
 (401) for https://svn.apache.org/repos/asf/struts/struts2/branches/STRUTS_2_3_14_2_X@1488895",
CVE-2013-1768,"Disable logging during brokerfactory de-serialization.  Added type checking of plugin values.

git-svn-id: https://svn.apache.org/repos/asf/openjpa/branches/2.2.x@1462076 13f79535-47bb-0310-9956-ffa450edef68",https://svn.apache.org/repos/asf/openjpa/branches/2.2.x@1462076,contains links,https://github.com/apache/openjpa/commit/b8933dc24b84e7e7430ece56bd645d425dd89f24;https://github.com/apache/openjpa/commit/521fecd2d9b91c27e9f90d97e5f5479d17239eb8;https://github.com/apache/openjpa/commit/d3c68ad3bb9aa0e4e9abbfdec691abb06df642a5;https://github.com/apache/openjpa/commit/87a4452be08b4f97274d0ccfac585ae85841e470,apache/openjpa,apache issue tracker,https://svn.apache.org/repos/asf/openjpa/branches/2.2.x@1462076,svn/source link,https://svn.apache.org/repos/asf/openjpa/branches/2.2.x@1462076,svn/source link,,https://svn.apache.org/repos/asf/openjpa/branches/2.2.x@1462076,not_available,"SVN revision date not found for r1462076; last error: <!DOCTYPE HTML PUBLIC ""-//IETF//DTD HTML 2.0//EN"">
<html><head>
<title>401 Unauthorized</title>
</head><body>
<h1>Unauthorized</h1>
<p>This server could not verify that you
are authorized to access the document
requested.  Either you supplied the wrong
credentials (e.g., bad password), or your
browser doesn't understand how to supply
the credentials required.</p>
</body></html>
 (401) for https://svn.apache.org/repos/asf/openjpa/branches/2.2.x@1462076",
CVE-2016-6793,"Do not (de)serialize DiskFileItem.

X-Ref: https://github.com/apache/commons-fileupload/commit/7b201e44962c99cf4019e137aee9ccc0273c3ab1",https://github.com/apache/commons-fileupload/commit/7b201e44962c99cf4019e137aee9ccc0273c3ab1,contains links,https://github.com/apache/wicket/commit/134686ef7185d3f96fec953136ab4847cd36b68,apache/wicket,other,https://github.com/apache/commons-fileupload/commit/7b201e44962c99cf4019e137aee9ccc0273c3ab1,github commit,https://github.com/apache/commons-fileupload/commit/7b201e44962c99cf4019e137aee9ccc0273c3ab1,github commit,2016-05-12T13:39:38Z,https://api.github.com/repos/apache/commons-fileupload/commits/7b201e44962c99cf4019e137aee9ccc0273c3ab1,ok,GitHub commit URL has no created_at; used commit committer date,commit_committer_date
CVE-2009-2901,"Various related (un)deploy improvements including:
- better handling of failed (un)deployment
- adding checking for invalid zip file entries that don't make sense in a WAR file
- improved validation of WAR file names.
These changes address CVE-2009-2693, CVE-2009-2901 and CVE-2009-2902.

git-svn-id: https://svn.apache.org/repos/asf/tomcat/tc5.5.x/trunk@902650 13f79535-47bb-0310-9956-ffa450edef68",https://svn.apache.org/repos/asf/tomcat/tc5.5.x/trunk@902650,contains links,https://github.com/apache/tomcat55/commit/0299cb724ea71f304d54adfcdb950f59b01fb421;https://github.com/apache/tomcat/commit/3e1010b1a2f648581fac3d68afbf18f2979f6bf6,apache/tomcat55,apache issue tracker,https://svn.apache.org/repos/asf/tomcat/tc5.5.x/trunk@902650,svn/source link,https://svn.apache.org/repos/asf/tomcat/tc5.5.x/trunk@902650,svn/source link,,https://svn.apache.org/repos/asf/tomcat/tc5.5.x/trunk@902650,not_available,"SVN revision date not found for r902650; last error: <!DOCTYPE HTML PUBLIC ""-//IETF//DTD HTML 2.0//EN"">
<html><head>
<title>401 Unauthorized</title>
</head><body>
<h1>Unauthorized</h1>
<p>This server could not verify that you
are authorized to access the document
requested.  Either you supplied the wrong
credentials (e.g., bad password), or your
browser doesn't understand how to supply
the credentials required.</p>
</body></html>
 (401) for https://svn.apache.org/repos/asf/tomcat/tc5.5.x/trunk@902650",
CVE-2017-5664,"Use a more reliable mechanism for the DefaultServlet when determining if the current request is for custom error page or not.

git-svn-id: https://svn.apache.org/repos/asf/tomcat/tc8.0.x/trunk@1793470 13f79535-47bb-0310-9956-ffa450edef68",https://svn.apache.org/repos/asf/tomcat/tc8.0.x/trunk@1793470,contains links,https://github.com/apache/tomcat80/commit/e070a31ec81b56377822e44883c64abb41f36a3b,apache/tomcat80,apache issue tracker,https://svn.apache.org/repos/asf/tomcat/tc8.0.x/trunk@1793470,svn/source link,https://svn.apache.org/repos/asf/tomcat/tc8.0.x/trunk@1793470,svn/source link,,https://svn.apache.org/repos/asf/tomcat/tc8.0.x/trunk@1793470,not_available,"SVN revision date not found for r1793470; last error: <!DOCTYPE HTML PUBLIC ""-//IETF//DTD HTML 2.0//EN"">
<html><head>
<title>401 Unauthorized</title>
</head><body>
<h1>Unauthorized</h1>
<p>This server could not verify that you
are authorized to access the document
requested.  Either you supplied the wrong
credentials (e.g., bad password), or your
browser doesn't understand how to supply
the credentials required.</p>
</body></html>
 (401) for https://svn.apache.org/repos/asf/tomcat/tc8.0.x/trunk@1793470",
CVE-2011-1088,"CVE-2011-1088
@ServletSecurity
Servlets added via addServlet() should not be processed unless created via craeteServlet. Need to delay scanning until urlPatterns are known

git-svn-id: https://svn.apache.org/repos/asf/tomcat/trunk@1077995 13f79535-47bb-0310-9956-ffa450edef68",https://svn.apache.org/repos/asf/tomcat/trunk@1077995,contains links,https://github.com/apache/tomcat/commit/ece65c1a428094b1c6c17de3d7593f64e1bb1286;https://github.com/apache/tomcat/commit/f528992ec6cd7b62c9ced5b3a7dc4cda6bfd1a5e;https://github.com/apache/tomcat/commit/9c90bdc1ad942374b1bb6b147613497970b3c8e1;https://github.com/apache/tomcat/commit/3e5b045,apache/tomcat,apache issue tracker,https://svn.apache.org/repos/asf/tomcat/trunk@1077995,svn/source link,https://svn.apache.org/repos/asf/tomcat/trunk@1077995,svn/source link,,https://svn.apache.org/repos/asf/tomcat/trunk@1077995,not_available,"SVN revision date not found for r1077995; last error: <!DOCTYPE HTML PUBLIC ""-//IETF//DTD HTML 2.0//EN"">
<html><head>
<title>401 Unauthorized</title>
</head><body>
<h1>Unauthorized</h1>
<p>This server could not verify that you
are authorized to access the document
requested.  Either you supplied the wrong
credentials (e.g., bad password), or your
browser doesn't understand how to supply
the credentials required.</p>
</body></html>
 (401) for https://svn.apache.org/repos/asf/tomcat/trunk@1077995",
CVE-2013-2248,"WW-4140
- Lukasz' patch applied

git-svn-id: https://svn.apache.org/repos/asf/struts/struts2/branches/STRUTS_2_3_15_X@1502979 13f79535-47bb-0310-9956-ffa450edef68",https://svn.apache.org/repos/asf/struts/struts2/branches/STRUTS_2_3_15_X@1502979,contains links,https://github.com/apache/struts/commit/3cfe34fefedcf0fdcfcb061c0aea34a715b7de63,apache/struts,apache issue tracker,https://svn.apache.org/repos/asf/struts/struts2/branches/STRUTS_2_3_15_X@1502979,svn/source link,https://svn.apache.org/repos/asf/struts/struts2/branches/STRUTS_2_3_15_X@1502979,svn/source link,,https://svn.apache.org/repos/asf/struts/struts2/branches/STRUTS_2_3_15_X@1502979,not_available,"SVN revision date not found for r1502979; last error: <!DOCTYPE HTML PUBLIC ""-//IETF//DTD HTML 2.0//EN"">
<html><head>
<title>401 Unauthorized</title>
</head><body>
<h1>Unauthorized</h1>
<p>This server could not verify that you
are authorized to access the document
requested.  Either you supplied the wrong
credentials (e.g., bad password), or your
browser doesn't understand how to supply
the credentials required.</p>
</body></html>
 (401) for https://svn.apache.org/repos/asf/struts/struts2/branches/STRUTS_2_3_15_X@1502979",
CVE-2017-12616,"Correct regression in r1804604 that broke WebDAV.

git-svn-id: https://svn.apache.org/repos/asf/tomcat/tc7.0.x/trunk@1804729 13f79535-47bb-0310-9956-ffa450edef68",https://svn.apache.org/repos/asf/tomcat/tc7.0.x/trunk@1804729,contains links,https://github.com/apache/tomcat/commit/07dc0ea2745f0afab6415f22b16a29f1c6de5727,apache/tomcat,apache issue tracker,https://svn.apache.org/repos/asf/tomcat/tc7.0.x/trunk@1804729,svn/source link,https://svn.apache.org/repos/asf/tomcat/tc7.0.x/trunk@1804729,svn/source link,,https://svn.apache.org/repos/asf/tomcat/tc7.0.x/trunk@1804729,not_available,"SVN revision date not found for r1804729; last error: <!DOCTYPE HTML PUBLIC ""-//IETF//DTD HTML 2.0//EN"">
<html><head>
<title>401 Unauthorized</title>
</head><body>
<h1>Unauthorized</h1>
<p>This server could not verify that you
are authorized to access the document
requested.  Either you supplied the wrong
credentials (e.g., bad password), or your
browser doesn't understand how to supply
the credentials required.</p>
</body></html>
 (401) for https://svn.apache.org/repos/asf/tomcat/tc7.0.x/trunk@1804729",
CVE-2014-0107,"Commit patch to handle secure processing. Thank you Ryan Berg.

git-svn-id: https://svn.apache.org/repos/asf/xalan/java/branches/xalan-j_2_7_1_maint@1581058 13f79535-47bb-0310-9956-ffa450edef68",https://svn.apache.org/repos/asf/xalan/java/branches/xalan-j_2_7_1_maint@1581058,contains links,https://github.com/apache/xalan-j/commit/cbfd906cc5a1f1566fa1a98400c82e56077fae0c,apache/xalan-j,apache issue tracker,https://svn.apache.org/repos/asf/xalan/java/branches/xalan-j_2_7_1_maint@1581058,svn/source link,https://svn.apache.org/repos/asf/xalan/java/branches/xalan-j_2_7_1_maint@1581058,svn/source link,,https://svn.apache.org/repos/asf/xalan/java/branches/xalan-j_2_7_1_maint@1581058,not_available,"SVN revision date not found for r1581058; last error: <!DOCTYPE HTML PUBLIC ""-//IETF//DTD HTML 2.0//EN"">
<html><head>
<title>401 Unauthorized</title>
</head><body>
<h1>Unauthorized</h1>
<p>This server could not verify that you
are authorized to access the document
requested.  Either you supplied the wrong
credentials (e.g., bad password), or your
browser doesn't understand how to supply
the credentials required.</p>
</body></html>
 (401) for https://svn.apache.org/repos/asf/xalan/java/branches/xalan-j_2_7_1_maint@1581058",
CVE-2008-1947,"Fix potential XSS in host-manager.
This is CVE-2008-1947.

git-svn-id: https://svn.apache.org/repos/asf/tomcat/trunk@662582 13f79535-47bb-0310-9956-ffa450edef68",https://svn.apache.org/repos/asf/tomcat/trunk@662582,contains links,https://github.com/apache/tomcat/commit/ab6a6c41ac972c845717c9d639f0335865afab4d,apache/tomcat,apache issue tracker,https://svn.apache.org/repos/asf/tomcat/trunk@662582,svn/source link,https://svn.apache.org/repos/asf/tomcat/trunk@662582,svn/source link,,https://svn.apache.org/repos/asf/tomcat/trunk@662582,not_available,"SVN revision date not found for r662582; last error: <!DOCTYPE HTML PUBLIC ""-//IETF//DTD HTML 2.0//EN"">
<html><head>
<title>401 Unauthorized</title>
</head><body>
<h1>Unauthorized</h1>
<p>This server could not verify that you
are authorized to access the document
requested.  Either you supplied the wrong
credentials (e.g., bad password), or your
browser doesn't understand how to supply
the credentials required.</p>
</body></html>
 (401) for https://svn.apache.org/repos/asf/tomcat/trunk@662582",
CVE-2014-0228,"HIVE-6919 : hive sql std auth select query fails on partitioned tables (Thejas Nair via Ashutosh Chauhan)

git-svn-id: https://svn.apache.org/repos/asf/hive/trunk@1588357 13f79535-47bb-0310-9956-ffa450edef68",https://svn.apache.org/repos/asf/hive/trunk@1588357,contains links,https://github.com/apache/hive/commit/9ef3522f632a0abb5465eca849188776c1b4db13;https://github.com/apache/hive/commit/c3d7083b7605d1753946c4c4411e3a3241ea7ffe,apache/hive,apache issue tracker,https://svn.apache.org/repos/asf/hive/trunk@1588357,svn/source link,https://svn.apache.org/repos/asf/hive/trunk@1588357,svn/source link,,https://svn.apache.org/repos/asf/hive/trunk@1588357,not_available,"SVN revision date not found for r1588357; last error: <!DOCTYPE HTML PUBLIC ""-//IETF//DTD HTML 2.0//EN"">
<html><head>
<title>401 Unauthorized</title>
</head><body>
<h1>Unauthorized</h1>
<p>This server could not verify that you
are authorized to access the document
requested.  Either you supplied the wrong
credentials (e.g., bad password), or your
browser doesn't understand how to supply
the credentials required.</p>
</body></html>
 (401) for https://svn.apache.org/repos/asf/hive/trunk@1588357",
CVE-2016-6816,"Add additional checks for valid characters to the HTTP request line
parsing so invalid request lines are rejected sooner.

git-svn-id: https://svn.apache.org/repos/asf/tomcat/tc8.0.x/trunk@1767653 13f79535-47bb-0310-9956-ffa450edef68",https://svn.apache.org/repos/asf/tomcat/tc8.0.x/trunk@1767653,contains links,https://github.com/apache/tomcat80/commit/779d5d34e68e50d2f721897050b147106992f566,apache/tomcat80,apache issue tracker,https://svn.apache.org/repos/asf/tomcat/tc8.0.x/trunk@1767653,svn/source link,https://svn.apache.org/repos/asf/tomcat/tc8.0.x/trunk@1767653,svn/source link,,https://svn.apache.org/repos/asf/tomcat/tc8.0.x/trunk@1767653,not_available,"SVN revision date not found for r1767653; last error: <!DOCTYPE HTML PUBLIC ""-//IETF//DTD HTML 2.0//EN"">
<html><head>
<title>401 Unauthorized</title>
</head><body>
<h1>Unauthorized</h1>
<p>This server could not verify that you
are authorized to access the document
requested.  Either you supplied the wrong
credentials (e.g., bad password), or your
browser doesn't understand how to supply
the credentials required.</p>
</body></html>
 (401) for https://svn.apache.org/repos/asf/tomcat/tc8.0.x/trunk@1767653",
CVE-2018-10237,"Avoid presizing arrays.

RELNOTES=Fixed Denial of Service vulnerability for servers that use Guava and deserialize attacker data: [CVE-2018-10237](https://github.com/google/guava/wiki/CVE-2018-10237).

-------------
Created by MOE: https://github.com/google/moe
MOE_MIGRATED_REVID=194113840",https://github.com/google/guava/wiki/CVE-2018-10237).; https://github.com/google/moe,contains links,https://github.com/google/guava/commit/f89ece5721b2f637fe754937ff1f3c86d80bb196;https://github.com/google/guava/commit/7ec8718f1e6e2814dabaa4b9f96b6b33a813101c,google/guava,other,https://github.com/google/guava/wiki/CVE-2018-10237,github other,https://github.com/google/guava/wiki/CVE-2018-10237,github other,,https://github.com/google/guava/wiki/CVE-2018-10237,not_available,created date parser not implemented for link type: github other,
CVE-2018-1332,"Merge branch 'STORM-3027-1.x' of https://github.com/revans2/incubator-storm into 1.x-branch

STORM-3027: Make impersonation optional",https://github.com/revans2/incubator-storm,contains links,https://github.com/apache/storm/commit/58f7aefb8b9ffe77693669dbc94ee6446f3ed6e8,apache/storm,other,https://github.com/revans2/incubator-storm,github other,https://github.com/revans2/incubator-storm,github other,,https://github.com/revans2/incubator-storm,not_available,created date parser not implemented for link type: github other,
CVE-2017-15691,"no Jira - fix various xml reader factories missing feature setups

git-svn-id: https://svn.apache.org/repos/asf/uima/uimaj/trunk@1809174 13f79535-47bb-0310-9956-ffa450edef68",https://svn.apache.org/repos/asf/uima/uimaj/trunk@1809174,contains links,https://github.com/apache/uima-uimaj/commit/39909bf21fd694f4fb792d1de8adc72562ead25e,apache/uima-uimaj,apache issue tracker,https://svn.apache.org/repos/asf/uima/uimaj/trunk@1809174,svn/source link,https://svn.apache.org/repos/asf/uima/uimaj/trunk@1809174,svn/source link,,https://svn.apache.org/repos/asf/uima/uimaj/trunk@1809174,not_available,"SVN revision date not found for r1809174; last error: <!DOCTYPE HTML PUBLIC ""-//IETF//DTD HTML 2.0//EN"">
<html><head>
<title>401 Unauthorized</title>
</head><body>
<h1>Unauthorized</h1>
<p>This server could not verify that you
are authorized to access the document
requested.  Either you supplied the wrong
credentials (e.g., bad password), or your
browser doesn't understand how to supply
the credentials required.</p>
</body></html>
 (401) for https://svn.apache.org/repos/asf/uima/uimaj/trunk@1809174",
CVE-2012-0391,"WW-3668 - Vulnerability: User input is evaluated as an OGNL expression when there's a conversion error (a demonstrative patch).

git-svn-id: https://svn.apache.org/repos/asf/struts/struts2/trunk@1156279 13f79535-47bb-0310-9956-ffa450edef68",https://svn.apache.org/repos/asf/struts/struts2/trunk@1156279,contains links,https://github.com/apache/struts/commit/5f54b8d087f5125d96838aafa5f64c2190e6885b;https://github.com/apache/struts/commit/b4265d369dc29d57a9f2846a85b26598e83f3892,apache/struts,apache issue tracker,https://svn.apache.org/repos/asf/struts/struts2/trunk@1156279,svn/source link,https://svn.apache.org/repos/asf/struts/struts2/trunk@1156279,svn/source link,,https://svn.apache.org/repos/asf/struts/struts2/trunk@1156279,not_available,"SVN revision date not found for r1156279; last error: <!DOCTYPE HTML PUBLIC ""-//IETF//DTD HTML 2.0//EN"">
<html><head>
<title>401 Unauthorized</title>
</head><body>
<h1>Unauthorized</h1>
<p>This server could not verify that you
are authorized to access the document
requested.  Either you supplied the wrong
credentials (e.g., bad password), or your
browser doesn't understand how to supply
the credentials required.</p>
</body></html>
 (401) for https://svn.apache.org/repos/asf/struts/struts2/trunk@1156279",
CVE-2015-4852,"[COLLECTIONS-580] Removed serialization support for the identified unsafe classes in the collections4 branch.

git-svn-id: https://svn.apache.org/repos/asf/commons/proper/collections/trunk@1714262 13f79535-47bb-0310-9956-ffa450edef68",https://svn.apache.org/repos/asf/commons/proper/collections/trunk@1714262,contains links,https://github.com/apache/commons-collections/commit/e585cd0433ae4cfbc56e58572b9869bd0c86b611,apache/commons-collections,apache issue tracker,https://svn.apache.org/repos/asf/commons/proper/collections/trunk@1714262,svn/source link,https://svn.apache.org/repos/asf/commons/proper/collections/trunk@1714262,svn/source link,,https://svn.apache.org/repos/asf/commons/proper/collections/trunk@1714262,not_available,"SVN revision date not found for r1714262; last error: <!DOCTYPE HTML PUBLIC ""-//IETF//DTD HTML 2.0//EN"">
<html><head>
<title>401 Unauthorized</title>
</head><body>
<h1>Unauthorized</h1>
<p>This server could not verify that you
are authorized to access the document
requested.  Either you supplied the wrong
credentials (e.g., bad password), or your
browser doesn't understand how to supply
the credentials required.</p>
</body></html>
 (401) for https://svn.apache.org/repos/asf/commons/proper/collections/trunk@1714262",
CVE-2014-0095,"Correct regression introduced in 8.0.0-RC2 as part of the Servlet 3.1 non-blocking IO support that broke handling of requests with an explicit content length of zero.
This is the fix for CVE-2014-0095


git-svn-id: https://svn.apache.org/repos/asf/tomcat/trunk@1578392 13f79535-47bb-0310-9956-ffa450edef68",https://svn.apache.org/repos/asf/tomcat/trunk@1578392,contains links,https://github.com/apache/tomcat/commit/1bd7d414983f2f420dd37e78b5f4686e737dd3e6;https://github.com/apache/tomcat/commit/8884dae,apache/tomcat,apache issue tracker,https://svn.apache.org/repos/asf/tomcat/trunk@1578392,svn/source link,https://svn.apache.org/repos/asf/tomcat/trunk@1578392,svn/source link,,https://svn.apache.org/repos/asf/tomcat/trunk@1578392,not_available,"SVN revision date not found for r1578392; last error: <!DOCTYPE HTML PUBLIC ""-//IETF//DTD HTML 2.0//EN"">
<html><head>
<title>401 Unauthorized</title>
</head><body>
<h1>Unauthorized</h1>
<p>This server could not verify that you
are authorized to access the document
requested.  Either you supplied the wrong
credentials (e.g., bad password), or your
browser doesn't understand how to supply
the credentials required.</p>
</body></html>
 (401) for https://svn.apache.org/repos/asf/tomcat/trunk@1578392",
CVE-2011-2204,"Fix CVE-2011-2204.
Prevent user passwords appearing in log files if a runtime exception (e.g. OOME) occurs while creating a new user for a MemoryUserDatabase via JMX.

git-svn-id: https://svn.apache.org/repos/asf/tomcat/trunk@1140070 13f79535-47bb-0310-9956-ffa450edef68",https://svn.apache.org/repos/asf/tomcat/trunk@1140070,contains links,https://github.com/apache/tomcat/commit/763a56b45999653ce648a18462b8a826809215b1;https://github.com/apache/tomcat/commit/0ecc4643938de4ed889e85952b30bf76ac92732c,apache/tomcat,apache issue tracker,https://svn.apache.org/repos/asf/tomcat/trunk@1140070,svn/source link,https://svn.apache.org/repos/asf/tomcat/trunk@1140070,svn/source link,,https://svn.apache.org/repos/asf/tomcat/trunk@1140070,not_available,"SVN revision date not found for r1140070; last error: <!DOCTYPE HTML PUBLIC ""-//IETF//DTD HTML 2.0//EN"">
<html><head>
<title>401 Unauthorized</title>
</head><body>
<h1>Unauthorized</h1>
<p>This server could not verify that you
are authorized to access the document
requested.  Either you supplied the wrong
credentials (e.g., bad password), or your
browser doesn't understand how to supply
the credentials required.</p>
</body></html>
 (401) for https://svn.apache.org/repos/asf/tomcat/trunk@1140070",
CVE-2016-0956,"SLING-4415 - :applyTo should not display changeLog (when operation fails)

git-svn-id: https://svn.apache.org/repos/asf/sling/trunk/bundles/servlets/post@1678892 13f79535-47bb-0310-9956-ffa450edef68",https://svn.apache.org/repos/asf/sling/trunk/bundles/servlets/post@1678892,contains links,https://github.com/apache/sling/commit/0f1e85834761a128ab07ea04bd254e24b750ab80,apache/sling,apache issue tracker,https://svn.apache.org/repos/asf/sling/trunk/bundles/servlets/post@1678892,svn/source link,https://svn.apache.org/repos/asf/sling/trunk/bundles/servlets/post@1678892,svn/source link,,https://svn.apache.org/repos/asf/sling/trunk/bundles/servlets/post@1678892,not_available,"SVN revision date not found for r1678892; last error: <!DOCTYPE HTML PUBLIC ""-//IETF//DTD HTML 2.0//EN"">
<html><head>
<title>401 Unauthorized</title>
</head><body>
<h1>Unauthorized</h1>
<p>This server could not verify that you
are authorized to access the document
requested.  Either you supplied the wrong
credentials (e.g., bad password), or your
browser doesn't understand how to supply
the credentials required.</p>
</body></html>
 (401) for https://svn.apache.org/repos/asf/sling/trunk/bundles/servlets/post@1678892",
CVE-2018-1294,"Replaces end-of-line characters with spaces in email subjects.

git-svn-id: https://svn.apache.org/repos/asf/commons/proper/email/trunk@1801385 13f79535-47bb-0310-9956-ffa450edef68",https://svn.apache.org/repos/asf/commons/proper/email/trunk@1801385,contains links,https://github.com/apache/commons-email/commit/0a944fe3703fb754c7122a7de98396811781da24,apache/commons-email,apache issue tracker,https://svn.apache.org/repos/asf/commons/proper/email/trunk@1801385,svn/source link,https://svn.apache.org/repos/asf/commons/proper/email/trunk@1801385,svn/source link,,https://svn.apache.org/repos/asf/commons/proper/email/trunk@1801385,not_available,"SVN revision date not found for r1801385; last error: <!DOCTYPE HTML PUBLIC ""-//IETF//DTD HTML 2.0//EN"">
<html><head>
<title>401 Unauthorized</title>
</head><body>
<h1>Unauthorized</h1>
<p>This server could not verify that you
are authorized to access the document
requested.  Either you supplied the wrong
credentials (e.g., bad password), or your
browser doesn't understand how to supply
the credentials required.</p>
</body></html>
 (401) for https://svn.apache.org/repos/asf/commons/proper/email/trunk@1801385",
CVE-2017-7675,"Fix https://bz.apache.org/bugzilla/show_bug.cgi?id=61120
Do not ignore path parameters when processing HTTP/2 requests.

git-svn-id: https://svn.apache.org/repos/asf/tomcat/trunk@1796090 13f79535-47bb-0310-9956-ffa450edef68",https://bz.apache.org/bugzilla/show_bug.cgi?id=61120; https://svn.apache.org/repos/asf/tomcat/trunk@1796090,contains links,https://github.com/apache/tomcat/commit/cf181edc9a8c239cde704cffc3c503425bdcae2b,apache/tomcat,apache issue tracker,https://bz.apache.org/bugzilla/show_bug.cgi?id=61120,bugzilla issue tracker,https://bz.apache.org/bugzilla/show_bug.cgi?id=61120,bugzilla issue tracker,,https://bz.apache.org/bugzilla/show_bug.cgi?id=61120,auth_required,login/authentication required,
CVE-2013-2186,"When deserializing DiskFileItems ensure that the repository location, if any, is a valid one.
Patch provided by Arun Babu Neelicattu.

git-svn-id: https://svn.apache.org/repos/asf/commons/proper/fileupload/trunk@1507048 13f79535-47bb-0310-9956-ffa450edef68",https://svn.apache.org/repos/asf/commons/proper/fileupload/trunk@1507048,contains links,https://github.com/apache/commons-fileupload/commit/163a6061fbc077d4b6e4787d26857c2baba495d1;https://github.com/apache/commons-fileupload/commit/7ddc7a176eadf22ab7ee1881a80b768e4b193727,apache/commons-fileupload,apache issue tracker,https://svn.apache.org/repos/asf/commons/proper/fileupload/trunk@1507048,svn/source link,https://svn.apache.org/repos/asf/commons/proper/fileupload/trunk@1507048,svn/source link,,https://svn.apache.org/repos/asf/commons/proper/fileupload/trunk@1507048,not_available,"SVN revision date not found for r1507048; last error: <!DOCTYPE HTML PUBLIC ""-//IETF//DTD HTML 2.0//EN"">
<html><head>
<title>401 Unauthorized</title>
</head><body>
<h1>Unauthorized</h1>
<p>This server could not verify that you
are authorized to access the document
requested.  Either you supplied the wrong
credentials (e.g., bad password), or your
browser doesn't understand how to supply
the credentials required.</p>
</body></html>
 (401) for https://svn.apache.org/repos/asf/commons/proper/fileupload/trunk@1507048",
CVE-2011-3190,"Fix https://issues.apache.org/bugzilla/show_bug.cgi?id=51698
Fix CVE-2011-3190
Prevent AJP request forgery via unread request body packet

git-svn-id: https://svn.apache.org/repos/asf/tomcat/trunk@1162957 13f79535-47bb-0310-9956-ffa450edef68",https://issues.apache.org/bugzilla/show_bug.cgi?id=51698; https://svn.apache.org/repos/asf/tomcat/trunk@1162957,contains links,https://github.com/apache/tomcat/commit/a2538ce78f83b7376c48d12d8247600079d789b1;https://github.com/apache/tomcat70/commit/90ec9675fa080e22df5f9e3e7019a19eb2faec14,apache/tomcat,apache issue tracker,https://issues.apache.org/bugzilla/show_bug.cgi?id=51698,bugzilla issue tracker,https://issues.apache.org/bugzilla/show_bug.cgi?id=51698,bugzilla issue tracker,,https://issues.apache.org/bugzilla/show_bug.cgi?id=51698,auth_required,login/authentication required,
CVE-2010-1157,"Fix CVE-2010-1157.
Prevent possible disclosure of host name or IP address via the HTTP WWW-Authenticate header when using BASIC or DIGEST authentication.

git-svn-id: https://svn.apache.org/repos/asf/tomcat/trunk@936539 13f79535-47bb-0310-9956-ffa450edef68",https://svn.apache.org/repos/asf/tomcat/trunk@936539,contains links,https://github.com/apache/tomcat/commit/a4de93b2aaf74fff7c1e194f7ce3d2228a9680b8;https://github.com/apache/tomcat/commit/db32c25e06e1b0a5a274cad4cfc1ad35ff7c0e9a,apache/tomcat,apache issue tracker,https://svn.apache.org/repos/asf/tomcat/trunk@936539,svn/source link,https://svn.apache.org/repos/asf/tomcat/trunk@936539,svn/source link,,https://svn.apache.org/repos/asf/tomcat/trunk@936539,not_available,"SVN revision date not found for r936539; last error: <!DOCTYPE HTML PUBLIC ""-//IETF//DTD HTML 2.0//EN"">
<html><head>
<title>401 Unauthorized</title>
</head><body>
<h1>Unauthorized</h1>
<p>This server could not verify that you
are authorized to access the document
requested.  Either you supplied the wrong
credentials (e.g., bad password), or your
browser doesn't understand how to supply
the credentials required.</p>
</body></html>
 (401) for https://svn.apache.org/repos/asf/tomcat/trunk@936539",
CVE-2011-1475,"Move the processor.recycle calls to just before the point where the processor is returned to the pool. This ensures returned processors are recycled (this could have been skipped on some exception paths)
Possible contributing factor to https://issues.apache.org/bugzilla/show_bug.cgi?id=50957 ?
This is part of the fix for CVE-2011-1475

git-svn-id: https://svn.apache.org/repos/asf/tomcat/trunk@1086349 13f79535-47bb-0310-9956-ffa450edef68",https://issues.apache.org/bugzilla/show_bug.cgi?id=50957; https://svn.apache.org/repos/asf/tomcat/trunk@1086349,contains links,https://github.com/apache/tomcat/commit/df3b24b87f8d2e6a5f4fea57f687e76a0f5124d7,apache/tomcat,apache issue tracker,https://issues.apache.org/bugzilla/show_bug.cgi?id=50957,bugzilla issue tracker,https://issues.apache.org/bugzilla/show_bug.cgi?id=50957,bugzilla issue tracker,,https://issues.apache.org/bugzilla/show_bug.cgi?id=50957,auth_required,login/authentication required,
CVE-2009-2693,"Various related (un)deploy improvements including:
- better handling of failed (un)deployment
- adding checking for invalid zip file entries that don't make sense in a WAR file
- improved validation of WAR file names.
These changes address CVE-2009-2693, CVE-2009-2901 and CVE-2009-2902.

git-svn-id: https://svn.apache.org/repos/asf/tomcat/tc5.5.x/trunk@902650 13f79535-47bb-0310-9956-ffa450edef68",https://svn.apache.org/repos/asf/tomcat/tc5.5.x/trunk@902650,contains links,https://github.com/apache/tomcat55/commit/0299cb724ea71f304d54adfcdb950f59b01fb421;https://github.com/apache/tomcat/commit/4b0e7e7a9f28e707f26fcbba3a1526e5053e6fa8,apache/tomcat55,apache issue tracker,https://svn.apache.org/repos/asf/tomcat/tc5.5.x/trunk@902650,svn/source link,https://svn.apache.org/repos/asf/tomcat/tc5.5.x/trunk@902650,svn/source link,,https://svn.apache.org/repos/asf/tomcat/tc5.5.x/trunk@902650,not_available,"SVN revision date not found for r902650; last error: <!DOCTYPE HTML PUBLIC ""-//IETF//DTD HTML 2.0//EN"">
<html><head>
<title>401 Unauthorized</title>
</head><body>
<h1>Unauthorized</h1>
<p>This server could not verify that you
are authorized to access the document
requested.  Either you supplied the wrong
credentials (e.g., bad password), or your
browser doesn't understand how to supply
the credentials required.</p>
</body></html>
 (401) for https://svn.apache.org/repos/asf/tomcat/tc5.5.x/trunk@902650",
CVE-2021-27807,"PDFBOX-4892: optimize loop, as suggested by valerybokov

git-svn-id: https://svn.apache.org/repos/asf/pdfbox/branches/2.0@1887586 13f79535-47bb-0310-9956-ffa450edef68",https://svn.apache.org/repos/asf/pdfbox/branches/2.0@1887586,contains links,https://github.com/apache/pdfbox/commit/c978d742bd64137aacdba346f3afe7238a5ac9a7,apache/pdfbox,apache issue tracker,https://svn.apache.org/repos/asf/pdfbox/branches/2.0@1887586,svn/source link,https://svn.apache.org/repos/asf/pdfbox/branches/2.0@1887586,svn/source link,,https://svn.apache.org/repos/asf/pdfbox/branches/2.0@1887586,not_available,"SVN revision date not found for r1887586; last error: <!DOCTYPE HTML PUBLIC ""-//IETF//DTD HTML 2.0//EN"">
<html><head>
<title>401 Unauthorized</title>
</head><body>
<h1>Unauthorized</h1>
<p>This server could not verify that you
are authorized to access the document
requested.  Either you supplied the wrong
credentials (e.g., bad password), or your
browser doesn't understand how to supply
the credentials required.</p>
</body></html>
 (401) for https://svn.apache.org/repos/asf/pdfbox/branches/2.0@1887586",
CVE-2017-5647,"Improve sendfile handling when requests are pipelined.

git-svn-id: https://svn.apache.org/repos/asf/tomcat/tc8.0.x/trunk@1788999 13f79535-47bb-0310-9956-ffa450edef68",https://svn.apache.org/repos/asf/tomcat/tc8.0.x/trunk@1788999,contains links,https://github.com/apache/tomcat80/commit/ec10b8c785d1db91fe58946436f854dde04410fd,apache/tomcat80,apache issue tracker,https://svn.apache.org/repos/asf/tomcat/tc8.0.x/trunk@1788999,svn/source link,https://svn.apache.org/repos/asf/tomcat/tc8.0.x/trunk@1788999,svn/source link,,https://svn.apache.org/repos/asf/tomcat/tc8.0.x/trunk@1788999,not_available,"SVN revision date not found for r1788999; last error: <!DOCTYPE HTML PUBLIC ""-//IETF//DTD HTML 2.0//EN"">
<html><head>
<title>401 Unauthorized</title>
</head><body>
<h1>Unauthorized</h1>
<p>This server could not verify that you
are authorized to access the document
requested.  Either you supplied the wrong
credentials (e.g., bad password), or your
browser doesn't understand how to supply
the credentials required.</p>
</body></html>
 (401) for https://svn.apache.org/repos/asf/tomcat/tc8.0.x/trunk@1788999",
CVE-2016-8745,"Fix https://bz.apache.org/bugzilla/show_bug.cgi?id=60409
When unable to complete sendfile request, ensure the Processor will be added to the cache only once. Patch by markt.

git-svn-id: https://svn.apache.org/repos/asf/tomcat/trunk@1771853 13f79535-47bb-0310-9956-ffa450edef68",https://bz.apache.org/bugzilla/show_bug.cgi?id=60409; https://svn.apache.org/repos/asf/tomcat/trunk@1771853,contains links,https://github.com/apache/tomcat/commit/cbc9b18a845d3c8c053ac293dffda6c6c19dd92b,apache/tomcat,apache issue tracker,https://bz.apache.org/bugzilla/show_bug.cgi?id=60409,bugzilla issue tracker,https://bz.apache.org/bugzilla/show_bug.cgi?id=60409,bugzilla issue tracker,,https://bz.apache.org/bugzilla/show_bug.cgi?id=60409,auth_required,login/authentication required,
CVE-2015-5346,"Fix https://bz.apache.org/bugzilla/show_bug.cgi?id=58809
Correctly recycle the cookies when mapping requests for parallel deployment
This is part 2 of 2 of the fix for CVE-2015-5346

git-svn-id: https://svn.apache.org/repos/asf/tomcat/trunk@1723414 13f79535-47bb-0310-9956-ffa450edef68",https://bz.apache.org/bugzilla/show_bug.cgi?id=58809; https://svn.apache.org/repos/asf/tomcat/trunk@1723414,contains links,https://github.com/apache/tomcat/commit/0dd9e7811a06e0e131da734eb706a1db4a77119c,apache/tomcat,apache issue tracker,https://bz.apache.org/bugzilla/show_bug.cgi?id=58809,bugzilla issue tracker,https://bz.apache.org/bugzilla/show_bug.cgi?id=58809,bugzilla issue tracker,,https://bz.apache.org/bugzilla/show_bug.cgi?id=58809,auth_required,login/authentication required,
CVE-2013-0239,"[CXF-4776] - Fix + re-enable tests

git-svn-id: https://svn.apache.org/repos/asf/cxf/trunk@1438424 13f79535-47bb-0310-9956-ffa450edef68",https://svn.apache.org/repos/asf/cxf/trunk@1438424,contains links,https://github.com/apache/cxf/commit/295a4e2f9eb3e7e0513980202949ccc424dee2d4,apache/cxf,apache issue tracker,https://svn.apache.org/repos/asf/cxf/trunk@1438424,svn/source link,https://svn.apache.org/repos/asf/cxf/trunk@1438424,svn/source link,,https://svn.apache.org/repos/asf/cxf/trunk@1438424,not_available,"SVN revision date not found for r1438424; last error: <!DOCTYPE HTML PUBLIC ""-//IETF//DTD HTML 2.0//EN"">
<html><head>
<title>401 Unauthorized</title>
</head><body>
<h1>Unauthorized</h1>
<p>This server could not verify that you
are authorized to access the document
requested.  Either you supplied the wrong
credentials (e.g., bad password), or your
browser doesn't understand how to supply
the credentials required.</p>
</body></html>
 (401) for https://svn.apache.org/repos/asf/cxf/trunk@1438424",
CVE-2011-2088,"Solves WW-3579 - escapes actionName and methodName to prevent XSS vulnerability

git-svn-id: https://svn.apache.org/repos/asf/struts/struts2/trunk@1076372 13f79535-47bb-0310-9956-ffa450edef68",https://svn.apache.org/repos/asf/struts/struts2/trunk@1076372,contains links,https://github.com/apache/struts/commit/885ab3459e146ff830d1f7257f809f4a3dd4493a,apache/struts,apache issue tracker,https://svn.apache.org/repos/asf/struts/struts2/trunk@1076372,svn/source link,https://svn.apache.org/repos/asf/struts/struts2/trunk@1076372,svn/source link,,https://svn.apache.org/repos/asf/struts/struts2/trunk@1076372,not_available,"SVN revision date not found for r1076372; last error: <!DOCTYPE HTML PUBLIC ""-//IETF//DTD HTML 2.0//EN"">
<html><head>
<title>401 Unauthorized</title>
</head><body>
<h1>Unauthorized</h1>
<p>This server could not verify that you
are authorized to access the document
requested.  Either you supplied the wrong
credentials (e.g., bad password), or your
browser doesn't understand how to supply
the credentials required.</p>
</body></html>
 (401) for https://svn.apache.org/repos/asf/struts/struts2/trunk@1076372",
CVE-2012-2733,"Improve InternalNioInputBuffer#parseHeaders()
Move the code and s/end/pos/

git-svn-id: https://svn.apache.org/repos/asf/tomcat/trunk@1350294 13f79535-47bb-0310-9956-ffa450edef68",https://svn.apache.org/repos/asf/tomcat/trunk@1350294,contains links,https://github.com/apache/tomcat/commit/f7a1b83,apache/tomcat,apache issue tracker,https://svn.apache.org/repos/asf/tomcat/trunk@1350294,svn/source link,https://svn.apache.org/repos/asf/tomcat/trunk@1350294,svn/source link,,https://svn.apache.org/repos/asf/tomcat/trunk@1350294,not_available,"SVN revision date not found for r1350294; last error: <!DOCTYPE HTML PUBLIC ""-//IETF//DTD HTML 2.0//EN"">
<html><head>
<title>401 Unauthorized</title>
</head><body>
<h1>Unauthorized</h1>
<p>This server could not verify that you
are authorized to access the document
requested.  Either you supplied the wrong
credentials (e.g., bad password), or your
browser doesn't understand how to supply
the credentials required.</p>
</body></html>
 (401) for https://svn.apache.org/repos/asf/tomcat/trunk@1350294",
CVE-2013-1966,"Disable eval expressions

git-svn-id: https://svn.apache.org/repos/asf/struts/struts2/branches/STRUTS_2_3_14_X@1469249 13f79535-47bb-0310-9956-ffa450edef68",https://svn.apache.org/repos/asf/struts/struts2/branches/STRUTS_2_3_14_X@1469249,contains links,https://github.com/apache/struts/commit/7e6f641ebb142663cbd1653dc49bed725edf7f56,apache/struts,apache issue tracker,https://svn.apache.org/repos/asf/struts/struts2/branches/STRUTS_2_3_14_X@1469249,svn/source link,https://svn.apache.org/repos/asf/struts/struts2/branches/STRUTS_2_3_14_X@1469249,svn/source link,,https://svn.apache.org/repos/asf/struts/struts2/branches/STRUTS_2_3_14_X@1469249,not_available,"SVN revision date not found for r1469249; last error: <!DOCTYPE HTML PUBLIC ""-//IETF//DTD HTML 2.0//EN"">
<html><head>
<title>401 Unauthorized</title>
</head><body>
<h1>Unauthorized</h1>
<p>This server could not verify that you
are authorized to access the document
requested.  Either you supplied the wrong
credentials (e.g., bad password), or your
browser doesn't understand how to supply
the credentials required.</p>
</body></html>
 (401) for https://svn.apache.org/repos/asf/struts/struts2/branches/STRUTS_2_3_14_X@1469249",
CVE-2014-0034,"Validation fix in the STS

git-svn-id: https://svn.apache.org/repos/asf/cxf/trunk@1551228 13f79535-47bb-0310-9956-ffa450edef68",https://svn.apache.org/repos/asf/cxf/trunk@1551228,contains links,https://github.com/apache/cxf/commit/b4b9a010bb23059251400455afabddee15b46127,apache/cxf,apache issue tracker,https://svn.apache.org/repos/asf/cxf/trunk@1551228,svn/source link,https://svn.apache.org/repos/asf/cxf/trunk@1551228,svn/source link,,https://svn.apache.org/repos/asf/cxf/trunk@1551228,not_available,"SVN revision date not found for r1551228; last error: <!DOCTYPE HTML PUBLIC ""-//IETF//DTD HTML 2.0//EN"">
<html><head>
<title>401 Unauthorized</title>
</head><body>
<h1>Unauthorized</h1>
<p>This server could not verify that you
are authorized to access the document
requested.  Either you supplied the wrong
credentials (e.g., bad password), or your
browser doesn't understand how to supply
the credentials required.</p>
</body></html>
 (401) for https://svn.apache.org/repos/asf/cxf/trunk@1551228",
CVE-2020-11987,"BATIK-1284: Dont load DTDs in NodePickerPanel

git-svn-id: https://svn.apache.org/repos/asf/xmlgraphics/batik/trunk@1878396 13f79535-47bb-0310-9956-ffa450edef68",https://svn.apache.org/repos/asf/xmlgraphics/batik/trunk@1878396,contains links,https://github.com/apache/xmlgraphics-batik/commit/0ef5b661a1f77772d1110877ea9e0287987098f6,apache/xmlgraphics-batik,apache issue tracker,https://svn.apache.org/repos/asf/xmlgraphics/batik/trunk@1878396,svn/source link,https://svn.apache.org/repos/asf/xmlgraphics/batik/trunk@1878396,svn/source link,,https://svn.apache.org/repos/asf/xmlgraphics/batik/trunk@1878396,not_available,"SVN revision date not found for r1878396; last error: <!DOCTYPE HTML PUBLIC ""-//IETF//DTD HTML 2.0//EN"">
<html><head>
<title>401 Unauthorized</title>
</head><body>
<h1>Unauthorized</h1>
<p>This server could not verify that you
are authorized to access the document
requested.  Either you supplied the wrong
credentials (e.g., bad password), or your
browser doesn't understand how to supply
the credentials required.</p>
</body></html>
 (401) for https://svn.apache.org/repos/asf/xmlgraphics/batik/trunk@1878396",
CVE-2011-1183,"Fix https://issues.apache.org/bugzilla/show_bug.cgi?id=12428
Add optional support for preemptive authentication on a per context basis
Based on a patch suggested by Werner Donn
This includes the fix for CVE-2011-1183

git-svn-id: https://svn.apache.org/repos/asf/tomcat/trunk@1087643 13f79535-47bb-0310-9956-ffa450edef68",https://issues.apache.org/bugzilla/show_bug.cgi?id=12428; https://svn.apache.org/repos/asf/tomcat/trunk@1087643,contains links,https://github.com/apache/tomcat/commit/b06f06375a1ff20c7fb949771e77360225e3ff41,apache/tomcat,apache issue tracker,https://issues.apache.org/bugzilla/show_bug.cgi?id=12428,bugzilla issue tracker,https://issues.apache.org/bugzilla/show_bug.cgi?id=12428,bugzilla issue tracker,,https://issues.apache.org/bugzilla/show_bug.cgi?id=12428,auth_required,login/authentication required,
CVE-2012-2098,"[CVE-2012-2098] Actually this shift is supposed to be unsigned.

Kudos to Findbugs:
http://findbugs.sourceforge.net/bugDescriptions.html#IM_AVERAGE_COMPUTATION_COULD_OVERFLOW


git-svn-id: https://svn.apache.org/repos/asf/commons/proper/compress/trunk@1340799 13f79535-47bb-0310-9956-ffa450edef68",http://findbugs.sourceforge.net/bugDescriptions.html#IM_AVERAGE_COMPUTATION_COULD_OVERFLOW; https://svn.apache.org/repos/asf/commons/proper/compress/trunk@1340799,contains links,https://github.com/apache/commons-compress/commit/8f702469cbf4c451b6dea349290bc4af0f6f76c7,apache/commons-compress,other,http://findbugs.sourceforge.net/bugDescriptions.html#IM_AVERAGE_COMPUTATION_COULD_OVERFLOW,other,http://findbugs.sourceforge.net/bugDescriptions.html#IM_AVERAGE_COMPUTATION_COULD_OVERFLOW,other,,http://findbugs.sourceforge.net/bugDescriptions.html#IM_AVERAGE_COMPUTATION_COULD_OVERFLOW,not_available,created date parser not implemented for link type: other,
CVE-2019-12415,"Bug 61532: Fix setting values/types during formula evaluation for SXSSF

git-svn-id: https://svn.apache.org/repos/asf/poi/trunk@1849880 13f79535-47bb-0310-9956-ffa450edef68",https://svn.apache.org/repos/asf/poi/trunk@1849880,contains links,https://github.com/apache/poi/commit/2b8200f7d701ea6ff9638f629f0bd81d2e48410c;https://github.com/apache/poi/commit/780b078c8504719e04c26a22c1bd846f8b521022,apache/poi,apache issue tracker,https://svn.apache.org/repos/asf/poi/trunk@1849880,svn/source link,https://svn.apache.org/repos/asf/poi/trunk@1849880,svn/source link,,https://svn.apache.org/repos/asf/poi/trunk@1849880,not_available,"SVN revision date not found for r1849880; last error: <!DOCTYPE HTML PUBLIC ""-//IETF//DTD HTML 2.0//EN"">
<html><head>
<title>401 Unauthorized</title>
</head><body>
<h1>Unauthorized</h1>
<p>This server could not verify that you
are authorized to access the document
requested.  Either you supplied the wrong
credentials (e.g., bad password), or your
browser doesn't understand how to supply
the credentials required.</p>
</body></html>
 (401) for https://svn.apache.org/repos/asf/poi/trunk@1849880",
CVE-2013-4366,"Ensure X509HostnameVerifier is never null

git-svn-id: https://svn.apache.org/repos/asf/httpcomponents/httpclient/trunk@1528614 13f79535-47bb-0310-9956-ffa450edef68",https://svn.apache.org/repos/asf/httpcomponents/httpclient/trunk@1528614,contains links,https://github.com/apache/httpcomponents-client/commit/08140864e3e4c0994e094c4cf0507932baf6a66,apache/httpcomponents-client,apache issue tracker,https://svn.apache.org/repos/asf/httpcomponents/httpclient/trunk@1528614,svn/source link,https://svn.apache.org/repos/asf/httpcomponents/httpclient/trunk@1528614,svn/source link,,https://svn.apache.org/repos/asf/httpcomponents/httpclient/trunk@1528614,not_available,"SVN revision date not found for r1528614; last error: <!DOCTYPE HTML PUBLIC ""-//IETF//DTD HTML 2.0//EN"">
<html><head>
<title>401 Unauthorized</title>
</head><body>
<h1>Unauthorized</h1>
<p>This server could not verify that you
are authorized to access the document
requested.  Either you supplied the wrong
credentials (e.g., bad password), or your
browser doesn't understand how to supply
the credentials required.</p>
</body></html>
 (401) for https://svn.apache.org/repos/asf/httpcomponents/httpclient/trunk@1528614",
CVE-2012-0022,"* Improve performance of parameter processing
      <add>
        Improve performance of parameter processing for GET and POST requests.
        Also add an option to limit the maximum number of parameters processed
        per request. This defaults to 10000. Excessive parameters are ignored.
        Note that <code>FailedRequestFilter</code> can be used to reject the
        request if some parameters were ignored. (markt/kkolinko)
      </add>
      <add>
        New filter <code>FailedRequestFilter</code> that will reject a request
        if there were errors during HTTP parameter parsing. (kkolinko)
      </add>
  Before the patch:
  Should be created by patch tool automatically, but just to be sure:
    mkdir container/catalina/src/share/org/apache/catalina/filters
    svn add container/catalina/src/share/org/apache/catalina/filters
  Apply patch:
    http://people.apache.org/~kkolinko/patches/2011-11-17_tc55_parameters-v5.patch
  After the patch:
    svn propset svn:eol-style native  connectors/util/java/org/apache/tomcat/util/http/LocalStrings.properties
    svn propset svn:eol-style native  container/catalina/src/share/org/apache/catalina/filters/FailedRequestFilter.java
    svn propset svn:eol-style native  container/webapps/docs/config/filter.xml
  +1: kkolinko, markt, funkman, jim
  -1:



git-svn-id: https://svn.apache.org/repos/asf/tomcat/tc5.5.x/trunk@1221282 13f79535-47bb-0310-9956-ffa450edef68",http://people.apache.org/~kkolinko/patches/2011-11-17_tc55_parameters-v5.patch; https://svn.apache.org/repos/asf/tomcat/tc5.5.x/trunk@1221282,contains links,https://github.com/apache/tomcat55/commit/0314fe7743cb72e469cb395ccaaf2793a2ea0355,apache/tomcat55,other,http://people.apache.org/~kkolinko/patches/2011-11-17_tc55_parameters-v5.patch,other,http://people.apache.org/~kkolinko/patches/2011-11-17_tc55_parameters-v5.patch,other,,http://people.apache.org/~kkolinko/patches/2011-11-17_tc55_parameters-v5.patch,not_available,"<!DOCTYPE html>
<html lang=""en-US"">
    <head>
        <meta charset=""utf-8"">
        <title>Not Found</title>
    </head>
    <body>
        <h1>Not Found</h1>
        <h2>Deprecation of home.apache.org</h2>
        <p>
        If you are trying to reach a personal page of the form https://home.apache.org/~id,
        please note that these are no longer supported.
        <br>
        <a href=""https://infra.apache.org/blog/end_of_home.html"">You can't go home again </a>
        </p>
        <p>
        As a work-round, this host will redirect such URLs to the first Personal URL found in 
        the user's LDAP record (ignoring URLs which refer to apache.org domains).
        <br>
        The URL must start with 'http://' or 'https://'.
        </p>
    </body>
</html>
",
CVE-2015-5262,"HTTPCLIENT-1478: deprecated SSLSocketFactory ignores socket timeout parameter during SSL handshake

git-svn-id: https://svn.apache.org/repos/asf/httpcomponents/httpclient/trunk@1576362 13f79535-47bb-0310-9956-ffa450edef68",https://svn.apache.org/repos/asf/httpcomponents/httpclient/trunk@1576362,contains links,https://github.com/apache/httpcomponents-client/commit/09027e7286974bf6b61f4106395da2623121db8d;https://github.com/apache/httpcomponents-client/commit/d954cd287dfcdad8f153e61181e20d253175ca8c;https://github.com/apache/httpcomponents-client/commit/6705924879810f617a7a21d34f16b6c0d61e8d34,apache/httpcomponents-client,apache issue tracker,https://svn.apache.org/repos/asf/httpcomponents/httpclient/trunk@1576362,svn/source link,https://svn.apache.org/repos/asf/httpcomponents/httpclient/trunk@1576362,svn/source link,,https://svn.apache.org/repos/asf/httpcomponents/httpclient/trunk@1576362,not_available,"SVN revision date not found for r1576362; last error: <!DOCTYPE HTML PUBLIC ""-//IETF//DTD HTML 2.0//EN"">
<html><head>
<title>401 Unauthorized</title>
</head><body>
<h1>Unauthorized</h1>
<p>This server could not verify that you
are authorized to access the document
requested.  Either you supplied the wrong
credentials (e.g., bad password), or your
browser doesn't understand how to supply
the credentials required.</p>
</body></html>
 (401) for https://svn.apache.org/repos/asf/httpcomponents/httpclient/trunk@1576362",
CVE-2016-5018,"Fix https://bz.apache.org/bugzilla/show_bug.cgi?id=60101
Remove preloading of the class that was deleted.

git-svn-id: https://svn.apache.org/repos/asf/tomcat/tc8.0.x/trunk@1760307 13f79535-47bb-0310-9956-ffa450edef68",https://bz.apache.org/bugzilla/show_bug.cgi?id=60101; https://svn.apache.org/repos/asf/tomcat/tc8.0.x/trunk@1760307,contains links,https://github.com/apache/tomcat80/commit/3adf2d614bce0fb9587b0eb7a4a9fbb7ac8e6d82;https://github.com/apache/tomcat80/commit/11950154730c3b2473580621df83356e09142e73,apache/tomcat80,apache issue tracker,https://bz.apache.org/bugzilla/show_bug.cgi?id=60101,bugzilla issue tracker,https://bz.apache.org/bugzilla/show_bug.cgi?id=60101,bugzilla issue tracker,,https://bz.apache.org/bugzilla/show_bug.cgi?id=60101,auth_required,login/authentication required,
CVE-2011-5062,"Add additional configuration options to the DIGEST authenticator
This is the fix for CVE-2011-1184

git-svn-id: https://svn.apache.org/repos/asf/tomcat/trunk@1087655 13f79535-47bb-0310-9956-ffa450edef68",https://svn.apache.org/repos/asf/tomcat/trunk@1087655,contains links,https://github.com/apache/tomcat/commit/639e20992a66d7a42fb59c974db91c8a0f730a1e,apache/tomcat,apache issue tracker,https://svn.apache.org/repos/asf/tomcat/trunk@1087655,svn/source link,https://svn.apache.org/repos/asf/tomcat/trunk@1087655,svn/source link,,https://svn.apache.org/repos/asf/tomcat/trunk@1087655,not_available,"SVN revision date not found for r1087655; last error: <!DOCTYPE HTML PUBLIC ""-//IETF//DTD HTML 2.0//EN"">
<html><head>
<title>401 Unauthorized</title>
</head><body>
<h1>Unauthorized</h1>
<p>This server could not verify that you
are authorized to access the document
requested.  Either you supplied the wrong
credentials (e.g., bad password), or your
browser doesn't understand how to supply
the credentials required.</p>
</body></html>
 (401) for https://svn.apache.org/repos/asf/tomcat/trunk@1087655",
CVE-2017-7674,"BZ61101: CORS filter should set Vary header in response. Submitted by Rick Riemer.

git-svn-id: https://svn.apache.org/repos/asf/tomcat/tc8.0.x/trunk@1795815 13f79535-47bb-0310-9956-ffa450edef68",https://svn.apache.org/repos/asf/tomcat/tc8.0.x/trunk@1795815,contains links,https://github.com/apache/tomcat80/commit/f52c242d92d4563dd1226dcc993ec37370ba9ce3,apache/tomcat80,apache issue tracker,https://svn.apache.org/repos/asf/tomcat/tc8.0.x/trunk@1795815,svn/source link,https://svn.apache.org/repos/asf/tomcat/tc8.0.x/trunk@1795815,svn/source link,,https://svn.apache.org/repos/asf/tomcat/tc8.0.x/trunk@1795815,not_available,"SVN revision date not found for r1795815; last error: <!DOCTYPE HTML PUBLIC ""-//IETF//DTD HTML 2.0//EN"">
<html><head>
<title>401 Unauthorized</title>
</head><body>
<h1>Unauthorized</h1>
<p>This server could not verify that you
are authorized to access the document
requested.  Either you supplied the wrong
credentials (e.g., bad password), or your
browser doesn't understand how to supply
the credentials required.</p>
</body></html>
 (401) for https://svn.apache.org/repos/asf/tomcat/tc8.0.x/trunk@1795815",
CVE-2018-1305,"62104: Fix programmatic login regression as the NonLoginAuthenticator has to be set for it to work (if no login method is specified).

git-svn-id: https://svn.apache.org/repos/asf/tomcat/trunk@1824323 13f79535-47bb-0310-9956-ffa450edef68",https://svn.apache.org/repos/asf/tomcat/trunk@1824323,contains links,https://github.com/apache/tomcat/commit/4d637bc3986e5d09b9363e2144b8ba74fa6eac3a;https://github.com/apache/tomcat/commit/3e54b2a6314eda11617ff7a7b899c251e222b1a1,apache/tomcat,apache issue tracker,https://svn.apache.org/repos/asf/tomcat/trunk@1824323,svn/source link,https://svn.apache.org/repos/asf/tomcat/trunk@1824323,svn/source link,,https://svn.apache.org/repos/asf/tomcat/trunk@1824323,not_available,"SVN revision date not found for r1824323; last error: <!DOCTYPE HTML PUBLIC ""-//IETF//DTD HTML 2.0//EN"">
<html><head>
<title>401 Unauthorized</title>
</head><body>
<h1>Unauthorized</h1>
<p>This server could not verify that you
are authorized to access the document
requested.  Either you supplied the wrong
credentials (e.g., bad password), or your
browser doesn't understand how to supply
the credentials required.</p>
</body></html>
 (401) for https://svn.apache.org/repos/asf/tomcat/trunk@1824323",
CVE-2012-5886,"Various DIGEST improvements ported from Tomcat 7

git-svn-id: https://svn.apache.org/repos/asf/tomcat/tc5.5.x/trunk@1392248 13f79535-47bb-0310-9956-ffa450edef68",https://svn.apache.org/repos/asf/tomcat/tc5.5.x/trunk@1392248,contains links,https://github.com/apache/tomcat55/commit/83adfde198d8f9305edbd240e0081a2bb7902cfd,apache/tomcat55,apache issue tracker,https://svn.apache.org/repos/asf/tomcat/tc5.5.x/trunk@1392248,svn/source link,https://svn.apache.org/repos/asf/tomcat/tc5.5.x/trunk@1392248,svn/source link,,https://svn.apache.org/repos/asf/tomcat/tc5.5.x/trunk@1392248,not_available,"SVN revision date not found for r1392248; last error: <!DOCTYPE HTML PUBLIC ""-//IETF//DTD HTML 2.0//EN"">
<html><head>
<title>401 Unauthorized</title>
</head><body>
<h1>Unauthorized</h1>
<p>This server could not verify that you
are authorized to access the document
requested.  Either you supplied the wrong
credentials (e.g., bad password), or your
browser doesn't understand how to supply
the credentials required.</p>
</body></html>
 (401) for https://svn.apache.org/repos/asf/tomcat/tc5.5.x/trunk@1392248",
CVE-2021-21295,"Merge pull request from GHSA-wm47-8v5p-wjpj

Motivation:

As stated by https://tools.ietf.org/html/rfc7540#section-8.1.2.6 we should report a stream error if the content-length does not match the sum of all data frames.

Modifications:

- Verify that the sum of data frames match if a content-length header was send.
- Handle multiple content-length headers and also handle negative values
- Add io.netty.http2.validateContentLength system property which allows to disable the more strict validation
- Add unit tests

Result:

Correctly handle the case when the content-length header was included but not match what is send and also when content-length header is invalid",https://tools.ietf.org/html/rfc7540#section-8.1.2.6,contains links,https://github.com/netty/netty/commit/89c241e3b1795ff257af4ad6eadc616cb2fb3dc4,netty/netty,other,https://tools.ietf.org/html/rfc7540#section-8.1.2.6,other,https://tools.ietf.org/html/rfc7540#section-8.1.2.6,other,,https://tools.ietf.org/html/rfc7540#section-8.1.2.6,not_available,created date parser not implemented for link type: other,
CVE-2015-2944,"SLING-2082 - use ResponseUtil for escaping

git-svn-id: https://svn.apache.org/repos/asf/sling/trunk/bundles/api@1127023 13f79535-47bb-0310-9956-ffa450edef68",https://svn.apache.org/repos/asf/sling/trunk/bundles/api@1127023,contains links,https://github.com/apache/sling/commit/89e0555c75da9bda3007dadc08521dc0cbc90a0c,apache/sling,apache issue tracker,https://svn.apache.org/repos/asf/sling/trunk/bundles/api@1127023,svn/source link,https://svn.apache.org/repos/asf/sling/trunk/bundles/api@1127023,svn/source link,,https://svn.apache.org/repos/asf/sling/trunk/bundles/api@1127023,not_available,"SVN revision date not found for r1127023; last error: <!DOCTYPE HTML PUBLIC ""-//IETF//DTD HTML 2.0//EN"">
<html><head>
<title>401 Unauthorized</title>
</head><body>
<h1>Unauthorized</h1>
<p>This server could not verify that you
are authorized to access the document
requested.  Either you supplied the wrong
credentials (e.g., bad password), or your
browser doesn't understand how to supply
the credentials required.</p>
</body></html>
 (401) for https://svn.apache.org/repos/asf/sling/trunk/bundles/api@1127023",
CVE-2011-0534,"Fix https://issues.apache.org/bugzilla/show_bug.cgi?id=50631
InternalNioInputBuffer should honor maxHttpHeadSize
This addresses CVE-2011-0534

git-svn-id: https://svn.apache.org/repos/asf/tomcat/trunk@1065939 13f79535-47bb-0310-9956-ffa450edef68",https://issues.apache.org/bugzilla/show_bug.cgi?id=50631; https://svn.apache.org/repos/asf/tomcat/trunk@1065939,contains links,https://github.com/apache/tomcat/commit/0084470;https://github.com/apache/tomcat/commit/51640d60c705e57450a105832d91ff4535a96851,apache/tomcat,apache issue tracker,https://issues.apache.org/bugzilla/show_bug.cgi?id=50631,bugzilla issue tracker,https://issues.apache.org/bugzilla/show_bug.cgi?id=50631,bugzilla issue tracker,,https://issues.apache.org/bugzilla/show_bug.cgi?id=50631,auth_required,login/authentication required,
CVE-2013-6407,"Merged revision(s) 1390921 from lucene/dev/trunk:
SOLR-3895, SOLR-3614: XML and XSLT UpdateRequestHandler should not try to resolve external entities; fix XML parsing in XPathEntityProcessor to correctly expand named entities, but ignore external entities

git-svn-id: https://svn.apache.org/repos/asf/lucene/dev/branches/branch_4x@1390924 13f79535-47bb-0310-9956-ffa450edef68",https://svn.apache.org/repos/asf/lucene/dev/branches/branch_4x@1390924,contains links,https://github.com/apache/lucene-solr/commit/bffc5624eff8e2790fb8d29b48385efd063c79d9,apache/lucene-solr,apache issue tracker,https://svn.apache.org/repos/asf/lucene/dev/branches/branch_4x@1390924,svn/source link,https://svn.apache.org/repos/asf/lucene/dev/branches/branch_4x@1390924,svn/source link,,https://svn.apache.org/repos/asf/lucene/dev/branches/branch_4x@1390924,not_available,"SVN revision date not found for r1390924; last error: <!DOCTYPE HTML PUBLIC ""-//IETF//DTD HTML 2.0//EN"">
<html><head>
<title>401 Unauthorized</title>
</head><body>
<h1>Unauthorized</h1>
<p>This server could not verify that you
are authorized to access the document
requested.  Either you supplied the wrong
credentials (e.g., bad password), or your
browser doesn't understand how to supply
the credentials required.</p>
</body></html>
 (401) for https://svn.apache.org/repos/asf/lucene/dev/branches/branch_4x@1390924",
CVE-2012-5887,"Various DIGEST improvements ported from Tomcat 7

git-svn-id: https://svn.apache.org/repos/asf/tomcat/tc5.5.x/trunk@1392248 13f79535-47bb-0310-9956-ffa450edef68",https://svn.apache.org/repos/asf/tomcat/tc5.5.x/trunk@1392248,contains links,https://github.com/apache/tomcat55/commit/83adfde198d8f9305edbd240e0081a2bb7902cfd,apache/tomcat55,apache issue tracker,https://svn.apache.org/repos/asf/tomcat/tc5.5.x/trunk@1392248,svn/source link,https://svn.apache.org/repos/asf/tomcat/tc5.5.x/trunk@1392248,svn/source link,,https://svn.apache.org/repos/asf/tomcat/tc5.5.x/trunk@1392248,not_available,"SVN revision date not found for r1392248; last error: <!DOCTYPE HTML PUBLIC ""-//IETF//DTD HTML 2.0//EN"">
<html><head>
<title>401 Unauthorized</title>
</head><body>
<h1>Unauthorized</h1>
<p>This server could not verify that you
are authorized to access the document
requested.  Either you supplied the wrong
credentials (e.g., bad password), or your
browser doesn't understand how to supply
the credentials required.</p>
</body></html>
 (401) for https://svn.apache.org/repos/asf/tomcat/tc5.5.x/trunk@1392248",
CVE-2015-5345,"Fix https://bz.apache.org/bugzilla/show_bug.cgi?id=58660
With mapperContextRootRedirectEnabled ste to false, the redirect needs to be handled elsewhere.
- Ensure the Mapper does not add the '/' handling the redirect
- Handle the redirect in the DefaultServlet
- Add a redirect to FORM auth if auth is occurring at the context root else the login page could be submitted to the wrong web application

git-svn-id: https://svn.apache.org/repos/asf/tomcat/tc8.0.x/trunk@1717209 13f79535-47bb-0310-9956-ffa450edef68",https://bz.apache.org/bugzilla/show_bug.cgi?id=58660; https://svn.apache.org/repos/asf/tomcat/tc8.0.x/trunk@1717209,contains links,https://github.com/apache/tomcat80/commit/2b643a4e36d318d55ec57fee57610671656d23c0,apache/tomcat80,apache issue tracker,https://bz.apache.org/bugzilla/show_bug.cgi?id=58660,bugzilla issue tracker,https://bz.apache.org/bugzilla/show_bug.cgi?id=58660,bugzilla issue tracker,,https://bz.apache.org/bugzilla/show_bug.cgi?id=58660,auth_required,login/authentication required,
CVE-2013-6397,"SOLR-4882: Restrict SolrResourceLoader to only allow access to resource files below the instance dir

git-svn-id: https://svn.apache.org/repos/asf/lucene/dev/trunk@1525246 13f79535-47bb-0310-9956-ffa450edef68",https://svn.apache.org/repos/asf/lucene/dev/trunk@1525246,contains links,https://github.com/apache/lucene-solr/commit/da34b18cb3092df4972e2b6fa5178d1059923910,apache/lucene-solr,apache issue tracker,https://svn.apache.org/repos/asf/lucene/dev/trunk@1525246,svn/source link,https://svn.apache.org/repos/asf/lucene/dev/trunk@1525246,svn/source link,,https://svn.apache.org/repos/asf/lucene/dev/trunk@1525246,not_available,"SVN revision date not found for r1525246; last error: <!DOCTYPE HTML PUBLIC ""-//IETF//DTD HTML 2.0//EN"">
<html><head>
<title>401 Unauthorized</title>
</head><body>
<h1>Unauthorized</h1>
<p>This server could not verify that you
are authorized to access the document
requested.  Either you supplied the wrong
credentials (e.g., bad password), or your
browser doesn't understand how to supply
the credentials required.</p>
</body></html>
 (401) for https://svn.apache.org/repos/asf/lucene/dev/trunk@1525246",
CVE-2013-7315,"Fix potential security risk when using Spring OXM

Disable by default external entity resolution when using Spring OXM
with jaxb. This prevents a XML entity from being able to resolve a
local file on the host system.

See:
https://www.owasp.org/index.php/XML_External_Entity_(XXE)_Processing

Issue: SPR-10806",https://www.owasp.org/index.php/XML_External_Entity_(XXE)_Processing,contains links,https://github.com/frankneusource/spring-framework/commit/7576274874deeccb6da6b09a8d5bd62e8b5538b7,frankneusource/spring-framework,other,https://www.owasp.org/index.php/XML_External_Entity_(XXE,other,https://www.owasp.org/index.php/XML_External_Entity_(XXE,other,,https://www.owasp.org/index.php/XML_External_Entity_(XXE,not_available,"<!DOCTYPE html>
<html lang=""en"">
  <head>
    <meta charset=""utf-8"">
<meta name=""viewport"" content=""width=device-width, initial-scale=1"">







<meta name=""description"" content=""404 - Not Found on the main website for The OWASP Foundation. OWASP is a nonprofit foundation that works to improve the security of software."">
<meta property=""og:description"" content=""404 - Not Found on the main website for The OWASP Foundation. OWASP is a nonprofit foundation that works to improve the security of software."">
<meta property=""og:title"" content=""404 - Not Found | OWASP Foundation"">
<meta property=""og:url"" content=""https://owasp.org/404.html"">
<meta property=""og:locale"" content=""en_US"">

<!-- should probably look at using article at some point for www-community at least -->
<meta property=""og:type"" content=""website"" />
<meta property=""og:image"" content=""https://owasp.org/www--site-theme/favicon.ico"" />
<meta http-equiv=""X-Content-Type-Options"" content=""nosniff"">
<meta http-equiv=""X-XSS-Protection"" content=""1; mode=block"">


<link rel=""canonical"" href=""https://owasp.org/404"" />
<!-- Global site tag (gtag.js) - Google Analytics -->
<!-- <script async src=""https://www.googletagmanager.com/gtag/js?id=UA-4531126-1""></script> -->
<!-- <script>
  window.dataLayer = window.dataLayer || [];
  function gtag(){dataLayer.push(arguments);}
  gtag('js', new Date());

  gtag('config', 'UA-4531126-1');
</script> -->
<!-- Google Analytics -->


<script src=""https://owasp.org/www--site-theme/assets/js/js.cookie.min.js""></script>
<script>
  if(Cookies.get('cookies-ok') == 'true' && window.ga === undefined)
  {
    window.ga=window.ga||function(){(ga.q=ga.q||[]).push(arguments)};ga.l=+new Date;
    ga('create', 'UA-4531126-1', 'auto');
    ga('send', 'pageview');
  }
  else if (Cookies.get('cookies-ok') == 'true')
  {
    ga('send', 'pageview');
  }

  function handleOutboundLinkClicks(event) {
    var href = '';
    if(event.target.href == un",
CVE-2013-2254,"SLING-2913 :  Issue in AbstractCreateOperation#deepGetOrCreateNode . Apply patch from Antonio Sanso

git-svn-id: https://svn.apache.org/repos/asf/sling/trunk@1501115 13f79535-47bb-0310-9956-ffa450edef68",https://svn.apache.org/repos/asf/sling/trunk@1501115,contains links,https://github.com/apache/sling-org-apache-sling-servlets-post/commit/7ddd5df1282a47a99af1f7f4897fc7abe1ec056b,apache/sling-org-apache-sling-servlets-post,apache issue tracker,https://svn.apache.org/repos/asf/sling/trunk@1501115,svn/source link,https://svn.apache.org/repos/asf/sling/trunk@1501115,svn/source link,,https://svn.apache.org/repos/asf/sling/trunk@1501115,not_available,"SVN revision date not found for r1501115; last error: <!DOCTYPE HTML PUBLIC ""-//IETF//DTD HTML 2.0//EN"">
<html><head>
<title>401 Unauthorized</title>
</head><body>
<h1>Unauthorized</h1>
<p>This server could not verify that you
are authorized to access the document
requested.  Either you supplied the wrong
credentials (e.g., bad password), or your
browser doesn't understand how to supply
the credentials required.</p>
</body></html>
 (401) for https://svn.apache.org/repos/asf/sling/trunk@1501115",
CVE-2011-2526,"Protect against infinite loops in the HTTP NIO connector if sendfile is configured to send more data than is available in the file. (markt)
Part of the fix for CVE-2011-2526

git-svn-id: https://svn.apache.org/repos/asf/tomcat/trunk@1145383 13f79535-47bb-0310-9956-ffa450edef68",https://svn.apache.org/repos/asf/tomcat/trunk@1145383,contains links,https://github.com/apache/tomcat/commit/36e6efdd4052ea0f3a0a6db4bc27ebfb925c3772;https://github.com/apache/tomcat/commit/64109ce37870bc6c470df8cf5ae0f3bb82429ee0;https://github.com/apache/tomcat/commit/eb6416f0743e974d031d415d3d33544bea044eca;https://github.com/apache/tomcat/commit/d3efb1a364d41a32bcdd08517622a97548faaa4a;https://github.com/apache/tomcat55/commit/e67f6882118f2a8285e4e8acd050dad64a3ef3e4;https://github.com/apache/tomcat/commit/f0488ac8a449ac3efa8df9a560c42a835231a479;https://github.com/apache/tomcat/commit/26f3f098309772e8617fde3cbba59d0c4b65efc7,apache/tomcat,apache issue tracker,https://svn.apache.org/repos/asf/tomcat/trunk@1145383,svn/source link,https://svn.apache.org/repos/asf/tomcat/trunk@1145383,svn/source link,,https://svn.apache.org/repos/asf/tomcat/trunk@1145383,not_available,"SVN revision date not found for r1145383; last error: <!DOCTYPE HTML PUBLIC ""-//IETF//DTD HTML 2.0//EN"">
<html><head>
<title>401 Unauthorized</title>
</head><body>
<h1>Unauthorized</h1>
<p>This server could not verify that you
are authorized to access the document
requested.  Either you supplied the wrong
credentials (e.g., bad password), or your
browser doesn't understand how to supply
the credentials required.</p>
</body></html>
 (401) for https://svn.apache.org/repos/asf/tomcat/trunk@1145383",
CVE-2018-1336,"Improve handing of overflow in the UTF-8 decoder with supplementary characters.

git-svn-id: https://svn.apache.org/repos/asf/tomcat/trunk@1830373 13f79535-47bb-0310-9956-ffa450edef68",https://svn.apache.org/repos/asf/tomcat/trunk@1830373,contains links,https://github.com/apache/tomcat/commit/92cd494555598e99dd691712e8ee426a2f9c2e93,apache/tomcat,apache issue tracker,https://svn.apache.org/repos/asf/tomcat/trunk@1830373,svn/source link,https://svn.apache.org/repos/asf/tomcat/trunk@1830373,svn/source link,,https://svn.apache.org/repos/asf/tomcat/trunk@1830373,not_available,"SVN revision date not found for r1830373; last error: <!DOCTYPE HTML PUBLIC ""-//IETF//DTD HTML 2.0//EN"">
<html><head>
<title>401 Unauthorized</title>
</head><body>
<h1>Unauthorized</h1>
<p>This server could not verify that you
are authorized to access the document
requested.  Either you supplied the wrong
credentials (e.g., bad password), or your
browser doesn't understand how to supply
the credentials required.</p>
</body></html>
 (401) for https://svn.apache.org/repos/asf/tomcat/trunk@1830373",
CVE-2012-0394,"WW-3668 - Vulnerability: User input is evaluated as an OGNL expression when there's a conversion error

git-svn-id: https://svn.apache.org/repos/asf/struts/struts2/trunk@1157009 13f79535-47bb-0310-9956-ffa450edef68",https://svn.apache.org/repos/asf/struts/struts2/trunk@1157009,contains links,https://github.com/apache/struts/commit/b4265d369dc29d57a9f2846a85b26598e83f3892;https://github.com/apache/struts/commit/9cad25f258bb2629d263f828574d2671366c238d;https://github.com/apache/struts/commit/34c80dae734e70f13c0e46f9c83602fb71318e58,apache/struts,apache issue tracker,https://svn.apache.org/repos/asf/struts/struts2/trunk@1157009,svn/source link,https://svn.apache.org/repos/asf/struts/struts2/trunk@1157009,svn/source link,,https://svn.apache.org/repos/asf/struts/struts2/trunk@1157009,not_available,"SVN revision date not found for r1157009; last error: <!DOCTYPE HTML PUBLIC ""-//IETF//DTD HTML 2.0//EN"">
<html><head>
<title>401 Unauthorized</title>
</head><body>
<h1>Unauthorized</h1>
<p>This server could not verify that you
are authorized to access the document
requested.  Either you supplied the wrong
credentials (e.g., bad password), or your
browser doesn't understand how to supply
the credentials required.</p>
</body></html>
 (401) for https://svn.apache.org/repos/asf/struts/struts2/trunk@1157009",
CVE-2016-1000031,"DiskFileItem is no longer Serializable.


git-svn-id: https://svn.apache.org/repos/asf/commons/proper/fileupload/trunk@1743503 13f79535-47bb-0310-9956-ffa450edef68",https://svn.apache.org/repos/asf/commons/proper/fileupload/trunk@1743503,contains links,https://github.com/apache/commons-fileupload/commit/02f6b2c4ef9aebf9cf8e55de8b90e73430b69385;https://github.com/apache/commons-fileupload/commit/388e824518697c2c8f9f83fd964621d9c2f8fc4c,apache/commons-fileupload,apache issue tracker,https://svn.apache.org/repos/asf/commons/proper/fileupload/trunk@1743503,svn/source link,https://svn.apache.org/repos/asf/commons/proper/fileupload/trunk@1743503,svn/source link,,https://svn.apache.org/repos/asf/commons/proper/fileupload/trunk@1743503,not_available,"SVN revision date not found for r1743503; last error: <!DOCTYPE HTML PUBLIC ""-//IETF//DTD HTML 2.0//EN"">
<html><head>
<title>401 Unauthorized</title>
</head><body>
<h1>Unauthorized</h1>
<p>This server could not verify that you
are authorized to access the document
requested.  Either you supplied the wrong
credentials (e.g., bad password), or your
browser doesn't understand how to supply
the credentials required.</p>
</body></html>
 (401) for https://svn.apache.org/repos/asf/commons/proper/fileupload/trunk@1743503",
CVE-2010-2227,"Arrange filter logic.
This is the fix for CVE-2010-2227.

git-svn-id: https://svn.apache.org/repos/asf/tomcat/trunk@958911 13f79535-47bb-0310-9956-ffa450edef68",https://svn.apache.org/repos/asf/tomcat/trunk@958911,contains links,https://github.com/apache/tomcat/commit/692608fc183eccd915f3ec6ba17577f790872b5c;https://github.com/apache/tomcat55/commit/4faaca9353e5e3f963c7a674b3ac6a0bd1c3757e;https://github.com/apache/tomcat/commit/3821e9878ea2abd136863ebca6074bbc519d760c,apache/tomcat,apache issue tracker,https://svn.apache.org/repos/asf/tomcat/trunk@958911,svn/source link,https://svn.apache.org/repos/asf/tomcat/trunk@958911,svn/source link,,https://svn.apache.org/repos/asf/tomcat/trunk@958911,not_available,"SVN revision date not found for r958911; last error: <!DOCTYPE HTML PUBLIC ""-//IETF//DTD HTML 2.0//EN"">
<html><head>
<title>401 Unauthorized</title>
</head><body>
<h1>Unauthorized</h1>
<p>This server could not verify that you
are authorized to access the document
requested.  Either you supplied the wrong
credentials (e.g., bad password), or your
browser doesn't understand how to supply
the credentials required.</p>
</body></html>
 (401) for https://svn.apache.org/repos/asf/tomcat/trunk@958911",
CVE-2018-1304,"Fix https://bz.apache.org/bugzilla/show_bug.cgi?id=62067
Correctly apply security constraints mapped to the context root using a
URL pattern of """"

git-svn-id: https://svn.apache.org/repos/asf/tomcat/tc8.5.x/trunk@1823307 13f79535-47bb-0310-9956-ffa450edef68",https://bz.apache.org/bugzilla/show_bug.cgi?id=62067; https://svn.apache.org/repos/asf/tomcat/tc8.5.x/trunk@1823307,contains links,https://github.com/CRaC/tomcat/commit/5af7c13cff7cc8366c5997418e820989fabb8f48,CRaC/tomcat,apache issue tracker,https://bz.apache.org/bugzilla/show_bug.cgi?id=62067,bugzilla issue tracker,https://bz.apache.org/bugzilla/show_bug.cgi?id=62067,bugzilla issue tracker,,https://bz.apache.org/bugzilla/show_bug.cgi?id=62067,auth_required,login/authentication required,
CVE-2011-5063,"Add additional configuration options to the DIGEST authenticator

git-svn-id: https://svn.apache.org/repos/asf/tomcat/tc5.5.x/trunk@1159309 13f79535-47bb-0310-9956-ffa450edef68",https://svn.apache.org/repos/asf/tomcat/tc5.5.x/trunk@1159309,contains links,https://github.com/apache/tomcat55/commit/644dfdf96cf82fcd2a2046d93f2b5495f7e94584,apache/tomcat55,apache issue tracker,https://svn.apache.org/repos/asf/tomcat/tc5.5.x/trunk@1159309,svn/source link,https://svn.apache.org/repos/asf/tomcat/tc5.5.x/trunk@1159309,svn/source link,,https://svn.apache.org/repos/asf/tomcat/tc5.5.x/trunk@1159309,not_available,"SVN revision date not found for r1159309; last error: <!DOCTYPE HTML PUBLIC ""-//IETF//DTD HTML 2.0//EN"">
<html><head>
<title>401 Unauthorized</title>
</head><body>
<h1>Unauthorized</h1>
<p>This server could not verify that you
are authorized to access the document
requested.  Either you supplied the wrong
credentials (e.g., bad password), or your
browser doesn't understand how to supply
the credentials required.</p>
</body></html>
 (401) for https://svn.apache.org/repos/asf/tomcat/tc5.5.x/trunk@1159309",
CVE-2021-23899,"Tests for fixes for previously undisclosed vulnerabilities

These include tests that reproduced fuzzer findings cqommunicated
privately by Fabian Meumertzheim of codeintelligence.

They were held back, separate from the fixes, until a release had time
to propagate.

Public disclosure at
https://groups.google.com/g/json-sanitizer-support/c/dAW1AeNMoA0",https://groups.google.com/g/json-sanitizer-support/c/dAW1AeNMoA0,contains links,https://github.com/OWASP/json-sanitizer/commit/a37f594f7378a1c76b3283e0dab9e1ab1dc0247e;https://github.com/OWASP/json-sanitizer/commit/89d91f328bd3eb46bee6b8ee78a5fce1e3a11c18,OWASP/json-sanitizer,other,https://groups.google.com/g/json-sanitizer-support/c/dAW1AeNMoA0,other,https://groups.google.com/g/json-sanitizer-support/c/dAW1AeNMoA0,other,,https://groups.google.com/g/json-sanitizer-support/c/dAW1AeNMoA0,not_available,created date parser not implemented for link type: other,
CVE-2020-17527,"Fix BZ 64830 - concurrency issue in HPACK decoder

https://bz.apache.org/bugzilla/show_bug.cgi?id=64830",https://bz.apache.org/bugzilla/show_bug.cgi?id=64830,contains links,https://github.com/apache/tomcat/commit/8d2fe6894d6e258a6d615d7f786acca80e6020cb,apache/tomcat,apache issue tracker,https://bz.apache.org/bugzilla/show_bug.cgi?id=64830,bugzilla issue tracker,https://bz.apache.org/bugzilla/show_bug.cgi?id=64830,bugzilla issue tracker,,https://bz.apache.org/bugzilla/show_bug.cgi?id=64830,auth_required,login/authentication required,
CVE-2013-2135,"WW-4090 Itroduces actions names' whitelisting

git-svn-id: https://svn.apache.org/repos/asf/struts/struts2/branches/STRUTS_2_3_14_2_X@1488895 13f79535-47bb-0310-9956-ffa450edef68",https://svn.apache.org/repos/asf/struts/struts2/branches/STRUTS_2_3_14_2_X@1488895,contains links,https://github.com/apache/struts/commit/01e6b251b4db78bfb7971033652e81d1af4cb3e;https://github.com/apache/struts/commit/8b4fc81daeea3834bcbf73de5f48d0021917aa3;https://github.com/apache/struts/commit/711cf0201cdd319a38cf29238913312355db29ba,apache/struts,apache issue tracker,https://svn.apache.org/repos/asf/struts/struts2/branches/STRUTS_2_3_14_2_X@1488895,svn/source link,https://svn.apache.org/repos/asf/struts/struts2/branches/STRUTS_2_3_14_2_X@1488895,svn/source link,,https://svn.apache.org/repos/asf/struts/struts2/branches/STRUTS_2_3_14_2_X@1488895,not_available,"SVN revision date not found for r1488895; last error: <!DOCTYPE HTML PUBLIC ""-//IETF//DTD HTML 2.0//EN"">
<html><head>
<title>401 Unauthorized</title>
</head><body>
<h1>Unauthorized</h1>
<p>This server could not verify that you
are authorized to access the document
requested.  Either you supplied the wrong
credentials (e.g., bad password), or your
browser doesn't understand how to supply
the credentials required.</p>
</body></html>
 (401) for https://svn.apache.org/repos/asf/struts/struts2/branches/STRUTS_2_3_14_2_X@1488895",
CVE-2014-0099,"Fix possible overflow when parsing long values from a byte array.

git-svn-id: https://svn.apache.org/repos/asf/tomcat/trunk@1578812 13f79535-47bb-0310-9956-ffa450edef68",https://svn.apache.org/repos/asf/tomcat/trunk@1578812,contains links,https://github.com/apache/tomcat/commit/fffd63a,apache/tomcat,apache issue tracker,https://svn.apache.org/repos/asf/tomcat/trunk@1578812,svn/source link,https://svn.apache.org/repos/asf/tomcat/trunk@1578812,svn/source link,,https://svn.apache.org/repos/asf/tomcat/trunk@1578812,not_available,"SVN revision date not found for r1578812; last error: <!DOCTYPE HTML PUBLIC ""-//IETF//DTD HTML 2.0//EN"">
<html><head>
<title>401 Unauthorized</title>
</head><body>
<h1>Unauthorized</h1>
<p>This server could not verify that you
are authorized to access the document
requested.  Either you supplied the wrong
credentials (e.g., bad password), or your
browser doesn't understand how to supply
the credentials required.</p>
</body></html>
 (401) for https://svn.apache.org/repos/asf/tomcat/trunk@1578812",
CVE-2013-4286,"Better adherence to RFC2616 for content-length headers
This is the fix for CVE-2013-4286.

git-svn-id: https://svn.apache.org/repos/asf/tomcat/trunk@1521829 13f79535-47bb-0310-9956-ffa450edef68",https://svn.apache.org/repos/asf/tomcat/trunk@1521829,contains links,https://github.com/apache/tomcat/commit/52241c95b55b005ba6ffeed8e610e238bf471dd9;https://github.com/apache/tomcat80/commit/ff00954b78e6484e40f323c0cef2e6d95c2882b9,apache/tomcat,apache issue tracker,https://svn.apache.org/repos/asf/tomcat/trunk@1521829,svn/source link,https://svn.apache.org/repos/asf/tomcat/trunk@1521829,svn/source link,,https://svn.apache.org/repos/asf/tomcat/trunk@1521829,not_available,"SVN revision date not found for r1521829; last error: <!DOCTYPE HTML PUBLIC ""-//IETF//DTD HTML 2.0//EN"">
<html><head>
<title>401 Unauthorized</title>
</head><body>
<h1>Unauthorized</h1>
<p>This server could not verify that you
are authorized to access the document
requested.  Either you supplied the wrong
credentials (e.g., bad password), or your
browser doesn't understand how to supply
the credentials required.</p>
</body></html>
 (401) for https://svn.apache.org/repos/asf/tomcat/trunk@1521829",
CVE-2012-6153,"Fixed CN extraction from DN of X500 principal

git-svn-id: https://svn.apache.org/repos/asf/httpcomponents/httpclient/branches/4.2.x@1411705 13f79535-47bb-0310-9956-ffa450edef68",https://svn.apache.org/repos/asf/httpcomponents/httpclient/branches/4.2.x@1411705,contains links,https://github.com/apache/httpclient/commit/8e0c2aca056c605a80116fa73a10a6e103f567b3;https://github.com/apache/httpcomponents-client/commit/6e14fc146a66e0f3eb362f45f95d1a58ee18886a,apache/httpclient,apache issue tracker,https://svn.apache.org/repos/asf/httpcomponents/httpclient/branches/4.2.x@1411705,svn/source link,https://svn.apache.org/repos/asf/httpcomponents/httpclient/branches/4.2.x@1411705,svn/source link,,https://svn.apache.org/repos/asf/httpcomponents/httpclient/branches/4.2.x@1411705,not_available,"SVN revision date not found for r1411705; last error: <!DOCTYPE HTML PUBLIC ""-//IETF//DTD HTML 2.0//EN"">
<html><head>
<title>401 Unauthorized</title>
</head><body>
<h1>Unauthorized</h1>
<p>This server could not verify that you
are authorized to access the document
requested.  Either you supplied the wrong
credentials (e.g., bad password), or your
browser doesn't understand how to supply
the credentials required.</p>
</body></html>
 (401) for https://svn.apache.org/repos/asf/httpcomponents/httpclient/branches/4.2.x@1411705",
CVE-2017-5650,"Close the streams as soon as we know the connection is closing

git-svn-id: https://svn.apache.org/repos/asf/tomcat/trunk@1788460 13f79535-47bb-0310-9956-ffa450edef68",https://svn.apache.org/repos/asf/tomcat/trunk@1788460,contains links,https://github.com/apache/tomcat/commit/5496e193a89b8b8b3177e516358df2f07ab852b3,apache/tomcat,apache issue tracker,https://svn.apache.org/repos/asf/tomcat/trunk@1788460,svn/source link,https://svn.apache.org/repos/asf/tomcat/trunk@1788460,svn/source link,,https://svn.apache.org/repos/asf/tomcat/trunk@1788460,not_available,"SVN revision date not found for r1788460; last error: <!DOCTYPE HTML PUBLIC ""-//IETF//DTD HTML 2.0//EN"">
<html><head>
<title>401 Unauthorized</title>
</head><body>
<h1>Unauthorized</h1>
<p>This server could not verify that you
are authorized to access the document
requested.  Either you supplied the wrong
credentials (e.g., bad password), or your
browser doesn't understand how to supply
the credentials required.</p>
</body></html>
 (401) for https://svn.apache.org/repos/asf/tomcat/trunk@1788460",
CVE-2012-0393,"Merges changes from 2.3.x branch

git-svn-id: https://svn.apache.org/repos/asf/struts/struts2/trunk@1225038 13f79535-47bb-0310-9956-ffa450edef68",https://svn.apache.org/repos/asf/struts/struts2/trunk@1225038,contains links,https://github.com/apache/struts/commit/9cad25f258bb2629d263f828574d2671366c238d,apache/struts,apache issue tracker,https://svn.apache.org/repos/asf/struts/struts2/trunk@1225038,svn/source link,https://svn.apache.org/repos/asf/struts/struts2/trunk@1225038,svn/source link,,https://svn.apache.org/repos/asf/struts/struts2/trunk@1225038,not_available,"SVN revision date not found for r1225038; last error: <!DOCTYPE HTML PUBLIC ""-//IETF//DTD HTML 2.0//EN"">
<html><head>
<title>401 Unauthorized</title>
</head><body>
<h1>Unauthorized</h1>
<p>This server could not verify that you
are authorized to access the document
requested.  Either you supplied the wrong
credentials (e.g., bad password), or your
browser doesn't understand how to supply
the credentials required.</p>
</body></html>
 (401) for https://svn.apache.org/repos/asf/struts/struts2/trunk@1225038",
CVE-2016-0763,"Protect initialization of ResourceLinkFactory when running with a SecurityManager.

git-svn-id: https://svn.apache.org/repos/asf/tomcat/trunk@1725926 13f79535-47bb-0310-9956-ffa450edef68",https://svn.apache.org/repos/asf/tomcat/trunk@1725926,contains links,https://github.com/apache/tomcat/commit/76ebc90,apache/tomcat,apache issue tracker,https://svn.apache.org/repos/asf/tomcat/trunk@1725926,svn/source link,https://svn.apache.org/repos/asf/tomcat/trunk@1725926,svn/source link,,https://svn.apache.org/repos/asf/tomcat/trunk@1725926,not_available,"SVN revision date not found for r1725926; last error: <!DOCTYPE HTML PUBLIC ""-//IETF//DTD HTML 2.0//EN"">
<html><head>
<title>401 Unauthorized</title>
</head><body>
<h1>Unauthorized</h1>
<p>This server could not verify that you
are authorized to access the document
requested.  Either you supplied the wrong
credentials (e.g., bad password), or your
browser doesn't understand how to supply
the credentials required.</p>
</body></html>
 (401) for https://svn.apache.org/repos/asf/tomcat/trunk@1725926",
CVE-2013-7285,"Merge security framework from HEAD into branch.

git-svn-id: http://svn.codehaus.org/xstream/branches/v-1.4.x@2219 9830eeb5-ddf4-0310-9ef7-f4b9a3e3227e",http://svn.codehaus.org/xstream/branches/v-1.4.x@2219,contains links,https://github.com/x-stream/xstream/commit/6344867dce6767af7d0fe34fb393271a6456672d,x-stream/xstream,other issue tracker,http://svn.codehaus.org/xstream/branches/v-1.4.x@2219,svn/source link,http://svn.codehaus.org/xstream/branches/v-1.4.x@2219,svn/source link,,http://svn.codehaus.org/xstream/branches/v-1.4.x@2219,not_available,"SVN revision date not found for r2219; last error: failed after 2 retries: URLError(gaierror(8, 'nodename nor servname provided, or not known')) (None) for http://svn.codehaus.org/xstream/branches/v-1.4.x@2219",
CVE-2018-8014,"Fix https://bz.apache.org/bugzilla/show_bug.cgi?id=62343
Make CORS filter defaults more secure.
This is the fix for CVE-2018-8014.

git-svn-id: https://svn.apache.org/repos/asf/tomcat/tc8.5.x/trunk@1831728 13f79535-47bb-0310-9956-ffa450edef68",https://bz.apache.org/bugzilla/show_bug.cgi?id=62343; https://svn.apache.org/repos/asf/tomcat/tc8.5.x/trunk@1831728,contains links,https://github.com/CRaC/tomcat/commit/60f596a21fd6041335a3a1a4015d4512439cecb5;https://github.com/apache/tomcat80/commit/2c9d8433bd3247a2856d4b2555447108758e813e,CRaC/tomcat,apache issue tracker,https://bz.apache.org/bugzilla/show_bug.cgi?id=62343,bugzilla issue tracker,https://bz.apache.org/bugzilla/show_bug.cgi?id=62343,bugzilla issue tracker,,https://bz.apache.org/bugzilla/show_bug.cgi?id=62343,auth_required,login/authentication required,
CVE-2014-0075,"Improve processing of chuck size from chunked headers. Avoid overflow and use a bit shift instead of a multiplication as it is marginally faster.
This is the fix for CVE-2014-0075


git-svn-id: https://svn.apache.org/repos/asf/tomcat/trunk@1578337 13f79535-47bb-0310-9956-ffa450edef68",https://svn.apache.org/repos/asf/tomcat/trunk@1578337,contains links,https://github.com/apache/tomcat80/commit/d49a03728ac7e3c800b1b0ce0eeccd8a5a21bb91;https://github.com/apache/tomcat/commit/b6974571c122f6a1e7ec74a90fa212976fa7b0ed,apache/tomcat80,apache issue tracker,https://svn.apache.org/repos/asf/tomcat/trunk@1578337,svn/source link,https://svn.apache.org/repos/asf/tomcat/trunk@1578337,svn/source link,,https://svn.apache.org/repos/asf/tomcat/trunk@1578337,not_available,"SVN revision date not found for r1578337; last error: <!DOCTYPE HTML PUBLIC ""-//IETF//DTD HTML 2.0//EN"">
<html><head>
<title>401 Unauthorized</title>
</head><body>
<h1>Unauthorized</h1>
<p>This server could not verify that you
are authorized to access the document
requested.  Either you supplied the wrong
credentials (e.g., bad password), or your
browser doesn't understand how to supply
the credentials required.</p>
</body></html>
 (401) for https://svn.apache.org/repos/asf/tomcat/trunk@1578337",
CVE-2012-5633,"Added some tests for CXF-4629

git-svn-id: https://svn.apache.org/repos/asf/cxf/trunk@1420698 13f79535-47bb-0310-9956-ffa450edef68",https://svn.apache.org/repos/asf/cxf/trunk@1420698,contains links,https://github.com/apache/cxf/commit/1a6b532d53a7b98018871982049e4b0c80dc837c;https://github.com/apache/cxf/commit/db11c9115f31e171de4622149f157d8283f6c720;https://github.com/apache/cxf/commit/d99f96aa970d9f2faa8ed45e278a403af48757ae;https://github.com/apache/cxf/commit/e733c692e933a7f82424d3744aace9304cd5d4f6,apache/cxf,apache issue tracker,https://svn.apache.org/repos/asf/cxf/trunk@1420698,svn/source link,https://svn.apache.org/repos/asf/cxf/trunk@1420698,svn/source link,,https://svn.apache.org/repos/asf/cxf/trunk@1420698,not_available,"SVN revision date not found for r1420698; last error: <!DOCTYPE HTML PUBLIC ""-//IETF//DTD HTML 2.0//EN"">
<html><head>
<title>401 Unauthorized</title>
</head><body>
<h1>Unauthorized</h1>
<p>This server could not verify that you
are authorized to access the document
requested.  Either you supplied the wrong
credentials (e.g., bad password), or your
browser doesn't understand how to supply
the credentials required.</p>
</body></html>
 (401) for https://svn.apache.org/repos/asf/cxf/trunk@1420698",
CVE-2012-0881,"Enhancements to the hashing algorithms used in internal data structures within Xerces to make them more resistant to collisions. To improve the distribution a new hash function is randomly selected each time the number of items in a bucket exceeds a threshold.

git-svn-id: https://svn.apache.org/repos/asf/xerces/java/trunk@1357381 13f79535-47bb-0310-9956-ffa450edef68",https://svn.apache.org/repos/asf/xerces/java/trunk@1357381,contains links,https://github.com/apache/xerces2-j/commit/992b5d9c24102ad20330d36c0a71162753a37449,apache/xerces2-j,apache issue tracker,https://svn.apache.org/repos/asf/xerces/java/trunk@1357381,svn/source link,https://svn.apache.org/repos/asf/xerces/java/trunk@1357381,svn/source link,,https://svn.apache.org/repos/asf/xerces/java/trunk@1357381,not_available,"SVN revision date not found for r1357381; last error: <!DOCTYPE HTML PUBLIC ""-//IETF//DTD HTML 2.0//EN"">
<html><head>
<title>401 Unauthorized</title>
</head><body>
<h1>Unauthorized</h1>
<p>This server could not verify that you
are authorized to access the document
requested.  Either you supplied the wrong
credentials (e.g., bad password), or your
browser doesn't understand how to supply
the credentials required.</p>
</body></html>
 (401) for https://svn.apache.org/repos/asf/xerces/java/trunk@1357381",
CVE-2012-4387,"Merged from trunk
WW-3860
Restrict accepted parameter name length
Thanks to Johno Crawford for the patch. [from revision 1368841]

git-svn-id: https://svn.apache.org/repos/asf/struts/struts2/branches/STRUTS_2_3_4_X@1368949 13f79535-47bb-0310-9956-ffa450edef68",https://svn.apache.org/repos/asf/struts/struts2/branches/STRUTS_2_3_4_X@1368949,contains links,https://github.com/apache/struts/commit/87935af56a27235e9399308ee1fcfb74f8edcefa;https://github.com/apache/struts/commit/80e03182d66d9e6ab18f9a9a9b3c42725a1c89e9,apache/struts,apache issue tracker,https://svn.apache.org/repos/asf/struts/struts2/branches/STRUTS_2_3_4_X@1368949,svn/source link,https://svn.apache.org/repos/asf/struts/struts2/branches/STRUTS_2_3_4_X@1368949,svn/source link,,https://svn.apache.org/repos/asf/struts/struts2/branches/STRUTS_2_3_4_X@1368949,not_available,"SVN revision date not found for r1368949; last error: <!DOCTYPE HTML PUBLIC ""-//IETF//DTD HTML 2.0//EN"">
<html><head>
<title>401 Unauthorized</title>
</head><body>
<h1>Unauthorized</h1>
<p>This server could not verify that you
are authorized to access the document
requested.  Either you supplied the wrong
credentials (e.g., bad password), or your
browser doesn't understand how to supply
the credentials required.</p>
</body></html>
 (401) for https://svn.apache.org/repos/asf/struts/struts2/branches/STRUTS_2_3_4_X@1368949",
CVE-2012-3353,"SLING-2512 - only support file elements in XML import when location is known. warning otherwise.

git-svn-id: https://svn.apache.org/repos/asf/sling/trunk/bundles/jcr/contentloader@1351670 13f79535-47bb-0310-9956-ffa450edef68",https://svn.apache.org/repos/asf/sling/trunk/bundles/jcr/contentloader@1351670,contains links,https://github.com/apache/sling-org-apache-sling-jcr-contentloader/commit/1eae3d99b4e12a6992c3c3980d7735186bf21b2e,apache/sling-org-apache-sling-jcr-contentloader,apache issue tracker,https://svn.apache.org/repos/asf/sling/trunk/bundles/jcr/contentloader@1351670,svn/source link,https://svn.apache.org/repos/asf/sling/trunk/bundles/jcr/contentloader@1351670,svn/source link,,https://svn.apache.org/repos/asf/sling/trunk/bundles/jcr/contentloader@1351670,not_available,"SVN revision date not found for r1351670; last error: <!DOCTYPE HTML PUBLIC ""-//IETF//DTD HTML 2.0//EN"">
<html><head>
<title>401 Unauthorized</title>
</head><body>
<h1>Unauthorized</h1>
<p>This server could not verify that you
are authorized to access the document
requested.  Either you supplied the wrong
credentials (e.g., bad password), or your
browser doesn't understand how to supply
the credentials required.</p>
</body></html>
 (401) for https://svn.apache.org/repos/asf/sling/trunk/bundles/jcr/contentloader@1351670",
CVE-2007-1358,"Fix https://issues.apache.org/bugzilla/show_bug.cgi?id=47963
Prevent use of non-RFC2616 compliant custom status messages

git-svn-id: https://svn.apache.org/repos/asf/tomcat/tc5.5.x/trunk@918767 13f79535-47bb-0310-9956-ffa450edef68",https://issues.apache.org/bugzilla/show_bug.cgi?id=47963; https://svn.apache.org/repos/asf/tomcat/tc5.5.x/trunk@918767,contains links,https://github.com/apache/tomcat55/commit/b708642f991018f0e252a3f2505b8722cfe53b06,apache/tomcat55,apache issue tracker,https://issues.apache.org/bugzilla/show_bug.cgi?id=47963,bugzilla issue tracker,https://issues.apache.org/bugzilla/show_bug.cgi?id=47963,bugzilla issue tracker,,https://issues.apache.org/bugzilla/show_bug.cgi?id=47963,auth_required,login/authentication required,
CVE-2017-8045,"AMQP-766: Deserialization in Message.toString()

JIRA: https://jira.spring.io/browse/AMQP-766

Add white list for classes/packages that can be deserialized in Message.toString().

__cherry-pick to 1.7.x, 1.6.x, 1.5.x__

* Polishing - checkstyle and PR Comments

(cherry picked from commit 36e5599)",https://jira.spring.io/browse/AMQP-766,contains links,https://github.com/spring-projects/spring-amqp/commit/6e9e00bb5bf0aa88444146db3c2eae138cc7b0a,spring-projects/spring-amqp,jira issue tracker,https://jira.spring.io/browse/AMQP-766,jira issue tracker,https://jira.spring.io/browse/AMQP-766,jira issue tracker,,https://jira.spring.io/browse/AMQP-766,not_available,,
CVE-2012-3544,"More chunked encoding improvements
- Expand unit tests for chunked encoding
- Fix a parsing error at eol when multiple headers are present (regression in r1378699)
- Make parsing of terminating CRLF non-tolerant (RFC2616 only suggests to be tolerant of LF at the end of headers)
- Revert previous unnecessary change to SimpleHttpClient

git-svn-id: https://svn.apache.org/repos/asf/tomcat/trunk@1378918 13f79535-47bb-0310-9956-ffa450edef68",https://svn.apache.org/repos/asf/tomcat/trunk@1378918,contains links,https://github.com/apache/tomcat/commit/77534eb;https://github.com/apache/tomcat/commit/775d5fa,apache/tomcat,apache issue tracker,https://svn.apache.org/repos/asf/tomcat/trunk@1378918,svn/source link,https://svn.apache.org/repos/asf/tomcat/trunk@1378918,svn/source link,,https://svn.apache.org/repos/asf/tomcat/trunk@1378918,not_available,"SVN revision date not found for r1378918; last error: <!DOCTYPE HTML PUBLIC ""-//IETF//DTD HTML 2.0//EN"">
<html><head>
<title>401 Unauthorized</title>
</head><body>
<h1>Unauthorized</h1>
<p>This server could not verify that you
are authorized to access the document
requested.  Either you supplied the wrong
credentials (e.g., bad password), or your
browser doesn't understand how to supply
the credentials required.</p>
</body></html>
 (401) for https://svn.apache.org/repos/asf/tomcat/trunk@1378918",
CVE-2016-6798,"SLING-5954 - Disable non-essential features in XML parser

git-svn-id: https://svn.apache.org/repos/asf/sling/trunk@1755704 13f79535-47bb-0310-9956-ffa450edef68",https://svn.apache.org/repos/asf/sling/trunk@1755704,contains links,https://github.com/apache/sling/commit/fb2719e8299fadddae62245482de112052a0e08c,apache/sling,apache issue tracker,https://svn.apache.org/repos/asf/sling/trunk@1755704,svn/source link,https://svn.apache.org/repos/asf/sling/trunk@1755704,svn/source link,,https://svn.apache.org/repos/asf/sling/trunk@1755704,not_available,"SVN revision date not found for r1755704; last error: <!DOCTYPE HTML PUBLIC ""-//IETF//DTD HTML 2.0//EN"">
<html><head>
<title>401 Unauthorized</title>
</head><body>
<h1>Unauthorized</h1>
<p>This server could not verify that you
are authorized to access the document
requested.  Either you supplied the wrong
credentials (e.g., bad password), or your
browser doesn't understand how to supply
the credentials required.</p>
</body></html>
 (401) for https://svn.apache.org/repos/asf/sling/trunk@1755704",
CVE-2017-12617,"Fix https://bz.apache.org/bugzilla/show_bug.cgi?id=61542
Remainder of fix for CVE-2017-12617
This ensures that a path specified for creation of a file does not end in '/' since that is dropped by the File API.

git-svn-id: https://svn.apache.org/repos/asf/tomcat/tc8.5.x/trunk@1809274 13f79535-47bb-0310-9956-ffa450edef68",https://bz.apache.org/bugzilla/show_bug.cgi?id=61542; https://svn.apache.org/repos/asf/tomcat/tc8.5.x/trunk@1809274,contains links,https://github.com/apache/tomcat/commit/4cf7dab88282c8f3c92f0b961cdb0096e1d63e88;https://github.com/apache/tomcat/commit/a9dd96046d7acb0357c6b7b9e6cc70d186fae663;https://github.com/apache/tomcat/commit/b7e0435d17aba69f16ae9e8a78ad0f1565b552af,apache/tomcat,apache issue tracker,https://bz.apache.org/bugzilla/show_bug.cgi?id=61542,bugzilla issue tracker,https://bz.apache.org/bugzilla/show_bug.cgi?id=61542,bugzilla issue tracker,,https://bz.apache.org/bugzilla/show_bug.cgi?id=61542,auth_required,login/authentication required,
CVE-2012-3376,"Fix issue with NN/DN re-registration.


git-svn-id: https://svn.apache.org/repos/asf/hadoop/common/branches/branch-2.0.1-alpha@1358352 13f79535-47bb-0310-9956-ffa450edef68",https://svn.apache.org/repos/asf/hadoop/common/branches/branch-2.0.1-alpha@1358352,contains links,https://github.com/apache/hadoop/commit/bed2b95f28a8e0d2544ffc4935e53eb656049309,apache/hadoop,apache issue tracker,https://svn.apache.org/repos/asf/hadoop/common/branches/branch-2.0.1-alpha@1358352,svn/source link,https://svn.apache.org/repos/asf/hadoop/common/branches/branch-2.0.1-alpha@1358352,svn/source link,,https://svn.apache.org/repos/asf/hadoop/common/branches/branch-2.0.1-alpha@1358352,not_available,"SVN revision date not found for r1358352; last error: <!DOCTYPE HTML PUBLIC ""-//IETF//DTD HTML 2.0//EN"">
<html><head>
<title>401 Unauthorized</title>
</head><body>
<h1>Unauthorized</h1>
<p>This server could not verify that you
are authorized to access the document
requested.  Either you supplied the wrong
credentials (e.g., bad password), or your
browser doesn't understand how to supply
the credentials required.</p>
</body></html>
 (401) for https://svn.apache.org/repos/asf/hadoop/common/branches/branch-2.0.1-alpha@1358352",
CVE-2020-11988,"XGC-122: Dont load DTDs in XMP

git-svn-id: https://svn.apache.org/repos/asf/xmlgraphics/commons/trunk@1878394 13f79535-47bb-0310-9956-ffa450edef68",https://svn.apache.org/repos/asf/xmlgraphics/commons/trunk@1878394,contains links,https://github.com/apache/xmlgraphics-commons/commit/57393912eb87b994c7fed39ddf30fb778a275183,apache/xmlgraphics-commons,apache issue tracker,https://svn.apache.org/repos/asf/xmlgraphics/commons/trunk@1878394,svn/source link,https://svn.apache.org/repos/asf/xmlgraphics/commons/trunk@1878394,svn/source link,,https://svn.apache.org/repos/asf/xmlgraphics/commons/trunk@1878394,not_available,"SVN revision date not found for r1878394; last error: <!DOCTYPE HTML PUBLIC ""-//IETF//DTD HTML 2.0//EN"">
<html><head>
<title>401 Unauthorized</title>
</head><body>
<h1>Unauthorized</h1>
<p>This server could not verify that you
are authorized to access the document
requested.  Either you supplied the wrong
credentials (e.g., bad password), or your
browser doesn't understand how to supply
the credentials required.</p>
</body></html>
 (401) for https://svn.apache.org/repos/asf/xmlgraphics/commons/trunk@1878394",
CVE-2020-8897,"feat!: Updates to the AWS Encryption SDK.

This change includes fixes for issues that were reported by Thai Duong from Google's Security team, and
for issues that were identified by AWS Cryptography.

BREAKING CHANGE: AWS KMS KeyIDs must be specified explicitly or Discovery mode explicitly chosen.
Key committing suites are now default. CommitmentPolicy requires commitment by default.

See: https://docs.aws.amazon.com/encryption-sdk/latest/developer-guide/migration.html",https://docs.aws.amazon.com/encryption-sdk/latest/developer-guide/migration.html,contains links,https://github.com/aws/aws-encryption-sdk-java/commit/4678ffaf7a4a2dd5cdf0e39b3adfee32afed7559,aws/aws-encryption-sdk-java,other,https://docs.aws.amazon.com/encryption-sdk/latest/developer-guide/migration.html,other,https://docs.aws.amazon.com/encryption-sdk/latest/developer-guide/migration.html,other,,https://docs.aws.amazon.com/encryption-sdk/latest/developer-guide/migration.html,not_available,created date parser not implemented for link type: other,
CVE-2008-5515,"Remove 3 of the essentially 4 duplicate normalise implementations.
Minor tweaks where required to use the new single implementation.
Remove unnecessary normalisation calls.
This includes the fix for CVE-2008-5515.

git-svn-id: https://svn.apache.org/repos/asf/tomcat/trunk@734734 13f79535-47bb-0310-9956-ffa450edef68",https://svn.apache.org/repos/asf/tomcat/trunk@734734,contains links,https://github.com/apache/tomcat/commit/c5200318b7f030d658f22b6c2f2ab6fd565d26a3;https://github.com/apache/tomcat/commit/60bb2ad3653c8e08052ccee653fb2f0901b94139,apache/tomcat,apache issue tracker,https://svn.apache.org/repos/asf/tomcat/trunk@734734,svn/source link,https://svn.apache.org/repos/asf/tomcat/trunk@734734,svn/source link,,https://svn.apache.org/repos/asf/tomcat/trunk@734734,not_available,"SVN revision date not found for r734734; last error: <!DOCTYPE HTML PUBLIC ""-//IETF//DTD HTML 2.0//EN"">
<html><head>
<title>401 Unauthorized</title>
</head><body>
<h1>Unauthorized</h1>
<p>This server could not verify that you
are authorized to access the document
requested.  Either you supplied the wrong
credentials (e.g., bad password), or your
browser doesn't understand how to supply
the credentials required.</p>
</body></html>
 (401) for https://svn.apache.org/repos/asf/tomcat/trunk@734734",
CVE-2016-5388,"Add a new initialisation parameter, envHttpHeaders, to the CGI Servlet to mitigate httpoxy (CVE-2016-5388) by default and to provide a mechanism that can be used to mitigate any future, similar issues.

git-svn-id: https://svn.apache.org/repos/asf/tomcat/tc8.0.x/trunk@1756941 13f79535-47bb-0310-9956-ffa450edef68",https://svn.apache.org/repos/asf/tomcat/tc8.0.x/trunk@1756941,contains links,https://github.com/apache/tomcat80/commit/1977bf9df699c571cf3e08c2996533b959d4cb1e,apache/tomcat80,apache issue tracker,https://svn.apache.org/repos/asf/tomcat/tc8.0.x/trunk@1756941,svn/source link,https://svn.apache.org/repos/asf/tomcat/tc8.0.x/trunk@1756941,svn/source link,,https://svn.apache.org/repos/asf/tomcat/tc8.0.x/trunk@1756941,not_available,"SVN revision date not found for r1756941; last error: <!DOCTYPE HTML PUBLIC ""-//IETF//DTD HTML 2.0//EN"">
<html><head>
<title>401 Unauthorized</title>
</head><body>
<h1>Unauthorized</h1>
<p>This server could not verify that you
are authorized to access the document
requested.  Either you supplied the wrong
credentials (e.g., bad password), or your
browser doesn't understand how to supply
the credentials required.</p>
</body></html>
 (401) for https://svn.apache.org/repos/asf/tomcat/tc8.0.x/trunk@1756941",
CVE-2016-6801,"JCR-4009: CSRF in Jackrabbit-Webdav (ported to 2.12) (CVE-2016-6801)

CSRFUtil: properly parse content types (handle params, normalize, handle case differences also multiple field instances), handle missing content type header field, handle partial-URI in referer, DEBUG logging

WebDAV servlet: disable bogus POST support

Davex: include Referer header field in POST requests used for davex remoting

git-svn-id: https://svn.apache.org/repos/asf/jackrabbit/branches/2.12@1758609 13f79535-47bb-0310-9956-ffa450edef68",https://svn.apache.org/repos/asf/jackrabbit/branches/2.12@1758609,contains links,https://github.com/apache/jackrabbit/commit/fb4fe3601717201934bcbf6eb604d2e1ef2cb7ad;https://github.com/apache/jackrabbit/commit/ea75d7c2aeaafecd9ab97736bf81c5616f703244;https://github.com/apache/jackrabbit/commit/7fb4ba4a385069378c916b4fac3f145db802acd8;https://github.com/apache/jackrabbit/commit/67f2cc1ac78cd7bb721d556e8be27559efbf4e12;https://github.com/apache/jackrabbit/commit/283df6f101676579086400e30e8dd42eacd5ef33,apache/jackrabbit,apache issue tracker,https://svn.apache.org/repos/asf/jackrabbit/branches/2.12@1758609,svn/source link,https://svn.apache.org/repos/asf/jackrabbit/branches/2.12@1758609,svn/source link,,https://svn.apache.org/repos/asf/jackrabbit/branches/2.12@1758609,not_available,"SVN revision date not found for r1758609; last error: <!DOCTYPE HTML PUBLIC ""-//IETF//DTD HTML 2.0//EN"">
<html><head>
<title>401 Unauthorized</title>
</head><body>
<h1>Unauthorized</h1>
<p>This server could not verify that you
are authorized to access the document
requested.  Either you supplied the wrong
credentials (e.g., bad password), or your
browser doesn't understand how to supply
the credentials required.</p>
</body></html>
 (401) for https://svn.apache.org/repos/asf/jackrabbit/branches/2.12@1758609",
CVE-2013-2067,"In FormAuthenticator: If it is configured to change Session IDs,
do the change before displaying the login form.

git-svn-id: https://svn.apache.org/repos/asf/tomcat/trunk@1408043 13f79535-47bb-0310-9956-ffa450edef68",https://svn.apache.org/repos/asf/tomcat/trunk@1408043,contains links,https://github.com/apache/tomcat/commit/39c4263,apache/tomcat,apache issue tracker,https://svn.apache.org/repos/asf/tomcat/trunk@1408043,svn/source link,https://svn.apache.org/repos/asf/tomcat/trunk@1408043,svn/source link,,https://svn.apache.org/repos/asf/tomcat/trunk@1408043,not_available,"SVN revision date not found for r1408043; last error: <!DOCTYPE HTML PUBLIC ""-//IETF//DTD HTML 2.0//EN"">
<html><head>
<title>401 Unauthorized</title>
</head><body>
<h1>Unauthorized</h1>
<p>This server could not verify that you
are authorized to access the document
requested.  Either you supplied the wrong
credentials (e.g., bad password), or your
browser doesn't understand how to supply
the credentials required.</p>
</body></html>
 (401) for https://svn.apache.org/repos/asf/tomcat/trunk@1408043",
CVE-2012-0392,"WW-3668 - Vulnerability: User input is evaluated as an OGNL expression when there's a conversion error

git-svn-id: https://svn.apache.org/repos/asf/struts/struts2/trunk@1157009 13f79535-47bb-0310-9956-ffa450edef68",https://svn.apache.org/repos/asf/struts/struts2/trunk@1157009,contains links,https://github.com/apache/struts/commit/b4265d369dc29d57a9f2846a85b26598e83f3892;https://github.com/apache/struts/commit/41f90ae39d0783f64641726e7e6b4741663c04bd,apache/struts,apache issue tracker,https://svn.apache.org/repos/asf/struts/struts2/trunk@1157009,svn/source link,https://svn.apache.org/repos/asf/struts/struts2/trunk@1157009,svn/source link,,https://svn.apache.org/repos/asf/struts/struts2/trunk@1157009,not_available,"SVN revision date not found for r1157009; last error: <!DOCTYPE HTML PUBLIC ""-//IETF//DTD HTML 2.0//EN"">
<html><head>
<title>401 Unauthorized</title>
</head><body>
<h1>Unauthorized</h1>
<p>This server could not verify that you
are authorized to access the document
requested.  Either you supplied the wrong
credentials (e.g., bad password), or your
browser doesn't understand how to supply
the credentials required.</p>
</body></html>
 (401) for https://svn.apache.org/repos/asf/struts/struts2/trunk@1157009",
CVE-2014-9970,"Hash matching: Replaced call to Arrays.equals() with a time-constant function in order to protect against timing attacks in hypothetical developer-made message authentication schemes. (Note password matching is not affected by this vulnerability)

git-svn-id: http://svn.code.sf.net/p/jasypt/code/trunk/jasypt@668 da78853a-38a2-49c0-9af2-345bcb92683f",http://svn.code.sf.net/p/jasypt/code/trunk/jasypt@668,contains links,https://github.com/jboss-fuse/jasypt/commit/8e62852a8018978ee19d39056c650fb66ffa0ff6,jboss-fuse/jasypt,other issue tracker,http://svn.code.sf.net/p/jasypt/code/trunk/jasypt@668,svn/source link,http://svn.code.sf.net/p/jasypt/code/trunk/jasypt@668,svn/source link,,http://svn.code.sf.net/p/jasypt/code/trunk/jasypt@668,not_available,"SVN revision date not found for r668; last error: <!DOCTYPE HTML PUBLIC ""-//IETF//DTD HTML 2.0//EN"">
<html><head>
<title>404 Not Found</title>
</head><body>
<h1>Not Found</h1>
<p>The requested URL /p/jasypt/code/trunk/jasypt@668 was not found on this server.</p>
</body></html>
 (404) for http://svn.code.sf.net/p/jasypt/code/trunk/jasypt@668",
CVE-2012-5370,"Use Perl's Hash for String#hash

Replace String hash function again, use Perl's Hash instaed of
SipHash-2-4.  Perl's Hash is 10**5 times faster than
Murmur2/SipHash-2-4.  Our understanding is Perl's Hash is not broken in
regards to HashDoS attack[1] so far.

For the case Perl's Hash is broken in the future, you can use
SipHash-2-4 by passing ""jruby.siphash.enabled=true"" system property
(false by default.)

[1] http://2012.appsec-forum.ch/conferences/#c17",http://2012.appsec-forum.ch/conferences/#c17,contains links,https://github.com/jruby/jruby/commit/5e4aab28b26fd127112b76fabfac9a33b64caf77,jruby/jruby,other,http://2012.appsec-forum.ch/conferences/#c17,other,http://2012.appsec-forum.ch/conferences/#c17,other,,http://2012.appsec-forum.ch/conferences/#c17,not_available,"failed after 2 retries: URLError(gaierror(8, 'nodename nor servname provided, or not known'))",
CVE-2011-1582,"Use the correct classloader
This is the fix for CVE-2011-1582

git-svn-id: https://svn.apache.org/repos/asf/tomcat/trunk@1100832 13f79535-47bb-0310-9956-ffa450edef68",https://svn.apache.org/repos/asf/tomcat/trunk@1100832,contains links,https://github.com/apache/tomcat/commit/ad1524e6fd1de51e816569c9935403ee074e999f,apache/tomcat,apache issue tracker,https://svn.apache.org/repos/asf/tomcat/trunk@1100832,svn/source link,https://svn.apache.org/repos/asf/tomcat/trunk@1100832,svn/source link,,https://svn.apache.org/repos/asf/tomcat/trunk@1100832,not_available,"SVN revision date not found for r1100832; last error: <!DOCTYPE HTML PUBLIC ""-//IETF//DTD HTML 2.0//EN"">
<html><head>
<title>401 Unauthorized</title>
</head><body>
<h1>Unauthorized</h1>
<p>This server could not verify that you
are authorized to access the document
requested.  Either you supplied the wrong
credentials (e.g., bad password), or your
browser doesn't understand how to supply
the credentials required.</p>
</body></html>
 (401) for https://svn.apache.org/repos/asf/tomcat/trunk@1100832",
CVE-2017-5648,"Ensure request and response facades are used when firing application listeners. 

git-svn-id: https://svn.apache.org/repos/asf/tomcat/trunk@1785774 13f79535-47bb-0310-9956-ffa450edef68",https://svn.apache.org/repos/asf/tomcat/trunk@1785774,contains links,https://github.com/apache/tomcat/commit/dfa40863421d7681fed893b4256666491887e38c,apache/tomcat,apache issue tracker,https://svn.apache.org/repos/asf/tomcat/trunk@1785774,svn/source link,https://svn.apache.org/repos/asf/tomcat/trunk@1785774,svn/source link,,https://svn.apache.org/repos/asf/tomcat/trunk@1785774,not_available,"SVN revision date not found for r1785774; last error: <!DOCTYPE HTML PUBLIC ""-//IETF//DTD HTML 2.0//EN"">
<html><head>
<title>401 Unauthorized</title>
</head><body>
<h1>Unauthorized</h1>
<p>This server could not verify that you
are authorized to access the document
requested.  Either you supplied the wrong
credentials (e.g., bad password), or your
browser doesn't understand how to supply
the credentials required.</p>
</body></html>
 (401) for https://svn.apache.org/repos/asf/tomcat/trunk@1785774",
CVE-2013-2115,"WW-4063
Improved security  by making static method attribute immutable

git-svn-id: https://svn.apache.org/repos/asf/struts/struts2/branches/STRUTS_2_3_14_X@1486054 13f79535-47bb-0310-9956-ffa450edef68",https://svn.apache.org/repos/asf/struts/struts2/branches/STRUTS_2_3_14_X@1486054,contains links,https://github.com/apache/struts/commit/d7804297e319c7a12245e1b536e565fcea6d650,apache/struts,apache issue tracker,https://svn.apache.org/repos/asf/struts/struts2/branches/STRUTS_2_3_14_X@1486054,svn/source link,https://svn.apache.org/repos/asf/struts/struts2/branches/STRUTS_2_3_14_X@1486054,svn/source link,,https://svn.apache.org/repos/asf/struts/struts2/branches/STRUTS_2_3_14_X@1486054,not_available,"SVN revision date not found for r1486054; last error: <!DOCTYPE HTML PUBLIC ""-//IETF//DTD HTML 2.0//EN"">
<html><head>
<title>401 Unauthorized</title>
</head><body>
<h1>Unauthorized</h1>
<p>This server could not verify that you
are authorized to access the document
requested.  Either you supplied the wrong
credentials (e.g., bad password), or your
browser doesn't understand how to supply
the credentials required.</p>
</body></html>
 (401) for https://svn.apache.org/repos/asf/struts/struts2/branches/STRUTS_2_3_14_X@1486054",
CVE-2014-0074,"Updating JndiLdapContextFactory to conform to spec rfc4513 section-5.1.2

git-svn-id: https://svn.apache.org/repos/asf/shiro/branches/1.2.x@1571533 13f79535-47bb-0310-9956-ffa450edef68",https://svn.apache.org/repos/asf/shiro/branches/1.2.x@1571533,contains links,https://github.com/apache/shiro/commit/f988846207f98c98ff24213ee9063798ea5d9b6c;https://github.com/apache/shiro/commit/9137e6cc45922b529fb776c6857647a3935471bb,apache/shiro,apache issue tracker,https://svn.apache.org/repos/asf/shiro/branches/1.2.x@1571533,svn/source link,https://svn.apache.org/repos/asf/shiro/branches/1.2.x@1571533,svn/source link,,https://svn.apache.org/repos/asf/shiro/branches/1.2.x@1571533,not_available,"SVN revision date not found for r1571533; last error: <!DOCTYPE HTML PUBLIC ""-//IETF//DTD HTML 2.0//EN"">
<html><head>
<title>401 Unauthorized</title>
</head><body>
<h1>Unauthorized</h1>
<p>This server could not verify that you
are authorized to access the document
requested.  Either you supplied the wrong
credentials (e.g., bad password), or your
browser doesn't understand how to supply
the credentials required.</p>
</body></html>
 (401) for https://svn.apache.org/repos/asf/shiro/branches/1.2.x@1571533",
CVE-2014-7810,"Remove some more unnecessary code.

git-svn-id: https://svn.apache.org/repos/asf/tomcat/trunk@1645641 13f79535-47bb-0310-9956-ffa450edef68",https://svn.apache.org/repos/asf/tomcat/trunk@1645641,contains links,https://github.com/apache/tomcat/commit/8179973;https://github.com/apache/tomcat/commit/8cf3d4aa3be92593302848ef4edd2cfc0e366a49,apache/tomcat,apache issue tracker,https://svn.apache.org/repos/asf/tomcat/trunk@1645641,svn/source link,https://svn.apache.org/repos/asf/tomcat/trunk@1645641,svn/source link,,https://svn.apache.org/repos/asf/tomcat/trunk@1645641,not_available,"SVN revision date not found for r1645641; last error: <!DOCTYPE HTML PUBLIC ""-//IETF//DTD HTML 2.0//EN"">
<html><head>
<title>401 Unauthorized</title>
</head><body>
<h1>Unauthorized</h1>
<p>This server could not verify that you
are authorized to access the document
requested.  Either you supplied the wrong
credentials (e.g., bad password), or your
browser doesn't understand how to supply
the credentials required.</p>
</body></html>
 (401) for https://svn.apache.org/repos/asf/tomcat/trunk@1645641",
CVE-2011-3376,"ContainerServlets are always restricted.

git-svn-id: https://svn.apache.org/repos/asf/tomcat/trunk@1176584 13f79535-47bb-0310-9956-ffa450edef68",https://svn.apache.org/repos/asf/tomcat/trunk@1176584,contains links,https://github.com/apache/tomcat/commit/4f08a48,apache/tomcat,apache issue tracker,https://svn.apache.org/repos/asf/tomcat/trunk@1176584,svn/source link,https://svn.apache.org/repos/asf/tomcat/trunk@1176584,svn/source link,,https://svn.apache.org/repos/asf/tomcat/trunk@1176584,not_available,"SVN revision date not found for r1176584; last error: <!DOCTYPE HTML PUBLIC ""-//IETF//DTD HTML 2.0//EN"">
<html><head>
<title>401 Unauthorized</title>
</head><body>
<h1>Unauthorized</h1>
<p>This server could not verify that you
are authorized to access the document
requested.  Either you supplied the wrong
credentials (e.g., bad password), or your
browser doesn't understand how to supply
the credentials required.</p>
</body></html>
 (401) for https://svn.apache.org/repos/asf/tomcat/trunk@1176584",
CVE-2010-4172,"Fix CVE-2010-4172. Multiple XSS in Manager web application

git-svn-id: https://svn.apache.org/repos/asf/tomcat/trunk@1037778 13f79535-47bb-0310-9956-ffa450edef68",https://svn.apache.org/repos/asf/tomcat/trunk@1037778,contains links,https://github.com/apache/tomcat/commit/afd4b3b3904593530c338e449b49198199694f4c;https://github.com/apache/tomcat/commit/2f0f80a6c36d6875c64f8c857e2e26661a3865d4,apache/tomcat,apache issue tracker,https://svn.apache.org/repos/asf/tomcat/trunk@1037778,svn/source link,https://svn.apache.org/repos/asf/tomcat/trunk@1037778,svn/source link,,https://svn.apache.org/repos/asf/tomcat/trunk@1037778,not_available,"SVN revision date not found for r1037778; last error: <!DOCTYPE HTML PUBLIC ""-//IETF//DTD HTML 2.0//EN"">
<html><head>
<title>401 Unauthorized</title>
</head><body>
<h1>Unauthorized</h1>
<p>This server could not verify that you
are authorized to access the document
requested.  Either you supplied the wrong
credentials (e.g., bad password), or your
browser doesn't understand how to supply
the credentials required.</p>
</body></html>
 (401) for https://svn.apache.org/repos/asf/tomcat/trunk@1037778",
CVE-2016-3092,"Fix a performance issue with large boundaries leading to a Denial of Service (CVE-2016-3092)


git-svn-id: https://svn.apache.org/repos/asf/commons/proper/fileupload/trunk@1743480 13f79535-47bb-0310-9956-ffa450edef68",https://svn.apache.org/repos/asf/commons/proper/fileupload/trunk@1743480,contains links,https://github.com/apache/commons-fileupload/commit/774ef160d591b579f703c694002e080f99bcd28b,apache/commons-fileupload,apache issue tracker,https://svn.apache.org/repos/asf/commons/proper/fileupload/trunk@1743480,svn/source link,https://svn.apache.org/repos/asf/commons/proper/fileupload/trunk@1743480,svn/source link,,https://svn.apache.org/repos/asf/commons/proper/fileupload/trunk@1743480,not_available,"SVN revision date not found for r1743480; last error: <!DOCTYPE HTML PUBLIC ""-//IETF//DTD HTML 2.0//EN"">
<html><head>
<title>401 Unauthorized</title>
</head><body>
<h1>Unauthorized</h1>
<p>This server could not verify that you
are authorized to access the document
requested.  Either you supplied the wrong
credentials (e.g., bad password), or your
browser doesn't understand how to supply
the credentials required.</p>
</body></html>
 (401) for https://svn.apache.org/repos/asf/commons/proper/fileupload/trunk@1743480",
CVE-2014-3577,"Improved cert subject parsing

git-svn-id: https://svn.apache.org/repos/asf/httpcomponents/httpclient/branches/4.3.x@1614064 13f79535-47bb-0310-9956-ffa450edef68",https://svn.apache.org/repos/asf/httpcomponents/httpclient/branches/4.3.x@1614064,contains links,https://github.com/apache/httpclient/commit/51cc67567765d67f878f0dcef61b5ded454d3122,apache/httpclient,apache issue tracker,https://svn.apache.org/repos/asf/httpcomponents/httpclient/branches/4.3.x@1614064,svn/source link,https://svn.apache.org/repos/asf/httpcomponents/httpclient/branches/4.3.x@1614064,svn/source link,,https://svn.apache.org/repos/asf/httpcomponents/httpclient/branches/4.3.x@1614064,not_available,"SVN revision date not found for r1614064; last error: <!DOCTYPE HTML PUBLIC ""-//IETF//DTD HTML 2.0//EN"">
<html><head>
<title>401 Unauthorized</title>
</head><body>
<h1>Unauthorized</h1>
<p>This server could not verify that you
are authorized to access the document
requested.  Either you supplied the wrong
credentials (e.g., bad password), or your
browser doesn't understand how to supply
the credentials required.</p>
</body></html>
 (401) for https://svn.apache.org/repos/asf/httpcomponents/httpclient/branches/4.3.x@1614064",
CVE-2013-4590,"Add an option to the Context to control the blocking of XML external entities when parsing XML configuration files and enable this blocking by default. The block is implemented via a custom resolver to enable the logging of any blocked entities.

git-svn-id: https://svn.apache.org/repos/asf/tomcat/trunk@1549528 13f79535-47bb-0310-9956-ffa450edef68",https://svn.apache.org/repos/asf/tomcat/trunk@1549528,contains links,https://github.com/apache/tomcat/commit/05c84ff;https://github.com/apache/tomcat/commit/78dd7e6f3d8481bc3bcd71ca5b20296de1283888,apache/tomcat,apache issue tracker,https://svn.apache.org/repos/asf/tomcat/trunk@1549528,svn/source link,https://svn.apache.org/repos/asf/tomcat/trunk@1549528,svn/source link,,https://svn.apache.org/repos/asf/tomcat/trunk@1549528,not_available,"SVN revision date not found for r1549528; last error: <!DOCTYPE HTML PUBLIC ""-//IETF//DTD HTML 2.0//EN"">
<html><head>
<title>401 Unauthorized</title>
</head><body>
<h1>Unauthorized</h1>
<p>This server could not verify that you
are authorized to access the document
requested.  Either you supplied the wrong
credentials (e.g., bad password), or your
browser doesn't understand how to supply
the credentials required.</p>
</body></html>
 (401) for https://svn.apache.org/repos/asf/tomcat/trunk@1549528",
CVE-2016-6797,"When adding and removing ResourceLinks dynamically, ensure
that the global resource is only visible via the
ResourceLinkFactory when it is meant to be.

git-svn-id: https://svn.apache.org/repos/asf/tomcat/trunk@1757271 13f79535-47bb-0310-9956-ffa450edef68",https://svn.apache.org/repos/asf/tomcat/trunk@1757271,contains links,https://github.com/apache/tomcat/commit/2859ac3eae132383cb6f3f2042e25d7a4a281b0d,apache/tomcat,apache issue tracker,https://svn.apache.org/repos/asf/tomcat/trunk@1757271,svn/source link,https://svn.apache.org/repos/asf/tomcat/trunk@1757271,svn/source link,,https://svn.apache.org/repos/asf/tomcat/trunk@1757271,not_available,"SVN revision date not found for r1757271; last error: <!DOCTYPE HTML PUBLIC ""-//IETF//DTD HTML 2.0//EN"">
<html><head>
<title>401 Unauthorized</title>
</head><body>
<h1>Unauthorized</h1>
<p>This server could not verify that you
are authorized to access the document
requested.  Either you supplied the wrong
credentials (e.g., bad password), or your
browser doesn't understand how to supply
the credentials required.</p>
</body></html>
 (401) for https://svn.apache.org/repos/asf/tomcat/trunk@1757271",
CVE-2014-0119,"Add some defensive coding around some XML activities that are triggered by web applications and are therefore at potential risk of a memory leak.
This is part 2 of 7 of the fix for CVE-2014-0119


git-svn-id: https://svn.apache.org/repos/asf/tomcat/trunk@1589837 13f79535-47bb-0310-9956-ffa450edef68",https://svn.apache.org/repos/asf/tomcat/trunk@1589837,contains links,https://github.com/apache/tomcat/commit/f2764544c5039551120daa5c125dca55636fb81b;https://github.com/apache/tomcat/commit/2ece8641b11329f733ce2d98a354b611cb635286,apache/tomcat,apache issue tracker,https://svn.apache.org/repos/asf/tomcat/trunk@1589837,svn/source link,https://svn.apache.org/repos/asf/tomcat/trunk@1589837,svn/source link,,https://svn.apache.org/repos/asf/tomcat/trunk@1589837,not_available,"SVN revision date not found for r1589837; last error: <!DOCTYPE HTML PUBLIC ""-//IETF//DTD HTML 2.0//EN"">
<html><head>
<title>401 Unauthorized</title>
</head><body>
<h1>Unauthorized</h1>
<p>This server could not verify that you
are authorized to access the document
requested.  Either you supplied the wrong
credentials (e.g., bad password), or your
browser doesn't understand how to supply
the credentials required.</p>
</body></html>
 (401) for https://svn.apache.org/repos/asf/tomcat/trunk@1589837",
CVE-2013-2251,"WW-4140
- Lukasz' patch applied

git-svn-id: https://svn.apache.org/repos/asf/struts/struts2/branches/STRUTS_2_3_15_X@1502979 13f79535-47bb-0310-9956-ffa450edef68",https://svn.apache.org/repos/asf/struts/struts2/branches/STRUTS_2_3_15_X@1502979,contains links,https://github.com/apache/struts/commit/3cfe34fefedcf0fdcfcb061c0aea34a715b7de63,apache/struts,apache issue tracker,https://svn.apache.org/repos/asf/struts/struts2/branches/STRUTS_2_3_15_X@1502979,svn/source link,https://svn.apache.org/repos/asf/struts/struts2/branches/STRUTS_2_3_15_X@1502979,svn/source link,,https://svn.apache.org/repos/asf/struts/struts2/branches/STRUTS_2_3_15_X@1502979,not_available,"SVN revision date not found for r1502979; last error: <!DOCTYPE HTML PUBLIC ""-//IETF//DTD HTML 2.0//EN"">
<html><head>
<title>401 Unauthorized</title>
</head><body>
<h1>Unauthorized</h1>
<p>This server could not verify that you
are authorized to access the document
requested.  Either you supplied the wrong
credentials (e.g., bad password), or your
browser doesn't understand how to supply
the credentials required.</p>
</body></html>
 (401) for https://svn.apache.org/repos/asf/struts/struts2/branches/STRUTS_2_3_15_X@1502979",
CVE-2013-1965,"Disable eval expressions

git-svn-id: https://svn.apache.org/repos/asf/struts/struts2/branches/STRUTS_2_3_14_X@1469249 13f79535-47bb-0310-9956-ffa450edef68",https://svn.apache.org/repos/asf/struts/struts2/branches/STRUTS_2_3_14_X@1469249,contains links,https://github.com/apache/struts/commit/7e6f641ebb142663cbd1653dc49bed725edf7f56,apache/struts,apache issue tracker,https://svn.apache.org/repos/asf/struts/struts2/branches/STRUTS_2_3_14_X@1469249,svn/source link,https://svn.apache.org/repos/asf/struts/struts2/branches/STRUTS_2_3_14_X@1469249,svn/source link,,https://svn.apache.org/repos/asf/struts/struts2/branches/STRUTS_2_3_14_X@1469249,not_available,"SVN revision date not found for r1469249; last error: <!DOCTYPE HTML PUBLIC ""-//IETF//DTD HTML 2.0//EN"">
<html><head>
<title>401 Unauthorized</title>
</head><body>
<h1>Unauthorized</h1>
<p>This server could not verify that you
are authorized to access the document
requested.  Either you supplied the wrong
credentials (e.g., bad password), or your
browser doesn't understand how to supply
the credentials required.</p>
</body></html>
 (401) for https://svn.apache.org/repos/asf/struts/struts2/branches/STRUTS_2_3_14_X@1469249",
CVE-2009-0783,"Fix bug 29936. In some circumstances, Tomcat would use the parser from a webapp to parse web.xml and possibly context.xml files.

git-svn-id: https://svn.apache.org/repos/asf/tomcat/trunk@649974 13f79535-47bb-0310-9956-ffa450edef68",https://svn.apache.org/repos/asf/tomcat/trunk@649974,contains links,https://github.com/apache/tomcat/commit/06c23d8,apache/tomcat,apache issue tracker,https://svn.apache.org/repos/asf/tomcat/trunk@649974,svn/source link,https://svn.apache.org/repos/asf/tomcat/trunk@649974,svn/source link,,https://svn.apache.org/repos/asf/tomcat/trunk@649974,not_available,"SVN revision date not found for r649974; last error: <!DOCTYPE HTML PUBLIC ""-//IETF//DTD HTML 2.0//EN"">
<html><head>
<title>401 Unauthorized</title>
</head><body>
<h1>Unauthorized</h1>
<p>This server could not verify that you
are authorized to access the document
requested.  Either you supplied the wrong
credentials (e.g., bad password), or your
browser doesn't understand how to supply
the credentials required.</p>
</body></html>
 (401) for https://svn.apache.org/repos/asf/tomcat/trunk@649974",
CVE-2020-1940,"OAK-8870 : UserAuthentication.authenticate should remove pw attribute (merge r1873103 to 1.8 branch, CVE-2020-1940)

git-svn-id: https://svn.apache.org/repos/asf/jackrabbit/oak/branches/1.8@1873258 13f79535-47bb-0310-9956-ffa450edef68",https://svn.apache.org/repos/asf/jackrabbit/oak/branches/1.8@1873258,contains links,https://github.com/apache/jackrabbit-oak/commit/e7180a8d9c4f14b2de1928861dd27287e5fb59bd;https://github.com/apache/jackrabbit-oak/commit/b615992fc5202046e9479a29d6a7bd41d6258d09,apache/jackrabbit-oak,apache issue tracker,https://svn.apache.org/repos/asf/jackrabbit/oak/branches/1.8@1873258,svn/source link,https://svn.apache.org/repos/asf/jackrabbit/oak/branches/1.8@1873258,svn/source link,,https://svn.apache.org/repos/asf/jackrabbit/oak/branches/1.8@1873258,not_available,"SVN revision date not found for r1873258; last error: <!DOCTYPE HTML PUBLIC ""-//IETF//DTD HTML 2.0//EN"">
<html><head>
<title>401 Unauthorized</title>
</head><body>
<h1>Unauthorized</h1>
<p>This server could not verify that you
are authorized to access the document
requested.  Either you supplied the wrong
credentials (e.g., bad password), or your
browser doesn't understand how to supply
the credentials required.</p>
</body></html>
 (401) for https://svn.apache.org/repos/asf/jackrabbit/oak/branches/1.8@1873258",
CVE-2018-1313,"Merge revision 1826467 from 10.14 to trunk. Original commit message:

Remove support for COMMAND_TESTCONNECTION connectToDatabase feature.
It was never documented, and was never part of the regression tests.

A new regression test demonstrates that attempting to use this feature
now results in a ""usage"" response from the Network Server.

Also, change the Network Server's default security policy file, as well
as the template security policy file that we distribute with the
release and in the documentation. The new policy files do not use
the <<ALL FILES>> permission; instead they restrict the permission
to certain directories only.

Also, change the implementation of the Network Server's ""sysinfo""
sub-command. Prior to this change, that feature would open each
jar file on the Network Server's class path, and would report on
whatever information it could find about that jar file. Now, the
only jar files that are opened and reported on are the known Derby
jar files; a table of those jar file names is compiled into the
sysinfo command. This causes sysinfo to return less information,
but it also means that it only needs the permission to access the
known Derby jar files on the classpath.


git-svn-id: https://svn.apache.org/repos/asf/db/derby/code/trunk@1826481 13f79535-47bb-0310-9956-ffa450edef68",https://svn.apache.org/repos/asf/db/derby/code/trunk@1826481,contains links,https://github.com/apache/derby/commit/4da5b2db5f3a60c1fa8ef616d88a7efe28b0c9d;https://github.com/apache/derby/commit/a2027c64e185a9ce46929f352e2db03371c1f95,apache/derby,apache issue tracker,https://svn.apache.org/repos/asf/db/derby/code/trunk@1826481,svn/source link,https://svn.apache.org/repos/asf/db/derby/code/trunk@1826481,svn/source link,,https://svn.apache.org/repos/asf/db/derby/code/trunk@1826481,not_available,"SVN revision date not found for r1826481; last error: <!DOCTYPE HTML PUBLIC ""-//IETF//DTD HTML 2.0//EN"">
<html><head>
<title>401 Unauthorized</title>
</head><body>
<h1>Unauthorized</h1>
<p>This server could not verify that you
are authorized to access the document
requested.  Either you supplied the wrong
credentials (e.g., bad password), or your
browser doesn't understand how to supply
the credentials required.</p>
</body></html>
 (401) for https://svn.apache.org/repos/asf/db/derby/code/trunk@1826481",
CVE-2011-1184,"Add additional configuration options to the DIGEST authenticator
This is the fix for CVE-2011-1184

git-svn-id: https://svn.apache.org/repos/asf/tomcat/trunk@1087655 13f79535-47bb-0310-9956-ffa450edef68",https://svn.apache.org/repos/asf/tomcat/trunk@1087655,contains links,https://github.com/apache/tomcat/commit/94a7a82405893701a48bfd8f006d650938b8a362,apache/tomcat,apache issue tracker,https://svn.apache.org/repos/asf/tomcat/trunk@1087655,svn/source link,https://svn.apache.org/repos/asf/tomcat/trunk@1087655,svn/source link,,https://svn.apache.org/repos/asf/tomcat/trunk@1087655,not_available,"SVN revision date not found for r1087655; last error: <!DOCTYPE HTML PUBLIC ""-//IETF//DTD HTML 2.0//EN"">
<html><head>
<title>401 Unauthorized</title>
</head><body>
<h1>Unauthorized</h1>
<p>This server could not verify that you
are authorized to access the document
requested.  Either you supplied the wrong
credentials (e.g., bad password), or your
browser doesn't understand how to supply
the credentials required.</p>
</body></html>
 (401) for https://svn.apache.org/repos/asf/tomcat/trunk@1087655",
CVE-2014-0230,"Add a new limit, defaulting to 2MB, for the amount of data Tomcat will swallow for an aborted upload.
This is the fix for CVE-2014-0230

git-svn-id: https://svn.apache.org/repos/asf/tomcat/trunk@1603770 13f79535-47bb-0310-9956-ffa450edef68",https://svn.apache.org/repos/asf/tomcat/trunk@1603770,contains links,https://github.com/apache/tomcat/commit/cf7869c89fb87a04da78a7f6081b4aa1c6169a5e,apache/tomcat,apache issue tracker,https://svn.apache.org/repos/asf/tomcat/trunk@1603770,svn/source link,https://svn.apache.org/repos/asf/tomcat/trunk@1603770,svn/source link,,https://svn.apache.org/repos/asf/tomcat/trunk@1603770,not_available,"SVN revision date not found for r1603770; last error: <!DOCTYPE HTML PUBLIC ""-//IETF//DTD HTML 2.0//EN"">
<html><head>
<title>401 Unauthorized</title>
</head><body>
<h1>Unauthorized</h1>
<p>This server could not verify that you
are authorized to access the document
requested.  Either you supplied the wrong
credentials (e.g., bad password), or your
browser doesn't understand how to supply
the credentials required.</p>
</body></html>
 (401) for https://svn.apache.org/repos/asf/tomcat/trunk@1603770",
CVE-2010-3718,"Ensure work dir attribute is made read-only
CVE-2010-3718

git-svn-id: https://svn.apache.org/repos/asf/tomcat/trunk@1022134 13f79535-47bb-0310-9956-ffa450edef68",https://svn.apache.org/repos/asf/tomcat/trunk@1022134,contains links,https://github.com/apache/tomcat/commit/f6db636b7addb1f7a01e361559bff2da21a11812;https://github.com/apache/tomcat/commit/835f85ed22b9f788e23b6f49893698770e9fcfe3,apache/tomcat,apache issue tracker,https://svn.apache.org/repos/asf/tomcat/trunk@1022134,svn/source link,https://svn.apache.org/repos/asf/tomcat/trunk@1022134,svn/source link,,https://svn.apache.org/repos/asf/tomcat/trunk@1022134,not_available,"SVN revision date not found for r1022134; last error: <!DOCTYPE HTML PUBLIC ""-//IETF//DTD HTML 2.0//EN"">
<html><head>
<title>401 Unauthorized</title>
</head><body>
<h1>Unauthorized</h1>
<p>This server could not verify that you
are authorized to access the document
requested.  Either you supplied the wrong
credentials (e.g., bad password), or your
browser doesn't understand how to supply
the credentials required.</p>
</body></html>
 (401) for https://svn.apache.org/repos/asf/tomcat/trunk@1022134",
CVE-2016-0714,"Expand the session attribute filtering options
- new option to filter based on implementation class of value
- new option to log a warning message if an attribute is filtered out
- always log a message at at least debug level if an attribute is filtered out

git-svn-id: https://svn.apache.org/repos/asf/tomcat/trunk@1725263 13f79535-47bb-0310-9956-ffa450edef68",https://svn.apache.org/repos/asf/tomcat/trunk@1725263,contains links,https://github.com/apache/tomcat/commit/50f1b1d,apache/tomcat,apache issue tracker,https://svn.apache.org/repos/asf/tomcat/trunk@1725263,svn/source link,https://svn.apache.org/repos/asf/tomcat/trunk@1725263,svn/source link,,https://svn.apache.org/repos/asf/tomcat/trunk@1725263,not_available,"SVN revision date not found for r1725263; last error: <!DOCTYPE HTML PUBLIC ""-//IETF//DTD HTML 2.0//EN"">
<html><head>
<title>401 Unauthorized</title>
</head><body>
<h1>Unauthorized</h1>
<p>This server could not verify that you
are authorized to access the document
requested.  Either you supplied the wrong
credentials (e.g., bad password), or your
browser doesn't understand how to supply
the credentials required.</p>
</body></html>
 (401) for https://svn.apache.org/repos/asf/tomcat/trunk@1725263",
CVE-2019-0228,"PDFBOX-4505: unify the usage of a XMLParser (DRY) to avoid a XML External Entity (XXE) attack as reported by Kurt Boberg of DocuSign CVE-2019-0228

git-svn-id: https://svn.apache.org/repos/asf/pdfbox/trunk@1856954 13f79535-47bb-0310-9956-ffa450edef68",https://svn.apache.org/repos/asf/pdfbox/trunk@1856954,contains links,https://github.com/apache/pdfbox/commit/be36ef01842885b556a4e7b40b5e2e8e7b1d2816;https://github.com/apache/pdfbox/commit/072d68ec99a71bf271ec0f879e5cd71511e89093;https://github.com/apache/pdfbox/commit/e5232887e684aeffc37ebb25ee8953e43d95c77c,apache/pdfbox,apache issue tracker,https://svn.apache.org/repos/asf/pdfbox/trunk@1856954,svn/source link,https://svn.apache.org/repos/asf/pdfbox/trunk@1856954,svn/source link,,https://svn.apache.org/repos/asf/pdfbox/trunk@1856954,not_available,"SVN revision date not found for r1856954; last error: <!DOCTYPE HTML PUBLIC ""-//IETF//DTD HTML 2.0//EN"">
<html><head>
<title>401 Unauthorized</title>
</head><body>
<h1>Unauthorized</h1>
<p>This server could not verify that you
are authorized to access the document
requested.  Either you supplied the wrong
credentials (e.g., bad password), or your
browser doesn't understand how to supply
the credentials required.</p>
</body></html>
 (401) for https://svn.apache.org/repos/asf/pdfbox/trunk@1856954",
CVE-2011-1772,"Solves WW-3579 - escapes actionName and methodName to prevent XSS vulnerability

git-svn-id: https://svn.apache.org/repos/asf/struts/struts2/trunk@1076372 13f79535-47bb-0310-9956-ffa450edef68",https://svn.apache.org/repos/asf/struts/struts2/trunk@1076372,contains links,https://github.com/apache/struts/commit/885ab3459e146ff830d1f7257f809f4a3dd4493a,apache/struts,apache issue tracker,https://svn.apache.org/repos/asf/struts/struts2/trunk@1076372,svn/source link,https://svn.apache.org/repos/asf/struts/struts2/trunk@1076372,svn/source link,,https://svn.apache.org/repos/asf/struts/struts2/trunk@1076372,not_available,"SVN revision date not found for r1076372; last error: <!DOCTYPE HTML PUBLIC ""-//IETF//DTD HTML 2.0//EN"">
<html><head>
<title>401 Unauthorized</title>
</head><body>
<h1>Unauthorized</h1>
<p>This server could not verify that you
are authorized to access the document
requested.  Either you supplied the wrong
credentials (e.g., bad password), or your
browser doesn't understand how to supply
the credentials required.</p>
</body></html>
 (401) for https://svn.apache.org/repos/asf/struts/struts2/trunk@1076372",
CVE-2019-17566,"BATIK-1276: Allow blocking of external resources

git-svn-id: https://svn.apache.org/repos/asf/xmlgraphics/batik/trunk@1871084 13f79535-47bb-0310-9956-ffa450edef68",https://svn.apache.org/repos/asf/xmlgraphics/batik/trunk@1871084,contains links,https://github.com/apache/xmlgraphics-batik/commit/bc6078ca949039e2076cd08b4cb169c84c1179b1,apache/xmlgraphics-batik,apache issue tracker,https://svn.apache.org/repos/asf/xmlgraphics/batik/trunk@1871084,svn/source link,https://svn.apache.org/repos/asf/xmlgraphics/batik/trunk@1871084,svn/source link,,https://svn.apache.org/repos/asf/xmlgraphics/batik/trunk@1871084,not_available,"SVN revision date not found for r1871084; last error: <!DOCTYPE HTML PUBLIC ""-//IETF//DTD HTML 2.0//EN"">
<html><head>
<title>401 Unauthorized</title>
</head><body>
<h1>Unauthorized</h1>
<p>This server could not verify that you
are authorized to access the document
requested.  Either you supplied the wrong
credentials (e.g., bad password), or your
browser doesn't understand how to supply
the credentials required.</p>
</body></html>
 (401) for https://svn.apache.org/repos/asf/xmlgraphics/batik/trunk@1871084",
CVE-2012-5885,"Various DIGEST improvements ported from Tomcat 7

git-svn-id: https://svn.apache.org/repos/asf/tomcat/tc5.5.x/trunk@1392248 13f79535-47bb-0310-9956-ffa450edef68",https://svn.apache.org/repos/asf/tomcat/tc5.5.x/trunk@1392248,contains links,https://github.com/apache/tomcat55/commit/83adfde198d8f9305edbd240e0081a2bb7902cfd,apache/tomcat55,apache issue tracker,https://svn.apache.org/repos/asf/tomcat/tc5.5.x/trunk@1392248,svn/source link,https://svn.apache.org/repos/asf/tomcat/tc5.5.x/trunk@1392248,svn/source link,,https://svn.apache.org/repos/asf/tomcat/tc5.5.x/trunk@1392248,not_available,"SVN revision date not found for r1392248; last error: <!DOCTYPE HTML PUBLIC ""-//IETF//DTD HTML 2.0//EN"">
<html><head>
<title>401 Unauthorized</title>
</head><body>
<h1>Unauthorized</h1>
<p>This server could not verify that you
are authorized to access the document
requested.  Either you supplied the wrong
credentials (e.g., bad password), or your
browser doesn't understand how to supply
the credentials required.</p>
</body></html>
 (401) for https://svn.apache.org/repos/asf/tomcat/tc5.5.x/trunk@1392248",
CVE-2012-4431,"Improve session management in CsrfPreventionFilter

git-svn-id: https://svn.apache.org/repos/asf/tomcat/trunk@1393071 13f79535-47bb-0310-9956-ffa450edef68",https://svn.apache.org/repos/asf/tomcat/trunk@1393071,contains links,https://github.com/apache/tomcat/commit/d426972,apache/tomcat,apache issue tracker,https://svn.apache.org/repos/asf/tomcat/trunk@1393071,svn/source link,https://svn.apache.org/repos/asf/tomcat/trunk@1393071,svn/source link,,https://svn.apache.org/repos/asf/tomcat/trunk@1393071,not_available,"SVN revision date not found for r1393071; last error: <!DOCTYPE HTML PUBLIC ""-//IETF//DTD HTML 2.0//EN"">
<html><head>
<title>401 Unauthorized</title>
</head><body>
<h1>Unauthorized</h1>
<p>This server could not verify that you
are authorized to access the document
requested.  Either you supplied the wrong
credentials (e.g., bad password), or your
browser doesn't understand how to supply
the credentials required.</p>
</body></html>
 (401) for https://svn.apache.org/repos/asf/tomcat/trunk@1393071",
CVE-2013-6408,"Merged revision(s) 1487977 from lucene/dev/branches/branch_4x:
SOLR-4881: Fix DocumentAnalysisRequestHandler to correctly use EmptyEntityResolver to prevent loading of external entities like UpdateRequestHandler does

git-svn-id: https://svn.apache.org/repos/asf/lucene/dev/branches/lucene_solr_4_3@1487978 13f79535-47bb-0310-9956-ffa450edef68",https://svn.apache.org/repos/asf/lucene/dev/branches/lucene_solr_4_3@1487978,contains links,https://github.com/apache/lucene-solr/commit/31050216b692603ced4270d5c2630e7dd37e14e4;https://github.com/apache/lucene-solr/commit/7239a57a51ea0f4d05dd330ce5e15e4f72f72747,apache/lucene-solr,apache issue tracker,https://svn.apache.org/repos/asf/lucene/dev/branches/lucene_solr_4_3@1487978,svn/source link,https://svn.apache.org/repos/asf/lucene/dev/branches/lucene_solr_4_3@1487978,svn/source link,,https://svn.apache.org/repos/asf/lucene/dev/branches/lucene_solr_4_3@1487978,not_available,"SVN revision date not found for r1487978; last error: <!DOCTYPE HTML PUBLIC ""-//IETF//DTD HTML 2.0//EN"">
<html><head>
<title>401 Unauthorized</title>
</head><body>
<h1>Unauthorized</h1>
<p>This server could not verify that you
are authorized to access the document
requested.  Either you supplied the wrong
credentials (e.g., bad password), or your
browser doesn't understand how to supply
the credentials required.</p>
</body></html>
 (401) for https://svn.apache.org/repos/asf/lucene/dev/branches/lucene_solr_4_3@1487978",
CVE-2008-6505,"WW-2779:
Applying Musachy's fix to 2.0.x branch

git-svn-id: https://svn.apache.org/repos/asf/struts/struts2/branches/STRUTS_2_0_X@687874 13f79535-47bb-0310-9956-ffa450edef68",https://svn.apache.org/repos/asf/struts/struts2/branches/STRUTS_2_0_X@687874,contains links,https://github.com/apache/struts/commit/ff8b655c4b04cae41e5ad00df0a7482333e7a254,apache/struts,apache issue tracker,https://svn.apache.org/repos/asf/struts/struts2/branches/STRUTS_2_0_X@687874,svn/source link,https://svn.apache.org/repos/asf/struts/struts2/branches/STRUTS_2_0_X@687874,svn/source link,,https://svn.apache.org/repos/asf/struts/struts2/branches/STRUTS_2_0_X@687874,not_available,"SVN revision date not found for r687874; last error: <!DOCTYPE HTML PUBLIC ""-//IETF//DTD HTML 2.0//EN"">
<html><head>
<title>401 Unauthorized</title>
</head><body>
<h1>Unauthorized</h1>
<p>This server could not verify that you
are authorized to access the document
requested.  Either you supplied the wrong
credentials (e.g., bad password), or your
browser doesn't understand how to supply
the credentials required.</p>
</body></html>
 (401) for https://svn.apache.org/repos/asf/struts/struts2/branches/STRUTS_2_0_X@687874",
CVE-2016-2173,"AMQP-590: Java Deserialization White List

JIRA: https://jira.spring.io/browse/AMQP-590

Polishing - PR Comments

Verify Mock
(cherry picked from commit 462dcb6)",https://jira.spring.io/browse/AMQP-590,contains links,https://github.com/spring-projects/spring-amqp/commit/4150f107e60cac4a7735fcf7cb4c1889a0cbab6c,spring-projects/spring-amqp,jira issue tracker,https://jira.spring.io/browse/AMQP-590,jira issue tracker,https://jira.spring.io/browse/AMQP-590,jira issue tracker,,https://jira.spring.io/browse/AMQP-590,not_available,,
CVE-2009-2902,"Various related (un)deploy improvements including:
 - better handling of failed (un)deployment
 - adding checking for valid zip file entries that don't make sense in a WAR file
 - improved validation of WAR file names
 - make sure error messages match the action
 - the return from File.getCanonicalPath() may or may not return a final separator for directories

This fixes CVE-2009-2693, CVE-2009-2901 & CVE-2009-2902

git-svn-id: https://svn.apache.org/repos/asf/tomcat/trunk@892795 13f79535-47bb-0310-9956-ffa450edef68",https://svn.apache.org/repos/asf/tomcat/trunk@892795,contains links,https://github.com/apache/tomcat/commit/3e1010b;https://github.com/apache/tomcat55/commit/0299cb724ea71f304d54adfcdb950f59b01fb421,apache/tomcat,apache issue tracker,https://svn.apache.org/repos/asf/tomcat/trunk@892795,svn/source link,https://svn.apache.org/repos/asf/tomcat/trunk@892795,svn/source link,,https://svn.apache.org/repos/asf/tomcat/trunk@892795,not_available,"SVN revision date not found for r892795; last error: <!DOCTYPE HTML PUBLIC ""-//IETF//DTD HTML 2.0//EN"">
<html><head>
<title>401 Unauthorized</title>
</head><body>
<h1>Unauthorized</h1>
<p>This server could not verify that you
are authorized to access the document
requested.  Either you supplied the wrong
credentials (e.g., bad password), or your
browser doesn't understand how to supply
the credentials required.</p>
</body></html>
 (401) for https://svn.apache.org/repos/asf/tomcat/trunk@892795",
CVE-2011-1419,"CVE-2011-1088
Complete the fix for this issue. The optimisation not to configure an authenticator of there were no security constraints meant that in that case @ServletSecurity annotations had no effect. The unit tests did not pick this up since they added an authenticator directly.
Add an explicit unit test for this scenario.


git-svn-id: https://svn.apache.org/repos/asf/tomcat/trunk@1079752 13f79535-47bb-0310-9956-ffa450edef68",https://svn.apache.org/repos/asf/tomcat/trunk@1079752,contains links,https://github.com/apache/tomcat/commit/0ff4905,apache/tomcat,apache issue tracker,https://svn.apache.org/repos/asf/tomcat/trunk@1079752,svn/source link,https://svn.apache.org/repos/asf/tomcat/trunk@1079752,svn/source link,,https://svn.apache.org/repos/asf/tomcat/trunk@1079752,not_available,"SVN revision date not found for r1079752; last error: <!DOCTYPE HTML PUBLIC ""-//IETF//DTD HTML 2.0//EN"">
<html><head>
<title>401 Unauthorized</title>
</head><body>
<h1>Unauthorized</h1>
<p>This server could not verify that you
are authorized to access the document
requested.  Either you supplied the wrong
credentials (e.g., bad password), or your
browser doesn't understand how to supply
the credentials required.</p>
</body></html>
 (401) for https://svn.apache.org/repos/asf/tomcat/trunk@1079752",
CVE-2021-27582,"Fix Spring Autobinding vulnerability

1. Make authorizationRequest no longer affected by http request parameters due to @ModelAttribute. See http://agrrrdog.blogspot.com/2017/03/autobinding-vulns-and-spring-mvc.html",http://agrrrdog.blogspot.com/2017/03/autobinding-vulns-and-spring-mvc.html,contains links,https://github.com/mitreid-connect/OpenID-Connect-Java-Spring-Server/commit/7eba3c12fed82388f917e8dd9b73e86e3a311e4c,mitreid-connect/OpenID-Connect-Java-Spring-Server,other,http://agrrrdog.blogspot.com/2017/03/autobinding-vulns-and-spring-mvc.html,other,http://agrrrdog.blogspot.com/2017/03/autobinding-vulns-and-spring-mvc.html,other,,http://agrrrdog.blogspot.com/2017/03/autobinding-vulns-and-spring-mvc.html,not_available,created date parser not implemented for link type: other,
CVE-2015-1832,"DERBY-6807: XXE attack possible by using XmlVTI and the XML datatype

This change enhances the DocumentBuilderFactory which is used by the
XmlVTI for parsing XML documents. The XmlVTI now automatically disables
external entity expansion and enables FEATURE_SECURE_PROCESSING.



git-svn-id: https://svn.apache.org/repos/asf/db/derby/code/trunk@1690855 13f79535-47bb-0310-9956-ffa450edef68",https://svn.apache.org/repos/asf/db/derby/code/trunk@1690855,contains links,https://github.com/apache/derby/commit/7643f9651406e12c9563a92b3dd258505e6c7144,apache/derby,apache issue tracker,https://svn.apache.org/repos/asf/db/derby/code/trunk@1690855,svn/source link,https://svn.apache.org/repos/asf/db/derby/code/trunk@1690855,svn/source link,,https://svn.apache.org/repos/asf/db/derby/code/trunk@1690855,not_available,"SVN revision date not found for r1690855; last error: <!DOCTYPE HTML PUBLIC ""-//IETF//DTD HTML 2.0//EN"">
<html><head>
<title>401 Unauthorized</title>
</head><body>
<h1>Unauthorized</h1>
<p>This server could not verify that you
are authorized to access the document
requested.  Either you supplied the wrong
credentials (e.g., bad password), or your
browser doesn't understand how to supply
the credentials required.</p>
</body></html>
 (401) for https://svn.apache.org/repos/asf/db/derby/code/trunk@1690855",
CVE-2018-11087,"AMQP-830 Enable Hostname Verification

JIRA: https://jira.spring.io/browse/AMQP-830

* Fix typos and non-relevant sentences",https://jira.spring.io/browse/AMQP-830,contains links,https://github.com/spring-projects/spring-amqp/commit/d64e7fa3993dac577c0973e0caf8c31d27ef5e4;https://github.com/spring-projects/spring-amqp/commit/444b74e95bb299af5e23ebf006fbb45d574fb95,spring-projects/spring-amqp,jira issue tracker,https://jira.spring.io/browse/AMQP-830,jira issue tracker,https://jira.spring.io/browse/AMQP-830,jira issue tracker,,https://jira.spring.io/browse/AMQP-830,not_available,,
CVE-2013-2071,"Fix https://issues.apache.org/bugzilla/show_bug.cgi?id=54178
Protect against AsyncListeners that throw RuntimeExceptions (they should normally only throw IOExceptions).
Includes a test case.

git-svn-id: https://svn.apache.org/repos/asf/tomcat/trunk@1471371 13f79535-47bb-0310-9956-ffa450edef68",https://issues.apache.org/bugzilla/show_bug.cgi?id=54178; https://svn.apache.org/repos/asf/tomcat/trunk@1471371,contains links,https://github.com/apache/tomcat/commit/4171baf,apache/tomcat,apache issue tracker,https://issues.apache.org/bugzilla/show_bug.cgi?id=54178,bugzilla issue tracker,https://issues.apache.org/bugzilla/show_bug.cgi?id=54178,bugzilla issue tracker,,https://issues.apache.org/bugzilla/show_bug.cgi?id=54178,auth_required,login/authentication required,
CVE-2011-3923,"Fixed a security issue (see [1] for further details)
[1] https://cwiki.apache.org/confluence/display/WW/S2-009



git-svn-id: https://svn.apache.org/repos/asf/struts/struts2/branches/STRUTS_2_3_X@1233422 13f79535-47bb-0310-9956-ffa450edef68",https://cwiki.apache.org/confluence/display/WW/S2-009; https://svn.apache.org/repos/asf/struts/struts2/branches/STRUTS_2_3_X@1233422,contains links,https://github.com/apache/struts/commit/2c1eb6bb57f90db7287fc3ed0086793d0a43fe9e,apache/struts,other,https://cwiki.apache.org/confluence/display/WW/S2-009,other,https://cwiki.apache.org/confluence/display/WW/S2-009,other,,https://cwiki.apache.org/confluence/display/WW/S2-009,not_available,created date parser not implemented for link type: other,
