repo,repo_url,mined_at_utc,mining_status,error_type,error_message,has_dependabot_pr,first_dependabot_pr_date,first_dependabot_pr_url,first_dependabot_pr_number,first_dependabot_pr_author,first_dependabot_pr_title,first_dependabot_pr_query_author,dependabot_pr_search_queries,has_dependabot_config,dependabot_config_path,dependabot_config_created_date,dependabot_config_created_sha,dependabot_config_created_url,dependabot_config_created_message
42BV/jarb,https://github.com/42BV/jarb,2026-08-14T17:00:36.520962+00:00,ok,,,True,2020-01-21T21:11:51Z,https://github.com/42BV/jarb/pull/53,53,dependabot,Bump spring.version from 5.1.3.RELEASE to 5.2.3.RELEASE,app/dependabot,repo:42BV/jarb is:pr author:app/dependabot created:>=2017-01-01 sort:created-asc | repo:42BV/jarb is:pr author:app/dependabot-preview created:>=2017-01-01 sort:created-asc | repo:42BV/jarb is:pr author:dependabot[bot] created:>=2017-01-01 sort:created-asc | repo:42BV/jarb is:pr author:dependabot-preview[bot] created:>=2017-01-01 sort:created-asc,False,,,,,
52North/arctic-sea,https://github.com/52North/arctic-sea,2026-08-14T17:00:42.593324+00:00,ok,,,True,2019-08-01T21:59:32Z,https://github.com/52North/arctic-sea/pull/47,47,dependabot,Bump version.jackson from 2.9.9 to 2.10.0.pr1,app/dependabot,repo:52North/arctic-sea is:pr author:app/dependabot created:>=2017-01-01 sort:created-asc | repo:52North/arctic-sea is:pr author:app/dependabot-preview created:>=2017-01-01 sort:created-asc | repo:52North/arctic-sea is:pr author:dependabot[bot] created:>=2017-01-01 sort:created-asc | repo:52North/arctic-sea is:pr author:dependabot-preview[bot] created:>=2017-01-01 sort:created-asc,True,.github/dependabot.yml,2021-04-29T15:25:46Z,fe7416a0a9a56c960616fe58de41f1e5b0e19049,https://github.com/52North/arctic-sea/commit/fe7416a0a9a56c960616fe58de41f1e5b0e19049,Upgrade to GitHub-native Dependabot
52North/series-hibernate,https://github.com/52North/series-hibernate,2026-08-14T17:00:50.205286+00:00,ok,,,False,,,,,,,repo:52North/series-hibernate is:pr author:app/dependabot created:>=2017-01-01 sort:created-asc | repo:52North/series-hibernate is:pr author:app/dependabot-preview created:>=2017-01-01 sort:created-asc | repo:52North/series-hibernate is:pr author:dependabot[bot] created:>=2017-01-01 sort:created-asc | repo:52North/series-hibernate is:pr author:dependabot-preview[bot] created:>=2017-01-01 sort:created-asc,True,.github/dependabot.yml,2021-04-29T15:25:57Z,924fab33f054d8521a2e2ade95609ec9f0aba51b,https://github.com/52North/sensorweb-server-db-model/commit/924fab33f054d8521a2e2ade95609ec9f0aba51b,Upgrade to GitHub-native Dependabot
6tail/nlf2-maven,https://github.com/6tail/nlf2-maven,2026-08-14T17:00:59.268097+00:00,ok,,,True,2019-10-29T21:06:00Z,https://github.com/6tail/nlf2-maven/pull/1,1,dependabot,Bump c3p0 from 0.9.5.2 to 0.9.5.4 in /nlf2-plugin-c3p0,app/dependabot,repo:6tail/nlf2-maven is:pr author:app/dependabot created:>=2017-01-01 sort:created-asc | repo:6tail/nlf2-maven is:pr author:app/dependabot-preview created:>=2017-01-01 sort:created-asc | repo:6tail/nlf2-maven is:pr author:dependabot[bot] created:>=2017-01-01 sort:created-asc | repo:6tail/nlf2-maven is:pr author:dependabot-preview[bot] created:>=2017-01-01 sort:created-asc,False,,,,,
88250/latke,https://github.com/88250/latke,2026-08-14T17:01:06.101623+00:00,ok,,,True,2021-02-08T21:25:30Z,https://github.com/88250/latke/pull/37,37,dependabot,⬆️ Bump netty.version from 4.1.49.Final to 4.1.59.Final,app/dependabot,repo:88250/latke is:pr author:app/dependabot created:>=2017-01-01 sort:created-asc | repo:88250/latke is:pr author:app/dependabot-preview created:>=2017-01-01 sort:created-asc | repo:88250/latke is:pr author:dependabot[bot] created:>=2017-01-01 sort:created-asc | repo:88250/latke is:pr author:dependabot-preview[bot] created:>=2017-01-01 sort:created-asc,False,,,,,
AKSW/jena-sparql-api,https://github.com/AKSW/jena-sparql-api,2026-08-14T17:01:12.368343+00:00,ok,,,False,,,,,,,repo:AKSW/jena-sparql-api is:pr author:app/dependabot created:>=2017-01-01 sort:created-asc | repo:AKSW/jena-sparql-api is:pr author:app/dependabot-preview created:>=2017-01-01 sort:created-asc | repo:AKSW/jena-sparql-api is:pr author:dependabot[bot] created:>=2017-01-01 sort:created-asc | repo:AKSW/jena-sparql-api is:pr author:dependabot-preview[bot] created:>=2017-01-01 sort:created-asc,False,,,,,
Activiti/Activiti,https://github.com/Activiti/Activiti,2026-08-14T17:01:21.642048+00:00,ok,,,True,2020-01-26T14:06:00Z,https://github.com/Activiti/Activiti/pull/3100,3100,dependabot-preview,Bump batik.version from 1.10 to 1.12,app/dependabot-preview,repo:Activiti/Activiti is:pr author:app/dependabot created:>=2017-01-01 sort:created-asc | repo:Activiti/Activiti is:pr author:app/dependabot-preview created:>=2017-01-01 sort:created-asc | repo:Activiti/Activiti is:pr author:dependabot[bot] created:>=2017-01-01 sort:created-asc | repo:Activiti/Activiti is:pr author:dependabot-preview[bot] created:>=2017-01-01 sort:created-asc,True,.github/dependabot.yml,2021-01-19T17:59:56Z,e021dd1fe29bda212a9f95c14679a3011744edcd,https://github.com/Activiti/Activiti/commit/e021dd1fe29bda212a9f95c14679a3011744edcd,Create dependabot.yml
AlejandroRivera/embedded-rabbitmq,https://github.com/AlejandroRivera/embedded-rabbitmq,2026-08-14T17:01:29.552808+00:00,ok,,,True,2019-11-02T17:43:58Z,https://github.com/AlejandroRivera/embedded-rabbitmq/pull/56,56,dependabot,Bump checkstyle from 6.19 to 8.18,app/dependabot,repo:AlejandroRivera/embedded-rabbitmq is:pr author:app/dependabot created:>=2017-01-01 sort:created-asc | repo:AlejandroRivera/embedded-rabbitmq is:pr author:app/dependabot-preview created:>=2017-01-01 sort:created-asc | repo:AlejandroRivera/embedded-rabbitmq is:pr author:dependabot[bot] created:>=2017-01-01 sort:created-asc | repo:AlejandroRivera/embedded-rabbitmq is:pr author:dependabot-preview[bot] created:>=2017-01-01 sort:created-asc,False,,,,,
AmyAssist/Amy,https://github.com/AmyAssist/Amy,2026-08-14T17:01:35.317364+00:00,ok,,,True,2019-09-17T22:49:15Z,https://github.com/AmyAssist/Amy/pull/550,550,dependabot,Bump org.eclipse.paho.client.mqttv3 from 1.2.0 to 1.2.1 in /amy-message-hub,app/dependabot,repo:AmyAssist/Amy is:pr author:app/dependabot created:>=2017-01-01 sort:created-asc | repo:AmyAssist/Amy is:pr author:app/dependabot-preview created:>=2017-01-01 sort:created-asc | repo:AmyAssist/Amy is:pr author:dependabot[bot] created:>=2017-01-01 sort:created-asc | repo:AmyAssist/Amy is:pr author:dependabot-preview[bot] created:>=2017-01-01 sort:created-asc,False,,,,,
AquaticInformatics/aquarius-sdk-java,https://github.com/AquaticInformatics/aquarius-sdk-java,2026-08-14T17:01:42.257763+00:00,ok,,,True,2020-10-13T09:33:05Z,https://github.com/AquaticInformatics/aquarius-sdk-java/pull/132,132,dependabot,Bump junit from 4.12 to 4.13.1,app/dependabot,repo:AquaticInformatics/aquarius-sdk-java is:pr author:app/dependabot created:>=2017-01-01 sort:created-asc | repo:AquaticInformatics/aquarius-sdk-java is:pr author:app/dependabot-preview created:>=2017-01-01 sort:created-asc | repo:AquaticInformatics/aquarius-sdk-java is:pr author:dependabot[bot] created:>=2017-01-01 sort:created-asc | repo:AquaticInformatics/aquarius-sdk-java is:pr author:dependabot-preview[bot] created:>=2017-01-01 sort:created-asc,False,,,,,
ArcBees/GWTP,https://github.com/ArcBees/GWTP,2026-08-14T17:01:48.644191+00:00,ok,,,False,,,,,,,repo:ArcBees/GWTP is:pr author:app/dependabot created:>=2017-01-01 sort:created-asc | repo:ArcBees/GWTP is:pr author:app/dependabot-preview created:>=2017-01-01 sort:created-asc | repo:ArcBees/GWTP is:pr author:dependabot[bot] created:>=2017-01-01 sort:created-asc | repo:ArcBees/GWTP is:pr author:dependabot-preview[bot] created:>=2017-01-01 sort:created-asc,False,,,,,
ArcadeData/arcade-connectors,https://github.com/ArcadeData/arcade-connectors,2026-08-14T17:01:54.325446+00:00,ok,,,True,2019-02-18T21:16:18Z,https://github.com/ArcadeData/arcade-connectors/pull/1,1,dependabot-preview,Bump orientdb-gremlin from 3.0.13 to 3.0.15,app/dependabot-preview,repo:ArcadeData/arcade-connectors is:pr author:app/dependabot created:>=2017-01-01 sort:created-asc | repo:ArcadeData/arcade-connectors is:pr author:app/dependabot-preview created:>=2017-01-01 sort:created-asc | repo:ArcadeData/arcade-connectors is:pr author:dependabot[bot] created:>=2017-01-01 sort:created-asc | repo:ArcadeData/arcade-connectors is:pr author:dependabot-preview[bot] created:>=2017-01-01 sort:created-asc,True,.github/dependabot.yml,2020-09-19T10:58:19Z,93f93acab75d87fdb4f2cff63945cda567ff3d58,https://github.com/ArcadeData/arcade-connectors/commit/93f93acab75d87fdb4f2cff63945cda567ff3d58,"adds codacy coverage report
adds dependabot.yml for pom and action"
AsyncHttpClient/async-http-client,https://github.com/AsyncHttpClient/async-http-client,2026-08-14T17:02:01.541124+00:00,ok,,,True,2023-03-06T09:22:14Z,https://github.com/AsyncHttpClient/async-http-client/pull/1854,1854,dependabot,Bump commons-fileupload from 1.4 to 1.5 in /client,app/dependabot,repo:AsyncHttpClient/async-http-client is:pr author:app/dependabot created:>=2017-01-01 sort:created-asc | repo:AsyncHttpClient/async-http-client is:pr author:app/dependabot-preview created:>=2017-01-01 sort:created-asc | repo:AsyncHttpClient/async-http-client is:pr author:dependabot[bot] created:>=2017-01-01 sort:created-asc | repo:AsyncHttpClient/async-http-client is:pr author:dependabot-preview[bot] created:>=2017-01-01 sort:created-asc,True,.github/dependabot.yml,2024-08-21T17:07:31Z,fca9c6732838b3817a5ecca2b0aadcd6a62bd385,https://github.com/AsyncHttpClient/async-http-client/commit/fca9c6732838b3817a5ecca2b0aadcd6a62bd385,Enable Dependabot (#1975)
AthenZ/athenz,https://github.com/AthenZ/athenz,2026-08-14T17:02:09.030092+00:00,ok,,,True,2019-11-13T07:59:41Z,https://github.com/AthenZ/athenz/pull/817,817,dependabot,Bump jackson-databind from 2.9.9.3 to 2.9.10.1 in /examples/java/instance-provider/provider,app/dependabot,repo:AthenZ/athenz is:pr author:app/dependabot created:>=2017-01-01 sort:created-asc | repo:AthenZ/athenz is:pr author:app/dependabot-preview created:>=2017-01-01 sort:created-asc | repo:AthenZ/athenz is:pr author:dependabot[bot] created:>=2017-01-01 sort:created-asc | repo:AthenZ/athenz is:pr author:dependabot-preview[bot] created:>=2017-01-01 sort:created-asc,False,,,,,
AxonFramework/AxonFramework,https://github.com/AxonFramework/AxonFramework,2026-08-14T17:02:15.482146+00:00,ok,,,False,,,,,,,repo:AxonFramework/AxonFramework is:pr author:app/dependabot created:>=2017-01-01 sort:created-asc | repo:AxonFramework/AxonFramework is:pr author:app/dependabot-preview created:>=2017-01-01 sort:created-asc | repo:AxonFramework/AxonFramework is:pr author:dependabot[bot] created:>=2017-01-01 sort:created-asc | repo:AxonFramework/AxonFramework is:pr author:dependabot-preview[bot] created:>=2017-01-01 sort:created-asc,True,.github/dependabot.yml,2020-10-09T13:10:54Z,5619039461b68c6541ec1798ea59d780ac619c20,https://github.com/AxonIQ/AxonFramework/commit/5619039461b68c6541ec1798ea59d780ac619c20,Added dependabot to the project
Axway/ats-framework,https://github.com/Axway/ats-framework,2026-08-14T17:02:24.443309+00:00,ok,,,True,2020-01-31T18:16:00Z,https://github.com/Axway/ats-framework/pull/23,23,dependabot,Bump checkstyle from 8.19 to 8.29,app/dependabot,repo:Axway/ats-framework is:pr author:app/dependabot created:>=2017-01-01 sort:created-asc | repo:Axway/ats-framework is:pr author:app/dependabot-preview created:>=2017-01-01 sort:created-asc | repo:Axway/ats-framework is:pr author:dependabot[bot] created:>=2017-01-01 sort:created-asc | repo:Axway/ats-framework is:pr author:dependabot-preview[bot] created:>=2017-01-01 sort:created-asc,False,,,,,
Azure/azure-sdk-for-java,https://github.com/Azure/azure-sdk-for-java,2026-08-14T17:02:31.151569+00:00,ok,,,True,2020-10-12T18:00:08Z,https://github.com/Azure/azure-sdk-for-java/pull/16196,16196,dependabot,Bump junit from 4.13 to 4.13.1 in /sdk/loganalytics/microsoft-azure-loganalytics,app/dependabot,repo:Azure/azure-sdk-for-java is:pr author:app/dependabot created:>=2017-01-01 sort:created-asc | repo:Azure/azure-sdk-for-java is:pr author:app/dependabot-preview created:>=2017-01-01 sort:created-asc | repo:Azure/azure-sdk-for-java is:pr author:dependabot[bot] created:>=2017-01-01 sort:created-asc | repo:Azure/azure-sdk-for-java is:pr author:dependabot-preview[bot] created:>=2017-01-01 sort:created-asc,False,,,,,
Baidu-ecom/Jprotobuf-rpc-socket,https://github.com/Baidu-ecom/Jprotobuf-rpc-socket,2026-08-14T17:02:37.587755+00:00,ok,,,False,,,,,,,repo:Baidu-ecom/Jprotobuf-rpc-socket is:pr author:app/dependabot created:>=2017-01-01 sort:created-asc | repo:Baidu-ecom/Jprotobuf-rpc-socket is:pr author:app/dependabot-preview created:>=2017-01-01 sort:created-asc | repo:Baidu-ecom/Jprotobuf-rpc-socket is:pr author:dependabot[bot] created:>=2017-01-01 sort:created-asc | repo:Baidu-ecom/Jprotobuf-rpc-socket is:pr author:dependabot-preview[bot] created:>=2017-01-01 sort:created-asc,False,,,,,
BaseXdb/basex,https://github.com/BaseXdb/basex,2026-08-14T17:02:49.337759+00:00,ok,,,True,2020-11-06T12:19:45Z,https://github.com/BaseXdb/basex/pull/1953,1953,dependabot,Bump jettyVersion from 9.4.31.v20200723 to 9.4.34.v20201102,app/dependabot,repo:BaseXdb/basex is:pr author:app/dependabot created:>=2017-01-01 sort:created-asc | repo:BaseXdb/basex is:pr author:app/dependabot-preview created:>=2017-01-01 sort:created-asc | repo:BaseXdb/basex is:pr author:dependabot[bot] created:>=2017-01-01 sort:created-asc | repo:BaseXdb/basex is:pr author:dependabot-preview[bot] created:>=2017-01-01 sort:created-asc,True,.github/dependabot.yml,2025-07-31T14:49:04Z,d17d4d3b86eab0ce6f061a6dc196982b98306560,https://github.com/BaseXdb/basex/commit/d17d4d3b86eab0ce6f061a6dc196982b98306560,[MIN] dependabot.yml
Bedework/bw-calendar-engine,https://github.com/Bedework/bw-calendar-engine,2026-08-14T17:02:55.679482+00:00,ok,,,True,2019-11-02T19:53:46Z,https://github.com/Bedework/bw-calendar-engine/pull/5,5,dependabot,Bump jackson.version from 2.9.8 to 2.10.0,app/dependabot,repo:Bedework/bw-calendar-engine is:pr author:app/dependabot created:>=2017-01-01 sort:created-asc | repo:Bedework/bw-calendar-engine is:pr author:app/dependabot-preview created:>=2017-01-01 sort:created-asc | repo:Bedework/bw-calendar-engine is:pr author:dependabot[bot] created:>=2017-01-01 sort:created-asc | repo:Bedework/bw-calendar-engine is:pr author:dependabot-preview[bot] created:>=2017-01-01 sort:created-asc,False,,,,,
Bedework/bw-event-registration,https://github.com/Bedework/bw-event-registration,2026-08-14T17:03:01.293844+00:00,ok,,,True,2019-11-02T19:54:02Z,https://github.com/Bedework/bw-event-registration/pull/1,1,dependabot,Bump spring.version from 3.0.5.RELEASE to 5.2.1.RELEASE,app/dependabot,repo:Bedework/bw-event-registration is:pr author:app/dependabot created:>=2017-01-01 sort:created-asc | repo:Bedework/bw-event-registration is:pr author:app/dependabot-preview created:>=2017-01-01 sort:created-asc | repo:Bedework/bw-event-registration is:pr author:dependabot[bot] created:>=2017-01-01 sort:created-asc | repo:Bedework/bw-event-registration is:pr author:dependabot-preview[bot] created:>=2017-01-01 sort:created-asc,False,,,,,
Bedework/bw-synch,https://github.com/Bedework/bw-synch,2026-08-14T17:03:07.846455+00:00,ok,,,True,2020-06-15T20:54:48Z,https://github.com/Bedework/bw-synch/pull/1,1,dependabot,Bump commons-collections4 from 4.0 to 4.1 in /bw-synch-ear,app/dependabot,repo:Bedework/bw-synch is:pr author:app/dependabot created:>=2017-01-01 sort:created-asc | repo:Bedework/bw-synch is:pr author:app/dependabot-preview created:>=2017-01-01 sort:created-asc | repo:Bedework/bw-synch is:pr author:dependabot[bot] created:>=2017-01-01 sort:created-asc | repo:Bedework/bw-synch is:pr author:dependabot-preview[bot] created:>=2017-01-01 sort:created-asc,False,,,,,
BroadleafCommerce/BroadleafCommerce,https://github.com/BroadleafCommerce/BroadleafCommerce,2026-08-14T17:03:14.806443+00:00,ok,,,True,2019-12-20T16:06:23Z,https://github.com/BroadleafCommerce/BroadleafCommerce/pull/2212,2212,dependabot,Bump spring.security.version from 5.0.12.RELEASE to 5.2.1.RELEASE,app/dependabot,repo:BroadleafCommerce/BroadleafCommerce is:pr author:app/dependabot created:>=2017-01-01 sort:created-asc | repo:BroadleafCommerce/BroadleafCommerce is:pr author:app/dependabot-preview created:>=2017-01-01 sort:created-asc | repo:BroadleafCommerce/BroadleafCommerce is:pr author:dependabot[bot] created:>=2017-01-01 sort:created-asc | repo:BroadleafCommerce/BroadleafCommerce is:pr author:dependabot-preview[bot] created:>=2017-01-01 sort:created-asc,False,,,,,
BrunoEberhard/minimal-j,https://github.com/BrunoEberhard/minimal-j,2026-08-14T17:03:21.830254+00:00,ok,,,True,2020-06-06T05:25:38Z,https://github.com/BrunoEberhard/minimal-j/pull/26,26,dependabot,Bump ignite-core from 2.6.0 to 2.8.1 in /ext/ignite,app/dependabot,repo:BrunoEberhard/minimal-j is:pr author:app/dependabot created:>=2017-01-01 sort:created-asc | repo:BrunoEberhard/minimal-j is:pr author:app/dependabot-preview created:>=2017-01-01 sort:created-asc | repo:BrunoEberhard/minimal-j is:pr author:dependabot[bot] created:>=2017-01-01 sort:created-asc | repo:BrunoEberhard/minimal-j is:pr author:dependabot-preview[bot] created:>=2017-01-01 sort:created-asc,False,,,,,
Bynder/bynder-java-sdk,https://github.com/Bynder/bynder-java-sdk,2026-08-14T17:03:27.295824+00:00,ok,,,True,2020-10-13T01:21:23Z,https://github.com/Bynder/bynder-java-sdk/pull/35,35,dependabot,Bump junit from 4.13 to 4.13.1,app/dependabot,repo:Bynder/bynder-java-sdk is:pr author:app/dependabot created:>=2017-01-01 sort:created-asc | repo:Bynder/bynder-java-sdk is:pr author:app/dependabot-preview created:>=2017-01-01 sort:created-asc | repo:Bynder/bynder-java-sdk is:pr author:dependabot[bot] created:>=2017-01-01 sort:created-asc | repo:Bynder/bynder-java-sdk is:pr author:dependabot-preview[bot] created:>=2017-01-01 sort:created-asc,False,,,,,
CAFAudit/audit-service,https://github.com/CAFAudit/audit-service,2026-08-14T17:03:32.981183+00:00,ok,,,True,2020-02-07T15:12:07Z,https://github.com/CAFAudit/audit-service/pull/89,89,dependabot,Bump spring-version from 5.0.4.RELEASE to 5.2.3.RELEASE,app/dependabot,repo:CAFAudit/audit-service is:pr author:app/dependabot created:>=2017-01-01 sort:created-asc | repo:CAFAudit/audit-service is:pr author:app/dependabot-preview created:>=2017-01-01 sort:created-asc | repo:CAFAudit/audit-service is:pr author:dependabot[bot] created:>=2017-01-01 sort:created-asc | repo:CAFAudit/audit-service is:pr author:dependabot-preview[bot] created:>=2017-01-01 sort:created-asc,False,,,,,
Captain-P-Goldfish/SCIM,https://github.com/Captain-P-Goldfish/SCIM,2026-08-14T17:03:40.318340+00:00,ok,,,False,,,,,,,repo:Captain-P-Goldfish/SCIM is:pr author:app/dependabot created:>=2017-01-01 sort:created-asc | repo:Captain-P-Goldfish/SCIM is:pr author:app/dependabot-preview created:>=2017-01-01 sort:created-asc | repo:Captain-P-Goldfish/SCIM is:pr author:dependabot[bot] created:>=2017-01-01 sort:created-asc | repo:Captain-P-Goldfish/SCIM is:pr author:dependabot-preview[bot] created:>=2017-01-01 sort:created-asc,True,.github/dependabot.yml,2020-06-26T16:46:55Z,a26e96b5837d8ba1702351cef61b78200ceb315d,https://github.com/Captain-P-Goldfish/SCIM-SDK/commit/a26e96b5837d8ba1702351cef61b78200ceb315d,Create Dependabot config file
CloudSlang/cloud-slang,https://github.com/CloudSlang/cloud-slang,2026-08-14T17:03:49.186972+00:00,ok,,,True,2019-11-05T14:17:28Z,https://github.com/CloudSlang/cloud-slang/pull/1120,1120,dependabot,Bump checkstyle from 6.19 to 8.18,app/dependabot,repo:CloudSlang/cloud-slang is:pr author:app/dependabot created:>=2017-01-01 sort:created-asc | repo:CloudSlang/cloud-slang is:pr author:app/dependabot-preview created:>=2017-01-01 sort:created-asc | repo:CloudSlang/cloud-slang is:pr author:dependabot[bot] created:>=2017-01-01 sort:created-asc | repo:CloudSlang/cloud-slang is:pr author:dependabot-preview[bot] created:>=2017-01-01 sort:created-asc,False,,,,,
CloudSlang/cs-actions,https://github.com/CloudSlang/cs-actions,2026-08-14T17:03:56.086182+00:00,ok,,,True,2019-11-13T04:46:05Z,https://github.com/CloudSlang/cs-actions/pull/509,509,dependabot,Bump jackson-databind from 2.9.5 to 2.9.10.1 in /cs-vmware,app/dependabot,repo:CloudSlang/cs-actions is:pr author:app/dependabot created:>=2017-01-01 sort:created-asc | repo:CloudSlang/cs-actions is:pr author:app/dependabot-preview created:>=2017-01-01 sort:created-asc | repo:CloudSlang/cs-actions is:pr author:dependabot[bot] created:>=2017-01-01 sort:created-asc | repo:CloudSlang/cs-actions is:pr author:dependabot-preview[bot] created:>=2017-01-01 sort:created-asc,False,,,,,
CloudSlang/score,https://github.com/CloudSlang/score,2026-08-14T17:04:02.522872+00:00,ok,,,True,2019-11-13T03:22:08Z,https://github.com/CloudSlang/score/pull/236,236,dependabot,Bump jackson-databind from 2.9.8 to 2.9.10.1,app/dependabot,repo:CloudSlang/score is:pr author:app/dependabot created:>=2017-01-01 sort:created-asc | repo:CloudSlang/score is:pr author:app/dependabot-preview created:>=2017-01-01 sort:created-asc | repo:CloudSlang/score is:pr author:dependabot[bot] created:>=2017-01-01 sort:created-asc | repo:CloudSlang/score is:pr author:dependabot-preview[bot] created:>=2017-01-01 sort:created-asc,False,,,,,
Comcast/jrugged,https://github.com/Comcast/jrugged,2026-08-14T17:04:07.862757+00:00,ok,,,True,2020-10-13T00:33:20Z,https://github.com/Comcast/jrugged/pull/75,75,dependabot,Bump junit from 4.7 to 4.13.1,app/dependabot,repo:Comcast/jrugged is:pr author:app/dependabot created:>=2017-01-01 sort:created-asc | repo:Comcast/jrugged is:pr author:app/dependabot-preview created:>=2017-01-01 sort:created-asc | repo:Comcast/jrugged is:pr author:dependabot[bot] created:>=2017-01-01 sort:created-asc | repo:Comcast/jrugged is:pr author:dependabot-preview[bot] created:>=2017-01-01 sort:created-asc,False,,,,,
ConsumerDataStandardsAustralia/java-artefacts,https://github.com/ConsumerDataStandardsAustralia/java-artefacts,2026-08-14T17:04:15.307038+00:00,ok,,,False,,,,,,,repo:ConsumerDataStandardsAustralia/java-artefacts is:pr author:app/dependabot created:>=2017-01-01 sort:created-asc | repo:ConsumerDataStandardsAustralia/java-artefacts is:pr author:app/dependabot-preview created:>=2017-01-01 sort:created-asc | repo:ConsumerDataStandardsAustralia/java-artefacts is:pr author:dependabot[bot] created:>=2017-01-01 sort:created-asc | repo:ConsumerDataStandardsAustralia/java-artefacts is:pr author:dependabot-preview[bot] created:>=2017-01-01 sort:created-asc,False,,,,,
Contrast-Security-OSS/contrast-maven-plugin,https://github.com/Contrast-Security-OSS/contrast-maven-plugin,2026-08-14T17:04:22.864421+00:00,ok,,,True,2020-10-12T20:25:38Z,https://github.com/Contrast-Security-OSS/contrast-maven-plugin/pull/26,26,dependabot,Bump junit from 4.8.2 to 4.13.1,app/dependabot,repo:Contrast-Security-OSS/contrast-maven-plugin is:pr author:app/dependabot created:>=2017-01-01 sort:created-asc | repo:Contrast-Security-OSS/contrast-maven-plugin is:pr author:app/dependabot-preview created:>=2017-01-01 sort:created-asc | repo:Contrast-Security-OSS/contrast-maven-plugin is:pr author:dependabot[bot] created:>=2017-01-01 sort:created-asc | repo:Contrast-Security-OSS/contrast-maven-plugin is:pr author:dependabot-preview[bot] created:>=2017-01-01 sort:created-asc,False,,,,,
Coreoz/Wisp,https://github.com/Coreoz/Wisp,2026-08-14T17:04:29.336705+00:00,ok,,,True,2020-10-12T19:51:22Z,https://github.com/Coreoz/Wisp/pull/10,10,dependabot,Bump junit from 4.12 to 4.13.1,app/dependabot,repo:Coreoz/Wisp is:pr author:app/dependabot created:>=2017-01-01 sort:created-asc | repo:Coreoz/Wisp is:pr author:app/dependabot-preview created:>=2017-01-01 sort:created-asc | repo:Coreoz/Wisp is:pr author:dependabot[bot] created:>=2017-01-01 sort:created-asc | repo:Coreoz/Wisp is:pr author:dependabot-preview[bot] created:>=2017-01-01 sort:created-asc,False,,,,,
Crim/pardot-java-client,https://github.com/Crim/pardot-java-client,2026-08-14T17:04:36.186246+00:00,ok,,,True,2019-10-29T14:44:56Z,https://github.com/Crim/pardot-java-client/pull/30,30,dependabot,Bump jackson.version from 2.9.9 to 2.10.0,app/dependabot,repo:Crim/pardot-java-client is:pr author:app/dependabot created:>=2017-01-01 sort:created-asc | repo:Crim/pardot-java-client is:pr author:app/dependabot-preview created:>=2017-01-01 sort:created-asc | repo:Crim/pardot-java-client is:pr author:dependabot[bot] created:>=2017-01-01 sort:created-asc | repo:Crim/pardot-java-client is:pr author:dependabot-preview[bot] created:>=2017-01-01 sort:created-asc,False,,,,,
CyberSource/cybersource-sdk-java,https://github.com/CyberSource/cybersource-sdk-java,2026-08-14T17:04:42.158941+00:00,ok,,,True,2020-10-13T06:47:54Z,https://github.com/CyberSource/cybersource-sdk-java/pull/150,150,dependabot,Bump junit from 4.12 to 4.13.1 in /java,app/dependabot,repo:CyberSource/cybersource-sdk-java is:pr author:app/dependabot created:>=2017-01-01 sort:created-asc | repo:CyberSource/cybersource-sdk-java is:pr author:app/dependabot-preview created:>=2017-01-01 sort:created-asc | repo:CyberSource/cybersource-sdk-java is:pr author:dependabot[bot] created:>=2017-01-01 sort:created-asc | repo:CyberSource/cybersource-sdk-java is:pr author:dependabot-preview[bot] created:>=2017-01-01 sort:created-asc,False,,,,,
CycloneDX/cyclonedx-core-java,https://github.com/CycloneDX/cyclonedx-core-java,2026-08-14T17:04:48.857758+00:00,ok,,,True,2019-09-08T07:33:36Z,https://github.com/CycloneDX/cyclonedx-core-java/pull/10,10,dependabot-preview,Bump maven-gpg-plugin from 1.5 to 1.6,app/dependabot-preview,repo:CycloneDX/cyclonedx-core-java is:pr author:app/dependabot created:>=2017-01-01 sort:created-asc | repo:CycloneDX/cyclonedx-core-java is:pr author:app/dependabot-preview created:>=2017-01-01 sort:created-asc | repo:CycloneDX/cyclonedx-core-java is:pr author:dependabot[bot] created:>=2017-01-01 sort:created-asc | repo:CycloneDX/cyclonedx-core-java is:pr author:dependabot-preview[bot] created:>=2017-01-01 sort:created-asc,True,.github/dependabot.yml,2020-11-19T03:46:36Z,0b6bc78992302cd14ff952d518bcab5a25beb7eb,https://github.com/CycloneDX/cyclonedx-core-java/commit/0b6bc78992302cd14ff952d518bcab5a25beb7eb,Create dependabot.yml
DDTH/ddth-commons,https://github.com/DDTH/ddth-commons,2026-08-14T17:04:56.514096+00:00,ok,,,True,2019-10-29T21:14:20Z,https://github.com/DDTH/ddth-commons/pull/1,1,dependabot,Bump version.jackson from 2.9.8 to 2.10.0,app/dependabot,repo:DDTH/ddth-commons is:pr author:app/dependabot created:>=2017-01-01 sort:created-asc | repo:DDTH/ddth-commons is:pr author:app/dependabot-preview created:>=2017-01-01 sort:created-asc | repo:DDTH/ddth-commons is:pr author:dependabot[bot] created:>=2017-01-01 sort:created-asc | repo:DDTH/ddth-commons is:pr author:dependabot-preview[bot] created:>=2017-01-01 sort:created-asc,False,,,,,
DSpace/DSpace,https://github.com/DSpace/DSpace,2026-08-14T17:05:03.191396+00:00,ok,,,True,2019-11-07T16:03:27Z,https://github.com/DSpace/DSpace/pull/2569,2569,dependabot,Bump nimbus-jose-jwt from 6.2 to 7.9 in /dspace-server-webapp,app/dependabot,repo:DSpace/DSpace is:pr author:app/dependabot created:>=2017-01-01 sort:created-asc | repo:DSpace/DSpace is:pr author:app/dependabot-preview created:>=2017-01-01 sort:created-asc | repo:DSpace/DSpace is:pr author:dependabot[bot] created:>=2017-01-01 sort:created-asc | repo:DSpace/DSpace is:pr author:dependabot-preview[bot] created:>=2017-01-01 sort:created-asc,True,.github/dependabot.yml,2024-10-28T19:55:30Z,29e487e1d30a377be3a1f746c05ede0ef339ca0e,https://github.com/DSpace/DSpace/commit/29e487e1d30a377be3a1f746c05ede0ef339ca0e,Create dependabot.yml
DataSketches/sketches-hive,https://github.com/DataSketches/sketches-hive,2026-08-14T17:05:10.486316+00:00,ok,,,False,,,,,,,repo:DataSketches/sketches-hive is:pr author:app/dependabot created:>=2017-01-01 sort:created-asc | repo:DataSketches/sketches-hive is:pr author:app/dependabot-preview created:>=2017-01-01 sort:created-asc | repo:DataSketches/sketches-hive is:pr author:dependabot[bot] created:>=2017-01-01 sort:created-asc | repo:DataSketches/sketches-hive is:pr author:dependabot-preview[bot] created:>=2017-01-01 sort:created-asc,False,,,,,
DataSketches/sketches-pig,https://github.com/DataSketches/sketches-pig,2026-08-14T17:05:19.265775+00:00,ok,,,False,,,,,,,repo:DataSketches/sketches-pig is:pr author:app/dependabot created:>=2017-01-01 sort:created-asc | repo:DataSketches/sketches-pig is:pr author:app/dependabot-preview created:>=2017-01-01 sort:created-asc | repo:DataSketches/sketches-pig is:pr author:dependabot[bot] created:>=2017-01-01 sort:created-asc | repo:DataSketches/sketches-pig is:pr author:dependabot-preview[bot] created:>=2017-01-01 sort:created-asc,False,,,,,
DataSystemsLab/GeoSpark,https://github.com/DataSystemsLab/GeoSpark,2026-08-14T17:05:26.403558+00:00,ok,,,False,,,,,,,repo:DataSystemsLab/GeoSpark is:pr author:app/dependabot created:>=2017-01-01 sort:created-asc | repo:DataSystemsLab/GeoSpark is:pr author:app/dependabot-preview created:>=2017-01-01 sort:created-asc | repo:DataSystemsLab/GeoSpark is:pr author:dependabot[bot] created:>=2017-01-01 sort:created-asc | repo:DataSystemsLab/GeoSpark is:pr author:dependabot-preview[bot] created:>=2017-01-01 sort:created-asc,True,.github/dependabot.yml,2023-11-10T07:00:19Z,3e5f30b52ce64392d75ed37a70d8aea8946261e7,https://github.com/apache/sedona/commit/3e5f30b52ce64392d75ed37a70d8aea8946261e7,[StepSecurity] Apply security best practices (#1079)
DigitalPebble/storm-crawler,https://github.com/DigitalPebble/storm-crawler,2026-08-14T17:05:35.277333+00:00,ok,,,False,,,,,,,repo:DigitalPebble/storm-crawler is:pr author:app/dependabot created:>=2017-01-01 sort:created-asc | repo:DigitalPebble/storm-crawler is:pr author:app/dependabot-preview created:>=2017-01-01 sort:created-asc | repo:DigitalPebble/storm-crawler is:pr author:dependabot[bot] created:>=2017-01-01 sort:created-asc | repo:DigitalPebble/storm-crawler is:pr author:dependabot-preview[bot] created:>=2017-01-01 sort:created-asc,True,.github/dependabot.yml,2024-09-05T17:15:56Z,2752788ae3351fa612164225b965e96ae37046b2,https://github.com/apache/stormcrawler/commit/2752788ae3351fa612164225b965e96ae37046b2,#1259 - Enable Dependabot (#1260)
DisneyStudios/cucumber-slices-maven-plugin,https://github.com/DisneyStudios/cucumber-slices-maven-plugin,2026-08-14T17:05:44.657973+00:00,ok,,,True,2020-12-09T19:07:36Z,https://github.com/DisneyStudios/cucumber-slices-maven-plugin/pull/1,1,dependabot,Bump groovy.version from 2.5.4 to 3.0.7,app/dependabot,repo:DisneyStudios/cucumber-slices-maven-plugin is:pr author:app/dependabot created:>=2017-01-01 sort:created-asc | repo:DisneyStudios/cucumber-slices-maven-plugin is:pr author:app/dependabot-preview created:>=2017-01-01 sort:created-asc | repo:DisneyStudios/cucumber-slices-maven-plugin is:pr author:dependabot[bot] created:>=2017-01-01 sort:created-asc | repo:DisneyStudios/cucumber-slices-maven-plugin is:pr author:dependabot-preview[bot] created:>=2017-01-01 sort:created-asc,False,,,,,
Dreamroute/locker,https://github.com/Dreamroute/locker,2026-08-14T17:05:50.414442+00:00,ok,,,True,2020-07-01T18:42:18Z,https://github.com/Dreamroute/locker/pull/37,37,dependabot,build(deps): bump mysql-connector-java from 5.1.23 to 8.0.16,app/dependabot,repo:Dreamroute/locker is:pr author:app/dependabot created:>=2017-01-01 sort:created-asc | repo:Dreamroute/locker is:pr author:app/dependabot-preview created:>=2017-01-01 sort:created-asc | repo:Dreamroute/locker is:pr author:dependabot[bot] created:>=2017-01-01 sort:created-asc | repo:Dreamroute/locker is:pr author:dependabot-preview[bot] created:>=2017-01-01 sort:created-asc,False,,,,,
Erudika/para,https://github.com/Erudika/para,2026-08-14T17:05:57.317562+00:00,ok,,,True,2020-06-06T05:29:43Z,https://github.com/Erudika/para/pull/72,72,dependabot,Bump springSecVer from 5.3.2.RELEASE to 5.3.3.RELEASE in /para-server,app/dependabot,repo:Erudika/para is:pr author:app/dependabot created:>=2017-01-01 sort:created-asc | repo:Erudika/para is:pr author:app/dependabot-preview created:>=2017-01-01 sort:created-asc | repo:Erudika/para is:pr author:dependabot[bot] created:>=2017-01-01 sort:created-asc | repo:Erudika/para is:pr author:dependabot-preview[bot] created:>=2017-01-01 sort:created-asc,False,,,,,
EvoSuite/evosuite,https://github.com/EvoSuite/evosuite,2026-08-14T17:06:03.114901+00:00,ok,,,True,2019-10-29T13:54:41Z,https://github.com/EvoSuite/evosuite/pull/274,274,dependabot,Bump xstream from 1.4.10 to 1.4.10-java7,app/dependabot,repo:EvoSuite/evosuite is:pr author:app/dependabot created:>=2017-01-01 sort:created-asc | repo:EvoSuite/evosuite is:pr author:app/dependabot-preview created:>=2017-01-01 sort:created-asc | repo:EvoSuite/evosuite is:pr author:dependabot[bot] created:>=2017-01-01 sort:created-asc | repo:EvoSuite/evosuite is:pr author:dependabot-preview[bot] created:>=2017-01-01 sort:created-asc,False,,,,,
ExpediaGroup/circus-train,https://github.com/ExpediaGroup/circus-train,2026-08-14T17:06:08.570106+00:00,ok,,,True,2019-08-02T10:40:59Z,https://github.com/ExpediaGroup/circus-train/pull/137,137,dependabot,Bump jackson.version from 2.9.9 to 2.10.0.pr1,app/dependabot,repo:ExpediaGroup/circus-train is:pr author:app/dependabot created:>=2017-01-01 sort:created-asc | repo:ExpediaGroup/circus-train is:pr author:app/dependabot-preview created:>=2017-01-01 sort:created-asc | repo:ExpediaGroup/circus-train is:pr author:dependabot[bot] created:>=2017-01-01 sort:created-asc | repo:ExpediaGroup/circus-train is:pr author:dependabot-preview[bot] created:>=2017-01-01 sort:created-asc,False,,,,,
ExpediaGroup/waggle-dance,https://github.com/ExpediaGroup/waggle-dance,2026-08-14T17:06:15.148933+00:00,ok,,,True,2021-04-26T18:26:22Z,https://github.com/ExpediaGroup/waggle-dance/pull/220,220,dependabot,Bump commons-io from 2.6 to 2.7,app/dependabot,repo:ExpediaGroup/waggle-dance is:pr author:app/dependabot created:>=2017-01-01 sort:created-asc | repo:ExpediaGroup/waggle-dance is:pr author:app/dependabot-preview created:>=2017-01-01 sort:created-asc | repo:ExpediaGroup/waggle-dance is:pr author:dependabot[bot] created:>=2017-01-01 sort:created-asc | repo:ExpediaGroup/waggle-dance is:pr author:dependabot-preview[bot] created:>=2017-01-01 sort:created-asc,False,,,,,
FelixGail/gplaymusic,https://github.com/FelixGail/gplaymusic,2026-08-14T17:06:21.003452+00:00,ok,,,True,2020-10-13T06:38:54Z,https://github.com/FelixGail/gplaymusic/pull/67,67,dependabot,Bump junit from 4.12 to 4.13.1,app/dependabot,repo:FelixGail/gplaymusic is:pr author:app/dependabot created:>=2017-01-01 sort:created-asc | repo:FelixGail/gplaymusic is:pr author:app/dependabot-preview created:>=2017-01-01 sort:created-asc | repo:FelixGail/gplaymusic is:pr author:dependabot[bot] created:>=2017-01-01 sort:created-asc | repo:FelixGail/gplaymusic is:pr author:dependabot-preview[bot] created:>=2017-01-01 sort:created-asc,False,,,,,
GSI-CS-CO/chart-fx,https://github.com/GSI-CS-CO/chart-fx,2026-08-14T17:06:26.156935+00:00,ok,,,False,,,,,,,repo:GSI-CS-CO/chart-fx is:pr author:app/dependabot created:>=2017-01-01 sort:created-asc | repo:GSI-CS-CO/chart-fx is:pr author:app/dependabot-preview created:>=2017-01-01 sort:created-asc | repo:GSI-CS-CO/chart-fx is:pr author:dependabot[bot] created:>=2017-01-01 sort:created-asc | repo:GSI-CS-CO/chart-fx is:pr author:dependabot-preview[bot] created:>=2017-01-01 sort:created-asc,False,,,,,
GateNLP/gate-core,https://github.com/GateNLP/gate-core,2026-08-14T17:06:34.580286+00:00,ok,,,True,2019-11-13T07:19:11Z,https://github.com/GateNLP/gate-core/pull/96,96,dependabot,Bump jackson-databind from 2.9.10 to 2.9.10.1,app/dependabot,repo:GateNLP/gate-core is:pr author:app/dependabot created:>=2017-01-01 sort:created-asc | repo:GateNLP/gate-core is:pr author:app/dependabot-preview created:>=2017-01-01 sort:created-asc | repo:GateNLP/gate-core is:pr author:dependabot[bot] created:>=2017-01-01 sort:created-asc | repo:GateNLP/gate-core is:pr author:dependabot-preview[bot] created:>=2017-01-01 sort:created-asc,False,,,,,
GeoDienstenCentrum/schemaspy-maven-plugin,https://github.com/GeoDienstenCentrum/schemaspy-maven-plugin,2026-08-14T17:06:40.808041+00:00,ok,,,True,2018-03-28T12:24:49Z,https://github.com/GeoDienstenCentrum/schemaspy-maven-plugin/pull/1,1,dependabot-preview,Bump org.jacoco:jacoco-maven-plugin from 0.8.0 to 0.8.1,app/dependabot-preview,repo:GeoDienstenCentrum/schemaspy-maven-plugin is:pr author:app/dependabot created:>=2017-01-01 sort:created-asc | repo:GeoDienstenCentrum/schemaspy-maven-plugin is:pr author:app/dependabot-preview created:>=2017-01-01 sort:created-asc | repo:GeoDienstenCentrum/schemaspy-maven-plugin is:pr author:dependabot[bot] created:>=2017-01-01 sort:created-asc | repo:GeoDienstenCentrum/schemaspy-maven-plugin is:pr author:dependabot-preview[bot] created:>=2017-01-01 sort:created-asc,True,.github/dependabot.yml,2020-06-22T07:34:27Z,68be6a15e5d341600737f008e83169cef0094ad7,https://github.com/GeoDienstenCentrum/schemaspy-maven-plugin/commit/68be6a15e5d341600737f008e83169cef0094ad7,"Create Dependabot config file (#144)

Co-authored-by: dependabot-preview[bot] <27856297+dependabot-preview[bot]@users.noreply.github.com>"
GojaFramework/goja,https://github.com/GojaFramework/goja,2026-08-14T17:06:48.855897+00:00,ok,,,False,,,,,,,repo:GojaFramework/goja is:pr author:app/dependabot created:>=2017-01-01 sort:created-asc | repo:GojaFramework/goja is:pr author:app/dependabot-preview created:>=2017-01-01 sort:created-asc | repo:GojaFramework/goja is:pr author:dependabot[bot] created:>=2017-01-01 sort:created-asc | repo:GojaFramework/goja is:pr author:dependabot-preview[bot] created:>=2017-01-01 sort:created-asc,False,,,,,
GoogleCloudPlatform/bigdata-interop,https://github.com/GoogleCloudPlatform/bigdata-interop,2026-08-14T17:06:55.702956+00:00,ok,,,False,,,,,,,repo:GoogleCloudPlatform/bigdata-interop is:pr author:app/dependabot created:>=2017-01-01 sort:created-asc | repo:GoogleCloudPlatform/bigdata-interop is:pr author:app/dependabot-preview created:>=2017-01-01 sort:created-asc | repo:GoogleCloudPlatform/bigdata-interop is:pr author:dependabot[bot] created:>=2017-01-01 sort:created-asc | repo:GoogleCloudPlatform/bigdata-interop is:pr author:dependabot-preview[bot] created:>=2017-01-01 sort:created-asc,False,,,,,
GraphWalker/graphwalker-project,https://github.com/GraphWalker/graphwalker-project,2026-08-14T17:07:04.091381+00:00,ok,,,True,2020-05-08T18:55:47Z,https://github.com/GraphWalker/graphwalker-project/pull/236,236,dependabot,Bump Java-WebSocket from 1.4.0 to 1.5.0,app/dependabot,repo:GraphWalker/graphwalker-project is:pr author:app/dependabot created:>=2017-01-01 sort:created-asc | repo:GraphWalker/graphwalker-project is:pr author:app/dependabot-preview created:>=2017-01-01 sort:created-asc | repo:GraphWalker/graphwalker-project is:pr author:dependabot[bot] created:>=2017-01-01 sort:created-asc | repo:GraphWalker/graphwalker-project is:pr author:dependabot-preview[bot] created:>=2017-01-01 sort:created-asc,False,,,,,
Graylog2/graylog2-server,https://github.com/Graylog2/graylog2-server,2026-08-14T17:07:11.211319+00:00,ok,,,True,2018-12-02T09:23:19Z,https://github.com/Graylog2/graylog2-server/pull/5343,5343,dependabot-preview,Bump jersey-bom from 2.25.1 to 2.27,app/dependabot-preview,repo:Graylog2/graylog2-server is:pr author:app/dependabot created:>=2017-01-01 sort:created-asc | repo:Graylog2/graylog2-server is:pr author:app/dependabot-preview created:>=2017-01-01 sort:created-asc | repo:Graylog2/graylog2-server is:pr author:dependabot[bot] created:>=2017-01-01 sort:created-asc | repo:Graylog2/graylog2-server is:pr author:dependabot-preview[bot] created:>=2017-01-01 sort:created-asc,True,.github/dependabot.yml,2020-12-01T13:00:53Z,0ed26ac8dea804c6bc05bd7f752510e8f8ab859a,https://github.com/Graylog2/graylog2-server/commit/0ed26ac8dea804c6bc05bd7f752510e8f8ab859a,"Create Dependabot config file (#9651)

Co-authored-by: dependabot-preview[bot] <27856297+dependabot-preview[bot]@users.noreply.github.com>"
HotelsDotCom/beeju,https://github.com/HotelsDotCom/beeju,2026-08-14T17:07:18.456111+00:00,ok,,,False,,,,,,,repo:HotelsDotCom/beeju is:pr author:app/dependabot created:>=2017-01-01 sort:created-asc | repo:HotelsDotCom/beeju is:pr author:app/dependabot-preview created:>=2017-01-01 sort:created-asc | repo:HotelsDotCom/beeju is:pr author:dependabot[bot] created:>=2017-01-01 sort:created-asc | repo:HotelsDotCom/beeju is:pr author:dependabot-preview[bot] created:>=2017-01-01 sort:created-asc,False,,,,,
HotelsDotCom/corc,https://github.com/HotelsDotCom/corc,2026-08-14T17:07:27.459331+00:00,ok,,,False,,,,,,,repo:HotelsDotCom/corc is:pr author:app/dependabot created:>=2017-01-01 sort:created-asc | repo:HotelsDotCom/corc is:pr author:app/dependabot-preview created:>=2017-01-01 sort:created-asc | repo:HotelsDotCom/corc is:pr author:dependabot[bot] created:>=2017-01-01 sort:created-asc | repo:HotelsDotCom/corc is:pr author:dependabot-preview[bot] created:>=2017-01-01 sort:created-asc,False,,,,,
HotelsDotCom/data-highway,https://github.com/HotelsDotCom/data-highway,2026-08-14T17:07:36.218331+00:00,ok,,,False,,,,,,,repo:HotelsDotCom/data-highway is:pr author:app/dependabot created:>=2017-01-01 sort:created-asc | repo:HotelsDotCom/data-highway is:pr author:app/dependabot-preview created:>=2017-01-01 sort:created-asc | repo:HotelsDotCom/data-highway is:pr author:dependabot[bot] created:>=2017-01-01 sort:created-asc | repo:HotelsDotCom/data-highway is:pr author:dependabot-preview[bot] created:>=2017-01-01 sort:created-asc,False,,,,,
Huanying04/jixiv,https://github.com/Huanying04/jixiv,2026-08-14T17:07:44.861921+00:00,ok,,,False,,,,,,,repo:Huanying04/jixiv is:pr author:app/dependabot created:>=2017-01-01 sort:created-asc | repo:Huanying04/jixiv is:pr author:app/dependabot-preview created:>=2017-01-01 sort:created-asc | repo:Huanying04/jixiv is:pr author:dependabot[bot] created:>=2017-01-01 sort:created-asc | repo:Huanying04/jixiv is:pr author:dependabot-preview[bot] created:>=2017-01-01 sort:created-asc,False,,,,,
Huluvu424242/plantuml-maven-plugin,https://github.com/Huluvu424242/plantuml-maven-plugin,2026-08-14T17:07:50.230452+00:00,ok,,,True,2022-12-28T10:48:54Z,https://github.com/Huluvu424242/plantuml-maven-plugin/pull/39,39,dependabot,Bump maven-surefire-plugin from 3.0.0-M3 to 3.0.0-M7,app/dependabot,repo:Huluvu424242/plantuml-maven-plugin is:pr author:app/dependabot created:>=2017-01-01 sort:created-asc | repo:Huluvu424242/plantuml-maven-plugin is:pr author:app/dependabot-preview created:>=2017-01-01 sort:created-asc | repo:Huluvu424242/plantuml-maven-plugin is:pr author:dependabot[bot] created:>=2017-01-01 sort:created-asc | repo:Huluvu424242/plantuml-maven-plugin is:pr author:dependabot-preview[bot] created:>=2017-01-01 sort:created-asc,True,.github/dependabot.yml,2022-12-28T10:48:36Z,14fe796980de8e8e6548c4589119434c41fdf580,https://github.com/Huluvu424242/plantuml-maven-plugin/commit/14fe796980de8e8e6548c4589119434c41fdf580,weekly dependa boot
ICIJ/extract,https://github.com/ICIJ/extract,2026-08-14T17:07:58.367291+00:00,ok,,,True,2020-01-28T22:36:08Z,https://github.com/ICIJ/extract/pull/17,17,dependabot,Bump solr.version from 8.2.0 to 8.4.1 in /extract-cli,app/dependabot,repo:ICIJ/extract is:pr author:app/dependabot created:>=2017-01-01 sort:created-asc | repo:ICIJ/extract is:pr author:app/dependabot-preview created:>=2017-01-01 sort:created-asc | repo:ICIJ/extract is:pr author:dependabot[bot] created:>=2017-01-01 sort:created-asc | repo:ICIJ/extract is:pr author:dependabot-preview[bot] created:>=2017-01-01 sort:created-asc,False,,,,,
INL/BlackLab,https://github.com/INL/BlackLab,2026-08-14T17:08:05.916461+00:00,ok,,,False,,,,,,,repo:INL/BlackLab is:pr author:app/dependabot created:>=2017-01-01 sort:created-asc | repo:INL/BlackLab is:pr author:app/dependabot-preview created:>=2017-01-01 sort:created-asc | repo:INL/BlackLab is:pr author:dependabot[bot] created:>=2017-01-01 sort:created-asc | repo:INL/BlackLab is:pr author:dependabot-preview[bot] created:>=2017-01-01 sort:created-asc,False,,,,,
INRIA/spoon,https://github.com/INRIA/spoon,2026-08-14T17:08:14.647827+00:00,ok,,,True,2019-10-16T18:35:44Z,https://github.com/INRIA/spoon/pull/3153,3153,dependabot,chore(deps): bump nimbus-jose-jwt from 4.35 to 7.9 in /src/test/resources/maven-launcher/pac4j,app/dependabot,repo:INRIA/spoon is:pr author:app/dependabot created:>=2017-01-01 sort:created-asc | repo:INRIA/spoon is:pr author:app/dependabot-preview created:>=2017-01-01 sort:created-asc | repo:INRIA/spoon is:pr author:dependabot[bot] created:>=2017-01-01 sort:created-asc | repo:INRIA/spoon is:pr author:dependabot-preview[bot] created:>=2017-01-01 sort:created-asc,False,,,,,
Impetus/fabric-jdbc-connector,https://github.com/Impetus/fabric-jdbc-connector,2026-08-14T17:08:22.751026+00:00,ok,,,False,,,,,,,repo:Impetus/fabric-jdbc-connector is:pr author:app/dependabot created:>=2017-01-01 sort:created-asc | repo:Impetus/fabric-jdbc-connector is:pr author:app/dependabot-preview created:>=2017-01-01 sort:created-asc | repo:Impetus/fabric-jdbc-connector is:pr author:dependabot[bot] created:>=2017-01-01 sort:created-asc | repo:Impetus/fabric-jdbc-connector is:pr author:dependabot-preview[bot] created:>=2017-01-01 sort:created-asc,False,,,,,
JULIELab/costosys,https://github.com/JULIELab/costosys,2026-08-14T17:08:29.396500+00:00,ok,,,True,2020-05-21T19:22:21Z,https://github.com/JULIELab/costosys/pull/6,6,dependabot,Bump commons-configuration2 from 2.4 to 2.7,app/dependabot,repo:JULIELab/costosys is:pr author:app/dependabot created:>=2017-01-01 sort:created-asc | repo:JULIELab/costosys is:pr author:app/dependabot-preview created:>=2017-01-01 sort:created-asc | repo:JULIELab/costosys is:pr author:dependabot[bot] created:>=2017-01-01 sort:created-asc | repo:JULIELab/costosys is:pr author:dependabot-preview[bot] created:>=2017-01-01 sort:created-asc,False,,,,,
JULIELab/jcore-dependencies,https://github.com/JULIELab/jcore-dependencies,2026-08-14T17:08:35.701962+00:00,ok,,,True,2020-10-13T08:14:12Z,https://github.com/JULIELab/jcore-dependencies/pull/14,14,dependabot,Bump junit from 4.10 to 4.13.1 in /julie-xml-tools,app/dependabot,repo:JULIELab/jcore-dependencies is:pr author:app/dependabot created:>=2017-01-01 sort:created-asc | repo:JULIELab/jcore-dependencies is:pr author:app/dependabot-preview created:>=2017-01-01 sort:created-asc | repo:JULIELab/jcore-dependencies is:pr author:dependabot[bot] created:>=2017-01-01 sort:created-asc | repo:JULIELab/jcore-dependencies is:pr author:dependabot-preview[bot] created:>=2017-01-01 sort:created-asc,False,,,,,
JanusGraph/janusgraph,https://github.com/JanusGraph/janusgraph,2026-08-14T17:08:41.918092+00:00,ok,,,True,2019-10-09T09:12:04Z,https://github.com/JanusGraph/janusgraph/pull/1830,1830,dependabot-preview,Bump guava from 18.0 to 23.0,app/dependabot-preview,repo:JanusGraph/janusgraph is:pr author:app/dependabot created:>=2017-01-01 sort:created-asc | repo:JanusGraph/janusgraph is:pr author:app/dependabot-preview created:>=2017-01-01 sort:created-asc | repo:JanusGraph/janusgraph is:pr author:dependabot[bot] created:>=2017-01-01 sort:created-asc | repo:JanusGraph/janusgraph is:pr author:dependabot-preview[bot] created:>=2017-01-01 sort:created-asc,True,.github/dependabot.yml,2021-09-07T21:11:37Z,0b44c51fa54c9dfb32c678ca30879c9288e4d833,https://github.com/JanusGraph/janusgraph/commit/0b44c51fa54c9dfb32c678ca30879c9288e4d833,Upgrade to GitHub-native Dependabot
Jasig/person-directory,https://github.com/Jasig/person-directory,2026-08-14T17:08:49.758420+00:00,ok,,,False,,,,,,,repo:Jasig/person-directory is:pr author:app/dependabot created:>=2017-01-01 sort:created-asc | repo:Jasig/person-directory is:pr author:app/dependabot-preview created:>=2017-01-01 sort:created-asc | repo:Jasig/person-directory is:pr author:dependabot[bot] created:>=2017-01-01 sort:created-asc | repo:Jasig/person-directory is:pr author:dependabot-preview[bot] created:>=2017-01-01 sort:created-asc,True,.github/dependabot.yml,2021-04-29T20:46:31Z,05b320ff82ad36f79a04cc17b8bd09701e40c05c,https://github.com/apereo/person-directory/commit/05b320ff82ad36f79a04cc17b8bd09701e40c05c,Upgrade to GitHub-native Dependabot
KleeGroup/vertigo,https://github.com/KleeGroup/vertigo,2026-08-14T17:08:58.592021+00:00,ok,,,False,,,,,,,repo:KleeGroup/vertigo is:pr author:app/dependabot created:>=2017-01-01 sort:created-asc | repo:KleeGroup/vertigo is:pr author:app/dependabot-preview created:>=2017-01-01 sort:created-asc | repo:KleeGroup/vertigo is:pr author:dependabot[bot] created:>=2017-01-01 sort:created-asc | repo:KleeGroup/vertigo is:pr author:dependabot-preview[bot] created:>=2017-01-01 sort:created-asc,False,,,,,
LevelFourAB/dust,https://github.com/LevelFourAB/dust,2026-08-14T17:09:07.313916+00:00,ok,,,True,2019-10-14T09:39:08Z,https://github.com/LevelFourAB/dust/pull/1,1,dependabot-preview,Bump jboss-jaxrs-api_2.0_spec from 1.0.1.Beta1 to 1.0.1.Final,app/dependabot-preview,repo:LevelFourAB/dust is:pr author:app/dependabot created:>=2017-01-01 sort:created-asc | repo:LevelFourAB/dust is:pr author:app/dependabot-preview created:>=2017-01-01 sort:created-asc | repo:LevelFourAB/dust is:pr author:dependabot[bot] created:>=2017-01-01 sort:created-asc | repo:LevelFourAB/dust is:pr author:dependabot-preview[bot] created:>=2017-01-01 sort:created-asc,False,,,,,
Litote/kmongo,https://github.com/Litote/kmongo,2026-08-14T17:09:14.078585+00:00,ok,,,True,2020-10-12T17:34:59Z,https://github.com/Litote/kmongo/pull/231,231,dependabot,Bump junit from 4.13 to 4.13.1,app/dependabot,repo:Litote/kmongo is:pr author:app/dependabot created:>=2017-01-01 sort:created-asc | repo:Litote/kmongo is:pr author:app/dependabot-preview created:>=2017-01-01 sort:created-asc | repo:Litote/kmongo is:pr author:dependabot[bot] created:>=2017-01-01 sort:created-asc | repo:Litote/kmongo is:pr author:dependabot-preview[bot] created:>=2017-01-01 sort:created-asc,False,,,,,
Loki-Afro/metalarchives,https://github.com/Loki-Afro/metalarchives,2026-08-14T17:09:20.367711+00:00,ok,,,True,2020-10-13T08:14:45Z,https://github.com/Loki-Afro/metalarchives/pull/10,10,dependabot,Bump junit from 4.12 to 4.13.1,app/dependabot,repo:Loki-Afro/metalarchives is:pr author:app/dependabot created:>=2017-01-01 sort:created-asc | repo:Loki-Afro/metalarchives is:pr author:app/dependabot-preview created:>=2017-01-01 sort:created-asc | repo:Loki-Afro/metalarchives is:pr author:dependabot[bot] created:>=2017-01-01 sort:created-asc | repo:Loki-Afro/metalarchives is:pr author:dependabot-preview[bot] created:>=2017-01-01 sort:created-asc,False,,,,,
LucidWorks/spark-solr,https://github.com/LucidWorks/spark-solr,2026-08-14T17:09:27.077302+00:00,ok,,,True,2019-10-18T13:10:39Z,https://github.com/lucidworks/spark-solr/pull/278,278,dependabot,Bump fasterxml.version from 2.9.9 to 2.10.0,app/dependabot,repo:LucidWorks/spark-solr is:pr author:app/dependabot created:>=2017-01-01 sort:created-asc | repo:LucidWorks/spark-solr is:pr author:app/dependabot-preview created:>=2017-01-01 sort:created-asc | repo:LucidWorks/spark-solr is:pr author:dependabot[bot] created:>=2017-01-01 sort:created-asc | repo:LucidWorks/spark-solr is:pr author:dependabot-preview[bot] created:>=2017-01-01 sort:created-asc,False,,,,,
Mercateo/rest-schemagen-spring,https://github.com/Mercateo/rest-schemagen-spring,2026-08-14T17:09:34.000204+00:00,ok,,,False,,,,,,,repo:Mercateo/rest-schemagen-spring is:pr author:app/dependabot created:>=2017-01-01 sort:created-asc | repo:Mercateo/rest-schemagen-spring is:pr author:app/dependabot-preview created:>=2017-01-01 sort:created-asc | repo:Mercateo/rest-schemagen-spring is:pr author:dependabot[bot] created:>=2017-01-01 sort:created-asc | repo:Mercateo/rest-schemagen-spring is:pr author:dependabot-preview[bot] created:>=2017-01-01 sort:created-asc,False,,,,,
MingweiSamuel/Zyra,https://github.com/MingweiSamuel/Zyra,2026-08-14T17:09:41.466702+00:00,ok,,,True,2020-10-12T18:09:46Z,https://github.com/MingweiSamuel/Zyra/pull/20,20,dependabot,Bump junit from 4.12 to 4.13.1,app/dependabot,repo:MingweiSamuel/Zyra is:pr author:app/dependabot created:>=2017-01-01 sort:created-asc | repo:MingweiSamuel/Zyra is:pr author:app/dependabot-preview created:>=2017-01-01 sort:created-asc | repo:MingweiSamuel/Zyra is:pr author:dependabot[bot] created:>=2017-01-01 sort:created-asc | repo:MingweiSamuel/Zyra is:pr author:dependabot-preview[bot] created:>=2017-01-01 sort:created-asc,False,,,,,
ModeShape/modeshape,https://github.com/ModeShape/modeshape,2026-08-14T17:09:47.654923+00:00,ok,,,True,2019-10-15T12:52:44Z,https://github.com/ModeShape/modeshape/pull/1701,1701,dependabot,Bump version.org.apache.lucene from 6.4.1 to 8.2.0 in /modeshape-parent,app/dependabot,repo:ModeShape/modeshape is:pr author:app/dependabot created:>=2017-01-01 sort:created-asc | repo:ModeShape/modeshape is:pr author:app/dependabot-preview created:>=2017-01-01 sort:created-asc | repo:ModeShape/modeshape is:pr author:dependabot[bot] created:>=2017-01-01 sort:created-asc | repo:ModeShape/modeshape is:pr author:dependabot-preview[bot] created:>=2017-01-01 sort:created-asc,False,,,,,
MyCoRe-Org/mycore,https://github.com/MyCoRe-Org/mycore,2026-08-14T17:09:54.621226+00:00,ok,,,True,2019-11-04T20:52:19Z,https://github.com/MyCoRe-Org/mycore/pull/879,879,dependabot,Bump jackson.version from 2.9.9 to 2.10.0,app/dependabot,repo:MyCoRe-Org/mycore is:pr author:app/dependabot created:>=2017-01-01 sort:created-asc | repo:MyCoRe-Org/mycore is:pr author:app/dependabot-preview created:>=2017-01-01 sort:created-asc | repo:MyCoRe-Org/mycore is:pr author:dependabot[bot] created:>=2017-01-01 sort:created-asc | repo:MyCoRe-Org/mycore is:pr author:dependabot-preview[bot] created:>=2017-01-01 sort:created-asc,True,.github/dependabot.yml,2020-10-14T13:56:35Z,e06632e702d4399b79334a572e89d95fdb1e23c1,https://github.com/MyCoRe-Org/mycore/commit/e06632e702d4399b79334a572e89d95fdb1e23c1,rename dependatbot.yml to dependabot.yml
NASA-PDS-Incubator/registry,https://github.com/NASA-PDS-Incubator/registry,2026-08-14T17:10:03.003011+00:00,ok,,,False,,,,,,,repo:NASA-PDS-Incubator/registry is:pr author:app/dependabot created:>=2017-01-01 sort:created-asc | repo:NASA-PDS-Incubator/registry is:pr author:app/dependabot-preview created:>=2017-01-01 sort:created-asc | repo:NASA-PDS-Incubator/registry is:pr author:dependabot[bot] created:>=2017-01-01 sort:created-asc | repo:NASA-PDS-Incubator/registry is:pr author:dependabot-preview[bot] created:>=2017-01-01 sort:created-asc,False,,,,,
NitorCreations/nflow,https://github.com/NitorCreations/nflow,2026-08-14T17:10:12.269272+00:00,ok,,,True,2019-05-25T15:53:34Z,https://github.com/NitorCreations/nflow/pull/319,319,dependabot,Bump tar from 2.2.1 to 2.2.2 in /nflow-explorer,app/dependabot,repo:NitorCreations/nflow is:pr author:app/dependabot created:>=2017-01-01 sort:created-asc | repo:NitorCreations/nflow is:pr author:app/dependabot-preview created:>=2017-01-01 sort:created-asc | repo:NitorCreations/nflow is:pr author:dependabot[bot] created:>=2017-01-01 sort:created-asc | repo:NitorCreations/nflow is:pr author:dependabot-preview[bot] created:>=2017-01-01 sort:created-asc,False,,,,,
NitorCreations/willow,https://github.com/NitorCreations/willow,2026-08-14T17:10:18.292525+00:00,ok,,,True,2019-11-29T17:58:30Z,https://github.com/NitorCreations/willow/pull/100,100,dependabot,Bump jetty.version from 9.3.1.v20150714 to 9.4.24.v20191120,app/dependabot,repo:NitorCreations/willow is:pr author:app/dependabot created:>=2017-01-01 sort:created-asc | repo:NitorCreations/willow is:pr author:app/dependabot-preview created:>=2017-01-01 sort:created-asc | repo:NitorCreations/willow is:pr author:dependabot[bot] created:>=2017-01-01 sort:created-asc | repo:NitorCreations/willow is:pr author:dependabot-preview[bot] created:>=2017-01-01 sort:created-asc,False,,,,,
Olog/phoebus-olog,https://github.com/Olog/phoebus-olog,2026-08-14T17:10:24.018048+00:00,ok,,,True,2021-12-29T15:11:58Z,https://github.com/Olog/phoebus-olog/pull/102,102,dependabot,Bump h2 from 1.4.200 to 2.0.202,app/dependabot,repo:Olog/phoebus-olog is:pr author:app/dependabot created:>=2017-01-01 sort:created-asc | repo:Olog/phoebus-olog is:pr author:app/dependabot-preview created:>=2017-01-01 sort:created-asc | repo:Olog/phoebus-olog is:pr author:dependabot[bot] created:>=2017-01-01 sort:created-asc | repo:Olog/phoebus-olog is:pr author:dependabot-preview[bot] created:>=2017-01-01 sort:created-asc,False,,,,,
OpenAS2/OpenAs2App,https://github.com/OpenAS2/OpenAs2App,2026-08-14T17:10:31.143885+00:00,ok,,,True,2019-11-13T12:40:19Z,https://github.com/OpenAS2/OpenAs2App/pull/173,173,dependabot,Bump jackson-databind from 2.9.8 to 2.9.10.1 in /Server,app/dependabot,repo:OpenAS2/OpenAs2App is:pr author:app/dependabot created:>=2017-01-01 sort:created-asc | repo:OpenAS2/OpenAs2App is:pr author:app/dependabot-preview created:>=2017-01-01 sort:created-asc | repo:OpenAS2/OpenAs2App is:pr author:dependabot[bot] created:>=2017-01-01 sort:created-asc | repo:OpenAS2/OpenAs2App is:pr author:dependabot-preview[bot] created:>=2017-01-01 sort:created-asc,False,,,,,
OpenSextant/Xponents,https://github.com/OpenSextant/Xponents,2026-08-14T17:10:37.834968+00:00,ok,,,True,2019-08-10T07:38:34Z,https://github.com/OpenSextant/Xponents/pull/39,39,dependabot,Bump solr.version from 7.7.2 to 8.2.0,app/dependabot,repo:OpenSextant/Xponents is:pr author:app/dependabot created:>=2017-01-01 sort:created-asc | repo:OpenSextant/Xponents is:pr author:app/dependabot-preview created:>=2017-01-01 sort:created-asc | repo:OpenSextant/Xponents is:pr author:dependabot[bot] created:>=2017-01-01 sort:created-asc | repo:OpenSextant/Xponents is:pr author:dependabot-preview[bot] created:>=2017-01-01 sort:created-asc,False,,,,,
OrbitzWorldwide/consul-client,https://github.com/OrbitzWorldwide/consul-client,2026-08-14T17:10:44.599639+00:00,ok,,,False,,,,,,,repo:OrbitzWorldwide/consul-client is:pr author:app/dependabot created:>=2017-01-01 sort:created-asc | repo:OrbitzWorldwide/consul-client is:pr author:app/dependabot-preview created:>=2017-01-01 sort:created-asc | repo:OrbitzWorldwide/consul-client is:pr author:dependabot[bot] created:>=2017-01-01 sort:created-asc | repo:OrbitzWorldwide/consul-client is:pr author:dependabot-preview[bot] created:>=2017-01-01 sort:created-asc,False,,,,,
OrderOfTheBee/ootbee-support-tools,https://github.com/OrderOfTheBee/ootbee-support-tools,2026-08-14T17:10:53.688788+00:00,ok,,,True,2019-12-16T11:24:57Z,https://github.com/OrderOfTheBee/ootbee-support-tools/pull/151,151,dependabot,Bump commons-compress from 1.18 to 1.19 in /share,app/dependabot,repo:OrderOfTheBee/ootbee-support-tools is:pr author:app/dependabot created:>=2017-01-01 sort:created-asc | repo:OrderOfTheBee/ootbee-support-tools is:pr author:app/dependabot-preview created:>=2017-01-01 sort:created-asc | repo:OrderOfTheBee/ootbee-support-tools is:pr author:dependabot[bot] created:>=2017-01-01 sort:created-asc | repo:OrderOfTheBee/ootbee-support-tools is:pr author:dependabot-preview[bot] created:>=2017-01-01 sort:created-asc,False,,,,,
OrienteerBAP/Orienteer,https://github.com/OrienteerBAP/Orienteer,2026-08-14T17:10:59.447960+00:00,ok,,,True,2019-11-13T03:41:09Z,https://github.com/OrienteerBAP/Orienteer/pull/753,753,dependabot,Bump jackson-databind from 2.9.10 to 2.9.10.1 in /orienteer-bpm,app/dependabot,repo:OrienteerBAP/Orienteer is:pr author:app/dependabot created:>=2017-01-01 sort:created-asc | repo:OrienteerBAP/Orienteer is:pr author:app/dependabot-preview created:>=2017-01-01 sort:created-asc | repo:OrienteerBAP/Orienteer is:pr author:dependabot[bot] created:>=2017-01-01 sort:created-asc | repo:OrienteerBAP/Orienteer is:pr author:dependabot-preview[bot] created:>=2017-01-01 sort:created-asc,False,,,,,
OxalisCommunity/oxalis,https://github.com/OxalisCommunity/oxalis,2026-08-14T17:11:06.264931+00:00,ok,,,True,2020-07-01T18:23:34Z,https://github.com/OxalisCommunity/oxalis/pull/478,478,dependabot,Bump mysql-connector-java from 5.1.43 to 8.0.16,app/dependabot,repo:OxalisCommunity/oxalis is:pr author:app/dependabot created:>=2017-01-01 sort:created-asc | repo:OxalisCommunity/oxalis is:pr author:app/dependabot-preview created:>=2017-01-01 sort:created-asc | repo:OxalisCommunity/oxalis is:pr author:dependabot[bot] created:>=2017-01-01 sort:created-asc | repo:OxalisCommunity/oxalis is:pr author:dependabot-preview[bot] created:>=2017-01-01 sort:created-asc,False,,,,,
Pay-Group/best-pay-sdk,https://github.com/Pay-Group/best-pay-sdk,2026-08-14T17:11:11.842717+00:00,ok,,,True,2019-11-13T12:02:30Z,https://github.com/Pay-Group/best-pay-sdk/pull/64,64,dependabot,Bump jackson-databind from 2.8.5 to 2.9.10.1 in /best-pay-sdk,app/dependabot,repo:Pay-Group/best-pay-sdk is:pr author:app/dependabot created:>=2017-01-01 sort:created-asc | repo:Pay-Group/best-pay-sdk is:pr author:app/dependabot-preview created:>=2017-01-01 sort:created-asc | repo:Pay-Group/best-pay-sdk is:pr author:dependabot[bot] created:>=2017-01-01 sort:created-asc | repo:Pay-Group/best-pay-sdk is:pr author:dependabot-preview[bot] created:>=2017-01-01 sort:created-asc,False,,,,,
PennState/commons-jaxrs,https://github.com/PennState/commons-jaxrs,2026-08-14T17:11:18.591726+00:00,ok,,,True,2022-10-05T01:15:23Z,https://github.com/PennState/commons-jaxrs/pull/41,41,dependabot,Bump jackson-databind from 2.12.2 to 2.12.6.1,app/dependabot,repo:PennState/commons-jaxrs is:pr author:app/dependabot created:>=2017-01-01 sort:created-asc | repo:PennState/commons-jaxrs is:pr author:app/dependabot-preview created:>=2017-01-01 sort:created-asc | repo:PennState/commons-jaxrs is:pr author:dependabot[bot] created:>=2017-01-01 sort:created-asc | repo:PennState/commons-jaxrs is:pr author:dependabot-preview[bot] created:>=2017-01-01 sort:created-asc,False,,,,,
PgBulkInsert/PgBulkInsert,https://github.com/PgBulkInsert/PgBulkInsert,2026-08-14T17:11:26.267048+00:00,ok,,,False,,,,,,,repo:PgBulkInsert/PgBulkInsert is:pr author:app/dependabot created:>=2017-01-01 sort:created-asc | repo:PgBulkInsert/PgBulkInsert is:pr author:app/dependabot-preview created:>=2017-01-01 sort:created-asc | repo:PgBulkInsert/PgBulkInsert is:pr author:dependabot[bot] created:>=2017-01-01 sort:created-asc | repo:PgBulkInsert/PgBulkInsert is:pr author:dependabot-preview[bot] created:>=2017-01-01 sort:created-asc,False,,,,,
RIPE-NCC/rpki-commons,https://github.com/RIPE-NCC/rpki-commons,2026-08-14T17:11:33.526136+00:00,ok,,,True,2020-10-13T04:44:49Z,https://github.com/RIPE-NCC/rpki-commons/pull/28,28,dependabot,Bump junit from 4.12 to 4.13.1,app/dependabot,repo:RIPE-NCC/rpki-commons is:pr author:app/dependabot created:>=2017-01-01 sort:created-asc | repo:RIPE-NCC/rpki-commons is:pr author:app/dependabot-preview created:>=2017-01-01 sort:created-asc | repo:RIPE-NCC/rpki-commons is:pr author:dependabot[bot] created:>=2017-01-01 sort:created-asc | repo:RIPE-NCC/rpki-commons is:pr author:dependabot-preview[bot] created:>=2017-01-01 sort:created-asc,True,.github/dependabot.yml,2024-04-04T05:55:16Z,1aab2a799b7ca6d4c89c1dd938c7aa4cdd18f1d2,https://github.com/RIPE-NCC/rpki-commons/commit/1aab2a799b7ca6d4c89c1dd938c7aa4cdd18f1d2,Use dependabot for dependency updates
Red5/red5-websocket,https://github.com/Red5/red5-websocket,2026-08-14T17:11:41.081291+00:00,ok,,,False,,,,,,,repo:Red5/red5-websocket is:pr author:app/dependabot created:>=2017-01-01 sort:created-asc | repo:Red5/red5-websocket is:pr author:app/dependabot-preview created:>=2017-01-01 sort:created-asc | repo:Red5/red5-websocket is:pr author:dependabot[bot] created:>=2017-01-01 sort:created-asc | repo:Red5/red5-websocket is:pr author:dependabot-preview[bot] created:>=2017-01-01 sort:created-asc,False,,,,,
RedCA-Family/code-analyst,https://github.com/RedCA-Family/code-analyst,2026-08-14T17:11:47.357953+00:00,ok,,,True,2020-01-31T18:21:14Z,https://github.com/RedCA-Family/code-analyst/pull/18,18,dependabot,Bump checkstyle from 8.21 to 8.29,app/dependabot,repo:RedCA-Family/code-analyst is:pr author:app/dependabot created:>=2017-01-01 sort:created-asc | repo:RedCA-Family/code-analyst is:pr author:app/dependabot-preview created:>=2017-01-01 sort:created-asc | repo:RedCA-Family/code-analyst is:pr author:dependabot[bot] created:>=2017-01-01 sort:created-asc | repo:RedCA-Family/code-analyst is:pr author:dependabot-preview[bot] created:>=2017-01-01 sort:created-asc,False,,,,,
Relucent/yyl-base-lib,https://github.com/Relucent/yyl-base-lib,2026-08-14T17:11:54.154368+00:00,ok,,,True,2019-11-13T12:18:33Z,https://github.com/Relucent/yyl-base-lib/pull/1,1,dependabot,Bump jackson-databind from 2.9.10 to 2.9.10.1,app/dependabot,repo:Relucent/yyl-base-lib is:pr author:app/dependabot created:>=2017-01-01 sort:created-asc | repo:Relucent/yyl-base-lib is:pr author:app/dependabot-preview created:>=2017-01-01 sort:created-asc | repo:Relucent/yyl-base-lib is:pr author:dependabot[bot] created:>=2017-01-01 sort:created-asc | repo:Relucent/yyl-base-lib is:pr author:dependabot-preview[bot] created:>=2017-01-01 sort:created-asc,False,,,,,
RockyLOMO/rxlib,https://github.com/RockyLOMO/rxlib,2026-08-14T17:12:01.626805+00:00,ok,,,True,2021-12-18T18:35:24Z,https://github.com/RockyLOMO/rxlib/pull/5,5,dependabot,Bump log4j-api from 2.16.0 to 2.17.0,app/dependabot,repo:RockyLOMO/rxlib is:pr author:app/dependabot created:>=2017-01-01 sort:created-asc | repo:RockyLOMO/rxlib is:pr author:app/dependabot-preview created:>=2017-01-01 sort:created-asc | repo:RockyLOMO/rxlib is:pr author:dependabot[bot] created:>=2017-01-01 sort:created-asc | repo:RockyLOMO/rxlib is:pr author:dependabot-preview[bot] created:>=2017-01-01 sort:created-asc,False,,,,,
RuedigerMoeller/kontraktor,https://github.com/RuedigerMoeller/kontraktor,2026-08-14T17:12:08.417951+00:00,ok,,,True,2019-10-29T13:39:11Z,https://github.com/RuedigerMoeller/kontraktor/pull/82,82,dependabot,Bump ws from 3.0.0 to 7.2.0 in /modules/kontraktor-http/src/main/javascript/kontraktor-server,app/dependabot,repo:RuedigerMoeller/kontraktor is:pr author:app/dependabot created:>=2017-01-01 sort:created-asc | repo:RuedigerMoeller/kontraktor is:pr author:app/dependabot-preview created:>=2017-01-01 sort:created-asc | repo:RuedigerMoeller/kontraktor is:pr author:dependabot[bot] created:>=2017-01-01 sort:created-asc | repo:RuedigerMoeller/kontraktor is:pr author:dependabot-preview[bot] created:>=2017-01-01 sort:created-asc,False,,,,,
SANSA-Stack/SANSA-OWL,https://github.com/SANSA-Stack/SANSA-OWL,2026-08-14T17:12:16.533383+00:00,ok,,,False,,,,,,,repo:SANSA-Stack/SANSA-OWL is:pr author:app/dependabot created:>=2017-01-01 sort:created-asc | repo:SANSA-Stack/SANSA-OWL is:pr author:app/dependabot-preview created:>=2017-01-01 sort:created-asc | repo:SANSA-Stack/SANSA-OWL is:pr author:dependabot[bot] created:>=2017-01-01 sort:created-asc | repo:SANSA-Stack/SANSA-OWL is:pr author:dependabot-preview[bot] created:>=2017-01-01 sort:created-asc,False,,,,,
ServiceComb/java-chassis,https://github.com/ServiceComb/java-chassis,2026-08-14T17:12:25.465344+00:00,ok,,,False,,,,,,,repo:ServiceComb/java-chassis is:pr author:app/dependabot created:>=2017-01-01 sort:created-asc | repo:ServiceComb/java-chassis is:pr author:app/dependabot-preview created:>=2017-01-01 sort:created-asc | repo:ServiceComb/java-chassis is:pr author:dependabot[bot] created:>=2017-01-01 sort:created-asc | repo:ServiceComb/java-chassis is:pr author:dependabot-preview[bot] created:>=2017-01-01 sort:created-asc,True,.github/dependabot.yml,2022-05-10T08:32:19Z,20cc938a341d871e17eb4b09e29acac18efc8ddd,https://github.com/apache/servicecomb-java-chassis/commit/20cc938a341d871e17eb4b09e29acac18efc8ddd,[SCB-2489] introduce dependency bot (#2839)
Sila-Money/sila-sdk-java,https://github.com/Sila-Money/sila-sdk-java,2026-08-14T17:12:35.145411+00:00,ok,,,True,2020-10-13T17:07:59Z,https://github.com/Sila-Money/sila-sdk-java/pull/17,17,dependabot,Bump junit from 4.11 to 4.13.1 in /SilaSDK,app/dependabot,repo:Sila-Money/sila-sdk-java is:pr author:app/dependabot created:>=2017-01-01 sort:created-asc | repo:Sila-Money/sila-sdk-java is:pr author:app/dependabot-preview created:>=2017-01-01 sort:created-asc | repo:Sila-Money/sila-sdk-java is:pr author:dependabot[bot] created:>=2017-01-01 sort:created-asc | repo:Sila-Money/sila-sdk-java is:pr author:dependabot-preview[bot] created:>=2017-01-01 sort:created-asc,False,,,,,
SimonAlong/Neo,https://github.com/SimonAlong/Neo,2026-08-14T17:12:41.185390+00:00,ok,,,True,2020-10-13T12:23:54Z,https://github.com/simonalong/Neo/pull/18,18,dependabot,Bump junit from 4.12 to 4.13.1,app/dependabot,repo:SimonAlong/Neo is:pr author:app/dependabot created:>=2017-01-01 sort:created-asc | repo:SimonAlong/Neo is:pr author:app/dependabot-preview created:>=2017-01-01 sort:created-asc | repo:SimonAlong/Neo is:pr author:dependabot[bot] created:>=2017-01-01 sort:created-asc | repo:SimonAlong/Neo is:pr author:dependabot-preview[bot] created:>=2017-01-01 sort:created-asc,False,,,,,
Smartling/api-sdk-java,https://github.com/Smartling/api-sdk-java,2026-08-14T17:12:47.879102+00:00,ok,,,False,,,,,,,repo:Smartling/api-sdk-java is:pr author:app/dependabot created:>=2017-01-01 sort:created-asc | repo:Smartling/api-sdk-java is:pr author:app/dependabot-preview created:>=2017-01-01 sort:created-asc | repo:Smartling/api-sdk-java is:pr author:dependabot[bot] created:>=2017-01-01 sort:created-asc | repo:Smartling/api-sdk-java is:pr author:dependabot-preview[bot] created:>=2017-01-01 sort:created-asc,False,,,,,
SoftInstigate/restheart,https://github.com/SoftInstigate/restheart,2026-08-14T17:12:55.428681+00:00,ok,,,True,2020-01-31T18:03:13Z,https://github.com/SoftInstigate/restheart/pull/377,377,dependabot,Bump checkstyle from 8.18 to 8.29,app/dependabot,repo:SoftInstigate/restheart is:pr author:app/dependabot created:>=2017-01-01 sort:created-asc | repo:SoftInstigate/restheart is:pr author:app/dependabot-preview created:>=2017-01-01 sort:created-asc | repo:SoftInstigate/restheart is:pr author:dependabot[bot] created:>=2017-01-01 sort:created-asc | repo:SoftInstigate/restheart is:pr author:dependabot-preview[bot] created:>=2017-01-01 sort:created-asc,False,,,,,
SonarCommunity/sonar-php,https://github.com/SonarCommunity/sonar-php,2026-08-14T17:13:02.482797+00:00,ok,,,False,,,,,,,repo:SonarCommunity/sonar-php is:pr author:app/dependabot created:>=2017-01-01 sort:created-asc | repo:SonarCommunity/sonar-php is:pr author:app/dependabot-preview created:>=2017-01-01 sort:created-asc | repo:SonarCommunity/sonar-php is:pr author:dependabot[bot] created:>=2017-01-01 sort:created-asc | repo:SonarCommunity/sonar-php is:pr author:dependabot-preview[bot] created:>=2017-01-01 sort:created-asc,False,,,,,
SonarSource/orchestrator,https://github.com/SonarSource/orchestrator,2026-08-14T17:13:11.566689+00:00,ok,,,True,2021-06-04T00:34:57Z,https://github.com/SonarSource/orchestrator/pull/106,106,dependabot,Bump httpclient from 4.5.2 to 4.5.13 in /sonar-orchestrator,app/dependabot,repo:SonarSource/orchestrator is:pr author:app/dependabot created:>=2017-01-01 sort:created-asc | repo:SonarSource/orchestrator is:pr author:app/dependabot-preview created:>=2017-01-01 sort:created-asc | repo:SonarSource/orchestrator is:pr author:dependabot[bot] created:>=2017-01-01 sort:created-asc | repo:SonarSource/orchestrator is:pr author:dependabot-preview[bot] created:>=2017-01-01 sort:created-asc,False,,,,,
SonarSource/sonar-findbugs,https://github.com/SonarSource/sonar-findbugs,2026-08-14T17:13:18.382549+00:00,ok,,,False,,,,,,,repo:SonarSource/sonar-findbugs is:pr author:app/dependabot created:>=2017-01-01 sort:created-asc | repo:SonarSource/sonar-findbugs is:pr author:app/dependabot-preview created:>=2017-01-01 sort:created-asc | repo:SonarSource/sonar-findbugs is:pr author:dependabot[bot] created:>=2017-01-01 sort:created-asc | repo:SonarSource/sonar-findbugs is:pr author:dependabot-preview[bot] created:>=2017-01-01 sort:created-asc,True,.github/dependabot.yml,2021-11-17T02:19:05Z,8a7c35818aceb2aaf17d0f15334e91037f0e965a,https://github.com/spotbugs/sonar-findbugs/commit/8a7c35818aceb2aaf17d0f15334e91037f0e965a,"chore: migrate sonar-update-center action

close #397"
SparkTC/stocator,https://github.com/SparkTC/stocator,2026-08-14T17:13:26.528974+00:00,ok,,,False,,,,,,,repo:SparkTC/stocator is:pr author:app/dependabot created:>=2017-01-01 sort:created-asc | repo:SparkTC/stocator is:pr author:app/dependabot-preview created:>=2017-01-01 sort:created-asc | repo:SparkTC/stocator is:pr author:dependabot[bot] created:>=2017-01-01 sort:created-asc | repo:SparkTC/stocator is:pr author:dependabot-preview[bot] created:>=2017-01-01 sort:created-asc,False,,,,,
SpringSource/spring-ldap,https://github.com/SpringSource/spring-ldap,2026-08-14T17:13:33.925585+00:00,ok,,,False,,,,,,,repo:SpringSource/spring-ldap is:pr author:app/dependabot created:>=2017-01-01 sort:created-asc | repo:SpringSource/spring-ldap is:pr author:app/dependabot-preview created:>=2017-01-01 sort:created-asc | repo:SpringSource/spring-ldap is:pr author:dependabot[bot] created:>=2017-01-01 sort:created-asc | repo:SpringSource/spring-ldap is:pr author:dependabot-preview[bot] created:>=2017-01-01 sort:created-asc,True,.github/dependabot.yml,2024-08-15T14:24:33Z,36e6b21ef454da9baaeb68891c29d83c8029c31c,https://github.com/spring-projects/spring-ldap/commit/36e6b21ef454da9baaeb68891c29d83c8029c31c,"Move Dependabot to .github

Issue gh-871"
SuperScorpion/medusa,https://github.com/SuperScorpion/medusa,2026-08-14T17:13:42.551025+00:00,ok,,,False,,,,,,,repo:SuperScorpion/medusa is:pr author:app/dependabot created:>=2017-01-01 sort:created-asc | repo:SuperScorpion/medusa is:pr author:app/dependabot-preview created:>=2017-01-01 sort:created-asc | repo:SuperScorpion/medusa is:pr author:dependabot[bot] created:>=2017-01-01 sort:created-asc | repo:SuperScorpion/medusa is:pr author:dependabot-preview[bot] created:>=2017-01-01 sort:created-asc,False,,,,,
TNG/config-builder,https://github.com/TNG/config-builder,2026-08-14T17:13:47.835768+00:00,ok,,,False,,,,,,,repo:TNG/config-builder is:pr author:app/dependabot created:>=2017-01-01 sort:created-asc | repo:TNG/config-builder is:pr author:app/dependabot-preview created:>=2017-01-01 sort:created-asc | repo:TNG/config-builder is:pr author:dependabot[bot] created:>=2017-01-01 sort:created-asc | repo:TNG/config-builder is:pr author:dependabot-preview[bot] created:>=2017-01-01 sort:created-asc,False,,,,,
TheBlackChamber/commons-encryption,https://github.com/TheBlackChamber/commons-encryption,2026-08-14T17:13:54.554059+00:00,ok,,,True,2020-10-13T01:38:28Z,https://github.com/TheBlackChamber/commons-encryption/pull/14,14,dependabot,Bump junit from 4.11 to 4.13.1,app/dependabot,repo:TheBlackChamber/commons-encryption is:pr author:app/dependabot created:>=2017-01-01 sort:created-asc | repo:TheBlackChamber/commons-encryption is:pr author:app/dependabot-preview created:>=2017-01-01 sort:created-asc | repo:TheBlackChamber/commons-encryption is:pr author:dependabot[bot] created:>=2017-01-01 sort:created-asc | repo:TheBlackChamber/commons-encryption is:pr author:dependabot-preview[bot] created:>=2017-01-01 sort:created-asc,False,,,,,
Tirasa/ConnIdSOAPBundle,https://github.com/Tirasa/ConnIdSOAPBundle,2026-08-14T17:14:00.725757+00:00,ok,,,True,2020-10-14T04:50:03Z,https://github.com/Tirasa/ConnIdSOAPBundle/pull/1,1,dependabot,Bump junit from 4.12 to 4.13.1,app/dependabot,repo:Tirasa/ConnIdSOAPBundle is:pr author:app/dependabot created:>=2017-01-01 sort:created-asc | repo:Tirasa/ConnIdSOAPBundle is:pr author:app/dependabot-preview created:>=2017-01-01 sort:created-asc | repo:Tirasa/ConnIdSOAPBundle is:pr author:dependabot[bot] created:>=2017-01-01 sort:created-asc | repo:Tirasa/ConnIdSOAPBundle is:pr author:dependabot-preview[bot] created:>=2017-01-01 sort:created-asc,True,.github/dependabot.yml,2023-04-28T09:51:45Z,4cca1f0b820bb8160e0052ced15b7cdd30ec8740,https://github.com/Tirasa/ConnIdSOAPBundle/commit/4cca1f0b820bb8160e0052ced15b7cdd30ec8740,Upgrading for GH actions
UweTrottmann/thetvdb-java,https://github.com/UweTrottmann/thetvdb-java,2026-08-14T17:14:08.392495+00:00,ok,,,True,2020-10-13T06:44:08Z,https://github.com/UweTrottmann/thetvdb-java/pull/34,34,dependabot,Bump junit from 4.13 to 4.13.1,app/dependabot,repo:UweTrottmann/thetvdb-java is:pr author:app/dependabot created:>=2017-01-01 sort:created-asc | repo:UweTrottmann/thetvdb-java is:pr author:app/dependabot-preview created:>=2017-01-01 sort:created-asc | repo:UweTrottmann/thetvdb-java is:pr author:dependabot[bot] created:>=2017-01-01 sort:created-asc | repo:UweTrottmann/thetvdb-java is:pr author:dependabot-preview[bot] created:>=2017-01-01 sort:created-asc,False,,,,,
UweTrottmann/tmdb-java,https://github.com/UweTrottmann/tmdb-java,2026-08-14T17:14:15.369115+00:00,ok,,,True,2020-10-13T06:49:54Z,https://github.com/UweTrottmann/tmdb-java/pull/82,82,dependabot,Bump junit from 4.12 to 4.13.1,app/dependabot,repo:UweTrottmann/tmdb-java is:pr author:app/dependabot created:>=2017-01-01 sort:created-asc | repo:UweTrottmann/tmdb-java is:pr author:app/dependabot-preview created:>=2017-01-01 sort:created-asc | repo:UweTrottmann/tmdb-java is:pr author:dependabot[bot] created:>=2017-01-01 sort:created-asc | repo:UweTrottmann/tmdb-java is:pr author:dependabot-preview[bot] created:>=2017-01-01 sort:created-asc,True,.github/dependabot.yml,2024-05-29T14:47:22Z,8db92f4c3fc26e83e187f68fe9767e3457ebb621,https://github.com/UweTrottmann/tmdb-java/commit/8db92f4c3fc26e83e187f68fe9767e3457ebb621,CI: enable dependabot for GitHub Actions
UweTrottmann/trakt-java,https://github.com/UweTrottmann/trakt-java,2026-08-14T17:14:22.152557+00:00,ok,,,True,2024-01-25T16:38:37Z,https://github.com/UweTrottmann/trakt-java/pull/132,132,dependabot,Bump actions/setup-java from 3.13.0 to 4.0.0,app/dependabot,repo:UweTrottmann/trakt-java is:pr author:app/dependabot created:>=2017-01-01 sort:created-asc | repo:UweTrottmann/trakt-java is:pr author:app/dependabot-preview created:>=2017-01-01 sort:created-asc | repo:UweTrottmann/trakt-java is:pr author:dependabot[bot] created:>=2017-01-01 sort:created-asc | repo:UweTrottmann/trakt-java is:pr author:dependabot-preview[bot] created:>=2017-01-01 sort:created-asc,True,.github/dependabot.yml,2024-01-25T16:20:56Z,fa798742915041a3e00f733e1ec8d25985293116,https://github.com/UweTrottmann/trakt-java/commit/fa798742915041a3e00f733e1ec8d25985293116,"Dependabot: check for updates of GitHub Actions.

Also switch test reporter action."
Waffle/waffle,https://github.com/Waffle/waffle,2026-08-14T17:14:29.542038+00:00,ok,,,True,2019-01-09T03:57:49Z,https://github.com/Waffle/waffle/pull/651,651,dependabot-preview,Bump sonar-maven-plugin from 3.5.0.1254 to 3.6.0.1398,app/dependabot-preview,repo:Waffle/waffle is:pr author:app/dependabot created:>=2017-01-01 sort:created-asc | repo:Waffle/waffle is:pr author:app/dependabot-preview created:>=2017-01-01 sort:created-asc | repo:Waffle/waffle is:pr author:dependabot[bot] created:>=2017-01-01 sort:created-asc | repo:Waffle/waffle is:pr author:dependabot-preview[bot] created:>=2017-01-01 sort:created-asc,True,.github/dependabot.yml,2020-07-04T23:45:12Z,3a3ea6b32602a5bc59f44ba73a9168039b3434ff,https://github.com/Waffle/waffle/commit/3a3ea6b32602a5bc59f44ba73a9168039b3434ff,Create Dependabot config file
Wikidata/Wikidata-Toolkit,https://github.com/Wikidata/Wikidata-Toolkit,2026-08-14T17:14:40.342271+00:00,ok,,,False,,,,,,,repo:Wikidata/Wikidata-Toolkit is:pr author:app/dependabot created:>=2017-01-01 sort:created-asc | repo:Wikidata/Wikidata-Toolkit is:pr author:app/dependabot-preview created:>=2017-01-01 sort:created-asc | repo:Wikidata/Wikidata-Toolkit is:pr author:dependabot[bot] created:>=2017-01-01 sort:created-asc | repo:Wikidata/Wikidata-Toolkit is:pr author:dependabot-preview[bot] created:>=2017-01-01 sort:created-asc,True,.github/dependabot.yml,2021-03-03T11:01:43Z,33c85f2c6e2e9f2b6554a8c1d881f6dcf979bd93,https://github.com/Wikidata-Toolkit/Wikidata-Toolkit/commit/33c85f2c6e2e9f2b6554a8c1d881f6dcf979bd93,Add dependabot config. Closes #541.
Xceptance/XLT,https://github.com/Xceptance/XLT,2026-08-14T17:14:48.768229+00:00,ok,,,True,2020-02-21T14:35:41Z,https://github.com/Xceptance/XLT/pull/5,5,dependabot,Bump checkstyle from 6.14.1 to 8.29,app/dependabot,repo:Xceptance/XLT is:pr author:app/dependabot created:>=2017-01-01 sort:created-asc | repo:Xceptance/XLT is:pr author:app/dependabot-preview created:>=2017-01-01 sort:created-asc | repo:Xceptance/XLT is:pr author:dependabot[bot] created:>=2017-01-01 sort:created-asc | repo:Xceptance/XLT is:pr author:dependabot-preview[bot] created:>=2017-01-01 sort:created-asc,False,,,,,
XenoAmess/docker-client,https://github.com/XenoAmess/docker-client,2026-08-14T17:14:54.316368+00:00,ok,,,True,2022-01-18T19:02:28Z,https://github.com/XenoAmess/docker-client/pull/1,1,dependabot,Bump jimfs from 1.0 to 1.2,app/dependabot,repo:XenoAmess/docker-client is:pr author:app/dependabot created:>=2017-01-01 sort:created-asc | repo:XenoAmess/docker-client is:pr author:app/dependabot-preview created:>=2017-01-01 sort:created-asc | repo:XenoAmess/docker-client is:pr author:dependabot[bot] created:>=2017-01-01 sort:created-asc | repo:XenoAmess/docker-client is:pr author:dependabot-preview[bot] created:>=2017-01-01 sort:created-asc,True,.github/dependabot.yml,2022-01-18T18:10:12Z,8b9e526b341d3c6d639cfe8f2ff277916e223a08,https://github.com/XenoAmess/docker-client/commit/8b9e526b341d3c6d639cfe8f2ff277916e223a08,add GitHub actions
Zandero/rest.vertx,https://github.com/Zandero/rest.vertx,2026-08-14T17:15:02.360338+00:00,ok,,,True,2020-01-08T17:06:18Z,https://github.com/zandero/rest.vertx/pull/50,50,dependabot,Bump version.hibernate.validation from 6.0.10.Final to 6.1.0.Final,app/dependabot,repo:Zandero/rest.vertx is:pr author:app/dependabot created:>=2017-01-01 sort:created-asc | repo:Zandero/rest.vertx is:pr author:app/dependabot-preview created:>=2017-01-01 sort:created-asc | repo:Zandero/rest.vertx is:pr author:dependabot[bot] created:>=2017-01-01 sort:created-asc | repo:Zandero/rest.vertx is:pr author:dependabot-preview[bot] created:>=2017-01-01 sort:created-asc,True,.github/dependabot.yml,2020-06-22T06:52:04Z,49dffdad4bd4352fb3a78a96327f069840cf1174,https://github.com/zandero/rest.vertx/commit/49dffdad4bd4352fb3a78a96327f069840cf1174,Added dependabot
Zlika/reproducible-build-maven-plugin,https://github.com/Zlika/reproducible-build-maven-plugin,2026-08-14T17:15:09.936010+00:00,ok,,,True,2020-10-13T06:46:11Z,https://github.com/Zlika/reproducible-build-maven-plugin/pull/48,48,dependabot,Bump junit from 4.12 to 4.13.1,app/dependabot,repo:Zlika/reproducible-build-maven-plugin is:pr author:app/dependabot created:>=2017-01-01 sort:created-asc | repo:Zlika/reproducible-build-maven-plugin is:pr author:app/dependabot-preview created:>=2017-01-01 sort:created-asc | repo:Zlika/reproducible-build-maven-plugin is:pr author:dependabot[bot] created:>=2017-01-01 sort:created-asc | repo:Zlika/reproducible-build-maven-plugin is:pr author:dependabot-preview[bot] created:>=2017-01-01 sort:created-asc,False,,,,,
aQute-os/biz.aQute.openapi,https://github.com/aQute-os/biz.aQute.openapi,2026-08-14T17:15:16.517762+00:00,ok,,,True,2020-10-12T21:45:58Z,https://github.com/aQute-os/biz.aQute.openapi/pull/5,5,dependabot,Bump junit from 3.8.1 to 4.13.1 in /biz.aQute.openapi.provider,app/dependabot,repo:aQute-os/biz.aQute.openapi is:pr author:app/dependabot created:>=2017-01-01 sort:created-asc | repo:aQute-os/biz.aQute.openapi is:pr author:app/dependabot-preview created:>=2017-01-01 sort:created-asc | repo:aQute-os/biz.aQute.openapi is:pr author:dependabot[bot] created:>=2017-01-01 sort:created-asc | repo:aQute-os/biz.aQute.openapi is:pr author:dependabot-preview[bot] created:>=2017-01-01 sort:created-asc,False,,,,,
acegi/xml-format-maven-plugin,https://github.com/acegi/xml-format-maven-plugin,2026-08-14T17:15:23.785027+00:00,ok,,,False,,,,,,,repo:acegi/xml-format-maven-plugin is:pr author:app/dependabot created:>=2017-01-01 sort:created-asc | repo:acegi/xml-format-maven-plugin is:pr author:app/dependabot-preview created:>=2017-01-01 sort:created-asc | repo:acegi/xml-format-maven-plugin is:pr author:dependabot[bot] created:>=2017-01-01 sort:created-asc | repo:acegi/xml-format-maven-plugin is:pr author:dependabot-preview[bot] created:>=2017-01-01 sort:created-asc,False,,,,,
actframework/actframework,https://github.com/actframework/actframework,2026-08-14T17:15:32.610785+00:00,ok,,,True,2020-03-04T20:20:28Z,https://github.com/actframework/actframework/pull/1309,1309,dependabot,Bump undertow-core from 1.4.28.Final to 2.0.23.Final,app/dependabot,repo:actframework/actframework is:pr author:app/dependabot created:>=2017-01-01 sort:created-asc | repo:actframework/actframework is:pr author:app/dependabot-preview created:>=2017-01-01 sort:created-asc | repo:actframework/actframework is:pr author:dependabot[bot] created:>=2017-01-01 sort:created-asc | repo:actframework/actframework is:pr author:dependabot-preview[bot] created:>=2017-01-01 sort:created-asc,False,,,,,
aerogear/aerogear-unifiedpush-server,https://github.com/aerogear/aerogear-unifiedpush-server,2026-08-14T17:15:40.278009+00:00,ok,,,True,2019-10-28T20:21:18Z,https://github.com/aerogear/aerogear-unifiedpush-server/pull/1046,1046,dependabot,Bump keycloak-core from 4.8.3.Final to 7.0.0 in /push-sender,app/dependabot,repo:aerogear/aerogear-unifiedpush-server is:pr author:app/dependabot created:>=2017-01-01 sort:created-asc | repo:aerogear/aerogear-unifiedpush-server is:pr author:app/dependabot-preview created:>=2017-01-01 sort:created-asc | repo:aerogear/aerogear-unifiedpush-server is:pr author:dependabot[bot] created:>=2017-01-01 sort:created-asc | repo:aerogear/aerogear-unifiedpush-server is:pr author:dependabot-preview[bot] created:>=2017-01-01 sort:created-asc,False,,,,,
aerospike/aerospike-client-java,https://github.com/aerospike/aerospike-client-java,2026-08-14T17:15:47.611893+00:00,ok,,,True,2020-02-21T18:56:09Z,https://github.com/aerospike/aerospike-client-java/pull/158,158,dependabot,Bump netty.version from 4.1.11.Final to 4.1.45.Final,app/dependabot,repo:aerospike/aerospike-client-java is:pr author:app/dependabot created:>=2017-01-01 sort:created-asc | repo:aerospike/aerospike-client-java is:pr author:app/dependabot-preview created:>=2017-01-01 sort:created-asc | repo:aerospike/aerospike-client-java is:pr author:dependabot[bot] created:>=2017-01-01 sort:created-asc | repo:aerospike/aerospike-client-java is:pr author:dependabot-preview[bot] created:>=2017-01-01 sort:created-asc,True,.github/dependabot.yml,2022-07-11T16:25:30Z,b76db233fe4b45927981e5b43683baf537b5bf23,https://github.com/aerospike/aerospike-client-java/commit/b76db233fe4b45927981e5b43683baf537b5bf23,Create codeql.yml and dependabot.yml
airlift/airlift,https://github.com/airlift/airlift,2026-08-14T17:15:55.027979+00:00,ok,,,True,2020-07-01T18:28:14Z,https://github.com/airlift/airlift/pull/859,859,dependabot,Bump mysql-connector-java from 5.1.23 to 8.0.16,app/dependabot,repo:airlift/airlift is:pr author:app/dependabot created:>=2017-01-01 sort:created-asc | repo:airlift/airlift is:pr author:app/dependabot-preview created:>=2017-01-01 sort:created-asc | repo:airlift/airlift is:pr author:dependabot[bot] created:>=2017-01-01 sort:created-asc | repo:airlift/airlift is:pr author:dependabot-preview[bot] created:>=2017-01-01 sort:created-asc,True,.github/dependabot.yml,2024-08-07T18:04:24Z,d75ea2a862fa7f480e5d828b78fc3c65d53c9b78,https://github.com/airlift/airlift/commit/d75ea2a862fa7f480e5d828b78fc3c65d53c9b78,Add dependabot configuration
aktin/broker,https://github.com/aktin/broker,2026-08-14T17:16:01.531964+00:00,ok,,,True,2019-12-02T23:15:22Z,https://github.com/aktin/broker/pull/1,1,dependabot,Bump jetty-server from 9.4.22.v20191022 to 9.4.24.v20191120 in /broker-server,app/dependabot,repo:aktin/broker is:pr author:app/dependabot created:>=2017-01-01 sort:created-asc | repo:aktin/broker is:pr author:app/dependabot-preview created:>=2017-01-01 sort:created-asc | repo:aktin/broker is:pr author:dependabot[bot] created:>=2017-01-01 sort:created-asc | repo:aktin/broker is:pr author:dependabot-preview[bot] created:>=2017-01-01 sort:created-asc,False,,,,,
alexcojocaru/elasticsearch-maven-plugin,https://github.com/alexcojocaru/elasticsearch-maven-plugin,2026-08-14T17:16:07.897274+00:00,ok,,,True,2019-11-13T01:40:36Z,https://github.com/alexcojocaru/elasticsearch-maven-plugin/pull/103,103,dependabot,Bump jackson-databind from 2.9.9.1 to 2.9.10.1,app/dependabot,repo:alexcojocaru/elasticsearch-maven-plugin is:pr author:app/dependabot created:>=2017-01-01 sort:created-asc | repo:alexcojocaru/elasticsearch-maven-plugin is:pr author:app/dependabot-preview created:>=2017-01-01 sort:created-asc | repo:alexcojocaru/elasticsearch-maven-plugin is:pr author:dependabot[bot] created:>=2017-01-01 sort:created-asc | repo:alexcojocaru/elasticsearch-maven-plugin is:pr author:dependabot-preview[bot] created:>=2017-01-01 sort:created-asc,False,,,,,
alexxiyang/shiro-redis,https://github.com/alexxiyang/shiro-redis,2026-08-14T17:16:14.087899+00:00,ok,,,False,,,,,,,repo:alexxiyang/shiro-redis is:pr author:app/dependabot created:>=2017-01-01 sort:created-asc | repo:alexxiyang/shiro-redis is:pr author:app/dependabot-preview created:>=2017-01-01 sort:created-asc | repo:alexxiyang/shiro-redis is:pr author:dependabot[bot] created:>=2017-01-01 sort:created-asc | repo:alexxiyang/shiro-redis is:pr author:dependabot-preview[bot] created:>=2017-01-01 sort:created-asc,False,,,,,
algolia/algoliasearch-client-java-2,https://github.com/algolia/algoliasearch-client-java-2,2026-08-14T17:16:22.585389+00:00,ok,,,False,,,,,,,repo:algolia/algoliasearch-client-java-2 is:pr author:app/dependabot created:>=2017-01-01 sort:created-asc | repo:algolia/algoliasearch-client-java-2 is:pr author:app/dependabot-preview created:>=2017-01-01 sort:created-asc | repo:algolia/algoliasearch-client-java-2 is:pr author:dependabot[bot] created:>=2017-01-01 sort:created-asc | repo:algolia/algoliasearch-client-java-2 is:pr author:dependabot-preview[bot] created:>=2017-01-01 sort:created-asc,False,,,,,
alibaba/Sentinel,https://github.com/alibaba/Sentinel,2026-08-14T17:16:30.156077+00:00,ok,,,True,2019-10-31T01:32:44Z,https://github.com/alibaba/Sentinel/pull/1130,1130,dependabot,Bump netty-all from 4.1.31.Final to 4.1.42.Final in /sentinel-demo/sentinel-demo-dubbo,app/dependabot,repo:alibaba/Sentinel is:pr author:app/dependabot created:>=2017-01-01 sort:created-asc | repo:alibaba/Sentinel is:pr author:app/dependabot-preview created:>=2017-01-01 sort:created-asc | repo:alibaba/Sentinel is:pr author:dependabot[bot] created:>=2017-01-01 sort:created-asc | repo:alibaba/Sentinel is:pr author:dependabot-preview[bot] created:>=2017-01-01 sort:created-asc,False,,,,,
alibaba/canal,https://github.com/alibaba/canal,2026-08-14T17:16:35.527755+00:00,ok,,,False,,,,,,,repo:alibaba/canal is:pr author:app/dependabot created:>=2017-01-01 sort:created-asc | repo:alibaba/canal is:pr author:app/dependabot-preview created:>=2017-01-01 sort:created-asc | repo:alibaba/canal is:pr author:dependabot[bot] created:>=2017-01-01 sort:created-asc | repo:alibaba/canal is:pr author:dependabot-preview[bot] created:>=2017-01-01 sort:created-asc,False,,,,,
alibaba/druid,https://github.com/alibaba/druid,2026-08-14T17:16:41.623271+00:00,ok,,,True,2024-07-09T13:39:47Z,https://github.com/alibaba/druid/pull/6027,6027,dependabot,Bump com.h2database:h2 from 1.4.199 to 2.2.220 in /core,app/dependabot,repo:alibaba/druid is:pr author:app/dependabot created:>=2017-01-01 sort:created-asc | repo:alibaba/druid is:pr author:app/dependabot-preview created:>=2017-01-01 sort:created-asc | repo:alibaba/druid is:pr author:dependabot[bot] created:>=2017-01-01 sort:created-asc | repo:alibaba/druid is:pr author:dependabot-preview[bot] created:>=2017-01-01 sort:created-asc,False,,,,,
alluxio/alluxio,https://github.com/alluxio/alluxio,2026-08-14T17:16:46.933385+00:00,ok,,,True,2019-11-01T17:18:56Z,https://github.com/Alluxio/alluxio/pull/10389,10389,dependabot,Bump jackson.version from 2.9.7 to 2.10.0,app/dependabot,repo:alluxio/alluxio is:pr author:app/dependabot created:>=2017-01-01 sort:created-asc | repo:alluxio/alluxio is:pr author:app/dependabot-preview created:>=2017-01-01 sort:created-asc | repo:alluxio/alluxio is:pr author:dependabot[bot] created:>=2017-01-01 sort:created-asc | repo:alluxio/alluxio is:pr author:dependabot-preview[bot] created:>=2017-01-01 sort:created-asc,False,,,,,
almex/Raildelays,https://github.com/almex/Raildelays,2026-08-14T17:16:52.307657+00:00,ok,,,False,,,,,,,repo:almex/Raildelays is:pr author:app/dependabot created:>=2017-01-01 sort:created-asc | repo:almex/Raildelays is:pr author:app/dependabot-preview created:>=2017-01-01 sort:created-asc | repo:almex/Raildelays is:pr author:dependabot[bot] created:>=2017-01-01 sort:created-asc | repo:almex/Raildelays is:pr author:dependabot-preview[bot] created:>=2017-01-01 sort:created-asc,False,,,,,
americanexpress/synapse,https://github.com/americanexpress/synapse,2026-08-14T17:16:58.975105+00:00,ok,,,True,2021-10-02T17:26:34Z,https://github.com/americanexpress/synapse/pull/29,29,dependabot,build(deps): bump xmlsec from 2.2.2 to 2.2.3,app/dependabot,repo:americanexpress/synapse is:pr author:app/dependabot created:>=2017-01-01 sort:created-asc | repo:americanexpress/synapse is:pr author:app/dependabot-preview created:>=2017-01-01 sort:created-asc | repo:americanexpress/synapse is:pr author:dependabot[bot] created:>=2017-01-01 sort:created-asc | repo:americanexpress/synapse is:pr author:dependabot-preview[bot] created:>=2017-01-01 sort:created-asc,True,.github/dependabot.yml,2022-03-19T18:07:34Z,b91dceee5ca8819c1f2f8cc8fc95b2bc6bd201ed,https://github.com/americanexpress/synapse/commit/b91dceee5ca8819c1f2f8cc8fc95b2bc6bd201ed,build(deps): add dependabot configuration (#36)
annot8/annot8-components,https://github.com/annot8/annot8-components,2026-08-14T17:17:06.208867+00:00,ok,,,True,2021-06-15T16:09:15Z,https://github.com/annot8/annot8-components/pull/45,45,dependabot,Bump pdfbox from 2.0.23 to 2.0.24 in /annot8-components-documents,app/dependabot,repo:annot8/annot8-components is:pr author:app/dependabot created:>=2017-01-01 sort:created-asc | repo:annot8/annot8-components is:pr author:app/dependabot-preview created:>=2017-01-01 sort:created-asc | repo:annot8/annot8-components is:pr author:dependabot[bot] created:>=2017-01-01 sort:created-asc | repo:annot8/annot8-components is:pr author:dependabot-preview[bot] created:>=2017-01-01 sort:created-asc,False,,,,,
anotheria/ano-util,https://github.com/anotheria/ano-util,2026-08-14T17:17:17.160354+00:00,ok,,,True,2021-08-13T15:29:16Z,https://github.com/anotheria/ano-util/pull/5,5,dependabot,Bump bcprov-jdk15on from 1.54 to 1.67,app/dependabot,repo:anotheria/ano-util is:pr author:app/dependabot created:>=2017-01-01 sort:created-asc | repo:anotheria/ano-util is:pr author:app/dependabot-preview created:>=2017-01-01 sort:created-asc | repo:anotheria/ano-util is:pr author:dependabot[bot] created:>=2017-01-01 sort:created-asc | repo:anotheria/ano-util is:pr author:dependabot-preview[bot] created:>=2017-01-01 sort:created-asc,False,,,,,
anotheria/moskito,https://github.com/anotheria/moskito,2026-08-14T17:17:27.752604+00:00,ok,,,True,2019-10-29T13:36:33Z,https://github.com/anotheria/moskito/pull/231,231,dependabot,Bump httpclient from 4.2.5 to 4.3.6 in /moskito-extensions/moskito-monitoring-plugin,app/dependabot,repo:anotheria/moskito is:pr author:app/dependabot created:>=2017-01-01 sort:created-asc | repo:anotheria/moskito is:pr author:app/dependabot-preview created:>=2017-01-01 sort:created-asc | repo:anotheria/moskito is:pr author:dependabot[bot] created:>=2017-01-01 sort:created-asc | repo:anotheria/moskito is:pr author:dependabot-preview[bot] created:>=2017-01-01 sort:created-asc,True,.github/dependabot.yml,2026-07-11T19:43:54Z,5dfc6695ce635a47b05b49eba1ae1b30d8531ae4,https://github.com/anotheria/moskito/commit/5dfc6695ce635a47b05b49eba1ae1b30d8531ae4,"ci: add Dependabot weekly Maven version updates

Enable Dependabot version-update PRs for the Maven reactor (weekly,
targeting develop). Minor/patch bumps are grouped into a single PR;
majors are opened individually. Complements the existing Dependabot
security alerts, which had no config file so no routine bump PRs.

Co-Authored-By: Claude Opus 4.8 <noreply@anthropic.com>"
aoju/bus,https://github.com/aoju/bus,2026-08-14T17:17:36.393897+00:00,ok,,,True,2020-07-01T19:08:50Z,https://github.com/aoju/bus/pull/123,123,dependabot,Bump log4j-core from 2.13.0 to 2.13.2 in /bus-logger,app/dependabot,repo:aoju/bus is:pr author:app/dependabot created:>=2017-01-01 sort:created-asc | repo:aoju/bus is:pr author:app/dependabot-preview created:>=2017-01-01 sort:created-asc | repo:aoju/bus is:pr author:dependabot[bot] created:>=2017-01-01 sort:created-asc | repo:aoju/bus is:pr author:dependabot-preview[bot] created:>=2017-01-01 sort:created-asc,False,,,,,
apache/airavata,https://github.com/apache/airavata,2026-08-14T17:17:42.318429+00:00,ok,,,True,2019-11-13T07:52:23Z,https://github.com/apache/airavata/pull/237,237,dependabot,Bump jackson-databind from 2.5.4 to 2.9.10.1 in /airavata-services/profile-service/iam-admin-services-core,app/dependabot,repo:apache/airavata is:pr author:app/dependabot created:>=2017-01-01 sort:created-asc | repo:apache/airavata is:pr author:app/dependabot-preview created:>=2017-01-01 sort:created-asc | repo:apache/airavata is:pr author:dependabot[bot] created:>=2017-01-01 sort:created-asc | repo:apache/airavata is:pr author:dependabot-preview[bot] created:>=2017-01-01 sort:created-asc,False,,,,,
apache/any23,https://github.com/apache/any23,2026-08-14T17:17:48.552457+00:00,ok,,,True,2019-11-01T12:16:41Z,https://github.com/apache/any23/pull/152,152,dependabot,Bump jackson.version from 2.9.10 to 2.10.0,app/dependabot,repo:apache/any23 is:pr author:app/dependabot created:>=2017-01-01 sort:created-asc | repo:apache/any23 is:pr author:app/dependabot-preview created:>=2017-01-01 sort:created-asc | repo:apache/any23 is:pr author:dependabot[bot] created:>=2017-01-01 sort:created-asc | repo:apache/any23 is:pr author:dependabot-preview[bot] created:>=2017-01-01 sort:created-asc,True,.github/dependabot.yml,2021-09-12T23:51:10Z,d91d8052989b5e017f44b6095ef8f370973e9ef5,https://github.com/apache/any23/commit/d91d8052989b5e017f44b6095ef8f370973e9ef5,ANY23-485 Activate dependabot on Any23 codebase (#173)
apache/avro,https://github.com/apache/avro,2026-08-14T17:17:56.039626+00:00,ok,,,True,2020-11-17T13:51:42Z,https://github.com/apache/avro/pull/988,988,dependabot,Bump Microsoft.NET.Test.Sdk from 16.4.0 to 16.8.0 in /lang/csharp,app/dependabot,repo:apache/avro is:pr author:app/dependabot created:>=2017-01-01 sort:created-asc | repo:apache/avro is:pr author:app/dependabot-preview created:>=2017-01-01 sort:created-asc | repo:apache/avro is:pr author:dependabot[bot] created:>=2017-01-01 sort:created-asc | repo:apache/avro is:pr author:dependabot-preview[bot] created:>=2017-01-01 sort:created-asc,True,.github/dependabot.yml,2020-11-17T13:51:05Z,30328e20f92aee9944697de9bbb050184b8584a1,https://github.com/apache/avro/commit/30328e20f92aee9944697de9bbb050184b8584a1,AVRO-9262: Configure dependency updates via dependabot
apache/bookkeeper,https://github.com/apache/bookkeeper,2026-08-14T17:18:02.615803+00:00,ok,,,True,2019-10-30T11:58:02Z,https://github.com/apache/bookkeeper/pull/2188,2188,dependabot,Bump nokogiri from 1.8.2 to 1.10.4 in /site,app/dependabot,repo:apache/bookkeeper is:pr author:app/dependabot created:>=2017-01-01 sort:created-asc | repo:apache/bookkeeper is:pr author:app/dependabot-preview created:>=2017-01-01 sort:created-asc | repo:apache/bookkeeper is:pr author:dependabot[bot] created:>=2017-01-01 sort:created-asc | repo:apache/bookkeeper is:pr author:dependabot-preview[bot] created:>=2017-01-01 sort:created-asc,False,,,,,
apache/flink,https://github.com/apache/flink,2026-08-14T17:18:11.158375+00:00,ok,,,True,2019-10-29T13:01:40Z,https://github.com/apache/flink/pull/10030,10030,dependabot,Bump ffi from 1.9.18 to 1.11.1 in /docs,app/dependabot,repo:apache/flink is:pr author:app/dependabot created:>=2017-01-01 sort:created-asc | repo:apache/flink is:pr author:app/dependabot-preview created:>=2017-01-01 sort:created-asc | repo:apache/flink is:pr author:dependabot[bot] created:>=2017-01-01 sort:created-asc | repo:apache/flink is:pr author:dependabot-preview[bot] created:>=2017-01-01 sort:created-asc,False,,,,,
apache/incubator-dubbo,https://github.com/apache/incubator-dubbo,2026-08-14T17:18:18.121894+00:00,ok,,,False,,,,,,,repo:apache/incubator-dubbo is:pr author:app/dependabot created:>=2017-01-01 sort:created-asc | repo:apache/incubator-dubbo is:pr author:app/dependabot-preview created:>=2017-01-01 sort:created-asc | repo:apache/incubator-dubbo is:pr author:dependabot[bot] created:>=2017-01-01 sort:created-asc | repo:apache/incubator-dubbo is:pr author:dependabot-preview[bot] created:>=2017-01-01 sort:created-asc,True,.github/dependabot.yaml,2023-01-19T01:25:04Z,e8f742a319b6d91f1d31a37bbd203dbf78300a12,https://github.com/apache/dubbo/commit/e8f742a319b6d91f1d31a37bbd203dbf78300a12,Add dependabot config (#11328)
apache/incubator-nlpcraft,https://github.com/apache/incubator-nlpcraft,2026-08-14T17:18:27.850190+00:00,ok,,,True,2022-04-05T18:53:14Z,https://github.com/apache/incubator-nlpcraft/pull/22,22,dependabot,Bump jackson-databind from 2.13.2 to 2.13.2.1,app/dependabot,repo:apache/incubator-nlpcraft is:pr author:app/dependabot created:>=2017-01-01 sort:created-asc | repo:apache/incubator-nlpcraft is:pr author:app/dependabot-preview created:>=2017-01-01 sort:created-asc | repo:apache/incubator-nlpcraft is:pr author:dependabot[bot] created:>=2017-01-01 sort:created-asc | repo:apache/incubator-nlpcraft is:pr author:dependabot-preview[bot] created:>=2017-01-01 sort:created-asc,False,,,,,
apache/incubator-plc4x,https://github.com/apache/incubator-plc4x,2026-08-14T17:18:33.026106+00:00,ok,,,False,,,,,,,repo:apache/incubator-plc4x is:pr author:app/dependabot created:>=2017-01-01 sort:created-asc | repo:apache/incubator-plc4x is:pr author:app/dependabot-preview created:>=2017-01-01 sort:created-asc | repo:apache/incubator-plc4x is:pr author:dependabot[bot] created:>=2017-01-01 sort:created-asc | repo:apache/incubator-plc4x is:pr author:dependabot-preview[bot] created:>=2017-01-01 sort:created-asc,True,.github/dependabot.yml,2021-05-23T09:47:36Z,129f42f1d7ae0fab26ce3239ac73fc2d961b9fb0,https://github.com/apache/plc4x/commit/129f42f1d7ae0fab26ce3239ac73fc2d961b9fb0,Add dependabot config file
apache/juneau,https://github.com/apache/juneau,2026-08-14T17:18:42.493587+00:00,ok,,,True,2022-05-23T14:10:34Z,https://github.com/apache/juneau/pull/58,58,dependabot,Bump junit from 4.11 to 4.13.1,app/dependabot,repo:apache/juneau is:pr author:app/dependabot created:>=2017-01-01 sort:created-asc | repo:apache/juneau is:pr author:app/dependabot-preview created:>=2017-01-01 sort:created-asc | repo:apache/juneau is:pr author:dependabot[bot] created:>=2017-01-01 sort:created-asc | repo:apache/juneau is:pr author:dependabot-preview[bot] created:>=2017-01-01 sort:created-asc,True,.github/dependabot.yml,2022-11-08T16:05:49Z,41d40a062107ce94c324d5aee1c8b8904d54486b,https://github.com/apache/juneau/commit/41d40a062107ce94c324d5aee1c8b8904d54486b,"Update some dependencies

- Jetty 9 to 11
- Hibernate 5.6.12.Final to 5.6.14.Final
- Spring Boot 2.7.4 to 2.7.5
- Add a default Maven goal
- Use GitHub Dependabot once a week
- Use GitHub Actions"
apache/openmeetings,https://github.com/apache/openmeetings,2026-08-14T17:18:49.097248+00:00,ok,,,True,2022-08-06T06:06:49Z,https://github.com/apache/openmeetings/pull/183,183,dependabot,Bump postgresql from 42.4.0 to 42.4.1,app/dependabot,repo:apache/openmeetings is:pr author:app/dependabot created:>=2017-01-01 sort:created-asc | repo:apache/openmeetings is:pr author:app/dependabot-preview created:>=2017-01-01 sort:created-asc | repo:apache/openmeetings is:pr author:dependabot[bot] created:>=2017-01-01 sort:created-asc | repo:apache/openmeetings is:pr author:dependabot-preview[bot] created:>=2017-01-01 sort:created-asc,True,.github/dependabot.yml,2026-03-22T03:34:51Z,6b44bd965f360cc6ce95d8a0554ddd7f53931daf,https://github.com/apache/openmeetings/commit/6b44bd965f360cc6ce95d8a0554ddd7f53931daf,[OPENMEETINGS-2800] dependabot initial set-up
apache/parquet-mr,https://github.com/apache/parquet-mr,2026-08-14T17:18:56.298661+00:00,ok,,,False,,,,,,,repo:apache/parquet-mr is:pr author:app/dependabot created:>=2017-01-01 sort:created-asc | repo:apache/parquet-mr is:pr author:app/dependabot-preview created:>=2017-01-01 sort:created-asc | repo:apache/parquet-mr is:pr author:dependabot[bot] created:>=2017-01-01 sort:created-asc | repo:apache/parquet-mr is:pr author:dependabot-preview[bot] created:>=2017-01-01 sort:created-asc,True,.github/dependabot.yml,2023-04-14T08:10:52Z,2c5ffa6e90105e3ee2cb3b18b60ef0fe62df9d0e,https://github.com/apache/parquet-java/commit/2c5ffa6e90105e3ee2cb3b18b60ef0fe62df9d0e,"PARQUET-2267: Add dependabot to update dependencies (#1051)

Make life easier, and makes sure that we're using the latest dependencies."
apache/plc4x,https://github.com/apache/plc4x,2026-08-14T17:19:05.130977+00:00,ok,,,True,2019-10-29T20:35:34Z,https://github.com/apache/plc4x/pull/96,96,dependabot,Bump org.eclipse.paho.client.mqttv3 from 1.2.0 to 1.2.1 in /plc4j/examples/hello-cloud-google,app/dependabot,repo:apache/plc4x is:pr author:app/dependabot created:>=2017-01-01 sort:created-asc | repo:apache/plc4x is:pr author:app/dependabot-preview created:>=2017-01-01 sort:created-asc | repo:apache/plc4x is:pr author:dependabot[bot] created:>=2017-01-01 sort:created-asc | repo:apache/plc4x is:pr author:dependabot-preview[bot] created:>=2017-01-01 sort:created-asc,True,.github/dependabot.yml,2021-05-23T09:47:36Z,129f42f1d7ae0fab26ce3239ac73fc2d961b9fb0,https://github.com/apache/plc4x/commit/129f42f1d7ae0fab26ce3239ac73fc2d961b9fb0,Add dependabot config file
apache/ranger,https://github.com/apache/ranger,2026-08-14T17:19:13.577217+00:00,ok,,,True,2019-11-01T12:16:04Z,https://github.com/apache/ranger/pull/40,40,dependabot,Bump nimbus-jose-jwt from 4.41.2 to 7.9 in /security-admin,app/dependabot,repo:apache/ranger is:pr author:app/dependabot created:>=2017-01-01 sort:created-asc | repo:apache/ranger is:pr author:app/dependabot-preview created:>=2017-01-01 sort:created-asc | repo:apache/ranger is:pr author:dependabot[bot] created:>=2017-01-01 sort:created-asc | repo:apache/ranger is:pr author:dependabot-preview[bot] created:>=2017-01-01 sort:created-asc,False,,,,,
apache/reef,https://github.com/apache/reef,2026-08-14T17:19:22.592761+00:00,ok,,,True,2019-10-04T21:54:12Z,https://github.com/apache/reef/pull/1491,1491,dependabot,Bump checkstyle from 6.17 to 8.18,app/dependabot,repo:apache/reef is:pr author:app/dependabot created:>=2017-01-01 sort:created-asc | repo:apache/reef is:pr author:app/dependabot-preview created:>=2017-01-01 sort:created-asc | repo:apache/reef is:pr author:dependabot[bot] created:>=2017-01-01 sort:created-asc | repo:apache/reef is:pr author:dependabot-preview[bot] created:>=2017-01-01 sort:created-asc,False,,,,,
apache/royale-compiler,https://github.com/apache/royale-compiler,2026-08-14T17:19:28.617722+00:00,ok,,,True,2022-07-01T22:19:09Z,https://github.com/apache/royale-compiler/pull/217,217,dependabot,Bump plexus-utils from 3.0.3 to 3.0.16 in /compiler-build-tools,app/dependabot,repo:apache/royale-compiler is:pr author:app/dependabot created:>=2017-01-01 sort:created-asc | repo:apache/royale-compiler is:pr author:app/dependabot-preview created:>=2017-01-01 sort:created-asc | repo:apache/royale-compiler is:pr author:dependabot[bot] created:>=2017-01-01 sort:created-asc | repo:apache/royale-compiler is:pr author:dependabot-preview[bot] created:>=2017-01-01 sort:created-asc,False,,,,,
apicurio/apicurio-registry,https://github.com/apicurio/apicurio-registry,2026-08-14T17:19:35.351571+00:00,ok,,,True,2019-11-05T19:30:06Z,https://github.com/Apicurio/apicurio-registry/pull/118,118,dependabot-preview,Bump os-maven-plugin from 1.6.1 to 1.6.2,app/dependabot-preview,repo:apicurio/apicurio-registry is:pr author:app/dependabot created:>=2017-01-01 sort:created-asc | repo:apicurio/apicurio-registry is:pr author:app/dependabot-preview created:>=2017-01-01 sort:created-asc | repo:apicurio/apicurio-registry is:pr author:dependabot[bot] created:>=2017-01-01 sort:created-asc | repo:apicurio/apicurio-registry is:pr author:dependabot-preview[bot] created:>=2017-01-01 sort:created-asc,True,.github/dependabot.yml,2021-04-30T17:14:39Z,30c1a20eb761e2b1d95e5b2647a8ad0c2504a8a4,https://github.com/Apicurio/apicurio-registry/commit/30c1a20eb761e2b1d95e5b2647a8ad0c2504a8a4,"Upgrade to GitHub-native Dependabot (#1474)

Co-authored-by: dependabot-preview[bot] <27856297+dependabot-preview[bot]@users.noreply.github.com>"
apigee/apigee-config-maven-plugin,https://github.com/apigee/apigee-config-maven-plugin,2026-08-14T17:19:42.164758+00:00,ok,,,True,2020-10-13T06:42:39Z,https://github.com/apigee/apigee-config-maven-plugin/pull/101,101,dependabot,Bump junit from 4.8.2 to 4.13.1,app/dependabot,repo:apigee/apigee-config-maven-plugin is:pr author:app/dependabot created:>=2017-01-01 sort:created-asc | repo:apigee/apigee-config-maven-plugin is:pr author:app/dependabot-preview created:>=2017-01-01 sort:created-asc | repo:apigee/apigee-config-maven-plugin is:pr author:dependabot[bot] created:>=2017-01-01 sort:created-asc | repo:apigee/apigee-config-maven-plugin is:pr author:dependabot-preview[bot] created:>=2017-01-01 sort:created-asc,False,,,,,
apigee/apigee-smartdocs-maven-plugin,https://github.com/apigee/apigee-smartdocs-maven-plugin,2026-08-14T17:19:48.456639+00:00,ok,,,True,2020-06-19T16:53:58Z,https://github.com/apigee/apigee-smartdocs-maven-plugin/pull/18,18,dependabot,Bump jackson-databind from 2.4.4 to 2.10.0.pr1,app/dependabot,repo:apigee/apigee-smartdocs-maven-plugin is:pr author:app/dependabot created:>=2017-01-01 sort:created-asc | repo:apigee/apigee-smartdocs-maven-plugin is:pr author:app/dependabot-preview created:>=2017-01-01 sort:created-asc | repo:apigee/apigee-smartdocs-maven-plugin is:pr author:dependabot[bot] created:>=2017-01-01 sort:created-asc | repo:apigee/apigee-smartdocs-maven-plugin is:pr author:dependabot-preview[bot] created:>=2017-01-01 sort:created-asc,False,,,,,
appNG/appng,https://github.com/appNG/appng,2026-08-14T17:19:54.593559+00:00,ok,,,True,2019-08-01T20:36:52Z,https://github.com/appNG/appng/pull/91,91,dependabot,Bump jacksonVersion from 2.9.8 to 2.10.0.pr1,app/dependabot,repo:appNG/appng is:pr author:app/dependabot created:>=2017-01-01 sort:created-asc | repo:appNG/appng is:pr author:app/dependabot-preview created:>=2017-01-01 sort:created-asc | repo:appNG/appng is:pr author:dependabot[bot] created:>=2017-01-01 sort:created-asc | repo:appNG/appng is:pr author:dependabot-preview[bot] created:>=2017-01-01 sort:created-asc,False,,,,,
appNG/appng-scheduler,https://github.com/appNG/appng-scheduler,2026-08-14T17:20:00.515033+00:00,ok,,,True,2020-07-01T18:48:56Z,https://github.com/appNG/appng-scheduler/pull/9,9,dependabot,Bump mysql-connector-java from 5.1.44 to 8.0.16,app/dependabot,repo:appNG/appng-scheduler is:pr author:app/dependabot created:>=2017-01-01 sort:created-asc | repo:appNG/appng-scheduler is:pr author:app/dependabot-preview created:>=2017-01-01 sort:created-asc | repo:appNG/appng-scheduler is:pr author:dependabot[bot] created:>=2017-01-01 sort:created-asc | repo:appNG/appng-scheduler is:pr author:dependabot-preview[bot] created:>=2017-01-01 sort:created-asc,False,,,,,
archiecobbs/dellroad-stuff,https://github.com/archiecobbs/dellroad-stuff,2026-08-14T17:20:06.697778+00:00,ok,,,True,2022-05-26T02:11:15Z,https://github.com/archiecobbs/dellroad-stuff/pull/23,23,dependabot,Bump vaadin from 22.0.8 to 22.0.15 in /dellroad-stuff-vaadin/dellroad-stuff-vaadin22,app/dependabot,repo:archiecobbs/dellroad-stuff is:pr author:app/dependabot created:>=2017-01-01 sort:created-asc | repo:archiecobbs/dellroad-stuff is:pr author:app/dependabot-preview created:>=2017-01-01 sort:created-asc | repo:archiecobbs/dellroad-stuff is:pr author:dependabot[bot] created:>=2017-01-01 sort:created-asc | repo:archiecobbs/dellroad-stuff is:pr author:dependabot-preview[bot] created:>=2017-01-01 sort:created-asc,False,,,,,
archiecobbs/jsimpledb,https://github.com/archiecobbs/jsimpledb,2026-08-14T17:20:12.374059+00:00,ok,,,False,,,,,,,repo:archiecobbs/jsimpledb is:pr author:app/dependabot created:>=2017-01-01 sort:created-asc | repo:archiecobbs/jsimpledb is:pr author:app/dependabot-preview created:>=2017-01-01 sort:created-asc | repo:archiecobbs/jsimpledb is:pr author:dependabot[bot] created:>=2017-01-01 sort:created-asc | repo:archiecobbs/jsimpledb is:pr author:dependabot-preview[bot] created:>=2017-01-01 sort:created-asc,False,,,,,
archivesunleashed/aut,https://github.com/archivesunleashed/aut,2026-08-14T17:20:19.713925+00:00,ok,,,True,2020-06-15T20:13:48Z,https://github.com/archivesunleashed/aut/pull/481,481,dependabot,Bump xercesImpl from 2.11.0 to 2.12.0,app/dependabot,repo:archivesunleashed/aut is:pr author:app/dependabot created:>=2017-01-01 sort:created-asc | repo:archivesunleashed/aut is:pr author:app/dependabot-preview created:>=2017-01-01 sort:created-asc | repo:archivesunleashed/aut is:pr author:dependabot[bot] created:>=2017-01-01 sort:created-asc | repo:archivesunleashed/aut is:pr author:dependabot-preview[bot] created:>=2017-01-01 sort:created-asc,False,,,,,
arenadata/hive,https://github.com/arenadata/hive,2026-08-14T17:20:26.728408+00:00,ok,,,False,,,,,,,repo:arenadata/hive is:pr author:app/dependabot created:>=2017-01-01 sort:created-asc | repo:arenadata/hive is:pr author:app/dependabot-preview created:>=2017-01-01 sort:created-asc | repo:arenadata/hive is:pr author:dependabot[bot] created:>=2017-01-01 sort:created-asc | repo:arenadata/hive is:pr author:dependabot-preview[bot] created:>=2017-01-01 sort:created-asc,False,,,,,
arpnetworking/commons,https://github.com/arpnetworking/commons,2026-08-14T17:20:32.861427+00:00,ok,,,True,2019-10-31T16:46:45Z,https://github.com/ArpNetworking/commons/pull/84,84,dependabot,Bump jackson.version from 2.9.10 to 2.10.0,app/dependabot,repo:arpnetworking/commons is:pr author:app/dependabot created:>=2017-01-01 sort:created-asc | repo:arpnetworking/commons is:pr author:app/dependabot-preview created:>=2017-01-01 sort:created-asc | repo:arpnetworking/commons is:pr author:dependabot[bot] created:>=2017-01-01 sort:created-asc | repo:arpnetworking/commons is:pr author:dependabot-preview[bot] created:>=2017-01-01 sort:created-asc,True,.github/dependabot.yml,2023-01-24T21:39:37Z,40f48f1d44b49fc540d5cdf531d0bafc9372b286,https://github.com/ArpNetworking/commons/commit/40f48f1d44b49fc540d5cdf531d0bafc9372b286,Create dependabot.yml
arpnetworking/logback-steno,https://github.com/arpnetworking/logback-steno,2026-08-14T17:20:41.583916+00:00,ok,,,True,2019-11-04T21:39:51Z,https://github.com/ArpNetworking/logback-steno/pull/62,62,dependabot,Bump jackson.version from 2.9.10 to 2.10.0,app/dependabot,repo:arpnetworking/logback-steno is:pr author:app/dependabot created:>=2017-01-01 sort:created-asc | repo:arpnetworking/logback-steno is:pr author:app/dependabot-preview created:>=2017-01-01 sort:created-asc | repo:arpnetworking/logback-steno is:pr author:dependabot[bot] created:>=2017-01-01 sort:created-asc | repo:arpnetworking/logback-steno is:pr author:dependabot-preview[bot] created:>=2017-01-01 sort:created-asc,True,.github/dependabot.yml,2023-01-24T21:36:02Z,f312e8df626834fb915f2155f6f6b1121787e5f4,https://github.com/ArpNetworking/logback-steno/commit/f312e8df626834fb915f2155f6f6b1121787e5f4,Create dependabot.yml
arpnetworking/metrics-cluster-aggregator,https://github.com/arpnetworking/metrics-cluster-aggregator,2026-08-14T17:20:48.575454+00:00,ok,,,True,2019-11-02T05:12:16Z,https://github.com/ArpNetworking/metrics-cluster-aggregator/pull/101,101,dependabot,Bump jackson.version from 2.9.2 to 2.10.0,app/dependabot,repo:arpnetworking/metrics-cluster-aggregator is:pr author:app/dependabot created:>=2017-01-01 sort:created-asc | repo:arpnetworking/metrics-cluster-aggregator is:pr author:app/dependabot-preview created:>=2017-01-01 sort:created-asc | repo:arpnetworking/metrics-cluster-aggregator is:pr author:dependabot[bot] created:>=2017-01-01 sort:created-asc | repo:arpnetworking/metrics-cluster-aggregator is:pr author:dependabot-preview[bot] created:>=2017-01-01 sort:created-asc,True,.github/dependabot.yml,2023-01-26T23:04:19Z,a81176ce250e16b24bd5eeeec55789f3da5baa12,https://github.com/ArpNetworking/metrics-cluster-aggregator/commit/a81176ce250e16b24bd5eeeec55789f3da5baa12,Create dependabot.yml
ashwanthkumar/gocd-java-client,https://github.com/ashwanthkumar/gocd-java-client,2026-08-14T17:20:54.390723+00:00,ok,,,True,2020-04-25T08:12:11Z,https://github.com/ashwanthkumar/gocd-java-client/pull/7,7,dependabot-preview,Bump junit from 4.11 to 4.13,app/dependabot-preview,repo:ashwanthkumar/gocd-java-client is:pr author:app/dependabot created:>=2017-01-01 sort:created-asc | repo:ashwanthkumar/gocd-java-client is:pr author:app/dependabot-preview created:>=2017-01-01 sort:created-asc | repo:ashwanthkumar/gocd-java-client is:pr author:dependabot[bot] created:>=2017-01-01 sort:created-asc | repo:ashwanthkumar/gocd-java-client is:pr author:dependabot-preview[bot] created:>=2017-01-01 sort:created-asc,True,.github/dependabot.yml,2021-04-29T15:38:25Z,a85b284f81faee2dcaac9c5fcd5c67fc3554c16e,https://github.com/ashwanthkumar/gocd-java-client/commit/a85b284f81faee2dcaac9c5fcd5c67fc3554c16e,Upgrade to GitHub-native Dependabot
aspectran/aspectran,https://github.com/aspectran/aspectran,2026-08-14T17:21:02.071839+00:00,ok,,,True,2018-08-13T06:08:20Z,https://github.com/aspectran/aspectran/pull/3,3,dependabot-preview,Bump pebble from 3.0.1 to 3.0.2,app/dependabot-preview,repo:aspectran/aspectran is:pr author:app/dependabot created:>=2017-01-01 sort:created-asc | repo:aspectran/aspectran is:pr author:app/dependabot-preview created:>=2017-01-01 sort:created-asc | repo:aspectran/aspectran is:pr author:dependabot[bot] created:>=2017-01-01 sort:created-asc | repo:aspectran/aspectran is:pr author:dependabot-preview[bot] created:>=2017-01-01 sort:created-asc,True,.github/dependabot.yml,2021-01-10T03:58:47Z,d52ad4f719c2fe2ee13f5e375c84656a41d2d4aa,https://github.com/aspectran/aspectran/commit/d52ad4f719c2fe2ee13f5e375c84656a41d2d4aa,Create Dependabot config file
astrapi69/jetty-runner,https://github.com/astrapi69/jetty-runner,2026-08-14T17:21:08.693110+00:00,ok,,,False,,,,,,,repo:astrapi69/jetty-runner is:pr author:app/dependabot created:>=2017-01-01 sort:created-asc | repo:astrapi69/jetty-runner is:pr author:app/dependabot-preview created:>=2017-01-01 sort:created-asc | repo:astrapi69/jetty-runner is:pr author:dependabot[bot] created:>=2017-01-01 sort:created-asc | repo:astrapi69/jetty-runner is:pr author:dependabot-preview[bot] created:>=2017-01-01 sort:created-asc,False,,,,,
astrapi69/mystic-crypt,https://github.com/astrapi69/mystic-crypt,2026-08-14T17:21:13.913244+00:00,ok,,,False,,,,,,,repo:astrapi69/mystic-crypt is:pr author:app/dependabot created:>=2017-01-01 sort:created-asc | repo:astrapi69/mystic-crypt is:pr author:app/dependabot-preview created:>=2017-01-01 sort:created-asc | repo:astrapi69/mystic-crypt is:pr author:dependabot[bot] created:>=2017-01-01 sort:created-asc | repo:astrapi69/mystic-crypt is:pr author:dependabot-preview[bot] created:>=2017-01-01 sort:created-asc,False,,,,,
astrapi69/spring-tool-extensions,https://github.com/astrapi69/spring-tool-extensions,2026-08-14T17:21:20.204692+00:00,ok,,,False,,,,,,,repo:astrapi69/spring-tool-extensions is:pr author:app/dependabot created:>=2017-01-01 sort:created-asc | repo:astrapi69/spring-tool-extensions is:pr author:app/dependabot-preview created:>=2017-01-01 sort:created-asc | repo:astrapi69/spring-tool-extensions is:pr author:dependabot[bot] created:>=2017-01-01 sort:created-asc | repo:astrapi69/spring-tool-extensions is:pr author:dependabot-preview[bot] created:>=2017-01-01 sort:created-asc,False,,,,,
automatiko-io/automatiko-engine,https://github.com/automatiko-io/automatiko-engine,2026-08-14T17:21:26.193280+00:00,ok,,,True,2023-08-16T07:37:25Z,https://github.com/automatiko-io/automatiko-engine/pull/349,349,dependabot,Bump org.apache.maven:maven-core from 3.6.2 to 3.8.1,app/dependabot,repo:automatiko-io/automatiko-engine is:pr author:app/dependabot created:>=2017-01-01 sort:created-asc | repo:automatiko-io/automatiko-engine is:pr author:app/dependabot-preview created:>=2017-01-01 sort:created-asc | repo:automatiko-io/automatiko-engine is:pr author:dependabot[bot] created:>=2017-01-01 sort:created-asc | repo:automatiko-io/automatiko-engine is:pr author:dependabot-preview[bot] created:>=2017-01-01 sort:created-asc,True,.github/dependabot.yml,2024-05-09T11:58:40Z,6551670bfe1cfa941453fca5cb718a7830f4a082,https://github.com/automatiko-io/automatiko-engine/commit/6551670bfe1cfa941453fca5cb718a7830f4a082,added dependebot settings
awslabs/amazon-kinesis-client,https://github.com/awslabs/amazon-kinesis-client,2026-08-14T17:21:33.192910+00:00,ok,,,True,2020-07-27T14:25:29Z,https://github.com/awslabs/amazon-kinesis-client/pull/730,730,dependabot,Bump commons-beanutils from 1.9.3 to 1.9.4 in /amazon-kinesis-client-multilang,app/dependabot,repo:awslabs/amazon-kinesis-client is:pr author:app/dependabot created:>=2017-01-01 sort:created-asc | repo:awslabs/amazon-kinesis-client is:pr author:app/dependabot-preview created:>=2017-01-01 sort:created-asc | repo:awslabs/amazon-kinesis-client is:pr author:dependabot[bot] created:>=2017-01-01 sort:created-asc | repo:awslabs/amazon-kinesis-client is:pr author:dependabot-preview[bot] created:>=2017-01-01 sort:created-asc,True,.github/dependabot.yml,2021-12-21T17:57:57Z,9c53c0ce59c112d26628a504984411f1f0f2350b,https://github.com/awslabs/amazon-kinesis-client/commit/9c53c0ce59c112d26628a504984411f1f0f2350b,"Keep dependencies up-to-date (#879)

* Test dependabot for upgrading dependencies automatically

* Add required field version in the configuration file

* Bump aws-java-sdk.version from 1.12.3 to 1.12.125

Bumps `aws-java-sdk.version` from 1.12.3 to 1.12.125.

Updates `aws-java-sdk-core` from 1.12.3 to 1.12.125
- [Release notes](https://github.com/aws/aws-sdk-java/releases)
- [Changelog](https://github.com/aws/aws-sdk-java/blob/master/CHANGELOG.md)
- [Commits](https://github.com/aws/aws-sdk-java/compare/1.12.3...1.12.125)

Updates `aws-java-sdk-sts` from 1.12.3 to 1.12.125
- [Release notes](https://github.com/aws/aws-sdk-java/releases)
- [Changelog](https://github.com/aws/aws-sdk-java/blob/master/CHANGELOG.md)
- [Commits](https://github.com/aws/aws-sdk-java/compare/1.12.3...1.12.125)

---
updated-dependencies:
- dependency-name: com.amazonaws:aws-java-sdk-core
  dependency-type: direct:production
  update-type: version-update:semver-patch
- dependency-name: com.amazonaws:aws-java-sdk-sts
  dependency-type: direct:production
  update-type: version-update:semver-patch
...

Signed-off-by: dependabot[bot] <support@github.com>

* Bump gsr.version from 1.1.5 to 1.1.8

Bumps `gsr.version` from 1.1.5 to 1.1.8.

Updates `schema-registry-serde` from 1.1.5 to 1.1.8
- [Release notes](https://github.com/awslabs/aws-glue-schema-registry/releases)
- [Changelog](https://github.com/awslabs/aws-glue-schema-registry/blob/master/CHANGELOG.md)
- [Commits](https://github.com/awslabs/aws-glue-schema-registry/compare/v1.1.5...v1.1.8)

Updates `schema-registry-common` from 1.1.5 to 1.1.8
- [Release notes](https://github.com/awslabs/aws-glue-schema-registry/releases)
- [Changelog](https://github.com/awslabs/aws-glue-schema-registry/blob/master/CHANGELOG.md)
- [Commits](https://github.com/awslabs/aws-glue-schema-registry/compare/v1.1.5...v1.1.8)

---
updated-dependencies:
- dependency-name: software.amazon.glue:schema-registry-serde
  dependency-type: direct:production
  update-type: version-update:semver-patch
- dependency-name: software.amazon.glue:schema-registry-common
  dependency-type: direct:production
  update-type: version-update:semver-patch
...

Signed-off-by: dependabot[bot] <support@github.com>

* Bump maven-source-plugin from 3.0.1 to 3.2.1

Bumps [maven-source-plugin](https://github.com/apache/maven-source-plugin) from 3.0.1 to 3.2.1.
- [Release notes](https://github.com/apache/maven-source-plugin/releases)
- [Commits](https://github.com/apache/maven-source-plugin/compare/maven-source-plugin-3.0.1...maven-source-plugin-3.2.1)

---
updated-dependencies:
- dependency-name: org.apache.maven.plugins:maven-source-plugin
  dependency-type: direct:production
  update-type: version-update:semver-minor
...

Signed-off-by: dependabot[bot] <support@github.com>

* Bump lombok from 1.16.20 to 1.18.22

Bumps [lombok](https://github.com/projectlombok/lombok) from 1.16.20 to 1.18.22.
- [Release notes](https://github.com/projectlombok/lombok/releases)
- [Changelog](https://github.com/projectlombok/lombok/blob/master/doc/changelog.markdown)
- [Commits](https://github.com/projectlombok/lombok/compare/v1.16.20...v1.18.22)

---
updated-dependencies:
- dependency-name: org.projectlombok:lombok
  dependency-type: direct:production
  update-type: version-update:semver-minor
...

Signed-off-by: dependabot[bot] <support@github.com>

* Bump maven-javadoc-plugin from 2.10.3 to 3.3.1

Bumps [maven-javadoc-plugin](https://github.com/apache/maven-javadoc-plugin) from 2.10.3 to 3.3.1.
- [Release notes](https://github.com/apache/maven-javadoc-plugin/releases)
- [Commits](https://github.com/apache/maven-javadoc-plugin/compare/maven-javadoc-plugin-2.10.3...maven-javadoc-plugin-3.3.1)

---
updated-dependencies:
- dependency-name: org.apache.maven.plugins:maven-javadoc-plugin
  dependency-type: direct:production
  update-type: version-update:semver-major
...

Signed-off-by: dependabot[bot] <support@github.com>

* Bump rxjava from 2.1.14 to 2.2.21

Bumps [rxjava](https://github.com/ReactiveX/RxJava) from 2.1.14 to 2.2.21.
- [Release notes](https://github.com/ReactiveX/RxJava/releases)
- [Changelog](https://github.com/ReactiveX/RxJava/blob/v2.2.21/CHANGES.md)
- [Commits](https://github.com/ReactiveX/RxJava/compare/v2.1.14...v2.2.21)

---
updated-dependencies:
- dependency-name: io.reactivex.rxjava2:rxjava
  dependency-type: direct:production
  update-type: version-update:semver-minor
...

Signed-off-by: dependabot[bot] <support@github.com>

* Bump maven-compiler-plugin from 3.8.0 to 3.8.1

Bumps [maven-compiler-plugin](https://github.com/apache/maven-compiler-plugin) from 3.8.0 to 3.8.1.
- [Release notes](https://github.com/apache/maven-compiler-plugin/releases)
- [Commits](https://github.com/apache/maven-compiler-plugin/compare/maven-compiler-plugin-3.8.0...maven-compiler-plugin-3.8.1)

---
updated-dependencies:
- dependency-name: org.apache.maven.plugins:maven-compiler-plugin
  dependency-type: direct:production
  update-type: version-update:semver-patch
...

Signed-off-by: dependabot[bot] <support@github.com>

* Bump guava from 29.0-jre to 31.0.1-jre

Bumps [guava](https://github.com/google/guava) from 29.0-jre to 31.0.1-jre.
- [Release notes](https://github.com/google/guava/releases)
- [Commits](https://github.com/google/guava/commits)

---
updated-dependencies:
- dependency-name: com.google.guava:guava
  dependency-type: direct:production
...

Signed-off-by: dependabot[bot] <support@github.com>

* Bump protobuf-java from 3.11.4 to 3.19.1

Bumps [protobuf-java](https://github.com/protocolbuffers/protobuf) from 3.11.4 to 3.19.1.
- [Release notes](https://github.com/protocolbuffers/protobuf/releases)
- [Changelog](https://github.com/protocolbuffers/protobuf/blob/master/generate_changelog.py)
- [Commits](https://github.com/protocolbuffers/protobuf/compare/v3.11.4...v3.19.1)

---
updated-dependencies:
- dependency-name: com.google.protobuf:protobuf-java
  dependency-type: direct:production
  update-type: version-update:semver-minor
...

Signed-off-by: dependabot[bot] <support@github.com>

* Bump maven-gpg-plugin from 1.6 to 3.0.1

Bumps [maven-gpg-plugin](https://github.com/apache/maven-gpg-plugin) from 1.6 to 3.0.1.
- [Release notes](https://github.com/apache/maven-gpg-plugin/releases)
- [Commits](https://github.com/apache/maven-gpg-plugin/compare/maven-gpg-plugin-1.6...maven-gpg-plugin-3.0.1)

---
updated-dependencies:
- dependency-name: org.apache.maven.plugins:maven-gpg-plugin
  dependency-type: direct:production
  update-type: version-update:semver-major
...

Signed-off-by: dependabot[bot] <support@github.com>

* Bump awssdk.version from 2.17.52 to 2.17.100

Bumps `awssdk.version` from 2.17.52 to 2.17.100.

Updates `kinesis` from 2.17.52 to 2.17.100

Updates `dynamodb` from 2.17.52 to 2.17.100

Updates `cloudwatch` from 2.17.52 to 2.17.100

Updates `netty-nio-client` from 2.17.52 to 2.17.100

Updates `sts` from 2.17.52 to 2.17.100

---
updated-dependencies:
- dependency-name: software.amazon.awssdk:kinesis
  dependency-type: direct:production
  update-type: version-update:semver-patch
- dependency-name: software.amazon.awssdk:dynamodb
  dependency-type: direct:production
  update-type: version-update:semver-patch
- dependency-name: software.amazon.awssdk:cloudwatch
  dependency-type: direct:production
  update-type: version-update:semver-patch
- dependency-name: software.amazon.awssdk:netty-nio-client
  dependency-type: direct:production
  update-type: version-update:semver-patch
- dependency-name: software.amazon.awssdk:sts
  dependency-type: direct:production
  update-type: version-update:semver-patch
...

Signed-off-by: dependabot[bot] <support@github.com>

* Bump logback-classic from 1.2.7 to 1.2.9

Bumps logback-classic from 1.2.7 to 1.2.9.

---
updated-dependencies:
- dependency-name: ch.qos.logback:logback-classic
  dependency-type: direct:development
  update-type: version-update:semver-patch
...

Signed-off-by: dependabot[bot] <support@github.com>

* Bump maven-surefire-plugin from 2.19.1 to 2.22.2

Bumps [maven-surefire-plugin](https://github.com/apache/maven-surefire) from 2.19.1 to 2.22.2.
- [Release notes](https://github.com/apache/maven-surefire/releases)
- [Commits](https://github.com/apache/maven-surefire/compare/surefire-2.19.1...surefire-2.22.2)

---
updated-dependencies:
- dependency-name: org.apache.maven.plugins:maven-surefire-plugin
  dependency-type: direct:production
  update-type: version-update:semver-minor
...

Signed-off-by: dependabot[bot] <support@github.com>

* Bump junit from 4.13.1 to 4.13.2

Bumps [junit](https://github.com/junit-team/junit4) from 4.13.1 to 4.13.2.
- [Release notes](https://github.com/junit-team/junit4/releases)
- [Changelog](https://github.com/junit-team/junit4/blob/main/doc/ReleaseNotes4.13.1.md)
- [Commits](https://github.com/junit-team/junit4/compare/r4.13.1...r4.13.2)

---
updated-dependencies:
- dependency-name: junit:junit
  dependency-type: direct:production
  update-type: version-update:semver-patch
...

Signed-off-by: dependabot[bot] <support@github.com>

* Bump commons-collections4 from 4.2 to 4.4

Bumps commons-collections4 from 4.2 to 4.4.

---
updated-dependencies:
- dependency-name: org.apache.commons:commons-collections4
  dependency-type: direct:production
  update-type: version-update:semver-minor
...

Signed-off-by: dependabot[bot] <support@github.com>

* Bump aws-java-sdk.version from 1.12.125 to 1.12.130

Bumps `aws-java-sdk.version` from 1.12.125 to 1.12.130.

Updates `aws-java-sdk-core` from 1.12.125 to 1.12.130
- [Release notes](https://github.com/aws/aws-sdk-java/releases)
- [Changelog](https://github.com/aws/aws-sdk-java/blob/master/CHANGELOG.md)
- [Commits](https://github.com/aws/aws-sdk-java/compare/1.12.125...1.12.130)

Updates `aws-java-sdk-sts` from 1.12.125 to 1.12.130
- [Release notes](https://github.com/aws/aws-sdk-java/releases)
- [Changelog](https://github.com/aws/aws-sdk-java/blob/master/CHANGELOG.md)
- [Commits](https://github.com/aws/aws-sdk-java/compare/1.12.125...1.12.130)

---
updated-dependencies:
- dependency-name: com.amazonaws:aws-java-sdk-core
  dependency-type: direct:production
  update-type: version-update:semver-patch
- dependency-name: com.amazonaws:aws-java-sdk-sts
  dependency-type: direct:production
  update-type: version-update:semver-patch
...

Signed-off-by: dependabot[bot] <support@github.com>

* Bump awssdk.version from 2.17.100 to 2.17.101

Bumps `awssdk.version` from 2.17.100 to 2.17.101.

Updates `kinesis` from 2.17.100 to 2.17.101

Updates `dynamodb` from 2.17.100 to 2.17.101

Updates `cloudwatch` from 2.17.100 to 2.17.101

Updates `netty-nio-client` from 2.17.100 to 2.17.101

Updates `sts` from 2.17.100 to 2.17.101

---
updated-dependencies:
- dependency-name: software.amazon.awssdk:kinesis
  dependency-type: direct:production
  update-type: version-update:semver-patch
- dependency-name: software.amazon.awssdk:dynamodb
  dependency-type: direct:production
  update-type: version-update:semver-patch
- dependency-name: software.amazon.awssdk:cloudwatch
  dependency-type: direct:production
  update-type: version-update:semver-patch
- dependency-name: software.amazon.awssdk:netty-nio-client
  dependency-type: direct:production
  update-type: version-update:semver-patch
- dependency-name: software.amazon.awssdk:sts
  dependency-type: direct:production
  update-type: version-update:semver-patch
...

Signed-off-by: dependabot[bot] <support@github.com>

* Bump commons-io from 2.7 to 2.11.0

Bumps commons-io from 2.7 to 2.11.0.

---
updated-dependencies:
- dependency-name: commons-io:commons-io
  dependency-type: direct:production
  update-type: version-update:semver-minor
...

Signed-off-by: dependabot[bot] <support@github.com>

* Bump slf4j-api from 1.7.25 to 1.7.32

Bumps [slf4j-api](https://github.com/qos-ch/slf4j) from 1.7.25 to 1.7.32.
- [Release notes](https://github.com/qos-ch/slf4j/releases)
- [Commits](https://github.com/qos-ch/slf4j/compare/v_1.7.25...v_1.7.32)

---
updated-dependencies:
- dependency-name: org.slf4j:slf4j-api
  dependency-type: direct:production
  update-type: version-update:semver-patch
...

Signed-off-by: dependabot[bot] <support@github.com>

* Bump maven-failsafe-plugin from 2.19.1 to 2.22.2

Bumps [maven-failsafe-plugin](https://github.com/apache/maven-surefire) from 2.19.1 to 2.22.2.
- [Release notes](https://github.com/apache/maven-surefire/releases)
- [Commits](https://github.com/apache/maven-surefire/compare/surefire-2.19.1...surefire-2.22.2)

---
updated-dependencies:
- dependency-name: org.apache.maven.plugins:maven-failsafe-plugin
  dependency-type: direct:production
  update-type: version-update:semver-minor
...

Signed-off-by: dependabot[bot] <support@github.com>

* Bump jcommander from 1.72 to 1.81

Bumps [jcommander](https://github.com/cbeust/jcommander) from 1.72 to 1.81.
- [Release notes](https://github.com/cbeust/jcommander/releases)
- [Changelog](https://github.com/cbeust/jcommander/blob/master/CHANGELOG.md)
- [Commits](https://github.com/cbeust/jcommander/commits/1.81)

---
updated-dependencies:
- dependency-name: com.beust:jcommander
  dependency-type: direct:production
  update-type: version-update:semver-minor
...

Signed-off-by: dependabot[bot] <support@github.com>

* Bump commons-lang3 from 3.8.1 to 3.12.0

Bumps commons-lang3 from 3.8.1 to 3.12.0.

---
updated-dependencies:
- dependency-name: org.apache.commons:commons-lang3
  dependency-type: direct:production
  update-type: version-update:semver-minor
...

Signed-off-by: dependabot[bot] <support@github.com>

* Update doclint configuration to accommodate 3.x version of maven-javadoc-plugin

Co-authored-by: dependabot[bot] <49699333+dependabot[bot]@users.noreply.github.com>
Co-authored-by: Yu Zeng <yuzen@amazon.com>"
baayso/commons,https://github.com/baayso/commons,2026-08-14T17:21:42.319683+00:00,ok,,,True,2019-09-26T01:29:13Z,https://github.com/baayso/commons/pull/1,1,dependabot,Bump jackson.version from 2.9.9 to 2.10.0.pr3,app/dependabot,repo:baayso/commons is:pr author:app/dependabot created:>=2017-01-01 sort:created-asc | repo:baayso/commons is:pr author:app/dependabot-preview created:>=2017-01-01 sort:created-asc | repo:baayso/commons is:pr author:dependabot[bot] created:>=2017-01-01 sort:created-asc | repo:baayso/commons is:pr author:dependabot-preview[bot] created:>=2017-01-01 sort:created-asc,False,,,,,
basestar/basestar,https://github.com/basestar/basestar,2026-08-14T17:21:48.265680+00:00,ok,,,True,2020-04-05T16:00:46Z,https://github.com/basestar/basestar/pull/1,1,dependabot,Bump jackson.version from 2.9.8 to 2.10.3 in /basestar-bom,app/dependabot,repo:basestar/basestar is:pr author:app/dependabot created:>=2017-01-01 sort:created-asc | repo:basestar/basestar is:pr author:app/dependabot-preview created:>=2017-01-01 sort:created-asc | repo:basestar/basestar is:pr author:dependabot[bot] created:>=2017-01-01 sort:created-asc | repo:basestar/basestar is:pr author:dependabot-preview[bot] created:>=2017-01-01 sort:created-asc,False,,,,,
bcgov/cpf,https://github.com/bcgov/cpf,2026-08-14T17:21:54.524633+00:00,ok,,,True,2020-10-12T22:22:16Z,https://github.com/bcgov/cpf/pull/97,97,dependabot,Bump junit from 4.12 to 4.13.1 in /tests,app/dependabot,repo:bcgov/cpf is:pr author:app/dependabot created:>=2017-01-01 sort:created-asc | repo:bcgov/cpf is:pr author:app/dependabot-preview created:>=2017-01-01 sort:created-asc | repo:bcgov/cpf is:pr author:dependabot[bot] created:>=2017-01-01 sort:created-asc | repo:bcgov/cpf is:pr author:dependabot-preview[bot] created:>=2017-01-01 sort:created-asc,False,,,,,
beangle/beangle3,https://github.com/beangle/beangle3,2026-08-14T17:22:01.661552+00:00,ok,,,True,2021-08-02T16:58:06Z,https://github.com/beangle/beangle3/pull/248,248,dependabot,Bump commons-compress from 1.19 to 1.21 in /ems,app/dependabot,repo:beangle/beangle3 is:pr author:app/dependabot created:>=2017-01-01 sort:created-asc | repo:beangle/beangle3 is:pr author:app/dependabot-preview created:>=2017-01-01 sort:created-asc | repo:beangle/beangle3 is:pr author:dependabot[bot] created:>=2017-01-01 sort:created-asc | repo:beangle/beangle3 is:pr author:dependabot-preview[bot] created:>=2017-01-01 sort:created-asc,False,,,,,
bedrin/kerb4j,https://github.com/bedrin/kerb4j,2026-08-14T17:22:08.964063+00:00,ok,,,True,2026-05-18T21:15:53Z,https://github.com/bedrin/kerb4j/pull/80,80,dependabot,ci(deps): bump the github-actions group with 3 updates,app/dependabot,repo:bedrin/kerb4j is:pr author:app/dependabot created:>=2017-01-01 sort:created-asc | repo:bedrin/kerb4j is:pr author:app/dependabot-preview created:>=2017-01-01 sort:created-asc | repo:bedrin/kerb4j is:pr author:dependabot[bot] created:>=2017-01-01 sort:created-asc | repo:bedrin/kerb4j is:pr author:dependabot-preview[bot] created:>=2017-01-01 sort:created-asc,True,.github/dependabot.yml,2026-05-18T21:01:40Z,e5c8dccd061c06d5fe47827eb8897521aed34068,https://github.com/bedrin/kerb4j/commit/e5c8dccd061c06d5fe47827eb8897521aed34068,"Configure Dependabot for Maven and GitHub Actions

Added Maven and GitHub Actions package ecosystems with update schedules and configurations."
benas/easy-batch,https://github.com/benas/easy-batch,2026-08-14T17:22:15.810530+00:00,ok,,,False,,,,,,,repo:benas/easy-batch is:pr author:app/dependabot created:>=2017-01-01 sort:created-asc | repo:benas/easy-batch is:pr author:app/dependabot-preview created:>=2017-01-01 sort:created-asc | repo:benas/easy-batch is:pr author:dependabot[bot] created:>=2017-01-01 sort:created-asc | repo:benas/easy-batch is:pr author:dependabot-preview[bot] created:>=2017-01-01 sort:created-asc,False,,,,,
binfalse/ModelCrawler,https://github.com/binfalse/ModelCrawler,2026-08-14T17:22:24.592766+00:00,ok,,,False,,,,,,,repo:binfalse/ModelCrawler is:pr author:app/dependabot created:>=2017-01-01 sort:created-asc | repo:binfalse/ModelCrawler is:pr author:app/dependabot-preview created:>=2017-01-01 sort:created-asc | repo:binfalse/ModelCrawler is:pr author:dependabot[bot] created:>=2017-01-01 sort:created-asc | repo:binfalse/ModelCrawler is:pr author:dependabot-preview[bot] created:>=2017-01-01 sort:created-asc,False,,,,,
bitblit/wrench,https://github.com/bitblit/wrench,2026-08-14T17:22:30.254641+00:00,ok,,,False,,,,,,,repo:bitblit/wrench is:pr author:app/dependabot created:>=2017-01-01 sort:created-asc | repo:bitblit/wrench is:pr author:app/dependabot-preview created:>=2017-01-01 sort:created-asc | repo:bitblit/wrench is:pr author:dependabot[bot] created:>=2017-01-01 sort:created-asc | repo:bitblit/wrench is:pr author:dependabot-preview[bot] created:>=2017-01-01 sort:created-asc,False,,,,,
bjuvensjo/rsimulator,https://github.com/bjuvensjo/rsimulator,2026-08-14T17:22:36.075976+00:00,ok,,,True,2019-12-14T08:45:03Z,https://github.com/bjuvensjo/rsimulator/pull/6,6,dependabot,Bump xstream from 1.4.10 to 1.4.10-java7 in /rsimulator-pom-parent,app/dependabot,repo:bjuvensjo/rsimulator is:pr author:app/dependabot created:>=2017-01-01 sort:created-asc | repo:bjuvensjo/rsimulator is:pr author:app/dependabot-preview created:>=2017-01-01 sort:created-asc | repo:bjuvensjo/rsimulator is:pr author:dependabot[bot] created:>=2017-01-01 sort:created-asc | repo:bjuvensjo/rsimulator is:pr author:dependabot-preview[bot] created:>=2017-01-01 sort:created-asc,False,,,,,
bld-commons/dev-excel,https://github.com/bld-commons/dev-excel,2026-08-14T17:22:44.610949+00:00,ok,,,True,2021-08-02T17:18:06Z,https://github.com/bld-commons/dev-excel/pull/2,2,dependabot,Bump commons-compress from 1.20 to 1.21,app/dependabot,repo:bld-commons/dev-excel is:pr author:app/dependabot created:>=2017-01-01 sort:created-asc | repo:bld-commons/dev-excel is:pr author:app/dependabot-preview created:>=2017-01-01 sort:created-asc | repo:bld-commons/dev-excel is:pr author:dependabot[bot] created:>=2017-01-01 sort:created-asc | repo:bld-commons/dev-excel is:pr author:dependabot-preview[bot] created:>=2017-01-01 sort:created-asc,False,,,,,
blinkfox/jpack-maven-plugin,https://github.com/blinkfox/jpack-maven-plugin,2026-08-14T17:22:49.895933+00:00,ok,,,True,2020-10-13T13:03:46Z,https://github.com/blinkfox/jpack-maven-plugin/pull/7,7,dependabot,Bump junit from 4.12 to 4.13.1,app/dependabot,repo:blinkfox/jpack-maven-plugin is:pr author:app/dependabot created:>=2017-01-01 sort:created-asc | repo:blinkfox/jpack-maven-plugin is:pr author:app/dependabot-preview created:>=2017-01-01 sort:created-asc | repo:blinkfox/jpack-maven-plugin is:pr author:dependabot[bot] created:>=2017-01-01 sort:created-asc | repo:blinkfox/jpack-maven-plugin is:pr author:dependabot-preview[bot] created:>=2017-01-01 sort:created-asc,False,,,,,
blossom-project/blossom,https://github.com/blossom-project/blossom,2026-08-14T17:22:57.193403+00:00,ok,,,True,2021-03-18T19:43:20Z,https://github.com/blossom-project/blossom/pull/237,237,dependabot,Bump elasticsearch from 2.4.6 to 6.8.13 in /blossom-parent,app/dependabot,repo:blossom-project/blossom is:pr author:app/dependabot created:>=2017-01-01 sort:created-asc | repo:blossom-project/blossom is:pr author:app/dependabot-preview created:>=2017-01-01 sort:created-asc | repo:blossom-project/blossom is:pr author:dependabot[bot] created:>=2017-01-01 sort:created-asc | repo:blossom-project/blossom is:pr author:dependabot-preview[bot] created:>=2017-01-01 sort:created-asc,False,,,,,
bonigarcia/selenium-jupiter,https://github.com/bonigarcia/selenium-jupiter,2026-08-14T17:23:05.403520+00:00,ok,,,True,2021-01-31T09:35:01Z,https://github.com/bonigarcia/selenium-jupiter/pull/98,98,dependabot,Bump okhttp from 3.14.2 to 4.9.1,app/dependabot,repo:bonigarcia/selenium-jupiter is:pr author:app/dependabot created:>=2017-01-01 sort:created-asc | repo:bonigarcia/selenium-jupiter is:pr author:app/dependabot-preview created:>=2017-01-01 sort:created-asc | repo:bonigarcia/selenium-jupiter is:pr author:dependabot[bot] created:>=2017-01-01 sort:created-asc | repo:bonigarcia/selenium-jupiter is:pr author:dependabot-preview[bot] created:>=2017-01-01 sort:created-asc,True,.github/dependabot.yml,2021-01-31T09:34:35Z,ca2d079f8f3cd0efb09027683a6fea541d3a5987,https://github.com/bonigarcia/selenium-jupiter/commit/ca2d079f8f3cd0efb09027683a6fea541d3a5987,Include dependabot config
bonitasoft/bonita-engine,https://github.com/bonitasoft/bonita-engine,2026-08-14T17:23:12.920224+00:00,ok,,,False,,,,,,,repo:bonitasoft/bonita-engine is:pr author:app/dependabot created:>=2017-01-01 sort:created-asc | repo:bonitasoft/bonita-engine is:pr author:app/dependabot-preview created:>=2017-01-01 sort:created-asc | repo:bonitasoft/bonita-engine is:pr author:dependabot[bot] created:>=2017-01-01 sort:created-asc | repo:bonitasoft/bonita-engine is:pr author:dependabot-preview[bot] created:>=2017-01-01 sort:created-asc,False,,,,,
bootique/bootique-shiro,https://github.com/bootique/bootique-shiro,2026-08-14T17:23:20.261794+00:00,ok,,,True,2020-02-04T23:29:11Z,https://github.com/bootique/bootique-shiro/pull/21,21,dependabot,Bump shiro.version from 1.4.0 to 1.5.0,app/dependabot,repo:bootique/bootique-shiro is:pr author:app/dependabot created:>=2017-01-01 sort:created-asc | repo:bootique/bootique-shiro is:pr author:app/dependabot-preview created:>=2017-01-01 sort:created-asc | repo:bootique/bootique-shiro is:pr author:dependabot[bot] created:>=2017-01-01 sort:created-asc | repo:bootique/bootique-shiro is:pr author:dependabot-preview[bot] created:>=2017-01-01 sort:created-asc,False,,,,,
borball/weixin-sdk,https://github.com/borball/weixin-sdk,2026-08-14T17:23:26.607925+00:00,ok,,,True,2019-10-30T07:14:44Z,https://github.com/borball/weixin-sdk/pull/88,88,dependabot,Bump jackson.version from 2.9.0 to 2.10.0 in /weixin-parent,app/dependabot,repo:borball/weixin-sdk is:pr author:app/dependabot created:>=2017-01-01 sort:created-asc | repo:borball/weixin-sdk is:pr author:app/dependabot-preview created:>=2017-01-01 sort:created-asc | repo:borball/weixin-sdk is:pr author:dependabot[bot] created:>=2017-01-01 sort:created-asc | repo:borball/weixin-sdk is:pr author:dependabot-preview[bot] created:>=2017-01-01 sort:created-asc,False,,,,,
bsorrentino/maven-confluence-plugin,https://github.com/bsorrentino/maven-confluence-plugin,2026-08-14T17:23:32.555699+00:00,ok,,,True,2020-03-04T22:04:48Z,https://github.com/bsorrentino/maven-confluence-plugin/pull/211,211,dependabot,Bump jackson-databind from 2.9.10.1 to 2.9.10.3 in /maven-confluence-core,app/dependabot,repo:bsorrentino/maven-confluence-plugin is:pr author:app/dependabot created:>=2017-01-01 sort:created-asc | repo:bsorrentino/maven-confluence-plugin is:pr author:app/dependabot-preview created:>=2017-01-01 sort:created-asc | repo:bsorrentino/maven-confluence-plugin is:pr author:dependabot[bot] created:>=2017-01-01 sort:created-asc | repo:bsorrentino/maven-confluence-plugin is:pr author:dependabot-preview[bot] created:>=2017-01-01 sort:created-asc,False,,,,,
btc-ag/redg,https://github.com/btc-ag/redg,2026-08-14T17:23:38.111537+00:00,ok,,,False,,,,,,,repo:btc-ag/redg is:pr author:app/dependabot created:>=2017-01-01 sort:created-asc | repo:btc-ag/redg is:pr author:app/dependabot-preview created:>=2017-01-01 sort:created-asc | repo:btc-ag/redg is:pr author:dependabot[bot] created:>=2017-01-01 sort:created-asc | repo:btc-ag/redg is:pr author:dependabot-preview[bot] created:>=2017-01-01 sort:created-asc,False,,,,,
btheu/estivate,https://github.com/btheu/estivate,2026-08-14T17:23:45.141880+00:00,ok,,,True,2020-10-12T18:09:47Z,https://github.com/btheu/estivate/pull/1,1,dependabot,build(deps-dev): bump junit from 4.13 to 4.13.1,app/dependabot,repo:btheu/estivate is:pr author:app/dependabot created:>=2017-01-01 sort:created-asc | repo:btheu/estivate is:pr author:app/dependabot-preview created:>=2017-01-01 sort:created-asc | repo:btheu/estivate is:pr author:dependabot[bot] created:>=2017-01-01 sort:created-asc | repo:btheu/estivate is:pr author:dependabot-preview[bot] created:>=2017-01-01 sort:created-asc,False,,,,,
btrplace/scheduler,https://github.com/btrplace/scheduler,2026-08-14T17:23:52.453849+00:00,ok,,,True,2019-10-04T13:40:42Z,https://github.com/btrplace/scheduler/pull/180,180,dependabot-preview,Bump choco-solver from 4.0.6 to 4.10.1,app/dependabot-preview,repo:btrplace/scheduler is:pr author:app/dependabot created:>=2017-01-01 sort:created-asc | repo:btrplace/scheduler is:pr author:app/dependabot-preview created:>=2017-01-01 sort:created-asc | repo:btrplace/scheduler is:pr author:dependabot[bot] created:>=2017-01-01 sort:created-asc | repo:btrplace/scheduler is:pr author:dependabot-preview[bot] created:>=2017-01-01 sort:created-asc,True,.github/dependabot.yml,2020-09-09T13:29:00Z,81e1f0a9b3f4613567108e304b304e9da3639206,https://github.com/btrplace/scheduler/commit/81e1f0a9b3f4613567108e304b304e9da3639206,"Create dependabot.yml

Simple dependabot file"
bujiio/buji-pac4j,https://github.com/bujiio/buji-pac4j,2026-08-14T17:23:58.838230+00:00,ok,,,True,2025-01-31T17:35:28Z,https://github.com/bujiio/buji-pac4j/pull/310,310,dependabot,Bump net.sourceforge.pmd:pmd-core from 6.55.0 to 7.10.0,app/dependabot,repo:bujiio/buji-pac4j is:pr author:app/dependabot created:>=2017-01-01 sort:created-asc | repo:bujiio/buji-pac4j is:pr author:app/dependabot-preview created:>=2017-01-01 sort:created-asc | repo:bujiio/buji-pac4j is:pr author:dependabot[bot] created:>=2017-01-01 sort:created-asc | repo:bujiio/buji-pac4j is:pr author:dependabot-preview[bot] created:>=2017-01-01 sort:created-asc,False,,,,,
caelum/vraptor4,https://github.com/caelum/vraptor4,2026-08-14T17:24:05.194310+00:00,ok,,,True,2019-11-01T12:25:51Z,https://github.com/caelum/vraptor4/pull/1145,1145,dependabot,Bump nokogiri from 1.6.3.1 to 1.6.8.1 in /vraptor-site,app/dependabot,repo:caelum/vraptor4 is:pr author:app/dependabot created:>=2017-01-01 sort:created-asc | repo:caelum/vraptor4 is:pr author:app/dependabot-preview created:>=2017-01-01 sort:created-asc | repo:caelum/vraptor4 is:pr author:dependabot[bot] created:>=2017-01-01 sort:created-asc | repo:caelum/vraptor4 is:pr author:dependabot-preview[bot] created:>=2017-01-01 sort:created-asc,False,,,,,
camel-extra/camel-extra,https://github.com/camel-extra/camel-extra,2026-08-14T17:24:11.745382+00:00,ok,,,True,2021-04-26T17:23:44Z,https://github.com/camel-extra/camel-extra/pull/31,31,dependabot,Bump commons-io from 2.4 to 2.7 in /examples/camel-example-rcode,app/dependabot,repo:camel-extra/camel-extra is:pr author:app/dependabot created:>=2017-01-01 sort:created-asc | repo:camel-extra/camel-extra is:pr author:app/dependabot-preview created:>=2017-01-01 sort:created-asc | repo:camel-extra/camel-extra is:pr author:dependabot[bot] created:>=2017-01-01 sort:created-asc | repo:camel-extra/camel-extra is:pr author:dependabot-preview[bot] created:>=2017-01-01 sort:created-asc,False,,,,,
camunda-community-hub/zeebe-exporter-protobuf,https://github.com/camunda-community-hub/zeebe-exporter-protobuf,2026-08-14T17:24:17.516761+00:00,ok,,,True,2019-11-21T10:31:06Z,https://github.com/camunda-community-hub/zeebe-exporter-protobuf/pull/6,6,dependabot-preview,chore(deps): bump fmt-maven-plugin from 2.6.0 to 2.9,app/dependabot-preview,repo:camunda-community-hub/zeebe-exporter-protobuf is:pr author:app/dependabot created:>=2017-01-01 sort:created-asc | repo:camunda-community-hub/zeebe-exporter-protobuf is:pr author:app/dependabot-preview created:>=2017-01-01 sort:created-asc | repo:camunda-community-hub/zeebe-exporter-protobuf is:pr author:dependabot[bot] created:>=2017-01-01 sort:created-asc | repo:camunda-community-hub/zeebe-exporter-protobuf is:pr author:dependabot-preview[bot] created:>=2017-01-01 sort:created-asc,True,.github/dependabot.yml,2021-05-11T04:48:36Z,e911bb6e0d372c597d3e22c451ec722b8e78e060,https://github.com/camunda-community-hub/zeebe-exporter-protobuf/commit/e911bb6e0d372c597d3e22c451ec722b8e78e060,ci(github): enable dependabot
carewebframework/carewebframework-core,https://github.com/carewebframework/carewebframework-core,2026-08-14T17:24:24.619874+00:00,ok,,,False,,,,,,,repo:carewebframework/carewebframework-core is:pr author:app/dependabot created:>=2017-01-01 sort:created-asc | repo:carewebframework/carewebframework-core is:pr author:app/dependabot-preview created:>=2017-01-01 sort:created-asc | repo:carewebframework/carewebframework-core is:pr author:dependabot[bot] created:>=2017-01-01 sort:created-asc | repo:carewebframework/carewebframework-core is:pr author:dependabot-preview[bot] created:>=2017-01-01 sort:created-asc,False,,,,,
carrot2/elasticsearch-carrot2,https://github.com/carrot2/elasticsearch-carrot2,2026-08-14T17:24:30.526024+00:00,ok,,,False,,,,,,,repo:carrot2/elasticsearch-carrot2 is:pr author:app/dependabot created:>=2017-01-01 sort:created-asc | repo:carrot2/elasticsearch-carrot2 is:pr author:app/dependabot-preview created:>=2017-01-01 sort:created-asc | repo:carrot2/elasticsearch-carrot2 is:pr author:dependabot[bot] created:>=2017-01-01 sort:created-asc | repo:carrot2/elasticsearch-carrot2 is:pr author:dependabot-preview[bot] created:>=2017-01-01 sort:created-asc,False,,,,,
caskdata/cdap,https://github.com/caskdata/cdap,2026-08-14T17:24:36.128856+00:00,ok,,,False,,,,,,,repo:caskdata/cdap is:pr author:app/dependabot created:>=2017-01-01 sort:created-asc | repo:caskdata/cdap is:pr author:app/dependabot-preview created:>=2017-01-01 sort:created-asc | repo:caskdata/cdap is:pr author:dependabot[bot] created:>=2017-01-01 sort:created-asc | repo:caskdata/cdap is:pr author:dependabot-preview[bot] created:>=2017-01-01 sort:created-asc,False,,,,,
cassandre-tech/cassandre-trading-bot,https://github.com/cassandre-tech/cassandre-trading-bot,2026-08-14T17:24:44.747864+00:00,ok,,,True,2020-02-17T07:57:56Z,https://github.com/cassandre-tech/cassandre-trading-bot/pull/11,11,dependabot-preview,Bump maven-checkstyle-plugin from 3.1.0 to 3.1.1,app/dependabot-preview,repo:cassandre-tech/cassandre-trading-bot is:pr author:app/dependabot created:>=2017-01-01 sort:created-asc | repo:cassandre-tech/cassandre-trading-bot is:pr author:app/dependabot-preview created:>=2017-01-01 sort:created-asc | repo:cassandre-tech/cassandre-trading-bot is:pr author:dependabot[bot] created:>=2017-01-01 sort:created-asc | repo:cassandre-tech/cassandre-trading-bot is:pr author:dependabot-preview[bot] created:>=2017-01-01 sort:created-asc,True,.github/dependabot.yml,2021-01-26T12:40:01Z,6022c63e5a097dcbefdff76e72a55611a4c770e5,https://github.com/cassandre-tech/cassandre-trading-bot/commit/6022c63e5a097dcbefdff76e72a55611a4c770e5,Create Dependabot config file
cerner/beadledom,https://github.com/cerner/beadledom,2026-08-14T17:24:50.957640+00:00,ok,,,True,2019-08-01T20:00:33Z,https://github.com/cerner/beadledom/pull/150,150,dependabot,Bump jackson.version from 2.9.9 to 2.10.0.pr1,app/dependabot,repo:cerner/beadledom is:pr author:app/dependabot created:>=2017-01-01 sort:created-asc | repo:cerner/beadledom is:pr author:app/dependabot-preview created:>=2017-01-01 sort:created-asc | repo:cerner/beadledom is:pr author:dependabot[bot] created:>=2017-01-01 sort:created-asc | repo:cerner/beadledom is:pr author:dependabot-preview[bot] created:>=2017-01-01 sort:created-asc,False,,,,,
chainsql/java-chainsql-api,https://github.com/chainsql/java-chainsql-api,2026-08-14T17:24:56.728187+00:00,ok,,,True,2020-05-08T18:55:44Z,https://github.com/ChainSQL/java-chainsql-api/pull/13,13,dependabot,Bump Java-WebSocket from 1.3.4 to 1.5.0,app/dependabot,repo:chainsql/java-chainsql-api is:pr author:app/dependabot created:>=2017-01-01 sort:created-asc | repo:chainsql/java-chainsql-api is:pr author:app/dependabot-preview created:>=2017-01-01 sort:created-asc | repo:chainsql/java-chainsql-api is:pr author:dependabot[bot] created:>=2017-01-01 sort:created-asc | repo:chainsql/java-chainsql-api is:pr author:dependabot-preview[bot] created:>=2017-01-01 sort:created-asc,False,,,,,
charithe/kafka-junit,https://github.com/charithe/kafka-junit,2026-08-14T17:25:02.827151+00:00,ok,,,True,2020-10-12T18:45:33Z,https://github.com/charithe/kafka-junit/pull/57,57,dependabot,Bump junit from 4.13 to 4.13.1,app/dependabot,repo:charithe/kafka-junit is:pr author:app/dependabot created:>=2017-01-01 sort:created-asc | repo:charithe/kafka-junit is:pr author:app/dependabot-preview created:>=2017-01-01 sort:created-asc | repo:charithe/kafka-junit is:pr author:dependabot[bot] created:>=2017-01-01 sort:created-asc | repo:charithe/kafka-junit is:pr author:dependabot-preview[bot] created:>=2017-01-01 sort:created-asc,False,,,,,
chelu/jdal,https://github.com/chelu/jdal,2026-08-14T17:25:08.797714+00:00,ok,,,False,,,,,,,repo:chelu/jdal is:pr author:app/dependabot created:>=2017-01-01 sort:created-asc | repo:chelu/jdal is:pr author:app/dependabot-preview created:>=2017-01-01 sort:created-asc | repo:chelu/jdal is:pr author:dependabot[bot] created:>=2017-01-01 sort:created-asc | repo:chelu/jdal is:pr author:dependabot-preview[bot] created:>=2017-01-01 sort:created-asc,False,,,,,
cheny2151/toolbox,https://github.com/cheny2151/toolbox,2026-08-14T17:25:16.172165+00:00,ok,,,True,2020-08-20T08:19:49Z,https://github.com/cheny2151/toolbox/pull/1,1,dependabot,Bump jackson-databind from 2.9.10.1 to 2.9.10.5,app/dependabot,repo:cheny2151/toolbox is:pr author:app/dependabot created:>=2017-01-01 sort:created-asc | repo:cheny2151/toolbox is:pr author:app/dependabot-preview created:>=2017-01-01 sort:created-asc | repo:cheny2151/toolbox is:pr author:dependabot[bot] created:>=2017-01-01 sort:created-asc | repo:cheny2151/toolbox is:pr author:dependabot-preview[bot] created:>=2017-01-01 sort:created-asc,False,,,,,
chhorz/oas-generator,https://github.com/chhorz/oas-generator,2026-08-14T17:25:22.231267+00:00,ok,,,True,2019-11-13T08:04:30Z,https://github.com/chhorz/oas-generator/pull/4,4,dependabot,Bump jackson-databind from 2.9.10 to 2.9.10.1,app/dependabot,repo:chhorz/oas-generator is:pr author:app/dependabot created:>=2017-01-01 sort:created-asc | repo:chhorz/oas-generator is:pr author:app/dependabot-preview created:>=2017-01-01 sort:created-asc | repo:chhorz/oas-generator is:pr author:dependabot[bot] created:>=2017-01-01 sort:created-asc | repo:chhorz/oas-generator is:pr author:dependabot-preview[bot] created:>=2017-01-01 sort:created-asc,True,.github/dependabot.yml,2020-06-25T18:27:11Z,3aa0a7bb7b2580a7fae084d3ec4dc67ead78cf6b,https://github.com/chhorz/oas-generator/commit/3aa0a7bb7b2580a7fae084d3ec4dc67ead78cf6b,Added dependabot configuration file
chilloutdevelopment/pl.chilldev.commons,https://github.com/chilloutdevelopment/pl.chilldev.commons,2026-08-14T17:25:28.710570+00:00,ok,,,False,,,,,,,repo:chilloutdevelopment/pl.chilldev.commons is:pr author:app/dependabot created:>=2017-01-01 sort:created-asc | repo:chilloutdevelopment/pl.chilldev.commons is:pr author:app/dependabot-preview created:>=2017-01-01 sort:created-asc | repo:chilloutdevelopment/pl.chilldev.commons is:pr author:dependabot[bot] created:>=2017-01-01 sort:created-asc | repo:chilloutdevelopment/pl.chilldev.commons is:pr author:dependabot-preview[bot] created:>=2017-01-01 sort:created-asc,True,.github/dependabot.yml,2023-07-17T14:54:50Z,169a02b946f635c3e5ac2a09d5d22aedd9d34be9,https://github.com/rafalwrzeszcz-wrzasqpl/pl.wrzasq.commons/commit/169a02b946f635c3e5ac2a09d5d22aedd9d34be9,DynamoDB generic DAO object.
christian-schlichtherle/truelicense,https://github.com/christian-schlichtherle/truelicense,2026-08-14T17:25:37.393102+00:00,ok,,,True,2019-11-13T01:24:39Z,https://github.com/christian-schlichtherle/truelicense/pull/4,4,dependabot,Bump jackson-databind from 2.9.9.2 to 2.9.10.1,app/dependabot,repo:christian-schlichtherle/truelicense is:pr author:app/dependabot created:>=2017-01-01 sort:created-asc | repo:christian-schlichtherle/truelicense is:pr author:app/dependabot-preview created:>=2017-01-01 sort:created-asc | repo:christian-schlichtherle/truelicense is:pr author:dependabot[bot] created:>=2017-01-01 sort:created-asc | repo:christian-schlichtherle/truelicense is:pr author:dependabot-preview[bot] created:>=2017-01-01 sort:created-asc,False,,,,,
citrusframework/citrus,https://github.com/citrusframework/citrus,2026-08-14T17:25:43.025318+00:00,ok,,,True,2019-05-29T18:26:58Z,https://github.com/citrusframework/citrus/pull/660,660,dependabot,Bump apache.camel.version from 2.23.2 to 2.24.0,app/dependabot,repo:citrusframework/citrus is:pr author:app/dependabot created:>=2017-01-01 sort:created-asc | repo:citrusframework/citrus is:pr author:app/dependabot-preview created:>=2017-01-01 sort:created-asc | repo:citrusframework/citrus is:pr author:dependabot[bot] created:>=2017-01-01 sort:created-asc | repo:citrusframework/citrus is:pr author:dependabot-preview[bot] created:>=2017-01-01 sort:created-asc,False,,,,,
claudius108/kuberam-expath-plugin,https://github.com/claudius108/kuberam-expath-plugin,2026-08-14T17:25:49.854146+00:00,ok,,,True,2020-10-13T05:59:01Z,https://github.com/claudius108/kuberam-expath-plugin/pull/20,20,dependabot,Bump junit from 4.12 to 4.13.1,app/dependabot,repo:claudius108/kuberam-expath-plugin is:pr author:app/dependabot created:>=2017-01-01 sort:created-asc | repo:claudius108/kuberam-expath-plugin is:pr author:app/dependabot-preview created:>=2017-01-01 sort:created-asc | repo:claudius108/kuberam-expath-plugin is:pr author:dependabot[bot] created:>=2017-01-01 sort:created-asc | repo:claudius108/kuberam-expath-plugin is:pr author:dependabot-preview[bot] created:>=2017-01-01 sort:created-asc,False,,,,,
cloud-of-things/cot-java-rest-sdk,https://github.com/cloud-of-things/cot-java-rest-sdk,2026-08-14T17:25:56.202397+00:00,ok,,,False,,,,,,,repo:cloud-of-things/cot-java-rest-sdk is:pr author:app/dependabot created:>=2017-01-01 sort:created-asc | repo:cloud-of-things/cot-java-rest-sdk is:pr author:app/dependabot-preview created:>=2017-01-01 sort:created-asc | repo:cloud-of-things/cot-java-rest-sdk is:pr author:dependabot[bot] created:>=2017-01-01 sort:created-asc | repo:cloud-of-things/cot-java-rest-sdk is:pr author:dependabot-preview[bot] created:>=2017-01-01 sort:created-asc,False,,,,,
cloudfoundry/cf-java-client,https://github.com/cloudfoundry/cf-java-client,2026-08-14T17:26:01.851961+00:00,ok,,,True,2021-08-02T16:59:00Z,https://github.com/cloudfoundry/cf-java-client/pull/1110,1110,dependabot,Bump commons-compress from 1.20 to 1.21,app/dependabot,repo:cloudfoundry/cf-java-client is:pr author:app/dependabot created:>=2017-01-01 sort:created-asc | repo:cloudfoundry/cf-java-client is:pr author:app/dependabot-preview created:>=2017-01-01 sort:created-asc | repo:cloudfoundry/cf-java-client is:pr author:dependabot[bot] created:>=2017-01-01 sort:created-asc | repo:cloudfoundry/cf-java-client is:pr author:dependabot-preview[bot] created:>=2017-01-01 sort:created-asc,False,,,,,
cmake-maven-project/cmake-maven-project,https://github.com/cmake-maven-project/cmake-maven-project,2026-08-14T17:26:08.597612+00:00,ok,,,False,,,,,,,repo:cmake-maven-project/cmake-maven-project is:pr author:app/dependabot created:>=2017-01-01 sort:created-asc | repo:cmake-maven-project/cmake-maven-project is:pr author:app/dependabot-preview created:>=2017-01-01 sort:created-asc | repo:cmake-maven-project/cmake-maven-project is:pr author:dependabot[bot] created:>=2017-01-01 sort:created-asc | repo:cmake-maven-project/cmake-maven-project is:pr author:dependabot-preview[bot] created:>=2017-01-01 sort:created-asc,False,,,,,
codahale/xsalsa20poly1305,https://github.com/codahale/xsalsa20poly1305,2026-08-14T17:26:16.224413+00:00,ok,,,False,,,,,,,repo:codahale/xsalsa20poly1305 is:pr author:app/dependabot created:>=2017-01-01 sort:created-asc | repo:codahale/xsalsa20poly1305 is:pr author:app/dependabot-preview created:>=2017-01-01 sort:created-asc | repo:codahale/xsalsa20poly1305 is:pr author:dependabot[bot] created:>=2017-01-01 sort:created-asc | repo:codahale/xsalsa20poly1305 is:pr author:dependabot-preview[bot] created:>=2017-01-01 sort:created-asc,False,,,,,
code4craft/xsoup,https://github.com/code4craft/xsoup,2026-08-14T17:26:23.072815+00:00,ok,,,True,2020-10-13T08:36:20Z,https://github.com/code4craft/xsoup/pull/50,50,dependabot,Bump junit from 4.7 to 4.13.1,app/dependabot,repo:code4craft/xsoup is:pr author:app/dependabot created:>=2017-01-01 sort:created-asc | repo:code4craft/xsoup is:pr author:app/dependabot-preview created:>=2017-01-01 sort:created-asc | repo:code4craft/xsoup is:pr author:dependabot[bot] created:>=2017-01-01 sort:created-asc | repo:code4craft/xsoup is:pr author:dependabot-preview[bot] created:>=2017-01-01 sort:created-asc,False,,,,,
codelibs/elasticsearch-analysis-extension,https://github.com/codelibs/elasticsearch-analysis-extension,2026-08-14T17:26:28.588123+00:00,ok,,,True,2020-10-12T22:35:42Z,https://github.com/codelibs/elasticsearch-analysis-extension/pull/3,3,dependabot,Bump junit from 4.12 to 4.13.1,app/dependabot,repo:codelibs/elasticsearch-analysis-extension is:pr author:app/dependabot created:>=2017-01-01 sort:created-asc | repo:codelibs/elasticsearch-analysis-extension is:pr author:app/dependabot-preview created:>=2017-01-01 sort:created-asc | repo:codelibs/elasticsearch-analysis-extension is:pr author:dependabot[bot] created:>=2017-01-01 sort:created-asc | repo:codelibs/elasticsearch-analysis-extension is:pr author:dependabot-preview[bot] created:>=2017-01-01 sort:created-asc,False,,,,,
codelibs/elasticsearch-analysis-fess,https://github.com/codelibs/elasticsearch-analysis-fess,2026-08-14T17:26:34.830781+00:00,ok,,,True,2020-10-12T21:24:21Z,https://github.com/codelibs/elasticsearch-analysis-fess/pull/3,3,dependabot,Bump junit from 4.12 to 4.13.1,app/dependabot,repo:codelibs/elasticsearch-analysis-fess is:pr author:app/dependabot created:>=2017-01-01 sort:created-asc | repo:codelibs/elasticsearch-analysis-fess is:pr author:app/dependabot-preview created:>=2017-01-01 sort:created-asc | repo:codelibs/elasticsearch-analysis-fess is:pr author:dependabot[bot] created:>=2017-01-01 sort:created-asc | repo:codelibs/elasticsearch-analysis-fess is:pr author:dependabot-preview[bot] created:>=2017-01-01 sort:created-asc,False,,,,,
codelibs/elasticsearch-analysis-ja,https://github.com/codelibs/elasticsearch-analysis-ja,2026-08-14T17:26:43.180987+00:00,ok,,,True,2020-10-13T09:52:33Z,https://github.com/codelibs/elasticsearch-analysis-ja/pull/5,5,dependabot,Bump junit from 4.12 to 4.13.1,app/dependabot,repo:codelibs/elasticsearch-analysis-ja is:pr author:app/dependabot created:>=2017-01-01 sort:created-asc | repo:codelibs/elasticsearch-analysis-ja is:pr author:app/dependabot-preview created:>=2017-01-01 sort:created-asc | repo:codelibs/elasticsearch-analysis-ja is:pr author:dependabot[bot] created:>=2017-01-01 sort:created-asc | repo:codelibs/elasticsearch-analysis-ja is:pr author:dependabot-preview[bot] created:>=2017-01-01 sort:created-asc,False,,,,,
codelibs/elasticsearch-analysis-kuromoji-neologd,https://github.com/codelibs/elasticsearch-analysis-kuromoji-neologd,2026-08-14T17:26:50.819149+00:00,ok,,,False,,,,,,,repo:codelibs/elasticsearch-analysis-kuromoji-neologd is:pr author:app/dependabot created:>=2017-01-01 sort:created-asc | repo:codelibs/elasticsearch-analysis-kuromoji-neologd is:pr author:app/dependabot-preview created:>=2017-01-01 sort:created-asc | repo:codelibs/elasticsearch-analysis-kuromoji-neologd is:pr author:dependabot[bot] created:>=2017-01-01 sort:created-asc | repo:codelibs/elasticsearch-analysis-kuromoji-neologd is:pr author:dependabot-preview[bot] created:>=2017-01-01 sort:created-asc,False,,,,,
codelibs/elasticsearch-cluster-runner,https://github.com/codelibs/elasticsearch-cluster-runner,2026-08-14T17:26:59.930495+00:00,ok,,,True,2020-07-01T18:00:42Z,https://github.com/codelibs/elasticsearch-cluster-runner/pull/35,35,dependabot,Bump log4j.version from 2.11.1 to 2.13.3,app/dependabot,repo:codelibs/elasticsearch-cluster-runner is:pr author:app/dependabot created:>=2017-01-01 sort:created-asc | repo:codelibs/elasticsearch-cluster-runner is:pr author:app/dependabot-preview created:>=2017-01-01 sort:created-asc | repo:codelibs/elasticsearch-cluster-runner is:pr author:dependabot[bot] created:>=2017-01-01 sort:created-asc | repo:codelibs/elasticsearch-cluster-runner is:pr author:dependabot-preview[bot] created:>=2017-01-01 sort:created-asc,False,,,,,
codelibs/elasticsearch-configsync,https://github.com/codelibs/elasticsearch-configsync,2026-08-14T17:27:05.814720+00:00,ok,,,True,2020-10-12T23:14:43Z,https://github.com/codelibs/elasticsearch-configsync/pull/9,9,dependabot,Bump junit from 4.12 to 4.13.1,app/dependabot,repo:codelibs/elasticsearch-configsync is:pr author:app/dependabot created:>=2017-01-01 sort:created-asc | repo:codelibs/elasticsearch-configsync is:pr author:app/dependabot-preview created:>=2017-01-01 sort:created-asc | repo:codelibs/elasticsearch-configsync is:pr author:dependabot[bot] created:>=2017-01-01 sort:created-asc | repo:codelibs/elasticsearch-configsync is:pr author:dependabot-preview[bot] created:>=2017-01-01 sort:created-asc,False,,,,,
codelibs/elasticsearch-dataformat,https://github.com/codelibs/elasticsearch-dataformat,2026-08-14T17:27:11.796745+00:00,ok,,,True,2020-10-12T23:13:53Z,https://github.com/codelibs/elasticsearch-dataformat/pull/59,59,dependabot,Bump junit from 4.12 to 4.13.1,app/dependabot,repo:codelibs/elasticsearch-dataformat is:pr author:app/dependabot created:>=2017-01-01 sort:created-asc | repo:codelibs/elasticsearch-dataformat is:pr author:app/dependabot-preview created:>=2017-01-01 sort:created-asc | repo:codelibs/elasticsearch-dataformat is:pr author:dependabot[bot] created:>=2017-01-01 sort:created-asc | repo:codelibs/elasticsearch-dataformat is:pr author:dependabot-preview[bot] created:>=2017-01-01 sort:created-asc,False,,,,,
codelibs/elasticsearch-dynarank,https://github.com/codelibs/elasticsearch-dynarank,2026-08-14T17:27:18.278897+00:00,ok,,,True,2020-10-13T01:28:10Z,https://github.com/codelibs/elasticsearch-dynarank/pull/28,28,dependabot,Bump junit from 4.11 to 4.13.1,app/dependabot,repo:codelibs/elasticsearch-dynarank is:pr author:app/dependabot created:>=2017-01-01 sort:created-asc | repo:codelibs/elasticsearch-dynarank is:pr author:app/dependabot-preview created:>=2017-01-01 sort:created-asc | repo:codelibs/elasticsearch-dynarank is:pr author:dependabot[bot] created:>=2017-01-01 sort:created-asc | repo:codelibs/elasticsearch-dynarank is:pr author:dependabot-preview[bot] created:>=2017-01-01 sort:created-asc,False,,,,,
codelibs/elasticsearch-lang-velocity,https://github.com/codelibs/elasticsearch-lang-velocity,2026-08-14T17:27:23.830934+00:00,ok,,,True,2020-10-13T03:22:38Z,https://github.com/codelibs/elasticsearch-lang-velocity/pull/4,4,dependabot,Bump junit from 4.12 to 4.13.1,app/dependabot,repo:codelibs/elasticsearch-lang-velocity is:pr author:app/dependabot created:>=2017-01-01 sort:created-asc | repo:codelibs/elasticsearch-lang-velocity is:pr author:app/dependabot-preview created:>=2017-01-01 sort:created-asc | repo:codelibs/elasticsearch-lang-velocity is:pr author:dependabot[bot] created:>=2017-01-01 sort:created-asc | repo:codelibs/elasticsearch-lang-velocity is:pr author:dependabot-preview[bot] created:>=2017-01-01 sort:created-asc,False,,,,,
codelibs/elasticsearch-minhash,https://github.com/codelibs/elasticsearch-minhash,2026-08-14T17:27:29.465458+00:00,ok,,,True,2020-06-15T21:21:15Z,https://github.com/codelibs/elasticsearch-minhash/pull/21,21,dependabot,Bump guava from 24.0-jre to 24.1.1-jre,app/dependabot,repo:codelibs/elasticsearch-minhash is:pr author:app/dependabot created:>=2017-01-01 sort:created-asc | repo:codelibs/elasticsearch-minhash is:pr author:app/dependabot-preview created:>=2017-01-01 sort:created-asc | repo:codelibs/elasticsearch-minhash is:pr author:dependabot[bot] created:>=2017-01-01 sort:created-asc | repo:codelibs/elasticsearch-minhash is:pr author:dependabot-preview[bot] created:>=2017-01-01 sort:created-asc,False,,,,,
codelibs/elasticsearch-solr-api,https://github.com/codelibs/elasticsearch-solr-api,2026-08-14T17:27:36.138800+00:00,ok,,,False,,,,,,,repo:codelibs/elasticsearch-solr-api is:pr author:app/dependabot created:>=2017-01-01 sort:created-asc | repo:codelibs/elasticsearch-solr-api is:pr author:app/dependabot-preview created:>=2017-01-01 sort:created-asc | repo:codelibs/elasticsearch-solr-api is:pr author:dependabot[bot] created:>=2017-01-01 sort:created-asc | repo:codelibs/elasticsearch-solr-api is:pr author:dependabot-preview[bot] created:>=2017-01-01 sort:created-asc,False,,,,,
codelibs/elasticsearch-sstmpl,https://github.com/codelibs/elasticsearch-sstmpl,2026-08-14T17:27:41.746835+00:00,ok,,,True,2020-10-13T02:28:00Z,https://github.com/codelibs/elasticsearch-sstmpl/pull/12,12,dependabot,Bump junit from 4.11 to 4.13.1,app/dependabot,repo:codelibs/elasticsearch-sstmpl is:pr author:app/dependabot created:>=2017-01-01 sort:created-asc | repo:codelibs/elasticsearch-sstmpl is:pr author:app/dependabot-preview created:>=2017-01-01 sort:created-asc | repo:codelibs/elasticsearch-sstmpl is:pr author:dependabot[bot] created:>=2017-01-01 sort:created-asc | repo:codelibs/elasticsearch-sstmpl is:pr author:dependabot-preview[bot] created:>=2017-01-01 sort:created-asc,False,,,,,
codelibs/elasticsearch-taste,https://github.com/codelibs/elasticsearch-taste,2026-08-14T17:27:48.384203+00:00,ok,,,False,,,,,,,repo:codelibs/elasticsearch-taste is:pr author:app/dependabot created:>=2017-01-01 sort:created-asc | repo:codelibs/elasticsearch-taste is:pr author:app/dependabot-preview created:>=2017-01-01 sort:created-asc | repo:codelibs/elasticsearch-taste is:pr author:dependabot[bot] created:>=2017-01-01 sort:created-asc | repo:codelibs/elasticsearch-taste is:pr author:dependabot-preview[bot] created:>=2017-01-01 sort:created-asc,False,,,,,
codelibs/fess-crawler,https://github.com/codelibs/fess-crawler,2026-08-14T17:27:54.741257+00:00,ok,,,True,2020-10-12T18:22:02Z,https://github.com/codelibs/fess-crawler/pull/52,52,dependabot,Bump junit from 4.11 to 4.13.1 in /fess-crawler-es,app/dependabot,repo:codelibs/fess-crawler is:pr author:app/dependabot created:>=2017-01-01 sort:created-asc | repo:codelibs/fess-crawler is:pr author:app/dependabot-preview created:>=2017-01-01 sort:created-asc | repo:codelibs/fess-crawler is:pr author:dependabot[bot] created:>=2017-01-01 sort:created-asc | repo:codelibs/fess-crawler is:pr author:dependabot-preview[bot] created:>=2017-01-01 sort:created-asc,False,,,,,
codelibs/fess-ds-atlassian,https://github.com/codelibs/fess-ds-atlassian,2026-08-14T17:28:01.001944+00:00,ok,,,True,2020-10-13T08:05:33Z,https://github.com/codelibs/fess-ds-atlassian/pull/14,14,dependabot,Bump junit from 4.13 to 4.13.1,app/dependabot,repo:codelibs/fess-ds-atlassian is:pr author:app/dependabot created:>=2017-01-01 sort:created-asc | repo:codelibs/fess-ds-atlassian is:pr author:app/dependabot-preview created:>=2017-01-01 sort:created-asc | repo:codelibs/fess-ds-atlassian is:pr author:dependabot[bot] created:>=2017-01-01 sort:created-asc | repo:codelibs/fess-ds-atlassian is:pr author:dependabot-preview[bot] created:>=2017-01-01 sort:created-asc,False,,,,,
codelibs/fess-ds-csv,https://github.com/codelibs/fess-ds-csv,2026-08-14T17:28:07.554691+00:00,ok,,,True,2020-10-13T07:49:24Z,https://github.com/codelibs/fess-ds-csv/pull/2,2,dependabot,Bump junit from 4.13 to 4.13.1,app/dependabot,repo:codelibs/fess-ds-csv is:pr author:app/dependabot created:>=2017-01-01 sort:created-asc | repo:codelibs/fess-ds-csv is:pr author:app/dependabot-preview created:>=2017-01-01 sort:created-asc | repo:codelibs/fess-ds-csv is:pr author:dependabot[bot] created:>=2017-01-01 sort:created-asc | repo:codelibs/fess-ds-csv is:pr author:dependabot-preview[bot] created:>=2017-01-01 sort:created-asc,False,,,,,
codelibs/fess-ds-db,https://github.com/codelibs/fess-ds-db,2026-08-14T17:28:13.392459+00:00,ok,,,True,2020-10-13T06:44:28Z,https://github.com/codelibs/fess-ds-db/pull/2,2,dependabot,Bump junit from 4.13 to 4.13.1,app/dependabot,repo:codelibs/fess-ds-db is:pr author:app/dependabot created:>=2017-01-01 sort:created-asc | repo:codelibs/fess-ds-db is:pr author:app/dependabot-preview created:>=2017-01-01 sort:created-asc | repo:codelibs/fess-ds-db is:pr author:dependabot[bot] created:>=2017-01-01 sort:created-asc | repo:codelibs/fess-ds-db is:pr author:dependabot-preview[bot] created:>=2017-01-01 sort:created-asc,False,,,,,
codelibs/fess-ds-elasticsearch,https://github.com/codelibs/fess-ds-elasticsearch,2026-08-14T17:28:24.648323+00:00,ok,,,True,2020-10-13T07:14:41Z,https://github.com/codelibs/fess-ds-elasticsearch/pull/2,2,dependabot,Bump junit from 4.13 to 4.13.1,app/dependabot,repo:codelibs/fess-ds-elasticsearch is:pr author:app/dependabot created:>=2017-01-01 sort:created-asc | repo:codelibs/fess-ds-elasticsearch is:pr author:app/dependabot-preview created:>=2017-01-01 sort:created-asc | repo:codelibs/fess-ds-elasticsearch is:pr author:dependabot[bot] created:>=2017-01-01 sort:created-asc | repo:codelibs/fess-ds-elasticsearch is:pr author:dependabot-preview[bot] created:>=2017-01-01 sort:created-asc,False,,,,,
codelibs/fess-ds-gitbucket,https://github.com/codelibs/fess-ds-gitbucket,2026-08-14T17:28:31.782724+00:00,ok,,,True,2020-10-13T06:42:52Z,https://github.com/codelibs/fess-ds-gitbucket/pull/3,3,dependabot,Bump junit from 4.13 to 4.13.1,app/dependabot,repo:codelibs/fess-ds-gitbucket is:pr author:app/dependabot created:>=2017-01-01 sort:created-asc | repo:codelibs/fess-ds-gitbucket is:pr author:app/dependabot-preview created:>=2017-01-01 sort:created-asc | repo:codelibs/fess-ds-gitbucket is:pr author:dependabot[bot] created:>=2017-01-01 sort:created-asc | repo:codelibs/fess-ds-gitbucket is:pr author:dependabot-preview[bot] created:>=2017-01-01 sort:created-asc,False,,,,,
codelibs/fess-ds-gsuite,https://github.com/codelibs/fess-ds-gsuite,2026-08-14T17:28:39.234647+00:00,ok,,,True,2020-10-12T23:19:59Z,https://github.com/codelibs/fess-ds-gsuite/pull/5,5,dependabot,Bump junit from 4.13 to 4.13.1,app/dependabot,repo:codelibs/fess-ds-gsuite is:pr author:app/dependabot created:>=2017-01-01 sort:created-asc | repo:codelibs/fess-ds-gsuite is:pr author:app/dependabot-preview created:>=2017-01-01 sort:created-asc | repo:codelibs/fess-ds-gsuite is:pr author:dependabot[bot] created:>=2017-01-01 sort:created-asc | repo:codelibs/fess-ds-gsuite is:pr author:dependabot-preview[bot] created:>=2017-01-01 sort:created-asc,False,,,,,
codemonstur/HTMLCompiler,https://github.com/codemonstur/HTMLCompiler,2026-08-14T17:28:46.404862+00:00,ok,,,True,2021-08-23T21:17:02Z,https://github.com/codemonstur/HTMLCompiler/pull/1,1,dependabot,Bump jsoup from 1.14.1 to 1.14.2,app/dependabot,repo:codemonstur/HTMLCompiler is:pr author:app/dependabot created:>=2017-01-01 sort:created-asc | repo:codemonstur/HTMLCompiler is:pr author:app/dependabot-preview created:>=2017-01-01 sort:created-asc | repo:codemonstur/HTMLCompiler is:pr author:dependabot[bot] created:>=2017-01-01 sort:created-asc | repo:codemonstur/HTMLCompiler is:pr author:dependabot-preview[bot] created:>=2017-01-01 sort:created-asc,False,,,,,
codescape/bitvunit,https://github.com/codescape/bitvunit,2026-08-14T17:28:52.939430+00:00,ok,,,True,2020-10-13T10:16:18Z,https://github.com/codescape/bitvunit/pull/32,32,dependabot,Bump junit from 4.12 to 4.13.1,app/dependabot,repo:codescape/bitvunit is:pr author:app/dependabot created:>=2017-01-01 sort:created-asc | repo:codescape/bitvunit is:pr author:app/dependabot-preview created:>=2017-01-01 sort:created-asc | repo:codescape/bitvunit is:pr author:dependabot[bot] created:>=2017-01-01 sort:created-asc | repo:codescape/bitvunit is:pr author:dependabot-preview[bot] created:>=2017-01-01 sort:created-asc,False,,,,,
cofcool/chaos-server,https://github.com/cofcool/chaos-server,2026-08-14T17:28:59.815370+00:00,ok,,,True,2020-01-21T22:20:26Z,https://github.com/cofcool/chaos-server/pull/10,10,dependabot,Bump spring.version from 5.1.6.RELEASE to 5.2.3.RELEASE in /spring-mvc-openfeign,app/dependabot,repo:cofcool/chaos-server is:pr author:app/dependabot created:>=2017-01-01 sort:created-asc | repo:cofcool/chaos-server is:pr author:app/dependabot-preview created:>=2017-01-01 sort:created-asc | repo:cofcool/chaos-server is:pr author:dependabot[bot] created:>=2017-01-01 sort:created-asc | repo:cofcool/chaos-server is:pr author:dependabot-preview[bot] created:>=2017-01-01 sort:created-asc,False,,,,,
cometd/cometd,https://github.com/cometd/cometd,2026-08-14T17:29:06.352016+00:00,ok,,,True,2020-10-13T06:38:46Z,https://github.com/cometd/cometd/pull/936,936,dependabot,Bump junit from 4.12 to 4.13.1,app/dependabot,repo:cometd/cometd is:pr author:app/dependabot created:>=2017-01-01 sort:created-asc | repo:cometd/cometd is:pr author:app/dependabot-preview created:>=2017-01-01 sort:created-asc | repo:cometd/cometd is:pr author:dependabot[bot] created:>=2017-01-01 sort:created-asc | repo:cometd/cometd is:pr author:dependabot-preview[bot] created:>=2017-01-01 sort:created-asc,True,.github/dependabot.yml,2020-10-23T17:28:30Z,38f086ff0eac8fcf92fb111901e582912f9809fd,https://github.com/cometd/cometd/commit/38f086ff0eac8fcf92fb111901e582912f9809fd,"Added dependabot configuration file.


Signed-off-by: Simone Bordet <simone.bordet@gmail.com>"
commercetools/commercetools-jvm-sdk,https://github.com/commercetools/commercetools-jvm-sdk,2026-08-14T17:29:13.618687+00:00,ok,,,True,2019-07-29T12:26:27Z,https://github.com/commercetools/commercetools-jvm-sdk/pull/1959,1959,dependabot,Bump jackson.version from 2.9.9 to 2.10.0.pr1,app/dependabot,repo:commercetools/commercetools-jvm-sdk is:pr author:app/dependabot created:>=2017-01-01 sort:created-asc | repo:commercetools/commercetools-jvm-sdk is:pr author:app/dependabot-preview created:>=2017-01-01 sort:created-asc | repo:commercetools/commercetools-jvm-sdk is:pr author:dependabot[bot] created:>=2017-01-01 sort:created-asc | repo:commercetools/commercetools-jvm-sdk is:pr author:dependabot-preview[bot] created:>=2017-01-01 sort:created-asc,False,,,,,
confluentinc/parallel-consumer,https://github.com/confluentinc/parallel-consumer,2026-08-14T17:29:20.136435+00:00,ok,,,True,2022-03-04T12:55:44Z,https://github.com/confluentinc/parallel-consumer/pull/207,207,dependabot,build(deps): bump actions/setup-java from 1 to 3,app/dependabot,repo:confluentinc/parallel-consumer is:pr author:app/dependabot created:>=2017-01-01 sort:created-asc | repo:confluentinc/parallel-consumer is:pr author:app/dependabot-preview created:>=2017-01-01 sort:created-asc | repo:confluentinc/parallel-consumer is:pr author:dependabot[bot] created:>=2017-01-01 sort:created-asc | repo:confluentinc/parallel-consumer is:pr author:dependabot-preview[bot] created:>=2017-01-01 sort:created-asc,True,.github/dependabot.yml,2022-03-23T13:48:56Z,1b3c928d424f6b9dfd5abca25e5734760d23db4b,https://github.com/confluentinc/parallel-consumer/commit/1b3c928d424f6b9dfd5abca25e5734760d23db4b,Create dependabot.yml (#202)
contentful/contentful-management.java,https://github.com/contentful/contentful-management.java,2026-08-14T17:29:27.092714+00:00,ok,,,True,2020-01-31T18:17:39Z,https://github.com/contentful/contentful-management.java/pull/135,135,dependabot,Bump checkstyle from 8.18 to 8.29,app/dependabot,repo:contentful/contentful-management.java is:pr author:app/dependabot created:>=2017-01-01 sort:created-asc | repo:contentful/contentful-management.java is:pr author:app/dependabot-preview created:>=2017-01-01 sort:created-asc | repo:contentful/contentful-management.java is:pr author:dependabot[bot] created:>=2017-01-01 sort:created-asc | repo:contentful/contentful-management.java is:pr author:dependabot-preview[bot] created:>=2017-01-01 sort:created-asc,False,,,,,
contentful/contentful.java,https://github.com/contentful/contentful.java,2026-08-14T17:29:34.310287+00:00,ok,,,True,2020-01-31T18:17:36Z,https://github.com/contentful/contentful.java/pull/205,205,dependabot,Bump checkstyle from 8.18 to 8.29,app/dependabot,repo:contentful/contentful.java is:pr author:app/dependabot created:>=2017-01-01 sort:created-asc | repo:contentful/contentful.java is:pr author:app/dependabot-preview created:>=2017-01-01 sort:created-asc | repo:contentful/contentful.java is:pr author:dependabot[bot] created:>=2017-01-01 sort:created-asc | repo:contentful/contentful.java is:pr author:dependabot-preview[bot] created:>=2017-01-01 sort:created-asc,False,,,,,
conveyal/r5,https://github.com/conveyal/r5,2026-08-14T17:29:40.149047+00:00,ok,,,True,2020-01-30T14:38:38Z,https://github.com/conveyal/r5/pull/572,572,dependabot,build(deps): bump jackson.version from 2.6.1 to 2.10.2,app/dependabot,repo:conveyal/r5 is:pr author:app/dependabot created:>=2017-01-01 sort:created-asc | repo:conveyal/r5 is:pr author:app/dependabot-preview created:>=2017-01-01 sort:created-asc | repo:conveyal/r5 is:pr author:dependabot[bot] created:>=2017-01-01 sort:created-asc | repo:conveyal/r5 is:pr author:dependabot-preview[bot] created:>=2017-01-01 sort:created-asc,False,,,,,
cose-wg/cose-java,https://github.com/cose-wg/cose-java,2026-08-14T17:29:47.872143+00:00,ok,,,True,2020-10-12T21:27:00Z,https://github.com/cose-wg/COSE-JAVA/pull/99,99,dependabot,Bump junit from 4.12 to 4.13.1,app/dependabot,repo:cose-wg/cose-java is:pr author:app/dependabot created:>=2017-01-01 sort:created-asc | repo:cose-wg/cose-java is:pr author:app/dependabot-preview created:>=2017-01-01 sort:created-asc | repo:cose-wg/cose-java is:pr author:dependabot[bot] created:>=2017-01-01 sort:created-asc | repo:cose-wg/cose-java is:pr author:dependabot-preview[bot] created:>=2017-01-01 sort:created-asc,False,,,,,
couchbase/kafka-connect-couchbase,https://github.com/couchbase/kafka-connect-couchbase,2026-08-14T17:29:54.373534+00:00,ok,,,True,2019-11-13T04:31:55Z,https://github.com/couchbase/kafka-connect-couchbase/pull/16,16,dependabot,Bump jackson-databind from 2.9.1 to 2.9.10.1 in /examples/json-producer,app/dependabot,repo:couchbase/kafka-connect-couchbase is:pr author:app/dependabot created:>=2017-01-01 sort:created-asc | repo:couchbase/kafka-connect-couchbase is:pr author:app/dependabot-preview created:>=2017-01-01 sort:created-asc | repo:couchbase/kafka-connect-couchbase is:pr author:dependabot[bot] created:>=2017-01-01 sort:created-asc | repo:couchbase/kafka-connect-couchbase is:pr author:dependabot-preview[bot] created:>=2017-01-01 sort:created-asc,False,,,,,
craftercms/core,https://github.com/craftercms/core,2026-08-14T17:30:01.505259+00:00,ok,,,True,2019-11-13T06:18:12Z,https://github.com/craftercms/core/pull/115,115,dependabot,Bump jackson-databind from 2.9.9.3 to 2.9.10.1,app/dependabot,repo:craftercms/core is:pr author:app/dependabot created:>=2017-01-01 sort:created-asc | repo:craftercms/core is:pr author:app/dependabot-preview created:>=2017-01-01 sort:created-asc | repo:craftercms/core is:pr author:dependabot[bot] created:>=2017-01-01 sort:created-asc | repo:craftercms/core is:pr author:dependabot-preview[bot] created:>=2017-01-01 sort:created-asc,True,.github/dependabot.yml,2023-12-08T16:44:29Z,d7f1790bbd71643d86800b2cb9cbca82df2c36e4,https://github.com/craftercms/core/commit/d7f1790bbd71643d86800b2cb9cbca82df2c36e4,Added dependabot config.
craftercms/profile,https://github.com/craftercms/profile,2026-08-14T17:30:10.627078+00:00,ok,,,False,,,,,,,repo:craftercms/profile is:pr author:app/dependabot created:>=2017-01-01 sort:created-asc | repo:craftercms/profile is:pr author:app/dependabot-preview created:>=2017-01-01 sort:created-asc | repo:craftercms/profile is:pr author:dependabot[bot] created:>=2017-01-01 sort:created-asc | repo:craftercms/profile is:pr author:dependabot-preview[bot] created:>=2017-01-01 sort:created-asc,True,.github/dependabot.yml,2023-12-08T16:44:29Z,94be1b5c4f1efee244b77fe9d4b989b795fea269,https://github.com/craftercms/profile/commit/94be1b5c4f1efee244b77fe9d4b989b795fea269,Added dependabot config.
craftercms/search,https://github.com/craftercms/search,2026-08-14T17:30:18.103000+00:00,ok,,,True,2019-11-13T09:49:03Z,https://github.com/craftercms/search/pull/189,189,dependabot,Bump jackson-databind from 2.9.9.3 to 2.9.10.1,app/dependabot,repo:craftercms/search is:pr author:app/dependabot created:>=2017-01-01 sort:created-asc | repo:craftercms/search is:pr author:app/dependabot-preview created:>=2017-01-01 sort:created-asc | repo:craftercms/search is:pr author:dependabot[bot] created:>=2017-01-01 sort:created-asc | repo:craftercms/search is:pr author:dependabot-preview[bot] created:>=2017-01-01 sort:created-asc,True,.github/dependabot.yml,2023-12-08T16:44:29Z,93fed16326a38ba3cc9a020c37a3a1dadaf8e0b9,https://github.com/craftercms/search/commit/93fed16326a38ba3cc9a020c37a3a1dadaf8e0b9,Added dependabot config.
credibledoc/credible-doc,https://github.com/credibledoc/credible-doc,2026-08-14T17:30:25.440917+00:00,ok,,,True,2021-08-23T21:11:51Z,https://github.com/credibledoc/credible-doc/pull/13,13,dependabot,Bump jsoup from 1.14.1 to 1.14.2 in /log-combiner-parent/log-labelizer,app/dependabot,repo:credibledoc/credible-doc is:pr author:app/dependabot created:>=2017-01-01 sort:created-asc | repo:credibledoc/credible-doc is:pr author:app/dependabot-preview created:>=2017-01-01 sort:created-asc | repo:credibledoc/credible-doc is:pr author:dependabot[bot] created:>=2017-01-01 sort:created-asc | repo:credibledoc/credible-doc is:pr author:dependabot-preview[bot] created:>=2017-01-01 sort:created-asc,False,,,,,
cryptomator/siv-mode,https://github.com/cryptomator/siv-mode,2026-08-14T17:30:31.297702+00:00,ok,,,True,2023-06-14T22:47:39Z,https://github.com/cryptomator/siv-mode/pull/21,21,dependabot,Bump guava from 31.0.1-jre to 32.0.0-jre,app/dependabot,repo:cryptomator/siv-mode is:pr author:app/dependabot created:>=2017-01-01 sort:created-asc | repo:cryptomator/siv-mode is:pr author:app/dependabot-preview created:>=2017-01-01 sort:created-asc | repo:cryptomator/siv-mode is:pr author:dependabot[bot] created:>=2017-01-01 sort:created-asc | repo:cryptomator/siv-mode is:pr author:dependabot-preview[bot] created:>=2017-01-01 sort:created-asc,True,.github/dependabot.yml,2023-10-05T05:52:38Z,852f63692c2b3cef22ba3303980843c196f8e74a,https://github.com/cryptomator/siv-mode/commit/852f63692c2b3cef22ba3303980843c196f8e74a,add dependabot config
cryptomator/webdav-nio-adapter,https://github.com/cryptomator/webdav-nio-adapter,2026-08-14T17:30:38.557202+00:00,ok,,,True,2020-08-05T15:08:22Z,https://github.com/cryptomator/webdav-nio-adapter/pull/25,25,dependabot,Bump jetty.version from 9.4.28.v20200408 to 9.4.31.v20200723,app/dependabot,repo:cryptomator/webdav-nio-adapter is:pr author:app/dependabot created:>=2017-01-01 sort:created-asc | repo:cryptomator/webdav-nio-adapter is:pr author:app/dependabot-preview created:>=2017-01-01 sort:created-asc | repo:cryptomator/webdav-nio-adapter is:pr author:dependabot[bot] created:>=2017-01-01 sort:created-asc | repo:cryptomator/webdav-nio-adapter is:pr author:dependabot-preview[bot] created:>=2017-01-01 sort:created-asc,True,.github/dependabot.yml,2023-09-18T08:46:41Z,1f2090c69ec3011a0604a03cd40cd5ce931e4e60,https://github.com/cryptomator/webdav-nio-adapter/commit/1f2090c69ec3011a0604a03cd40cd5ce931e4e60,"add dependabot config

[ci skip]"
ctron/rpm-builder,https://github.com/ctron/rpm-builder,2026-08-14T17:30:46.177099+00:00,ok,,,True,2020-10-13T03:24:02Z,https://github.com/ctron/rpm-builder/pull/51,51,dependabot,Bump junit from 4.12 to 4.13.1,app/dependabot,repo:ctron/rpm-builder is:pr author:app/dependabot created:>=2017-01-01 sort:created-asc | repo:ctron/rpm-builder is:pr author:app/dependabot-preview created:>=2017-01-01 sort:created-asc | repo:ctron/rpm-builder is:pr author:dependabot[bot] created:>=2017-01-01 sort:created-asc | repo:ctron/rpm-builder is:pr author:dependabot-preview[bot] created:>=2017-01-01 sort:created-asc,False,,,,,
cucumber/cucumber-jvm,https://github.com/cucumber/cucumber-jvm,2026-08-14T17:30:53.754217+00:00,ok,,,False,,,,,,,repo:cucumber/cucumber-jvm is:pr author:app/dependabot created:>=2017-01-01 sort:created-asc | repo:cucumber/cucumber-jvm is:pr author:app/dependabot-preview created:>=2017-01-01 sort:created-asc | repo:cucumber/cucumber-jvm is:pr author:dependabot[bot] created:>=2017-01-01 sort:created-asc | repo:cucumber/cucumber-jvm is:pr author:dependabot-preview[bot] created:>=2017-01-01 sort:created-asc,False,,,,,
dadoonet/fscrawler,https://github.com/dadoonet/fscrawler,2026-08-14T17:31:00.767188+00:00,ok,,,True,2019-05-27T03:39:08Z,https://github.com/dadoonet/fscrawler/pull/729,729,dependabot-preview,Bump maven-jar-plugin from 3.1.0 to 3.1.2,app/dependabot-preview,repo:dadoonet/fscrawler is:pr author:app/dependabot created:>=2017-01-01 sort:created-asc | repo:dadoonet/fscrawler is:pr author:app/dependabot-preview created:>=2017-01-01 sort:created-asc | repo:dadoonet/fscrawler is:pr author:dependabot[bot] created:>=2017-01-01 sort:created-asc | repo:dadoonet/fscrawler is:pr author:dependabot-preview[bot] created:>=2017-01-01 sort:created-asc,True,.github/dependabot.yml,2021-06-22T14:17:21Z,046fe50b29da82c0edfde7afdde2d285769a9aef,https://github.com/dadoonet/fscrawler/commit/046fe50b29da82c0edfde7afdde2d285769a9aef,Upgrade to GitHub-native Dependabot
dadoonet/rssriver,https://github.com/dadoonet/rssriver,2026-08-14T17:31:06.929402+00:00,ok,,,False,,,,,,,repo:dadoonet/rssriver is:pr author:app/dependabot created:>=2017-01-01 sort:created-asc | repo:dadoonet/rssriver is:pr author:app/dependabot-preview created:>=2017-01-01 sort:created-asc | repo:dadoonet/rssriver is:pr author:dependabot[bot] created:>=2017-01-01 sort:created-asc | repo:dadoonet/rssriver is:pr author:dependabot-preview[bot] created:>=2017-01-01 sort:created-asc,False,,,,,
dadoonet/spring-elasticsearch,https://github.com/dadoonet/spring-elasticsearch,2026-08-14T17:31:13.166806+00:00,ok,,,True,2019-05-27T03:39:03Z,https://github.com/dadoonet/spring-elasticsearch/pull/172,172,dependabot-preview,Bump maven-scm-plugin from 1.11.1 to 1.11.2,app/dependabot-preview,repo:dadoonet/spring-elasticsearch is:pr author:app/dependabot created:>=2017-01-01 sort:created-asc | repo:dadoonet/spring-elasticsearch is:pr author:app/dependabot-preview created:>=2017-01-01 sort:created-asc | repo:dadoonet/spring-elasticsearch is:pr author:dependabot[bot] created:>=2017-01-01 sort:created-asc | repo:dadoonet/spring-elasticsearch is:pr author:dependabot-preview[bot] created:>=2017-01-01 sort:created-asc,True,.github/dependabot.yml,2021-04-28T16:45:41Z,cbcf358af1787bf9f4de72a740f98555f2b53c36,https://github.com/dadoonet/spring-elasticsearch/commit/cbcf358af1787bf9f4de72a740f98555f2b53c36,Upgrade to GitHub-native Dependabot
damiencarol/jsr203-hadoop,https://github.com/damiencarol/jsr203-hadoop,2026-08-14T17:31:21.196669+00:00,ok,,,True,2022-02-09T22:30:57Z,https://github.com/damiencarol/jsr203-hadoop/pull/42,42,dependabot,Bump hadoop-common from 2.9.2 to 2.10.1,app/dependabot,repo:damiencarol/jsr203-hadoop is:pr author:app/dependabot created:>=2017-01-01 sort:created-asc | repo:damiencarol/jsr203-hadoop is:pr author:app/dependabot-preview created:>=2017-01-01 sort:created-asc | repo:damiencarol/jsr203-hadoop is:pr author:dependabot[bot] created:>=2017-01-01 sort:created-asc | repo:damiencarol/jsr203-hadoop is:pr author:dependabot-preview[bot] created:>=2017-01-01 sort:created-asc,False,,,,,
datasonnet/datasonnet-mapper,https://github.com/datasonnet/datasonnet-mapper,2026-08-14T17:31:27.484863+00:00,ok,,,False,,,,,,,repo:datasonnet/datasonnet-mapper is:pr author:app/dependabot created:>=2017-01-01 sort:created-asc | repo:datasonnet/datasonnet-mapper is:pr author:app/dependabot-preview created:>=2017-01-01 sort:created-asc | repo:datasonnet/datasonnet-mapper is:pr author:dependabot[bot] created:>=2017-01-01 sort:created-asc | repo:datasonnet/datasonnet-mapper is:pr author:dependabot-preview[bot] created:>=2017-01-01 sort:created-asc,False,,,,,
datastax/simulacron,https://github.com/datastax/simulacron,2026-08-14T17:31:33.791901+00:00,ok,,,True,2020-10-12T19:24:30Z,https://github.com/datastax/simulacron/pull/105,105,dependabot,Bump junit from 4.12 to 4.13.1,app/dependabot,repo:datastax/simulacron is:pr author:app/dependabot created:>=2017-01-01 sort:created-asc | repo:datastax/simulacron is:pr author:app/dependabot-preview created:>=2017-01-01 sort:created-asc | repo:datastax/simulacron is:pr author:dependabot[bot] created:>=2017-01-01 sort:created-asc | repo:datastax/simulacron is:pr author:dependabot-preview[bot] created:>=2017-01-01 sort:created-asc,False,,,,,
davidcarboni/Cryptolite,https://github.com/davidcarboni/Cryptolite,2026-08-14T17:31:39.239116+00:00,ok,,,False,,,,,,,repo:davidcarboni/Cryptolite is:pr author:app/dependabot created:>=2017-01-01 sort:created-asc | repo:davidcarboni/Cryptolite is:pr author:app/dependabot-preview created:>=2017-01-01 sort:created-asc | repo:davidcarboni/Cryptolite is:pr author:dependabot[bot] created:>=2017-01-01 sort:created-asc | repo:davidcarboni/Cryptolite is:pr author:dependabot-preview[bot] created:>=2017-01-01 sort:created-asc,False,,,,,
davidkarlsen/Commons-Transaction-Spring-Integration,https://github.com/davidkarlsen/Commons-Transaction-Spring-Integration,2026-08-14T17:31:45.144290+00:00,ok,,,False,,,,,,,repo:davidkarlsen/Commons-Transaction-Spring-Integration is:pr author:app/dependabot created:>=2017-01-01 sort:created-asc | repo:davidkarlsen/Commons-Transaction-Spring-Integration is:pr author:app/dependabot-preview created:>=2017-01-01 sort:created-asc | repo:davidkarlsen/Commons-Transaction-Spring-Integration is:pr author:dependabot[bot] created:>=2017-01-01 sort:created-asc | repo:davidkarlsen/Commons-Transaction-Spring-Integration is:pr author:dependabot-preview[bot] created:>=2017-01-01 sort:created-asc,False,,,,,
dblock/waffle,https://github.com/dblock/waffle,2026-08-14T17:31:51.424198+00:00,ok,,,False,,,,,,,repo:dblock/waffle is:pr author:app/dependabot created:>=2017-01-01 sort:created-asc | repo:dblock/waffle is:pr author:app/dependabot-preview created:>=2017-01-01 sort:created-asc | repo:dblock/waffle is:pr author:dependabot[bot] created:>=2017-01-01 sort:created-asc | repo:dblock/waffle is:pr author:dependabot-preview[bot] created:>=2017-01-01 sort:created-asc,True,.github/dependabot.yml,2020-07-04T23:45:12Z,3a3ea6b32602a5bc59f44ba73a9168039b3434ff,https://github.com/Waffle/waffle/commit/3a3ea6b32602a5bc59f44ba73a9168039b3434ff,Create Dependabot config file
dbmdz/cudami,https://github.com/dbmdz/cudami,2026-08-14T17:32:00.875229+00:00,ok,,,True,2019-02-05T09:19:07Z,https://github.com/dbmdz/cudami/pull/25,25,dependabot-preview,Bump bootstrap from 3.3.7 to 4.2.1,app/dependabot-preview,repo:dbmdz/cudami is:pr author:app/dependabot created:>=2017-01-01 sort:created-asc | repo:dbmdz/cudami is:pr author:app/dependabot-preview created:>=2017-01-01 sort:created-asc | repo:dbmdz/cudami is:pr author:dependabot[bot] created:>=2017-01-01 sort:created-asc | repo:dbmdz/cudami is:pr author:dependabot-preview[bot] created:>=2017-01-01 sort:created-asc,True,.github/dependabot.yml,2021-05-03T12:38:26Z,b9db90d7df04c45532d7dec683eef9f26322aa04,https://github.com/dbmdz/cudami/commit/b9db90d7df04c45532d7dec683eef9f26322aa04,Upgrade to GitHub-native Dependabot
dbmdz/digitalcollections-model,https://github.com/dbmdz/digitalcollections-model,2026-08-14T17:32:08.242061+00:00,ok,,,True,2019-02-05T09:19:36Z,https://github.com/dbmdz/digitalcollections-model/pull/17,17,dependabot-preview,Bump spring-oxm from 5.1.3.RELEASE to 5.1.4.RELEASE,app/dependabot-preview,repo:dbmdz/digitalcollections-model is:pr author:app/dependabot created:>=2017-01-01 sort:created-asc | repo:dbmdz/digitalcollections-model is:pr author:app/dependabot-preview created:>=2017-01-01 sort:created-asc | repo:dbmdz/digitalcollections-model is:pr author:dependabot[bot] created:>=2017-01-01 sort:created-asc | repo:dbmdz/digitalcollections-model is:pr author:dependabot-preview[bot] created:>=2017-01-01 sort:created-asc,True,.github/dependabot.yml,2021-05-03T05:33:56Z,a1fdf557175ca2ecc8630048c3f969bcdec1976a,https://github.com/dbmdz/digitalcollections-model/commit/a1fdf557175ca2ecc8630048c3f969bcdec1976a,Upgrade to GitHub-native Dependabot
dbmdz/iiif-apis,https://github.com/dbmdz/iiif-apis,2026-08-14T17:32:15.118631+00:00,ok,,,True,2019-02-05T09:19:50Z,https://github.com/dbmdz/iiif-apis/pull/13,13,dependabot-preview,Bump spotbugs-maven-plugin from 3.1.10 to 3.1.11,app/dependabot-preview,repo:dbmdz/iiif-apis is:pr author:app/dependabot created:>=2017-01-01 sort:created-asc | repo:dbmdz/iiif-apis is:pr author:app/dependabot-preview created:>=2017-01-01 sort:created-asc | repo:dbmdz/iiif-apis is:pr author:dependabot[bot] created:>=2017-01-01 sort:created-asc | repo:dbmdz/iiif-apis is:pr author:dependabot-preview[bot] created:>=2017-01-01 sort:created-asc,True,.github/dependabot.yml,2021-05-18T06:01:31Z,1d471124244601421f662effd5f14ebb08e9acd6,https://github.com/dbmdz/iiif-apis/commit/1d471124244601421f662effd5f14ebb08e9acd6,Upgrade to GitHub-native Dependabot
dbmdz/iiif-bookshelf-webapp,https://github.com/dbmdz/iiif-bookshelf-webapp,2026-08-14T17:32:22.902095+00:00,ok,,,True,2019-02-05T09:18:40Z,https://github.com/dbmdz/iiif-bookshelf-webapp/pull/18,18,dependabot-preview,Bump logstash-logback-encoder from 5.2 to 5.3,app/dependabot-preview,repo:dbmdz/iiif-bookshelf-webapp is:pr author:app/dependabot created:>=2017-01-01 sort:created-asc | repo:dbmdz/iiif-bookshelf-webapp is:pr author:app/dependabot-preview created:>=2017-01-01 sort:created-asc | repo:dbmdz/iiif-bookshelf-webapp is:pr author:dependabot[bot] created:>=2017-01-01 sort:created-asc | repo:dbmdz/iiif-bookshelf-webapp is:pr author:dependabot-preview[bot] created:>=2017-01-01 sort:created-asc,True,.github/dependabot.yml,2021-05-06T05:20:16Z,a89c980aa9ebb557e54b2ad71c8ae0b639e59450,https://github.com/dbmdz/iiif-bookshelf-webapp/commit/a89c980aa9ebb557e54b2ad71c8ae0b639e59450,Upgrade to GitHub-native Dependabot
dbmdz/iiif-server-hymir,https://github.com/dbmdz/iiif-server-hymir,2026-08-14T17:32:29.510508+00:00,ok,,,True,2019-02-04T13:42:49Z,https://github.com/dbmdz/iiif-server-hymir/pull/40,40,dependabot-preview,Bump html5shiv from 3.7.3 to 3.7.3-1,app/dependabot-preview,repo:dbmdz/iiif-server-hymir is:pr author:app/dependabot created:>=2017-01-01 sort:created-asc | repo:dbmdz/iiif-server-hymir is:pr author:app/dependabot-preview created:>=2017-01-01 sort:created-asc | repo:dbmdz/iiif-server-hymir is:pr author:dependabot[bot] created:>=2017-01-01 sort:created-asc | repo:dbmdz/iiif-server-hymir is:pr author:dependabot-preview[bot] created:>=2017-01-01 sort:created-asc,True,.github/dependabot.yml,2021-05-12T07:28:51Z,dbd76632cf054544ec8afdd0dd3a2d34b3499ef4,https://github.com/dbmdz/iiif-server-hymir/commit/dbd76632cf054544ec8afdd0dd3a2d34b3499ef4,Upgrade to GitHub-native Dependabot
de4a-wp5/de4a-commons,https://github.com/de4a-wp5/de4a-commons,2026-08-14T17:32:36.685650+00:00,ok,,,False,,,,,,,repo:de4a-wp5/de4a-commons is:pr author:app/dependabot created:>=2017-01-01 sort:created-asc | repo:de4a-wp5/de4a-commons is:pr author:app/dependabot-preview created:>=2017-01-01 sort:created-asc | repo:de4a-wp5/de4a-commons is:pr author:dependabot[bot] created:>=2017-01-01 sort:created-asc | repo:de4a-wp5/de4a-commons is:pr author:dependabot-preview[bot] created:>=2017-01-01 sort:created-asc,False,,,,,
debezium/debezium,https://github.com/debezium/debezium,2026-08-14T17:32:44.441957+00:00,ok,,,True,2020-10-13T04:43:15Z,https://github.com/debezium/debezium/pull/1884,1884,dependabot,Bump junit from 4.12 to 4.13.1,app/dependabot,repo:debezium/debezium is:pr author:app/dependabot created:>=2017-01-01 sort:created-asc | repo:debezium/debezium is:pr author:app/dependabot-preview created:>=2017-01-01 sort:created-asc | repo:debezium/debezium is:pr author:dependabot[bot] created:>=2017-01-01 sort:created-asc | repo:debezium/debezium is:pr author:dependabot-preview[bot] created:>=2017-01-01 sort:created-asc,True,.github/dependabot.yml,2023-01-30T10:51:33Z,b34121c1280a0c17f3e5c42567e09c207ddfb8ad,https://github.com/debezium/debezium/commit/b34121c1280a0c17f3e5c42567e09c207ddfb8ad,[ci] Setup dependency bot github actions
deeplearning4j/deeplearning4j,https://github.com/deeplearning4j/deeplearning4j,2026-08-14T17:32:50.438048+00:00,ok,,,True,2022-02-09T10:56:58Z,https://github.com/deeplearning4j/deeplearning4j/pull/9628,9628,dependabot,Bump spring-core from 5.0.2.RELEASE to 5.0.11.RELEASE in /nd4j/nd4j-backends/nd4j-backend-impls/nd4j-cuda,app/dependabot,repo:deeplearning4j/deeplearning4j is:pr author:app/dependabot created:>=2017-01-01 sort:created-asc | repo:deeplearning4j/deeplearning4j is:pr author:app/dependabot-preview created:>=2017-01-01 sort:created-asc | repo:deeplearning4j/deeplearning4j is:pr author:dependabot[bot] created:>=2017-01-01 sort:created-asc | repo:deeplearning4j/deeplearning4j is:pr author:dependabot-preview[bot] created:>=2017-01-01 sort:created-asc,False,,,,,
dekorateio/dekorate,https://github.com/dekorateio/dekorate,2026-08-14T17:32:58.169108+00:00,ok,,,True,2020-06-16T09:54:20Z,https://github.com/dekorateio/dekorate/pull/534,534,dependabot,chore(deps): bump commons-compress from 1.18 to 1.19,app/dependabot,repo:dekorateio/dekorate is:pr author:app/dependabot created:>=2017-01-01 sort:created-asc | repo:dekorateio/dekorate is:pr author:app/dependabot-preview created:>=2017-01-01 sort:created-asc | repo:dekorateio/dekorate is:pr author:dependabot[bot] created:>=2017-01-01 sort:created-asc | repo:dekorateio/dekorate is:pr author:dependabot-preview[bot] created:>=2017-01-01 sort:created-asc,False,,,,,
dernasherbrezon/deb-maven-plugin,https://github.com/dernasherbrezon/deb-maven-plugin,2026-08-14T17:33:04.052570+00:00,ok,,,True,2020-10-13T06:59:42Z,https://github.com/dernasherbrezon/deb-maven-plugin/pull/12,12,dependabot,Bump junit from 4.12 to 4.13.1,app/dependabot,repo:dernasherbrezon/deb-maven-plugin is:pr author:app/dependabot created:>=2017-01-01 sort:created-asc | repo:dernasherbrezon/deb-maven-plugin is:pr author:app/dependabot-preview created:>=2017-01-01 sort:created-asc | repo:dernasherbrezon/deb-maven-plugin is:pr author:dependabot[bot] created:>=2017-01-01 sort:created-asc | repo:dernasherbrezon/deb-maven-plugin is:pr author:dependabot-preview[bot] created:>=2017-01-01 sort:created-asc,False,,,,,
detectiveframework/detective,https://github.com/detectiveframework/detective,2026-08-14T17:33:10.319318+00:00,ok,,,True,2019-10-18T01:35:28Z,https://github.com/detectiveframework/detective/pull/10,10,dependabot,Bump netty-all from 4.1.9.Final to 4.1.42.Final in /core,app/dependabot,repo:detectiveframework/detective is:pr author:app/dependabot created:>=2017-01-01 sort:created-asc | repo:detectiveframework/detective is:pr author:app/dependabot-preview created:>=2017-01-01 sort:created-asc | repo:detectiveframework/detective is:pr author:dependabot[bot] created:>=2017-01-01 sort:created-asc | repo:detectiveframework/detective is:pr author:dependabot-preview[bot] created:>=2017-01-01 sort:created-asc,False,,,,,
devlibx/easy,https://github.com/devlibx/easy,2026-08-14T17:33:16.429541+00:00,ok,,,False,,,,,,,repo:devlibx/easy is:pr author:app/dependabot created:>=2017-01-01 sort:created-asc | repo:devlibx/easy is:pr author:app/dependabot-preview created:>=2017-01-01 sort:created-asc | repo:devlibx/easy is:pr author:dependabot[bot] created:>=2017-01-01 sort:created-asc | repo:devlibx/easy is:pr author:dependabot-preview[bot] created:>=2017-01-01 sort:created-asc,False,,,,,
dgroup/docker-unittests,https://github.com/dgroup/docker-unittests,2026-08-14T17:33:21.478262+00:00,ok,,,True,2020-10-13T06:43:06Z,https://github.com/dgroup/docker-unittests/pull/268,268,dependabot,Bump junit from 4.12 to 4.13.1,app/dependabot,repo:dgroup/docker-unittests is:pr author:app/dependabot created:>=2017-01-01 sort:created-asc | repo:dgroup/docker-unittests is:pr author:app/dependabot-preview created:>=2017-01-01 sort:created-asc | repo:dgroup/docker-unittests is:pr author:dependabot[bot] created:>=2017-01-01 sort:created-asc | repo:dgroup/docker-unittests is:pr author:dependabot-preview[bot] created:>=2017-01-01 sort:created-asc,False,,,,,
dickschoeller/gedbrowser,https://github.com/dickschoeller/gedbrowser,2026-08-14T17:33:28.073300+00:00,ok,,,True,2019-07-20T13:22:50Z,https://github.com/dickschoeller/gedbrowser/pull/860,860,dependabot,Bump lodash from 4.17.4 to 4.17.11 in /gedbrowserng-frontend,app/dependabot,repo:dickschoeller/gedbrowser is:pr author:app/dependabot created:>=2017-01-01 sort:created-asc | repo:dickschoeller/gedbrowser is:pr author:app/dependabot-preview created:>=2017-01-01 sort:created-asc | repo:dickschoeller/gedbrowser is:pr author:dependabot[bot] created:>=2017-01-01 sort:created-asc | repo:dickschoeller/gedbrowser is:pr author:dependabot-preview[bot] created:>=2017-01-01 sort:created-asc,False,,,,,
diennea/blazingcache,https://github.com/diennea/blazingcache,2026-08-14T17:33:34.402916+00:00,ok,,,True,2020-10-13T00:10:52Z,https://github.com/diennea/blazingcache/pull/166,166,dependabot,Bump junit from 4.12 to 4.13.1 in /blazingcache-services,app/dependabot,repo:diennea/blazingcache is:pr author:app/dependabot created:>=2017-01-01 sort:created-asc | repo:diennea/blazingcache is:pr author:app/dependabot-preview created:>=2017-01-01 sort:created-asc | repo:diennea/blazingcache is:pr author:dependabot[bot] created:>=2017-01-01 sort:created-asc | repo:diennea/blazingcache is:pr author:dependabot-preview[bot] created:>=2017-01-01 sort:created-asc,False,,,,,
diennea/blobit,https://github.com/diennea/blobit,2026-08-14T17:33:39.950992+00:00,ok,,,True,2020-10-13T06:48:19Z,https://github.com/diennea/blobit/pull/40,40,dependabot,Bump junit from 4.12 to 4.13.1 in /blobit-core,app/dependabot,repo:diennea/blobit is:pr author:app/dependabot created:>=2017-01-01 sort:created-asc | repo:diennea/blobit is:pr author:app/dependabot-preview created:>=2017-01-01 sort:created-asc | repo:diennea/blobit is:pr author:dependabot[bot] created:>=2017-01-01 sort:created-asc | repo:diennea/blobit is:pr author:dependabot-preview[bot] created:>=2017-01-01 sort:created-asc,False,,,,,
difi/oxalis,https://github.com/difi/oxalis,2026-08-14T17:33:47.296508+00:00,ok,,,False,,,,,,,repo:difi/oxalis is:pr author:app/dependabot created:>=2017-01-01 sort:created-asc | repo:difi/oxalis is:pr author:app/dependabot-preview created:>=2017-01-01 sort:created-asc | repo:difi/oxalis is:pr author:dependabot[bot] created:>=2017-01-01 sort:created-asc | repo:difi/oxalis is:pr author:dependabot-preview[bot] created:>=2017-01-01 sort:created-asc,False,,,,,
difi/sikker-digital-post-klient,https://github.com/difi/sikker-digital-post-klient,2026-08-14T17:33:54.517041+00:00,ok,,,False,,,,,,,repo:difi/sikker-digital-post-klient is:pr author:app/dependabot created:>=2017-01-01 sort:created-asc | repo:difi/sikker-digital-post-klient is:pr author:app/dependabot-preview created:>=2017-01-01 sort:created-asc | repo:difi/sikker-digital-post-klient is:pr author:dependabot[bot] created:>=2017-01-01 sort:created-asc | repo:difi/sikker-digital-post-klient is:pr author:dependabot-preview[bot] created:>=2017-01-01 sort:created-asc,False,,,,,
digipost/certificate-validator,https://github.com/digipost/certificate-validator,2026-08-14T17:34:03.020583+00:00,ok,,,True,2021-03-31T19:26:20Z,https://github.com/digipost/certificate-validator/pull/18,18,dependabot,Bump guava from 27.1-jre to 29.0-jre,app/dependabot,repo:digipost/certificate-validator is:pr author:app/dependabot created:>=2017-01-01 sort:created-asc | repo:digipost/certificate-validator is:pr author:app/dependabot-preview created:>=2017-01-01 sort:created-asc | repo:digipost/certificate-validator is:pr author:dependabot[bot] created:>=2017-01-01 sort:created-asc | repo:digipost/certificate-validator is:pr author:dependabot-preview[bot] created:>=2017-01-01 sort:created-asc,False,,,,,
digipost/digipost-api-client-java,https://github.com/digipost/digipost-api-client-java,2026-08-14T17:34:09.186817+00:00,ok,,,True,2019-08-20T15:24:09Z,https://github.com/digipost/digipost-api-client-java/pull/86,86,dependabot,Bump nokogiri from 1.10.1 to 1.10.4 in /docs,app/dependabot,repo:digipost/digipost-api-client-java is:pr author:app/dependabot created:>=2017-01-01 sort:created-asc | repo:digipost/digipost-api-client-java is:pr author:app/dependabot-preview created:>=2017-01-01 sort:created-asc | repo:digipost/digipost-api-client-java is:pr author:dependabot[bot] created:>=2017-01-01 sort:created-asc | repo:digipost/digipost-api-client-java is:pr author:dependabot-preview[bot] created:>=2017-01-01 sort:created-asc,False,,,,,
digital-preservation/droid,https://github.com/digital-preservation/droid,2026-08-14T17:34:16.370046+00:00,ok,,,True,2019-09-01T16:44:44Z,https://github.com/digital-preservation/droid/pull/239,239,dependabot-preview,Bump commons-codec from 1.10 to 1.13,app/dependabot-preview,repo:digital-preservation/droid is:pr author:app/dependabot created:>=2017-01-01 sort:created-asc | repo:digital-preservation/droid is:pr author:app/dependabot-preview created:>=2017-01-01 sort:created-asc | repo:digital-preservation/droid is:pr author:dependabot[bot] created:>=2017-01-01 sort:created-asc | repo:digital-preservation/droid is:pr author:dependabot-preview[bot] created:>=2017-01-01 sort:created-asc,True,.github/dependabot.yml,2021-04-28T16:46:07Z,693011d6900633d0eef454a264cf75bde7b4d084,https://github.com/digital-preservation/droid/commit/693011d6900633d0eef454a264cf75bde7b4d084,Upgrade to GitHub-native Dependabot
dkpro/dkpro-core,https://github.com/dkpro/dkpro-core,2026-08-14T17:34:24.524967+00:00,ok,,,True,2019-11-10T18:58:04Z,https://github.com/dkpro/dkpro-core/pull/1423,1423,dependabot,Bump commons-compress from 1.18 to 1.19,app/dependabot,repo:dkpro/dkpro-core is:pr author:app/dependabot created:>=2017-01-01 sort:created-asc | repo:dkpro/dkpro-core is:pr author:app/dependabot-preview created:>=2017-01-01 sort:created-asc | repo:dkpro/dkpro-core is:pr author:dependabot[bot] created:>=2017-01-01 sort:created-asc | repo:dkpro/dkpro-core is:pr author:dependabot-preview[bot] created:>=2017-01-01 sort:created-asc,False,,,,,
dmandalidis/docker-client,https://github.com/dmandalidis/docker-client,2026-08-14T17:34:30.649123+00:00,ok,,,True,2019-10-01T20:54:25Z,https://github.com/dmandalidis/docker-client/pull/11,11,dependabot-preview,Bump joda-time from 2.8.2 to 2.10.4,app/dependabot-preview,repo:dmandalidis/docker-client is:pr author:app/dependabot created:>=2017-01-01 sort:created-asc | repo:dmandalidis/docker-client is:pr author:app/dependabot-preview created:>=2017-01-01 sort:created-asc | repo:dmandalidis/docker-client is:pr author:dependabot[bot] created:>=2017-01-01 sort:created-asc | repo:dmandalidis/docker-client is:pr author:dependabot-preview[bot] created:>=2017-01-01 sort:created-asc,True,.github/dependabot.yml,2021-04-30T12:07:28Z,b56ffb323d9ce4ad551a2088a5641e01bcea5a8e,https://github.com/dmandalidis/docker-client/commit/b56ffb323d9ce4ad551a2088a5641e01bcea5a8e,Upgrade to GitHub-native Dependabot
dnsjava/dnsjava,https://github.com/dnsjava/dnsjava,2026-08-14T17:34:39.024698+00:00,ok,,,True,2021-04-30T20:27:04Z,https://github.com/dnsjava/dnsjava/pull/193,193,dependabot,Bump bcprov-jdk15on from 1.66 to 1.67,app/dependabot,repo:dnsjava/dnsjava is:pr author:app/dependabot created:>=2017-01-01 sort:created-asc | repo:dnsjava/dnsjava is:pr author:app/dependabot-preview created:>=2017-01-01 sort:created-asc | repo:dnsjava/dnsjava is:pr author:dependabot[bot] created:>=2017-01-01 sort:created-asc | repo:dnsjava/dnsjava is:pr author:dependabot-preview[bot] created:>=2017-01-01 sort:created-asc,False,,,,,
docker-java/docker-java,https://github.com/docker-java/docker-java,2026-08-14T17:34:45.529770+00:00,ok,,,True,2021-03-29T12:25:50Z,https://github.com/docker-java/docker-java/pull/1570,1570,dependabot-preview,Bump lombok from 1.18.12 to 1.18.18,app/dependabot-preview,repo:docker-java/docker-java is:pr author:app/dependabot created:>=2017-01-01 sort:created-asc | repo:docker-java/docker-java is:pr author:app/dependabot-preview created:>=2017-01-01 sort:created-asc | repo:docker-java/docker-java is:pr author:dependabot[bot] created:>=2017-01-01 sort:created-asc | repo:docker-java/docker-java is:pr author:dependabot-preview[bot] created:>=2017-01-01 sort:created-asc,True,.github/dependabot.yml,2021-03-29T13:27:58Z,c86a53a82f16a4ca9b8873f31a65f95b7e29736e,https://github.com/docker-java/docker-java/commit/c86a53a82f16a4ca9b8873f31a65f95b7e29736e,"Create Dependabot config file (#1571)

Co-authored-by: dependabot-preview[bot] <27856297+dependabot-preview[bot]@users.noreply.github.com>"
dracoon/dracoon-java-sdk,https://github.com/dracoon/dracoon-java-sdk,2026-08-14T17:34:53.346773+00:00,ok,,,True,2022-05-20T20:46:31Z,https://github.com/dracoon/dracoon-java-sdk/pull/8,8,dependabot,Bump gson from 2.8.2 to 2.8.9,app/dependabot,repo:dracoon/dracoon-java-sdk is:pr author:app/dependabot created:>=2017-01-01 sort:created-asc | repo:dracoon/dracoon-java-sdk is:pr author:app/dependabot-preview created:>=2017-01-01 sort:created-asc | repo:dracoon/dracoon-java-sdk is:pr author:dependabot[bot] created:>=2017-01-01 sort:created-asc | repo:dracoon/dracoon-java-sdk is:pr author:dependabot-preview[bot] created:>=2017-01-01 sort:created-asc,False,,,,,
drasyl-overlay/drasyl,https://github.com/drasyl-overlay/drasyl,2026-08-14T17:35:00.437777+00:00,ok,,,False,,,,,,,repo:drasyl-overlay/drasyl is:pr author:app/dependabot created:>=2017-01-01 sort:created-asc | repo:drasyl-overlay/drasyl is:pr author:app/dependabot-preview created:>=2017-01-01 sort:created-asc | repo:drasyl-overlay/drasyl is:pr author:dependabot[bot] created:>=2017-01-01 sort:created-asc | repo:drasyl-overlay/drasyl is:pr author:dependabot-preview[bot] created:>=2017-01-01 sort:created-asc,True,.github/dependabot.yml,2020-09-15T22:42:44Z,351160433213eeb5479425dc82f5dd757d3f9701,https://github.com/drasyl/drasyl/commit/351160433213eeb5479425dc82f5dd757d3f9701,Update .github/dependabot.yml
dromara/hutool,https://github.com/dromara/hutool,2026-08-14T17:35:09.253129+00:00,ok,,,False,,,,,,,repo:dromara/hutool is:pr author:app/dependabot created:>=2017-01-01 sort:created-asc | repo:dromara/hutool is:pr author:app/dependabot-preview created:>=2017-01-01 sort:created-asc | repo:dromara/hutool is:pr author:dependabot[bot] created:>=2017-01-01 sort:created-asc | repo:dromara/hutool is:pr author:dependabot-preview[bot] created:>=2017-01-01 sort:created-asc,False,,,,,
druid-io/druid,https://github.com/druid-io/druid,2026-08-14T17:35:16.809328+00:00,ok,,,False,,,,,,,repo:druid-io/druid is:pr author:app/dependabot created:>=2017-01-01 sort:created-asc | repo:druid-io/druid is:pr author:app/dependabot-preview created:>=2017-01-01 sort:created-asc | repo:druid-io/druid is:pr author:dependabot[bot] created:>=2017-01-01 sort:created-asc | repo:druid-io/druid is:pr author:dependabot-preview[bot] created:>=2017-01-01 sort:created-asc,True,.github/dependabot.yml,2021-06-07T20:56:32Z,dbec8da7ea5e7b9a6c982a527e17cf95ae6d61dd,https://github.com/apache/druid/commit/dbec8da7ea5e7b9a6c982a527e17cf95ae6d61dd,"enable dependabot for dependency updates (#11079)

* enable dependabot for dependency updates
* exclude dependabot config from license checks"
dts-ait/ariadne-json-route-format,https://github.com/dts-ait/ariadne-json-route-format,2026-08-14T17:35:25.886391+00:00,ok,,,False,,,,,,,repo:dts-ait/ariadne-json-route-format is:pr author:app/dependabot created:>=2017-01-01 sort:created-asc | repo:dts-ait/ariadne-json-route-format is:pr author:app/dependabot-preview created:>=2017-01-01 sort:created-asc | repo:dts-ait/ariadne-json-route-format is:pr author:dependabot[bot] created:>=2017-01-01 sort:created-asc | repo:dts-ait/ariadne-json-route-format is:pr author:dependabot-preview[bot] created:>=2017-01-01 sort:created-asc,False,,,,,
duracloud/duracloud,https://github.com/duracloud/duracloud,2026-08-14T17:35:33.754526+00:00,ok,,,True,2019-10-29T20:08:27Z,https://github.com/duracloud/duracloud/pull/105,105,dependabot,Bump checkstyle from 8.8 to 8.18,app/dependabot,repo:duracloud/duracloud is:pr author:app/dependabot created:>=2017-01-01 sort:created-asc | repo:duracloud/duracloud is:pr author:app/dependabot-preview created:>=2017-01-01 sort:created-asc | repo:duracloud/duracloud is:pr author:dependabot[bot] created:>=2017-01-01 sort:created-asc | repo:duracloud/duracloud is:pr author:dependabot-preview[bot] created:>=2017-01-01 sort:created-asc,False,,,,,
duracloud/duracloud-db,https://github.com/duracloud/duracloud-db,2026-08-14T17:35:39.044779+00:00,ok,,,True,2020-01-31T18:02:44Z,https://github.com/duracloud/duracloud-db/pull/14,14,dependabot,Bump checkstyle from 8.21 to 8.29,app/dependabot,repo:duracloud/duracloud-db is:pr author:app/dependabot created:>=2017-01-01 sort:created-asc | repo:duracloud/duracloud-db is:pr author:app/dependabot-preview created:>=2017-01-01 sort:created-asc | repo:duracloud/duracloud-db is:pr author:dependabot[bot] created:>=2017-01-01 sort:created-asc | repo:duracloud/duracloud-db is:pr author:dependabot-preview[bot] created:>=2017-01-01 sort:created-asc,False,,,,,
duracloud/snapshot,https://github.com/duracloud/snapshot,2026-08-14T17:35:45.781890+00:00,ok,,,True,2019-10-29T20:08:24Z,https://github.com/duracloud/snapshot/pull/18,18,dependabot,Bump checkstyle from 8.8 to 8.18,app/dependabot,repo:duracloud/snapshot is:pr author:app/dependabot created:>=2017-01-01 sort:created-asc | repo:duracloud/snapshot is:pr author:app/dependabot-preview created:>=2017-01-01 sort:created-asc | repo:duracloud/snapshot is:pr author:dependabot[bot] created:>=2017-01-01 sort:created-asc | repo:duracloud/snapshot is:pr author:dependabot-preview[bot] created:>=2017-01-01 sort:created-asc,False,,,,,
dustin-johnson/timezonemap,https://github.com/dustin-johnson/timezonemap,2026-08-14T17:35:51.828670+00:00,ok,,,True,2020-10-13T11:18:52Z,https://github.com/dustin-johnson/timezonemap/pull/5,5,dependabot,Bump junit from 4.13 to 4.13.1,app/dependabot,repo:dustin-johnson/timezonemap is:pr author:app/dependabot created:>=2017-01-01 sort:created-asc | repo:dustin-johnson/timezonemap is:pr author:app/dependabot-preview created:>=2017-01-01 sort:created-asc | repo:dustin-johnson/timezonemap is:pr author:dependabot[bot] created:>=2017-01-01 sort:created-asc | repo:dustin-johnson/timezonemap is:pr author:dependabot-preview[bot] created:>=2017-01-01 sort:created-asc,False,,,,,
dwslab/melt,https://github.com/dwslab/melt,2026-08-14T17:35:57.364115+00:00,ok,,,True,2020-06-29T12:41:36Z,https://github.com/dwslab/melt/pull/3,3,dependabot,Bump commons-beanutils from 1.9.3 to 1.9.4 in /matching-eval,app/dependabot,repo:dwslab/melt is:pr author:app/dependabot created:>=2017-01-01 sort:created-asc | repo:dwslab/melt is:pr author:app/dependabot-preview created:>=2017-01-01 sort:created-asc | repo:dwslab/melt is:pr author:dependabot[bot] created:>=2017-01-01 sort:created-asc | repo:dwslab/melt is:pr author:dependabot-preview[bot] created:>=2017-01-01 sort:created-asc,True,.github/dependabot.yml,2021-04-29T15:44:01Z,d9a87cbef567460b812b4d4c6eb3fcf7d94b201a,https://github.com/dwslab/melt/commit/d9a87cbef567460b812b4d4c6eb3fcf7d94b201a,Upgrade to GitHub-native Dependabot
eclipse-ee4j/glassfish,https://github.com/eclipse-ee4j/glassfish,2026-08-14T17:36:05.009184+00:00,ok,,,True,2022-02-01T08:29:53Z,https://github.com/eclipse-ee4j/glassfish/pull/23775,23775,dependabot,Bump httpclient from 4.3.3 to 4.5.13 in /appserver/admingui/devtests,app/dependabot,repo:eclipse-ee4j/glassfish is:pr author:app/dependabot created:>=2017-01-01 sort:created-asc | repo:eclipse-ee4j/glassfish is:pr author:app/dependabot-preview created:>=2017-01-01 sort:created-asc | repo:eclipse-ee4j/glassfish is:pr author:dependabot[bot] created:>=2017-01-01 sort:created-asc | repo:eclipse-ee4j/glassfish is:pr author:dependabot-preview[bot] created:>=2017-01-01 sort:created-asc,False,,,,,
eclipse/deeplearning4j,https://github.com/eclipse/deeplearning4j,2026-08-14T17:36:11.797062+00:00,ok,,,False,,,,,,,repo:eclipse/deeplearning4j is:pr author:app/dependabot created:>=2017-01-01 sort:created-asc | repo:eclipse/deeplearning4j is:pr author:app/dependabot-preview created:>=2017-01-01 sort:created-asc | repo:eclipse/deeplearning4j is:pr author:dependabot[bot] created:>=2017-01-01 sort:created-asc | repo:eclipse/deeplearning4j is:pr author:dependabot-preview[bot] created:>=2017-01-01 sort:created-asc,False,,,,,
eclipse/hono,https://github.com/eclipse/hono,2026-08-14T17:36:20.945947+00:00,ok,,,False,,,,,,,repo:eclipse/hono is:pr author:app/dependabot created:>=2017-01-01 sort:created-asc | repo:eclipse/hono is:pr author:app/dependabot-preview created:>=2017-01-01 sort:created-asc | repo:eclipse/hono is:pr author:dependabot[bot] created:>=2017-01-01 sort:created-asc | repo:eclipse/hono is:pr author:dependabot-preview[bot] created:>=2017-01-01 sort:created-asc,False,,,,,
egetman/jes,https://github.com/egetman/jes,2026-08-14T17:36:29.062870+00:00,ok,,,True,2019-11-13T09:09:43Z,https://github.com/egetman/jes/pull/9,9,dependabot,Bump jackson-databind from 2.9.10 to 2.9.10.1,app/dependabot,repo:egetman/jes is:pr author:app/dependabot created:>=2017-01-01 sort:created-asc | repo:egetman/jes is:pr author:app/dependabot-preview created:>=2017-01-01 sort:created-asc | repo:egetman/jes is:pr author:dependabot[bot] created:>=2017-01-01 sort:created-asc | repo:egetman/jes is:pr author:dependabot-preview[bot] created:>=2017-01-01 sort:created-asc,False,,,,,
egzosn/pay-java-parent,https://github.com/egzosn/pay-java-parent,2026-08-14T17:36:36.674823+00:00,ok,,,True,2020-01-07T02:49:58Z,https://github.com/egzosn/pay-java-parent/pull/48,48,dependabot,Bump jackson-databind from 2.9.10 to 2.9.10.1 in /pay-java-demo,app/dependabot,repo:egzosn/pay-java-parent is:pr author:app/dependabot created:>=2017-01-01 sort:created-asc | repo:egzosn/pay-java-parent is:pr author:app/dependabot-preview created:>=2017-01-01 sort:created-asc | repo:egzosn/pay-java-parent is:pr author:dependabot[bot] created:>=2017-01-01 sort:created-asc | repo:egzosn/pay-java-parent is:pr author:dependabot-preview[bot] created:>=2017-01-01 sort:created-asc,False,,,,,
ehrbase/ehrbase,https://github.com/ehrbase/ehrbase,2026-08-14T17:36:42.485736+00:00,ok,,,True,2019-11-13T12:31:14Z,https://github.com/ehrbase/ehrbase/pull/38,38,dependabot,Bump jackson-databind from 2.9.7 to 2.9.10.1 in /serialisation,app/dependabot,repo:ehrbase/ehrbase is:pr author:app/dependabot created:>=2017-01-01 sort:created-asc | repo:ehrbase/ehrbase is:pr author:app/dependabot-preview created:>=2017-01-01 sort:created-asc | repo:ehrbase/ehrbase is:pr author:dependabot[bot] created:>=2017-01-01 sort:created-asc | repo:ehrbase/ehrbase is:pr author:dependabot-preview[bot] created:>=2017-01-01 sort:created-asc,True,.github/dependabot.yml,2023-03-28T08:42:32Z,7cacef0de3c705c336cd8bdac19dc152e29dc5de,https://github.com/ehrbase/ehrbase/commit/7cacef0de3c705c336cd8bdac19dc152e29dc5de,Create dependabot.yml
eirslett/frontend-maven-plugin,https://github.com/eirslett/frontend-maven-plugin,2026-08-14T17:36:49.586783+00:00,ok,,,True,2020-10-13T06:39:18Z,https://github.com/eirslett/frontend-maven-plugin/pull/936,936,dependabot,Bump junit from 4.13 to 4.13.1 in /frontend-plugin-core,app/dependabot,repo:eirslett/frontend-maven-plugin is:pr author:app/dependabot created:>=2017-01-01 sort:created-asc | repo:eirslett/frontend-maven-plugin is:pr author:app/dependabot-preview created:>=2017-01-01 sort:created-asc | repo:eirslett/frontend-maven-plugin is:pr author:dependabot[bot] created:>=2017-01-01 sort:created-asc | repo:eirslett/frontend-maven-plugin is:pr author:dependabot-preview[bot] created:>=2017-01-01 sort:created-asc,False,,,,,
electronicarts/ea-async,https://github.com/electronicarts/ea-async,2026-08-14T17:36:56.589792+00:00,ok,,,True,2020-10-13T00:30:11Z,https://github.com/electronicarts/ea-async/pull/53,53,dependabot,Bump junit from 4.12 to 4.13.1,app/dependabot,repo:electronicarts/ea-async is:pr author:app/dependabot created:>=2017-01-01 sort:created-asc | repo:electronicarts/ea-async is:pr author:app/dependabot-preview created:>=2017-01-01 sort:created-asc | repo:electronicarts/ea-async is:pr author:dependabot[bot] created:>=2017-01-01 sort:created-asc | repo:electronicarts/ea-async is:pr author:dependabot-preview[bot] created:>=2017-01-01 sort:created-asc,False,,,,,
englishtown/vertx-mod-elasticsearch,https://github.com/englishtown/vertx-mod-elasticsearch,2026-08-14T17:37:02.529695+00:00,ok,,,False,,,,,,,repo:englishtown/vertx-mod-elasticsearch is:pr author:app/dependabot created:>=2017-01-01 sort:created-asc | repo:englishtown/vertx-mod-elasticsearch is:pr author:app/dependabot-preview created:>=2017-01-01 sort:created-asc | repo:englishtown/vertx-mod-elasticsearch is:pr author:dependabot[bot] created:>=2017-01-01 sort:created-asc | repo:englishtown/vertx-mod-elasticsearch is:pr author:dependabot-preview[bot] created:>=2017-01-01 sort:created-asc,False,,,,,
enioka/jqm,https://github.com/enioka/jqm,2026-08-14T17:37:11.269379+00:00,ok,,,False,,,,,,,repo:enioka/jqm is:pr author:app/dependabot created:>=2017-01-01 sort:created-asc | repo:enioka/jqm is:pr author:app/dependabot-preview created:>=2017-01-01 sort:created-asc | repo:enioka/jqm is:pr author:dependabot[bot] created:>=2017-01-01 sort:created-asc | repo:enioka/jqm is:pr author:dependabot-preview[bot] created:>=2017-01-01 sort:created-asc,False,,,,,
entur/mapstruct-spi-protobuf,https://github.com/entur/mapstruct-spi-protobuf,2026-08-14T17:37:19.396972+00:00,ok,,,True,2023-06-14T22:54:40Z,https://github.com/entur/mapstruct-spi-protobuf/pull/336,336,dependabot,Bump guava from 31.1-jre to 32.0.0-jre,app/dependabot,repo:entur/mapstruct-spi-protobuf is:pr author:app/dependabot created:>=2017-01-01 sort:created-asc | repo:entur/mapstruct-spi-protobuf is:pr author:app/dependabot-preview created:>=2017-01-01 sort:created-asc | repo:entur/mapstruct-spi-protobuf is:pr author:dependabot[bot] created:>=2017-01-01 sort:created-asc | repo:entur/mapstruct-spi-protobuf is:pr author:dependabot-preview[bot] created:>=2017-01-01 sort:created-asc,True,.github/dependabot.yml,2026-02-17T07:46:11Z,2b93788a4dc3c1ade87c56e619ea5e1859c1be64,https://github.com/entur/mapstruct-spi-protobuf/commit/2b93788a4dc3c1ade87c56e619ea5e1859c1be64,"Enable dependabot (#506)[skip ci]

Co-authored-by: erlend <erlend@scelto.no>"
envoyproxy/protoc-gen-validate,https://github.com/envoyproxy/protoc-gen-validate,2026-08-14T17:37:27.137151+00:00,ok,,,False,,,,,,,repo:envoyproxy/protoc-gen-validate is:pr author:app/dependabot created:>=2017-01-01 sort:created-asc | repo:envoyproxy/protoc-gen-validate is:pr author:app/dependabot-preview created:>=2017-01-01 sort:created-asc | repo:envoyproxy/protoc-gen-validate is:pr author:dependabot[bot] created:>=2017-01-01 sort:created-asc | repo:envoyproxy/protoc-gen-validate is:pr author:dependabot-preview[bot] created:>=2017-01-01 sort:created-asc,True,.github/dependabot.yml,2022-10-17T16:56:18Z,bc3d11ac422ba5785459b27703affbc6b7b5da5a,https://github.com/bufbuild/protoc-gen-validate/commit/bc3d11ac422ba5785459b27703affbc6b7b5da5a,"TCN-612 Configure Dependabot (#679)

Includes coverage for gomod in `root` & `tests` as well as maven in
`java`"
erudika/para-dao-sql,https://github.com/erudika/para-dao-sql,2026-08-14T17:37:36.926191+00:00,ok,,,True,2020-10-12T23:13:11Z,https://github.com/Erudika/para-dao-sql/pull/3,3,dependabot,Bump junit from 4.12 to 4.13.1,app/dependabot,repo:erudika/para-dao-sql is:pr author:app/dependabot created:>=2017-01-01 sort:created-asc | repo:erudika/para-dao-sql is:pr author:app/dependabot-preview created:>=2017-01-01 sort:created-asc | repo:erudika/para-dao-sql is:pr author:dependabot[bot] created:>=2017-01-01 sort:created-asc | repo:erudika/para-dao-sql is:pr author:dependabot-preview[bot] created:>=2017-01-01 sort:created-asc,False,,,,,
esaulpaugh/headlong,https://github.com/esaulpaugh/headlong,2026-08-14T17:37:43.065408+00:00,ok,,,False,,,,,,,repo:esaulpaugh/headlong is:pr author:app/dependabot created:>=2017-01-01 sort:created-asc | repo:esaulpaugh/headlong is:pr author:app/dependabot-preview created:>=2017-01-01 sort:created-asc | repo:esaulpaugh/headlong is:pr author:dependabot[bot] created:>=2017-01-01 sort:created-asc | repo:esaulpaugh/headlong is:pr author:dependabot-preview[bot] created:>=2017-01-01 sort:created-asc,False,,,,,
esbtools/esb-message-admin,https://github.com/esbtools/esb-message-admin,2026-08-14T17:37:50.357066+00:00,ok,,,True,2024-04-29T17:42:40Z,https://github.com/esbtools/esb-message-admin/pull/187,187,dependabot,Bump com.fasterxml.jackson.core:jackson-databind from 2.7.2 to 2.12.7.1,app/dependabot,repo:esbtools/esb-message-admin is:pr author:app/dependabot created:>=2017-01-01 sort:created-asc | repo:esbtools/esb-message-admin is:pr author:app/dependabot-preview created:>=2017-01-01 sort:created-asc | repo:esbtools/esb-message-admin is:pr author:dependabot[bot] created:>=2017-01-01 sort:created-asc | repo:esbtools/esb-message-admin is:pr author:dependabot-preview[bot] created:>=2017-01-01 sort:created-asc,False,,,,,
eu-emi/canl-java,https://github.com/eu-emi/canl-java,2026-08-14T17:37:55.880907+00:00,ok,,,True,2020-10-12T18:33:37Z,https://github.com/eu-emi/canl-java/pull/106,106,dependabot,Bump junit from 4.12 to 4.13.1,app/dependabot,repo:eu-emi/canl-java is:pr author:app/dependabot created:>=2017-01-01 sort:created-asc | repo:eu-emi/canl-java is:pr author:app/dependabot-preview created:>=2017-01-01 sort:created-asc | repo:eu-emi/canl-java is:pr author:dependabot[bot] created:>=2017-01-01 sort:created-asc | repo:eu-emi/canl-java is:pr author:dependabot-preview[bot] created:>=2017-01-01 sort:created-asc,False,,,,,
euler-projects/euler-framework,https://github.com/euler-projects/euler-framework,2026-08-14T17:38:02.640457+00:00,ok,,,True,2019-11-02T06:39:27Z,https://github.com/euler-projects/euler-framework/pull/19,19,dependabot,Bump jackson.version from 2.9.7 to 2.10.0 in /euler-web-parent,app/dependabot,repo:euler-projects/euler-framework is:pr author:app/dependabot created:>=2017-01-01 sort:created-asc | repo:euler-projects/euler-framework is:pr author:app/dependabot-preview created:>=2017-01-01 sort:created-asc | repo:euler-projects/euler-framework is:pr author:dependabot[bot] created:>=2017-01-01 sort:created-asc | repo:euler-projects/euler-framework is:pr author:dependabot-preview[bot] created:>=2017-01-01 sort:created-asc,False,,,,,
evanchooly/bottlerocket,https://github.com/evanchooly/bottlerocket,2026-08-14T17:38:10.614440+00:00,ok,,,True,2020-07-18T22:44:13Z,https://github.com/evanchooly/bottlerocket/pull/18,18,dependabot,Bump commons-compress from 1.9 to 1.19,app/dependabot,repo:evanchooly/bottlerocket is:pr author:app/dependabot created:>=2017-01-01 sort:created-asc | repo:evanchooly/bottlerocket is:pr author:app/dependabot-preview created:>=2017-01-01 sort:created-asc | repo:evanchooly/bottlerocket is:pr author:dependabot[bot] created:>=2017-01-01 sort:created-asc | repo:evanchooly/bottlerocket is:pr author:dependabot-preview[bot] created:>=2017-01-01 sort:created-asc,True,.github/dependabot.yaml,2021-11-30T05:27:31Z,d3310a12543f1fc09fffc0246aaa5c0502158801,https://github.com/evanchooly/bottlerocket/commit/d3310a12543f1fc09fffc0246aaa5c0502158801,add dependabot
excelsior-oss/restler,https://github.com/excelsior-oss/restler,2026-08-14T17:38:18.768682+00:00,ok,,,False,,,,,,,repo:excelsior-oss/restler is:pr author:app/dependabot created:>=2017-01-01 sort:created-asc | repo:excelsior-oss/restler is:pr author:app/dependabot-preview created:>=2017-01-01 sort:created-asc | repo:excelsior-oss/restler is:pr author:dependabot[bot] created:>=2017-01-01 sort:created-asc | repo:excelsior-oss/restler is:pr author:dependabot-preview[bot] created:>=2017-01-01 sort:created-asc,False,,,,,
exist-db/exist,https://github.com/exist-db/exist,2026-08-14T17:38:24.685666+00:00,ok,,,True,2019-05-22T19:29:29Z,https://github.com/eXist-db/exist/pull/2710,2710,dependabot-preview,Bump exificient from 0.9.3 to 1.0.4,app/dependabot-preview,repo:exist-db/exist is:pr author:app/dependabot created:>=2017-01-01 sort:created-asc | repo:exist-db/exist is:pr author:app/dependabot-preview created:>=2017-01-01 sort:created-asc | repo:exist-db/exist is:pr author:dependabot[bot] created:>=2017-01-01 sort:created-asc | repo:exist-db/exist is:pr author:dependabot-preview[bot] created:>=2017-01-01 sort:created-asc,True,.github/dependabot.yml,2021-04-28T16:45:38Z,b7734db1097aeaf3eed64cf2a198f287d36d41cc,https://github.com/eXist-db/exist/commit/b7734db1097aeaf3eed64cf2a198f287d36d41cc,Upgrade to GitHub-native Dependabot
fabric8io/elasticsearch-cloud-kubernetes,https://github.com/fabric8io/elasticsearch-cloud-kubernetes,2026-08-14T17:38:31.505840+00:00,ok,,,False,,,,,,,repo:fabric8io/elasticsearch-cloud-kubernetes is:pr author:app/dependabot created:>=2017-01-01 sort:created-asc | repo:fabric8io/elasticsearch-cloud-kubernetes is:pr author:app/dependabot-preview created:>=2017-01-01 sort:created-asc | repo:fabric8io/elasticsearch-cloud-kubernetes is:pr author:dependabot[bot] created:>=2017-01-01 sort:created-asc | repo:fabric8io/elasticsearch-cloud-kubernetes is:pr author:dependabot-preview[bot] created:>=2017-01-01 sort:created-asc,False,,,,,
fabric8io/fabric8,https://github.com/fabric8io/fabric8,2026-08-14T17:38:37.950899+00:00,ok,,,False,,,,,,,repo:fabric8io/fabric8 is:pr author:app/dependabot created:>=2017-01-01 sort:created-asc | repo:fabric8io/fabric8 is:pr author:app/dependabot-preview created:>=2017-01-01 sort:created-asc | repo:fabric8io/fabric8 is:pr author:dependabot[bot] created:>=2017-01-01 sort:created-asc | repo:fabric8io/fabric8 is:pr author:dependabot-preview[bot] created:>=2017-01-01 sort:created-asc,False,,,,,
fabric8io/kubernetes-client,https://github.com/fabric8io/kubernetes-client,2026-08-14T17:38:43.375208+00:00,ok,,,True,2019-03-06T13:19:51Z,https://github.com/fabric8io/kubernetes-client/pull/1388,1388,dependabot-preview,Bump depends-maven-plugin from 1.3 to 1.4.0,app/dependabot-preview,repo:fabric8io/kubernetes-client is:pr author:app/dependabot created:>=2017-01-01 sort:created-asc | repo:fabric8io/kubernetes-client is:pr author:app/dependabot-preview created:>=2017-01-01 sort:created-asc | repo:fabric8io/kubernetes-client is:pr author:dependabot[bot] created:>=2017-01-01 sort:created-asc | repo:fabric8io/kubernetes-client is:pr author:dependabot-preview[bot] created:>=2017-01-01 sort:created-asc,True,.github/dependabot.yml,2020-12-22T20:36:51Z,e2d2b94a5e6658d933fe074aa0629d3ba6ff2405,https://github.com/fabric8io/kubernetes-client/commit/e2d2b94a5e6658d933fe074aa0629d3ba6ff2405,enable Dependabot v2
factcast/factcast,https://github.com/factcast/factcast,2026-08-14T17:38:51.366895+00:00,ok,,,True,2019-06-21T19:36:12Z,https://github.com/factcast/factcast/pull/453,453,dependabot-preview,Bump netty-tcnative-boringssl-static from 2.0.24.Final to 2.0.25.Final,app/dependabot-preview,repo:factcast/factcast is:pr author:app/dependabot created:>=2017-01-01 sort:created-asc | repo:factcast/factcast is:pr author:app/dependabot-preview created:>=2017-01-01 sort:created-asc | repo:factcast/factcast is:pr author:dependabot[bot] created:>=2017-01-01 sort:created-asc | repo:factcast/factcast is:pr author:dependabot-preview[bot] created:>=2017-01-01 sort:created-asc,False,,,,,
fartherp/framework,https://github.com/fartherp/framework,2026-08-14T17:38:58.520131+00:00,ok,,,True,2019-10-30T22:09:31Z,https://github.com/fartherp/framework/pull/2,2,dependabot,Bump netty-all from 4.1.32.Final to 4.1.42.Final,app/dependabot,repo:fartherp/framework is:pr author:app/dependabot created:>=2017-01-01 sort:created-asc | repo:fartherp/framework is:pr author:app/dependabot-preview created:>=2017-01-01 sort:created-asc | repo:fartherp/framework is:pr author:dependabot[bot] created:>=2017-01-01 sort:created-asc | repo:fartherp/framework is:pr author:dependabot-preview[bot] created:>=2017-01-01 sort:created-asc,False,,,,,
fastjrun/sdkg,https://github.com/fastjrun/sdkg,2026-08-14T17:39:04.808297+00:00,ok,,,True,2022-11-13T05:53:06Z,https://github.com/fastjrun/sdkg/pull/16,16,dependabot,Bump snakeyaml from 1.29 to 1.32 in /base-sdkg/base-sdkg-test,app/dependabot,repo:fastjrun/sdkg is:pr author:app/dependabot created:>=2017-01-01 sort:created-asc | repo:fastjrun/sdkg is:pr author:app/dependabot-preview created:>=2017-01-01 sort:created-asc | repo:fastjrun/sdkg is:pr author:dependabot[bot] created:>=2017-01-01 sort:created-asc | repo:fastjrun/sdkg is:pr author:dependabot-preview[bot] created:>=2017-01-01 sort:created-asc,False,,,,,
fcrepo-exts/fcrepo-camel,https://github.com/fcrepo-exts/fcrepo-camel,2026-08-14T17:39:11.674027+00:00,ok,,,True,2019-10-30T07:12:50Z,https://github.com/fcrepo-exts/fcrepo-camel/pull/156,156,dependabot,Bump camel.version from 2.20.4 to 2.24.2,app/dependabot,repo:fcrepo-exts/fcrepo-camel is:pr author:app/dependabot created:>=2017-01-01 sort:created-asc | repo:fcrepo-exts/fcrepo-camel is:pr author:app/dependabot-preview created:>=2017-01-01 sort:created-asc | repo:fcrepo-exts/fcrepo-camel is:pr author:dependabot[bot] created:>=2017-01-01 sort:created-asc | repo:fcrepo-exts/fcrepo-camel is:pr author:dependabot-preview[bot] created:>=2017-01-01 sort:created-asc,False,,,,,
fcrepo-exts/fcrepo-camel-toolbox,https://github.com/fcrepo-exts/fcrepo-camel-toolbox,2026-08-14T17:39:17.634020+00:00,ok,,,True,2020-07-14T20:20:37Z,https://github.com/fcrepo-exts/fcrepo-camel-toolbox/pull/153,153,dependabot,Bump xercesImpl from 2.11.0 to 2.12.0,app/dependabot,repo:fcrepo-exts/fcrepo-camel-toolbox is:pr author:app/dependabot created:>=2017-01-01 sort:created-asc | repo:fcrepo-exts/fcrepo-camel-toolbox is:pr author:app/dependabot-preview created:>=2017-01-01 sort:created-asc | repo:fcrepo-exts/fcrepo-camel-toolbox is:pr author:dependabot[bot] created:>=2017-01-01 sort:created-asc | repo:fcrepo-exts/fcrepo-camel-toolbox is:pr author:dependabot-preview[bot] created:>=2017-01-01 sort:created-asc,False,,,,,
fcrepo/fcrepo,https://github.com/fcrepo/fcrepo,2026-08-14T17:39:23.900774+00:00,ok,,,True,2019-10-29T13:32:55Z,https://github.com/fcrepo/fcrepo/pull/1563,1563,dependabot,Bump jackson2.version from 2.9.9 to 2.10.0,app/dependabot,repo:fcrepo/fcrepo is:pr author:app/dependabot created:>=2017-01-01 sort:created-asc | repo:fcrepo/fcrepo is:pr author:app/dependabot-preview created:>=2017-01-01 sort:created-asc | repo:fcrepo/fcrepo is:pr author:dependabot[bot] created:>=2017-01-01 sort:created-asc | repo:fcrepo/fcrepo is:pr author:dependabot-preview[bot] created:>=2017-01-01 sort:created-asc,False,,,,,
fcrepo3/fcrepo,https://github.com/fcrepo3/fcrepo,2026-08-14T17:39:30.481990+00:00,ok,,,False,,,,,,,repo:fcrepo3/fcrepo is:pr author:app/dependabot created:>=2017-01-01 sort:created-asc | repo:fcrepo3/fcrepo is:pr author:app/dependabot-preview created:>=2017-01-01 sort:created-asc | repo:fcrepo3/fcrepo is:pr author:dependabot[bot] created:>=2017-01-01 sort:created-asc | repo:fcrepo3/fcrepo is:pr author:dependabot-preview[bot] created:>=2017-01-01 sort:created-asc,False,,,,,
fcrepo4-exts/fcrepo-camel-toolbox,https://github.com/fcrepo4-exts/fcrepo-camel-toolbox,2026-08-14T17:39:36.170359+00:00,ok,,,False,,,,,,,repo:fcrepo4-exts/fcrepo-camel-toolbox is:pr author:app/dependabot created:>=2017-01-01 sort:created-asc | repo:fcrepo4-exts/fcrepo-camel-toolbox is:pr author:app/dependabot-preview created:>=2017-01-01 sort:created-asc | repo:fcrepo4-exts/fcrepo-camel-toolbox is:pr author:dependabot[bot] created:>=2017-01-01 sort:created-asc | repo:fcrepo4-exts/fcrepo-camel-toolbox is:pr author:dependabot-preview[bot] created:>=2017-01-01 sort:created-asc,False,,,,,
fedora-java/xmvn,https://github.com/fedora-java/xmvn,2026-08-14T17:39:45.255705+00:00,ok,,,True,2020-10-12T19:19:23Z,https://github.com/fedora-java/xmvn/pull/59,59,dependabot,Bump junit from 4.12 to 4.13.1 in /xmvn-it/src/test/resources/testBuilddepProfiles,app/dependabot,repo:fedora-java/xmvn is:pr author:app/dependabot created:>=2017-01-01 sort:created-asc | repo:fedora-java/xmvn is:pr author:app/dependabot-preview created:>=2017-01-01 sort:created-asc | repo:fedora-java/xmvn is:pr author:dependabot[bot] created:>=2017-01-01 sort:created-asc | repo:fedora-java/xmvn is:pr author:dependabot-preview[bot] created:>=2017-01-01 sort:created-asc,True,.github/dependabot.yml,2021-07-06T11:17:10Z,855bbb4526cc1656927a90bd3ad73589c89b53ed,https://github.com/fedora-java/xmvn/commit/855bbb4526cc1656927a90bd3ad73589c89b53ed,[ci] Add initial dependabot.yml
felleslosninger/efm-integrasjonspunkt,https://github.com/felleslosninger/efm-integrasjonspunkt,2026-08-14T17:39:53.066955+00:00,ok,,,True,2020-11-26T11:03:47Z,https://github.com/felleslosninger/efm-integrasjonspunkt/pull/929,929,dependabot,Bump junit from 4.12 to 4.13.1 in /feature-tests,app/dependabot,repo:felleslosninger/efm-integrasjonspunkt is:pr author:app/dependabot created:>=2017-01-01 sort:created-asc | repo:felleslosninger/efm-integrasjonspunkt is:pr author:app/dependabot-preview created:>=2017-01-01 sort:created-asc | repo:felleslosninger/efm-integrasjonspunkt is:pr author:dependabot[bot] created:>=2017-01-01 sort:created-asc | repo:felleslosninger/efm-integrasjonspunkt is:pr author:dependabot-preview[bot] created:>=2017-01-01 sort:created-asc,True,.github/dependabot.yml,2023-10-27T19:40:30Z,ee367c2028737ead763c893b2adcd61d12e67880,https://github.com/felleslosninger/efm-integrasjonspunkt/commit/ee367c2028737ead763c893b2adcd61d12e67880,feat: MOVE-3605: Enable Dependabot version updates
fidusio/zoxweb-core,https://github.com/fidusio/zoxweb-core,2026-08-14T17:40:00.980584+00:00,ok,,,True,2021-06-04T22:08:45Z,https://github.com/fidusio/zoxweb-core/pull/1,1,dependabot,Bump snakeyaml from 1.24 to 1.26,app/dependabot,repo:fidusio/zoxweb-core is:pr author:app/dependabot created:>=2017-01-01 sort:created-asc | repo:fidusio/zoxweb-core is:pr author:app/dependabot-preview created:>=2017-01-01 sort:created-asc | repo:fidusio/zoxweb-core is:pr author:dependabot[bot] created:>=2017-01-01 sort:created-asc | repo:fidusio/zoxweb-core is:pr author:dependabot-preview[bot] created:>=2017-01-01 sort:created-asc,False,,,,,
fizzed/stork,https://github.com/fizzed/stork,2026-08-14T17:40:07.200052+00:00,ok,,,True,2019-10-29T20:15:45Z,https://github.com/fizzed/stork/pull/31,31,dependabot,Bump jackson.version from 2.8.1 to 2.10.0,app/dependabot,repo:fizzed/stork is:pr author:app/dependabot created:>=2017-01-01 sort:created-asc | repo:fizzed/stork is:pr author:app/dependabot-preview created:>=2017-01-01 sort:created-asc | repo:fizzed/stork is:pr author:dependabot[bot] created:>=2017-01-01 sort:created-asc | repo:fizzed/stork is:pr author:dependabot-preview[bot] created:>=2017-01-01 sort:created-asc,False,,,,,
flapdoodle-oss/de.flapdoodle.embed.process,https://github.com/flapdoodle-oss/de.flapdoodle.embed.process,2026-08-14T17:40:12.438771+00:00,ok,,,True,2020-02-13T06:57:07Z,https://github.com/flapdoodle-oss/de.flapdoodle.embed.process/pull/110,110,dependabot,Bump commons-compress from 1.16.1 to 1.19,app/dependabot,repo:flapdoodle-oss/de.flapdoodle.embed.process is:pr author:app/dependabot created:>=2017-01-01 sort:created-asc | repo:flapdoodle-oss/de.flapdoodle.embed.process is:pr author:app/dependabot-preview created:>=2017-01-01 sort:created-asc | repo:flapdoodle-oss/de.flapdoodle.embed.process is:pr author:dependabot[bot] created:>=2017-01-01 sort:created-asc | repo:flapdoodle-oss/de.flapdoodle.embed.process is:pr author:dependabot-preview[bot] created:>=2017-01-01 sort:created-asc,False,,,,,
flowable/flowable-engine,https://github.com/flowable/flowable-engine,2026-08-14T17:40:19.824122+00:00,ok,,,True,2019-11-04T21:22:35Z,https://github.com/flowable/flowable-engine/pull/2000,2000,dependabot,Bump jackson.version from 2.9.10 to 2.10.0,app/dependabot,repo:flowable/flowable-engine is:pr author:app/dependabot created:>=2017-01-01 sort:created-asc | repo:flowable/flowable-engine is:pr author:app/dependabot-preview created:>=2017-01-01 sort:created-asc | repo:flowable/flowable-engine is:pr author:dependabot[bot] created:>=2017-01-01 sort:created-asc | repo:flowable/flowable-engine is:pr author:dependabot-preview[bot] created:>=2017-01-01 sort:created-asc,False,,,,,
flowlogix/flowlogix,https://github.com/flowlogix/flowlogix,2026-08-14T17:40:25.441147+00:00,ok,,,True,2020-09-22T22:48:07Z,https://github.com/flowlogix/flowlogix/pull/65,65,dependabot,Bump commons-fileupload from 1.3.2 to 1.3.3 in /build-core,app/dependabot,repo:flowlogix/flowlogix is:pr author:app/dependabot created:>=2017-01-01 sort:created-asc | repo:flowlogix/flowlogix is:pr author:app/dependabot-preview created:>=2017-01-01 sort:created-asc | repo:flowlogix/flowlogix is:pr author:dependabot[bot] created:>=2017-01-01 sort:created-asc | repo:flowlogix/flowlogix is:pr author:dependabot-preview[bot] created:>=2017-01-01 sort:created-asc,True,.github/dependabot.yml,2021-12-31T20:11:04Z,9caf7daced068ca4427a53358b55e1cbc39a7b29,https://github.com/flowlogix/flowlogix/commit/9caf7daced068ca4427a53358b55e1cbc39a7b29,added dependabot config
fluo-io/fluo,https://github.com/fluo-io/fluo,2026-08-14T17:40:32.792762+00:00,ok,,,False,,,,,,,repo:fluo-io/fluo is:pr author:app/dependabot created:>=2017-01-01 sort:created-asc | repo:fluo-io/fluo is:pr author:app/dependabot-preview created:>=2017-01-01 sort:created-asc | repo:fluo-io/fluo is:pr author:dependabot[bot] created:>=2017-01-01 sort:created-asc | repo:fluo-io/fluo is:pr author:dependabot-preview[bot] created:>=2017-01-01 sort:created-asc,False,,,,,
flyingsaucerproject/flyingsaucer,https://github.com/flyingsaucerproject/flyingsaucer,2026-08-14T17:40:40.310955+00:00,ok,,,True,2019-11-13T12:58:16Z,https://github.com/flyingsaucerproject/flyingsaucer/pull/166,166,dependabot,Bump bouncycastle.version from 1.60 to 1.64 in /flying-saucer-pdf,app/dependabot,repo:flyingsaucerproject/flyingsaucer is:pr author:app/dependabot created:>=2017-01-01 sort:created-asc | repo:flyingsaucerproject/flyingsaucer is:pr author:app/dependabot-preview created:>=2017-01-01 sort:created-asc | repo:flyingsaucerproject/flyingsaucer is:pr author:dependabot[bot] created:>=2017-01-01 sort:created-asc | repo:flyingsaucerproject/flyingsaucer is:pr author:dependabot-preview[bot] created:>=2017-01-01 sort:created-asc,True,.github/dependabot.yml,2023-09-17T07:14:08Z,f18ad3831ca760b6a362790382ba7324c5fd6199,https://github.com/flyingsaucerproject/flyingsaucer/commit/f18ad3831ca760b6a362790382ba7324c5fd6199,Enable dependabot to automatically update dependencies
flyway/flyway,https://github.com/flyway/flyway,2026-08-14T17:40:47.099811+00:00,ok,,,False,,,,,,,repo:flyway/flyway is:pr author:app/dependabot created:>=2017-01-01 sort:created-asc | repo:flyway/flyway is:pr author:app/dependabot-preview created:>=2017-01-01 sort:created-asc | repo:flyway/flyway is:pr author:dependabot[bot] created:>=2017-01-01 sort:created-asc | repo:flyway/flyway is:pr author:dependabot-preview[bot] created:>=2017-01-01 sort:created-asc,False,,,,,
freedomotic/freedomotic,https://github.com/freedomotic/freedomotic,2026-08-14T17:40:53.183113+00:00,ok,,,True,2019-10-29T13:36:03Z,https://github.com/freedomotic/freedomotic/pull/479,479,dependabot,Bump org.eclipse.paho.client.mqttv3 from 1.2.0 to 1.2.1 in /plugins/devices/mqtt-client,app/dependabot,repo:freedomotic/freedomotic is:pr author:app/dependabot created:>=2017-01-01 sort:created-asc | repo:freedomotic/freedomotic is:pr author:app/dependabot-preview created:>=2017-01-01 sort:created-asc | repo:freedomotic/freedomotic is:pr author:dependabot[bot] created:>=2017-01-01 sort:created-asc | repo:freedomotic/freedomotic is:pr author:dependabot-preview[bot] created:>=2017-01-01 sort:created-asc,False,,,,,
fuinorg/event-store-maven-plugin,https://github.com/fuinorg/event-store-maven-plugin,2026-08-14T17:40:59.289845+00:00,ok,,,True,2020-03-07T12:34:59Z,https://github.com/fuinorg/event-store-maven-plugin/pull/22,22,dependabot,Bump commons-compress from 1.18 to 1.19 in /es-maven-plugin,app/dependabot,repo:fuinorg/event-store-maven-plugin is:pr author:app/dependabot created:>=2017-01-01 sort:created-asc | repo:fuinorg/event-store-maven-plugin is:pr author:app/dependabot-preview created:>=2017-01-01 sort:created-asc | repo:fuinorg/event-store-maven-plugin is:pr author:dependabot[bot] created:>=2017-01-01 sort:created-asc | repo:fuinorg/event-store-maven-plugin is:pr author:dependabot-preview[bot] created:>=2017-01-01 sort:created-asc,False,,,,,
fujion/fujion-framework,https://github.com/fujion/fujion-framework,2026-08-14T17:41:05.488096+00:00,ok,,,True,2020-04-29T22:55:58Z,https://github.com/fujion/fujion-framework/pull/6,6,dependabot,Bump jquery from 3.1.1 to 3.5.0 in /fujion-archetype-parent/fujion-archetype-angular/src/main/resources/archetype-resources,app/dependabot,repo:fujion/fujion-framework is:pr author:app/dependabot created:>=2017-01-01 sort:created-asc | repo:fujion/fujion-framework is:pr author:app/dependabot-preview created:>=2017-01-01 sort:created-asc | repo:fujion/fujion-framework is:pr author:dependabot[bot] created:>=2017-01-01 sort:created-asc | repo:fujion/fujion-framework is:pr author:dependabot-preview[bot] created:>=2017-01-01 sort:created-asc,False,,,,,
furkandogan/web-automation-template,https://github.com/furkandogan/web-automation-template,2026-08-14T17:41:12.830899+00:00,ok,,,True,2020-10-13T02:15:27Z,https://github.com/furkandogan/web-automation-template/pull/1,1,dependabot,Bump junit from 4.12 to 4.13.1,app/dependabot,repo:furkandogan/web-automation-template is:pr author:app/dependabot created:>=2017-01-01 sort:created-asc | repo:furkandogan/web-automation-template is:pr author:app/dependabot-preview created:>=2017-01-01 sort:created-asc | repo:furkandogan/web-automation-template is:pr author:dependabot[bot] created:>=2017-01-01 sort:created-asc | repo:furkandogan/web-automation-template is:pr author:dependabot-preview[bot] created:>=2017-01-01 sort:created-asc,False,,,,,
g-research/siembol,https://github.com/g-research/siembol,2026-08-14T17:41:18.266927+00:00,ok,,,True,2020-11-26T16:24:51Z,https://github.com/G-Research/siembol/pull/8,8,dependabot,Bump elliptic from 6.5.2 to 6.5.3 in /config-editor/config-editor-ui,app/dependabot,repo:g-research/siembol is:pr author:app/dependabot created:>=2017-01-01 sort:created-asc | repo:g-research/siembol is:pr author:app/dependabot-preview created:>=2017-01-01 sort:created-asc | repo:g-research/siembol is:pr author:dependabot[bot] created:>=2017-01-01 sort:created-asc | repo:g-research/siembol is:pr author:dependabot-preview[bot] created:>=2017-01-01 sort:created-asc,True,.github/dependabot.yml,2021-05-26T09:35:36Z,fea0df8802176444b283375ffba6ede2f927021c,https://github.com/G-Research/siembol/commit/fea0df8802176444b283375ffba6ede2f927021c,Add dependabot support (#70)
galan/commons,https://github.com/galan/commons,2026-08-14T17:41:25.160424+00:00,ok,,,True,2019-11-13T02:55:39Z,https://github.com/galan/commons/pull/3,3,dependabot,Bump jackson-databind from 2.9.10 to 2.9.10.1,app/dependabot,repo:galan/commons is:pr author:app/dependabot created:>=2017-01-01 sort:created-asc | repo:galan/commons is:pr author:app/dependabot-preview created:>=2017-01-01 sort:created-asc | repo:galan/commons is:pr author:dependabot[bot] created:>=2017-01-01 sort:created-asc | repo:galan/commons is:pr author:dependabot-preview[bot] created:>=2017-01-01 sort:created-asc,False,,,,,
galasa-dev/framework,https://github.com/galasa-dev/framework,2026-08-14T17:41:32.015117+00:00,ok,,,False,,,,,,,repo:galasa-dev/framework is:pr author:app/dependabot created:>=2017-01-01 sort:created-asc | repo:galasa-dev/framework is:pr author:app/dependabot-preview created:>=2017-01-01 sort:created-asc | repo:galasa-dev/framework is:pr author:dependabot[bot] created:>=2017-01-01 sort:created-asc | repo:galasa-dev/framework is:pr author:dependabot-preview[bot] created:>=2017-01-01 sort:created-asc,False,,,,,
geolatte/geolatte-geom,https://github.com/geolatte/geolatte-geom,2026-08-14T17:41:40.183716+00:00,ok,,,True,2019-11-13T01:23:22Z,https://github.com/GeoLatte/geolatte-geom/pull/88,88,dependabot,Bump jackson-databind from 2.9.10 to 2.9.10.1 in /json,app/dependabot,repo:geolatte/geolatte-geom is:pr author:app/dependabot created:>=2017-01-01 sort:created-asc | repo:geolatte/geolatte-geom is:pr author:app/dependabot-preview created:>=2017-01-01 sort:created-asc | repo:geolatte/geolatte-geom is:pr author:dependabot[bot] created:>=2017-01-01 sort:created-asc | repo:geolatte/geolatte-geom is:pr author:dependabot-preview[bot] created:>=2017-01-01 sort:created-asc,False,,,,,
geomajas/geomajas-project-client-gwt,https://github.com/geomajas/geomajas-project-client-gwt,2026-08-14T17:41:47.000737+00:00,ok,,,False,,,,,,,repo:geomajas/geomajas-project-client-gwt is:pr author:app/dependabot created:>=2017-01-01 sort:created-asc | repo:geomajas/geomajas-project-client-gwt is:pr author:app/dependabot-preview created:>=2017-01-01 sort:created-asc | repo:geomajas/geomajas-project-client-gwt is:pr author:dependabot[bot] created:>=2017-01-01 sort:created-asc | repo:geomajas/geomajas-project-client-gwt is:pr author:dependabot-preview[bot] created:>=2017-01-01 sort:created-asc,False,,,,,
georgberky/dependency-update-maven-plugin,https://github.com/georgberky/dependency-update-maven-plugin,2026-08-14T17:41:52.767234+00:00,ok,,,True,2021-05-18T17:09:05Z,https://github.com/georgberky/dependency-update-maven-plugin/pull/23,23,dependabot,Bump commons-io from 2.5 to 2.7,app/dependabot,repo:georgberky/dependency-update-maven-plugin is:pr author:app/dependabot created:>=2017-01-01 sort:created-asc | repo:georgberky/dependency-update-maven-plugin is:pr author:app/dependabot-preview created:>=2017-01-01 sort:created-asc | repo:georgberky/dependency-update-maven-plugin is:pr author:dependabot[bot] created:>=2017-01-01 sort:created-asc | repo:georgberky/dependency-update-maven-plugin is:pr author:dependabot-preview[bot] created:>=2017-01-01 sort:created-asc,False,,,,,
gismaker/lambkit,https://github.com/gismaker/lambkit,2026-08-14T17:41:59.063341+00:00,ok,,,True,2019-11-13T09:08:31Z,https://github.com/gismaker/lambkit/pull/1,1,dependabot,Bump jackson-databind from 2.9.1 to 2.9.10.1,app/dependabot,repo:gismaker/lambkit is:pr author:app/dependabot created:>=2017-01-01 sort:created-asc | repo:gismaker/lambkit is:pr author:app/dependabot-preview created:>=2017-01-01 sort:created-asc | repo:gismaker/lambkit is:pr author:dependabot[bot] created:>=2017-01-01 sort:created-asc | repo:gismaker/lambkit is:pr author:dependabot-preview[bot] created:>=2017-01-01 sort:created-asc,False,,,,,
godaddy/asherah,https://github.com/godaddy/asherah,2026-08-14T17:42:06.405730+00:00,ok,,,True,2020-07-01T23:37:37Z,https://github.com/godaddy/asherah/pull/249,249,dependabot,Bump mysql-connector-java from 8.0.13 to 8.0.16 in /samples/java/reference-app,app/dependabot,repo:godaddy/asherah is:pr author:app/dependabot created:>=2017-01-01 sort:created-asc | repo:godaddy/asherah is:pr author:app/dependabot-preview created:>=2017-01-01 sort:created-asc | repo:godaddy/asherah is:pr author:dependabot[bot] created:>=2017-01-01 sort:created-asc | repo:godaddy/asherah is:pr author:dependabot-preview[bot] created:>=2017-01-01 sort:created-asc,True,.github/dependabot.yml,2024-11-20T00:11:05Z,8bdb566d70acb478548bb14f32e01fc36ad3918f,https://github.com/godaddy/asherah/commit/8bdb566d70acb478548bb14f32e01fc36ad3918f,initial dependabot.yml
goldmansachs/obevo,https://github.com/goldmansachs/obevo,2026-08-14T17:42:13.542339+00:00,ok,,,True,2020-01-31T18:03:08Z,https://github.com/goldmansachs/obevo/pull/262,262,dependabot,Bump checkstyle from 8.18 to 8.29,app/dependabot,repo:goldmansachs/obevo is:pr author:app/dependabot created:>=2017-01-01 sort:created-asc | repo:goldmansachs/obevo is:pr author:app/dependabot-preview created:>=2017-01-01 sort:created-asc | repo:goldmansachs/obevo is:pr author:dependabot[bot] created:>=2017-01-01 sort:created-asc | repo:goldmansachs/obevo is:pr author:dependabot-preview[bot] created:>=2017-01-01 sort:created-asc,False,,,,,
google/tink,https://github.com/google/tink,2026-08-14T17:42:20.036414+00:00,ok,,,False,,,,,,,repo:google/tink is:pr author:app/dependabot created:>=2017-01-01 sort:created-asc | repo:google/tink is:pr author:app/dependabot-preview created:>=2017-01-01 sort:created-asc | repo:google/tink is:pr author:dependabot[bot] created:>=2017-01-01 sort:created-asc | repo:google/tink is:pr author:dependabot-preview[bot] created:>=2017-01-01 sort:created-asc,False,,,,,
graphaware/neo4j-framework,https://github.com/graphaware/neo4j-framework,2026-08-14T17:42:28.247548+00:00,ok,,,True,2019-11-04T10:41:00Z,https://github.com/graphaware/neo4j-framework/pull/100,100,dependabot,Bump spring.version from 4.3.13.RELEASE to 5.2.1.RELEASE,app/dependabot,repo:graphaware/neo4j-framework is:pr author:app/dependabot created:>=2017-01-01 sort:created-asc | repo:graphaware/neo4j-framework is:pr author:app/dependabot-preview created:>=2017-01-01 sort:created-asc | repo:graphaware/neo4j-framework is:pr author:dependabot[bot] created:>=2017-01-01 sort:created-asc | repo:graphaware/neo4j-framework is:pr author:dependabot-preview[bot] created:>=2017-01-01 sort:created-asc,False,,,,,
graphhopper/graphhopper,https://github.com/graphhopper/graphhopper,2026-08-14T17:42:35.777014+00:00,ok,,,False,,,,,,,repo:graphhopper/graphhopper is:pr author:app/dependabot created:>=2017-01-01 sort:created-asc | repo:graphhopper/graphhopper is:pr author:app/dependabot-preview created:>=2017-01-01 sort:created-asc | repo:graphhopper/graphhopper is:pr author:dependabot[bot] created:>=2017-01-01 sort:created-asc | repo:graphhopper/graphhopper is:pr author:dependabot-preview[bot] created:>=2017-01-01 sort:created-asc,False,,,,,
grasshopper7/cucumber-pdf-report,https://github.com/grasshopper7/cucumber-pdf-report,2026-08-14T17:42:41.630412+00:00,ok,,,False,,,,,,,repo:grasshopper7/cucumber-pdf-report is:pr author:app/dependabot created:>=2017-01-01 sort:created-asc | repo:grasshopper7/cucumber-pdf-report is:pr author:app/dependabot-preview created:>=2017-01-01 sort:created-asc | repo:grasshopper7/cucumber-pdf-report is:pr author:dependabot[bot] created:>=2017-01-01 sort:created-asc | repo:grasshopper7/cucumber-pdf-report is:pr author:dependabot-preview[bot] created:>=2017-01-01 sort:created-asc,False,,,,,
grasshopper7/pdfextentreporter,https://github.com/grasshopper7/pdfextentreporter,2026-08-14T17:42:48.099358+00:00,ok,,,False,,,,,,,repo:grasshopper7/pdfextentreporter is:pr author:app/dependabot created:>=2017-01-01 sort:created-asc | repo:grasshopper7/pdfextentreporter is:pr author:app/dependabot-preview created:>=2017-01-01 sort:created-asc | repo:grasshopper7/pdfextentreporter is:pr author:dependabot[bot] created:>=2017-01-01 sort:created-asc | repo:grasshopper7/pdfextentreporter is:pr author:dependabot-preview[bot] created:>=2017-01-01 sort:created-asc,False,,,,,
gudaoxuri/dew-common,https://github.com/gudaoxuri/dew-common,2026-08-14T17:42:54.122083+00:00,ok,,,True,2019-11-01T18:38:10Z,https://github.com/gudaoxuri/dew-common/pull/4,4,dependabot,Bump jackson.version from 2.9.9 to 2.10.0,app/dependabot,repo:gudaoxuri/dew-common is:pr author:app/dependabot created:>=2017-01-01 sort:created-asc | repo:gudaoxuri/dew-common is:pr author:app/dependabot-preview created:>=2017-01-01 sort:created-asc | repo:gudaoxuri/dew-common is:pr author:dependabot[bot] created:>=2017-01-01 sort:created-asc | repo:gudaoxuri/dew-common is:pr author:dependabot-preview[bot] created:>=2017-01-01 sort:created-asc,False,,,,,
gzxishan/OftenPorter,https://github.com/gzxishan/OftenPorter,2026-08-14T17:42:59.895677+00:00,ok,,,False,,,,,,,repo:gzxishan/OftenPorter is:pr author:app/dependabot created:>=2017-01-01 sort:created-asc | repo:gzxishan/OftenPorter is:pr author:app/dependabot-preview created:>=2017-01-01 sort:created-asc | repo:gzxishan/OftenPorter is:pr author:dependabot[bot] created:>=2017-01-01 sort:created-asc | repo:gzxishan/OftenPorter is:pr author:dependabot-preview[bot] created:>=2017-01-01 sort:created-asc,False,,,,,
hammock-project/hammock,https://github.com/hammock-project/hammock,2026-08-14T17:43:07.943853+00:00,ok,,,True,2019-10-29T13:39:15Z,https://github.com/hammock-project/hammock/pull/154,154,dependabot,Bump nimbus-jose-jwt from 5.2 to 7.9,app/dependabot,repo:hammock-project/hammock is:pr author:app/dependabot created:>=2017-01-01 sort:created-asc | repo:hammock-project/hammock is:pr author:app/dependabot-preview created:>=2017-01-01 sort:created-asc | repo:hammock-project/hammock is:pr author:dependabot[bot] created:>=2017-01-01 sort:created-asc | repo:hammock-project/hammock is:pr author:dependabot-preview[bot] created:>=2017-01-01 sort:created-asc,False,,,,,
hapifhir/hapi-fhir,https://github.com/hapifhir/hapi-fhir,2026-08-14T17:43:13.935874+00:00,ok,,,True,2019-12-02T23:16:21Z,https://github.com/hapifhir/hapi-fhir/pull/1618,1618,dependabot,Bump jetty_version from 9.4.23.v20191118 to 9.4.24.v20191120,app/dependabot,repo:hapifhir/hapi-fhir is:pr author:app/dependabot created:>=2017-01-01 sort:created-asc | repo:hapifhir/hapi-fhir is:pr author:app/dependabot-preview created:>=2017-01-01 sort:created-asc | repo:hapifhir/hapi-fhir is:pr author:dependabot[bot] created:>=2017-01-01 sort:created-asc | repo:hapifhir/hapi-fhir is:pr author:dependabot-preview[bot] created:>=2017-01-01 sort:created-asc,True,.github/dependabot.yml,2020-06-03T14:37:47Z,86ef0ec0e229eb546a91cffea676f61afa46dde3,https://github.com/hapifhir/hapi-fhir/commit/86ef0ec0e229eb546a91cffea676f61afa46dde3,"Correct transaction processing in multitenant server (#1884)

* Correct transaction processing in multitenant server

* # d codethe npm registry for updates every day (weekdays)"
hazelcast/hazelcast-simulator,https://github.com/hazelcast/hazelcast-simulator,2026-08-14T17:43:20.935173+00:00,ok,,,True,2020-02-21T19:03:30Z,https://github.com/hazelcast/hazelcast-simulator/pull/1840,1840,dependabot,Bump netty.version from 4.1.43.Final to 4.1.45.Final in /drivers/driver-hazelcast4,app/dependabot,repo:hazelcast/hazelcast-simulator is:pr author:app/dependabot created:>=2017-01-01 sort:created-asc | repo:hazelcast/hazelcast-simulator is:pr author:app/dependabot-preview created:>=2017-01-01 sort:created-asc | repo:hazelcast/hazelcast-simulator is:pr author:dependabot[bot] created:>=2017-01-01 sort:created-asc | repo:hazelcast/hazelcast-simulator is:pr author:dependabot-preview[bot] created:>=2017-01-01 sort:created-asc,False,,,,,
hazendaz/displaytag,https://github.com/hazendaz/displaytag,2026-08-14T17:43:27.665315+00:00,ok,,,True,2019-01-09T03:56:40Z,https://github.com/hazendaz/displaytag/pull/11,11,dependabot-preview,Bump struts2-core from 2.5.17 to 2.5.18,app/dependabot-preview,repo:hazendaz/displaytag is:pr author:app/dependabot created:>=2017-01-01 sort:created-asc | repo:hazendaz/displaytag is:pr author:app/dependabot-preview created:>=2017-01-01 sort:created-asc | repo:hazendaz/displaytag is:pr author:dependabot[bot] created:>=2017-01-01 sort:created-asc | repo:hazendaz/displaytag is:pr author:dependabot-preview[bot] created:>=2017-01-01 sort:created-asc,True,.github/dependabot.yml,2020-07-05T00:20:50Z,ab0ca8c7ef0cf7ab9f076941f92313d1e1e9913f,https://github.com/hazendaz/displaytag/commit/ab0ca8c7ef0cf7ab9f076941f92313d1e1e9913f,Create Dependabot config file
hcoles/pitest,https://github.com/hcoles/pitest,2026-08-14T17:43:34.532188+00:00,ok,,,True,2020-06-30T22:59:51Z,https://github.com/hcoles/pitest/pull/779,779,dependabot,Bump xstream from 1.4.8 to 1.4.10-java7 in /pitest-entry,app/dependabot,repo:hcoles/pitest is:pr author:app/dependabot created:>=2017-01-01 sort:created-asc | repo:hcoles/pitest is:pr author:app/dependabot-preview created:>=2017-01-01 sort:created-asc | repo:hcoles/pitest is:pr author:dependabot[bot] created:>=2017-01-01 sort:created-asc | repo:hcoles/pitest is:pr author:dependabot-preview[bot] created:>=2017-01-01 sort:created-asc,False,,,,,
helun/Ektorp,https://github.com/helun/Ektorp,2026-08-14T17:43:41.527036+00:00,ok,,,True,2019-10-29T20:07:59Z,https://github.com/helun/Ektorp/pull/298,298,dependabot,Bump jackson.version from 2.6.7 to 2.10.0,app/dependabot,repo:helun/Ektorp is:pr author:app/dependabot created:>=2017-01-01 sort:created-asc | repo:helun/Ektorp is:pr author:app/dependabot-preview created:>=2017-01-01 sort:created-asc | repo:helun/Ektorp is:pr author:dependabot[bot] created:>=2017-01-01 sort:created-asc | repo:helun/Ektorp is:pr author:dependabot-preview[bot] created:>=2017-01-01 sort:created-asc,False,,,,,
heroku/heroku-maven-plugin,https://github.com/heroku/heroku-maven-plugin,2026-08-14T17:43:49.292318+00:00,ok,,,False,,,,,,,repo:heroku/heroku-maven-plugin is:pr author:app/dependabot created:>=2017-01-01 sort:created-asc | repo:heroku/heroku-maven-plugin is:pr author:app/dependabot-preview created:>=2017-01-01 sort:created-asc | repo:heroku/heroku-maven-plugin is:pr author:dependabot[bot] created:>=2017-01-01 sort:created-asc | repo:heroku/heroku-maven-plugin is:pr author:dependabot-preview[bot] created:>=2017-01-01 sort:created-asc,True,.github/dependabot.yml,2021-10-03T17:56:34Z,602e070fd8d32c5af185d068a652328b157eb3dc,https://github.com/heroku/heroku-jvm-application-deployer/commit/602e070fd8d32c5af185d068a652328b157eb3dc,"Add Dependabot config (#91)

See:
https://docs.github.com/en/code-security/supply-chain-security/keeping-your-dependencies-updated-automatically/configuration-options-for-dependency-updates

GUS-W-9981100."
heuermh/dishevelled,https://github.com/heuermh/dishevelled,2026-08-14T17:43:58.079397+00:00,ok,,,True,2020-06-15T19:22:57Z,https://github.com/heuermh/dishevelled/pull/20,20,dependabot,Bump xercesImpl from 2.11.0 to 2.12.0 in /worm-plot-cytoscape3-app,app/dependabot,repo:heuermh/dishevelled is:pr author:app/dependabot created:>=2017-01-01 sort:created-asc | repo:heuermh/dishevelled is:pr author:app/dependabot-preview created:>=2017-01-01 sort:created-asc | repo:heuermh/dishevelled is:pr author:dependabot[bot] created:>=2017-01-01 sort:created-asc | repo:heuermh/dishevelled is:pr author:dependabot-preview[bot] created:>=2017-01-01 sort:created-asc,False,,,,,
hibernate/hibernate-ogm,https://github.com/hibernate/hibernate-ogm,2026-08-14T17:44:07.025962+00:00,ok,,,True,2019-10-22T01:37:49Z,https://github.com/hibernate/hibernate-ogm/pull/1113,1113,dependabot,Bump version.com.fasterxml.jackson from 2.9.5 to 2.10.0 in /bom,app/dependabot,repo:hibernate/hibernate-ogm is:pr author:app/dependabot created:>=2017-01-01 sort:created-asc | repo:hibernate/hibernate-ogm is:pr author:app/dependabot-preview created:>=2017-01-01 sort:created-asc | repo:hibernate/hibernate-ogm is:pr author:dependabot[bot] created:>=2017-01-01 sort:created-asc | repo:hibernate/hibernate-ogm is:pr author:dependabot-preview[bot] created:>=2017-01-01 sort:created-asc,False,,,,,
holon-platform/holon-core,https://github.com/holon-platform/holon-core,2026-08-14T17:44:12.563045+00:00,ok,,,False,,,,,,,repo:holon-platform/holon-core is:pr author:app/dependabot created:>=2017-01-01 sort:created-asc | repo:holon-platform/holon-core is:pr author:app/dependabot-preview created:>=2017-01-01 sort:created-asc | repo:holon-platform/holon-core is:pr author:dependabot[bot] created:>=2017-01-01 sort:created-asc | repo:holon-platform/holon-core is:pr author:dependabot-preview[bot] created:>=2017-01-01 sort:created-asc,False,,,,,
huaweicloud/huaweicloud-sdk-java-dis,https://github.com/huaweicloud/huaweicloud-sdk-java-dis,2026-08-14T17:44:19.352695+00:00,ok,,,True,2019-11-13T06:27:41Z,https://github.com/huaweicloud/huaweicloud-sdk-java-dis/pull/38,38,dependabot,Bump jackson-databind from 2.9.8 to 2.9.10.1 in /huaweicloud-sdk-java-dis-iface,app/dependabot,repo:huaweicloud/huaweicloud-sdk-java-dis is:pr author:app/dependabot created:>=2017-01-01 sort:created-asc | repo:huaweicloud/huaweicloud-sdk-java-dis is:pr author:app/dependabot-preview created:>=2017-01-01 sort:created-asc | repo:huaweicloud/huaweicloud-sdk-java-dis is:pr author:dependabot[bot] created:>=2017-01-01 sort:created-asc | repo:huaweicloud/huaweicloud-sdk-java-dis is:pr author:dependabot-preview[bot] created:>=2017-01-01 sort:created-asc,False,,,,,
hugegraph/hugegraph-loader,https://github.com/hugegraph/hugegraph-loader,2026-08-14T17:44:25.542812+00:00,ok,,,False,,,,,,,repo:hugegraph/hugegraph-loader is:pr author:app/dependabot created:>=2017-01-01 sort:created-asc | repo:hugegraph/hugegraph-loader is:pr author:app/dependabot-preview created:>=2017-01-01 sort:created-asc | repo:hugegraph/hugegraph-loader is:pr author:dependabot[bot] created:>=2017-01-01 sort:created-asc | repo:hugegraph/hugegraph-loader is:pr author:dependabot-preview[bot] created:>=2017-01-01 sort:created-asc,False,,,,,
hydrator/wrangler,https://github.com/hydrator/wrangler,2026-08-14T17:44:34.247274+00:00,ok,,,False,,,,,,,repo:hydrator/wrangler is:pr author:app/dependabot created:>=2017-01-01 sort:created-asc | repo:hydrator/wrangler is:pr author:app/dependabot-preview created:>=2017-01-01 sort:created-asc | repo:hydrator/wrangler is:pr author:dependabot[bot] created:>=2017-01-01 sort:created-asc | repo:hydrator/wrangler is:pr author:dependabot-preview[bot] created:>=2017-01-01 sort:created-asc,False,,,,,
hyperchain/javasdk,https://github.com/hyperchain/javasdk,2026-08-14T17:44:42.401236+00:00,ok,,,True,2020-10-13T12:36:23Z,https://github.com/hyperchain/javasdk/pull/94,94,dependabot,chore(deps-dev): bump junit from 4.12 to 4.13.1,app/dependabot,repo:hyperchain/javasdk is:pr author:app/dependabot created:>=2017-01-01 sort:created-asc | repo:hyperchain/javasdk is:pr author:app/dependabot-preview created:>=2017-01-01 sort:created-asc | repo:hyperchain/javasdk is:pr author:dependabot[bot] created:>=2017-01-01 sort:created-asc | repo:hyperchain/javasdk is:pr author:dependabot-preview[bot] created:>=2017-01-01 sort:created-asc,False,,,,,
hypercube1024/firefly,https://github.com/hypercube1024/firefly,2026-08-14T17:44:48.412335+00:00,ok,,,True,2019-10-29T13:29:05Z,https://github.com/hypercube1024/firefly/pull/86,86,dependabot,Bump jackson.version from 2.9.7 to 2.10.0,app/dependabot,repo:hypercube1024/firefly is:pr author:app/dependabot created:>=2017-01-01 sort:created-asc | repo:hypercube1024/firefly is:pr author:app/dependabot-preview created:>=2017-01-01 sort:created-asc | repo:hypercube1024/firefly is:pr author:dependabot[bot] created:>=2017-01-01 sort:created-asc | repo:hypercube1024/firefly is:pr author:dependabot-preview[bot] created:>=2017-01-01 sort:created-asc,False,,,,,
hyperledger/fabric-sdk-java,https://github.com/hyperledger/fabric-sdk-java,2026-08-14T17:44:55.229835+00:00,ok,,,True,2019-11-23T18:08:01Z,https://github.com/hyperledger/fabric-sdk-java/pull/28,28,dependabot,Bump commons-compress from 1.18 to 1.19,app/dependabot,repo:hyperledger/fabric-sdk-java is:pr author:app/dependabot created:>=2017-01-01 sort:created-asc | repo:hyperledger/fabric-sdk-java is:pr author:app/dependabot-preview created:>=2017-01-01 sort:created-asc | repo:hyperledger/fabric-sdk-java is:pr author:dependabot[bot] created:>=2017-01-01 sort:created-asc | repo:hyperledger/fabric-sdk-java is:pr author:dependabot-preview[bot] created:>=2017-01-01 sort:created-asc,False,,,,,
iZettle/dropwizard-metrics-influxdb,https://github.com/iZettle/dropwizard-metrics-influxdb,2026-08-14T17:45:01.901182+00:00,ok,,,True,2019-12-11T08:34:26Z,https://github.com/iZettle/dropwizard-metrics-influxdb/pull/104,104,dependabot-preview,build(deps): bump mockito-core from 3.0.0 to 3.2.0,app/dependabot-preview,repo:iZettle/dropwizard-metrics-influxdb is:pr author:app/dependabot created:>=2017-01-01 sort:created-asc | repo:iZettle/dropwizard-metrics-influxdb is:pr author:app/dependabot-preview created:>=2017-01-01 sort:created-asc | repo:iZettle/dropwizard-metrics-influxdb is:pr author:dependabot[bot] created:>=2017-01-01 sort:created-asc | repo:iZettle/dropwizard-metrics-influxdb is:pr author:dependabot-preview[bot] created:>=2017-01-01 sort:created-asc,True,.github/dependabot.yml,2021-09-04T07:41:58Z,4c75397bc7678dabf11073bee7d15ef3f5bf1f26,https://github.com/iZettle/dropwizard-metrics-influxdb/commit/4c75397bc7678dabf11073bee7d15ef3f5bf1f26,Upgrade to GitHub-native Dependabot
idflakies/iDFlakies,https://github.com/idflakies/iDFlakies,2026-08-14T17:45:11.339087+00:00,ok,,,False,,,,,,,repo:idflakies/iDFlakies is:pr author:app/dependabot created:>=2017-01-01 sort:created-asc | repo:idflakies/iDFlakies is:pr author:app/dependabot-preview created:>=2017-01-01 sort:created-asc | repo:idflakies/iDFlakies is:pr author:dependabot[bot] created:>=2017-01-01 sort:created-asc | repo:idflakies/iDFlakies is:pr author:dependabot-preview[bot] created:>=2017-01-01 sort:created-asc,False,,,,,
iitsoftware/swiftmq-client,https://github.com/iitsoftware/swiftmq-client,2026-08-14T17:45:19.571227+00:00,ok,,,True,2020-06-06T05:45:11Z,https://github.com/iitsoftware/swiftmq-client/pull/38,38,dependabot,Bump dom4j from 2.1.1 to 2.1.3,app/dependabot,repo:iitsoftware/swiftmq-client is:pr author:app/dependabot created:>=2017-01-01 sort:created-asc | repo:iitsoftware/swiftmq-client is:pr author:app/dependabot-preview created:>=2017-01-01 sort:created-asc | repo:iitsoftware/swiftmq-client is:pr author:dependabot[bot] created:>=2017-01-01 sort:created-asc | repo:iitsoftware/swiftmq-client is:pr author:dependabot-preview[bot] created:>=2017-01-01 sort:created-asc,False,,,,,
ijazfx/graphenee,https://github.com/ijazfx/graphenee,2026-08-14T17:45:26.664998+00:00,ok,,,True,2021-03-31T20:31:06Z,https://github.com/ijazfx/graphenee/pull/63,63,dependabot,Bump guava from 28.2-jre to 29.0-jre in /gx,app/dependabot,repo:ijazfx/graphenee is:pr author:app/dependabot created:>=2017-01-01 sort:created-asc | repo:ijazfx/graphenee is:pr author:app/dependabot-preview created:>=2017-01-01 sort:created-asc | repo:ijazfx/graphenee is:pr author:dependabot[bot] created:>=2017-01-01 sort:created-asc | repo:ijazfx/graphenee is:pr author:dependabot-preview[bot] created:>=2017-01-01 sort:created-asc,False,,,,,
ikasanEIP/ikasan,https://github.com/ikasanEIP/ikasan,2026-08-14T17:45:32.563972+00:00,ok,,,True,2019-10-08T18:30:29Z,https://github.com/ikasanEIP/ikasan/pull/682,682,dependabot,Bump xstream from 1.4.10 to 1.4.10-java7 in /ikasaneip,app/dependabot,repo:ikasanEIP/ikasan is:pr author:app/dependabot created:>=2017-01-01 sort:created-asc | repo:ikasanEIP/ikasan is:pr author:app/dependabot-preview created:>=2017-01-01 sort:created-asc | repo:ikasanEIP/ikasan is:pr author:dependabot[bot] created:>=2017-01-01 sort:created-asc | repo:ikasanEIP/ikasan is:pr author:dependabot-preview[bot] created:>=2017-01-01 sort:created-asc,False,,,,,
in-toto/in-toto-java,https://github.com/in-toto/in-toto-java,2026-08-14T17:45:38.326973+00:00,ok,,,True,2021-04-30T20:27:09Z,https://github.com/in-toto/in-toto-java/pull/22,22,dependabot,Bump bcprov-jdk15on from 1.66 to 1.67,app/dependabot,repo:in-toto/in-toto-java is:pr author:app/dependabot created:>=2017-01-01 sort:created-asc | repo:in-toto/in-toto-java is:pr author:app/dependabot-preview created:>=2017-01-01 sort:created-asc | repo:in-toto/in-toto-java is:pr author:dependabot[bot] created:>=2017-01-01 sort:created-asc | repo:in-toto/in-toto-java is:pr author:dependabot-preview[bot] created:>=2017-01-01 sort:created-asc,True,.github/dependabot.yml,2022-07-06T16:08:59Z,d59c7e083d48b99b795e71c350a95e87fb7c9f64,https://github.com/in-toto/in-toto-java/commit/d59c7e083d48b99b795e71c350a95e87fb7c9f64,"Add dependabot

Signed-off-by: Aditya Sirish <aditya@saky.in>"
infinispan/infinispan,https://github.com/infinispan/infinispan,2026-08-14T17:45:45.887256+00:00,ok,,,True,2020-07-01T21:59:27Z,https://github.com/infinispan/infinispan/pull/8525,8525,dependabot,Bump mysql-connector-java from 5.1.19 to 8.0.16,app/dependabot,repo:infinispan/infinispan is:pr author:app/dependabot created:>=2017-01-01 sort:created-asc | repo:infinispan/infinispan is:pr author:app/dependabot-preview created:>=2017-01-01 sort:created-asc | repo:infinispan/infinispan is:pr author:dependabot[bot] created:>=2017-01-01 sort:created-asc | repo:infinispan/infinispan is:pr author:dependabot-preview[bot] created:>=2017-01-01 sort:created-asc,True,.github/dependabot.yml,2023-12-15T11:03:56Z,da02fd11453f1661d70cdbac34ca2e63c2faffe8,https://github.com/infinispan/infinispan/commit/da02fd11453f1661d70cdbac34ca2e63c2faffe8,Add dependabot
influxdata/influxdb-java,https://github.com/influxdata/influxdb-java,2026-08-14T17:45:52.487251+00:00,ok,,,True,2020-11-02T08:14:32Z,https://github.com/influxdata/influxdb-java/pull/706,706,dependabot,Bump maven-resources-plugin from 3.1.0 to 3.2.0,app/dependabot,repo:influxdata/influxdb-java is:pr author:app/dependabot created:>=2017-01-01 sort:created-asc | repo:influxdata/influxdb-java is:pr author:app/dependabot-preview created:>=2017-01-01 sort:created-asc | repo:influxdata/influxdb-java is:pr author:dependabot[bot] created:>=2017-01-01 sort:created-asc | repo:influxdata/influxdb-java is:pr author:dependabot-preview[bot] created:>=2017-01-01 sort:created-asc,True,.github/dependabot.yml,2020-11-02T08:14:09Z,cb7ab55bc398a0fd3c0e123e38c4e47050c7dc03,https://github.com/influxdata/influxdb-java/commit/cb7ab55bc398a0fd3c0e123e38c4e47050c7dc03,create dependabot.yml
inspire-software/geda-genericdto,https://github.com/inspire-software/geda-genericdto,2026-08-14T17:46:00.404160+00:00,ok,,,True,2021-06-07T16:32:47Z,https://github.com/inspire-software/geda-genericdto/pull/8,8,dependabot,Bump logback-core from 0.9.20 to 1.2.0 in /osgi-itest,app/dependabot,repo:inspire-software/geda-genericdto is:pr author:app/dependabot created:>=2017-01-01 sort:created-asc | repo:inspire-software/geda-genericdto is:pr author:app/dependabot-preview created:>=2017-01-01 sort:created-asc | repo:inspire-software/geda-genericdto is:pr author:dependabot[bot] created:>=2017-01-01 sort:created-asc | repo:inspire-software/geda-genericdto is:pr author:dependabot-preview[bot] created:>=2017-01-01 sort:created-asc,False,,,,,
intelligentcode/ameba-shiro,https://github.com/intelligentcode/ameba-shiro,2026-08-14T17:46:06.510937+00:00,ok,,,False,,,,,,,repo:intelligentcode/ameba-shiro is:pr author:app/dependabot created:>=2017-01-01 sort:created-asc | repo:intelligentcode/ameba-shiro is:pr author:app/dependabot-preview created:>=2017-01-01 sort:created-asc | repo:intelligentcode/ameba-shiro is:pr author:dependabot[bot] created:>=2017-01-01 sort:created-asc | repo:intelligentcode/ameba-shiro is:pr author:dependabot-preview[bot] created:>=2017-01-01 sort:created-asc,False,,,,,
internetarchive/heritrix3,https://github.com/internetarchive/heritrix3,2026-08-14T17:46:13.635503+00:00,ok,,,True,2022-01-27T03:03:09Z,https://github.com/internetarchive/heritrix3/pull/460,460,dependabot,Bump spring-core from 5.3.3 to 5.3.14 in /commons,app/dependabot,repo:internetarchive/heritrix3 is:pr author:app/dependabot created:>=2017-01-01 sort:created-asc | repo:internetarchive/heritrix3 is:pr author:app/dependabot-preview created:>=2017-01-01 sort:created-asc | repo:internetarchive/heritrix3 is:pr author:dependabot[bot] created:>=2017-01-01 sort:created-asc | repo:internetarchive/heritrix3 is:pr author:dependabot-preview[bot] created:>=2017-01-01 sort:created-asc,True,.github/dependabot.yml,2025-10-27T01:05:16Z,dd11f87ce791ced3c9922cf81673af4463f5b01a,https://github.com/internetarchive/heritrix3/commit/dd11f87ce791ced3c9922cf81673af4463f5b01a,Enable dependabot updates monthly with minor updates grouped
iotaledger/iota-java,https://github.com/iotaledger/iota-java,2026-08-14T17:46:23.007949+00:00,ok,,,False,,,,,,,repo:iotaledger/iota-java is:pr author:app/dependabot created:>=2017-01-01 sort:created-asc | repo:iotaledger/iota-java is:pr author:app/dependabot-preview created:>=2017-01-01 sort:created-asc | repo:iotaledger/iota-java is:pr author:dependabot[bot] created:>=2017-01-01 sort:created-asc | repo:iotaledger/iota-java is:pr author:dependabot-preview[bot] created:>=2017-01-01 sort:created-asc,False,,,,,
j-easy/easy-batch,https://github.com/j-easy/easy-batch,2026-08-14T17:46:30.110862+00:00,ok,,,True,2020-07-01T19:18:03Z,https://github.com/j-easy/easy-batch/pull/378,378,dependabot,Bump quartz from 2.3.0 to 2.3.2 in /easy-batch-tutorials,app/dependabot,repo:j-easy/easy-batch is:pr author:app/dependabot created:>=2017-01-01 sort:created-asc | repo:j-easy/easy-batch is:pr author:app/dependabot-preview created:>=2017-01-01 sort:created-asc | repo:j-easy/easy-batch is:pr author:dependabot[bot] created:>=2017-01-01 sort:created-asc | repo:j-easy/easy-batch is:pr author:dependabot-preview[bot] created:>=2017-01-01 sort:created-asc,False,,,,,
jOOQ/jOOQ,https://github.com/jOOQ/jOOQ,2026-08-14T17:46:36.999519+00:00,ok,,,True,2020-10-13T06:39:24Z,https://github.com/jOOQ/jOOQ/pull/10731,10731,dependabot,Bump junit from 4.13 to 4.13.1 in /jOOQ-examples/jOOQ-spark-example,app/dependabot,repo:jOOQ/jOOQ is:pr author:app/dependabot created:>=2017-01-01 sort:created-asc | repo:jOOQ/jOOQ is:pr author:app/dependabot-preview created:>=2017-01-01 sort:created-asc | repo:jOOQ/jOOQ is:pr author:dependabot[bot] created:>=2017-01-01 sort:created-asc | repo:jOOQ/jOOQ is:pr author:dependabot-preview[bot] created:>=2017-01-01 sort:created-asc,False,,,,,
jamesdbloom/mockservice,https://github.com/jamesdbloom/mockservice,2026-08-14T17:46:42.687987+00:00,ok,,,False,,,,,,,repo:jamesdbloom/mockservice is:pr author:app/dependabot created:>=2017-01-01 sort:created-asc | repo:jamesdbloom/mockservice is:pr author:app/dependabot-preview created:>=2017-01-01 sort:created-asc | repo:jamesdbloom/mockservice is:pr author:dependabot[bot] created:>=2017-01-01 sort:created-asc | repo:jamesdbloom/mockservice is:pr author:dependabot-preview[bot] created:>=2017-01-01 sort:created-asc,True,.github/dependabot.yml,2020-09-11T03:55:46Z,2bf234fee4eceb3dec6a7f5590fae97a344363b8,https://github.com/mock-server/mockserver-monorepo/commit/2bf234fee4eceb3dec6a7f5590fae97a344363b8,"upgrade to Dependabot v2

https://github.blog/2020-06-01-keep-all-your-packages-up-to-date-with-dependabot/"
javalite/activejdbc,https://github.com/javalite/activejdbc,2026-08-14T17:46:52.655770+00:00,ok,,,False,,,,,,,repo:javalite/activejdbc is:pr author:app/dependabot created:>=2017-01-01 sort:created-asc | repo:javalite/activejdbc is:pr author:app/dependabot-preview created:>=2017-01-01 sort:created-asc | repo:javalite/activejdbc is:pr author:dependabot[bot] created:>=2017-01-01 sort:created-asc | repo:javalite/activejdbc is:pr author:dependabot-preview[bot] created:>=2017-01-01 sort:created-asc,True,.github/dependabot.yml,2024-10-20T14:14:36Z,b0f1c5c0f94d4949b7722379d4a2c9dd34ffb652,https://github.com/javalite/javalite/commit/b0f1c5c0f94d4949b7722379d4a2c9dd34ffb652,adding dependabot
javamelody/javamelody,https://github.com/javamelody/javamelody,2026-08-14T17:47:01.136543+00:00,ok,,,True,2020-07-01T17:59:55Z,https://github.com/javamelody/javamelody/pull/925,925,dependabot,Bump log4j-core from 2.13.0 to 2.13.2 in /javamelody-core,app/dependabot,repo:javamelody/javamelody is:pr author:app/dependabot created:>=2017-01-01 sort:created-asc | repo:javamelody/javamelody is:pr author:app/dependabot-preview created:>=2017-01-01 sort:created-asc | repo:javamelody/javamelody is:pr author:dependabot[bot] created:>=2017-01-01 sort:created-asc | repo:javamelody/javamelody is:pr author:dependabot-preview[bot] created:>=2017-01-01 sort:created-asc,False,,,,,
javawebers/yt,https://github.com/javawebers/yt,2026-08-14T17:47:07.055048+00:00,ok,,,False,,,,,,,repo:javawebers/yt is:pr author:app/dependabot created:>=2017-01-01 sort:created-asc | repo:javawebers/yt is:pr author:app/dependabot-preview created:>=2017-01-01 sort:created-asc | repo:javawebers/yt is:pr author:dependabot[bot] created:>=2017-01-01 sort:created-asc | repo:javawebers/yt is:pr author:dependabot-preview[bot] created:>=2017-01-01 sort:created-asc,False,,,,,
jayway/powermock,https://github.com/jayway/powermock,2026-08-14T17:47:14.457081+00:00,ok,,,False,,,,,,,repo:jayway/powermock is:pr author:app/dependabot created:>=2017-01-01 sort:created-asc | repo:jayway/powermock is:pr author:app/dependabot-preview created:>=2017-01-01 sort:created-asc | repo:jayway/powermock is:pr author:dependabot[bot] created:>=2017-01-01 sort:created-asc | repo:jayway/powermock is:pr author:dependabot-preview[bot] created:>=2017-01-01 sort:created-asc,True,.github/dependabot.yml,2020-09-20T18:41:15Z,4f33d9aa35fa56d3dc3907aab348fb07d99fb439,https://github.com/powermock/powermock/commit/4f33d9aa35fa56d3dc3907aab348fb07d99fb439,enable Dependabot v2
jbake-org/jbake-maven-plugin,https://github.com/jbake-org/jbake-maven-plugin,2026-08-14T17:47:54.160311+00:00,ok,,,False,,,,,,,repo:jbake-org/jbake-maven-plugin is:pr author:app/dependabot created:>=2017-01-01 sort:created-asc | repo:jbake-org/jbake-maven-plugin is:pr author:app/dependabot-preview created:>=2017-01-01 sort:created-asc | repo:jbake-org/jbake-maven-plugin is:pr author:dependabot[bot] created:>=2017-01-01 sort:created-asc | repo:jbake-org/jbake-maven-plugin is:pr author:dependabot-preview[bot] created:>=2017-01-01 sort:created-asc,False,,,,,
jbehave/jbehave-core,https://github.com/jbehave/jbehave-core,2026-08-14T17:47:59.325543+00:00,ok,,,False,,,,,,,repo:jbehave/jbehave-core is:pr author:app/dependabot created:>=2017-01-01 sort:created-asc | repo:jbehave/jbehave-core is:pr author:app/dependabot-preview created:>=2017-01-01 sort:created-asc | repo:jbehave/jbehave-core is:pr author:dependabot[bot] created:>=2017-01-01 sort:created-asc | repo:jbehave/jbehave-core is:pr author:dependabot-preview[bot] created:>=2017-01-01 sort:created-asc,False,,,,,
jbossas/jboss-invocation,https://github.com/jbossas/jboss-invocation,2026-08-14T17:48:05.841127+00:00,ok,,,False,,,,,,,repo:jbossas/jboss-invocation is:pr author:app/dependabot created:>=2017-01-01 sort:created-asc | repo:jbossas/jboss-invocation is:pr author:app/dependabot-preview created:>=2017-01-01 sort:created-asc | repo:jbossas/jboss-invocation is:pr author:dependabot[bot] created:>=2017-01-01 sort:created-asc | repo:jbossas/jboss-invocation is:pr author:dependabot-preview[bot] created:>=2017-01-01 sort:created-asc,True,.github/dependabot.yml,2023-05-31T14:37:42Z,e122d02575584cfd3252c0cb217d27a071b12f07,https://github.com/wildfly/jboss-invocation/commit/e122d02575584cfd3252c0cb217d27a071b12f07,Issue #54 Enable github dependabot
jbossas/remoting-jmx,https://github.com/jbossas/remoting-jmx,2026-08-14T17:48:15.757453+00:00,ok,,,False,,,,,,,repo:jbossas/remoting-jmx is:pr author:app/dependabot created:>=2017-01-01 sort:created-asc | repo:jbossas/remoting-jmx is:pr author:app/dependabot-preview created:>=2017-01-01 sort:created-asc | repo:jbossas/remoting-jmx is:pr author:dependabot[bot] created:>=2017-01-01 sort:created-asc | repo:jbossas/remoting-jmx is:pr author:dependabot-preview[bot] created:>=2017-01-01 sort:created-asc,False,,,,,
jbossws/jbossws-cxf,https://github.com/jbossws/jbossws-cxf,2026-08-14T17:48:23.604002+00:00,ok,,,True,2020-06-15T21:05:27Z,https://github.com/jbossws/jbossws-cxf/pull/131,131,dependabot,Bump xercesImpl from 2.12.0.SP02 to 2.12.0,app/dependabot,repo:jbossws/jbossws-cxf is:pr author:app/dependabot created:>=2017-01-01 sort:created-asc | repo:jbossws/jbossws-cxf is:pr author:app/dependabot-preview created:>=2017-01-01 sort:created-asc | repo:jbossws/jbossws-cxf is:pr author:dependabot[bot] created:>=2017-01-01 sort:created-asc | repo:jbossws/jbossws-cxf is:pr author:dependabot-preview[bot] created:>=2017-01-01 sort:created-asc,True,.github/dependabot.yml,2023-11-17T02:41:20Z,339b2e9e57da306b04625b558fb9cbc2d32a86f2,https://github.com/jbossws/jbossws-cxf/commit/339b2e9e57da306b04625b558fb9cbc2d32a86f2,[JBWS-4401]:Add dependabot.yml
jcabi/jcabi-http,https://github.com/jcabi/jcabi-http,2026-08-14T17:48:31.560103+00:00,ok,,,True,2019-11-13T05:55:07Z,https://github.com/jcabi/jcabi-http/pull/186,186,dependabot,Bump jackson-databind from 2.7.6 to 2.9.10.1,app/dependabot,repo:jcabi/jcabi-http is:pr author:app/dependabot created:>=2017-01-01 sort:created-asc | repo:jcabi/jcabi-http is:pr author:app/dependabot-preview created:>=2017-01-01 sort:created-asc | repo:jcabi/jcabi-http is:pr author:dependabot[bot] created:>=2017-01-01 sort:created-asc | repo:jcabi/jcabi-http is:pr author:dependabot-preview[bot] created:>=2017-01-01 sort:created-asc,True,.github/dependabot.yml,2021-06-28T01:41:37Z,513fa6c5f6bbcf2a941550f041a6b81b59af880e,https://github.com/jcabi/jcabi-http/commit/513fa6c5f6bbcf2a941550f041a6b81b59af880e,Enable dependabot
jdillon/mvnsh,https://github.com/jdillon/mvnsh,2026-08-14T17:51:25.475048+00:00,ok,,,False,,,,,,,repo:jdillon/mvnsh is:pr author:app/dependabot created:>=2017-01-01 sort:created-asc | repo:jdillon/mvnsh is:pr author:app/dependabot-preview created:>=2017-01-01 sort:created-asc | repo:jdillon/mvnsh is:pr author:dependabot[bot] created:>=2017-01-01 sort:created-asc | repo:jdillon/mvnsh is:pr author:dependabot-preview[bot] created:>=2017-01-01 sort:created-asc,False,,,,,
jefalbino/jsmart-web,https://github.com/jefalbino/jsmart-web,2026-08-14T17:51:32.521700+00:00,ok,,,True,2020-10-13T07:59:31Z,https://github.com/jefalbino/jsmart-web/pull/4,4,dependabot,Bump junit from 4.12 to 4.13.1,app/dependabot,repo:jefalbino/jsmart-web is:pr author:app/dependabot created:>=2017-01-01 sort:created-asc | repo:jefalbino/jsmart-web is:pr author:app/dependabot-preview created:>=2017-01-01 sort:created-asc | repo:jefalbino/jsmart-web is:pr author:dependabot[bot] created:>=2017-01-01 sort:created-asc | repo:jefalbino/jsmart-web is:pr author:dependabot-preview[bot] created:>=2017-01-01 sort:created-asc,False,,,,,
jeremylong/DependencyCheck,https://github.com/jeremylong/DependencyCheck,2026-08-14T17:51:38.082797+00:00,ok,,,False,,,,,,,repo:jeremylong/DependencyCheck is:pr author:app/dependabot created:>=2017-01-01 sort:created-asc | repo:jeremylong/DependencyCheck is:pr author:app/dependabot-preview created:>=2017-01-01 sort:created-asc | repo:jeremylong/DependencyCheck is:pr author:dependabot[bot] created:>=2017-01-01 sort:created-asc | repo:jeremylong/DependencyCheck is:pr author:dependabot-preview[bot] created:>=2017-01-01 sort:created-asc,True,.github/dependabot.yml,2020-06-30T12:30:05Z,96fded372ba423e2c9ac8d64bb3003b2e746738f,https://github.com/jeremylong/DependencyCheck/commit/96fded372ba423e2c9ac8d64bb3003b2e746738f,"enable Dependabot v2 (#2684)

https://github.blog/2020-06-01-keep-all-your-packages-up-to-date-with-dependabot/"
jhannes/logevents,https://github.com/jhannes/logevents,2026-08-14T17:51:45.666133+00:00,ok,,,True,2020-10-13T11:58:52Z,https://github.com/jhannes/logevents/pull/36,36,dependabot,Bump junit from 4.12 to 4.13.1 in /logevents,app/dependabot,repo:jhannes/logevents is:pr author:app/dependabot created:>=2017-01-01 sort:created-asc | repo:jhannes/logevents is:pr author:app/dependabot-preview created:>=2017-01-01 sort:created-asc | repo:jhannes/logevents is:pr author:dependabot[bot] created:>=2017-01-01 sort:created-asc | repo:jhannes/logevents is:pr author:dependabot-preview[bot] created:>=2017-01-01 sort:created-asc,False,,,,,
jhipster/jhipster,https://github.com/jhipster/jhipster,2026-08-14T17:52:31.859779+00:00,ok,,,True,2019-03-21T15:31:32Z,https://github.com/jhipster/jhipster/pull/208,208,dependabot-preview,Bump mssql-jdbc from 7.2.1.jre8 to 7.2.1.jre11,app/dependabot-preview,repo:jhipster/jhipster is:pr author:app/dependabot created:>=2017-01-01 sort:created-asc | repo:jhipster/jhipster is:pr author:app/dependabot-preview created:>=2017-01-01 sort:created-asc | repo:jhipster/jhipster is:pr author:dependabot[bot] created:>=2017-01-01 sort:created-asc | repo:jhipster/jhipster is:pr author:dependabot-preview[bot] created:>=2017-01-01 sort:created-asc,True,.github/dependabot.yml,2020-06-27T16:27:09Z,1f1a1b5cb7a5b6e222905210913e31624a0125f8,https://github.com/jhipster/jhipster/commit/1f1a1b5cb7a5b6e222905210913e31624a0125f8,"feat: add native dependabot support for the bom

This adds native dependabot support for this project.

Related to https://github.com/jhipster/generator-jhipster/issues/11914"
jitsi/jitsi-srtp,https://github.com/jitsi/jitsi-srtp,2026-08-14T17:52:40.868226+00:00,ok,,,True,2021-04-30T20:27:14Z,https://github.com/jitsi/jitsi-srtp/pull/33,33,dependabot,Bump bcprov-jdk15on from 1.66 to 1.67,app/dependabot,repo:jitsi/jitsi-srtp is:pr author:app/dependabot created:>=2017-01-01 sort:created-asc | repo:jitsi/jitsi-srtp is:pr author:app/dependabot-preview created:>=2017-01-01 sort:created-asc | repo:jitsi/jitsi-srtp is:pr author:dependabot[bot] created:>=2017-01-01 sort:created-asc | repo:jitsi/jitsi-srtp is:pr author:dependabot-preview[bot] created:>=2017-01-01 sort:created-asc,False,,,,,
jitsi/zrtp4j,https://github.com/jitsi/zrtp4j,2026-08-14T17:52:46.282837+00:00,ok,,,False,,,,,,,repo:jitsi/zrtp4j is:pr author:app/dependabot created:>=2017-01-01 sort:created-asc | repo:jitsi/zrtp4j is:pr author:app/dependabot-preview created:>=2017-01-01 sort:created-asc | repo:jitsi/zrtp4j is:pr author:dependabot[bot] created:>=2017-01-01 sort:created-asc | repo:jitsi/zrtp4j is:pr author:dependabot-preview[bot] created:>=2017-01-01 sort:created-asc,False,,,,,
jituancaiyun/openapi-java-sdk,https://github.com/jituancaiyun/openapi-java-sdk,2026-08-14T17:52:51.187160+00:00,ok,,,True,2021-07-13T10:29:07Z,https://github.com/jituancaiyun/openapi-java-sdk/pull/1,1,dependabot,build(deps-dev): bump mysql-connector-java from 5.1.21 to 8.0.16,app/dependabot,repo:jituancaiyun/openapi-java-sdk is:pr author:app/dependabot created:>=2017-01-01 sort:created-asc | repo:jituancaiyun/openapi-java-sdk is:pr author:app/dependabot-preview created:>=2017-01-01 sort:created-asc | repo:jituancaiyun/openapi-java-sdk is:pr author:dependabot[bot] created:>=2017-01-01 sort:created-asc | repo:jituancaiyun/openapi-java-sdk is:pr author:dependabot-preview[bot] created:>=2017-01-01 sort:created-asc,False,,,,,
jjYBdx4IL/misc,https://github.com/jjYBdx4IL/misc,2026-08-14T17:52:57.510346+00:00,ok,,,False,,,,,,,repo:jjYBdx4IL/misc is:pr author:app/dependabot created:>=2017-01-01 sort:created-asc | repo:jjYBdx4IL/misc is:pr author:app/dependabot-preview created:>=2017-01-01 sort:created-asc | repo:jjYBdx4IL/misc is:pr author:dependabot[bot] created:>=2017-01-01 sort:created-asc | repo:jjYBdx4IL/misc is:pr author:dependabot-preview[bot] created:>=2017-01-01 sort:created-asc,False,,,,,
jnidzwetzki/bboxdb,https://github.com/jnidzwetzki/bboxdb,2026-08-14T17:53:03.236591+00:00,ok,,,True,2018-08-17T11:10:11Z,https://github.com/jnidzwetzki/bboxdb/pull/87,87,dependabot-preview,Bump jacoco-maven-plugin from 0.7.7.201606060606 to 0.8.1,app/dependabot-preview,repo:jnidzwetzki/bboxdb is:pr author:app/dependabot created:>=2017-01-01 sort:created-asc | repo:jnidzwetzki/bboxdb is:pr author:app/dependabot-preview created:>=2017-01-01 sort:created-asc | repo:jnidzwetzki/bboxdb is:pr author:dependabot[bot] created:>=2017-01-01 sort:created-asc | repo:jnidzwetzki/bboxdb is:pr author:dependabot-preview[bot] created:>=2017-01-01 sort:created-asc,True,.github/dependabot.yml,2021-04-28T21:38:33Z,210c03ad806ac2772912d7fc651ee69e6333e4a6,https://github.com/jnidzwetzki/bboxdb/commit/210c03ad806ac2772912d7fc651ee69e6333e4a6,Upgrade to GitHub-native Dependabot
jnoee/coo,https://github.com/jnoee/coo,2026-08-14T17:53:10.383807+00:00,ok,,,False,,,,,,,repo:jnoee/coo is:pr author:app/dependabot created:>=2017-01-01 sort:created-asc | repo:jnoee/coo is:pr author:app/dependabot-preview created:>=2017-01-01 sort:created-asc | repo:jnoee/coo is:pr author:dependabot[bot] created:>=2017-01-01 sort:created-asc | repo:jnoee/coo is:pr author:dependabot-preview[bot] created:>=2017-01-01 sort:created-asc,False,,,,,
joniles/mpxj,https://github.com/joniles/mpxj,2026-08-14T17:53:16.392947+00:00,ok,,,True,2020-10-13T10:47:26Z,https://github.com/joniles/mpxj/pull/187,187,dependabot,Bump junit from 4.11 to 4.13.1,app/dependabot,repo:joniles/mpxj is:pr author:app/dependabot created:>=2017-01-01 sort:created-asc | repo:joniles/mpxj is:pr author:app/dependabot-preview created:>=2017-01-01 sort:created-asc | repo:joniles/mpxj is:pr author:dependabot[bot] created:>=2017-01-01 sort:created-asc | repo:joniles/mpxj is:pr author:dependabot-preview[bot] created:>=2017-01-01 sort:created-asc,False,,,,,
jooby-project/jooby,https://github.com/jooby-project/jooby,2026-08-14T17:53:22.265301+00:00,ok,,,True,2019-11-14T23:20:53Z,https://github.com/jooby-project/jooby/pull/1417,1417,dependabot-preview,Bump jetty.version from 9.4.20.v20190813 to 9.4.22.v20191022,app/dependabot-preview,repo:jooby-project/jooby is:pr author:app/dependabot created:>=2017-01-01 sort:created-asc | repo:jooby-project/jooby is:pr author:app/dependabot-preview created:>=2017-01-01 sort:created-asc | repo:jooby-project/jooby is:pr author:dependabot[bot] created:>=2017-01-01 sort:created-asc | repo:jooby-project/jooby is:pr author:dependabot-preview[bot] created:>=2017-01-01 sort:created-asc,True,.github/dependabot.yml,2021-04-28T16:46:22Z,f9ae537158fae7c1c3a8ed76ab476fc55c0f87f6,https://github.com/jooby-project/jooby/commit/f9ae537158fae7c1c3a8ed76ab476fc55c0f87f6,Upgrade to GitHub-native Dependabot
joyent/java-http-signature,https://github.com/joyent/java-http-signature,2026-08-14T17:53:30.306819+00:00,ok,,,False,,,,,,,repo:joyent/java-http-signature is:pr author:app/dependabot created:>=2017-01-01 sort:created-asc | repo:joyent/java-http-signature is:pr author:app/dependabot-preview created:>=2017-01-01 sort:created-asc | repo:joyent/java-http-signature is:pr author:dependabot[bot] created:>=2017-01-01 sort:created-asc | repo:joyent/java-http-signature is:pr author:dependabot-preview[bot] created:>=2017-01-01 sort:created-asc,False,,,,,
jqassistant/jqa-neo4j-backend,https://github.com/jqassistant/jqa-neo4j-backend,2026-08-14T17:53:37.828629+00:00,ok,,,False,,,,,,,repo:jqassistant/jqa-neo4j-backend is:pr author:app/dependabot created:>=2017-01-01 sort:created-asc | repo:jqassistant/jqa-neo4j-backend is:pr author:app/dependabot-preview created:>=2017-01-01 sort:created-asc | repo:jqassistant/jqa-neo4j-backend is:pr author:dependabot[bot] created:>=2017-01-01 sort:created-asc | repo:jqassistant/jqa-neo4j-backend is:pr author:dependabot-preview[bot] created:>=2017-01-01 sort:created-asc,False,,,,,
jqassistant/jqa-plugin-common,https://github.com/jqassistant/jqa-plugin-common,2026-08-14T17:53:45.477735+00:00,ok,,,False,,,,,,,repo:jqassistant/jqa-plugin-common is:pr author:app/dependabot created:>=2017-01-01 sort:created-asc | repo:jqassistant/jqa-plugin-common is:pr author:app/dependabot-preview created:>=2017-01-01 sort:created-asc | repo:jqassistant/jqa-plugin-common is:pr author:dependabot[bot] created:>=2017-01-01 sort:created-asc | repo:jqassistant/jqa-plugin-common is:pr author:dependabot-preview[bot] created:>=2017-01-01 sort:created-asc,False,,,,,
jsonld-java/jsonld-java,https://github.com/jsonld-java/jsonld-java,2026-08-14T17:53:52.449571+00:00,ok,,,True,2022-10-05T02:46:18Z,https://github.com/jsonld-java/jsonld-java/pull/334,334,dependabot,Bump jackson-databind from 2.11.4 to 2.12.6.1,app/dependabot,repo:jsonld-java/jsonld-java is:pr author:app/dependabot created:>=2017-01-01 sort:created-asc | repo:jsonld-java/jsonld-java is:pr author:app/dependabot-preview created:>=2017-01-01 sort:created-asc | repo:jsonld-java/jsonld-java is:pr author:dependabot[bot] created:>=2017-01-01 sort:created-asc | repo:jsonld-java/jsonld-java is:pr author:dependabot-preview[bot] created:>=2017-01-01 sort:created-asc,False,,,,,
jspare-projects/vertx-jspare,https://github.com/jspare-projects/vertx-jspare,2026-08-14T17:53:58.061033+00:00,ok,,,False,,,,,,,repo:jspare-projects/vertx-jspare is:pr author:app/dependabot created:>=2017-01-01 sort:created-asc | repo:jspare-projects/vertx-jspare is:pr author:app/dependabot-preview created:>=2017-01-01 sort:created-asc | repo:jspare-projects/vertx-jspare is:pr author:dependabot[bot] created:>=2017-01-01 sort:created-asc | repo:jspare-projects/vertx-jspare is:pr author:dependabot-preview[bot] created:>=2017-01-01 sort:created-asc,False,,,,,
jsunsoftware/http-request,https://github.com/jsunsoftware/http-request,2026-08-14T17:54:04.319003+00:00,ok,,,True,2020-10-12T19:31:10Z,https://github.com/jsunsoftware/http-request/pull/4,4,dependabot,Bump junit from 4.12 to 4.13.1,app/dependabot,repo:jsunsoftware/http-request is:pr author:app/dependabot created:>=2017-01-01 sort:created-asc | repo:jsunsoftware/http-request is:pr author:app/dependabot-preview created:>=2017-01-01 sort:created-asc | repo:jsunsoftware/http-request is:pr author:dependabot[bot] created:>=2017-01-01 sort:created-asc | repo:jsunsoftware/http-request is:pr author:dependabot-preview[bot] created:>=2017-01-01 sort:created-asc,False,,,,,
jsurfer/JsonSurfer,https://github.com/jsurfer/JsonSurfer,2026-08-14T17:54:10.337572+00:00,ok,,,False,,,,,,,repo:jsurfer/JsonSurfer is:pr author:app/dependabot created:>=2017-01-01 sort:created-asc | repo:jsurfer/JsonSurfer is:pr author:app/dependabot-preview created:>=2017-01-01 sort:created-asc | repo:jsurfer/JsonSurfer is:pr author:dependabot[bot] created:>=2017-01-01 sort:created-asc | repo:jsurfer/JsonSurfer is:pr author:dependabot-preview[bot] created:>=2017-01-01 sort:created-asc,True,.github/dependabot.yml,2023-09-15T22:35:25Z,26a59696769eee130d61b134f6869c2c28565763,https://github.com/wanglingsong/JsonSurfer/commit/26a59696769eee130d61b134f6869c2c28565763,Add dependabot config
junaidontable/baltoro.lib,https://github.com/junaidontable/baltoro.lib,2026-08-14T17:54:19.521909+00:00,ok,,,True,2020-10-12T23:11:39Z,https://github.com/junaidontable/baltoro.lib/pull/1,1,dependabot,Bump junit from 4.13 to 4.13.1 in /client-lib,app/dependabot,repo:junaidontable/baltoro.lib is:pr author:app/dependabot created:>=2017-01-01 sort:created-asc | repo:junaidontable/baltoro.lib is:pr author:app/dependabot-preview created:>=2017-01-01 sort:created-asc | repo:junaidontable/baltoro.lib is:pr author:dependabot[bot] created:>=2017-01-01 sort:created-asc | repo:junaidontable/baltoro.lib is:pr author:dependabot-preview[bot] created:>=2017-01-01 sort:created-asc,False,,,,,
jwcarman/Wicketopia,https://github.com/jwcarman/Wicketopia,2026-08-14T17:54:25.147382+00:00,ok,,,False,,,,,,,repo:jwcarman/Wicketopia is:pr author:app/dependabot created:>=2017-01-01 sort:created-asc | repo:jwcarman/Wicketopia is:pr author:app/dependabot-preview created:>=2017-01-01 sort:created-asc | repo:jwcarman/Wicketopia is:pr author:dependabot[bot] created:>=2017-01-01 sort:created-asc | repo:jwcarman/Wicketopia is:pr author:dependabot-preview[bot] created:>=2017-01-01 sort:created-asc,False,,,,,
kawansoft/aceql-http,https://github.com/kawansoft/aceql-http,2026-08-14T17:54:30.944785+00:00,ok,,,True,2019-12-26T18:33:33Z,https://github.com/kawansoft/aceql-http/pull/3,3,dependabot,Bump tomcat-embed-core from 8.5.45 to 8.5.50,app/dependabot,repo:kawansoft/aceql-http is:pr author:app/dependabot created:>=2017-01-01 sort:created-asc | repo:kawansoft/aceql-http is:pr author:app/dependabot-preview created:>=2017-01-01 sort:created-asc | repo:kawansoft/aceql-http is:pr author:dependabot[bot] created:>=2017-01-01 sort:created-asc | repo:kawansoft/aceql-http is:pr author:dependabot-preview[bot] created:>=2017-01-01 sort:created-asc,False,,,,,
ketola/jlibra,https://github.com/ketola/jlibra,2026-08-14T17:54:38.218456+00:00,ok,,,True,2021-04-26T19:20:16Z,https://github.com/ketola/jlibra/pull/155,155,dependabot,Bump commons-io from 2.6 to 2.7 in /jlibra-core,app/dependabot,repo:ketola/jlibra is:pr author:app/dependabot created:>=2017-01-01 sort:created-asc | repo:ketola/jlibra is:pr author:app/dependabot-preview created:>=2017-01-01 sort:created-asc | repo:ketola/jlibra is:pr author:dependabot[bot] created:>=2017-01-01 sort:created-asc | repo:ketola/jlibra is:pr author:dependabot-preview[bot] created:>=2017-01-01 sort:created-asc,False,,,,,
keycloak/keycloak,https://github.com/keycloak/keycloak,2026-08-14T17:54:43.457273+00:00,ok,,,True,2019-10-31T17:44:06Z,https://github.com/keycloak/keycloak/pull/6438,6438,dependabot,Bump jackson.version from 2.9.10 to 2.10.0,app/dependabot,repo:keycloak/keycloak is:pr author:app/dependabot created:>=2017-01-01 sort:created-asc | repo:keycloak/keycloak is:pr author:app/dependabot-preview created:>=2017-01-01 sort:created-asc | repo:keycloak/keycloak is:pr author:dependabot[bot] created:>=2017-01-01 sort:created-asc | repo:keycloak/keycloak is:pr author:dependabot-preview[bot] created:>=2017-01-01 sort:created-asc,True,.github/dependabot.yml,2022-04-13T11:07:49Z,034748ed0a67077306b955f95992361ff12eb400,https://github.com/keycloak/keycloak/commit/034748ed0a67077306b955f95992361ff12eb400,Add Dependabot config to keep Github Actions up-to-date
kiegroup/kogito-runtimes,https://github.com/kiegroup/kogito-runtimes,2026-08-14T17:54:49.870121+00:00,ok,,,True,2024-02-26T08:40:44Z,https://github.com/kiegroup/kogito-runtimes/pull/23,23,dependabot,Bump org.apache.commons:commons-compress from 1.24.0 to 1.26.0 in /kogito-build/kogito-dependencies-bom,app/dependabot,repo:kiegroup/kogito-runtimes is:pr author:app/dependabot created:>=2017-01-01 sort:created-asc | repo:kiegroup/kogito-runtimes is:pr author:app/dependabot-preview created:>=2017-01-01 sort:created-asc | repo:kiegroup/kogito-runtimes is:pr author:dependabot[bot] created:>=2017-01-01 sort:created-asc | repo:kiegroup/kogito-runtimes is:pr author:dependabot-preview[bot] created:>=2017-01-01 sort:created-asc,True,.github/dependabot.yml,2022-11-25T09:14:51Z,97beec18397f5c8bb175697670d1651c85eccce5,https://github.com/kiegroup/kogito-runtimes/commit/97beec18397f5c8bb175697670d1651c85eccce5,"[BXMSPROD-1881] dependabot for release and blue branches (#2624)

* [BXMSPROD-1881] dependabot for main, release and blue branches

* prefix less than 15 characters

* prefix less than 15 characters"
kiegroup/optaplanner,https://github.com/kiegroup/optaplanner,2026-08-14T17:54:56.818414+00:00,ok,,,True,2023-09-08T14:17:07Z,https://github.com/kiegroup/optaplanner/pull/1,1,dependabot,[bot]: Bump jakarta.xml.bind:jakarta.xml.bind-api from 2.3.3 to 4.0.0,app/dependabot,repo:kiegroup/optaplanner is:pr author:app/dependabot created:>=2017-01-01 sort:created-asc | repo:kiegroup/optaplanner is:pr author:app/dependabot-preview created:>=2017-01-01 sort:created-asc | repo:kiegroup/optaplanner is:pr author:dependabot[bot] created:>=2017-01-01 sort:created-asc | repo:kiegroup/optaplanner is:pr author:dependabot-preview[bot] created:>=2017-01-01 sort:created-asc,True,.github/dependabot.yml,2022-11-25T09:12:37Z,e35d8e78345118e4ce3067600c33df86382bcd06,https://github.com/kiegroup/optaplanner/commit/e35d8e78345118e4ce3067600c33df86382bcd06,"[BXMSPROD-1881] dependabot for main, 7.67.x and blue branches (#2321)

* [BXMSPROD-1881] dependant-bot for main, 7.x, 7.67.x and blue branches

* prefix less than 15 characters

* prefix less than 15 characters

* blue removed from dependabot"
kiwiproject/kiwi,https://github.com/kiwiproject/kiwi,2026-08-14T17:55:03.675508+00:00,ok,,,True,2020-08-05T15:15:38Z,https://github.com/kiwiproject/kiwi/pull/278,278,dependabot,Bump jetty-server from 9.4.29.v20200521 to 9.4.30.v20200611,app/dependabot,repo:kiwiproject/kiwi is:pr author:app/dependabot created:>=2017-01-01 sort:created-asc | repo:kiwiproject/kiwi is:pr author:app/dependabot-preview created:>=2017-01-01 sort:created-asc | repo:kiwiproject/kiwi is:pr author:dependabot[bot] created:>=2017-01-01 sort:created-asc | repo:kiwiproject/kiwi is:pr author:dependabot-preview[bot] created:>=2017-01-01 sort:created-asc,True,.github/dependabot.yml,2020-10-16T18:29:38Z,214184ab8877dc0b17d1bf862bfbaf9761f458e8,https://github.com/kiwiproject/kiwi/commit/214184ab8877dc0b17d1bf862bfbaf9761f458e8,Add dependabot config (#379)
klarna/HiveRunner,https://github.com/klarna/HiveRunner,2026-08-14T17:55:10.724301+00:00,ok,,,False,,,,,,,repo:klarna/HiveRunner is:pr author:app/dependabot created:>=2017-01-01 sort:created-asc | repo:klarna/HiveRunner is:pr author:app/dependabot-preview created:>=2017-01-01 sort:created-asc | repo:klarna/HiveRunner is:pr author:dependabot[bot] created:>=2017-01-01 sort:created-asc | repo:klarna/HiveRunner is:pr author:dependabot-preview[bot] created:>=2017-01-01 sort:created-asc,False,,,,,
kohlschutter/junixsocket,https://github.com/kohlschutter/junixsocket,2026-08-14T17:55:18.807770+00:00,ok,,,True,2022-02-02T00:55:18Z,https://github.com/kohlschutter/junixsocket/pull/96,96,dependabot,Bump postgresql from 42.3.1 to 42.3.2 in /junixsocket-demo,app/dependabot,repo:kohlschutter/junixsocket is:pr author:app/dependabot created:>=2017-01-01 sort:created-asc | repo:kohlschutter/junixsocket is:pr author:app/dependabot-preview created:>=2017-01-01 sort:created-asc | repo:kohlschutter/junixsocket is:pr author:dependabot[bot] created:>=2017-01-01 sort:created-asc | repo:kohlschutter/junixsocket is:pr author:dependabot-preview[bot] created:>=2017-01-01 sort:created-asc,False,,,,,
kokuwaio/helm-maven-plugin,https://github.com/kokuwaio/helm-maven-plugin,2026-08-14T17:55:25.627789+00:00,ok,,,True,2021-04-26T16:39:08Z,https://github.com/kokuwaio/helm-maven-plugin/pull/122,122,dependabot,Bump commons-io from 2.6 to 2.7,app/dependabot,repo:kokuwaio/helm-maven-plugin is:pr author:app/dependabot created:>=2017-01-01 sort:created-asc | repo:kokuwaio/helm-maven-plugin is:pr author:app/dependabot-preview created:>=2017-01-01 sort:created-asc | repo:kokuwaio/helm-maven-plugin is:pr author:dependabot[bot] created:>=2017-01-01 sort:created-asc | repo:kokuwaio/helm-maven-plugin is:pr author:dependabot-preview[bot] created:>=2017-01-01 sort:created-asc,True,.github/dependabot.yml,2022-05-09T14:59:52Z,3b6a922fa5a7721c95633c6360e043933095ca17,https://github.com/kokuwaio/helm-maven-plugin/commit/3b6a922fa5a7721c95633c6360e043933095ca17,Update versions and add dependabot. (#190)
konigio/konig,https://github.com/konigio/konig,2026-08-14T17:55:32.815756+00:00,ok,,,True,2019-11-13T06:27:41Z,https://github.com/konigio/konig/pull/1692,1692,dependabot,Bump jackson-databind from 2.5.1 to 2.9.10.1 in /konig-docker-aws-etl-base,app/dependabot,repo:konigio/konig is:pr author:app/dependabot created:>=2017-01-01 sort:created-asc | repo:konigio/konig is:pr author:app/dependabot-preview created:>=2017-01-01 sort:created-asc | repo:konigio/konig is:pr author:dependabot[bot] created:>=2017-01-01 sort:created-asc | repo:konigio/konig is:pr author:dependabot-preview[bot] created:>=2017-01-01 sort:created-asc,False,,,,,
korpling/ANNIS,https://github.com/korpling/ANNIS,2026-08-14T17:55:39.422102+00:00,ok,,,True,2020-02-04T23:35:06Z,https://github.com/korpling/ANNIS/pull/651,651,dependabot,Bump shiro-core from 1.4.0 to 1.4.2 in /annis-service,app/dependabot,repo:korpling/ANNIS is:pr author:app/dependabot created:>=2017-01-01 sort:created-asc | repo:korpling/ANNIS is:pr author:app/dependabot-preview created:>=2017-01-01 sort:created-asc | repo:korpling/ANNIS is:pr author:dependabot[bot] created:>=2017-01-01 sort:created-asc | repo:korpling/ANNIS is:pr author:dependabot-preview[bot] created:>=2017-01-01 sort:created-asc,False,,,,,
kristofa/brave,https://github.com/kristofa/brave,2026-08-14T17:55:46.897902+00:00,ok,,,False,,,,,,,repo:kristofa/brave is:pr author:app/dependabot created:>=2017-01-01 sort:created-asc | repo:kristofa/brave is:pr author:app/dependabot-preview created:>=2017-01-01 sort:created-asc | repo:kristofa/brave is:pr author:dependabot[bot] created:>=2017-01-01 sort:created-asc | repo:kristofa/brave is:pr author:dependabot-preview[bot] created:>=2017-01-01 sort:created-asc,False,,,,,
kse-music/mcn-boot-project,https://github.com/kse-music/mcn-boot-project,2026-08-14T17:55:54.925529+00:00,ok,,,True,2020-07-02T03:06:43Z,https://github.com/kse-music/mcn-boot-project/pull/1,1,dependabot,Bump mysql-connector-java from 5.1.47 to 8.0.16 in /mcn-boot-dependencies,app/dependabot,repo:kse-music/mcn-boot-project is:pr author:app/dependabot created:>=2017-01-01 sort:created-asc | repo:kse-music/mcn-boot-project is:pr author:app/dependabot-preview created:>=2017-01-01 sort:created-asc | repo:kse-music/mcn-boot-project is:pr author:dependabot[bot] created:>=2017-01-01 sort:created-asc | repo:kse-music/mcn-boot-project is:pr author:dependabot-preview[bot] created:>=2017-01-01 sort:created-asc,False,,,,,
kubernetes-client/java,https://github.com/kubernetes-client/java,2026-08-14T17:56:00.897122+00:00,ok,,,True,2020-06-21T04:59:05Z,https://github.com/kubernetes-client/java/pull/986,986,dependabot,Bump jose4j from 0.7.0 to 0.7.1,app/dependabot,repo:kubernetes-client/java is:pr author:app/dependabot created:>=2017-01-01 sort:created-asc | repo:kubernetes-client/java is:pr author:app/dependabot-preview created:>=2017-01-01 sort:created-asc | repo:kubernetes-client/java is:pr author:dependabot[bot] created:>=2017-01-01 sort:created-asc | repo:kubernetes-client/java is:pr author:dependabot-preview[bot] created:>=2017-01-01 sort:created-asc,True,.github/dependabot.yml,2020-06-19T23:25:19Z,6ead7d7300d2de557af5afd5d05ec00a12f103d6,https://github.com/kubernetes-client/java/commit/6ead7d7300d2de557af5afd5d05ec00a12f103d6,"add dependabot.yml for dependency management

reference:
https://github.blog/2020-06-01-keep-all-your-packages-up-to-date-with-dependabot/"
kuehne-trustable-de/ca3sCore,https://github.com/kuehne-trustable-de/ca3sCore,2026-08-14T17:56:07.749206+00:00,ok,,,True,2019-12-18T09:09:08Z,https://github.com/kuehne-trustable-de/ca3sCore/pull/1,1,dependabot,Bump swagger-ui from 2.2.10 to 3.23.11,app/dependabot,repo:kuehne-trustable-de/ca3sCore is:pr author:app/dependabot created:>=2017-01-01 sort:created-asc | repo:kuehne-trustable-de/ca3sCore is:pr author:app/dependabot-preview created:>=2017-01-01 sort:created-asc | repo:kuehne-trustable-de/ca3sCore is:pr author:dependabot[bot] created:>=2017-01-01 sort:created-asc | repo:kuehne-trustable-de/ca3sCore is:pr author:dependabot-preview[bot] created:>=2017-01-01 sort:created-asc,False,,,,,
labai/ted,https://github.com/labai/ted,2026-08-14T17:56:13.436773+00:00,ok,,,True,2020-07-01T17:37:00Z,https://github.com/labai/ted/pull/1,1,dependabot,Bump mysql-connector-java from 8.0.12 to 8.0.16 in /ted-driver,app/dependabot,repo:labai/ted is:pr author:app/dependabot created:>=2017-01-01 sort:created-asc | repo:labai/ted is:pr author:app/dependabot-preview created:>=2017-01-01 sort:created-asc | repo:labai/ted is:pr author:dependabot[bot] created:>=2017-01-01 sort:created-asc | repo:labai/ted is:pr author:dependabot-preview[bot] created:>=2017-01-01 sort:created-asc,False,,,,,
languagetool-org/languagetool,https://github.com/languagetool-org/languagetool,2026-08-14T17:56:19.625065+00:00,ok,,,False,,,,,,,repo:languagetool-org/languagetool is:pr author:app/dependabot created:>=2017-01-01 sort:created-asc | repo:languagetool-org/languagetool is:pr author:app/dependabot-preview created:>=2017-01-01 sort:created-asc | repo:languagetool-org/languagetool is:pr author:dependabot[bot] created:>=2017-01-01 sort:created-asc | repo:languagetool-org/languagetool is:pr author:dependabot-preview[bot] created:>=2017-01-01 sort:created-asc,False,,,,,
lazy-koala/java-toolkit,https://github.com/lazy-koala/java-toolkit,2026-08-14T17:56:25.707554+00:00,ok,,,False,,,,,,,repo:lazy-koala/java-toolkit is:pr author:app/dependabot created:>=2017-01-01 sort:created-asc | repo:lazy-koala/java-toolkit is:pr author:app/dependabot-preview created:>=2017-01-01 sort:created-asc | repo:lazy-koala/java-toolkit is:pr author:dependabot[bot] created:>=2017-01-01 sort:created-asc | repo:lazy-koala/java-toolkit is:pr author:dependabot-preview[bot] created:>=2017-01-01 sort:created-asc,False,,,,,
liaochong/myexcel,https://github.com/liaochong/myexcel,2026-08-14T17:56:33.311262+00:00,ok,,,True,2021-08-23T20:45:04Z,https://github.com/liaochong/myexcel/pull/322,322,dependabot,Bump jsoup from 1.13.1 to 1.14.2,app/dependabot,repo:liaochong/myexcel is:pr author:app/dependabot created:>=2017-01-01 sort:created-asc | repo:liaochong/myexcel is:pr author:app/dependabot-preview created:>=2017-01-01 sort:created-asc | repo:liaochong/myexcel is:pr author:dependabot[bot] created:>=2017-01-01 sort:created-asc | repo:liaochong/myexcel is:pr author:dependabot-preview[bot] created:>=2017-01-01 sort:created-asc,False,,,,,
librespot-org/librespot-java,https://github.com/librespot-org/librespot-java,2026-08-14T17:56:39.094979+00:00,ok,,,True,2020-11-17T09:05:53Z,https://github.com/librespot-org/librespot-java/pull/256,256,dependabot-preview,Bump commons-net from 3.6 to 3.7.2,app/dependabot-preview,repo:librespot-org/librespot-java is:pr author:app/dependabot created:>=2017-01-01 sort:created-asc | repo:librespot-org/librespot-java is:pr author:app/dependabot-preview created:>=2017-01-01 sort:created-asc | repo:librespot-org/librespot-java is:pr author:dependabot[bot] created:>=2017-01-01 sort:created-asc | repo:librespot-org/librespot-java is:pr author:dependabot-preview[bot] created:>=2017-01-01 sort:created-asc,True,.github/dependabot.yml,2021-04-28T22:34:19Z,a271952fcfcc931fd7206cbf88b7cfd4973f419c,https://github.com/librespot-org/librespot-java/commit/a271952fcfcc931fd7206cbf88b7cfd4973f419c,Upgrade to GitHub-native Dependabot
liferay/portletmvc4spring,https://github.com/liferay/portletmvc4spring,2026-08-14T17:56:45.197152+00:00,ok,,,True,2020-01-08T17:23:41Z,https://github.com/liferay/portletmvc4spring/pull/3,3,dependabot,Bump hibernate-validator from 6.0.14.Final to 6.1.0.Final,app/dependabot,repo:liferay/portletmvc4spring is:pr author:app/dependabot created:>=2017-01-01 sort:created-asc | repo:liferay/portletmvc4spring is:pr author:app/dependabot-preview created:>=2017-01-01 sort:created-asc | repo:liferay/portletmvc4spring is:pr author:dependabot[bot] created:>=2017-01-01 sort:created-asc | repo:liferay/portletmvc4spring is:pr author:dependabot-preview[bot] created:>=2017-01-01 sort:created-asc,False,,,,,
lightblueseas/email-tails,https://github.com/lightblueseas/email-tails,2026-08-14T17:56:51.117585+00:00,ok,,,True,2022-02-28T14:38:57Z,https://github.com/lightblueseas/email-tails/pull/8,8,dependabot,Bump xstream from 1.4.11.1 to 1.4.19,app/dependabot,repo:lightblueseas/email-tails is:pr author:app/dependabot created:>=2017-01-01 sort:created-asc | repo:lightblueseas/email-tails is:pr author:app/dependabot-preview created:>=2017-01-01 sort:created-asc | repo:lightblueseas/email-tails is:pr author:dependabot[bot] created:>=2017-01-01 sort:created-asc | repo:lightblueseas/email-tails is:pr author:dependabot-preview[bot] created:>=2017-01-01 sort:created-asc,False,,,,,
lijiahangmax/orion-kit,https://github.com/lijiahangmax/orion-kit,2026-08-14T17:56:57.769317+00:00,ok,,,False,,,,,,,repo:lijiahangmax/orion-kit is:pr author:app/dependabot created:>=2017-01-01 sort:created-asc | repo:lijiahangmax/orion-kit is:pr author:app/dependabot-preview created:>=2017-01-01 sort:created-asc | repo:lijiahangmax/orion-kit is:pr author:dependabot[bot] created:>=2017-01-01 sort:created-asc | repo:lijiahangmax/orion-kit is:pr author:dependabot-preview[bot] created:>=2017-01-01 sort:created-asc,False,,,,,
linqs/psl,https://github.com/linqs/psl,2026-08-14T17:57:03.722411+00:00,ok,,,True,2020-05-21T19:21:21Z,https://github.com/linqs/psl/pull/272,272,dependabot,Bump commons-configuration2 from 2.2 to 2.7 in /psl-core,app/dependabot,repo:linqs/psl is:pr author:app/dependabot created:>=2017-01-01 sort:created-asc | repo:linqs/psl is:pr author:app/dependabot-preview created:>=2017-01-01 sort:created-asc | repo:linqs/psl is:pr author:dependabot[bot] created:>=2017-01-01 sort:created-asc | repo:linqs/psl is:pr author:dependabot-preview[bot] created:>=2017-01-01 sort:created-asc,False,,,,,
lionsoul2014/jcseg,https://github.com/lionsoul2014/jcseg,2026-08-14T17:57:11.306104+00:00,ok,,,True,2020-10-13T07:29:32Z,https://github.com/lionsoul2014/jcseg/pull/60,60,dependabot,Bump junit from 3.8.1 to 4.13.1 in /jcseg-elasticsearch,app/dependabot,repo:lionsoul2014/jcseg is:pr author:app/dependabot created:>=2017-01-01 sort:created-asc | repo:lionsoul2014/jcseg is:pr author:app/dependabot-preview created:>=2017-01-01 sort:created-asc | repo:lionsoul2014/jcseg is:pr author:dependabot[bot] created:>=2017-01-01 sort:created-asc | repo:lionsoul2014/jcseg is:pr author:dependabot-preview[bot] created:>=2017-01-01 sort:created-asc,False,,,,,
liquibase/liquibase-cache,https://github.com/liquibase/liquibase-cache,2026-08-14T17:57:17.625964+00:00,ok,,,True,2020-05-29T14:15:45Z,https://github.com/liquibase/liquibase-cache/pull/2,2,dependabot-preview,Bump liquibase-core from 3.3.0 to 3.9.0,app/dependabot-preview,repo:liquibase/liquibase-cache is:pr author:app/dependabot created:>=2017-01-01 sort:created-asc | repo:liquibase/liquibase-cache is:pr author:app/dependabot-preview created:>=2017-01-01 sort:created-asc | repo:liquibase/liquibase-cache is:pr author:dependabot[bot] created:>=2017-01-01 sort:created-asc | repo:liquibase/liquibase-cache is:pr author:dependabot-preview[bot] created:>=2017-01-01 sort:created-asc,True,.github/dependabot.yml,2021-04-28T16:46:50Z,a8f2894596826bb11afbacfacb2c0c79dd86eccf,https://github.com/liquibase/liquibase-cache/commit/a8f2894596826bb11afbacfacb2c0c79dd86eccf,Upgrade to GitHub-native Dependabot
liquibase/liquibase-cosmosdb,https://github.com/liquibase/liquibase-cosmosdb,2026-08-14T17:57:25.639388+00:00,ok,,,True,2021-04-13T16:57:19Z,https://github.com/liquibase/liquibase-cosmosdb/pull/15,15,dependabot-preview,Bump lombok from 1.18.18 to 1.18.20,app/dependabot-preview,repo:liquibase/liquibase-cosmosdb is:pr author:app/dependabot created:>=2017-01-01 sort:created-asc | repo:liquibase/liquibase-cosmosdb is:pr author:app/dependabot-preview created:>=2017-01-01 sort:created-asc | repo:liquibase/liquibase-cosmosdb is:pr author:dependabot[bot] created:>=2017-01-01 sort:created-asc | repo:liquibase/liquibase-cosmosdb is:pr author:dependabot-preview[bot] created:>=2017-01-01 sort:created-asc,True,.github/dependabot.yml,2021-04-30T06:37:45Z,6200d6aca8f0f98400bddd60479f678f6c03704b,https://github.com/liquibase/liquibase-cosmosdb/commit/6200d6aca8f0f98400bddd60479f678f6c03704b,Upgrade to GitHub-native Dependabot
liquibase/liquibase-db2i,https://github.com/liquibase/liquibase-db2i,2026-08-14T17:57:33.323796+00:00,ok,,,True,2020-04-21T16:43:08Z,https://github.com/liquibase/liquibase-db2i/pull/10,10,dependabot-preview,Bump nexus-staging-maven-plugin from 1.6.5 to 1.6.8,app/dependabot-preview,repo:liquibase/liquibase-db2i is:pr author:app/dependabot created:>=2017-01-01 sort:created-asc | repo:liquibase/liquibase-db2i is:pr author:app/dependabot-preview created:>=2017-01-01 sort:created-asc | repo:liquibase/liquibase-db2i is:pr author:dependabot[bot] created:>=2017-01-01 sort:created-asc | repo:liquibase/liquibase-db2i is:pr author:dependabot-preview[bot] created:>=2017-01-01 sort:created-asc,True,.github/dependabot.yml,2021-04-28T16:46:34Z,d7bc273231de48527ce07d04af8d4caea41af25d,https://github.com/liquibase/liquibase-db2i/commit/d7bc273231de48527ce07d04af8d4caea41af25d,Upgrade to GitHub-native Dependabot
liquibase/liquibase-filechangelog,https://github.com/liquibase/liquibase-filechangelog,2026-08-14T17:57:41.409876+00:00,ok,,,True,2020-05-29T16:54:08Z,https://github.com/liquibase/liquibase-filechangelog/pull/1,1,dependabot-preview,Bump nexus-staging-maven-plugin from 1.6.5 to 1.6.8,app/dependabot-preview,repo:liquibase/liquibase-filechangelog is:pr author:app/dependabot created:>=2017-01-01 sort:created-asc | repo:liquibase/liquibase-filechangelog is:pr author:app/dependabot-preview created:>=2017-01-01 sort:created-asc | repo:liquibase/liquibase-filechangelog is:pr author:dependabot[bot] created:>=2017-01-01 sort:created-asc | repo:liquibase/liquibase-filechangelog is:pr author:dependabot-preview[bot] created:>=2017-01-01 sort:created-asc,True,.github/dependabot.yml,2021-04-28T16:46:47Z,6ce4c318ccdccd04f2d83afaf844eaf5a005f6ab,https://github.com/liquibase/liquibase-filechangelog/commit/6ce4c318ccdccd04f2d83afaf844eaf5a005f6ab,Upgrade to GitHub-native Dependabot
lithiumtech/flow,https://github.com/lithiumtech/flow,2026-08-14T17:57:50.158684+00:00,ok,,,True,2019-12-02T23:18:03Z,https://github.com/lithiumtech/flow/pull/12,12,dependabot,Bump jetty-server from 9.4.21.v20190926 to 9.4.24.v20191120,app/dependabot,repo:lithiumtech/flow is:pr author:app/dependabot created:>=2017-01-01 sort:created-asc | repo:lithiumtech/flow is:pr author:app/dependabot-preview created:>=2017-01-01 sort:created-asc | repo:lithiumtech/flow is:pr author:dependabot[bot] created:>=2017-01-01 sort:created-asc | repo:lithiumtech/flow is:pr author:dependabot-preview[bot] created:>=2017-01-01 sort:created-asc,False,,,,,
logfellow/logstash-logback-encoder,https://github.com/logfellow/logstash-logback-encoder,2026-08-14T17:57:57.013071+00:00,ok,,,True,2020-09-11T21:25:25Z,https://github.com/logfellow/logstash-logback-encoder/pull/426,426,dependabot,Bump assertj-core from 3.16.1 to 3.17.2,app/dependabot,repo:logfellow/logstash-logback-encoder is:pr author:app/dependabot created:>=2017-01-01 sort:created-asc | repo:logfellow/logstash-logback-encoder is:pr author:app/dependabot-preview created:>=2017-01-01 sort:created-asc | repo:logfellow/logstash-logback-encoder is:pr author:dependabot[bot] created:>=2017-01-01 sort:created-asc | repo:logfellow/logstash-logback-encoder is:pr author:dependabot-preview[bot] created:>=2017-01-01 sort:created-asc,True,.github/dependabot.yml,2020-09-09T01:14:27Z,34bed0aae02b7a0b3fbdb60469e9f66f7b46ddd5,https://github.com/logfellow/logstash-logback-encoder/commit/34bed0aae02b7a0b3fbdb60469e9f66f7b46ddd5,"enable Dependabot v2

https://github.blog/2020-06-01-keep-all-your-packages-up-to-date-with-dependabot/"
logzio/sawmill,https://github.com/logzio/sawmill,2026-08-14T17:58:04.035485+00:00,ok,,,True,2019-07-31T07:26:11Z,https://github.com/logzio/sawmill/pull/183,183,dependabot,Bump jackson.version from 2.9.9 to 2.10.0.pr1,app/dependabot,repo:logzio/sawmill is:pr author:app/dependabot created:>=2017-01-01 sort:created-asc | repo:logzio/sawmill is:pr author:app/dependabot-preview created:>=2017-01-01 sort:created-asc | repo:logzio/sawmill is:pr author:dependabot[bot] created:>=2017-01-01 sort:created-asc | repo:logzio/sawmill is:pr author:dependabot-preview[bot] created:>=2017-01-01 sort:created-asc,False,,,,,
luisgoncalves/xades4j,https://github.com/luisgoncalves/xades4j,2026-08-14T17:58:10.364152+00:00,ok,,,True,2020-10-12T19:53:01Z,https://github.com/luisgoncalves/xades4j/pull/211,211,dependabot,Bump junit from 4.11 to 4.13.1,app/dependabot,repo:luisgoncalves/xades4j is:pr author:app/dependabot created:>=2017-01-01 sort:created-asc | repo:luisgoncalves/xades4j is:pr author:app/dependabot-preview created:>=2017-01-01 sort:created-asc | repo:luisgoncalves/xades4j is:pr author:dependabot[bot] created:>=2017-01-01 sort:created-asc | repo:luisgoncalves/xades4j is:pr author:dependabot-preview[bot] created:>=2017-01-01 sort:created-asc,True,.github/dependabot.yml,2024-07-30T18:31:05Z,889ec5bbd25952a04778d7368b5d6fc2d756491d,https://github.com/luisgoncalves/xades4j/commit/889ec5bbd25952a04778d7368b5d6fc2d756491d,Create dependabot.yml
lukas-krecan/smock,https://github.com/lukas-krecan/smock,2026-08-14T17:58:22.608357+00:00,ok,,,False,,,,,,,repo:lukas-krecan/smock is:pr author:app/dependabot created:>=2017-01-01 sort:created-asc | repo:lukas-krecan/smock is:pr author:app/dependabot-preview created:>=2017-01-01 sort:created-asc | repo:lukas-krecan/smock is:pr author:dependabot[bot] created:>=2017-01-01 sort:created-asc | repo:lukas-krecan/smock is:pr author:dependabot-preview[bot] created:>=2017-01-01 sort:created-asc,False,,,,,
mangstadt/ez-vcard,https://github.com/mangstadt/ez-vcard,2026-08-14T17:58:28.764230+00:00,ok,,,True,2020-10-13T06:52:20Z,https://github.com/mangstadt/ez-vcard/pull/111,111,dependabot,Bump junit from 4.12 to 4.13.1,app/dependabot,repo:mangstadt/ez-vcard is:pr author:app/dependabot created:>=2017-01-01 sort:created-asc | repo:mangstadt/ez-vcard is:pr author:app/dependabot-preview created:>=2017-01-01 sort:created-asc | repo:mangstadt/ez-vcard is:pr author:dependabot[bot] created:>=2017-01-01 sort:created-asc | repo:mangstadt/ez-vcard is:pr author:dependabot-preview[bot] created:>=2017-01-01 sort:created-asc,False,,,,,
marcust/jzenith,https://github.com/marcust/jzenith,2026-08-14T17:58:34.845321+00:00,ok,,,True,2018-10-01T19:45:41Z,https://github.com/marcust/jzenith/pull/8,8,dependabot-preview,Bump rxjava2-jdbc from 0.1-RC37 to 0.1-RC39,app/dependabot-preview,repo:marcust/jzenith is:pr author:app/dependabot created:>=2017-01-01 sort:created-asc | repo:marcust/jzenith is:pr author:app/dependabot-preview created:>=2017-01-01 sort:created-asc | repo:marcust/jzenith is:pr author:dependabot[bot] created:>=2017-01-01 sort:created-asc | repo:marcust/jzenith is:pr author:dependabot-preview[bot] created:>=2017-01-01 sort:created-asc,False,,,,,
marklogic/marklogic-contentpump,https://github.com/marklogic/marklogic-contentpump,2026-08-14T17:58:42.307701+00:00,ok,,,True,2019-11-13T06:32:27Z,https://github.com/marklogic/marklogic-contentpump/pull/120,120,dependabot,Bump jackson-databind from 2.9.0 to 2.9.10.1 in /mlcp,app/dependabot,repo:marklogic/marklogic-contentpump is:pr author:app/dependabot created:>=2017-01-01 sort:created-asc | repo:marklogic/marklogic-contentpump is:pr author:app/dependabot-preview created:>=2017-01-01 sort:created-asc | repo:marklogic/marklogic-contentpump is:pr author:dependabot[bot] created:>=2017-01-01 sort:created-asc | repo:marklogic/marklogic-contentpump is:pr author:dependabot-preview[bot] created:>=2017-01-01 sort:created-asc,False,,,,,
martinpaljak/GlobalPlatformPro,https://github.com/martinpaljak/GlobalPlatformPro,2026-08-14T17:58:48.827808+00:00,ok,,,True,2023-05-01T20:54:56Z,https://github.com/martinpaljak/GlobalPlatformPro/pull/311,311,dependabot,Bump testng from 7.4.0 to 7.7.0 in /library,app/dependabot,repo:martinpaljak/GlobalPlatformPro is:pr author:app/dependabot created:>=2017-01-01 sort:created-asc | repo:martinpaljak/GlobalPlatformPro is:pr author:app/dependabot-preview created:>=2017-01-01 sort:created-asc | repo:martinpaljak/GlobalPlatformPro is:pr author:dependabot[bot] created:>=2017-01-01 sort:created-asc | repo:martinpaljak/GlobalPlatformPro is:pr author:dependabot-preview[bot] created:>=2017-01-01 sort:created-asc,False,,,,,
matjaz99/alertmonitor,https://github.com/matjaz99/alertmonitor,2026-08-14T17:58:55.333229+00:00,ok,,,True,2022-05-20T20:58:40Z,https://github.com/matjaz99/alertmonitor/pull/21,21,dependabot,Bump gson from 2.8.5 to 2.8.9,app/dependabot,repo:matjaz99/alertmonitor is:pr author:app/dependabot created:>=2017-01-01 sort:created-asc | repo:matjaz99/alertmonitor is:pr author:app/dependabot-preview created:>=2017-01-01 sort:created-asc | repo:matjaz99/alertmonitor is:pr author:dependabot[bot] created:>=2017-01-01 sort:created-asc | repo:matjaz99/alertmonitor is:pr author:dependabot-preview[bot] created:>=2017-01-01 sort:created-asc,False,,,,,
maxmind/minfraud-api-java,https://github.com/maxmind/minfraud-api-java,2026-08-14T17:59:01.094475+00:00,ok,,,True,2019-10-03T18:34:31Z,https://github.com/maxmind/minfraud-api-java/pull/57,57,dependabot-preview,Bump versions-maven-plugin from 2.1 to 2.7,app/dependabot-preview,repo:maxmind/minfraud-api-java is:pr author:app/dependabot created:>=2017-01-01 sort:created-asc | repo:maxmind/minfraud-api-java is:pr author:app/dependabot-preview created:>=2017-01-01 sort:created-asc | repo:maxmind/minfraud-api-java is:pr author:dependabot[bot] created:>=2017-01-01 sort:created-asc | repo:maxmind/minfraud-api-java is:pr author:dependabot-preview[bot] created:>=2017-01-01 sort:created-asc,True,.github/dependabot.yml,2021-02-11T19:56:53Z,37171e7e96ba4735e2f968641e8c9f98c9522fc2,https://github.com/maxmind/minfraud-api-java/commit/37171e7e96ba4735e2f968641e8c9f98c9522fc2,Create Dependabot config file
mbizhani/Wickomp,https://github.com/mbizhani/Wickomp,2026-08-14T17:59:08.393720+00:00,ok,,,False,,,,,,,repo:mbizhani/Wickomp is:pr author:app/dependabot created:>=2017-01-01 sort:created-asc | repo:mbizhani/Wickomp is:pr author:app/dependabot-preview created:>=2017-01-01 sort:created-asc | repo:mbizhani/Wickomp is:pr author:dependabot[bot] created:>=2017-01-01 sort:created-asc | repo:mbizhani/Wickomp is:pr author:dependabot-preview[bot] created:>=2017-01-01 sort:created-asc,False,,,,,
mcollovati/vertx-vaadin,https://github.com/mcollovati/vertx-vaadin,2026-08-14T17:59:15.368442+00:00,ok,,,True,2020-01-31T18:07:16Z,https://github.com/mcollovati/vertx-vaadin/pull/31,31,dependabot,Bump checkstyle from 8.20 to 8.29,app/dependabot,repo:mcollovati/vertx-vaadin is:pr author:app/dependabot created:>=2017-01-01 sort:created-asc | repo:mcollovati/vertx-vaadin is:pr author:app/dependabot-preview created:>=2017-01-01 sort:created-asc | repo:mcollovati/vertx-vaadin is:pr author:dependabot[bot] created:>=2017-01-01 sort:created-asc | repo:mcollovati/vertx-vaadin is:pr author:dependabot-preview[bot] created:>=2017-01-01 sort:created-asc,True,.github/dependabot.yml,2024-12-22T12:34:34Z,36cd09d182c12a3118e1b30af6a7f6ede72d713a,https://github.com/mcollovati/vertx-vaadin/commit/36cd09d182c12a3118e1b30af6a7f6ede72d713a,chore: add dependabot configuration (#132)
mediathekview/MLib,https://github.com/mediathekview/MLib,2026-08-14T17:59:21.417022+00:00,ok,,,True,2020-07-01T19:06:22Z,https://github.com/mediathekview/MLib/pull/120,120,dependabot,Bump log4j-core from 2.11.1 to 2.13.2,app/dependabot,repo:mediathekview/MLib is:pr author:app/dependabot created:>=2017-01-01 sort:created-asc | repo:mediathekview/MLib is:pr author:app/dependabot-preview created:>=2017-01-01 sort:created-asc | repo:mediathekview/MLib is:pr author:dependabot[bot] created:>=2017-01-01 sort:created-asc | repo:mediathekview/MLib is:pr author:dependabot-preview[bot] created:>=2017-01-01 sort:created-asc,False,,,,,
mercibe/jxsl,https://github.com/mercibe/jxsl,2026-08-14T17:59:29.002677+00:00,ok,,,True,2020-04-17T15:20:04Z,https://github.com/mercibe/jxsl/pull/6,6,dependabot,Bump xstream from 1.3.1 to 1.4.6,app/dependabot,repo:mercibe/jxsl is:pr author:app/dependabot created:>=2017-01-01 sort:created-asc | repo:mercibe/jxsl is:pr author:app/dependabot-preview created:>=2017-01-01 sort:created-asc | repo:mercibe/jxsl is:pr author:dependabot[bot] created:>=2017-01-01 sort:created-asc | repo:mercibe/jxsl is:pr author:dependabot-preview[bot] created:>=2017-01-01 sort:created-asc,False,,,,,
messagebird/java-rest-api,https://github.com/messagebird/java-rest-api,2026-08-14T17:59:34.313805+00:00,ok,,,True,2020-10-13T09:06:45Z,https://github.com/messagebird/java-rest-api/pull/131,131,dependabot,Bump junit from 4.12 to 4.13.1 in /api,app/dependabot,repo:messagebird/java-rest-api is:pr author:app/dependabot created:>=2017-01-01 sort:created-asc | repo:messagebird/java-rest-api is:pr author:app/dependabot-preview created:>=2017-01-01 sort:created-asc | repo:messagebird/java-rest-api is:pr author:dependabot[bot] created:>=2017-01-01 sort:created-asc | repo:messagebird/java-rest-api is:pr author:dependabot-preview[bot] created:>=2017-01-01 sort:created-asc,False,,,,,
mhradek/aurkitu,https://github.com/mhradek/aurkitu,2026-08-14T17:59:39.959866+00:00,ok,,,True,2020-06-15T20:57:56Z,https://github.com/mhradek/aurkitu/pull/18,18,dependabot,Bump commons-collections4 from 4.0 to 4.1 in /aurkitu-maven-plugin,app/dependabot,repo:mhradek/aurkitu is:pr author:app/dependabot created:>=2017-01-01 sort:created-asc | repo:mhradek/aurkitu is:pr author:app/dependabot-preview created:>=2017-01-01 sort:created-asc | repo:mhradek/aurkitu is:pr author:dependabot[bot] created:>=2017-01-01 sort:created-asc | repo:mhradek/aurkitu is:pr author:dependabot-preview[bot] created:>=2017-01-01 sort:created-asc,False,,,,,
mike10004/har-replay,https://github.com/mike10004/har-replay,2026-08-14T17:59:47.771409+00:00,ok,,,True,2019-10-31T17:30:13Z,https://github.com/mike10004/har-replay/pull/4,4,dependabot,Bump jackson.version from 2.9.10 to 2.10.0,app/dependabot,repo:mike10004/har-replay is:pr author:app/dependabot created:>=2017-01-01 sort:created-asc | repo:mike10004/har-replay is:pr author:app/dependabot-preview created:>=2017-01-01 sort:created-asc | repo:mike10004/har-replay is:pr author:dependabot[bot] created:>=2017-01-01 sort:created-asc | repo:mike10004/har-replay is:pr author:dependabot-preview[bot] created:>=2017-01-01 sort:created-asc,False,,,,,
miltonio/milton2,https://github.com/miltonio/milton2,2026-08-14T17:59:54.251344+00:00,ok,,,True,2019-10-29T20:08:58Z,https://github.com/miltonio/milton2/pull/122,122,dependabot,Bump jetty.version from 8.1.5.v20120716 to 9.4.22.v20191022 in /examples/milton-embedded,app/dependabot,repo:miltonio/milton2 is:pr author:app/dependabot created:>=2017-01-01 sort:created-asc | repo:miltonio/milton2 is:pr author:app/dependabot-preview created:>=2017-01-01 sort:created-asc | repo:miltonio/milton2 is:pr author:dependabot[bot] created:>=2017-01-01 sort:created-asc | repo:miltonio/milton2 is:pr author:dependabot-preview[bot] created:>=2017-01-01 sort:created-asc,False,,,,,
mizool/mizool,https://github.com/mizool/mizool,2026-08-14T18:00:00.826564+00:00,ok,,,True,2019-10-29T14:21:46Z,https://github.com/mizool/mizool/pull/150,150,dependabot,Bump jackson.version from 2.8.9 to 2.10.0,app/dependabot,repo:mizool/mizool is:pr author:app/dependabot created:>=2017-01-01 sort:created-asc | repo:mizool/mizool is:pr author:app/dependabot-preview created:>=2017-01-01 sort:created-asc | repo:mizool/mizool is:pr author:dependabot[bot] created:>=2017-01-01 sort:created-asc | repo:mizool/mizool is:pr author:dependabot-preview[bot] created:>=2017-01-01 sort:created-asc,True,.github/dependabot.yml,2025-08-08T13:03:27Z,4dd856d98bd0208d8ea6ed3f0084a482aa2f7218,https://github.com/mizool/mizool/commit/4dd856d98bd0208d8ea6ed3f0084a482aa2f7218,Added dependabot configuration.
mkolisnyk/cucumber-reports,https://github.com/mkolisnyk/cucumber-reports,2026-08-14T18:00:08.916399+00:00,ok,,,False,,,,,,,repo:mkolisnyk/cucumber-reports is:pr author:app/dependabot created:>=2017-01-01 sort:created-asc | repo:mkolisnyk/cucumber-reports is:pr author:app/dependabot-preview created:>=2017-01-01 sort:created-asc | repo:mkolisnyk/cucumber-reports is:pr author:dependabot[bot] created:>=2017-01-01 sort:created-asc | repo:mkolisnyk/cucumber-reports is:pr author:dependabot-preview[bot] created:>=2017-01-01 sort:created-asc,False,,,,,
mnemonic-no/messaging,https://github.com/mnemonic-no/messaging,2026-08-14T18:00:14.825952+00:00,ok,,,False,,,,,,,repo:mnemonic-no/messaging is:pr author:app/dependabot created:>=2017-01-01 sort:created-asc | repo:mnemonic-no/messaging is:pr author:app/dependabot-preview created:>=2017-01-01 sort:created-asc | repo:mnemonic-no/messaging is:pr author:dependabot[bot] created:>=2017-01-01 sort:created-asc | repo:mnemonic-no/messaging is:pr author:dependabot-preview[bot] created:>=2017-01-01 sort:created-asc,False,,,,,
molindo/esi4j,https://github.com/molindo/esi4j,2026-08-14T18:00:21.404512+00:00,ok,,,False,,,,,,,repo:molindo/esi4j is:pr author:app/dependabot created:>=2017-01-01 sort:created-asc | repo:molindo/esi4j is:pr author:app/dependabot-preview created:>=2017-01-01 sort:created-asc | repo:molindo/esi4j is:pr author:dependabot[bot] created:>=2017-01-01 sort:created-asc | repo:molindo/esi4j is:pr author:dependabot-preview[bot] created:>=2017-01-01 sort:created-asc,False,,,,,
mrami4/bluecircle-json-interface-generator,https://github.com/mrami4/bluecircle-json-interface-generator,2026-08-14T18:00:28.071311+00:00,ok,,,False,,,,,,,repo:mrami4/bluecircle-json-interface-generator is:pr author:app/dependabot created:>=2017-01-01 sort:created-asc | repo:mrami4/bluecircle-json-interface-generator is:pr author:app/dependabot-preview created:>=2017-01-01 sort:created-asc | repo:mrami4/bluecircle-json-interface-generator is:pr author:dependabot[bot] created:>=2017-01-01 sort:created-asc | repo:mrami4/bluecircle-json-interface-generator is:pr author:dependabot-preview[bot] created:>=2017-01-01 sort:created-asc,False,,,,,
mrniko/netty-socketio,https://github.com/mrniko/netty-socketio,2026-08-14T18:00:37.587561+00:00,ok,,,True,2019-11-20T07:56:34Z,https://github.com/mrniko/netty-socketio/pull/719,719,dependabot,Bump jackson-databind from 2.9.9.2 to 2.9.10.1,app/dependabot,repo:mrniko/netty-socketio is:pr author:app/dependabot created:>=2017-01-01 sort:created-asc | repo:mrniko/netty-socketio is:pr author:app/dependabot-preview created:>=2017-01-01 sort:created-asc | repo:mrniko/netty-socketio is:pr author:dependabot[bot] created:>=2017-01-01 sort:created-asc | repo:mrniko/netty-socketio is:pr author:dependabot-preview[bot] created:>=2017-01-01 sort:created-asc,False,,,,,
msoute/vertx-deploy-mod,https://github.com/msoute/vertx-deploy-mod,2026-08-14T18:00:42.952069+00:00,ok,,,False,,,,,,,repo:msoute/vertx-deploy-mod is:pr author:app/dependabot created:>=2017-01-01 sort:created-asc | repo:msoute/vertx-deploy-mod is:pr author:app/dependabot-preview created:>=2017-01-01 sort:created-asc | repo:msoute/vertx-deploy-mod is:pr author:dependabot[bot] created:>=2017-01-01 sort:created-asc | repo:msoute/vertx-deploy-mod is:pr author:dependabot-preview[bot] created:>=2017-01-01 sort:created-asc,False,,,,,
mulesoft/mule,https://github.com/mulesoft/mule,2026-08-14T18:00:51.502071+00:00,ok,,,True,2019-06-25T18:53:20Z,https://github.com/mulesoft/mule/pull/7996,7996,dependabot,Bump jettyVersion from 9.0.7.v20131107 to 9.4.19.v20190610,app/dependabot,repo:mulesoft/mule is:pr author:app/dependabot created:>=2017-01-01 sort:created-asc | repo:mulesoft/mule is:pr author:app/dependabot-preview created:>=2017-01-01 sort:created-asc | repo:mulesoft/mule is:pr author:dependabot[bot] created:>=2017-01-01 sort:created-asc | repo:mulesoft/mule is:pr author:dependabot-preview[bot] created:>=2017-01-01 sort:created-asc,False,,,,,
mulesoft/mule-soap-service,https://github.com/mulesoft/mule-soap-service,2026-08-14T18:00:57.934799+00:00,ok,,,True,2019-12-12T18:10:26Z,https://github.com/mulesoft/mule-soap-service/pull/130,130,dependabot,Bump jettyVersion from 9.4.14.v20181114 to 9.4.24.v20191120,app/dependabot,repo:mulesoft/mule-soap-service is:pr author:app/dependabot created:>=2017-01-01 sort:created-asc | repo:mulesoft/mule-soap-service is:pr author:app/dependabot-preview created:>=2017-01-01 sort:created-asc | repo:mulesoft/mule-soap-service is:pr author:dependabot[bot] created:>=2017-01-01 sort:created-asc | repo:mulesoft/mule-soap-service is:pr author:dependabot-preview[bot] created:>=2017-01-01 sort:created-asc,False,,,,,
mybatis/guice,https://github.com/mybatis/guice,2026-08-14T18:01:03.309019+00:00,ok,,,True,2019-11-02T19:10:58Z,https://github.com/mybatis/guice/pull/147,147,dependabot,Bump c3p0 from 0.9.5.2 to 0.9.5.4,app/dependabot,repo:mybatis/guice is:pr author:app/dependabot created:>=2017-01-01 sort:created-asc | repo:mybatis/guice is:pr author:app/dependabot-preview created:>=2017-01-01 sort:created-asc | repo:mybatis/guice is:pr author:dependabot[bot] created:>=2017-01-01 sort:created-asc | repo:mybatis/guice is:pr author:dependabot-preview[bot] created:>=2017-01-01 sort:created-asc,True,.github/dependabot.yml,2020-07-05T00:03:41Z,f65dd52997835547989100b0102eae57703e2385,https://github.com/mybatis/guice/commit/f65dd52997835547989100b0102eae57703e2385,Create Dependabot config file
mybatis/spring,https://github.com/mybatis/spring,2026-08-14T18:01:11.079001+00:00,ok,,,True,2019-11-10T08:33:57Z,https://github.com/mybatis/spring/pull/412,412,dependabot-preview,Bump hsqldb from 2.4.1 to 2.5.0,app/dependabot-preview,repo:mybatis/spring is:pr author:app/dependabot created:>=2017-01-01 sort:created-asc | repo:mybatis/spring is:pr author:app/dependabot-preview created:>=2017-01-01 sort:created-asc | repo:mybatis/spring is:pr author:dependabot[bot] created:>=2017-01-01 sort:created-asc | repo:mybatis/spring is:pr author:dependabot-preview[bot] created:>=2017-01-01 sort:created-asc,True,.github/dependabot.yml,2020-07-04T23:57:00Z,ffdf16f7a1cc8736200ede5330dbddc1a766917c,https://github.com/mybatis/spring/commit/ffdf16f7a1cc8736200ede5330dbddc1a766917c,Create Dependabot config file
mybatis/spring-boot-starter,https://github.com/mybatis/spring-boot-starter,2026-08-14T18:01:19.052653+00:00,ok,,,True,2019-11-10T08:34:26Z,https://github.com/mybatis/spring-boot-starter/pull/391,391,dependabot-preview,Bump spring-boot.version from 2.1.9.RELEASE to 2.2.1.RELEASE,app/dependabot-preview,repo:mybatis/spring-boot-starter is:pr author:app/dependabot created:>=2017-01-01 sort:created-asc | repo:mybatis/spring-boot-starter is:pr author:app/dependabot-preview created:>=2017-01-01 sort:created-asc | repo:mybatis/spring-boot-starter is:pr author:dependabot[bot] created:>=2017-01-01 sort:created-asc | repo:mybatis/spring-boot-starter is:pr author:dependabot-preview[bot] created:>=2017-01-01 sort:created-asc,True,.github/dependabot.yml,2020-07-04T23:56:57Z,5d6068dae739850ab710c249957878653570c209,https://github.com/mybatis/spring-boot-starter/commit/5d6068dae739850ab710c249957878653570c209,Create Dependabot config file
mybatis/velocity-scripting,https://github.com/mybatis/velocity-scripting,2026-08-14T18:01:27.894976+00:00,ok,,,True,2019-11-10T08:34:03Z,https://github.com/mybatis/velocity-scripting/pull/93,93,dependabot-preview,Bump slf4j-simple from 1.7.28 to 1.7.29,app/dependabot-preview,repo:mybatis/velocity-scripting is:pr author:app/dependabot created:>=2017-01-01 sort:created-asc | repo:mybatis/velocity-scripting is:pr author:app/dependabot-preview created:>=2017-01-01 sort:created-asc | repo:mybatis/velocity-scripting is:pr author:dependabot[bot] created:>=2017-01-01 sort:created-asc | repo:mybatis/velocity-scripting is:pr author:dependabot-preview[bot] created:>=2017-01-01 sort:created-asc,True,.github/dependabot.yml,2020-07-04T23:56:52Z,b7bbd2a64c6a099c91fee22047328e0809f3622d,https://github.com/mybatis/velocity-scripting/commit/b7bbd2a64c6a099c91fee22047328e0809f3622d,Create Dependabot config file
nasa-pds/pds4-information-model,https://github.com/nasa-pds/pds4-information-model,2026-08-14T18:01:36.699143+00:00,ok,,,True,2020-10-12T20:15:44Z,https://github.com/NASA-PDS/pds4-information-model/pull/246,246,dependabot,Bump junit from 4.8.2 to 4.13.1 in /model-dmdocument,app/dependabot,repo:nasa-pds/pds4-information-model is:pr author:app/dependabot created:>=2017-01-01 sort:created-asc | repo:nasa-pds/pds4-information-model is:pr author:app/dependabot-preview created:>=2017-01-01 sort:created-asc | repo:nasa-pds/pds4-information-model is:pr author:dependabot[bot] created:>=2017-01-01 sort:created-asc | repo:nasa-pds/pds4-information-model is:pr author:dependabot-preview[bot] created:>=2017-01-01 sort:created-asc,True,.github/dependabot.yml,2022-11-29T19:57:59Z,d5570e8b6ef6c61f84648fd3d3d454c7a50a4edb,https://github.com/NASA-PDS/pds4-information-model/commit/d5570e8b6ef6c61f84648fd3d3d454c7a50a4edb,Create dependabot.yml
naspart/wx-tools,https://github.com/naspart/wx-tools,2026-08-14T18:01:44.636199+00:00,ok,,,True,2020-06-06T05:59:33Z,https://github.com/naspart/wx-tools/pull/1,1,dependabot,Bump dom4j from 2.1.1 to 2.1.3,app/dependabot,repo:naspart/wx-tools is:pr author:app/dependabot created:>=2017-01-01 sort:created-asc | repo:naspart/wx-tools is:pr author:app/dependabot-preview created:>=2017-01-01 sort:created-asc | repo:naspart/wx-tools is:pr author:dependabot[bot] created:>=2017-01-01 sort:created-asc | repo:naspart/wx-tools is:pr author:dependabot-preview[bot] created:>=2017-01-01 sort:created-asc,False,,,,,
nbbrd/spreadsheet4j,https://github.com/nbbrd/spreadsheet4j,2026-08-14T18:01:51.447566+00:00,ok,,,True,2018-12-20T09:56:30Z,https://github.com/nbbrd/spreadsheet4j/pull/35,35,dependabot-preview,Bump poi.version from 4.0.0 to 4.0.1,app/dependabot-preview,repo:nbbrd/spreadsheet4j is:pr author:app/dependabot created:>=2017-01-01 sort:created-asc | repo:nbbrd/spreadsheet4j is:pr author:app/dependabot-preview created:>=2017-01-01 sort:created-asc | repo:nbbrd/spreadsheet4j is:pr author:dependabot[bot] created:>=2017-01-01 sort:created-asc | repo:nbbrd/spreadsheet4j is:pr author:dependabot-preview[bot] created:>=2017-01-01 sort:created-asc,True,.github/dependabot.yml,2020-10-22T14:32:03Z,f52e694a1ca04a37e9f2a9803c67c13aca93ac80,https://github.com/nbbrd/spreadsheet4j/commit/f52e694a1ca04a37e9f2a9803c67c13aca93ac80,Update Dependabot config file
neo4j/licensing-maven-plugin,https://github.com/neo4j/licensing-maven-plugin,2026-08-14T18:01:58.264199+00:00,ok,,,False,,,,,,,repo:neo4j/licensing-maven-plugin is:pr author:app/dependabot created:>=2017-01-01 sort:created-asc | repo:neo4j/licensing-maven-plugin is:pr author:app/dependabot-preview created:>=2017-01-01 sort:created-asc | repo:neo4j/licensing-maven-plugin is:pr author:dependabot[bot] created:>=2017-01-01 sort:created-asc | repo:neo4j/licensing-maven-plugin is:pr author:dependabot-preview[bot] created:>=2017-01-01 sort:created-asc,False,,,,,
neo4j/neo4j,https://github.com/neo4j/neo4j,2026-08-14T18:02:04.635834+00:00,ok,,,True,2019-11-02T08:41:25Z,https://github.com/neo4j/neo4j/pull/12332,12332,dependabot,Bump netty-all from 4.1.32.Final to 4.1.42.Final,app/dependabot,repo:neo4j/neo4j is:pr author:app/dependabot created:>=2017-01-01 sort:created-asc | repo:neo4j/neo4j is:pr author:app/dependabot-preview created:>=2017-01-01 sort:created-asc | repo:neo4j/neo4j is:pr author:dependabot[bot] created:>=2017-01-01 sort:created-asc | repo:neo4j/neo4j is:pr author:dependabot-preview[bot] created:>=2017-01-01 sort:created-asc,False,,,,,
netty/netty,https://github.com/netty/netty,2026-08-14T18:02:12.613549+00:00,ok,,,True,2020-01-31T18:20:01Z,https://github.com/netty/netty/pull/9985,9985,dependabot,Bump checkstyle from 8.18 to 8.29,app/dependabot,repo:netty/netty is:pr author:app/dependabot created:>=2017-01-01 sort:created-asc | repo:netty/netty is:pr author:app/dependabot-preview created:>=2017-01-01 sort:created-asc | repo:netty/netty is:pr author:dependabot[bot] created:>=2017-01-01 sort:created-asc | repo:netty/netty is:pr author:dependabot-preview[bot] created:>=2017-01-01 sort:created-asc,False,,,,,
networknt/light-4j,https://github.com/networknt/light-4j,2026-08-14T18:02:18.970664+00:00,ok,,,True,2020-07-01T19:44:52Z,https://github.com/networknt/light-4j/pull/734,734,dependabot,Bump mysql-connector-java from 6.0.5 to 8.0.16,app/dependabot,repo:networknt/light-4j is:pr author:app/dependabot created:>=2017-01-01 sort:created-asc | repo:networknt/light-4j is:pr author:app/dependabot-preview created:>=2017-01-01 sort:created-asc | repo:networknt/light-4j is:pr author:dependabot[bot] created:>=2017-01-01 sort:created-asc | repo:networknt/light-4j is:pr author:dependabot-preview[bot] created:>=2017-01-01 sort:created-asc,False,,,,,
networknt/light-graphql-4j,https://github.com/networknt/light-graphql-4j,2026-08-14T18:02:24.652511+00:00,ok,,,True,2020-10-13T06:38:05Z,https://github.com/networknt/light-graphql-4j/pull/72,72,dependabot,Bump junit from 4.12 to 4.13.1,app/dependabot,repo:networknt/light-graphql-4j is:pr author:app/dependabot created:>=2017-01-01 sort:created-asc | repo:networknt/light-graphql-4j is:pr author:app/dependabot-preview created:>=2017-01-01 sort:created-asc | repo:networknt/light-graphql-4j is:pr author:dependabot[bot] created:>=2017-01-01 sort:created-asc | repo:networknt/light-graphql-4j is:pr author:dependabot-preview[bot] created:>=2017-01-01 sort:created-asc,False,,,,,
networknt/light-hybrid-4j,https://github.com/networknt/light-hybrid-4j,2026-08-14T18:02:30.380561+00:00,ok,,,True,2020-10-13T06:39:08Z,https://github.com/networknt/light-hybrid-4j/pull/85,85,dependabot,Bump junit from 4.12 to 4.13.1,app/dependabot,repo:networknt/light-hybrid-4j is:pr author:app/dependabot created:>=2017-01-01 sort:created-asc | repo:networknt/light-hybrid-4j is:pr author:app/dependabot-preview created:>=2017-01-01 sort:created-asc | repo:networknt/light-hybrid-4j is:pr author:dependabot[bot] created:>=2017-01-01 sort:created-asc | repo:networknt/light-hybrid-4j is:pr author:dependabot-preview[bot] created:>=2017-01-01 sort:created-asc,False,,,,,
networknt/light-kafka,https://github.com/networknt/light-kafka,2026-08-14T18:02:38.514440+00:00,ok,,,True,2021-02-18T21:43:09Z,https://github.com/networknt/light-kafka/pull/27,27,dependabot,Bump version.jackson from 2.10.4 to 2.12.1,app/dependabot,repo:networknt/light-kafka is:pr author:app/dependabot created:>=2017-01-01 sort:created-asc | repo:networknt/light-kafka is:pr author:app/dependabot-preview created:>=2017-01-01 sort:created-asc | repo:networknt/light-kafka is:pr author:dependabot[bot] created:>=2017-01-01 sort:created-asc | repo:networknt/light-kafka is:pr author:dependabot-preview[bot] created:>=2017-01-01 sort:created-asc,False,,,,,
networknt/light-rest-4j,https://github.com/networknt/light-rest-4j,2026-08-14T18:02:44.756625+00:00,ok,,,True,2020-10-12T19:17:02Z,https://github.com/networknt/light-rest-4j/pull/141,141,dependabot,Bump junit from 4.12 to 4.13.1,app/dependabot,repo:networknt/light-rest-4j is:pr author:app/dependabot created:>=2017-01-01 sort:created-asc | repo:networknt/light-rest-4j is:pr author:app/dependabot-preview created:>=2017-01-01 sort:created-asc | repo:networknt/light-rest-4j is:pr author:dependabot[bot] created:>=2017-01-01 sort:created-asc | repo:networknt/light-rest-4j is:pr author:dependabot-preview[bot] created:>=2017-01-01 sort:created-asc,False,,,,,
networknt/light-session-4j,https://github.com/networknt/light-session-4j,2026-08-14T18:02:51.677462+00:00,ok,,,True,2021-02-18T21:18:48Z,https://github.com/networknt/light-session-4j/pull/26,26,dependabot,Bump version.jackson from 2.10.4 to 2.12.1,app/dependabot,repo:networknt/light-session-4j is:pr author:app/dependabot created:>=2017-01-01 sort:created-asc | repo:networknt/light-session-4j is:pr author:app/dependabot-preview created:>=2017-01-01 sort:created-asc | repo:networknt/light-session-4j is:pr author:dependabot[bot] created:>=2017-01-01 sort:created-asc | repo:networknt/light-session-4j is:pr author:dependabot-preview[bot] created:>=2017-01-01 sort:created-asc,False,,,,,
networknt/light-spa-4j,https://github.com/networknt/light-spa-4j,2026-08-14T18:02:58.869688+00:00,ok,,,True,2021-02-18T21:19:00Z,https://github.com/networknt/light-spa-4j/pull/72,72,dependabot,Bump version.jackson from 2.10.4 to 2.12.1,app/dependabot,repo:networknt/light-spa-4j is:pr author:app/dependabot created:>=2017-01-01 sort:created-asc | repo:networknt/light-spa-4j is:pr author:app/dependabot-preview created:>=2017-01-01 sort:created-asc | repo:networknt/light-spa-4j is:pr author:dependabot[bot] created:>=2017-01-01 sort:created-asc | repo:networknt/light-spa-4j is:pr author:dependabot-preview[bot] created:>=2017-01-01 sort:created-asc,False,,,,,
ngrondin/firebus,https://github.com/ngrondin/firebus,2026-08-14T18:03:04.636295+00:00,ok,,,True,2021-01-29T18:14:43Z,https://github.com/ngrondin/firebus/pull/2,2,dependabot,Bump client-java from 8.0.0 to 9.0.2 in /FirebusKubernetes,app/dependabot,repo:ngrondin/firebus is:pr author:app/dependabot created:>=2017-01-01 sort:created-asc | repo:ngrondin/firebus is:pr author:app/dependabot-preview created:>=2017-01-01 sort:created-asc | repo:ngrondin/firebus is:pr author:dependabot[bot] created:>=2017-01-01 sort:created-asc | repo:ngrondin/firebus is:pr author:dependabot-preview[bot] created:>=2017-01-01 sort:created-asc,False,,,,,
nicho92/mkm-api-java,https://github.com/nicho92/mkm-api-java,2026-08-14T18:03:11.945386+00:00,ok,,,True,2020-10-13T11:07:09Z,https://github.com/nicho92/mkm-api-java/pull/4,4,dependabot,Bump junit from 4.13 to 4.13.1,app/dependabot,repo:nicho92/mkm-api-java is:pr author:app/dependabot created:>=2017-01-01 sort:created-asc | repo:nicho92/mkm-api-java is:pr author:app/dependabot-preview created:>=2017-01-01 sort:created-asc | repo:nicho92/mkm-api-java is:pr author:dependabot[bot] created:>=2017-01-01 sort:created-asc | repo:nicho92/mkm-api-java is:pr author:dependabot-preview[bot] created:>=2017-01-01 sort:created-asc,False,,,,,
nielsbasjes/logparser,https://github.com/nielsbasjes/logparser,2026-08-14T18:03:19.400014+00:00,ok,,,True,2020-01-31T18:09:14Z,https://github.com/nielsbasjes/logparser/pull/54,54,dependabot,Bump checkstyle from 8.20 to 8.29,app/dependabot,repo:nielsbasjes/logparser is:pr author:app/dependabot created:>=2017-01-01 sort:created-asc | repo:nielsbasjes/logparser is:pr author:app/dependabot-preview created:>=2017-01-01 sort:created-asc | repo:nielsbasjes/logparser is:pr author:dependabot[bot] created:>=2017-01-01 sort:created-asc | repo:nielsbasjes/logparser is:pr author:dependabot-preview[bot] created:>=2017-01-01 sort:created-asc,False,,,,,
ninjaframework/ninja,https://github.com/ninjaframework/ninja,2026-08-14T18:03:26.272014+00:00,ok,,,True,2022-01-21T16:11:42Z,https://github.com/ninjaframework/ninja/pull/737,737,dependabot,Bump h2 from 1.4.186 to 2.0.206 in /ninja-servlet-archetype-simple/src/main/resources/archetype-resources,app/dependabot,repo:ninjaframework/ninja is:pr author:app/dependabot created:>=2017-01-01 sort:created-asc | repo:ninjaframework/ninja is:pr author:app/dependabot-preview created:>=2017-01-01 sort:created-asc | repo:ninjaframework/ninja is:pr author:dependabot[bot] created:>=2017-01-01 sort:created-asc | repo:ninjaframework/ninja is:pr author:dependabot-preview[bot] created:>=2017-01-01 sort:created-asc,False,,,,,
noear/solon,https://github.com/noear/solon,2026-08-14T18:03:33.108681+00:00,ok,,,False,,,,,,,repo:noear/solon is:pr author:app/dependabot created:>=2017-01-01 sort:created-asc | repo:noear/solon is:pr author:app/dependabot-preview created:>=2017-01-01 sort:created-asc | repo:noear/solon is:pr author:dependabot[bot] created:>=2017-01-01 sort:created-asc | repo:noear/solon is:pr author:dependabot-preview[bot] created:>=2017-01-01 sort:created-asc,False,,,,,
nom-tam-fits/nom-tam-fits,https://github.com/nom-tam-fits/nom-tam-fits,2026-08-14T18:03:42.004077+00:00,ok,,,True,2020-01-31T18:07:40Z,https://github.com/nom-tam-fits/nom-tam-fits/pull/141,141,dependabot,Bump checkstyle from 6.14.1 to 8.29,app/dependabot,repo:nom-tam-fits/nom-tam-fits is:pr author:app/dependabot created:>=2017-01-01 sort:created-asc | repo:nom-tam-fits/nom-tam-fits is:pr author:app/dependabot-preview created:>=2017-01-01 sort:created-asc | repo:nom-tam-fits/nom-tam-fits is:pr author:dependabot[bot] created:>=2017-01-01 sort:created-asc | repo:nom-tam-fits/nom-tam-fits is:pr author:dependabot-preview[bot] created:>=2017-01-01 sort:created-asc,True,.github/dependabot.yml,2021-12-13T17:59:57Z,cd23f122cdd47efc924ecbc9127b09223dd810b0,https://github.com/nom-tam-fits/nom-tam-fits/commit/cd23f122cdd47efc924ecbc9127b09223dd810b0,move dependabot.yml to .github
nosan/embedded-cassandra,https://github.com/nosan/embedded-cassandra,2026-08-14T18:03:49.693197+00:00,ok,,,True,2020-01-31T18:16:03Z,https://github.com/nosan/embedded-cassandra/pull/51,51,dependabot,Bump checkstyle from 8.28 to 8.29,app/dependabot,repo:nosan/embedded-cassandra is:pr author:app/dependabot created:>=2017-01-01 sort:created-asc | repo:nosan/embedded-cassandra is:pr author:app/dependabot-preview created:>=2017-01-01 sort:created-asc | repo:nosan/embedded-cassandra is:pr author:dependabot[bot] created:>=2017-01-01 sort:created-asc | repo:nosan/embedded-cassandra is:pr author:dependabot-preview[bot] created:>=2017-01-01 sort:created-asc,True,.github/dependabot.yml,2021-04-29T15:32:59Z,5cd13d455813d3759f414d7964eeadd6c3f9b183,https://github.com/nosan/embedded-cassandra/commit/5cd13d455813d3759f414d7964eeadd6c3f9b183,Upgrade to GitHub-native Dependabot
nscuro/webdriver-manager,https://github.com/nscuro/webdriver-manager,2026-08-14T18:03:56.651159+00:00,ok,,,True,2019-11-26T16:22:39Z,https://github.com/nscuro/webdriver-manager/pull/57,57,dependabot-preview,Bump assertj-core from 3.11.1 to 3.14.0,app/dependabot-preview,repo:nscuro/webdriver-manager is:pr author:app/dependabot created:>=2017-01-01 sort:created-asc | repo:nscuro/webdriver-manager is:pr author:app/dependabot-preview created:>=2017-01-01 sort:created-asc | repo:nscuro/webdriver-manager is:pr author:dependabot[bot] created:>=2017-01-01 sort:created-asc | repo:nscuro/webdriver-manager is:pr author:dependabot-preview[bot] created:>=2017-01-01 sort:created-asc,False,,,,,
nuls-io/nuls-v2,https://github.com/nuls-io/nuls-v2,2026-08-14T18:04:02.796207+00:00,ok,,,True,2019-11-02T13:11:30Z,https://github.com/nuls-io/nuls-v2/pull/524,524,dependabot,Bump netty-all from 4.1.33.Final to 4.1.42.Final in /common/nuls-core-rpc,app/dependabot,repo:nuls-io/nuls-v2 is:pr author:app/dependabot created:>=2017-01-01 sort:created-asc | repo:nuls-io/nuls-v2 is:pr author:app/dependabot-preview created:>=2017-01-01 sort:created-asc | repo:nuls-io/nuls-v2 is:pr author:dependabot[bot] created:>=2017-01-01 sort:created-asc | repo:nuls-io/nuls-v2 is:pr author:dependabot-preview[bot] created:>=2017-01-01 sort:created-asc,False,,,,,
nutzam/nutzboot,https://github.com/nutzam/nutzboot,2026-08-14T18:04:08.306100+00:00,ok,,,True,2019-10-31T03:54:58Z,https://github.com/nutzam/nutzboot/pull/190,190,dependabot,build(deps): bump org.eclipse.paho.client.mqttv3 from 1.2.0 to 1.2.1,app/dependabot,repo:nutzam/nutzboot is:pr author:app/dependabot created:>=2017-01-01 sort:created-asc | repo:nutzam/nutzboot is:pr author:app/dependabot-preview created:>=2017-01-01 sort:created-asc | repo:nutzam/nutzboot is:pr author:dependabot[bot] created:>=2017-01-01 sort:created-asc | repo:nutzam/nutzboot is:pr author:dependabot-preview[bot] created:>=2017-01-01 sort:created-asc,False,,,,,
nutzam/nutzmore,https://github.com/nutzam/nutzmore,2026-08-14T18:04:14.506218+00:00,ok,,,True,2019-11-02T15:49:16Z,https://github.com/nutzam/nutzmore/pull/137,137,dependabot,build(deps): bump netty-all from 4.0.33.Final to 4.1.42.Final in /nutz-plugins-thrift-netty,app/dependabot,repo:nutzam/nutzmore is:pr author:app/dependabot created:>=2017-01-01 sort:created-asc | repo:nutzam/nutzmore is:pr author:app/dependabot-preview created:>=2017-01-01 sort:created-asc | repo:nutzam/nutzmore is:pr author:dependabot[bot] created:>=2017-01-01 sort:created-asc | repo:nutzam/nutzmore is:pr author:dependabot-preview[bot] created:>=2017-01-01 sort:created-asc,False,,,,,
obase/java,https://github.com/obase/java,2026-08-14T18:04:21.483381+00:00,ok,,,False,,,,,,,repo:obase/java is:pr author:app/dependabot created:>=2017-01-01 sort:created-asc | repo:obase/java is:pr author:app/dependabot-preview created:>=2017-01-01 sort:created-asc | repo:obase/java is:pr author:dependabot[bot] created:>=2017-01-01 sort:created-asc | repo:obase/java is:pr author:dependabot-preview[bot] created:>=2017-01-01 sort:created-asc,False,,,,,
oboehm/PatternTesting2,https://github.com/oboehm/PatternTesting2,2026-08-14T18:04:26.916354+00:00,ok,,,True,2020-01-05T21:40:29Z,https://github.com/oboehm/PatternTesting2/pull/1,1,dependabot,Bump httpclient from 4.0.1 to 4.3.6 in /patterntesting-samples,app/dependabot,repo:oboehm/PatternTesting2 is:pr author:app/dependabot created:>=2017-01-01 sort:created-asc | repo:oboehm/PatternTesting2 is:pr author:app/dependabot-preview created:>=2017-01-01 sort:created-asc | repo:oboehm/PatternTesting2 is:pr author:dependabot[bot] created:>=2017-01-01 sort:created-asc | repo:oboehm/PatternTesting2 is:pr author:dependabot-preview[bot] created:>=2017-01-01 sort:created-asc,False,,,,,
ocpsoft/prettytime,https://github.com/ocpsoft/prettytime,2026-08-14T18:04:34.780343+00:00,ok,,,True,2020-02-25T13:52:48Z,https://github.com/ocpsoft/prettytime/pull/184,184,dependabot,Bump jetty-server from 7.2.2.v20101205 to 9.4.17.v20190418 in /samples/jstl,app/dependabot,repo:ocpsoft/prettytime is:pr author:app/dependabot created:>=2017-01-01 sort:created-asc | repo:ocpsoft/prettytime is:pr author:app/dependabot-preview created:>=2017-01-01 sort:created-asc | repo:ocpsoft/prettytime is:pr author:dependabot[bot] created:>=2017-01-01 sort:created-asc | repo:ocpsoft/prettytime is:pr author:dependabot-preview[bot] created:>=2017-01-01 sort:created-asc,False,,,,,
officefloor/OfficeFloor,https://github.com/officefloor/OfficeFloor,2026-08-14T18:04:42.121088+00:00,ok,,,True,2018-10-10T05:47:30Z,https://github.com/officefloor/OfficeFloor/pull/53,53,dependabot-preview,Bump hibernate-core from 5.3.1.Final to 5.3.6.Final in /officefloor,app/dependabot-preview,repo:officefloor/OfficeFloor is:pr author:app/dependabot created:>=2017-01-01 sort:created-asc | repo:officefloor/OfficeFloor is:pr author:app/dependabot-preview created:>=2017-01-01 sort:created-asc | repo:officefloor/OfficeFloor is:pr author:dependabot[bot] created:>=2017-01-01 sort:created-asc | repo:officefloor/OfficeFloor is:pr author:dependabot-preview[bot] created:>=2017-01-01 sort:created-asc,True,.github/dependabot.yml,2020-07-27T12:54:48Z,a070eb8ff4e1fae594752ff9644083a0ab13b9a4,https://github.com/officefloor/OfficeFloor/commit/a070eb8ff4e1fae594752ff9644083a0ab13b9a4,Create Dependabot config file
open-eid/digidoc4j,https://github.com/open-eid/digidoc4j,2026-08-14T18:04:51.211015+00:00,ok,,,True,2019-11-13T08:45:11Z,https://github.com/open-eid/digidoc4j/pull/73,73,dependabot,Bump jackson-databind from 2.9.9.3 to 2.9.10.1 in /digidoc4j,app/dependabot,repo:open-eid/digidoc4j is:pr author:app/dependabot created:>=2017-01-01 sort:created-asc | repo:open-eid/digidoc4j is:pr author:app/dependabot-preview created:>=2017-01-01 sort:created-asc | repo:open-eid/digidoc4j is:pr author:dependabot[bot] created:>=2017-01-01 sort:created-asc | repo:open-eid/digidoc4j is:pr author:dependabot-preview[bot] created:>=2017-01-01 sort:created-asc,False,,,,,
opencast/opencast,https://github.com/opencast/opencast,2026-08-14T18:04:57.961467+00:00,ok,,,True,2019-10-31T10:32:45Z,https://github.com/opencast/opencast/pull/1182,1182,dependabot-preview,Bump markdownlint-cli from 0.18.0 to 0.19.0 in /docs/guides,app/dependabot-preview,repo:opencast/opencast is:pr author:app/dependabot created:>=2017-01-01 sort:created-asc | repo:opencast/opencast is:pr author:app/dependabot-preview created:>=2017-01-01 sort:created-asc | repo:opencast/opencast is:pr author:dependabot[bot] created:>=2017-01-01 sort:created-asc | repo:opencast/opencast is:pr author:dependabot-preview[bot] created:>=2017-01-01 sort:created-asc,True,.github/dependabot.yml,2021-03-17T13:54:07Z,bceb08a6a38a3ce6406fb2541fbba34e3b1becd8,https://github.com/opencast/opencast/commit/bceb08a6a38a3ce6406fb2541fbba34e3b1becd8,Create Dependabot config file
opendistro-for-elasticsearch/security,https://github.com/opendistro-for-elasticsearch/security,2026-08-14T18:05:04.922709+00:00,ok,,,False,,,,,,,repo:opendistro-for-elasticsearch/security is:pr author:app/dependabot created:>=2017-01-01 sort:created-asc | repo:opendistro-for-elasticsearch/security is:pr author:app/dependabot-preview created:>=2017-01-01 sort:created-asc | repo:opendistro-for-elasticsearch/security is:pr author:dependabot[bot] created:>=2017-01-01 sort:created-asc | repo:opendistro-for-elasticsearch/security is:pr author:dependabot-preview[bot] created:>=2017-01-01 sort:created-asc,False,,,,,
openl-tablets/openl-tablets,https://github.com/openl-tablets/openl-tablets,2026-08-14T18:05:12.557047+00:00,ok,,,True,2020-02-28T01:11:49Z,https://github.com/openl-tablets/openl-tablets/pull/31,31,dependabot,Bump tomcat from 9.0.30 to 9.0.31 in /DEMO/org.openl.rules.demo,app/dependabot,repo:openl-tablets/openl-tablets is:pr author:app/dependabot created:>=2017-01-01 sort:created-asc | repo:openl-tablets/openl-tablets is:pr author:app/dependabot-preview created:>=2017-01-01 sort:created-asc | repo:openl-tablets/openl-tablets is:pr author:dependabot[bot] created:>=2017-01-01 sort:created-asc | repo:openl-tablets/openl-tablets is:pr author:dependabot-preview[bot] created:>=2017-01-01 sort:created-asc,True,.github/dependabot.yml,2026-01-09T14:04:18Z,d135fb7e0e8caccb4284c1cbfe55aeee73aee832,https://github.com/openl-tablets/openl-tablets/commit/d135fb7e0e8caccb4284c1cbfe55aeee73aee832,"Configure Dependabot for multiple package ecosystems

Added configurations for Maven, npm, and GitHub Actions package ecosystems with weekly update schedules and cooldown settings."
openshift/openshift-restclient-java,https://github.com/openshift/openshift-restclient-java,2026-08-14T18:05:19.723975+00:00,ok,,,True,2020-02-03T19:31:10Z,https://github.com/openshift/openshift-restclient-java/pull/432,432,dependabot,Bump checkstyle from 6.19 to 8.29,app/dependabot,repo:openshift/openshift-restclient-java is:pr author:app/dependabot created:>=2017-01-01 sort:created-asc | repo:openshift/openshift-restclient-java is:pr author:app/dependabot-preview created:>=2017-01-01 sort:created-asc | repo:openshift/openshift-restclient-java is:pr author:dependabot[bot] created:>=2017-01-01 sort:created-asc | repo:openshift/openshift-restclient-java is:pr author:dependabot-preview[bot] created:>=2017-01-01 sort:created-asc,False,,,,,
opentelecoms-org/gsm0348,https://github.com/opentelecoms-org/gsm0348,2026-08-14T18:05:27.207244+00:00,ok,,,False,,,,,,,repo:opentelecoms-org/gsm0348 is:pr author:app/dependabot created:>=2017-01-01 sort:created-asc | repo:opentelecoms-org/gsm0348 is:pr author:app/dependabot-preview created:>=2017-01-01 sort:created-asc | repo:opentelecoms-org/gsm0348 is:pr author:dependabot[bot] created:>=2017-01-01 sort:created-asc | repo:opentelecoms-org/gsm0348 is:pr author:dependabot-preview[bot] created:>=2017-01-01 sort:created-asc,False,,,,,
opentripplanner/OpenTripPlanner,https://github.com/opentripplanner/OpenTripPlanner,2026-08-14T18:05:33.571788+00:00,ok,,,False,,,,,,,repo:opentripplanner/OpenTripPlanner is:pr author:app/dependabot created:>=2017-01-01 sort:created-asc | repo:opentripplanner/OpenTripPlanner is:pr author:app/dependabot-preview created:>=2017-01-01 sort:created-asc | repo:opentripplanner/OpenTripPlanner is:pr author:dependabot[bot] created:>=2017-01-01 sort:created-asc | repo:opentripplanner/OpenTripPlanner is:pr author:dependabot-preview[bot] created:>=2017-01-01 sort:created-asc,False,,,,,
orbisgis/H2GIS,https://github.com/orbisgis/H2GIS,2026-08-14T18:05:39.271630+00:00,ok,,,False,,,,,,,repo:orbisgis/H2GIS is:pr author:app/dependabot created:>=2017-01-01 sort:created-asc | repo:orbisgis/H2GIS is:pr author:app/dependabot-preview created:>=2017-01-01 sort:created-asc | repo:orbisgis/H2GIS is:pr author:dependabot[bot] created:>=2017-01-01 sort:created-asc | repo:orbisgis/H2GIS is:pr author:dependabot-preview[bot] created:>=2017-01-01 sort:created-asc,False,,,,,
oscerd/camel-cassandra,https://github.com/oscerd/camel-cassandra,2026-08-14T18:05:46.598780+00:00,ok,,,False,,,,,,,repo:oscerd/camel-cassandra is:pr author:app/dependabot created:>=2017-01-01 sort:created-asc | repo:oscerd/camel-cassandra is:pr author:app/dependabot-preview created:>=2017-01-01 sort:created-asc | repo:oscerd/camel-cassandra is:pr author:dependabot[bot] created:>=2017-01-01 sort:created-asc | repo:oscerd/camel-cassandra is:pr author:dependabot-preview[bot] created:>=2017-01-01 sort:created-asc,False,,,,,
ozsie/detekt-maven-plugin,https://github.com/ozsie/detekt-maven-plugin,2026-08-14T18:05:53.694040+00:00,ok,,,True,2020-05-25T11:46:33Z,https://github.com/Ozsie/detekt-maven-plugin/pull/47,47,dependabot-preview,Bump nexus-staging-maven-plugin from 1.6.7 to 1.6.8,app/dependabot-preview,repo:ozsie/detekt-maven-plugin is:pr author:app/dependabot created:>=2017-01-01 sort:created-asc | repo:ozsie/detekt-maven-plugin is:pr author:app/dependabot-preview created:>=2017-01-01 sort:created-asc | repo:ozsie/detekt-maven-plugin is:pr author:dependabot[bot] created:>=2017-01-01 sort:created-asc | repo:ozsie/detekt-maven-plugin is:pr author:dependabot-preview[bot] created:>=2017-01-01 sort:created-asc,True,.github/dependabot.yml,2021-04-29T15:41:17Z,b8028cef1ee864a042ca0dfad10fafe5209392b8,https://github.com/Ozsie/detekt-maven-plugin/commit/b8028cef1ee864a042ca0dfad10fafe5209392b8,Upgrade to GitHub-native Dependabot
pac4j/pac4j,https://github.com/pac4j/pac4j,2026-08-14T18:06:01.809881+00:00,ok,,,True,2020-08-08T00:08:01Z,https://github.com/pac4j/pac4j/pull/1669,1669,dependabot,Bump kramdown from 2.2.1 to 2.3.0 in /documentation,app/dependabot,repo:pac4j/pac4j is:pr author:app/dependabot created:>=2017-01-01 sort:created-asc | repo:pac4j/pac4j is:pr author:app/dependabot-preview created:>=2017-01-01 sort:created-asc | repo:pac4j/pac4j is:pr author:dependabot[bot] created:>=2017-01-01 sort:created-asc | repo:pac4j/pac4j is:pr author:dependabot-preview[bot] created:>=2017-01-01 sort:created-asc,False,,,,,
pac4j/play-pac4j,https://github.com/pac4j/play-pac4j,2026-08-14T18:06:07.924529+00:00,ok,,,True,2020-02-04T22:59:41Z,https://github.com/pac4j/play-pac4j/pull/292,292,dependabot,Bump shiro-core from 1.4.0 to 1.4.2,app/dependabot,repo:pac4j/play-pac4j is:pr author:app/dependabot created:>=2017-01-01 sort:created-asc | repo:pac4j/play-pac4j is:pr author:app/dependabot-preview created:>=2017-01-01 sort:created-asc | repo:pac4j/play-pac4j is:pr author:dependabot[bot] created:>=2017-01-01 sort:created-asc | repo:pac4j/play-pac4j is:pr author:dependabot-preview[bot] created:>=2017-01-01 sort:created-asc,False,,,,,
pac4j/spark-pac4j,https://github.com/pac4j/spark-pac4j,2026-08-14T18:06:13.864782+00:00,ok,,,False,,,,,,,repo:pac4j/spark-pac4j is:pr author:app/dependabot created:>=2017-01-01 sort:created-asc | repo:pac4j/spark-pac4j is:pr author:app/dependabot-preview created:>=2017-01-01 sort:created-asc | repo:pac4j/spark-pac4j is:pr author:dependabot[bot] created:>=2017-01-01 sort:created-asc | repo:pac4j/spark-pac4j is:pr author:dependabot-preview[bot] created:>=2017-01-01 sort:created-asc,False,,,,,
pac4j/spring-security-pac4j,https://github.com/pac4j/spring-security-pac4j,2026-08-14T18:06:21.044907+00:00,ok,,,True,2019-11-13T07:13:13Z,https://github.com/pac4j/spring-security-pac4j/pull/63,63,dependabot,Bump jackson-databind from 2.9.8 to 2.9.10.1,app/dependabot,repo:pac4j/spring-security-pac4j is:pr author:app/dependabot created:>=2017-01-01 sort:created-asc | repo:pac4j/spring-security-pac4j is:pr author:app/dependabot-preview created:>=2017-01-01 sort:created-asc | repo:pac4j/spring-security-pac4j is:pr author:dependabot[bot] created:>=2017-01-01 sort:created-asc | repo:pac4j/spring-security-pac4j is:pr author:dependabot-preview[bot] created:>=2017-01-01 sort:created-asc,False,,,,,
paseto-toolkit/jpaseto,https://github.com/paseto-toolkit/jpaseto,2026-08-14T18:06:26.974831+00:00,ok,,,True,2020-12-09T19:04:54Z,https://github.com/paseto-toolkit/jpaseto/pull/11,11,dependabot,Bump groovy from 3.0.6 to 3.0.7,app/dependabot,repo:paseto-toolkit/jpaseto is:pr author:app/dependabot created:>=2017-01-01 sort:created-asc | repo:paseto-toolkit/jpaseto is:pr author:app/dependabot-preview created:>=2017-01-01 sort:created-asc | repo:paseto-toolkit/jpaseto is:pr author:dependabot[bot] created:>=2017-01-01 sort:created-asc | repo:paseto-toolkit/jpaseto is:pr author:dependabot-preview[bot] created:>=2017-01-01 sort:created-asc,True,.github/dependabot.yml,2021-04-16T20:23:16Z,9ec9b230ca506637d47053fde9aed96a51881b17,https://github.com/paseto-toolkit/jpaseto/commit/9ec9b230ca506637d47053fde9aed96a51881b17,Fixing dependabot.yml config location
paul-hammant/servirtium,https://github.com/paul-hammant/servirtium,2026-08-14T18:06:33.966093+00:00,ok,,,False,,,,,,,repo:paul-hammant/servirtium is:pr author:app/dependabot created:>=2017-01-01 sort:created-asc | repo:paul-hammant/servirtium is:pr author:app/dependabot-preview created:>=2017-01-01 sort:created-asc | repo:paul-hammant/servirtium is:pr author:dependabot[bot] created:>=2017-01-01 sort:created-asc | repo:paul-hammant/servirtium is:pr author:dependabot-preview[bot] created:>=2017-01-01 sort:created-asc,True,.github/dependabot.yml,2020-11-07T22:35:07Z,0510e66c2dd9493474e8cd208ed8a933b28c7b4a,https://github.com/servirtium/archive-servirtium-java/commit/0510e66c2dd9493474e8cd208ed8a933b28c7b4a,"enable Dependabot v2

https://github.blog/2020-06-01-keep-all-your-packages-up-to-date-with-dependabot/"
performancecopilot/parfait,https://github.com/performancecopilot/parfait,2026-08-14T18:06:42.718088+00:00,ok,,,True,2020-09-08T23:32:55Z,https://github.com/performancecopilot/parfait/pull/64,64,dependabot,Bump xstream from 1.3.1 to 1.4.10-java7 in /parfait-cxf,app/dependabot,repo:performancecopilot/parfait is:pr author:app/dependabot created:>=2017-01-01 sort:created-asc | repo:performancecopilot/parfait is:pr author:app/dependabot-preview created:>=2017-01-01 sort:created-asc | repo:performancecopilot/parfait is:pr author:dependabot[bot] created:>=2017-01-01 sort:created-asc | repo:performancecopilot/parfait is:pr author:dependabot-preview[bot] created:>=2017-01-01 sort:created-asc,False,,,,,
permazen/permazen,https://github.com/permazen/permazen,2026-08-14T18:06:48.556829+00:00,ok,,,True,2020-01-08T17:06:00Z,https://github.com/permazen/permazen/pull/35,35,dependabot,Bump hibernate-validator from 6.0.7.Final to 6.1.0.Final,app/dependabot,repo:permazen/permazen is:pr author:app/dependabot created:>=2017-01-01 sort:created-asc | repo:permazen/permazen is:pr author:app/dependabot-preview created:>=2017-01-01 sort:created-asc | repo:permazen/permazen is:pr author:dependabot[bot] created:>=2017-01-01 sort:created-asc | repo:permazen/permazen is:pr author:dependabot-preview[bot] created:>=2017-01-01 sort:created-asc,False,,,,,
perwendel/spark,https://github.com/perwendel/spark,2026-08-14T18:06:55.133996+00:00,ok,,,False,,,,,,,repo:perwendel/spark is:pr author:app/dependabot created:>=2017-01-01 sort:created-asc | repo:perwendel/spark is:pr author:app/dependabot-preview created:>=2017-01-01 sort:created-asc | repo:perwendel/spark is:pr author:dependabot[bot] created:>=2017-01-01 sort:created-asc | repo:perwendel/spark is:pr author:dependabot-preview[bot] created:>=2017-01-01 sort:created-asc,False,,,,,
petalslink/flowable-engine,https://github.com/petalslink/flowable-engine,2026-08-14T18:07:00.213987+00:00,ok,,,False,,,,,,,repo:petalslink/flowable-engine is:pr author:app/dependabot created:>=2017-01-01 sort:created-asc | repo:petalslink/flowable-engine is:pr author:app/dependabot-preview created:>=2017-01-01 sort:created-asc | repo:petalslink/flowable-engine is:pr author:dependabot[bot] created:>=2017-01-01 sort:created-asc | repo:petalslink/flowable-engine is:pr author:dependabot-preview[bot] created:>=2017-01-01 sort:created-asc,False,,,,,
petergeneric/stdlib,https://github.com/petergeneric/stdlib,2026-08-14T18:07:06.433790+00:00,ok,,,False,,,,,,,repo:petergeneric/stdlib is:pr author:app/dependabot created:>=2017-01-01 sort:created-asc | repo:petergeneric/stdlib is:pr author:app/dependabot-preview created:>=2017-01-01 sort:created-asc | repo:petergeneric/stdlib is:pr author:dependabot[bot] created:>=2017-01-01 sort:created-asc | repo:petergeneric/stdlib is:pr author:dependabot-preview[bot] created:>=2017-01-01 sort:created-asc,False,,,,,
phax/peppol-smp-server,https://github.com/phax/peppol-smp-server,2026-08-14T18:07:13.817320+00:00,ok,,,False,,,,,,,repo:phax/peppol-smp-server is:pr author:app/dependabot created:>=2017-01-01 sort:created-asc | repo:phax/peppol-smp-server is:pr author:app/dependabot-preview created:>=2017-01-01 sort:created-asc | repo:phax/peppol-smp-server is:pr author:dependabot[bot] created:>=2017-01-01 sort:created-asc | repo:phax/peppol-smp-server is:pr author:dependabot-preview[bot] created:>=2017-01-01 sort:created-asc,False,,,,,
phax/ph-commons,https://github.com/phax/ph-commons,2026-08-14T18:07:20.755073+00:00,ok,,,True,2026-04-16T21:51:07Z,https://github.com/phax/ph-commons/pull/55,55,dependabot,Bump org.bouncycastle:bcpkix-jdk18on from 1.83 to 1.84 in the maven group across 1 directory,app/dependabot,repo:phax/ph-commons is:pr author:app/dependabot created:>=2017-01-01 sort:created-asc | repo:phax/ph-commons is:pr author:app/dependabot-preview created:>=2017-01-01 sort:created-asc | repo:phax/ph-commons is:pr author:dependabot[bot] created:>=2017-01-01 sort:created-asc | repo:phax/ph-commons is:pr author:dependabot-preview[bot] created:>=2017-01-01 sort:created-asc,False,,,,,
phax/ph-ebinterface,https://github.com/phax/ph-ebinterface,2026-08-14T18:07:27.737317+00:00,ok,,,False,,,,,,,repo:phax/ph-ebinterface is:pr author:app/dependabot created:>=2017-01-01 sort:created-asc | repo:phax/ph-ebinterface is:pr author:app/dependabot-preview created:>=2017-01-01 sort:created-asc | repo:phax/ph-ebinterface is:pr author:dependabot[bot] created:>=2017-01-01 sort:created-asc | repo:phax/ph-ebinterface is:pr author:dependabot-preview[bot] created:>=2017-01-01 sort:created-asc,False,,,,,
pietermartin/sqlg,https://github.com/pietermartin/sqlg,2026-08-14T18:07:33.395315+00:00,ok,,,True,2019-11-13T02:41:26Z,https://github.com/pietermartin/sqlg/pull/368,368,dependabot,Bump jackson-databind from 2.9.5 to 2.9.10.1,app/dependabot,repo:pietermartin/sqlg is:pr author:app/dependabot created:>=2017-01-01 sort:created-asc | repo:pietermartin/sqlg is:pr author:app/dependabot-preview created:>=2017-01-01 sort:created-asc | repo:pietermartin/sqlg is:pr author:dependabot[bot] created:>=2017-01-01 sort:created-asc | repo:pietermartin/sqlg is:pr author:dependabot-preview[bot] created:>=2017-01-01 sort:created-asc,False,,,,,
pinterest/secor,https://github.com/pinterest/secor,2026-08-14T18:07:40.192828+00:00,ok,,,True,2019-01-08T23:49:51Z,https://github.com/pinterest/secor/pull/483,483,dependabot-preview,Bump nexus-staging-maven-plugin from 1.6.3 to 1.6.8,app/dependabot-preview,repo:pinterest/secor is:pr author:app/dependabot created:>=2017-01-01 sort:created-asc | repo:pinterest/secor is:pr author:app/dependabot-preview created:>=2017-01-01 sort:created-asc | repo:pinterest/secor is:pr author:dependabot[bot] created:>=2017-01-01 sort:created-asc | repo:pinterest/secor is:pr author:dependabot-preview[bot] created:>=2017-01-01 sort:created-asc,True,.github/dependabot.yml,2021-04-28T16:45:41Z,11474762b6a4f0cad07b402399d66042a8fd091e,https://github.com/pinterest/secor/commit/11474762b6a4f0cad07b402399d66042a8fd091e,Upgrade to GitHub-native Dependabot
pippo-java/pippo,https://github.com/pippo-java/pippo,2026-08-14T18:07:49.473647+00:00,ok,,,True,2019-11-29T17:50:46Z,https://github.com/pippo-java/pippo/pull/526,526,dependabot,Bump jetty.version from 9.4.14.v20181114 to 9.4.24.v20191120 in /pippo-server-parent/pippo-jetty,app/dependabot,repo:pippo-java/pippo is:pr author:app/dependabot created:>=2017-01-01 sort:created-asc | repo:pippo-java/pippo is:pr author:app/dependabot-preview created:>=2017-01-01 sort:created-asc | repo:pippo-java/pippo is:pr author:dependabot[bot] created:>=2017-01-01 sort:created-asc | repo:pippo-java/pippo is:pr author:dependabot-preview[bot] created:>=2017-01-01 sort:created-asc,False,,,,,
platformsh/config-reader-java,https://github.com/platformsh/config-reader-java,2026-08-14T18:07:55.099771+00:00,ok,,,True,2021-12-10T17:16:28Z,https://github.com/platformsh/config-reader-java/pull/18,18,dependabot,Bump rabbitmq-jms from 2.1.1 to 2.2.0,app/dependabot,repo:platformsh/config-reader-java is:pr author:app/dependabot created:>=2017-01-01 sort:created-asc | repo:platformsh/config-reader-java is:pr author:app/dependabot-preview created:>=2017-01-01 sort:created-asc | repo:platformsh/config-reader-java is:pr author:dependabot[bot] created:>=2017-01-01 sort:created-asc | repo:platformsh/config-reader-java is:pr author:dependabot-preview[bot] created:>=2017-01-01 sort:created-asc,False,,,,,
playframework/netty-reactive-streams,https://github.com/playframework/netty-reactive-streams,2026-08-14T18:08:01.649466+00:00,ok,,,True,2020-02-21T18:56:38Z,https://github.com/playframework/netty-reactive-streams/pull/65,65,dependabot,Bump netty.version from 4.1.44.Final to 4.1.45.Final,app/dependabot,repo:playframework/netty-reactive-streams is:pr author:app/dependabot created:>=2017-01-01 sort:created-asc | repo:playframework/netty-reactive-streams is:pr author:app/dependabot-preview created:>=2017-01-01 sort:created-asc | repo:playframework/netty-reactive-streams is:pr author:dependabot[bot] created:>=2017-01-01 sort:created-asc | repo:playframework/netty-reactive-streams is:pr author:dependabot-preview[bot] created:>=2017-01-01 sort:created-asc,True,.github/dependabot.yml,2020-07-24T15:50:22Z,02210b3e7101db9492c3ce53d1b07c72ca77e523,https://github.com/playframework/netty-reactive-streams/commit/02210b3e7101db9492c3ce53d1b07c72ca77e523,enable Dependabot v2
playn/playn,https://github.com/playn/playn,2026-08-14T18:08:08.177031+00:00,ok,,,True,2020-05-08T18:55:23Z,https://github.com/playn/playn/pull/86,86,dependabot,Bump Java-WebSocket from 1.3.0 to 1.5.0 in /android,app/dependabot,repo:playn/playn is:pr author:app/dependabot created:>=2017-01-01 sort:created-asc | repo:playn/playn is:pr author:app/dependabot-preview created:>=2017-01-01 sort:created-asc | repo:playn/playn is:pr author:dependabot[bot] created:>=2017-01-01 sort:created-asc | repo:playn/playn is:pr author:dependabot-preview[bot] created:>=2017-01-01 sort:created-asc,False,,,,,
powermock/powermock,https://github.com/powermock/powermock,2026-08-14T18:08:15.478169+00:00,ok,,,True,2020-09-20T18:41:58Z,https://github.com/powermock/powermock/pull/1070,1070,dependabot,Bump gradle-bintray-plugin from 1.8.4 to 1.8.5,app/dependabot,repo:powermock/powermock is:pr author:app/dependabot created:>=2017-01-01 sort:created-asc | repo:powermock/powermock is:pr author:app/dependabot-preview created:>=2017-01-01 sort:created-asc | repo:powermock/powermock is:pr author:dependabot[bot] created:>=2017-01-01 sort:created-asc | repo:powermock/powermock is:pr author:dependabot-preview[bot] created:>=2017-01-01 sort:created-asc,True,.github/dependabot.yml,2020-09-20T18:41:15Z,4f33d9aa35fa56d3dc3907aab348fb07d99fb439,https://github.com/powermock/powermock/commit/4f33d9aa35fa56d3dc3907aab348fb07d99fb439,enable Dependabot v2
powertac/powertac-core,https://github.com/powertac/powertac-core,2026-08-14T18:08:21.724668+00:00,ok,,,True,2020-05-21T19:21:38Z,https://github.com/powertac/powertac-core/pull/20,20,dependabot,Bump commons-configuration2 from 2.5 to 2.7,app/dependabot,repo:powertac/powertac-core is:pr author:app/dependabot created:>=2017-01-01 sort:created-asc | repo:powertac/powertac-core is:pr author:app/dependabot-preview created:>=2017-01-01 sort:created-asc | repo:powertac/powertac-core is:pr author:dependabot[bot] created:>=2017-01-01 sort:created-asc | repo:powertac/powertac-core is:pr author:dependabot-preview[bot] created:>=2017-01-01 sort:created-asc,False,,,,,
powertac/powertac-server,https://github.com/powertac/powertac-server,2026-08-14T18:08:27.507510+00:00,ok,,,True,2020-01-08T17:33:19Z,https://github.com/powertac/powertac-server/pull/1044,1044,dependabot,Bump hibernate-validator from 6.0.17.Final to 6.1.0.Final in /visualizer2,app/dependabot,repo:powertac/powertac-server is:pr author:app/dependabot created:>=2017-01-01 sort:created-asc | repo:powertac/powertac-server is:pr author:app/dependabot-preview created:>=2017-01-01 sort:created-asc | repo:powertac/powertac-server is:pr author:dependabot[bot] created:>=2017-01-01 sort:created-asc | repo:powertac/powertac-server is:pr author:dependabot-preview[bot] created:>=2017-01-01 sort:created-asc,False,,,,,
powsybl/powsybl-core,https://github.com/powsybl/powsybl-core,2026-08-14T18:08:34.114621+00:00,ok,,,True,2019-11-13T02:33:43Z,https://github.com/powsybl/powsybl-core/pull/1016,1016,dependabot,Bump jackson-databind from 2.8.11.3 to 2.9.10.1,app/dependabot,repo:powsybl/powsybl-core is:pr author:app/dependabot created:>=2017-01-01 sort:created-asc | repo:powsybl/powsybl-core is:pr author:app/dependabot-preview created:>=2017-01-01 sort:created-asc | repo:powsybl/powsybl-core is:pr author:dependabot[bot] created:>=2017-01-01 sort:created-asc | repo:powsybl/powsybl-core is:pr author:dependabot-preview[bot] created:>=2017-01-01 sort:created-asc,False,,,,,
premium-minds/billy,https://github.com/premium-minds/billy,2026-08-14T18:08:40.083465+00:00,ok,,,True,2019-12-10T14:19:41Z,https://github.com/premium-minds/billy/pull/35,35,dependabot-preview,Bump maven-source-plugin from 2.2.1 to 3.2.0,app/dependabot-preview,repo:premium-minds/billy is:pr author:app/dependabot created:>=2017-01-01 sort:created-asc | repo:premium-minds/billy is:pr author:app/dependabot-preview created:>=2017-01-01 sort:created-asc | repo:premium-minds/billy is:pr author:dependabot[bot] created:>=2017-01-01 sort:created-asc | repo:premium-minds/billy is:pr author:dependabot-preview[bot] created:>=2017-01-01 sort:created-asc,True,.github/dependabot.yml,2021-04-28T16:46:18Z,4cace9cadc34277296a27525c895165d446b9e51,https://github.com/premium-minds/billy/commit/4cace9cadc34277296a27525c895165d446b9e51,Upgrade to GitHub-native Dependabot
prestodb/presto-hive-apache,https://github.com/prestodb/presto-hive-apache,2026-08-14T18:08:48.125989+00:00,ok,,,True,2022-01-07T22:38:09Z,https://github.com/prestodb/presto-hive-apache/pull/53,53,dependabot,Bump protobuf-java from 2.5.0 to 3.16.1,app/dependabot,repo:prestodb/presto-hive-apache is:pr author:app/dependabot created:>=2017-01-01 sort:created-asc | repo:prestodb/presto-hive-apache is:pr author:app/dependabot-preview created:>=2017-01-01 sort:created-asc | repo:prestodb/presto-hive-apache is:pr author:dependabot[bot] created:>=2017-01-01 sort:created-asc | repo:prestodb/presto-hive-apache is:pr author:dependabot-preview[bot] created:>=2017-01-01 sort:created-asc,False,,,,,
prestosql/presto,https://github.com/prestosql/presto,2026-08-14T18:08:54.102869+00:00,ok,,,False,,,,,,,repo:prestosql/presto is:pr author:app/dependabot created:>=2017-01-01 sort:created-asc | repo:prestosql/presto is:pr author:app/dependabot-preview created:>=2017-01-01 sort:created-asc | repo:prestosql/presto is:pr author:dependabot[bot] created:>=2017-01-01 sort:created-asc | repo:prestosql/presto is:pr author:dependabot-preview[bot] created:>=2017-01-01 sort:created-asc,True,.github/dependabot.yml,2024-06-13T21:13:17Z,a2558e53bcd4705aae80078727bdfe42a7822523,https://github.com/trinodb/trino/commit/a2558e53bcd4705aae80078727bdfe42a7822523,"Enable Dependabot for GitHub Actions

Dependabot will automatically open pull requests to update GitHub
Actions. The main benefit of this is knowing that new versions are
available, especially if third-party GitHub Actions are pinned to
specific versions. Running it weekly should give enough time to review
updates, and also react switfly to potential security updates."
prestosql/presto-hive-apache,https://github.com/prestosql/presto-hive-apache,2026-08-14T18:09:03.714168+00:00,ok,,,False,,,,,,,repo:prestosql/presto-hive-apache is:pr author:app/dependabot created:>=2017-01-01 sort:created-asc | repo:prestosql/presto-hive-apache is:pr author:app/dependabot-preview created:>=2017-01-01 sort:created-asc | repo:prestosql/presto-hive-apache is:pr author:dependabot[bot] created:>=2017-01-01 sort:created-asc | repo:prestosql/presto-hive-apache is:pr author:dependabot-preview[bot] created:>=2017-01-01 sort:created-asc,False,,,,,
project-ncl/sourceclear-invoker,https://github.com/project-ncl/sourceclear-invoker,2026-08-14T18:09:11.641540+00:00,ok,,,True,2019-11-12T13:47:05Z,https://github.com/project-ncl/sourceclear-invoker/pull/79,79,dependabot,Bump jackson-databind from 2.9.9.2 to 2.9.10.1,app/dependabot,repo:project-ncl/sourceclear-invoker is:pr author:app/dependabot created:>=2017-01-01 sort:created-asc | repo:project-ncl/sourceclear-invoker is:pr author:app/dependabot-preview created:>=2017-01-01 sort:created-asc | repo:project-ncl/sourceclear-invoker is:pr author:dependabot[bot] created:>=2017-01-01 sort:created-asc | repo:project-ncl/sourceclear-invoker is:pr author:dependabot-preview[bot] created:>=2017-01-01 sort:created-asc,False,,,,,
projectnessie/nessie,https://github.com/projectnessie/nessie,2026-08-14T18:09:17.374835+00:00,ok,,,True,2020-08-27T17:08:00Z,https://github.com/projectnessie/nessie/pull/45,45,dependabot-preview,Bump jackson-bom from 2.10.2 to 2.11.2,app/dependabot-preview,repo:projectnessie/nessie is:pr author:app/dependabot created:>=2017-01-01 sort:created-asc | repo:projectnessie/nessie is:pr author:app/dependabot-preview created:>=2017-01-01 sort:created-asc | repo:projectnessie/nessie is:pr author:dependabot[bot] created:>=2017-01-01 sort:created-asc | repo:projectnessie/nessie is:pr author:dependabot-preview[bot] created:>=2017-01-01 sort:created-asc,True,.github/dependabot.yml,2021-05-04T17:19:49Z,cf349c7aec519dfa0f0d4b256959057ff495eccd,https://github.com/projectnessie/nessie/commit/cf349c7aec519dfa0f0d4b256959057ff495eccd,"Upgrade to GitHub-native Dependabot (#1155)

* Upgrade to GitHub-native Dependabot

* Remove ignores

Co-authored-by: dependabot-preview[bot] <27856297+dependabot-preview[bot]@users.noreply.github.com>
Co-authored-by: Robert Stupp <snazy@snazy.de>"
psi-probe/psi-probe,https://github.com/psi-probe/psi-probe,2026-08-14T18:09:25.524952+00:00,ok,,,True,2018-12-29T01:46:35Z,https://github.com/psi-probe/psi-probe/pull/1212,1212,dependabot-preview,Bump jna-platform from 5.1.0 to 5.2.0,app/dependabot-preview,repo:psi-probe/psi-probe is:pr author:app/dependabot created:>=2017-01-01 sort:created-asc | repo:psi-probe/psi-probe is:pr author:app/dependabot-preview created:>=2017-01-01 sort:created-asc | repo:psi-probe/psi-probe is:pr author:dependabot[bot] created:>=2017-01-01 sort:created-asc | repo:psi-probe/psi-probe is:pr author:dependabot-preview[bot] created:>=2017-01-01 sort:created-asc,True,.github/dependabot.yml,2020-07-04T23:53:49Z,54dfbff1537ba561b9e969d96c483c785c1e8a24,https://github.com/psi-probe/psi-probe/commit/54dfbff1537ba561b9e969d96c483c785c1e8a24,Create Dependabot config file
pugwoo/woo-utils,https://github.com/pugwoo/woo-utils,2026-08-14T18:09:32.285376+00:00,ok,,,True,2020-10-12T22:15:40Z,https://github.com/pugwoo/woo-utils/pull/12,12,dependabot,Bump junit from 4.12 to 4.13.1,app/dependabot,repo:pugwoo/woo-utils is:pr author:app/dependabot created:>=2017-01-01 sort:created-asc | repo:pugwoo/woo-utils is:pr author:app/dependabot-preview created:>=2017-01-01 sort:created-asc | repo:pugwoo/woo-utils is:pr author:dependabot[bot] created:>=2017-01-01 sort:created-asc | repo:pugwoo/woo-utils is:pr author:dependabot-preview[bot] created:>=2017-01-01 sort:created-asc,False,,,,,
quarkusio/quarkus,https://github.com/quarkusio/quarkus,2026-08-14T18:09:37.935757+00:00,ok,,,True,2019-11-26T14:34:26Z,https://github.com/quarkusio/quarkus/pull/5770,5770,dependabot-preview,Bump keycloak.version from 7.0.1 to 8.0.0,app/dependabot-preview,repo:quarkusio/quarkus is:pr author:app/dependabot created:>=2017-01-01 sort:created-asc | repo:quarkusio/quarkus is:pr author:app/dependabot-preview created:>=2017-01-01 sort:created-asc | repo:quarkusio/quarkus is:pr author:dependabot[bot] created:>=2017-01-01 sort:created-asc | repo:quarkusio/quarkus is:pr author:dependabot-preview[bot] created:>=2017-01-01 sort:created-asc,True,.github/dependabot.yml,2020-07-13T14:39:12Z,aacfbe85987c625028dd2b7a11d2022c16b6489a,https://github.com/quarkusio/quarkus/commit/aacfbe85987c625028dd2b7a11d2022c16b6489a,"Update Dependabot config file

Co-authored-by: George Gastaldi <gegastaldi@gmail.com>"
qubole/rubix,https://github.com/qubole/rubix,2026-08-14T18:09:46.492370+00:00,ok,,,True,2020-01-28T06:53:16Z,https://github.com/qubole/rubix/pull/337,337,dependabot,build(deps): bump libthrift from 0.9.3 to 0.12.0 in /rubix-spi,app/dependabot,repo:qubole/rubix is:pr author:app/dependabot created:>=2017-01-01 sort:created-asc | repo:qubole/rubix is:pr author:app/dependabot-preview created:>=2017-01-01 sort:created-asc | repo:qubole/rubix is:pr author:dependabot[bot] created:>=2017-01-01 sort:created-asc | repo:qubole/rubix is:pr author:dependabot-preview[bot] created:>=2017-01-01 sort:created-asc,False,,,,,
quickfix-j/quickfixj,https://github.com/quickfix-j/quickfixj,2026-08-14T18:09:52.463609+00:00,ok,,,True,2019-10-29T13:41:10Z,https://github.com/quickfix-j/quickfixj/pull/239,239,dependabot,Bump dom4j from 2.1.0 to 2.1.1 in /quickfixj-dictgenerator,app/dependabot,repo:quickfix-j/quickfixj is:pr author:app/dependabot created:>=2017-01-01 sort:created-asc | repo:quickfix-j/quickfixj is:pr author:app/dependabot-preview created:>=2017-01-01 sort:created-asc | repo:quickfix-j/quickfixj is:pr author:dependabot[bot] created:>=2017-01-01 sort:created-asc | repo:quickfix-j/quickfixj is:pr author:dependabot-preview[bot] created:>=2017-01-01 sort:created-asc,True,.github/dependabot.yml,2022-07-27T11:03:11Z,d8bddc85e336b1fc5cd0e6af109db2a4c442541c,https://github.com/quickfix-j/quickfixj/commit/d8bddc85e336b1fc5cd0e6af109db2a4c442541c,"Added dependabot for GitHub Actions and Maven (#495)

* Added dependabot for GitHub Actions
See https://docs.github.com/en/code-security/dependabot/working-with-dependabot/keeping-your-actions-up-to-date-with-dependabot

* Added dependabot for `maven`"
qwazr/library-modules,https://github.com/qwazr/library-modules,2026-08-14T18:09:59.768588+00:00,ok,,,True,2020-04-26T22:02:46Z,https://github.com/qwazr/library-modules/pull/2,2,dependabot,Bump pdfbox from 2.0.13 to 2.0.15 in /qwazr-library-pdfbox,app/dependabot,repo:qwazr/library-modules is:pr author:app/dependabot created:>=2017-01-01 sort:created-asc | repo:qwazr/library-modules is:pr author:app/dependabot-preview created:>=2017-01-01 sort:created-asc | repo:qwazr/library-modules is:pr author:dependabot[bot] created:>=2017-01-01 sort:created-asc | repo:qwazr/library-modules is:pr author:dependabot-preview[bot] created:>=2017-01-01 sort:created-asc,False,,,,,
r2dbc/r2dbc-h2,https://github.com/r2dbc/r2dbc-h2,2026-08-14T18:10:06.699284+00:00,ok,,,True,2022-01-06T23:59:31Z,https://github.com/r2dbc/r2dbc-h2/pull/207,207,dependabot,Bump h2 from 1.4.200 to 2.0.206,app/dependabot,repo:r2dbc/r2dbc-h2 is:pr author:app/dependabot created:>=2017-01-01 sort:created-asc | repo:r2dbc/r2dbc-h2 is:pr author:app/dependabot-preview created:>=2017-01-01 sort:created-asc | repo:r2dbc/r2dbc-h2 is:pr author:dependabot[bot] created:>=2017-01-01 sort:created-asc | repo:r2dbc/r2dbc-h2 is:pr author:dependabot-preview[bot] created:>=2017-01-01 sort:created-asc,False,,,,,
rabbitmq/hop,https://github.com/rabbitmq/hop,2026-08-14T18:10:13.716154+00:00,ok,,,True,2022-02-18T10:39:08Z,https://github.com/rabbitmq/hop/pull/260,260,dependabot,Bump checksum-maven-plugin from 1.8 to 1.11,app/dependabot,repo:rabbitmq/hop is:pr author:app/dependabot created:>=2017-01-01 sort:created-asc | repo:rabbitmq/hop is:pr author:app/dependabot-preview created:>=2017-01-01 sort:created-asc | repo:rabbitmq/hop is:pr author:dependabot[bot] created:>=2017-01-01 sort:created-asc | repo:rabbitmq/hop is:pr author:dependabot-preview[bot] created:>=2017-01-01 sort:created-asc,True,.github/dependabot.yml,2022-02-18T10:38:19Z,cea4530254f12656bb5b4592159900c521ac0a1e,https://github.com/rabbitmq/hop/commit/cea4530254f12656bb5b4592159900c521ac0a1e,Add .dependabot.yml
rahulsinghai/logback-kafka-appender,https://github.com/rahulsinghai/logback-kafka-appender,2026-08-14T18:10:21.685822+00:00,ok,,,False,,,,,,,repo:rahulsinghai/logback-kafka-appender is:pr author:app/dependabot created:>=2017-01-01 sort:created-asc | repo:rahulsinghai/logback-kafka-appender is:pr author:app/dependabot-preview created:>=2017-01-01 sort:created-asc | repo:rahulsinghai/logback-kafka-appender is:pr author:dependabot[bot] created:>=2017-01-01 sort:created-asc | repo:rahulsinghai/logback-kafka-appender is:pr author:dependabot-preview[bot] created:>=2017-01-01 sort:created-asc,False,,,,,
ralscha/sse-eventbus,https://github.com/ralscha/sse-eventbus,2026-08-14T18:10:27.942080+00:00,ok,,,True,2020-10-13T09:39:14Z,https://github.com/ralscha/sse-eventbus/pull/17,17,dependabot,Bump junit from 4.13 to 4.13.1,app/dependabot,repo:ralscha/sse-eventbus is:pr author:app/dependabot created:>=2017-01-01 sort:created-asc | repo:ralscha/sse-eventbus is:pr author:app/dependabot-preview created:>=2017-01-01 sort:created-asc | repo:ralscha/sse-eventbus is:pr author:dependabot[bot] created:>=2017-01-01 sort:created-asc | repo:ralscha/sse-eventbus is:pr author:dependabot-preview[bot] created:>=2017-01-01 sort:created-asc,False,,,,,
rapid7/docker-image-analyzer,https://github.com/rapid7/docker-image-analyzer,2026-08-14T18:10:35.149317+00:00,ok,,,True,2020-01-31T18:16:52Z,https://github.com/rapid7/docker-image-analyzer/pull/2,2,dependabot,Bump checkstyle from 8.18 to 8.29,app/dependabot,repo:rapid7/docker-image-analyzer is:pr author:app/dependabot created:>=2017-01-01 sort:created-asc | repo:rapid7/docker-image-analyzer is:pr author:app/dependabot-preview created:>=2017-01-01 sort:created-asc | repo:rapid7/docker-image-analyzer is:pr author:dependabot[bot] created:>=2017-01-01 sort:created-asc | repo:rapid7/docker-image-analyzer is:pr author:dependabot-preview[bot] created:>=2017-01-01 sort:created-asc,False,,,,,
rapidoid/rapidoid,https://github.com/rapidoid/rapidoid,2026-08-14T18:10:41.075321+00:00,ok,,,False,,,,,,,repo:rapidoid/rapidoid is:pr author:app/dependabot created:>=2017-01-01 sort:created-asc | repo:rapidoid/rapidoid is:pr author:app/dependabot-preview created:>=2017-01-01 sort:created-asc | repo:rapidoid/rapidoid is:pr author:dependabot[bot] created:>=2017-01-01 sort:created-asc | repo:rapidoid/rapidoid is:pr author:dependabot-preview[bot] created:>=2017-01-01 sort:created-asc,False,,,,,
raydac/mvn-golang,https://github.com/raydac/mvn-golang,2026-08-14T18:10:46.431281+00:00,ok,,,True,2020-10-13T06:45:04Z,https://github.com/raydac/mvn-golang/pull/77,77,dependabot,Bump junit from 4.12 to 4.13.1,app/dependabot,repo:raydac/mvn-golang is:pr author:app/dependabot created:>=2017-01-01 sort:created-asc | repo:raydac/mvn-golang is:pr author:app/dependabot-preview created:>=2017-01-01 sort:created-asc | repo:raydac/mvn-golang is:pr author:dependabot[bot] created:>=2017-01-01 sort:created-asc | repo:raydac/mvn-golang is:pr author:dependabot-preview[bot] created:>=2017-01-01 sort:created-asc,False,,,,,
raydac/mvn-jlink,https://github.com/raydac/mvn-jlink,2026-08-14T18:10:53.442781+00:00,ok,,,True,2020-10-13T11:24:53Z,https://github.com/raydac/mvn-jlink/pull/6,6,dependabot,Bump junit from 4.12 to 4.13.1 in /mvn-jlink-wrapper,app/dependabot,repo:raydac/mvn-jlink is:pr author:app/dependabot created:>=2017-01-01 sort:created-asc | repo:raydac/mvn-jlink is:pr author:app/dependabot-preview created:>=2017-01-01 sort:created-asc | repo:raydac/mvn-jlink is:pr author:dependabot[bot] created:>=2017-01-01 sort:created-asc | repo:raydac/mvn-jlink is:pr author:dependabot-preview[bot] created:>=2017-01-01 sort:created-asc,False,,,,,
rayokota/kareldb,https://github.com/rayokota/kareldb,2026-08-14T18:10:59.892051+00:00,ok,,,True,2019-11-02T12:25:55Z,https://github.com/rayokota/kareldb/pull/4,4,dependabot,Bump jackson.version from 2.9.9 to 2.10.0,app/dependabot,repo:rayokota/kareldb is:pr author:app/dependabot created:>=2017-01-01 sort:created-asc | repo:rayokota/kareldb is:pr author:app/dependabot-preview created:>=2017-01-01 sort:created-asc | repo:rayokota/kareldb is:pr author:dependabot[bot] created:>=2017-01-01 sort:created-asc | repo:rayokota/kareldb is:pr author:dependabot-preview[bot] created:>=2017-01-01 sort:created-asc,True,.github/dependabot.yml,2021-04-29T15:35:24Z,7656e10ee3329907ad1ad0d6207287d00e8444d4,https://github.com/rayokota/kareldb/commit/7656e10ee3329907ad1ad0d6207287d00e8444d4,Upgrade to GitHub-native Dependabot
rayokota/kcache,https://github.com/rayokota/kcache,2026-08-14T18:11:07.575545+00:00,ok,,,True,2020-03-25T02:20:25Z,https://github.com/rayokota/kcache/pull/8,8,dependabot-preview,Bump kafka.version from 2.3.0 to 2.4.1,app/dependabot-preview,repo:rayokota/kcache is:pr author:app/dependabot created:>=2017-01-01 sort:created-asc | repo:rayokota/kcache is:pr author:app/dependabot-preview created:>=2017-01-01 sort:created-asc | repo:rayokota/kcache is:pr author:dependabot[bot] created:>=2017-01-01 sort:created-asc | repo:rayokota/kcache is:pr author:dependabot-preview[bot] created:>=2017-01-01 sort:created-asc,True,.github/dependabot.yml,2021-04-29T15:35:24Z,2410ddcaaee78e1c1d5d2ff0203382a2c2b30dc2,https://github.com/rayokota/kcache/commit/2410ddcaaee78e1c1d5d2ff0203382a2c2b30dc2,Upgrade to GitHub-native Dependabot
release-engineering/koji-build-finder,https://github.com/release-engineering/koji-build-finder,2026-08-14T18:11:17.084936+00:00,ok,,,True,2020-01-31T18:13:44Z,https://github.com/release-engineering/koji-build-finder/pull/206,206,dependabot,Bump checkstyle from 8.28 to 8.29,app/dependabot,repo:release-engineering/koji-build-finder is:pr author:app/dependabot created:>=2017-01-01 sort:created-asc | repo:release-engineering/koji-build-finder is:pr author:app/dependabot-preview created:>=2017-01-01 sort:created-asc | repo:release-engineering/koji-build-finder is:pr author:dependabot[bot] created:>=2017-01-01 sort:created-asc | repo:release-engineering/koji-build-finder is:pr author:dependabot-preview[bot] created:>=2017-01-01 sort:created-asc,False,,,,,
research-virtualfortknox/msb-client-websocket-java,https://github.com/research-virtualfortknox/msb-client-websocket-java,2026-08-14T18:11:24.354873+00:00,ok,,,False,,,,,,,repo:research-virtualfortknox/msb-client-websocket-java is:pr author:app/dependabot created:>=2017-01-01 sort:created-asc | repo:research-virtualfortknox/msb-client-websocket-java is:pr author:app/dependabot-preview created:>=2017-01-01 sort:created-asc | repo:research-virtualfortknox/msb-client-websocket-java is:pr author:dependabot[bot] created:>=2017-01-01 sort:created-asc | repo:research-virtualfortknox/msb-client-websocket-java is:pr author:dependabot-preview[bot] created:>=2017-01-01 sort:created-asc,False,,,,,
researchstudio-sat/webofneeds,https://github.com/researchstudio-sat/webofneeds,2026-08-14T18:11:30.492177+00:00,ok,,,True,2019-09-20T13:39:28Z,https://github.com/researchstudio-sat/webofneeds/pull/3051,3051,dependabot,Bump camel.version from 2.12.1 to 2.24.2 in /webofneeds,app/dependabot,repo:researchstudio-sat/webofneeds is:pr author:app/dependabot created:>=2017-01-01 sort:created-asc | repo:researchstudio-sat/webofneeds is:pr author:app/dependabot-preview created:>=2017-01-01 sort:created-asc | repo:researchstudio-sat/webofneeds is:pr author:dependabot[bot] created:>=2017-01-01 sort:created-asc | repo:researchstudio-sat/webofneeds is:pr author:dependabot-preview[bot] created:>=2017-01-01 sort:created-asc,False,,,,,
restx/restx,https://github.com/restx/restx,2026-08-14T18:11:36.276749+00:00,ok,,,True,2020-02-28T01:18:27Z,https://github.com/restx/restx/pull/309,309,dependabot,Bump embedded.tomcat.version from 7.0.47 to 9.0.31 in /restx-server-tomcat,app/dependabot,repo:restx/restx is:pr author:app/dependabot created:>=2017-01-01 sort:created-asc | repo:restx/restx is:pr author:app/dependabot-preview created:>=2017-01-01 sort:created-asc | repo:restx/restx is:pr author:dependabot[bot] created:>=2017-01-01 sort:created-asc | repo:restx/restx is:pr author:dependabot-preview[bot] created:>=2017-01-01 sort:created-asc,False,,,,,
restx/restx-shell,https://github.com/restx/restx-shell,2026-08-14T18:11:45.153969+00:00,ok,,,False,,,,,,,repo:restx/restx-shell is:pr author:app/dependabot created:>=2017-01-01 sort:created-asc | repo:restx/restx-shell is:pr author:app/dependabot-preview created:>=2017-01-01 sort:created-asc | repo:restx/restx-shell is:pr author:dependabot[bot] created:>=2017-01-01 sort:created-asc | repo:restx/restx-shell is:pr author:dependabot-preview[bot] created:>=2017-01-01 sort:created-asc,False,,,,,
revelc/formatter-maven-plugin,https://github.com/revelc/formatter-maven-plugin,2026-08-14T18:11:50.649980+00:00,ok,,,True,2020-03-29T03:41:34Z,https://github.com/revelc/formatter-maven-plugin/pull/327,327,dependabot-preview,Bump jsdt-core from 2.7.0 to 2.7.1,app/dependabot-preview,repo:revelc/formatter-maven-plugin is:pr author:app/dependabot created:>=2017-01-01 sort:created-asc | repo:revelc/formatter-maven-plugin is:pr author:app/dependabot-preview created:>=2017-01-01 sort:created-asc | repo:revelc/formatter-maven-plugin is:pr author:dependabot[bot] created:>=2017-01-01 sort:created-asc | repo:revelc/formatter-maven-plugin is:pr author:dependabot-preview[bot] created:>=2017-01-01 sort:created-asc,True,.github/dependabot.yml,2020-07-05T00:17:24Z,a25c983731b1d6d94913b63ea0707f9feaabf1f1,https://github.com/revelc/formatter-maven-plugin/commit/a25c983731b1d6d94913b63ea0707f9feaabf1f1,Create Dependabot config file
rfoltyns/log4j2-elasticsearch,https://github.com/rfoltyns/log4j2-elasticsearch,2026-08-14T18:11:58.125088+00:00,ok,,,True,2019-10-29T20:38:02Z,https://github.com/rfoltyns/log4j2-elasticsearch/pull/28,28,dependabot,Bump jackson.version from 2.9.8 to 2.10.0,app/dependabot,repo:rfoltyns/log4j2-elasticsearch is:pr author:app/dependabot created:>=2017-01-01 sort:created-asc | repo:rfoltyns/log4j2-elasticsearch is:pr author:app/dependabot-preview created:>=2017-01-01 sort:created-asc | repo:rfoltyns/log4j2-elasticsearch is:pr author:dependabot[bot] created:>=2017-01-01 sort:created-asc | repo:rfoltyns/log4j2-elasticsearch is:pr author:dependabot-preview[bot] created:>=2017-01-01 sort:created-asc,False,,,,,
richardwilly98/elasticsearch-river-mongodb,https://github.com/richardwilly98/elasticsearch-river-mongodb,2026-08-14T18:12:04.379616+00:00,ok,,,False,,,,,,,repo:richardwilly98/elasticsearch-river-mongodb is:pr author:app/dependabot created:>=2017-01-01 sort:created-asc | repo:richardwilly98/elasticsearch-river-mongodb is:pr author:app/dependabot-preview created:>=2017-01-01 sort:created-asc | repo:richardwilly98/elasticsearch-river-mongodb is:pr author:dependabot[bot] created:>=2017-01-01 sort:created-asc | repo:richardwilly98/elasticsearch-river-mongodb is:pr author:dependabot-preview[bot] created:>=2017-01-01 sort:created-asc,False,,,,,
rocketbase-io/commons-asset,https://github.com/rocketbase-io/commons-asset,2026-08-14T18:12:11.407185+00:00,ok,,,True,2022-03-08T21:24:44Z,https://github.com/rocketbase-io/commons-asset/pull/2,2,dependabot,chore(deps): bump liquibase-core from 4.4.3 to 4.8.0 in /schema-generation,app/dependabot,repo:rocketbase-io/commons-asset is:pr author:app/dependabot created:>=2017-01-01 sort:created-asc | repo:rocketbase-io/commons-asset is:pr author:app/dependabot-preview created:>=2017-01-01 sort:created-asc | repo:rocketbase-io/commons-asset is:pr author:dependabot[bot] created:>=2017-01-01 sort:created-asc | repo:rocketbase-io/commons-asset is:pr author:dependabot-preview[bot] created:>=2017-01-01 sort:created-asc,False,,,,,
rubenlagus/TelegramBots,https://github.com/rubenlagus/TelegramBots,2026-08-14T18:12:18.740203+00:00,ok,,,True,2019-10-21T19:10:10Z,https://github.com/rubenlagus/TelegramBots/pull/683,683,dependabot,Bump jackson-databind from 2.9.9.1 to 2.10.0,app/dependabot,repo:rubenlagus/TelegramBots is:pr author:app/dependabot created:>=2017-01-01 sort:created-asc | repo:rubenlagus/TelegramBots is:pr author:app/dependabot-preview created:>=2017-01-01 sort:created-asc | repo:rubenlagus/TelegramBots is:pr author:dependabot[bot] created:>=2017-01-01 sort:created-asc | repo:rubenlagus/TelegramBots is:pr author:dependabot-preview[bot] created:>=2017-01-01 sort:created-asc,False,,,,,
s-frei/TrackSearch,https://github.com/s-frei/TrackSearch,2026-08-14T18:12:26.593361+00:00,ok,,,True,2020-06-05T12:40:22Z,https://github.com/s-frei/TrackSearch/pull/1,1,dependabot,Bump jackson-databind from 2.10.2 to 2.11.0,app/dependabot,repo:s-frei/TrackSearch is:pr author:app/dependabot created:>=2017-01-01 sort:created-asc | repo:s-frei/TrackSearch is:pr author:app/dependabot-preview created:>=2017-01-01 sort:created-asc | repo:s-frei/TrackSearch is:pr author:dependabot[bot] created:>=2017-01-01 sort:created-asc | repo:s-frei/TrackSearch is:pr author:dependabot-preview[bot] created:>=2017-01-01 sort:created-asc,True,.github/dependabot.yml,2020-06-05T12:39:58Z,3098a4d91c717ad572236691c9efe2654ebecb9b,https://github.com/s-frei/TrackSearch/commit/3098a4d91c717ad572236691c9efe2654ebecb9b,Added dependabot.yml
sakaiproject/sakai,https://github.com/sakaiproject/sakai,2026-08-14T18:12:34.341191+00:00,ok,,,True,2019-10-21T18:58:46Z,https://github.com/sakaiproject/sakai/pull/7472,7472,dependabot,Bump nimbus-jose-jwt from 4.3.1 to 7.9 in /basiclti/basiclti-blis,app/dependabot,repo:sakaiproject/sakai is:pr author:app/dependabot created:>=2017-01-01 sort:created-asc | repo:sakaiproject/sakai is:pr author:app/dependabot-preview created:>=2017-01-01 sort:created-asc | repo:sakaiproject/sakai is:pr author:dependabot[bot] created:>=2017-01-01 sort:created-asc | repo:sakaiproject/sakai is:pr author:dependabot-preview[bot] created:>=2017-01-01 sort:created-asc,False,,,,,
sangupta/jerry-core,https://github.com/sangupta/jerry-core,2026-08-14T18:12:40.109890+00:00,ok,,,True,2020-10-13T07:59:48Z,https://github.com/sangupta/jerry-core/pull/11,11,dependabot,Bump junit from 4.13 to 4.13.1,app/dependabot,repo:sangupta/jerry-core is:pr author:app/dependabot created:>=2017-01-01 sort:created-asc | repo:sangupta/jerry-core is:pr author:app/dependabot-preview created:>=2017-01-01 sort:created-asc | repo:sangupta/jerry-core is:pr author:dependabot[bot] created:>=2017-01-01 sort:created-asc | repo:sangupta/jerry-core is:pr author:dependabot-preview[bot] created:>=2017-01-01 sort:created-asc,False,,,,,
sbabcoc/Settings,https://github.com/sbabcoc/Settings,2026-08-14T18:12:45.648915+00:00,ok,,,True,2020-07-28T20:16:56Z,https://github.com/sbabcoc/Settings/pull/14,14,dependabot,Bump commons-configuration2 from 2.3 to 2.7,app/dependabot,repo:sbabcoc/Settings is:pr author:app/dependabot created:>=2017-01-01 sort:created-asc | repo:sbabcoc/Settings is:pr author:app/dependabot-preview created:>=2017-01-01 sort:created-asc | repo:sbabcoc/Settings is:pr author:dependabot[bot] created:>=2017-01-01 sort:created-asc | repo:sbabcoc/Settings is:pr author:dependabot-preview[bot] created:>=2017-01-01 sort:created-asc,False,,,,,
sbmlteam/jsbml,https://github.com/sbmlteam/jsbml,2026-08-14T18:12:51.787107+00:00,ok,,,True,2021-08-15T19:54:20Z,https://github.com/sbmlteam/jsbml/pull/225,225,dependabot,Bump log4j-core from 2.3 to 2.13.2 in /core,app/dependabot,repo:sbmlteam/jsbml is:pr author:app/dependabot created:>=2017-01-01 sort:created-asc | repo:sbmlteam/jsbml is:pr author:app/dependabot-preview created:>=2017-01-01 sort:created-asc | repo:sbmlteam/jsbml is:pr author:dependabot[bot] created:>=2017-01-01 sort:created-asc | repo:sbmlteam/jsbml is:pr author:dependabot-preview[bot] created:>=2017-01-01 sort:created-asc,False,,,,,
searls/jasmine-maven-plugin,https://github.com/searls/jasmine-maven-plugin,2026-08-14T18:12:58.815880+00:00,ok,,,True,2019-11-29T17:59:00Z,https://github.com/searls/jasmine-maven-plugin/pull/337,337,dependabot,Bump jetty.version from 9.4.8.v20171121 to 9.4.24.v20191120,app/dependabot,repo:searls/jasmine-maven-plugin is:pr author:app/dependabot created:>=2017-01-01 sort:created-asc | repo:searls/jasmine-maven-plugin is:pr author:app/dependabot-preview created:>=2017-01-01 sort:created-asc | repo:searls/jasmine-maven-plugin is:pr author:dependabot[bot] created:>=2017-01-01 sort:created-asc | repo:searls/jasmine-maven-plugin is:pr author:dependabot-preview[bot] created:>=2017-01-01 sort:created-asc,True,.github/dependabot.yml,2020-09-16T15:24:46Z,0cb02258c0e1e84bd80a110f341a93a59134e93e,https://github.com/searls/jasmine-maven-plugin/commit/0cb02258c0e1e84bd80a110f341a93a59134e93e,chore: add dependabot.yml
sebthom/oval,https://github.com/sebthom/oval,2026-08-14T18:13:06.285516+00:00,ok,,,True,2019-10-30T16:40:19Z,https://github.com/sebthom/oval/pull/24,24,dependabot-preview,Bump rhino from 1.7.10 to 1.7.11,app/dependabot-preview,repo:sebthom/oval is:pr author:app/dependabot created:>=2017-01-01 sort:created-asc | repo:sebthom/oval is:pr author:app/dependabot-preview created:>=2017-01-01 sort:created-asc | repo:sebthom/oval is:pr author:dependabot[bot] created:>=2017-01-01 sort:created-asc | repo:sebthom/oval is:pr author:dependabot-preview[bot] created:>=2017-01-01 sort:created-asc,True,.github/dependabot.yml,2020-12-30T16:01:47Z,0254457aa1b443e4f38ffa24fb590e980d8a92cb,https://github.com/sebthom/oval/commit/0254457aa1b443e4f38ffa24fb590e980d8a92cb,Create dependabot.yml
sendgrid/sendgrid-java,https://github.com/sendgrid/sendgrid-java,2026-08-14T18:13:12.816706+00:00,ok,,,True,2019-08-14T20:24:31Z,https://github.com/sendgrid/sendgrid-java/pull/584,584,dependabot,Bump jackson.version from 2.9.9 to 2.10.0.pr1,app/dependabot,repo:sendgrid/sendgrid-java is:pr author:app/dependabot created:>=2017-01-01 sort:created-asc | repo:sendgrid/sendgrid-java is:pr author:app/dependabot-preview created:>=2017-01-01 sort:created-asc | repo:sendgrid/sendgrid-java is:pr author:dependabot[bot] created:>=2017-01-01 sort:created-asc | repo:sendgrid/sendgrid-java is:pr author:dependabot-preview[bot] created:>=2017-01-01 sort:created-asc,False,,,,,
serenity-bdd/serenity-core,https://github.com/serenity-bdd/serenity-core,2026-08-14T18:13:18.060304+00:00,ok,,,True,2020-10-13T00:59:52Z,https://github.com/serenity-bdd/serenity-core/pull/2266,2266,dependabot,Bump junit from 4.8.1 to 4.13.1 in /serenity-demo,app/dependabot,repo:serenity-bdd/serenity-core is:pr author:app/dependabot created:>=2017-01-01 sort:created-asc | repo:serenity-bdd/serenity-core is:pr author:app/dependabot-preview created:>=2017-01-01 sort:created-asc | repo:serenity-bdd/serenity-core is:pr author:dependabot[bot] created:>=2017-01-01 sort:created-asc | repo:serenity-bdd/serenity-core is:pr author:dependabot-preview[bot] created:>=2017-01-01 sort:created-asc,False,,,,,
seznam/euphoria,https://github.com/seznam/euphoria,2026-08-14T18:13:25.048278+00:00,ok,,,True,2019-11-13T02:16:27Z,https://github.com/seznam/euphoria/pull/308,308,dependabot,Bump jackson-databind from 2.7.0 to 2.9.10.1 in /euphoria-kafka,app/dependabot,repo:seznam/euphoria is:pr author:app/dependabot created:>=2017-01-01 sort:created-asc | repo:seznam/euphoria is:pr author:app/dependabot-preview created:>=2017-01-01 sort:created-asc | repo:seznam/euphoria is:pr author:dependabot[bot] created:>=2017-01-01 sort:created-asc | repo:seznam/euphoria is:pr author:dependabot-preview[bot] created:>=2017-01-01 sort:created-asc,False,,,,,
shalousun/ApplicationPower,https://github.com/shalousun/ApplicationPower,2026-08-14T18:13:30.526926+00:00,ok,,,True,2020-07-01T19:16:29Z,https://github.com/shalousun/ApplicationPower/pull/8,8,dependabot,Bump log4j.version from 2.13.0 to 2.13.3 in /application-power,app/dependabot,repo:shalousun/ApplicationPower is:pr author:app/dependabot created:>=2017-01-01 sort:created-asc | repo:shalousun/ApplicationPower is:pr author:app/dependabot-preview created:>=2017-01-01 sort:created-asc | repo:shalousun/ApplicationPower is:pr author:dependabot[bot] created:>=2017-01-01 sort:created-asc | repo:shalousun/ApplicationPower is:pr author:dependabot-preview[bot] created:>=2017-01-01 sort:created-asc,True,.github/dependabot.yml,2024-09-16T03:50:24Z,3221e5a27b72bf2a4559b3137acbcd4e2ec09a77,https://github.com/shalousun/ApplicationPower/commit/3221e5a27b72bf2a4559b3137acbcd4e2ec09a77,feat: bump dependencies
shiruka/api,https://github.com/shiruka/api,2026-08-14T18:13:38.387065+00:00,ok,,,True,2020-11-06T18:02:56Z,https://github.com/shiruka/api/pull/2,2,dependabot-preview,Bump ppom from 1.9.5 to 1.9.6,app/dependabot-preview,repo:shiruka/api is:pr author:app/dependabot created:>=2017-01-01 sort:created-asc | repo:shiruka/api is:pr author:app/dependabot-preview created:>=2017-01-01 sort:created-asc | repo:shiruka/api is:pr author:dependabot[bot] created:>=2017-01-01 sort:created-asc | repo:shiruka/api is:pr author:dependabot-preview[bot] created:>=2017-01-01 sort:created-asc,True,.github/dependabot.yml,2021-01-10T12:47:37Z,34607b76de81c37530cbf4412cfa2ec711cf4d02,https://github.com/shiruka/api/commit/34607b76de81c37530cbf4412cfa2ec711cf4d02,"Create Dependabot config file (#138)

Co-authored-by: dependabot-preview[bot] <27856297+dependabot-preview[bot]@users.noreply.github.com>"
shred/acme4j,https://github.com/shred/acme4j,2026-08-14T18:13:45.504956+00:00,ok,,,True,2020-10-13T06:46:58Z,https://github.com/shred/acme4j/pull/91,91,dependabot,Bump junit from 4.13 to 4.13.1,app/dependabot,repo:shred/acme4j is:pr author:app/dependabot created:>=2017-01-01 sort:created-asc | repo:shred/acme4j is:pr author:app/dependabot-preview created:>=2017-01-01 sort:created-asc | repo:shred/acme4j is:pr author:dependabot[bot] created:>=2017-01-01 sort:created-asc | repo:shred/acme4j is:pr author:dependabot-preview[bot] created:>=2017-01-01 sort:created-asc,True,.github/dependabot.yml,2021-04-26T05:05:10Z,d0058f8dab7d9b67351a7f5c3f5d65c52cb691f0,https://github.com/shred/acme4j/commit/d0058f8dab7d9b67351a7f5c3f5d65c52cb691f0,"enable Dependabot v2

https://github.blog/2020-06-01-keep-all-your-packages-up-to-date-with-dependabot/"
simplyti/simple-server,https://github.com/simplyti/simple-server,2026-08-14T18:13:52.881442+00:00,ok,,,True,2020-02-21T18:57:49Z,https://github.com/simplyti/simple-server/pull/7,7,dependabot,chore(deps): bump netty.version from 4.1.43.Final to 4.1.45.Final,app/dependabot,repo:simplyti/simple-server is:pr author:app/dependabot created:>=2017-01-01 sort:created-asc | repo:simplyti/simple-server is:pr author:app/dependabot-preview created:>=2017-01-01 sort:created-asc | repo:simplyti/simple-server is:pr author:dependabot[bot] created:>=2017-01-01 sort:created-asc | repo:simplyti/simple-server is:pr author:dependabot-preview[bot] created:>=2017-01-01 sort:created-asc,False,,,,,
sitture/env-config,https://github.com/sitture/env-config,2026-08-14T18:13:59.221104+00:00,ok,,,True,2020-05-21T19:21:07Z,https://github.com/sitture/env-config/pull/25,25,dependabot,Bump commons-configuration2 from 2.2 to 2.7,app/dependabot,repo:sitture/env-config is:pr author:app/dependabot created:>=2017-01-01 sort:created-asc | repo:sitture/env-config is:pr author:app/dependabot-preview created:>=2017-01-01 sort:created-asc | repo:sitture/env-config is:pr author:dependabot[bot] created:>=2017-01-01 sort:created-asc | repo:sitture/env-config is:pr author:dependabot-preview[bot] created:>=2017-01-01 sort:created-asc,True,.github/dependabot.yml,2021-11-03T22:56:33Z,b3871fa102fa7a219a7c107dbd152667645f8a6a,https://github.com/sitture/env-config/commit/b3871fa102fa7a219a7c107dbd152667645f8a6a,Adds dependabot configuration
skbkontur/extern-java-sdk,https://github.com/skbkontur/extern-java-sdk,2026-08-14T18:14:06.579865+00:00,ok,,,True,2020-03-20T11:53:19Z,https://github.com/skbkontur/extern-java-sdk/pull/143,143,dependabot,Bump commons-compress from 1.18 to 1.19,app/dependabot,repo:skbkontur/extern-java-sdk is:pr author:app/dependabot created:>=2017-01-01 sort:created-asc | repo:skbkontur/extern-java-sdk is:pr author:app/dependabot-preview created:>=2017-01-01 sort:created-asc | repo:skbkontur/extern-java-sdk is:pr author:dependabot[bot] created:>=2017-01-01 sort:created-asc | repo:skbkontur/extern-java-sdk is:pr author:dependabot-preview[bot] created:>=2017-01-01 sort:created-asc,False,,,,,
smooks/smooks,https://github.com/smooks/smooks,2026-08-14T18:14:13.937269+00:00,ok,,,True,2019-11-02T16:02:29Z,https://github.com/smooks/smooks/pull/165,165,dependabot,Bump camel.version from 2.12.4 to 2.24.2 in /smooks-parent,app/dependabot,repo:smooks/smooks is:pr author:app/dependabot created:>=2017-01-01 sort:created-asc | repo:smooks/smooks is:pr author:app/dependabot-preview created:>=2017-01-01 sort:created-asc | repo:smooks/smooks is:pr author:dependabot[bot] created:>=2017-01-01 sort:created-asc | repo:smooks/smooks is:pr author:dependabot-preview[bot] created:>=2017-01-01 sort:created-asc,True,.github/dependabot.yml,2020-11-19T08:39:31Z,45f42b1ce046b0f8faafbaf7f4676bda8864e8b3,https://github.com/smooks/smooks/commit/45f42b1ce046b0f8faafbaf7f4676bda8864e8b3,"Update Dependabot config file (#372)

Co-authored-by: dependabot-preview[bot] <27856297+dependabot-preview[bot]@users.noreply.github.com>"
snyk/snyk-maven-plugin,https://github.com/snyk/snyk-maven-plugin,2026-08-14T18:14:21.909042+00:00,ok,,,False,,,,,,,repo:snyk/snyk-maven-plugin is:pr author:app/dependabot created:>=2017-01-01 sort:created-asc | repo:snyk/snyk-maven-plugin is:pr author:app/dependabot-preview created:>=2017-01-01 sort:created-asc | repo:snyk/snyk-maven-plugin is:pr author:dependabot[bot] created:>=2017-01-01 sort:created-asc | repo:snyk/snyk-maven-plugin is:pr author:dependabot-preview[bot] created:>=2017-01-01 sort:created-asc,False,,,,,
soasada/popok,https://github.com/soasada/popok,2026-08-14T18:14:28.491286+00:00,ok,,,True,2021-02-18T21:16:29Z,https://github.com/soasada/popok/pull/15,15,dependabot,Bump jackson.version from 2.10.3 to 2.12.1,app/dependabot,repo:soasada/popok is:pr author:app/dependabot created:>=2017-01-01 sort:created-asc | repo:soasada/popok is:pr author:app/dependabot-preview created:>=2017-01-01 sort:created-asc | repo:soasada/popok is:pr author:dependabot[bot] created:>=2017-01-01 sort:created-asc | repo:soasada/popok is:pr author:dependabot-preview[bot] created:>=2017-01-01 sort:created-asc,False,,,,,
softelnet/sponge,https://github.com/softelnet/sponge,2026-08-14T18:14:35.541668+00:00,ok,,,True,2020-11-16T16:52:02Z,https://github.com/softelnet/sponge/pull/1,1,dependabot,Bump jetty.version from 9.4.31.v20200723 to 9.4.34.v20201102,app/dependabot,repo:softelnet/sponge is:pr author:app/dependabot created:>=2017-01-01 sort:created-asc | repo:softelnet/sponge is:pr author:app/dependabot-preview created:>=2017-01-01 sort:created-asc | repo:softelnet/sponge is:pr author:dependabot[bot] created:>=2017-01-01 sort:created-asc | repo:softelnet/sponge is:pr author:dependabot-preview[bot] created:>=2017-01-01 sort:created-asc,False,,,,,
sokomishalov/skraper,https://github.com/sokomishalov/skraper,2026-08-14T18:14:41.926209+00:00,ok,,,True,2020-02-10T02:31:09Z,https://github.com/sokomishalov/skraper/pull/4,4,dependabot-preview,Bump jsoup from 1.12.1 to 1.12.2,app/dependabot-preview,repo:sokomishalov/skraper is:pr author:app/dependabot created:>=2017-01-01 sort:created-asc | repo:sokomishalov/skraper is:pr author:app/dependabot-preview created:>=2017-01-01 sort:created-asc | repo:sokomishalov/skraper is:pr author:dependabot[bot] created:>=2017-01-01 sort:created-asc | repo:sokomishalov/skraper is:pr author:dependabot-preview[bot] created:>=2017-01-01 sort:created-asc,True,.github/dependabot.yml,2021-04-30T09:12:01Z,1cacfafd2d1c97854ecaede090a682cffcb27338,https://github.com/sokomishalov/skraper/commit/1cacfafd2d1c97854ecaede090a682cffcb27338,bump deps
solr-cool/solr-analyzers,https://github.com/solr-cool/solr-analyzers,2026-08-14T18:14:51.562763+00:00,ok,,,True,2020-08-23T19:44:32Z,https://github.com/solr-cool/solr-analyzers/pull/1,1,dependabot,Bump maven-assembly-plugin from 2.5.3 to 3.3.0,app/dependabot,repo:solr-cool/solr-analyzers is:pr author:app/dependabot created:>=2017-01-01 sort:created-asc | repo:solr-cool/solr-analyzers is:pr author:app/dependabot-preview created:>=2017-01-01 sort:created-asc | repo:solr-cool/solr-analyzers is:pr author:dependabot[bot] created:>=2017-01-01 sort:created-asc | repo:solr-cool/solr-analyzers is:pr author:dependabot-preview[bot] created:>=2017-01-01 sort:created-asc,True,.github/dependabot.yml,2020-08-23T19:43:49Z,7b662f34a8c54e83557ffa51e2d3d1c10be2fdb9,https://github.com/solr-cool/solr-analyzers/commit/7b662f34a8c54e83557ffa51e2d3d1c10be2fdb9,add dependabot
solr-cool/solr-thymeleaf,https://github.com/solr-cool/solr-thymeleaf,2026-08-14T18:14:58.623799+00:00,ok,,,True,2020-08-23T19:46:05Z,https://github.com/solr-cool/solr-thymeleaf/pull/1,1,dependabot,Bump solr.version from 7.4.0 to 8.6.1,app/dependabot,repo:solr-cool/solr-thymeleaf is:pr author:app/dependabot created:>=2017-01-01 sort:created-asc | repo:solr-cool/solr-thymeleaf is:pr author:app/dependabot-preview created:>=2017-01-01 sort:created-asc | repo:solr-cool/solr-thymeleaf is:pr author:dependabot[bot] created:>=2017-01-01 sort:created-asc | repo:solr-cool/solr-thymeleaf is:pr author:dependabot-preview[bot] created:>=2017-01-01 sort:created-asc,True,.github/dependabot.yml,2020-08-23T19:45:17Z,e83e7604a963ed2b4fe3bb9833c53931743703a3,https://github.com/solr-cool/solr-thymeleaf/commit/e83e7604a963ed2b4fe3bb9833c53931743703a3,add dependabot
solr-cool/solr-util,https://github.com/solr-cool/solr-util,2026-08-14T18:15:06.698128+00:00,ok,,,True,2020-08-23T19:46:43Z,https://github.com/solr-cool/solr-util/pull/1,1,dependabot,Bump solr-core from 7.4.0 to 8.6.1,app/dependabot,repo:solr-cool/solr-util is:pr author:app/dependabot created:>=2017-01-01 sort:created-asc | repo:solr-cool/solr-util is:pr author:app/dependabot-preview created:>=2017-01-01 sort:created-asc | repo:solr-cool/solr-util is:pr author:dependabot[bot] created:>=2017-01-01 sort:created-asc | repo:solr-cool/solr-util is:pr author:dependabot-preview[bot] created:>=2017-01-01 sort:created-asc,True,.github/dependabot.yml,2020-08-23T19:46:18Z,17b092df064f195466c1e035c67b1927e69aa3e0,https://github.com/solr-cool/solr-util/commit/17b092df064f195466c1e035c67b1927e69aa3e0,add dependabot
sonallux/spotify-web-api,https://github.com/sonallux/spotify-web-api,2026-08-14T18:15:14.601944+00:00,ok,,,True,2020-08-10T15:39:46Z,https://github.com/sonallux/spotify-web-api/pull/1,1,dependabot,Bump jackson.version from 2.10.5 to 2.11.2,app/dependabot,repo:sonallux/spotify-web-api is:pr author:app/dependabot created:>=2017-01-01 sort:created-asc | repo:sonallux/spotify-web-api is:pr author:app/dependabot-preview created:>=2017-01-01 sort:created-asc | repo:sonallux/spotify-web-api is:pr author:dependabot[bot] created:>=2017-01-01 sort:created-asc | repo:sonallux/spotify-web-api is:pr author:dependabot-preview[bot] created:>=2017-01-01 sort:created-asc,True,.github/dependabot.yml,2020-08-10T15:39:11Z,403e1783902b4f95e9654fa1e294a05783bf22fa,https://github.com/sonallux/spotify-web-api/commit/403e1783902b4f95e9654fa1e294a05783bf22fa,Update dependencies
spdx/LicenseListPublisher,https://github.com/spdx/LicenseListPublisher,2026-08-14T18:15:23.421836+00:00,ok,,,True,2019-11-02T15:13:39Z,https://github.com/spdx/LicenseListPublisher/pull/59,59,dependabot,Bump ffi from 1.9.8 to 1.11.1 in /resources/htmlTemplate/sites/all/themes/cpstandard,app/dependabot,repo:spdx/LicenseListPublisher is:pr author:app/dependabot created:>=2017-01-01 sort:created-asc | repo:spdx/LicenseListPublisher is:pr author:app/dependabot-preview created:>=2017-01-01 sort:created-asc | repo:spdx/LicenseListPublisher is:pr author:dependabot[bot] created:>=2017-01-01 sort:created-asc | repo:spdx/LicenseListPublisher is:pr author:dependabot-preview[bot] created:>=2017-01-01 sort:created-asc,False,,,,,
spdx/tools,https://github.com/spdx/tools,2026-08-14T18:15:30.064799+00:00,ok,,,True,2019-11-13T09:34:05Z,https://github.com/spdx/tools/pull/212,212,dependabot,Bump jackson-databind from 2.9.8 to 2.9.10.1,app/dependabot,repo:spdx/tools is:pr author:app/dependabot created:>=2017-01-01 sort:created-asc | repo:spdx/tools is:pr author:app/dependabot-preview created:>=2017-01-01 sort:created-asc | repo:spdx/tools is:pr author:dependabot[bot] created:>=2017-01-01 sort:created-asc | repo:spdx/tools is:pr author:dependabot-preview[bot] created:>=2017-01-01 sort:created-asc,False,,,,,
spotbugs/sonar-findbugs,https://github.com/spotbugs/sonar-findbugs,2026-08-14T18:15:37.925396+00:00,ok,,,True,2020-10-13T07:00:23Z,https://github.com/spotbugs/sonar-findbugs/pull/328,328,dependabot,Bump junit from 4.13 to 4.13.1,app/dependabot,repo:spotbugs/sonar-findbugs is:pr author:app/dependabot created:>=2017-01-01 sort:created-asc | repo:spotbugs/sonar-findbugs is:pr author:app/dependabot-preview created:>=2017-01-01 sort:created-asc | repo:spotbugs/sonar-findbugs is:pr author:dependabot[bot] created:>=2017-01-01 sort:created-asc | repo:spotbugs/sonar-findbugs is:pr author:dependabot-preview[bot] created:>=2017-01-01 sort:created-asc,True,.github/dependabot.yml,2021-11-17T02:19:05Z,8a7c35818aceb2aaf17d0f15334e91037f0e965a,https://github.com/spotbugs/sonar-findbugs/commit/8a7c35818aceb2aaf17d0f15334e91037f0e965a,"chore: migrate sonar-update-center action

close #397"
spotify/bigtable-autoscaler,https://github.com/spotify/bigtable-autoscaler,2026-08-14T18:15:45.317584+00:00,ok,,,True,2019-10-14T09:37:10Z,https://github.com/spotify/bigtable-autoscaler/pull/83,83,dependabot,Bump netty-all from 4.1.17.Final to 4.1.42.Final,app/dependabot,repo:spotify/bigtable-autoscaler is:pr author:app/dependabot created:>=2017-01-01 sort:created-asc | repo:spotify/bigtable-autoscaler is:pr author:app/dependabot-preview created:>=2017-01-01 sort:created-asc | repo:spotify/bigtable-autoscaler is:pr author:dependabot[bot] created:>=2017-01-01 sort:created-asc | repo:spotify/bigtable-autoscaler is:pr author:dependabot-preview[bot] created:>=2017-01-01 sort:created-asc,False,,,,,
spotify/dbeam,https://github.com/spotify/dbeam,2026-08-14T18:15:52.281259+00:00,ok,,,True,2019-09-02T07:57:48Z,https://github.com/spotify/dbeam/pull/76,76,dependabot-preview,Bump slf4j.version from 1.7.25 to 1.7.28,app/dependabot-preview,repo:spotify/dbeam is:pr author:app/dependabot created:>=2017-01-01 sort:created-asc | repo:spotify/dbeam is:pr author:app/dependabot-preview created:>=2017-01-01 sort:created-asc | repo:spotify/dbeam is:pr author:dependabot[bot] created:>=2017-01-01 sort:created-asc | repo:spotify/dbeam is:pr author:dependabot-preview[bot] created:>=2017-01-01 sort:created-asc,True,.github/dependabot.yml,2021-05-05T12:12:15Z,c3eae2512fd8c2ad950dd7c1a1ab159c1498e119,https://github.com/spotify/dbeam/commit/c3eae2512fd8c2ad950dd7c1a1ab159c1498e119,Add dependabot.yml config
spotify/docker-client,https://github.com/spotify/docker-client,2026-08-14T18:16:01.237231+00:00,ok,,,True,2019-11-13T03:21:40Z,https://github.com/spotify/docker-client/pull/1171,1171,dependabot,Bump jackson-databind from 2.9.8 to 2.9.10.1,app/dependabot,repo:spotify/docker-client is:pr author:app/dependabot created:>=2017-01-01 sort:created-asc | repo:spotify/docker-client is:pr author:app/dependabot-preview created:>=2017-01-01 sort:created-asc | repo:spotify/docker-client is:pr author:dependabot[bot] created:>=2017-01-01 sort:created-asc | repo:spotify/docker-client is:pr author:dependabot-preview[bot] created:>=2017-01-01 sort:created-asc,False,,,,,
spotify/helios,https://github.com/spotify/helios,2026-08-14T18:16:08.378736+00:00,ok,,,True,2019-10-11T18:46:57Z,https://github.com/spotify/helios/pull/1285,1285,dependabot,Bump netty-all from 4.1.5.Final to 4.1.42.Final,app/dependabot,repo:spotify/helios is:pr author:app/dependabot created:>=2017-01-01 sort:created-asc | repo:spotify/helios is:pr author:app/dependabot-preview created:>=2017-01-01 sort:created-asc | repo:spotify/helios is:pr author:dependabot[bot] created:>=2017-01-01 sort:created-asc | repo:spotify/helios is:pr author:dependabot-preview[bot] created:>=2017-01-01 sort:created-asc,False,,,,,
spotify/styx,https://github.com/spotify/styx,2026-08-14T18:16:15.144450+00:00,ok,,,True,2019-10-30T17:01:25Z,https://github.com/spotify/styx/pull/805,805,dependabot,Bump jackson.version from 2.9.10 to 2.10.0,app/dependabot,repo:spotify/styx is:pr author:app/dependabot created:>=2017-01-01 sort:created-asc | repo:spotify/styx is:pr author:app/dependabot-preview created:>=2017-01-01 sort:created-asc | repo:spotify/styx is:pr author:dependabot[bot] created:>=2017-01-01 sort:created-asc | repo:spotify/styx is:pr author:dependabot-preview[bot] created:>=2017-01-01 sort:created-asc,False,,,,,
spring-io/initializr,https://github.com/spring-io/initializr,2026-08-14T18:16:22.017779+00:00,ok,,,True,2023-09-14T19:36:23Z,https://github.com/spring-io/initializr/pull/1467,1467,dependabot,Upgrade to Commons Compress 1.24.0,app/dependabot,repo:spring-io/initializr is:pr author:app/dependabot created:>=2017-01-01 sort:created-asc | repo:spring-io/initializr is:pr author:app/dependabot-preview created:>=2017-01-01 sort:created-asc | repo:spring-io/initializr is:pr author:dependabot[bot] created:>=2017-01-01 sort:created-asc | repo:spring-io/initializr is:pr author:dependabot-preview[bot] created:>=2017-01-01 sort:created-asc,True,.github/dependabot.yml,2024-02-20T08:28:40Z,77f245134fcf962719eccc7513248150c4aee02f,https://github.com/spring-io/initializr/commit/77f245134fcf962719eccc7513248150c4aee02f,"Enable Dependabot for GitHub actions

See gh-1508"
spring-projects/spring-amqp,https://github.com/spring-projects/spring-amqp,2026-08-14T18:16:29.594485+00:00,ok,,,True,2023-12-18T16:32:43Z,https://github.com/spring-projects/spring-amqp/pull/2579,2579,dependabot,Bump the development-dependencies group with 3 updates,app/dependabot,repo:spring-projects/spring-amqp is:pr author:app/dependabot created:>=2017-01-01 sort:created-asc | repo:spring-projects/spring-amqp is:pr author:app/dependabot-preview created:>=2017-01-01 sort:created-asc | repo:spring-projects/spring-amqp is:pr author:dependabot[bot] created:>=2017-01-01 sort:created-asc | repo:spring-projects/spring-amqp is:pr author:dependabot-preview[bot] created:>=2017-01-01 sort:created-asc,True,.github/dependabot.yml,2023-12-18T16:27:57Z,b6dbba3ee4eb1e1f6a19c8232424e66de8c4c79c,https://github.com/spring-projects/spring-amqp/commit/b6dbba3ee4eb1e1f6a19c8232424e66de8c4c79c,Add dependabot support
spring-projects/spring-batch,https://github.com/spring-projects/spring-batch,2026-08-14T18:16:37.292965+00:00,ok,,,True,2026-02-04T14:04:50Z,https://github.com/spring-projects/spring-batch/pull/5262,5262,dependabot,Bump actions/setup-java from 3 to 5,app/dependabot,repo:spring-projects/spring-batch is:pr author:app/dependabot created:>=2017-01-01 sort:created-asc | repo:spring-projects/spring-batch is:pr author:app/dependabot-preview created:>=2017-01-01 sort:created-asc | repo:spring-projects/spring-batch is:pr author:dependabot[bot] created:>=2017-01-01 sort:created-asc | repo:spring-projects/spring-batch is:pr author:dependabot-preview[bot] created:>=2017-01-01 sort:created-asc,True,.github/dependabot.yml,2026-02-04T14:04:10Z,d60584664f4df6bc8caf3fe4ed4159605c1a14ab,https://github.com/spring-projects/spring-batch/commit/d60584664f4df6bc8caf3fe4ed4159605c1a14ab,"Add Dependabot for GitHub Actions

This commit configures GitHub to keep GitHub actions
up to the latest available version in the form of PRs

Signed-off-by: Josh Cummings <3627351+jzheaux@users.noreply.github.com>"
spring-projects/spring-hateoas,https://github.com/spring-projects/spring-hateoas,2026-08-14T18:16:43.799023+00:00,ok,,,True,2022-01-12T23:27:10Z,https://github.com/spring-projects/spring-hateoas/pull/1735,1735,dependabot,Bump spring-core from 5.3.13 to 5.3.14,app/dependabot,repo:spring-projects/spring-hateoas is:pr author:app/dependabot created:>=2017-01-01 sort:created-asc | repo:spring-projects/spring-hateoas is:pr author:app/dependabot-preview created:>=2017-01-01 sort:created-asc | repo:spring-projects/spring-hateoas is:pr author:dependabot[bot] created:>=2017-01-01 sort:created-asc | repo:spring-projects/spring-hateoas is:pr author:dependabot-preview[bot] created:>=2017-01-01 sort:created-asc,False,,,,,
spring-projects/spring-ldap,https://github.com/spring-projects/spring-ldap,2026-08-14T18:16:51.051219+00:00,ok,,,True,2024-08-15T14:25:21Z,https://github.com/spring-projects/spring-ldap/pull/886,886,dependabot,Bump actions/checkout from 3 to 4,app/dependabot,repo:spring-projects/spring-ldap is:pr author:app/dependabot created:>=2017-01-01 sort:created-asc | repo:spring-projects/spring-ldap is:pr author:app/dependabot-preview created:>=2017-01-01 sort:created-asc | repo:spring-projects/spring-ldap is:pr author:dependabot[bot] created:>=2017-01-01 sort:created-asc | repo:spring-projects/spring-ldap is:pr author:dependabot-preview[bot] created:>=2017-01-01 sort:created-asc,True,.github/dependabot.yml,2024-08-15T14:24:33Z,36e6b21ef454da9baaeb68891c29d83c8029c31c,https://github.com/spring-projects/spring-ldap/commit/36e6b21ef454da9baaeb68891c29d83c8029c31c,"Move Dependabot to .github

Issue gh-871"
spring-projects/spring-webflow,https://github.com/spring-projects/spring-webflow,2026-08-14T18:16:58.523571+00:00,ok,,,False,,,,,,,repo:spring-projects/spring-webflow is:pr author:app/dependabot created:>=2017-01-01 sort:created-asc | repo:spring-projects/spring-webflow is:pr author:app/dependabot-preview created:>=2017-01-01 sort:created-asc | repo:spring-projects/spring-webflow is:pr author:dependabot[bot] created:>=2017-01-01 sort:created-asc | repo:spring-projects/spring-webflow is:pr author:dependabot-preview[bot] created:>=2017-01-01 sort:created-asc,False,,,,,
spring-projects/spring-ws,https://github.com/spring-projects/spring-ws,2026-08-14T18:17:05.471062+00:00,ok,,,True,2020-10-13T04:36:24Z,https://github.com/spring-projects/spring-ws/pull/1163,1163,dependabot,Bump junit from 4.12 to 4.13.1,app/dependabot,repo:spring-projects/spring-ws is:pr author:app/dependabot created:>=2017-01-01 sort:created-asc | repo:spring-projects/spring-ws is:pr author:app/dependabot-preview created:>=2017-01-01 sort:created-asc | repo:spring-projects/spring-ws is:pr author:dependabot[bot] created:>=2017-01-01 sort:created-asc | repo:spring-projects/spring-ws is:pr author:dependabot-preview[bot] created:>=2017-01-01 sort:created-asc,False,,,,,
sqlancer/sqlancer,https://github.com/sqlancer/sqlancer,2026-08-14T18:17:11.237945+00:00,ok,,,True,2020-06-24T07:00:32Z,https://github.com/sqlancer/sqlancer/pull/48,48,dependabot-preview,Bump jcommander from 1.75 to 1.78,app/dependabot-preview,repo:sqlancer/sqlancer is:pr author:app/dependabot created:>=2017-01-01 sort:created-asc | repo:sqlancer/sqlancer is:pr author:app/dependabot-preview created:>=2017-01-01 sort:created-asc | repo:sqlancer/sqlancer is:pr author:dependabot[bot] created:>=2017-01-01 sort:created-asc | repo:sqlancer/sqlancer is:pr author:dependabot-preview[bot] created:>=2017-01-01 sort:created-asc,True,.github/dependabot.yml,2021-04-29T15:43:45Z,8b9ac9e548d6589a88867daa8600cbbd7961822f,https://github.com/sqlancer/sqlancer/commit/8b9ac9e548d6589a88867daa8600cbbd7961822f,Upgrade to GitHub-native Dependabot
square/keywhiz,https://github.com/square/keywhiz,2026-08-14T18:17:18.120412+00:00,ok,,,True,2019-07-30T22:34:55Z,https://github.com/square/keywhiz/pull/432,432,dependabot-preview,Bump jooq.version from 3.11.5 to 3.11.11,app/dependabot-preview,repo:square/keywhiz is:pr author:app/dependabot created:>=2017-01-01 sort:created-asc | repo:square/keywhiz is:pr author:app/dependabot-preview created:>=2017-01-01 sort:created-asc | repo:square/keywhiz is:pr author:dependabot[bot] created:>=2017-01-01 sort:created-asc | repo:square/keywhiz is:pr author:dependabot-preview[bot] created:>=2017-01-01 sort:created-asc,True,.github/dependabot.yml,2021-04-29T15:17:19Z,b2db079bf818890b51385afedf79a2fdf026cf8a,https://github.com/square/keywhiz/commit/b2db079bf818890b51385afedf79a2fdf026cf8a,Upgrade to GitHub-native Dependabot
square/okhttp,https://github.com/square/okhttp,2026-08-14T18:17:25.961237+00:00,ok,,,False,,,,,,,repo:square/okhttp is:pr author:app/dependabot created:>=2017-01-01 sort:created-asc | repo:square/okhttp is:pr author:app/dependabot-preview created:>=2017-01-01 sort:created-asc | repo:square/okhttp is:pr author:dependabot[bot] created:>=2017-01-01 sort:created-asc | repo:square/okhttp is:pr author:dependabot-preview[bot] created:>=2017-01-01 sort:created-asc,False,,,,,
sstrickx/yahoofinance-api,https://github.com/sstrickx/yahoofinance-api,2026-08-14T18:17:33.065227+00:00,ok,,,True,2019-11-13T06:43:37Z,https://github.com/sstrickx/yahoofinance-api/pull/143,143,dependabot,Bump jackson-databind from 2.9.8 to 2.9.10.1,app/dependabot,repo:sstrickx/yahoofinance-api is:pr author:app/dependabot created:>=2017-01-01 sort:created-asc | repo:sstrickx/yahoofinance-api is:pr author:app/dependabot-preview created:>=2017-01-01 sort:created-asc | repo:sstrickx/yahoofinance-api is:pr author:dependabot[bot] created:>=2017-01-01 sort:created-asc | repo:sstrickx/yahoofinance-api is:pr author:dependabot-preview[bot] created:>=2017-01-01 sort:created-asc,False,,,,,
statful/statful-client-vertx,https://github.com/statful/statful-client-vertx,2026-08-14T18:17:39.734239+00:00,ok,,,False,,,,,,,repo:statful/statful-client-vertx is:pr author:app/dependabot created:>=2017-01-01 sort:created-asc | repo:statful/statful-client-vertx is:pr author:app/dependabot-preview created:>=2017-01-01 sort:created-asc | repo:statful/statful-client-vertx is:pr author:dependabot[bot] created:>=2017-01-01 sort:created-asc | repo:statful/statful-client-vertx is:pr author:dependabot-preview[bot] created:>=2017-01-01 sort:created-asc,False,,,,,
stephenc/junit-docker-rule,https://github.com/stephenc/junit-docker-rule,2026-08-14T18:17:46.162096+00:00,ok,,,False,,,,,,,repo:stephenc/junit-docker-rule is:pr author:app/dependabot created:>=2017-01-01 sort:created-asc | repo:stephenc/junit-docker-rule is:pr author:app/dependabot-preview created:>=2017-01-01 sort:created-asc | repo:stephenc/junit-docker-rule is:pr author:dependabot[bot] created:>=2017-01-01 sort:created-asc | repo:stephenc/junit-docker-rule is:pr author:dependabot-preview[bot] created:>=2017-01-01 sort:created-asc,False,,,,,
stevespringett/Alpine,https://github.com/stevespringett/Alpine,2026-08-14T18:17:51.632185+00:00,ok,,,True,2019-09-08T07:34:31Z,https://github.com/stevespringett/Alpine/pull/31,31,dependabot-preview,Bump maven-compiler-plugin from 3.8.0 to 3.8.1,app/dependabot-preview,repo:stevespringett/Alpine is:pr author:app/dependabot created:>=2017-01-01 sort:created-asc | repo:stevespringett/Alpine is:pr author:app/dependabot-preview created:>=2017-01-01 sort:created-asc | repo:stevespringett/Alpine is:pr author:dependabot[bot] created:>=2017-01-01 sort:created-asc | repo:stevespringett/Alpine is:pr author:dependabot-preview[bot] created:>=2017-01-01 sort:created-asc,True,.github/dependabot.yml,2020-11-19T05:10:18Z,058cfd1463b84ff5ecf5cc16b3abd871a3827fff,https://github.com/stevespringett/Alpine/commit/058cfd1463b84ff5ecf5cc16b3abd871a3827fff,Create dependabot.yml
stickfigure/gstrap,https://github.com/stickfigure/gstrap,2026-08-14T18:17:59.656199+00:00,ok,,,True,2021-03-31T20:37:44Z,https://github.com/stickfigure/gstrap/pull/1,1,dependabot,Bump guava from 28.2-jre to 29.0-jre in /gstrap,app/dependabot,repo:stickfigure/gstrap is:pr author:app/dependabot created:>=2017-01-01 sort:created-asc | repo:stickfigure/gstrap is:pr author:app/dependabot-preview created:>=2017-01-01 sort:created-asc | repo:stickfigure/gstrap is:pr author:dependabot[bot] created:>=2017-01-01 sort:created-asc | repo:stickfigure/gstrap is:pr author:dependabot-preview[bot] created:>=2017-01-01 sort:created-asc,False,,,,,
stklcode/jvaultconnector,https://github.com/stklcode/jvaultconnector,2026-08-14T18:18:05.071378+00:00,ok,,,True,2022-10-19T06:26:02Z,https://github.com/stklcode/jvaultconnector/pull/60,60,dependabot,Bump jackson-databind from 2.13.3 to 2.13.4.1,app/dependabot,repo:stklcode/jvaultconnector is:pr author:app/dependabot created:>=2017-01-01 sort:created-asc | repo:stklcode/jvaultconnector is:pr author:app/dependabot-preview created:>=2017-01-01 sort:created-asc | repo:stklcode/jvaultconnector is:pr author:dependabot[bot] created:>=2017-01-01 sort:created-asc | repo:stklcode/jvaultconnector is:pr author:dependabot-preview[bot] created:>=2017-01-01 sort:created-asc,False,,,,,
storezhang/utils,https://github.com/storezhang/utils,2026-08-14T18:18:10.360874+00:00,ok,,,True,2019-10-17T04:40:09Z,https://github.com/storezhang/utils/pull/5,5,dependabot,Bump fastjson from 1.2.17 to 1.2.25 in /base,app/dependabot,repo:storezhang/utils is:pr author:app/dependabot created:>=2017-01-01 sort:created-asc | repo:storezhang/utils is:pr author:app/dependabot-preview created:>=2017-01-01 sort:created-asc | repo:storezhang/utils is:pr author:dependabot[bot] created:>=2017-01-01 sort:created-asc | repo:storezhang/utils is:pr author:dependabot-preview[bot] created:>=2017-01-01 sort:created-asc,False,,,,,
stormpath/stormpath-shiro,https://github.com/stormpath/stormpath-shiro,2026-08-14T18:18:16.475942+00:00,ok,,,False,,,,,,,repo:stormpath/stormpath-shiro is:pr author:app/dependabot created:>=2017-01-01 sort:created-asc | repo:stormpath/stormpath-shiro is:pr author:app/dependabot-preview created:>=2017-01-01 sort:created-asc | repo:stormpath/stormpath-shiro is:pr author:dependabot[bot] created:>=2017-01-01 sort:created-asc | repo:stormpath/stormpath-shiro is:pr author:dependabot-preview[bot] created:>=2017-01-01 sort:created-asc,False,,,,,
streampipes/streampipes,https://github.com/streampipes/streampipes,2026-08-14T18:18:22.280673+00:00,ok,,,False,,,,,,,repo:streampipes/streampipes is:pr author:app/dependabot created:>=2017-01-01 sort:created-asc | repo:streampipes/streampipes is:pr author:app/dependabot-preview created:>=2017-01-01 sort:created-asc | repo:streampipes/streampipes is:pr author:dependabot[bot] created:>=2017-01-01 sort:created-asc | repo:streampipes/streampipes is:pr author:dependabot-preview[bot] created:>=2017-01-01 sort:created-asc,True,.github/dependabot.yml,2022-12-24T12:54:04Z,df52d663372df7932290adcffd03e30d427db137,https://github.com/apache/streampipes/commit/df52d663372df7932290adcffd03e30d427db137,chore: enable dependabot for ui and bump all minor versions
streamthoughts/kafka-connect-file-pulse,https://github.com/streamthoughts/kafka-connect-file-pulse,2026-08-14T18:18:31.171685+00:00,ok,,,True,2020-07-20T20:13:14Z,https://github.com/streamthoughts/kafka-connect-file-pulse/pull/44,44,dependabot,build(deps): bump lodash from 4.17.15 to 4.17.19 in /site,app/dependabot,repo:streamthoughts/kafka-connect-file-pulse is:pr author:app/dependabot created:>=2017-01-01 sort:created-asc | repo:streamthoughts/kafka-connect-file-pulse is:pr author:app/dependabot-preview created:>=2017-01-01 sort:created-asc | repo:streamthoughts/kafka-connect-file-pulse is:pr author:dependabot[bot] created:>=2017-01-01 sort:created-asc | repo:streamthoughts/kafka-connect-file-pulse is:pr author:dependabot-preview[bot] created:>=2017-01-01 sort:created-asc,True,.github/dependabot.yml,2022-05-26T21:04:31Z,45952f9c219441323b329fec1728833836daa71a,https://github.com/streamthoughts/kafka-connect-file-pulse/commit/45952f9c219441323b329fec1728833836daa71a,ci: update git actions workflows
streamxhub/streamx,https://github.com/streamxhub/streamx,2026-08-14T18:18:38.278378+00:00,ok,,,False,,,,,,,repo:streamxhub/streamx is:pr author:app/dependabot created:>=2017-01-01 sort:created-asc | repo:streamxhub/streamx is:pr author:app/dependabot-preview created:>=2017-01-01 sort:created-asc | repo:streamxhub/streamx is:pr author:dependabot[bot] created:>=2017-01-01 sort:created-asc | repo:streamxhub/streamx is:pr author:dependabot-preview[bot] created:>=2017-01-01 sort:created-asc,False,,,,,
structr/structr,https://github.com/structr/structr,2026-08-14T18:18:45.747790+00:00,ok,,,True,2020-06-15T19:23:44Z,https://github.com/structr/structr/pull/543,543,dependabot,Build(deps): Bump xercesImpl from 2.11.0 to 2.12.0,app/dependabot,repo:structr/structr is:pr author:app/dependabot created:>=2017-01-01 sort:created-asc | repo:structr/structr is:pr author:app/dependabot-preview created:>=2017-01-01 sort:created-asc | repo:structr/structr is:pr author:dependabot[bot] created:>=2017-01-01 sort:created-asc | repo:structr/structr is:pr author:dependabot-preview[bot] created:>=2017-01-01 sort:created-asc,False,,,,,
suninformation/ymate-framework-v2,https://github.com/suninformation/ymate-framework-v2,2026-08-14T18:18:53.322313+00:00,ok,,,True,2020-10-13T06:41:37Z,https://github.com/suninformation/ymate-framework-v2/pull/1,1,dependabot,Bump junit from 4.12 to 4.13.1,app/dependabot,repo:suninformation/ymate-framework-v2 is:pr author:app/dependabot created:>=2017-01-01 sort:created-asc | repo:suninformation/ymate-framework-v2 is:pr author:app/dependabot-preview created:>=2017-01-01 sort:created-asc | repo:suninformation/ymate-framework-v2 is:pr author:dependabot[bot] created:>=2017-01-01 sort:created-asc | repo:suninformation/ymate-framework-v2 is:pr author:dependabot-preview[bot] created:>=2017-01-01 sort:created-asc,False,,,,,
susom/database,https://github.com/susom/database,2026-08-14T18:18:59.056377+00:00,ok,,,True,2020-10-13T02:32:57Z,https://github.com/susom/database/pull/38,38,dependabot,Bump junit from 4.12 to 4.13.1,app/dependabot,repo:susom/database is:pr author:app/dependabot created:>=2017-01-01 sort:created-asc | repo:susom/database is:pr author:app/dependabot-preview created:>=2017-01-01 sort:created-asc | repo:susom/database is:pr author:dependabot[bot] created:>=2017-01-01 sort:created-asc | repo:susom/database is:pr author:dependabot-preview[bot] created:>=2017-01-01 sort:created-asc,False,,,,,
susom/vertx-base,https://github.com/susom/vertx-base,2026-08-14T18:19:06.068658+00:00,ok,,,True,2019-10-16T18:36:37Z,https://github.com/susom/vertx-base/pull/10,10,dependabot,Bump nimbus-jose-jwt from 6.0 to 7.9,app/dependabot,repo:susom/vertx-base is:pr author:app/dependabot created:>=2017-01-01 sort:created-asc | repo:susom/vertx-base is:pr author:app/dependabot-preview created:>=2017-01-01 sort:created-asc | repo:susom/vertx-base is:pr author:dependabot[bot] created:>=2017-01-01 sort:created-asc | repo:susom/vertx-base is:pr author:dependabot-preview[bot] created:>=2017-01-01 sort:created-asc,False,,,,,
svenkubiak/mangooio,https://github.com/svenkubiak/mangooio,2026-08-14T18:19:13.163890+00:00,ok,,,True,2021-12-10T00:56:38Z,https://github.com/svenkubiak/mangooio/pull/515,515,dependabot,Bump log4j-core from 2.14.1 to 2.15.0,app/dependabot,repo:svenkubiak/mangooio is:pr author:app/dependabot created:>=2017-01-01 sort:created-asc | repo:svenkubiak/mangooio is:pr author:app/dependabot-preview created:>=2017-01-01 sort:created-asc | repo:svenkubiak/mangooio is:pr author:dependabot[bot] created:>=2017-01-01 sort:created-asc | repo:svenkubiak/mangooio is:pr author:dependabot-preview[bot] created:>=2017-01-01 sort:created-asc,False,,,,,
swagger-api/swagger-core,https://github.com/swagger-api/swagger-core,2026-08-14T18:19:18.960727+00:00,ok,,,True,2022-04-01T17:40:38Z,https://github.com/swagger-api/swagger-core/pull/4154,4154,dependabot,Bump jackson-databind from 2.13.2 to 2.13.2.1 in /modules/swagger-project-jakarta,app/dependabot,repo:swagger-api/swagger-core is:pr author:app/dependabot created:>=2017-01-01 sort:created-asc | repo:swagger-api/swagger-core is:pr author:app/dependabot-preview created:>=2017-01-01 sort:created-asc | repo:swagger-api/swagger-core is:pr author:dependabot[bot] created:>=2017-01-01 sort:created-asc | repo:swagger-api/swagger-core is:pr author:dependabot-preview[bot] created:>=2017-01-01 sort:created-asc,True,.github/dependabot.yml,2023-11-07T17:41:04Z,707be72b3a7f2166e64b9dbe3cd9d0df5ff82f33,https://github.com/swagger-api/swagger-core/commit/707be72b3a7f2166e64b9dbe3cd9d0df5ff82f33,add deps update CI
swisspush/gateleen,https://github.com/swisspush/gateleen,2026-08-14T18:19:26.907744+00:00,ok,,,False,,,,,,,repo:swisspush/gateleen is:pr author:app/dependabot created:>=2017-01-01 sort:created-asc | repo:swisspush/gateleen is:pr author:app/dependabot-preview created:>=2017-01-01 sort:created-asc | repo:swisspush/gateleen is:pr author:dependabot[bot] created:>=2017-01-01 sort:created-asc | repo:swisspush/gateleen is:pr author:dependabot-preview[bot] created:>=2017-01-01 sort:created-asc,False,,,,,
swisspush/vertx-redisques,https://github.com/swisspush/vertx-redisques,2026-08-14T18:19:34.182160+00:00,ok,,,False,,,,,,,repo:swisspush/vertx-redisques is:pr author:app/dependabot created:>=2017-01-01 sort:created-asc | repo:swisspush/vertx-redisques is:pr author:app/dependabot-preview created:>=2017-01-01 sort:created-asc | repo:swisspush/vertx-redisques is:pr author:dependabot[bot] created:>=2017-01-01 sort:created-asc | repo:swisspush/vertx-redisques is:pr author:dependabot-preview[bot] created:>=2017-01-01 sort:created-asc,False,,,,,
swisspush/vertx-rest-mirror,https://github.com/swisspush/vertx-rest-mirror,2026-08-14T18:19:42.853716+00:00,ok,,,False,,,,,,,repo:swisspush/vertx-rest-mirror is:pr author:app/dependabot created:>=2017-01-01 sort:created-asc | repo:swisspush/vertx-rest-mirror is:pr author:app/dependabot-preview created:>=2017-01-01 sort:created-asc | repo:swisspush/vertx-rest-mirror is:pr author:dependabot[bot] created:>=2017-01-01 sort:created-asc | repo:swisspush/vertx-rest-mirror is:pr author:dependabot-preview[bot] created:>=2017-01-01 sort:created-asc,False,,,,,
swisspush/vertx-rest-storage,https://github.com/swisspush/vertx-rest-storage,2026-08-14T18:19:51.471520+00:00,ok,,,False,,,,,,,repo:swisspush/vertx-rest-storage is:pr author:app/dependabot created:>=2017-01-01 sort:created-asc | repo:swisspush/vertx-rest-storage is:pr author:app/dependabot-preview created:>=2017-01-01 sort:created-asc | repo:swisspush/vertx-rest-storage is:pr author:dependabot[bot] created:>=2017-01-01 sort:created-asc | repo:swisspush/vertx-rest-storage is:pr author:dependabot-preview[bot] created:>=2017-01-01 sort:created-asc,False,,,,,
syndesisio/syndesis,https://github.com/syndesisio/syndesis,2026-08-14T18:19:59.909514+00:00,ok,,,True,2019-08-22T09:56:11Z,https://github.com/syndesisio/syndesis/pull/6423,6423,dependabot-preview,chore(deps-dev): bump @commitlint/config-conventional from 6.1.3 to 8.1.0,app/dependabot-preview,repo:syndesisio/syndesis is:pr author:app/dependabot created:>=2017-01-01 sort:created-asc | repo:syndesisio/syndesis is:pr author:app/dependabot-preview created:>=2017-01-01 sort:created-asc | repo:syndesisio/syndesis is:pr author:dependabot[bot] created:>=2017-01-01 sort:created-asc | repo:syndesisio/syndesis is:pr author:dependabot-preview[bot] created:>=2017-01-01 sort:created-asc,True,.github/dependabot.yml,2021-04-29T15:19:21Z,b50467c2bc7f77e042a841967ebfe50ed9eb3f58,https://github.com/syndesisio/syndesis/commit/b50467c2bc7f77e042a841967ebfe50ed9eb3f58,Upgrade to GitHub-native Dependabot
synhershko/elasticsearch-analysis-hebrew,https://github.com/synhershko/elasticsearch-analysis-hebrew,2026-08-14T18:20:06.168824+00:00,ok,,,False,,,,,,,repo:synhershko/elasticsearch-analysis-hebrew is:pr author:app/dependabot created:>=2017-01-01 sort:created-asc | repo:synhershko/elasticsearch-analysis-hebrew is:pr author:app/dependabot-preview created:>=2017-01-01 sort:created-asc | repo:synhershko/elasticsearch-analysis-hebrew is:pr author:dependabot[bot] created:>=2017-01-01 sort:created-asc | repo:synhershko/elasticsearch-analysis-hebrew is:pr author:dependabot-preview[bot] created:>=2017-01-01 sort:created-asc,False,,,,,
taboola/backstage-api-java-client,https://github.com/taboola/backstage-api-java-client,2026-08-14T18:20:12.305440+00:00,ok,,,True,2019-11-13T05:17:47Z,https://github.com/taboola/backstage-api-java-client/pull/21,21,dependabot,Bump jackson-databind from 2.9.9.2 to 2.9.10.1,app/dependabot,repo:taboola/backstage-api-java-client is:pr author:app/dependabot created:>=2017-01-01 sort:created-asc | repo:taboola/backstage-api-java-client is:pr author:app/dependabot-preview created:>=2017-01-01 sort:created-asc | repo:taboola/backstage-api-java-client is:pr author:dependabot[bot] created:>=2017-01-01 sort:created-asc | repo:taboola/backstage-api-java-client is:pr author:dependabot-preview[bot] created:>=2017-01-01 sort:created-asc,False,,,,,
tabulapdf/tabula-java,https://github.com/tabulapdf/tabula-java,2026-08-14T18:20:19.454530+00:00,ok,,,True,2019-06-04T15:21:25Z,https://github.com/tabulapdf/tabula-java/pull/292,292,dependabot-preview,Bump maven-compiler-plugin from 3.1 to 3.8.1,app/dependabot-preview,repo:tabulapdf/tabula-java is:pr author:app/dependabot created:>=2017-01-01 sort:created-asc | repo:tabulapdf/tabula-java is:pr author:app/dependabot-preview created:>=2017-01-01 sort:created-asc | repo:tabulapdf/tabula-java is:pr author:dependabot[bot] created:>=2017-01-01 sort:created-asc | repo:tabulapdf/tabula-java is:pr author:dependabot-preview[bot] created:>=2017-01-01 sort:created-asc,True,.github/dependabot.yml,2021-04-29T15:23:21Z,c89831109f6892c62d9597ba593161b4cf2b0c1f,https://github.com/tabulapdf/tabula-java/commit/c89831109f6892c62d9597ba593161b4cf2b0c1f,Upgrade to GitHub-native Dependabot
tagbangers/wallride,https://github.com/tagbangers/wallride,2026-08-14T18:20:26.297001+00:00,ok,,,False,,,,,,,repo:tagbangers/wallride is:pr author:app/dependabot created:>=2017-01-01 sort:created-asc | repo:tagbangers/wallride is:pr author:app/dependabot-preview created:>=2017-01-01 sort:created-asc | repo:tagbangers/wallride is:pr author:dependabot[bot] created:>=2017-01-01 sort:created-asc | repo:tagbangers/wallride is:pr author:dependabot-preview[bot] created:>=2017-01-01 sort:created-asc,False,,,,,
taimos/dvalin,https://github.com/taimos/dvalin,2026-08-14T18:20:32.698917+00:00,ok,,,True,2019-11-01T23:28:25Z,https://github.com/taimos/dvalin/pull/77,77,dependabot,Bump jackson.version from 2.9.8 to 2.10.0,app/dependabot,repo:taimos/dvalin is:pr author:app/dependabot created:>=2017-01-01 sort:created-asc | repo:taimos/dvalin is:pr author:app/dependabot-preview created:>=2017-01-01 sort:created-asc | repo:taimos/dvalin is:pr author:dependabot[bot] created:>=2017-01-01 sort:created-asc | repo:taimos/dvalin is:pr author:dependabot-preview[bot] created:>=2017-01-01 sort:created-asc,False,,,,,
taskana/taskana,https://github.com/taskana/taskana,2026-08-14T18:20:38.586045+00:00,ok,,,True,2019-10-21T10:25:57Z,https://github.com/Taskana/taskana/pull/735,735,dependabot,Bump diff from 3.4.0 to 3.5.0 in /web,app/dependabot,repo:taskana/taskana is:pr author:app/dependabot created:>=2017-01-01 sort:created-asc | repo:taskana/taskana is:pr author:app/dependabot-preview created:>=2017-01-01 sort:created-asc | repo:taskana/taskana is:pr author:dependabot[bot] created:>=2017-01-01 sort:created-asc | repo:taskana/taskana is:pr author:dependabot-preview[bot] created:>=2017-01-01 sort:created-asc,True,.github/dependabot.yml,2021-03-04T23:42:44Z,25478b93b12ab20bdce0ea2f86c6c0b405ce0a4f,https://github.com/Taskana/taskana/commit/25478b93b12ab20bdce0ea2f86c6c0b405ce0a4f,Create Dependabot config file
taxjar/taxjar-java,https://github.com/taxjar/taxjar-java,2026-08-14T18:20:45.390017+00:00,ok,,,True,2020-10-13T07:07:58Z,https://github.com/taxjar/taxjar-java/pull/29,29,dependabot,Bump junit from 4.12 to 4.13.1,app/dependabot,repo:taxjar/taxjar-java is:pr author:app/dependabot created:>=2017-01-01 sort:created-asc | repo:taxjar/taxjar-java is:pr author:app/dependabot-preview created:>=2017-01-01 sort:created-asc | repo:taxjar/taxjar-java is:pr author:dependabot[bot] created:>=2017-01-01 sort:created-asc | repo:taxjar/taxjar-java is:pr author:dependabot-preview[bot] created:>=2017-01-01 sort:created-asc,False,,,,,
tballison/lucene-addons,https://github.com/tballison/lucene-addons,2026-08-14T18:20:51.772199+00:00,ok,,,True,2019-02-05T14:00:10Z,https://github.com/tballison/lucene-addons/pull/36,36,dependabot-preview,Bump log4j.version from 2.11.0 to 2.11.1,app/dependabot-preview,repo:tballison/lucene-addons is:pr author:app/dependabot created:>=2017-01-01 sort:created-asc | repo:tballison/lucene-addons is:pr author:app/dependabot-preview created:>=2017-01-01 sort:created-asc | repo:tballison/lucene-addons is:pr author:dependabot[bot] created:>=2017-01-01 sort:created-asc | repo:tballison/lucene-addons is:pr author:dependabot-preview[bot] created:>=2017-01-01 sort:created-asc,False,,,,,
tcurdt/jdeb,https://github.com/tcurdt/jdeb,2026-08-14T18:20:57.629120+00:00,ok,,,True,2020-10-13T07:40:29Z,https://github.com/tcurdt/jdeb/pull/309,309,dependabot,Bump junit from 4.13 to 4.13.1,app/dependabot,repo:tcurdt/jdeb is:pr author:app/dependabot created:>=2017-01-01 sort:created-asc | repo:tcurdt/jdeb is:pr author:app/dependabot-preview created:>=2017-01-01 sort:created-asc | repo:tcurdt/jdeb is:pr author:dependabot[bot] created:>=2017-01-01 sort:created-asc | repo:tcurdt/jdeb is:pr author:dependabot-preview[bot] created:>=2017-01-01 sort:created-asc,True,.github/dependabot.yml,2021-01-02T13:07:39Z,ab40e084e7da142f06e07ef6e1e2213088cfc38d,https://github.com/tcurdt/jdeb/commit/ab40e084e7da142f06e07ef6e1e2213088cfc38d,switched from travis to github actions
tdf/odftoolkit,https://github.com/tdf/odftoolkit,2026-08-14T18:21:04.539921+00:00,ok,,,True,2020-09-14T18:19:43Z,https://github.com/tdf/odftoolkit/pull/67,67,dependabot,Bump ant from 1.10.7 to 1.10.8,app/dependabot,repo:tdf/odftoolkit is:pr author:app/dependabot created:>=2017-01-01 sort:created-asc | repo:tdf/odftoolkit is:pr author:app/dependabot-preview created:>=2017-01-01 sort:created-asc | repo:tdf/odftoolkit is:pr author:dependabot[bot] created:>=2017-01-01 sort:created-asc | repo:tdf/odftoolkit is:pr author:dependabot-preview[bot] created:>=2017-01-01 sort:created-asc,False,,,,,
teamapps-org/universal-db,https://github.com/teamapps-org/universal-db,2026-08-14T18:21:11.986202+00:00,ok,,,True,2020-06-16T00:22:43Z,https://github.com/teamapps-org/universal-db/pull/1,1,dependabot,Bump guava from 23.6-jre to 24.1.1-jre,app/dependabot,repo:teamapps-org/universal-db is:pr author:app/dependabot created:>=2017-01-01 sort:created-asc | repo:teamapps-org/universal-db is:pr author:app/dependabot-preview created:>=2017-01-01 sort:created-asc | repo:teamapps-org/universal-db is:pr author:dependabot[bot] created:>=2017-01-01 sort:created-asc | repo:teamapps-org/universal-db is:pr author:dependabot-preview[bot] created:>=2017-01-01 sort:created-asc,False,,,,,
teknux-org/jetty-bootstrap,https://github.com/teknux-org/jetty-bootstrap,2026-08-14T18:21:17.419100+00:00,ok,,,True,2019-12-18T16:49:44Z,https://github.com/teknux-org/jetty-bootstrap/pull/39,39,dependabot,Bump httpclient from 4.3.1 to 4.3.6 in /jetty-bootstrap,app/dependabot,repo:teknux-org/jetty-bootstrap is:pr author:app/dependabot created:>=2017-01-01 sort:created-asc | repo:teknux-org/jetty-bootstrap is:pr author:app/dependabot-preview created:>=2017-01-01 sort:created-asc | repo:teknux-org/jetty-bootstrap is:pr author:dependabot[bot] created:>=2017-01-01 sort:created-asc | repo:teknux-org/jetty-bootstrap is:pr author:dependabot-preview[bot] created:>=2017-01-01 sort:created-asc,False,,,,,
tencentyun/cos-java-sdk-v5,https://github.com/tencentyun/cos-java-sdk-v5,2026-08-14T18:21:24.214302+00:00,ok,,,True,2020-10-13T09:31:40Z,https://github.com/tencentyun/cos-java-sdk-v5/pull/74,74,dependabot,Bump junit from 4.12 to 4.13.1,app/dependabot,repo:tencentyun/cos-java-sdk-v5 is:pr author:app/dependabot created:>=2017-01-01 sort:created-asc | repo:tencentyun/cos-java-sdk-v5 is:pr author:app/dependabot-preview created:>=2017-01-01 sort:created-asc | repo:tencentyun/cos-java-sdk-v5 is:pr author:dependabot[bot] created:>=2017-01-01 sort:created-asc | repo:tencentyun/cos-java-sdk-v5 is:pr author:dependabot-preview[bot] created:>=2017-01-01 sort:created-asc,False,,,,,
terrestris/shogun2,https://github.com/terrestris/shogun2,2026-08-14T18:21:29.811402+00:00,ok,,,False,,,,,,,repo:terrestris/shogun2 is:pr author:app/dependabot created:>=2017-01-01 sort:created-asc | repo:terrestris/shogun2 is:pr author:app/dependabot-preview created:>=2017-01-01 sort:created-asc | repo:terrestris/shogun2 is:pr author:dependabot[bot] created:>=2017-01-01 sort:created-asc | repo:terrestris/shogun2 is:pr author:dependabot-preview[bot] created:>=2017-01-01 sort:created-asc,False,,,,,
test4j/test4j,https://github.com/test4j/test4j,2026-08-14T18:21:38.092783+00:00,ok,,,True,2020-07-02T02:21:59Z,https://github.com/test4j/test4j/pull/9,9,dependabot,Bump mysql-connector-java from 5.1.6 to 8.0.16 in /test4j-db-dep,app/dependabot,repo:test4j/test4j is:pr author:app/dependabot created:>=2017-01-01 sort:created-asc | repo:test4j/test4j is:pr author:app/dependabot-preview created:>=2017-01-01 sort:created-asc | repo:test4j/test4j is:pr author:dependabot[bot] created:>=2017-01-01 sort:created-asc | repo:test4j/test4j is:pr author:dependabot-preview[bot] created:>=2017-01-01 sort:created-asc,False,,,,,
textexploration/mtas,https://github.com/textexploration/mtas,2026-08-14T18:21:44.687744+00:00,ok,,,True,2019-11-02T21:30:16Z,https://github.com/textexploration/mtas/pull/6,6,dependabot,Bump currentLuceneVersion from 8.1.1 to 8.3.0,app/dependabot,repo:textexploration/mtas is:pr author:app/dependabot created:>=2017-01-01 sort:created-asc | repo:textexploration/mtas is:pr author:app/dependabot-preview created:>=2017-01-01 sort:created-asc | repo:textexploration/mtas is:pr author:dependabot[bot] created:>=2017-01-01 sort:created-asc | repo:textexploration/mtas is:pr author:dependabot-preview[bot] created:>=2017-01-01 sort:created-asc,False,,,,,
thin-wiki/thin-wiki,https://github.com/thin-wiki/thin-wiki,2026-08-14T18:21:50.878829+00:00,ok,,,True,2021-04-09T15:41:15Z,https://github.com/thin-wiki/thin-wiki/pull/1,1,dependabot,Bump github-api from 1.122 to 1.127,app/dependabot,repo:thin-wiki/thin-wiki is:pr author:app/dependabot created:>=2017-01-01 sort:created-asc | repo:thin-wiki/thin-wiki is:pr author:app/dependabot-preview created:>=2017-01-01 sort:created-asc | repo:thin-wiki/thin-wiki is:pr author:dependabot[bot] created:>=2017-01-01 sort:created-asc | repo:thin-wiki/thin-wiki is:pr author:dependabot-preview[bot] created:>=2017-01-01 sort:created-asc,True,.github/dependabot.yml,2021-04-09T15:40:38Z,972402fa25d61e0e127947387a80b1891df81a58,https://github.com/thin-wiki/thin-wiki/commit/972402fa25d61e0e127947387a80b1891df81a58,Create dependabot.yml
thomasjallerton/nimbus-core,https://github.com/thomasjallerton/nimbus-core,2026-08-14T18:21:59.343643+00:00,ok,,,False,,,,,,,repo:thomasjallerton/nimbus-core is:pr author:app/dependabot created:>=2017-01-01 sort:created-asc | repo:thomasjallerton/nimbus-core is:pr author:app/dependabot-preview created:>=2017-01-01 sort:created-asc | repo:thomasjallerton/nimbus-core is:pr author:dependabot[bot] created:>=2017-01-01 sort:created-asc | repo:thomasjallerton/nimbus-core is:pr author:dependabot-preview[bot] created:>=2017-01-01 sort:created-asc,False,,,,,
thombergs/wicked-charts,https://github.com/thombergs/wicked-charts,2026-08-14T18:22:07.978177+00:00,ok,,,False,,,,,,,repo:thombergs/wicked-charts is:pr author:app/dependabot created:>=2017-01-01 sort:created-asc | repo:thombergs/wicked-charts is:pr author:app/dependabot-preview created:>=2017-01-01 sort:created-asc | repo:thombergs/wicked-charts is:pr author:dependabot[bot] created:>=2017-01-01 sort:created-asc | repo:thombergs/wicked-charts is:pr author:dependabot-preview[bot] created:>=2017-01-01 sort:created-asc,False,,,,,
thrau/jarchivelib,https://github.com/thrau/jarchivelib,2026-08-14T18:22:16.571027+00:00,ok,,,True,2020-10-13T07:56:37Z,https://github.com/thrau/jarchivelib/pull/82,82,dependabot,Bump junit from 4.11 to 4.13.1,app/dependabot,repo:thrau/jarchivelib is:pr author:app/dependabot created:>=2017-01-01 sort:created-asc | repo:thrau/jarchivelib is:pr author:app/dependabot-preview created:>=2017-01-01 sort:created-asc | repo:thrau/jarchivelib is:pr author:dependabot[bot] created:>=2017-01-01 sort:created-asc | repo:thrau/jarchivelib is:pr author:dependabot-preview[bot] created:>=2017-01-01 sort:created-asc,False,,,,,
thymeleaf/thymeleaf-extras-tiles2,https://github.com/thymeleaf/thymeleaf-extras-tiles2,2026-08-14T18:22:22.479034+00:00,ok,,,True,2020-11-14T17:29:35Z,https://github.com/thymeleaf/thymeleaf-extras-tiles2/pull/25,25,dependabot,Bump springframework.version from 4.0.0.RELEASE to 5.3.1 in /thymeleaf-extras-tiles2-spring4,app/dependabot,repo:thymeleaf/thymeleaf-extras-tiles2 is:pr author:app/dependabot created:>=2017-01-01 sort:created-asc | repo:thymeleaf/thymeleaf-extras-tiles2 is:pr author:app/dependabot-preview created:>=2017-01-01 sort:created-asc | repo:thymeleaf/thymeleaf-extras-tiles2 is:pr author:dependabot[bot] created:>=2017-01-01 sort:created-asc | repo:thymeleaf/thymeleaf-extras-tiles2 is:pr author:dependabot-preview[bot] created:>=2017-01-01 sort:created-asc,False,,,,,
thymeleaf/thymeleaf-spring,https://github.com/thymeleaf/thymeleaf-spring,2026-08-14T18:22:30.172589+00:00,ok,,,True,2020-11-29T01:00:02Z,https://github.com/thymeleaf/thymeleaf-spring/pull/242,242,dependabot,Bump springframework.version from 5.0.8.RELEASE to 5.3.1 in /thymeleaf-spring5,app/dependabot,repo:thymeleaf/thymeleaf-spring is:pr author:app/dependabot created:>=2017-01-01 sort:created-asc | repo:thymeleaf/thymeleaf-spring is:pr author:app/dependabot-preview created:>=2017-01-01 sort:created-asc | repo:thymeleaf/thymeleaf-spring is:pr author:dependabot[bot] created:>=2017-01-01 sort:created-asc | repo:thymeleaf/thymeleaf-spring is:pr author:dependabot-preview[bot] created:>=2017-01-01 sort:created-asc,False,,,,,
timmolter/XChange,https://github.com/timmolter/XChange,2026-08-14T18:22:36.572077+00:00,ok,,,False,,,,,,,repo:timmolter/XChange is:pr author:app/dependabot created:>=2017-01-01 sort:created-asc | repo:timmolter/XChange is:pr author:app/dependabot-preview created:>=2017-01-01 sort:created-asc | repo:timmolter/XChange is:pr author:dependabot[bot] created:>=2017-01-01 sort:created-asc | repo:timmolter/XChange is:pr author:dependabot-preview[bot] created:>=2017-01-01 sort:created-asc,True,.github/dependabot.yml,2021-04-28T16:45:32Z,f6f2ea93163e0884a595819c9f8673146d7c11d6,https://github.com/knowm/XChange/commit/f6f2ea93163e0884a595819c9f8673146d7c11d6,Upgrade to GitHub-native Dependabot
timofeevda/jstressy,https://github.com/timofeevda/jstressy,2026-08-14T18:22:46.952209+00:00,ok,,,True,2019-11-13T01:38:30Z,https://github.com/timofeevda/jstressy/pull/2,2,dependabot,Bump jackson-databind from 2.9.9.1 to 2.9.10.1,app/dependabot,repo:timofeevda/jstressy is:pr author:app/dependabot created:>=2017-01-01 sort:created-asc | repo:timofeevda/jstressy is:pr author:app/dependabot-preview created:>=2017-01-01 sort:created-asc | repo:timofeevda/jstressy is:pr author:dependabot[bot] created:>=2017-01-01 sort:created-asc | repo:timofeevda/jstressy is:pr author:dependabot-preview[bot] created:>=2017-01-01 sort:created-asc,False,,,,,
tipsy/javalin,https://github.com/tipsy/javalin,2026-08-14T18:22:53.318151+00:00,ok,,,False,,,,,,,repo:tipsy/javalin is:pr author:app/dependabot created:>=2017-01-01 sort:created-asc | repo:tipsy/javalin is:pr author:app/dependabot-preview created:>=2017-01-01 sort:created-asc | repo:tipsy/javalin is:pr author:dependabot[bot] created:>=2017-01-01 sort:created-asc | repo:tipsy/javalin is:pr author:dependabot-preview[bot] created:>=2017-01-01 sort:created-asc,True,.github/dependabot.yml,2024-02-22T17:14:11Z,e408092e7621d8d4c363190997153e50350d36ba,https://github.com/javalin/javalin/commit/e408092e7621d8d4c363190997153e50350d36ba,[github] Add dependabot
tmurakam/spring-session-ext-mongo,https://github.com/tmurakam/spring-session-ext-mongo,2026-08-14T18:23:01.167577+00:00,ok,,,True,2022-06-25T07:27:57Z,https://github.com/tmurakam/spring-session-ext-mongo/pull/8,8,dependabot,Bump spring-data-mongodb from 3.3.0 to 3.3.5,app/dependabot,repo:tmurakam/spring-session-ext-mongo is:pr author:app/dependabot created:>=2017-01-01 sort:created-asc | repo:tmurakam/spring-session-ext-mongo is:pr author:app/dependabot-preview created:>=2017-01-01 sort:created-asc | repo:tmurakam/spring-session-ext-mongo is:pr author:dependabot[bot] created:>=2017-01-01 sort:created-asc | repo:tmurakam/spring-session-ext-mongo is:pr author:dependabot-preview[bot] created:>=2017-01-01 sort:created-asc,False,,,,,
togglz/togglz,https://github.com/togglz/togglz,2026-08-14T18:23:08.418960+00:00,ok,,,True,2019-11-13T03:15:19Z,https://github.com/togglz/togglz/pull/343,343,dependabot,Bump jackson-databind from 2.9.9.3 to 2.9.10.1 in /dynamodb,app/dependabot,repo:togglz/togglz is:pr author:app/dependabot created:>=2017-01-01 sort:created-asc | repo:togglz/togglz is:pr author:app/dependabot-preview created:>=2017-01-01 sort:created-asc | repo:togglz/togglz is:pr author:dependabot[bot] created:>=2017-01-01 sort:created-asc | repo:togglz/togglz is:pr author:dependabot-preview[bot] created:>=2017-01-01 sort:created-asc,True,.github/dependabot.yml,2021-04-24T08:40:45Z,eed206d535acd526722a35ccac0bd107d4f67038,https://github.com/togglz/togglz/commit/eed206d535acd526722a35ccac0bd107d4f67038,move dependabot.yml
tomtom-international/goji-http-client,https://github.com/tomtom-international/goji-http-client,2026-08-14T18:23:15.229920+00:00,ok,,,True,2020-06-05T12:23:03Z,https://github.com/tomtom-international/goji-http-client/pull/5,5,dependabot-preview,build(deps): bump groovy.version from 3.0.3 to 3.0.4,app/dependabot-preview,repo:tomtom-international/goji-http-client is:pr author:app/dependabot created:>=2017-01-01 sort:created-asc | repo:tomtom-international/goji-http-client is:pr author:app/dependabot-preview created:>=2017-01-01 sort:created-asc | repo:tomtom-international/goji-http-client is:pr author:dependabot[bot] created:>=2017-01-01 sort:created-asc | repo:tomtom-international/goji-http-client is:pr author:dependabot-preview[bot] created:>=2017-01-01 sort:created-asc,True,.github/dependabot.yml,2020-09-28T11:38:22Z,061a1057a2772fe666aef9643fcb4c1c5681f4c3,https://github.com/tomtom-international/goji-http-client/commit/061a1057a2772fe666aef9643fcb4c1c5681f4c3,:wrench: dependabot config v2
tomtom-international/speedtools,https://github.com/tomtom-international/speedtools,2026-08-14T18:23:23.381035+00:00,ok,,,True,2019-12-02T23:04:59Z,https://github.com/tomtom-international/speedtools/pull/12,12,dependabot,build: Bump maven-jetty-plugin.version from 9.4.21.v20190926 to 9.4.24.v20191120,app/dependabot,repo:tomtom-international/speedtools is:pr author:app/dependabot created:>=2017-01-01 sort:created-asc | repo:tomtom-international/speedtools is:pr author:app/dependabot-preview created:>=2017-01-01 sort:created-asc | repo:tomtom-international/speedtools is:pr author:dependabot[bot] created:>=2017-01-01 sort:created-asc | repo:tomtom-international/speedtools is:pr author:dependabot-preview[bot] created:>=2017-01-01 sort:created-asc,False,,,,,
torakiki/sejda,https://github.com/torakiki/sejda,2026-08-14T18:23:29.446321+00:00,ok,,,True,2020-10-12T23:43:51Z,https://github.com/torakiki/sejda/pull/388,388,dependabot,Bump junit from 4.12 to 4.13.1,app/dependabot,repo:torakiki/sejda is:pr author:app/dependabot created:>=2017-01-01 sort:created-asc | repo:torakiki/sejda is:pr author:app/dependabot-preview created:>=2017-01-01 sort:created-asc | repo:torakiki/sejda is:pr author:dependabot[bot] created:>=2017-01-01 sort:created-asc | repo:torakiki/sejda is:pr author:dependabot-preview[bot] created:>=2017-01-01 sort:created-asc,True,.github/dependabot.yml,2026-01-19T10:53:39Z,a85124ef8a317103442eb6156327540e324d6056,https://github.com/torakiki/sejda/commit/a85124ef8a317103442eb6156327540e324d6056,Add dependabot.yml to get PRs of new versions of the dependencies
trib3/leakycauldron,https://github.com/trib3/leakycauldron,2026-08-14T18:23:36.991151+00:00,ok,,,True,2019-06-12T22:38:28Z,https://github.com/trib3/leakycauldron/pull/1,1,dependabot-preview,Bump guava from 27.1-jre to 28.0-jre,app/dependabot-preview,repo:trib3/leakycauldron is:pr author:app/dependabot created:>=2017-01-01 sort:created-asc | repo:trib3/leakycauldron is:pr author:app/dependabot-preview created:>=2017-01-01 sort:created-asc | repo:trib3/leakycauldron is:pr author:dependabot[bot] created:>=2017-01-01 sort:created-asc | repo:trib3/leakycauldron is:pr author:dependabot-preview[bot] created:>=2017-01-01 sort:created-asc,True,.github/dependabot.yml,2020-06-24T23:28:37Z,157c008e811fa37bf54e4ed5ba378bc2640f2088,https://github.com/trib3/leakycauldron/commit/157c008e811fa37bf54e4ed5ba378bc2640f2088,Create Dependabot config file
trinodb/trino-hive-apache,https://github.com/trinodb/trino-hive-apache,2026-08-14T18:23:44.555449+00:00,ok,,,True,2022-01-07T22:37:03Z,https://github.com/trinodb/trino-hive-apache/pull/38,38,dependabot,Bump protobuf-java from 2.5.0 to 3.16.1,app/dependabot,repo:trinodb/trino-hive-apache is:pr author:app/dependabot created:>=2017-01-01 sort:created-asc | repo:trinodb/trino-hive-apache is:pr author:app/dependabot-preview created:>=2017-01-01 sort:created-asc | repo:trinodb/trino-hive-apache is:pr author:dependabot[bot] created:>=2017-01-01 sort:created-asc | repo:trinodb/trino-hive-apache is:pr author:dependabot-preview[bot] created:>=2017-01-01 sort:created-asc,False,,,,,
trustin/sphinx-maven-plugin,https://github.com/trustin/sphinx-maven-plugin,2026-08-14T18:23:50.471894+00:00,ok,,,False,,,,,,,repo:trustin/sphinx-maven-plugin is:pr author:app/dependabot created:>=2017-01-01 sort:created-asc | repo:trustin/sphinx-maven-plugin is:pr author:app/dependabot-preview created:>=2017-01-01 sort:created-asc | repo:trustin/sphinx-maven-plugin is:pr author:dependabot[bot] created:>=2017-01-01 sort:created-asc | repo:trustin/sphinx-maven-plugin is:pr author:dependabot-preview[bot] created:>=2017-01-01 sort:created-asc,False,,,,,
tynamo/tapestry-security,https://github.com/tynamo/tapestry-security,2026-08-14T18:23:56.946189+00:00,ok,,,True,2021-06-07T17:07:15Z,https://github.com/tynamo/tapestry-security/pull/62,62,dependabot,Bump logback-classic from 1.0.3 to 1.2.0,app/dependabot,repo:tynamo/tapestry-security is:pr author:app/dependabot created:>=2017-01-01 sort:created-asc | repo:tynamo/tapestry-security is:pr author:app/dependabot-preview created:>=2017-01-01 sort:created-asc | repo:tynamo/tapestry-security is:pr author:dependabot[bot] created:>=2017-01-01 sort:created-asc | repo:tynamo/tapestry-security is:pr author:dependabot-preview[bot] created:>=2017-01-01 sort:created-asc,False,,,,,
tynamo/tynamo-test,https://github.com/tynamo/tynamo-test,2026-08-14T18:24:02.268898+00:00,ok,,,True,2020-11-16T16:47:19Z,https://github.com/tynamo/tynamo-test/pull/1,1,dependabot,Bump jetty-release-version from 9.4.27.v20200227 to 9.4.34.v20201102,app/dependabot,repo:tynamo/tynamo-test is:pr author:app/dependabot created:>=2017-01-01 sort:created-asc | repo:tynamo/tynamo-test is:pr author:app/dependabot-preview created:>=2017-01-01 sort:created-asc | repo:tynamo/tynamo-test is:pr author:dependabot[bot] created:>=2017-01-01 sort:created-asc | repo:tynamo/tynamo-test is:pr author:dependabot-preview[bot] created:>=2017-01-01 sort:created-asc,False,,,,,
ufoscout/jporm,https://github.com/ufoscout/jporm,2026-08-14T18:24:08.971784+00:00,ok,,,False,,,,,,,repo:ufoscout/jporm is:pr author:app/dependabot created:>=2017-01-01 sort:created-asc | repo:ufoscout/jporm is:pr author:app/dependabot-preview created:>=2017-01-01 sort:created-asc | repo:ufoscout/jporm is:pr author:dependabot[bot] created:>=2017-01-01 sort:created-asc | repo:ufoscout/jporm is:pr author:dependabot-preview[bot] created:>=2017-01-01 sort:created-asc,False,,,,,
unidal/frameworks,https://github.com/unidal/frameworks,2026-08-14T18:24:15.102461+00:00,ok,,,True,2020-12-30T13:24:58Z,https://github.com/unidal/frameworks/pull/20,20,dependabot,Bump netty-all from 4.0.24.Final to 4.1.42.Final,app/dependabot,repo:unidal/frameworks is:pr author:app/dependabot created:>=2017-01-01 sort:created-asc | repo:unidal/frameworks is:pr author:app/dependabot-preview created:>=2017-01-01 sort:created-asc | repo:unidal/frameworks is:pr author:dependabot[bot] created:>=2017-01-01 sort:created-asc | repo:unidal/frameworks is:pr author:dependabot-preview[bot] created:>=2017-01-01 sort:created-asc,False,,,,,
utPLSQL/utPLSQL-maven-plugin,https://github.com/utPLSQL/utPLSQL-maven-plugin,2026-08-14T18:24:20.621937+00:00,ok,,,True,2020-10-13T10:31:10Z,https://github.com/utPLSQL/utPLSQL-maven-plugin/pull/58,58,dependabot,Bump junit from 4.13 to 4.13.1,app/dependabot,repo:utPLSQL/utPLSQL-maven-plugin is:pr author:app/dependabot created:>=2017-01-01 sort:created-asc | repo:utPLSQL/utPLSQL-maven-plugin is:pr author:app/dependabot-preview created:>=2017-01-01 sort:created-asc | repo:utPLSQL/utPLSQL-maven-plugin is:pr author:dependabot[bot] created:>=2017-01-01 sort:created-asc | repo:utPLSQL/utPLSQL-maven-plugin is:pr author:dependabot-preview[bot] created:>=2017-01-01 sort:created-asc,False,,,,,
v5analytics/vertexium,https://github.com/v5analytics/vertexium,2026-08-14T18:24:27.150411+00:00,ok,,,False,,,,,,,repo:v5analytics/vertexium is:pr author:app/dependabot created:>=2017-01-01 sort:created-asc | repo:v5analytics/vertexium is:pr author:app/dependabot-preview created:>=2017-01-01 sort:created-asc | repo:v5analytics/vertexium is:pr author:dependabot[bot] created:>=2017-01-01 sort:created-asc | repo:v5analytics/vertexium is:pr author:dependabot-preview[bot] created:>=2017-01-01 sort:created-asc,False,,,,,
veithen/phos,https://github.com/veithen/phos,2026-08-14T18:24:34.980212+00:00,ok,,,True,2020-12-23T14:28:40Z,https://github.com/veithen/phos/pull/1,1,dependabot,Bump maven-common-artifact-filters from 3.0.0 to 3.1.0,app/dependabot,repo:veithen/phos is:pr author:app/dependabot created:>=2017-01-01 sort:created-asc | repo:veithen/phos is:pr author:app/dependabot-preview created:>=2017-01-01 sort:created-asc | repo:veithen/phos is:pr author:dependabot[bot] created:>=2017-01-01 sort:created-asc | repo:veithen/phos is:pr author:dependabot-preview[bot] created:>=2017-01-01 sort:created-asc,True,.github/dependabot.yml,2020-12-23T14:28:12Z,17244e0e04f48e1ef0b429145f4a24ef5028dae1,https://github.com/veithen/phos/commit/17244e0e04f48e1ef0b429145f4a24ef5028dae1,Create dependabot.yml
venwyhk/ikasoa,https://github.com/venwyhk/ikasoa,2026-08-14T18:24:41.500235+00:00,ok,,,True,2020-10-12T22:22:08Z,https://github.com/venwyhk/ikasoa/pull/9,9,dependabot,Bump junit from 4.12 to 4.13.1 in /ikasoa-zk,app/dependabot,repo:venwyhk/ikasoa is:pr author:app/dependabot created:>=2017-01-01 sort:created-asc | repo:venwyhk/ikasoa is:pr author:app/dependabot-preview created:>=2017-01-01 sort:created-asc | repo:venwyhk/ikasoa is:pr author:dependabot[bot] created:>=2017-01-01 sort:created-asc | repo:venwyhk/ikasoa is:pr author:dependabot-preview[bot] created:>=2017-01-01 sort:created-asc,False,,,,,
vertigo-io/vertigo,https://github.com/vertigo-io/vertigo,2026-08-14T18:24:49.107370+00:00,ok,,,False,,,,,,,repo:vertigo-io/vertigo is:pr author:app/dependabot created:>=2017-01-01 sort:created-asc | repo:vertigo-io/vertigo is:pr author:app/dependabot-preview created:>=2017-01-01 sort:created-asc | repo:vertigo-io/vertigo is:pr author:dependabot[bot] created:>=2017-01-01 sort:created-asc | repo:vertigo-io/vertigo is:pr author:dependabot-preview[bot] created:>=2017-01-01 sort:created-asc,False,,,,,
viaboxxsystems/agimatec-tools,https://github.com/viaboxxsystems/agimatec-tools,2026-08-14T18:24:56.714440+00:00,ok,,,False,,,,,,,repo:viaboxxsystems/agimatec-tools is:pr author:app/dependabot created:>=2017-01-01 sort:created-asc | repo:viaboxxsystems/agimatec-tools is:pr author:app/dependabot-preview created:>=2017-01-01 sort:created-asc | repo:viaboxxsystems/agimatec-tools is:pr author:dependabot[bot] created:>=2017-01-01 sort:created-asc | repo:viaboxxsystems/agimatec-tools is:pr author:dependabot-preview[bot] created:>=2017-01-01 sort:created-asc,False,,,,,
viaboxxsystems/nlstools,https://github.com/viaboxxsystems/nlstools,2026-08-14T18:25:03.146051+00:00,ok,,,False,,,,,,,repo:viaboxxsystems/nlstools is:pr author:app/dependabot created:>=2017-01-01 sort:created-asc | repo:viaboxxsystems/nlstools is:pr author:app/dependabot-preview created:>=2017-01-01 sort:created-asc | repo:viaboxxsystems/nlstools is:pr author:dependabot[bot] created:>=2017-01-01 sort:created-asc | repo:viaboxxsystems/nlstools is:pr author:dependabot-preview[bot] created:>=2017-01-01 sort:created-asc,False,,,,,
viadee/camunda-kafka-polling-client,https://github.com/viadee/camunda-kafka-polling-client,2026-08-14T18:25:09.874463+00:00,ok,,,True,2019-08-01T22:21:52Z,https://github.com/viadee/camunda-kafka-polling-client/pull/38,38,dependabot,Bump jackson.version from 2.9.9 to 2.10.0.pr1,app/dependabot,repo:viadee/camunda-kafka-polling-client is:pr author:app/dependabot created:>=2017-01-01 sort:created-asc | repo:viadee/camunda-kafka-polling-client is:pr author:app/dependabot-preview created:>=2017-01-01 sort:created-asc | repo:viadee/camunda-kafka-polling-client is:pr author:dependabot[bot] created:>=2017-01-01 sort:created-asc | repo:viadee/camunda-kafka-polling-client is:pr author:dependabot-preview[bot] created:>=2017-01-01 sort:created-asc,True,.github/dependabot.yml,2021-08-06T13:20:06Z,f78734c2d0ca0784adbacdb3dc128b4d48caa0e8,https://github.com/viadee/camunda-kafka-polling-client/commit/f78734c2d0ca0784adbacdb3dc128b4d48caa0e8,Create dependabot.yml
vinscom/api-framework,https://github.com/vinscom/api-framework,2026-08-14T18:25:16.598502+00:00,ok,,,True,2025-10-22T19:40:24Z,https://github.com/vinscom/api-framework/pull/74,74,dependabot,Bump io.vertx:vertx-web from 3.9.4 to 4.5.22,app/dependabot,repo:vinscom/api-framework is:pr author:app/dependabot created:>=2017-01-01 sort:created-asc | repo:vinscom/api-framework is:pr author:app/dependabot-preview created:>=2017-01-01 sort:created-asc | repo:vinscom/api-framework is:pr author:dependabot[bot] created:>=2017-01-01 sort:created-asc | repo:vinscom/api-framework is:pr author:dependabot-preview[bot] created:>=2017-01-01 sort:created-asc,False,,,,,
virgo47/javasimon,https://github.com/virgo47/javasimon,2026-08-14T18:25:23.763552+00:00,ok,,,True,2019-10-22T17:52:43Z,https://github.com/virgo47/javasimon/pull/33,33,dependabot,Bump jackson.version from 2.9.5 to 2.10.0 in /demoapp,app/dependabot,repo:virgo47/javasimon is:pr author:app/dependabot created:>=2017-01-01 sort:created-asc | repo:virgo47/javasimon is:pr author:app/dependabot-preview created:>=2017-01-01 sort:created-asc | repo:virgo47/javasimon is:pr author:dependabot[bot] created:>=2017-01-01 sort:created-asc | repo:virgo47/javasimon is:pr author:dependabot-preview[bot] created:>=2017-01-01 sort:created-asc,False,,,,,
virtualansoftware/virtualan,https://github.com/virtualansoftware/virtualan,2026-08-14T18:25:29.488153+00:00,ok,,,True,2020-07-08T02:07:07Z,https://github.com/virtualansoftware/virtualan/pull/6,6,dependabot,Bump jackson-databind from 2.9.10 to 2.9.10.5 in /test/virtualan-test-data,app/dependabot,repo:virtualansoftware/virtualan is:pr author:app/dependabot created:>=2017-01-01 sort:created-asc | repo:virtualansoftware/virtualan is:pr author:app/dependabot-preview created:>=2017-01-01 sort:created-asc | repo:virtualansoftware/virtualan is:pr author:dependabot[bot] created:>=2017-01-01 sort:created-asc | repo:virtualansoftware/virtualan is:pr author:dependabot-preview[bot] created:>=2017-01-01 sort:created-asc,False,,,,,
vitessio/vitess,https://github.com/vitessio/vitess,2026-08-14T18:25:36.409947+00:00,ok,,,True,2019-10-29T13:36:15Z,https://github.com/vitessio/vitess/pull/5370,5370,dependabot,Bump flask from 0.12.3 to 1.0 in /test/cluster/keytar,app/dependabot,repo:vitessio/vitess is:pr author:app/dependabot created:>=2017-01-01 sort:created-asc | repo:vitessio/vitess is:pr author:app/dependabot-preview created:>=2017-01-01 sort:created-asc | repo:vitessio/vitess is:pr author:dependabot[bot] created:>=2017-01-01 sort:created-asc | repo:vitessio/vitess is:pr author:dependabot-preview[bot] created:>=2017-01-01 sort:created-asc,True,.github/dependabot.yml,2026-01-15T15:56:29Z,6f0ae8fabeb5a562b3a3740a9a1abe5b1d4a0ac6,https://github.com/vitessio/vitess/commit/6f0ae8fabeb5a562b3a3740a9a1abe5b1d4a0ac6,Add dependabot config (#19150)
vladmihalcea/flexy-pool,https://github.com/vladmihalcea/flexy-pool,2026-08-14T18:25:43.486246+00:00,ok,,,True,2020-10-13T06:46:00Z,https://github.com/vladmihalcea/flexy-pool/pull/63,63,dependabot,Bump junit from 4.12 to 4.13.1,app/dependabot,repo:vladmihalcea/flexy-pool is:pr author:app/dependabot created:>=2017-01-01 sort:created-asc | repo:vladmihalcea/flexy-pool is:pr author:app/dependabot-preview created:>=2017-01-01 sort:created-asc | repo:vladmihalcea/flexy-pool is:pr author:dependabot[bot] created:>=2017-01-01 sort:created-asc | repo:vladmihalcea/flexy-pool is:pr author:dependabot-preview[bot] created:>=2017-01-01 sort:created-asc,False,,,,,
vt-middleware/cryptacular,https://github.com/vt-middleware/cryptacular,2026-08-14T18:25:49.654778+00:00,ok,,,True,2019-11-02T19:20:15Z,https://github.com/vt-middleware/cryptacular/pull/51,51,dependabot,Bump checkstyle from 8.16 to 8.18,app/dependabot,repo:vt-middleware/cryptacular is:pr author:app/dependabot created:>=2017-01-01 sort:created-asc | repo:vt-middleware/cryptacular is:pr author:app/dependabot-preview created:>=2017-01-01 sort:created-asc | repo:vt-middleware/cryptacular is:pr author:dependabot[bot] created:>=2017-01-01 sort:created-asc | repo:vt-middleware/cryptacular is:pr author:dependabot-preview[bot] created:>=2017-01-01 sort:created-asc,False,,,,,
w3c/epubcheck,https://github.com/w3c/epubcheck,2026-08-14T18:25:55.827965+00:00,ok,,,True,2020-06-15T21:50:15Z,https://github.com/w3c/epubcheck/pull/1148,1148,dependabot,chore(deps): bump guava from 24.0-android to 24.1.1-android,app/dependabot,repo:w3c/epubcheck is:pr author:app/dependabot created:>=2017-01-01 sort:created-asc | repo:w3c/epubcheck is:pr author:app/dependabot-preview created:>=2017-01-01 sort:created-asc | repo:w3c/epubcheck is:pr author:dependabot[bot] created:>=2017-01-01 sort:created-asc | repo:w3c/epubcheck is:pr author:dependabot-preview[bot] created:>=2017-01-01 sort:created-asc,False,,,,,
wcm-io/io.wcm.tooling.commons.crx-packmgr-helper,https://github.com/wcm-io/io.wcm.tooling.commons.crx-packmgr-helper,2026-08-14T18:26:01.469336+00:00,ok,,,False,,,,,,,repo:wcm-io/io.wcm.tooling.commons.crx-packmgr-helper is:pr author:app/dependabot created:>=2017-01-01 sort:created-asc | repo:wcm-io/io.wcm.tooling.commons.crx-packmgr-helper is:pr author:app/dependabot-preview created:>=2017-01-01 sort:created-asc | repo:wcm-io/io.wcm.tooling.commons.crx-packmgr-helper is:pr author:dependabot[bot] created:>=2017-01-01 sort:created-asc | repo:wcm-io/io.wcm.tooling.commons.crx-packmgr-helper is:pr author:dependabot-preview[bot] created:>=2017-01-01 sort:created-asc,True,.github/dependabot.yml,2022-12-07T09:26:06Z,faa5b9799519eff553523e674a89a774de7111bc,https://github.com/wcm-io/io.wcm.tooling.commons.crx-packmgr-helper/commit/faa5b9799519eff553523e674a89a774de7111bc,enable dependabot
web4thejob/home,https://github.com/web4thejob/home,2026-08-14T18:26:07.455895+00:00,ok,,,False,,,,,,,repo:web4thejob/home is:pr author:app/dependabot created:>=2017-01-01 sort:created-asc | repo:web4thejob/home is:pr author:app/dependabot-preview created:>=2017-01-01 sort:created-asc | repo:web4thejob/home is:pr author:dependabot[bot] created:>=2017-01-01 sort:created-asc | repo:web4thejob/home is:pr author:dependabot-preview[bot] created:>=2017-01-01 sort:created-asc,False,,,,,
webjars/webjars-locator-core,https://github.com/webjars/webjars-locator-core,2026-08-14T18:26:14.113651+00:00,ok,,,True,2020-10-12T21:58:12Z,https://github.com/webjars/webjars-locator-core/pull/38,38,dependabot,Bump junit from 4.11 to 4.13.1,app/dependabot,repo:webjars/webjars-locator-core is:pr author:app/dependabot created:>=2017-01-01 sort:created-asc | repo:webjars/webjars-locator-core is:pr author:app/dependabot-preview created:>=2017-01-01 sort:created-asc | repo:webjars/webjars-locator-core is:pr author:dependabot[bot] created:>=2017-01-01 sort:created-asc | repo:webjars/webjars-locator-core is:pr author:dependabot-preview[bot] created:>=2017-01-01 sort:created-asc,True,.github/dependabot.yml,2022-02-18T20:47:03Z,a710a946a03d5e3a452f4a345ea8d645cfc6a57c,https://github.com/webjars/webjars-locator-core/commit/a710a946a03d5e3a452f4a345ea8d645cfc6a57c,Add dependabot.yml
weblyzard/weblyzard_api,https://github.com/weblyzard/weblyzard_api,2026-08-14T18:26:20.369341+00:00,ok,,,True,2020-01-31T18:16:47Z,https://github.com/weblyzard/weblyzard_api/pull/201,201,dependabot,build(deps): bump checkstyle from 8.19 to 8.29 in /java-examples/keyword-extraction,app/dependabot,repo:weblyzard/weblyzard_api is:pr author:app/dependabot created:>=2017-01-01 sort:created-asc | repo:weblyzard/weblyzard_api is:pr author:app/dependabot-preview created:>=2017-01-01 sort:created-asc | repo:weblyzard/weblyzard_api is:pr author:dependabot[bot] created:>=2017-01-01 sort:created-asc | repo:weblyzard/weblyzard_api is:pr author:dependabot-preview[bot] created:>=2017-01-01 sort:created-asc,False,,,,,
whirlwind-match/fuzzydb,https://github.com/whirlwind-match/fuzzydb,2026-08-14T18:26:26.329064+00:00,ok,,,True,2020-06-15T23:19:51Z,https://github.com/whirlwind-match/fuzzydb/pull/96,96,dependabot,Bump spring-core from 3.0.5.RELEASE to 4.3.19.RELEASE in /core,app/dependabot,repo:whirlwind-match/fuzzydb is:pr author:app/dependabot created:>=2017-01-01 sort:created-asc | repo:whirlwind-match/fuzzydb is:pr author:app/dependabot-preview created:>=2017-01-01 sort:created-asc | repo:whirlwind-match/fuzzydb is:pr author:dependabot[bot] created:>=2017-01-01 sort:created-asc | repo:whirlwind-match/fuzzydb is:pr author:dependabot-preview[bot] created:>=2017-01-01 sort:created-asc,False,,,,,
whitesource/fs-agent,https://github.com/whitesource/fs-agent,2026-08-14T18:26:32.489849+00:00,ok,,,False,,,,,,,repo:whitesource/fs-agent is:pr author:app/dependabot created:>=2017-01-01 sort:created-asc | repo:whitesource/fs-agent is:pr author:app/dependabot-preview created:>=2017-01-01 sort:created-asc | repo:whitesource/fs-agent is:pr author:dependabot[bot] created:>=2017-01-01 sort:created-asc | repo:whitesource/fs-agent is:pr author:dependabot-preview[bot] created:>=2017-01-01 sort:created-asc,False,,,,,
wicketstuff/core,https://github.com/wicketstuff/core,2026-08-14T18:26:38.272055+00:00,ok,,,True,2019-11-13T07:10:08Z,https://github.com/wicketstuff/core/pull/683,683,dependabot,Bump jackson-databind from 2.9.10 to 2.9.10.1,app/dependabot,repo:wicketstuff/core is:pr author:app/dependabot created:>=2017-01-01 sort:created-asc | repo:wicketstuff/core is:pr author:app/dependabot-preview created:>=2017-01-01 sort:created-asc | repo:wicketstuff/core is:pr author:dependabot[bot] created:>=2017-01-01 sort:created-asc | repo:wicketstuff/core is:pr author:dependabot-preview[bot] created:>=2017-01-01 sort:created-asc,True,.github/dependabot.yml,2024-02-26T12:31:43Z,e2ca3cbd718c3f7e54d70a2bcb1ddc10e98306f9,https://github.com/wicketstuff/core/commit/e2ca3cbd718c3f7e54d70a2bcb1ddc10e98306f9,"Add dependabot config for updating the Java deps and Github Actions

Signed-off-by: Martin Tzvetanov Grigorov <mgrigorov@apache.org>"
wicketstuff/wiquery,https://github.com/wicketstuff/wiquery,2026-08-14T18:26:46.836175+00:00,ok,,,True,2024-02-29T07:01:46Z,https://github.com/wicketstuff/wiquery/pull/10,10,dependabot,Bump com.fasterxml.jackson.core:jackson-databind from 2.12.5 to 2.12.7.1,app/dependabot,repo:wicketstuff/wiquery is:pr author:app/dependabot created:>=2017-01-01 sort:created-asc | repo:wicketstuff/wiquery is:pr author:app/dependabot-preview created:>=2017-01-01 sort:created-asc | repo:wicketstuff/wiquery is:pr author:dependabot[bot] created:>=2017-01-01 sort:created-asc | repo:wicketstuff/wiquery is:pr author:dependabot-preview[bot] created:>=2017-01-01 sort:created-asc,True,.github/dependabot.yml,2024-02-29T06:27:37Z,4738ae74e80b5d9eef1a5027d3342bbfb79aef5d,https://github.com/wicketstuff/wiquery/commit/4738ae74e80b5d9eef1a5027d3342bbfb79aef5d,"Add configs for Github Actions and dependabot

Signed-off-by: Martin Tzvetanov Grigorov <mgrigorov@apache.org>"
wildfly-clustering/wildfly-clustering-spring-session,https://github.com/wildfly-clustering/wildfly-clustering-spring-session,2026-08-14T18:26:53.441781+00:00,ok,,,False,,,,,,,repo:wildfly-clustering/wildfly-clustering-spring-session is:pr author:app/dependabot created:>=2017-01-01 sort:created-asc | repo:wildfly-clustering/wildfly-clustering-spring-session is:pr author:app/dependabot-preview created:>=2017-01-01 sort:created-asc | repo:wildfly-clustering/wildfly-clustering-spring-session is:pr author:dependabot[bot] created:>=2017-01-01 sort:created-asc | repo:wildfly-clustering/wildfly-clustering-spring-session is:pr author:dependabot-preview[bot] created:>=2017-01-01 sort:created-asc,True,.github/dependabot.yml,2022-11-10T15:22:38Z,f00b1b9c00df1a847522e8888d7d09deb30d094a,https://github.com/wildfly-clustering/wildfly-clustering-spring/commit/f00b1b9c00df1a847522e8888d7d09deb30d094a,Create dependabot.yml
wildfly/jboss-ejb-client,https://github.com/wildfly/jboss-ejb-client,2026-08-14T18:27:03.805321+00:00,ok,,,True,2020-10-13T08:07:52Z,https://github.com/wildfly/jboss-ejb-client/pull/478,478,dependabot,Bump junit from 4.12 to 4.13.1,app/dependabot,repo:wildfly/jboss-ejb-client is:pr author:app/dependabot created:>=2017-01-01 sort:created-asc | repo:wildfly/jboss-ejb-client is:pr author:app/dependabot-preview created:>=2017-01-01 sort:created-asc | repo:wildfly/jboss-ejb-client is:pr author:dependabot[bot] created:>=2017-01-01 sort:created-asc | repo:wildfly/jboss-ejb-client is:pr author:dependabot-preview[bot] created:>=2017-01-01 sort:created-asc,True,.github/dependabot.yml,2023-05-18T17:58:25Z,a74340efa1948d60c79037dc57ab49dfca4d1ec6,https://github.com/wildfly/jboss-ejb-client/commit/a74340efa1948d60c79037dc57ab49dfca4d1ec6,EJBCLIENT-494 Enable github dependabot (#613)
wildfly/wildfly,https://github.com/wildfly/wildfly,2026-08-14T18:27:12.309589+00:00,ok,,,True,2022-12-15T22:07:21Z,https://github.com/wildfly/wildfly/pull/16384,16384,dependabot,[WFLY-17431] Bump actions/upload-artifact from 2 to 3,app/dependabot,repo:wildfly/wildfly is:pr author:app/dependabot created:>=2017-01-01 sort:created-asc | repo:wildfly/wildfly is:pr author:app/dependabot-preview created:>=2017-01-01 sort:created-asc | repo:wildfly/wildfly is:pr author:dependabot[bot] created:>=2017-01-01 sort:created-asc | repo:wildfly/wildfly is:pr author:dependabot-preview[bot] created:>=2017-01-01 sort:created-asc,True,.github/dependabot.yml,2022-12-13T22:17:09Z,0c0234da2c2eccf75337b05001e65b48845e1042,https://github.com/wildfly/wildfly/commit/0c0234da2c2eccf75337b05001e65b48845e1042,"Add dependabot for GitHub Actions.

Signed-off-by: James R. Perkins <jperkins@redhat.com>"
wildfly/wildfly-core,https://github.com/wildfly/wildfly-core,2026-08-14T18:27:19.455336+00:00,ok,,,True,2020-03-04T22:02:27Z,https://github.com/wildfly/wildfly-core/pull/4090,4090,dependabot,[WFCORE-4864] Bump jackson-databind from 2.9.10.1 to 2.9.10.3,app/dependabot,repo:wildfly/wildfly-core is:pr author:app/dependabot created:>=2017-01-01 sort:created-asc | repo:wildfly/wildfly-core is:pr author:app/dependabot-preview created:>=2017-01-01 sort:created-asc | repo:wildfly/wildfly-core is:pr author:dependabot[bot] created:>=2017-01-01 sort:created-asc | repo:wildfly/wildfly-core is:pr author:dependabot-preview[bot] created:>=2017-01-01 sort:created-asc,True,.github/dependabot.yml,2022-12-20T08:56:00Z,2879262c70eaa9dc3cd7a2d77f33de57a79d46c8,https://github.com/wildfly/wildfly-core/commit/2879262c70eaa9dc3cd7a2d77f33de57a79d46c8,Keeping the actions up to date with Dependabot
wisdom-framework/wisdom,https://github.com/wisdom-framework/wisdom,2026-08-14T18:27:26.698674+00:00,ok,,,True,2019-10-11T13:19:16Z,https://github.com/wisdom-framework/wisdom/pull/574,574,dependabot,Bump httpclient from 4.3.1 to 4.3.6 in /core/wisdom-maven-plugin,app/dependabot,repo:wisdom-framework/wisdom is:pr author:app/dependabot created:>=2017-01-01 sort:created-asc | repo:wisdom-framework/wisdom is:pr author:app/dependabot-preview created:>=2017-01-01 sort:created-asc | repo:wisdom-framework/wisdom is:pr author:dependabot[bot] created:>=2017-01-01 sort:created-asc | repo:wisdom-framework/wisdom is:pr author:dependabot-preview[bot] created:>=2017-01-01 sort:created-asc,False,,,,,
wix/wix-embedded-mysql,https://github.com/wix/wix-embedded-mysql,2026-08-14T18:27:33.145958+00:00,ok,,,False,,,,,,,repo:wix/wix-embedded-mysql is:pr author:app/dependabot created:>=2017-01-01 sort:created-asc | repo:wix/wix-embedded-mysql is:pr author:app/dependabot-preview created:>=2017-01-01 sort:created-asc | repo:wix/wix-embedded-mysql is:pr author:dependabot[bot] created:>=2017-01-01 sort:created-asc | repo:wix/wix-embedded-mysql is:pr author:dependabot-preview[bot] created:>=2017-01-01 sort:created-asc,False,,,,,
woq-blended/blended,https://github.com/woq-blended/blended,2026-08-14T18:27:43.663119+00:00,ok,,,True,2019-07-13T10:17:12Z,https://github.com/woq-blended/blended/pull/120,120,dependabot,Bump lodash from 4.17.11 to 4.17.14,app/dependabot,repo:woq-blended/blended is:pr author:app/dependabot created:>=2017-01-01 sort:created-asc | repo:woq-blended/blended is:pr author:app/dependabot-preview created:>=2017-01-01 sort:created-asc | repo:woq-blended/blended is:pr author:dependabot[bot] created:>=2017-01-01 sort:created-asc | repo:woq-blended/blended is:pr author:dependabot-preview[bot] created:>=2017-01-01 sort:created-asc,False,,,,,
wso2/transport-http,https://github.com/wso2/transport-http,2026-08-14T18:27:49.167778+00:00,ok,,,False,,,,,,,repo:wso2/transport-http is:pr author:app/dependabot created:>=2017-01-01 sort:created-asc | repo:wso2/transport-http is:pr author:app/dependabot-preview created:>=2017-01-01 sort:created-asc | repo:wso2/transport-http is:pr author:dependabot[bot] created:>=2017-01-01 sort:created-asc | repo:wso2/transport-http is:pr author:dependabot-preview[bot] created:>=2017-01-01 sort:created-asc,False,,,,,
wultra/powerauth-cmd-tool,https://github.com/wultra/powerauth-cmd-tool,2026-08-14T18:27:56.205583+00:00,ok,,,True,2020-10-13T06:38:39Z,https://github.com/wultra/powerauth-cmd-tool/pull/174,174,dependabot,Bump junit from 4.13 to 4.13.1 in /powerauth-java-cmd-lib,app/dependabot,repo:wultra/powerauth-cmd-tool is:pr author:app/dependabot created:>=2017-01-01 sort:created-asc | repo:wultra/powerauth-cmd-tool is:pr author:app/dependabot-preview created:>=2017-01-01 sort:created-asc | repo:wultra/powerauth-cmd-tool is:pr author:dependabot[bot] created:>=2017-01-01 sort:created-asc | repo:wultra/powerauth-cmd-tool is:pr author:dependabot-preview[bot] created:>=2017-01-01 sort:created-asc,True,.github/dependabot.yml,2023-02-21T06:16:02Z,20a1e15b697d3458500ed6afdfc9d025ef6957c5,https://github.com/wultra/powerauth-cmd-tool/commit/20a1e15b697d3458500ed6afdfc9d025ef6957c5,Add dependabot configuration
wultra/powerauth-crypto,https://github.com/wultra/powerauth-crypto,2026-08-14T18:28:03.079354+00:00,ok,,,True,2020-10-13T06:49:05Z,https://github.com/wultra/powerauth-crypto/pull/344,344,dependabot,Bump junit from 4.13 to 4.13.1 in /powerauth-java-crypto,app/dependabot,repo:wultra/powerauth-crypto is:pr author:app/dependabot created:>=2017-01-01 sort:created-asc | repo:wultra/powerauth-crypto is:pr author:app/dependabot-preview created:>=2017-01-01 sort:created-asc | repo:wultra/powerauth-crypto is:pr author:dependabot[bot] created:>=2017-01-01 sort:created-asc | repo:wultra/powerauth-crypto is:pr author:dependabot-preview[bot] created:>=2017-01-01 sort:created-asc,True,.github/dependabot.yml,2023-04-26T05:40:14Z,ddf95257c8766f9ae1e04318d7f0896e7d1f42bb,https://github.com/wultra/powerauth-crypto/commit/ddf95257c8766f9ae1e04318d7f0896e7d1f42bb,Add dependabot configuration
wultra/powerauth-push-server,https://github.com/wultra/powerauth-push-server,2026-08-14T18:28:10.988663+00:00,ok,,,True,2023-03-22T05:39:29Z,https://github.com/wultra/powerauth-push-server/pull/590,590,dependabot,Bump maven-enforcer-plugin from 3.1.0 to 3.2.1,app/dependabot,repo:wultra/powerauth-push-server is:pr author:app/dependabot created:>=2017-01-01 sort:created-asc | repo:wultra/powerauth-push-server is:pr author:app/dependabot-preview created:>=2017-01-01 sort:created-asc | repo:wultra/powerauth-push-server is:pr author:dependabot[bot] created:>=2017-01-01 sort:created-asc | repo:wultra/powerauth-push-server is:pr author:dependabot-preview[bot] created:>=2017-01-01 sort:created-asc,True,.github/dependabot.yml,2023-03-21T13:58:57Z,d66e4a803f3420978db4d4a51d9f5a2497e6f021,https://github.com/wultra/powerauth-push-server/commit/d66e4a803f3420978db4d4a51d9f5a2497e6f021,Add dependabot configuration
wz2cool/mybatis-dynamic-query,https://github.com/wz2cool/mybatis-dynamic-query,2026-08-14T18:28:19.074811+00:00,ok,,,True,2019-11-13T05:57:24Z,https://github.com/wz2cool/mybatis-dynamic-query/pull/29,29,dependabot,Bump jackson-databind from 2.9.9 to 2.9.10.1,app/dependabot,repo:wz2cool/mybatis-dynamic-query is:pr author:app/dependabot created:>=2017-01-01 sort:created-asc | repo:wz2cool/mybatis-dynamic-query is:pr author:app/dependabot-preview created:>=2017-01-01 sort:created-asc | repo:wz2cool/mybatis-dynamic-query is:pr author:dependabot[bot] created:>=2017-01-01 sort:created-asc | repo:wz2cool/mybatis-dynamic-query is:pr author:dependabot-preview[bot] created:>=2017-01-01 sort:created-asc,False,,,,,
x-stream/xsite,https://github.com/x-stream/xsite,2026-08-14T18:28:25.593625+00:00,ok,,,True,2020-06-30T22:59:17Z,https://github.com/x-stream/xsite/pull/6,6,dependabot,Bump xstream from 1.4.9 to 1.4.10-java7,app/dependabot,repo:x-stream/xsite is:pr author:app/dependabot created:>=2017-01-01 sort:created-asc | repo:x-stream/xsite is:pr author:app/dependabot-preview created:>=2017-01-01 sort:created-asc | repo:x-stream/xsite is:pr author:dependabot[bot] created:>=2017-01-01 sort:created-asc | repo:x-stream/xsite is:pr author:dependabot-preview[bot] created:>=2017-01-01 sort:created-asc,False,,,,,
xcesco/kripton,https://github.com/xcesco/kripton,2026-08-14T18:28:32.151936+00:00,ok,,,True,2020-10-12T20:10:13Z,https://github.com/xcesco/kripton/pull/65,65,dependabot,Bump junit from 4.12 to 4.13.1 in /kripton-orm,app/dependabot,repo:xcesco/kripton is:pr author:app/dependabot created:>=2017-01-01 sort:created-asc | repo:xcesco/kripton is:pr author:app/dependabot-preview created:>=2017-01-01 sort:created-asc | repo:xcesco/kripton is:pr author:dependabot[bot] created:>=2017-01-01 sort:created-asc | repo:xcesco/kripton is:pr author:dependabot-preview[bot] created:>=2017-01-01 sort:created-asc,False,,,,,
xixifeng/fastquery,https://github.com/xixifeng/fastquery,2026-08-14T18:28:37.701667+00:00,ok,,,True,2020-10-13T06:38:29Z,https://github.com/xixifeng/fastquery/pull/2,2,dependabot,Bump junit from 4.12 to 4.13.1,app/dependabot,repo:xixifeng/fastquery is:pr author:app/dependabot created:>=2017-01-01 sort:created-asc | repo:xixifeng/fastquery is:pr author:app/dependabot-preview created:>=2017-01-01 sort:created-asc | repo:xixifeng/fastquery is:pr author:dependabot[bot] created:>=2017-01-01 sort:created-asc | repo:xixifeng/fastquery is:pr author:dependabot-preview[bot] created:>=2017-01-01 sort:created-asc,False,,,,,
xresch/CoreFramework,https://github.com/xresch/CoreFramework,2026-08-14T18:28:45.368217+00:00,ok,,,True,2020-08-06T09:03:04Z,https://github.com/xresch/CoreFramework/pull/1,1,dependabot,Bump jettyVersion from 9.4.15.v20190215 to 9.4.31.v20200723,app/dependabot,repo:xresch/CoreFramework is:pr author:app/dependabot created:>=2017-01-01 sort:created-asc | repo:xresch/CoreFramework is:pr author:app/dependabot-preview created:>=2017-01-01 sort:created-asc | repo:xresch/CoreFramework is:pr author:dependabot[bot] created:>=2017-01-01 sort:created-asc | repo:xresch/CoreFramework is:pr author:dependabot-preview[bot] created:>=2017-01-01 sort:created-asc,False,,,,,
xtuhcy/gecco,https://github.com/xtuhcy/gecco,2026-08-14T18:28:50.985013+00:00,ok,,,True,2021-03-31T20:30:11Z,https://github.com/xtuhcy/gecco/pull/99,99,dependabot,Bump guava from 27.0.1-jre to 29.0-jre,app/dependabot,repo:xtuhcy/gecco is:pr author:app/dependabot created:>=2017-01-01 sort:created-asc | repo:xtuhcy/gecco is:pr author:app/dependabot-preview created:>=2017-01-01 sort:created-asc | repo:xtuhcy/gecco is:pr author:dependabot[bot] created:>=2017-01-01 sort:created-asc | repo:xtuhcy/gecco is:pr author:dependabot-preview[bot] created:>=2017-01-01 sort:created-asc,False,,,,,
yahoojapan/yosegi,https://github.com/yahoojapan/yosegi,2026-08-14T18:28:57.042964+00:00,ok,,,True,2019-11-13T08:58:17Z,https://github.com/yahoojapan/yosegi/pull/92,92,dependabot,Bump jackson-databind from 2.9.10 to 2.9.10.1,app/dependabot,repo:yahoojapan/yosegi is:pr author:app/dependabot created:>=2017-01-01 sort:created-asc | repo:yahoojapan/yosegi is:pr author:app/dependabot-preview created:>=2017-01-01 sort:created-asc | repo:yahoojapan/yosegi is:pr author:dependabot[bot] created:>=2017-01-01 sort:created-asc | repo:yahoojapan/yosegi is:pr author:dependabot-preview[bot] created:>=2017-01-01 sort:created-asc,False,,,,,
yakaz/elasticsearch-action-updatebyquery,https://github.com/yakaz/elasticsearch-action-updatebyquery,2026-08-14T18:29:04.076724+00:00,ok,,,False,,,,,,,repo:yakaz/elasticsearch-action-updatebyquery is:pr author:app/dependabot created:>=2017-01-01 sort:created-asc | repo:yakaz/elasticsearch-action-updatebyquery is:pr author:app/dependabot-preview created:>=2017-01-01 sort:created-asc | repo:yakaz/elasticsearch-action-updatebyquery is:pr author:dependabot[bot] created:>=2017-01-01 sort:created-asc | repo:yakaz/elasticsearch-action-updatebyquery is:pr author:dependabot-preview[bot] created:>=2017-01-01 sort:created-asc,False,,,,,
yangfuhai/jboot,https://github.com/yangfuhai/jboot,2026-08-14T18:29:09.883545+00:00,ok,,,True,2020-02-04T23:32:43Z,https://github.com/yangfuhai/jboot/pull/80,80,dependabot,Bump shiro-core from 1.3.2 to 1.4.2,app/dependabot,repo:yangfuhai/jboot is:pr author:app/dependabot created:>=2017-01-01 sort:created-asc | repo:yangfuhai/jboot is:pr author:app/dependabot-preview created:>=2017-01-01 sort:created-asc | repo:yangfuhai/jboot is:pr author:dependabot[bot] created:>=2017-01-01 sort:created-asc | repo:yangfuhai/jboot is:pr author:dependabot-preview[bot] created:>=2017-01-01 sort:created-asc,False,,,,,
yegor256/takes,https://github.com/yegor256/takes,2026-08-14T18:29:16.646557+00:00,ok,,,True,2022-11-14T21:19:54Z,https://github.com/yegor256/takes/pull/1180,1180,dependabot,Bump commons-text from 1.9 to 1.10.0,app/dependabot,repo:yegor256/takes is:pr author:app/dependabot created:>=2017-01-01 sort:created-asc | repo:yegor256/takes is:pr author:app/dependabot-preview created:>=2017-01-01 sort:created-asc | repo:yegor256/takes is:pr author:dependabot[bot] created:>=2017-01-01 sort:created-asc | repo:yegor256/takes is:pr author:dependabot-preview[bot] created:>=2017-01-01 sort:created-asc,False,,,,,
yholkamp/jadmin,https://github.com/yholkamp/jadmin,2026-08-14T18:29:22.709279+00:00,ok,,,True,2020-05-21T21:10:35Z,https://github.com/yholkamp/jadmin/pull/7,7,dependabot,Bump htmlunit from 2.35.0 to 2.37.0,app/dependabot,repo:yholkamp/jadmin is:pr author:app/dependabot created:>=2017-01-01 sort:created-asc | repo:yholkamp/jadmin is:pr author:app/dependabot-preview created:>=2017-01-01 sort:created-asc | repo:yholkamp/jadmin is:pr author:dependabot[bot] created:>=2017-01-01 sort:created-asc | repo:yholkamp/jadmin is:pr author:dependabot-preview[bot] created:>=2017-01-01 sort:created-asc,False,,,,,
yildiz-online/module-database-postgresql,https://github.com/yildiz-online/module-database-postgresql,2026-08-14T18:29:28.366578+00:00,ok,,,True,2018-11-19T04:22:25Z,https://github.com/yildiz-online/module-database-postgresql/pull/1,1,dependabot-preview,Bump parent from 2.2.2 to 2.2.4,app/dependabot-preview,repo:yildiz-online/module-database-postgresql is:pr author:app/dependabot created:>=2017-01-01 sort:created-asc | repo:yildiz-online/module-database-postgresql is:pr author:app/dependabot-preview created:>=2017-01-01 sort:created-asc | repo:yildiz-online/module-database-postgresql is:pr author:dependabot[bot] created:>=2017-01-01 sort:created-asc | repo:yildiz-online/module-database-postgresql is:pr author:dependabot-preview[bot] created:>=2017-01-01 sort:created-asc,True,.github/dependabot.yml,2020-07-17T08:37:13Z,4af31b6f9b0f25d3c8544fc63449bcb807c64b67,https://github.com/yildiz-online/module-database-postgresql/commit/4af31b6f9b0f25d3c8544fc63449bcb807c64b67,Create Dependabot config file
yupiik/tools-maven-plugin,https://github.com/yupiik/tools-maven-plugin,2026-08-14T18:29:35.696026+00:00,ok,,,True,2021-08-23T21:31:34Z,https://github.com/yupiik/tools-maven-plugin/pull/4,4,dependabot,Bump jsoup from 1.13.1 to 1.14.2 in /minisite-core,app/dependabot,repo:yupiik/tools-maven-plugin is:pr author:app/dependabot created:>=2017-01-01 sort:created-asc | repo:yupiik/tools-maven-plugin is:pr author:app/dependabot-preview created:>=2017-01-01 sort:created-asc | repo:yupiik/tools-maven-plugin is:pr author:dependabot[bot] created:>=2017-01-01 sort:created-asc | repo:yupiik/tools-maven-plugin is:pr author:dependabot-preview[bot] created:>=2017-01-01 sort:created-asc,False,,,,,
yusuke/twitter4j,https://github.com/yusuke/twitter4j,2026-08-14T18:29:42.906996+00:00,ok,,,False,,,,,,,repo:yusuke/twitter4j is:pr author:app/dependabot created:>=2017-01-01 sort:created-asc | repo:yusuke/twitter4j is:pr author:app/dependabot-preview created:>=2017-01-01 sort:created-asc | repo:yusuke/twitter4j is:pr author:dependabot[bot] created:>=2017-01-01 sort:created-asc | repo:yusuke/twitter4j is:pr author:dependabot-preview[bot] created:>=2017-01-01 sort:created-asc,False,,,,,
zalando-nakadi/fahrschein,https://github.com/zalando-nakadi/fahrschein,2026-08-14T18:29:51.422946+00:00,ok,,,True,2020-10-13T08:15:48Z,https://github.com/zalando-nakadi/fahrschein/pull/242,242,dependabot,Bump junit from 4.12 to 4.13.1 in /fahrschein-test-support,app/dependabot,repo:zalando-nakadi/fahrschein is:pr author:app/dependabot created:>=2017-01-01 sort:created-asc | repo:zalando-nakadi/fahrschein is:pr author:app/dependabot-preview created:>=2017-01-01 sort:created-asc | repo:zalando-nakadi/fahrschein is:pr author:dependabot[bot] created:>=2017-01-01 sort:created-asc | repo:zalando-nakadi/fahrschein is:pr author:dependabot-preview[bot] created:>=2017-01-01 sort:created-asc,False,,,,,
zalando/jackson-datatype-money,https://github.com/zalando/jackson-datatype-money,2026-08-14T18:29:58.116704+00:00,ok,,,True,2018-05-14T07:14:58Z,https://github.com/zalando/jackson-datatype-money/pull/85,85,dependabot-preview,Bump org.apache.maven.plugins:maven-surefire-plugin from 2.19.1 to 2.21.0,app/dependabot-preview,repo:zalando/jackson-datatype-money is:pr author:app/dependabot created:>=2017-01-01 sort:created-asc | repo:zalando/jackson-datatype-money is:pr author:app/dependabot-preview created:>=2017-01-01 sort:created-asc | repo:zalando/jackson-datatype-money is:pr author:dependabot[bot] created:>=2017-01-01 sort:created-asc | repo:zalando/jackson-datatype-money is:pr author:dependabot-preview[bot] created:>=2017-01-01 sort:created-asc,True,.github/dependabot.yml,2021-05-03T08:50:45Z,d7e52e2733e17edb138965c159ac1494d2a18f77,https://github.com/zalando/jackson-datatype-money/commit/d7e52e2733e17edb138965c159ac1494d2a18f77,"Upgrade to GitHub-native Dependabot (#291)

Co-authored-by: dependabot-preview[bot] <27856297+dependabot-preview[bot]@users.noreply.github.com>"
zalando/logbook,https://github.com/zalando/logbook,2026-08-14T18:30:05.724602+00:00,ok,,,True,2018-05-14T07:16:50Z,https://github.com/zalando/logbook/pull/238,238,dependabot-preview,Bump org.zalando:faux-pas from 0.3.1 to 0.7.0,app/dependabot-preview,repo:zalando/logbook is:pr author:app/dependabot created:>=2017-01-01 sort:created-asc | repo:zalando/logbook is:pr author:app/dependabot-preview created:>=2017-01-01 sort:created-asc | repo:zalando/logbook is:pr author:dependabot[bot] created:>=2017-01-01 sort:created-asc | repo:zalando/logbook is:pr author:dependabot-preview[bot] created:>=2017-01-01 sort:created-asc,True,.github/dependabot.yml,2021-05-03T08:48:51Z,4e2a3b7f307a6e7c720a6f1b8a6de820d08f47d0,https://github.com/zalando/logbook/commit/4e2a3b7f307a6e7c720a6f1b8a6de820d08f47d0,"Upgrade to GitHub-native Dependabot (#1014)

Co-authored-by: dependabot-preview[bot] <27856297+dependabot-preview[bot]@users.noreply.github.com>"
zalando/problem-spring-web,https://github.com/zalando/problem-spring-web,2026-08-14T18:30:14.212605+00:00,ok,,,True,2018-05-14T07:16:10Z,https://github.com/zalando/problem-spring-web/pull/141,141,dependabot-preview,Bump org.owasp:dependency-check-maven from 3.1.1 to 3.1.2,app/dependabot-preview,repo:zalando/problem-spring-web is:pr author:app/dependabot created:>=2017-01-01 sort:created-asc | repo:zalando/problem-spring-web is:pr author:app/dependabot-preview created:>=2017-01-01 sort:created-asc | repo:zalando/problem-spring-web is:pr author:dependabot[bot] created:>=2017-01-01 sort:created-asc | repo:zalando/problem-spring-web is:pr author:dependabot-preview[bot] created:>=2017-01-01 sort:created-asc,True,.github/dependabot.yml,2021-05-03T09:57:35Z,aa95468e00f668033dd51789cef010a204f0ee3c,https://github.com/zalando/problem-spring-web/commit/aa95468e00f668033dd51789cef010a204f0ee3c,"Upgrade to GitHub-native Dependabot (#624)

* Upgrade to GitHub-native Dependabot

* Update dependabot.yml

Co-authored-by: dependabot-preview[bot] <27856297+dependabot-preview[bot]@users.noreply.github.com>
Co-authored-by: Willi Schönborn <w.schoenborn@gmail.com>"
zalando/riptide,https://github.com/zalando/riptide,2026-08-14T18:30:20.457244+00:00,ok,,,True,2018-05-14T07:21:16Z,https://github.com/zalando/riptide/pull/354,354,dependabot-preview,Bump org.zalando:faux-pas from 0.5.0 to 0.7.0,app/dependabot-preview,repo:zalando/riptide is:pr author:app/dependabot created:>=2017-01-01 sort:created-asc | repo:zalando/riptide is:pr author:app/dependabot-preview created:>=2017-01-01 sort:created-asc | repo:zalando/riptide is:pr author:dependabot[bot] created:>=2017-01-01 sort:created-asc | repo:zalando/riptide is:pr author:dependabot-preview[bot] created:>=2017-01-01 sort:created-asc,True,.github/dependabot.yml,2021-04-28T21:37:34Z,617d0de4fb45a10018dd495a4e06da8de8d0b3f9,https://github.com/zalando/riptide/commit/617d0de4fb45a10018dd495a4e06da8de8d0b3f9,Upgrade to GitHub-native Dependabot
zebrunner/carina,https://github.com/zebrunner/carina,2026-08-14T18:30:28.123287+00:00,ok,,,True,2019-10-29T17:46:26Z,https://github.com/zebrunner/carina/pull/838,838,dependabot,Bump netty-all from 4.1.17.Final to 4.1.42.Final in /carina-proxy,app/dependabot,repo:zebrunner/carina is:pr author:app/dependabot created:>=2017-01-01 sort:created-asc | repo:zebrunner/carina is:pr author:app/dependabot-preview created:>=2017-01-01 sort:created-asc | repo:zebrunner/carina is:pr author:dependabot[bot] created:>=2017-01-01 sort:created-asc | repo:zebrunner/carina is:pr author:dependabot-preview[bot] created:>=2017-01-01 sort:created-asc,False,,,,,
zeebe-io/zeebe-kafka-exporter,https://github.com/zeebe-io/zeebe-kafka-exporter,2026-08-14T18:30:33.734231+00:00,ok,,,False,,,,,,,repo:zeebe-io/zeebe-kafka-exporter is:pr author:app/dependabot created:>=2017-01-01 sort:created-asc | repo:zeebe-io/zeebe-kafka-exporter is:pr author:app/dependabot-preview created:>=2017-01-01 sort:created-asc | repo:zeebe-io/zeebe-kafka-exporter is:pr author:dependabot[bot] created:>=2017-01-01 sort:created-asc | repo:zeebe-io/zeebe-kafka-exporter is:pr author:dependabot-preview[bot] created:>=2017-01-01 sort:created-asc,True,.github/dependabot.yml,2020-11-19T09:52:51Z,e03842060fb1b735324d5adb4ac6bf596ebca381,https://github.com/camunda-community-hub/zeebe-kafka-exporter/commit/e03842060fb1b735324d5adb4ac6bf596ebca381,chore(ci): introduce native dependabot
zenbones/SmallMind,https://github.com/zenbones/SmallMind,2026-08-14T18:30:43.146879+00:00,ok,,,True,2019-10-29T13:26:47Z,https://github.com/zenbones/SmallMind/pull/1,1,dependabot,Bump netty-all from 4.1.32.Final to 4.1.42.Final,app/dependabot,repo:zenbones/SmallMind is:pr author:app/dependabot created:>=2017-01-01 sort:created-asc | repo:zenbones/SmallMind is:pr author:app/dependabot-preview created:>=2017-01-01 sort:created-asc | repo:zenbones/SmallMind is:pr author:dependabot[bot] created:>=2017-01-01 sort:created-asc | repo:zenbones/SmallMind is:pr author:dependabot-preview[bot] created:>=2017-01-01 sort:created-asc,False,,,,,
zhou-dong/aerospike-hadoop,https://github.com/zhou-dong/aerospike-hadoop,2026-08-14T18:30:49.155898+00:00,ok,,,False,,,,,,,repo:zhou-dong/aerospike-hadoop is:pr author:app/dependabot created:>=2017-01-01 sort:created-asc | repo:zhou-dong/aerospike-hadoop is:pr author:app/dependabot-preview created:>=2017-01-01 sort:created-asc | repo:zhou-dong/aerospike-hadoop is:pr author:dependabot[bot] created:>=2017-01-01 sort:created-asc | repo:zhou-dong/aerospike-hadoop is:pr author:dependabot-preview[bot] created:>=2017-01-01 sort:created-asc,False,,,,,
zonkyio/embedded-postgres,https://github.com/zonkyio/embedded-postgres,2026-08-14T18:30:54.916314+00:00,ok,,,False,,,,,,,repo:zonkyio/embedded-postgres is:pr author:app/dependabot created:>=2017-01-01 sort:created-asc | repo:zonkyio/embedded-postgres is:pr author:app/dependabot-preview created:>=2017-01-01 sort:created-asc | repo:zonkyio/embedded-postgres is:pr author:dependabot[bot] created:>=2017-01-01 sort:created-asc | repo:zonkyio/embedded-postgres is:pr author:dependabot-preview[bot] created:>=2017-01-01 sort:created-asc,True,.github/dependabot.yml,2024-07-13T12:07:23Z,41d1f3c86e9fac53cd2238b1d92964c7a0e699c3,https://github.com/zonkyio/embedded-postgres/commit/41d1f3c86e9fac53cd2238b1d92964c7a0e699c3,chore(deps): Update dependencies
zutnop/telekom-workflow-engine,https://github.com/zutnop/telekom-workflow-engine,2026-08-14T18:31:01.673818+00:00,ok,,,True,2019-10-30T21:38:07Z,https://github.com/zutnop/telekom-workflow-engine/pull/16,16,dependabot,Bump spring.version from 4.2.5.RELEASE to 5.2.0.RELEASE in /telekom-workflow-engine,app/dependabot,repo:zutnop/telekom-workflow-engine is:pr author:app/dependabot created:>=2017-01-01 sort:created-asc | repo:zutnop/telekom-workflow-engine is:pr author:app/dependabot-preview created:>=2017-01-01 sort:created-asc | repo:zutnop/telekom-workflow-engine is:pr author:dependabot[bot] created:>=2017-01-01 sort:created-asc | repo:zutnop/telekom-workflow-engine is:pr author:dependabot-preview[bot] created:>=2017-01-01 sort:created-asc,False,,,,,
