repo,repo_url,uses_dependabot_ever,dependabot_usage_type_ever,dependabot_lifecycle,security_first_version_later_ever,has_dependabot_pr,first_dependabot_pr_date,first_dependabot_pr_url,first_dependabot_pr_number,first_dependabot_pr_author,first_dependabot_pr_title,has_dependabot_config,dependabot_config_path,dependabot_config_created_date,dependabot_config_created_sha,dependabot_config_created_url,days_security_to_version,mined_at_utc
42BV/jarb,https://github.com/42BV/jarb,True,security_updates_only,security_only_ever,False,True,2020-01-21T21:11:51Z,https://github.com/42BV/jarb/pull/53,53.0,dependabot,Bump spring.version from 5.1.3.RELEASE to 5.2.3.RELEASE,False,,,,,,2026-08-14T17:00:36.520962+00:00
52North/arctic-sea,https://github.com/52North/arctic-sea,True,both_security_and_version_updates,security_then_version,True,True,2019-08-01T21:59:32Z,https://github.com/52North/arctic-sea/pull/47,47.0,dependabot,Bump version.jackson from 2.9.9 to 2.10.0.pr1,True,.github/dependabot.yml,2021-04-29T15:25:46Z,fe7416a0a9a56c960616fe58de41f1e5b0e19049,https://github.com/52North/arctic-sea/commit/fe7416a0a9a56c960616fe58de41f1e5b0e19049,636.726550925926,2026-08-14T17:00:42.593324+00:00
52North/series-hibernate,https://github.com/52North/series-hibernate,True,version_updates_config_only,version_config_only_ever,False,False,,,,,,True,.github/dependabot.yml,2021-04-29T15:25:57Z,924fab33f054d8521a2e2ade95609ec9f0aba51b,https://github.com/52North/sensorweb-server-db-model/commit/924fab33f054d8521a2e2ade95609ec9f0aba51b,,2026-08-14T17:00:50.205286+00:00
6tail/nlf2-maven,https://github.com/6tail/nlf2-maven,True,security_updates_only,security_only_ever,False,True,2019-10-29T21:06:00Z,https://github.com/6tail/nlf2-maven/pull/1,1.0,dependabot,Bump c3p0 from 0.9.5.2 to 0.9.5.4 in /nlf2-plugin-c3p0,False,,,,,,2026-08-14T17:00:59.268097+00:00
88250/latke,https://github.com/88250/latke,True,security_updates_only,security_only_ever,False,True,2021-02-08T21:25:30Z,https://github.com/88250/latke/pull/37,37.0,dependabot,⬆️ Bump netty.version from 4.1.49.Final to 4.1.59.Final,False,,,,,,2026-08-14T17:01:06.101623+00:00
AKSW/jena-sparql-api,https://github.com/AKSW/jena-sparql-api,False,not_using_dependabot,never_detected,False,False,,,,,,False,,,,,,2026-08-14T17:01:12.368343+00:00
Activiti/Activiti,https://github.com/Activiti/Activiti,True,both_security_and_version_updates,security_then_version,True,True,2020-01-26T14:06:00Z,https://github.com/Activiti/Activiti/pull/3100,3100.0,dependabot-preview,Bump batik.version from 1.10 to 1.12,True,.github/dependabot.yml,2021-01-19T17:59:56Z,e021dd1fe29bda212a9f95c14679a3011744edcd,https://github.com/Activiti/Activiti/commit/e021dd1fe29bda212a9f95c14679a3011744edcd,359.1624537037037,2026-08-14T17:01:21.642048+00:00
AlejandroRivera/embedded-rabbitmq,https://github.com/AlejandroRivera/embedded-rabbitmq,True,security_updates_only,security_only_ever,False,True,2019-11-02T17:43:58Z,https://github.com/AlejandroRivera/embedded-rabbitmq/pull/56,56.0,dependabot,Bump checkstyle from 6.19 to 8.18,False,,,,,,2026-08-14T17:01:29.552808+00:00
AmyAssist/Amy,https://github.com/AmyAssist/Amy,True,security_updates_only,security_only_ever,False,True,2019-09-17T22:49:15Z,https://github.com/AmyAssist/Amy/pull/550,550.0,dependabot,Bump org.eclipse.paho.client.mqttv3 from 1.2.0 to 1.2.1 in /amy-message-hub,False,,,,,,2026-08-14T17:01:35.317364+00:00
AquaticInformatics/aquarius-sdk-java,https://github.com/AquaticInformatics/aquarius-sdk-java,True,security_updates_only,security_only_ever,False,True,2020-10-13T09:33:05Z,https://github.com/AquaticInformatics/aquarius-sdk-java/pull/132,132.0,dependabot,Bump junit from 4.12 to 4.13.1,False,,,,,,2026-08-14T17:01:42.257763+00:00
ArcBees/GWTP,https://github.com/ArcBees/GWTP,False,not_using_dependabot,never_detected,False,False,,,,,,False,,,,,,2026-08-14T17:01:48.644191+00:00
ArcadeData/arcade-connectors,https://github.com/ArcadeData/arcade-connectors,True,both_security_and_version_updates,security_then_version,True,True,2019-02-18T21:16:18Z,https://github.com/ArcadeData/arcade-connectors/pull/1,1.0,dependabot-preview,Bump orientdb-gremlin from 3.0.13 to 3.0.15,True,.github/dependabot.yml,2020-09-19T10:58:19Z,93f93acab75d87fdb4f2cff63945cda567ff3d58,https://github.com/ArcadeData/arcade-connectors/commit/93f93acab75d87fdb4f2cff63945cda567ff3d58,578.5708449074074,2026-08-14T17:01:54.325446+00:00
AsyncHttpClient/async-http-client,https://github.com/AsyncHttpClient/async-http-client,True,both_security_and_version_updates,security_then_version,True,True,2023-03-06T09:22:14Z,https://github.com/AsyncHttpClient/async-http-client/pull/1854,1854.0,dependabot,Bump commons-fileupload from 1.4 to 1.5 in /client,True,.github/dependabot.yml,2024-08-21T17:07:31Z,fca9c6732838b3817a5ecca2b0aadcd6a62bd385,https://github.com/AsyncHttpClient/async-http-client/commit/fca9c6732838b3817a5ecca2b0aadcd6a62bd385,534.323113425926,2026-08-14T17:02:01.541124+00:00
AthenZ/athenz,https://github.com/AthenZ/athenz,True,security_updates_only,security_only_ever,False,True,2019-11-13T07:59:41Z,https://github.com/AthenZ/athenz/pull/817,817.0,dependabot,Bump jackson-databind from 2.9.9.3 to 2.9.10.1 in /examples/java/instance-provider/provider,False,,,,,,2026-08-14T17:02:09.030092+00:00
AxonFramework/AxonFramework,https://github.com/AxonFramework/AxonFramework,True,version_updates_config_only,version_config_only_ever,False,False,,,,,,True,.github/dependabot.yml,2020-10-09T13:10:54Z,5619039461b68c6541ec1798ea59d780ac619c20,https://github.com/AxonIQ/AxonFramework/commit/5619039461b68c6541ec1798ea59d780ac619c20,,2026-08-14T17:02:15.482146+00:00
Axway/ats-framework,https://github.com/Axway/ats-framework,True,security_updates_only,security_only_ever,False,True,2020-01-31T18:16:00Z,https://github.com/Axway/ats-framework/pull/23,23.0,dependabot,Bump checkstyle from 8.19 to 8.29,False,,,,,,2026-08-14T17:02:24.443309+00:00
Azure/azure-sdk-for-java,https://github.com/Azure/azure-sdk-for-java,True,security_updates_only,security_only_ever,False,True,2020-10-12T18:00:08Z,https://github.com/Azure/azure-sdk-for-java/pull/16196,16196.0,dependabot,Bump junit from 4.13 to 4.13.1 in /sdk/loganalytics/microsoft-azure-loganalytics,False,,,,,,2026-08-14T17:02:31.151569+00:00
Baidu-ecom/Jprotobuf-rpc-socket,https://github.com/Baidu-ecom/Jprotobuf-rpc-socket,False,not_using_dependabot,never_detected,False,False,,,,,,False,,,,,,2026-08-14T17:02:37.587755+00:00
BaseXdb/basex,https://github.com/BaseXdb/basex,True,both_security_and_version_updates,security_then_version,True,True,2020-11-06T12:19:45Z,https://github.com/BaseXdb/basex/pull/1953,1953.0,dependabot,Bump jettyVersion from 9.4.31.v20200723 to 9.4.34.v20201102,True,.github/dependabot.yml,2025-07-31T14:49:04Z,d17d4d3b86eab0ce6f061a6dc196982b98306560,https://github.com/BaseXdb/basex/commit/d17d4d3b86eab0ce6f061a6dc196982b98306560,1728.1036921296297,2026-08-14T17:02:49.337759+00:00
Bedework/bw-calendar-engine,https://github.com/Bedework/bw-calendar-engine,True,security_updates_only,security_only_ever,False,True,2019-11-02T19:53:46Z,https://github.com/Bedework/bw-calendar-engine/pull/5,5.0,dependabot,Bump jackson.version from 2.9.8 to 2.10.0,False,,,,,,2026-08-14T17:02:55.679482+00:00
Bedework/bw-event-registration,https://github.com/Bedework/bw-event-registration,True,security_updates_only,security_only_ever,False,True,2019-11-02T19:54:02Z,https://github.com/Bedework/bw-event-registration/pull/1,1.0,dependabot,Bump spring.version from 3.0.5.RELEASE to 5.2.1.RELEASE,False,,,,,,2026-08-14T17:03:01.293844+00:00
Bedework/bw-synch,https://github.com/Bedework/bw-synch,True,security_updates_only,security_only_ever,False,True,2020-06-15T20:54:48Z,https://github.com/Bedework/bw-synch/pull/1,1.0,dependabot,Bump commons-collections4 from 4.0 to 4.1 in /bw-synch-ear,False,,,,,,2026-08-14T17:03:07.846455+00:00
BroadleafCommerce/BroadleafCommerce,https://github.com/BroadleafCommerce/BroadleafCommerce,True,security_updates_only,security_only_ever,False,True,2019-12-20T16:06:23Z,https://github.com/BroadleafCommerce/BroadleafCommerce/pull/2212,2212.0,dependabot,Bump spring.security.version from 5.0.12.RELEASE to 5.2.1.RELEASE,False,,,,,,2026-08-14T17:03:14.806443+00:00
BrunoEberhard/minimal-j,https://github.com/BrunoEberhard/minimal-j,True,security_updates_only,security_only_ever,False,True,2020-06-06T05:25:38Z,https://github.com/BrunoEberhard/minimal-j/pull/26,26.0,dependabot,Bump ignite-core from 2.6.0 to 2.8.1 in /ext/ignite,False,,,,,,2026-08-14T17:03:21.830254+00:00
Bynder/bynder-java-sdk,https://github.com/Bynder/bynder-java-sdk,True,security_updates_only,security_only_ever,False,True,2020-10-13T01:21:23Z,https://github.com/Bynder/bynder-java-sdk/pull/35,35.0,dependabot,Bump junit from 4.13 to 4.13.1,False,,,,,,2026-08-14T17:03:27.295824+00:00
CAFAudit/audit-service,https://github.com/CAFAudit/audit-service,True,security_updates_only,security_only_ever,False,True,2020-02-07T15:12:07Z,https://github.com/CAFAudit/audit-service/pull/89,89.0,dependabot,Bump spring-version from 5.0.4.RELEASE to 5.2.3.RELEASE,False,,,,,,2026-08-14T17:03:32.981183+00:00
Captain-P-Goldfish/SCIM,https://github.com/Captain-P-Goldfish/SCIM,True,version_updates_config_only,version_config_only_ever,False,False,,,,,,True,.github/dependabot.yml,2020-06-26T16:46:55Z,a26e96b5837d8ba1702351cef61b78200ceb315d,https://github.com/Captain-P-Goldfish/SCIM-SDK/commit/a26e96b5837d8ba1702351cef61b78200ceb315d,,2026-08-14T17:03:40.318340+00:00
CloudSlang/cloud-slang,https://github.com/CloudSlang/cloud-slang,True,security_updates_only,security_only_ever,False,True,2019-11-05T14:17:28Z,https://github.com/CloudSlang/cloud-slang/pull/1120,1120.0,dependabot,Bump checkstyle from 6.19 to 8.18,False,,,,,,2026-08-14T17:03:49.186972+00:00
CloudSlang/cs-actions,https://github.com/CloudSlang/cs-actions,True,security_updates_only,security_only_ever,False,True,2019-11-13T04:46:05Z,https://github.com/CloudSlang/cs-actions/pull/509,509.0,dependabot,Bump jackson-databind from 2.9.5 to 2.9.10.1 in /cs-vmware,False,,,,,,2026-08-14T17:03:56.086182+00:00
CloudSlang/score,https://github.com/CloudSlang/score,True,security_updates_only,security_only_ever,False,True,2019-11-13T03:22:08Z,https://github.com/CloudSlang/score/pull/236,236.0,dependabot,Bump jackson-databind from 2.9.8 to 2.9.10.1,False,,,,,,2026-08-14T17:04:02.522872+00:00
Comcast/jrugged,https://github.com/Comcast/jrugged,True,security_updates_only,security_only_ever,False,True,2020-10-13T00:33:20Z,https://github.com/Comcast/jrugged/pull/75,75.0,dependabot,Bump junit from 4.7 to 4.13.1,False,,,,,,2026-08-14T17:04:07.862757+00:00
ConsumerDataStandardsAustralia/java-artefacts,https://github.com/ConsumerDataStandardsAustralia/java-artefacts,False,not_using_dependabot,never_detected,False,False,,,,,,False,,,,,,2026-08-14T17:04:15.307038+00:00
Contrast-Security-OSS/contrast-maven-plugin,https://github.com/Contrast-Security-OSS/contrast-maven-plugin,True,security_updates_only,security_only_ever,False,True,2020-10-12T20:25:38Z,https://github.com/Contrast-Security-OSS/contrast-maven-plugin/pull/26,26.0,dependabot,Bump junit from 4.8.2 to 4.13.1,False,,,,,,2026-08-14T17:04:22.864421+00:00
Coreoz/Wisp,https://github.com/Coreoz/Wisp,True,security_updates_only,security_only_ever,False,True,2020-10-12T19:51:22Z,https://github.com/Coreoz/Wisp/pull/10,10.0,dependabot,Bump junit from 4.12 to 4.13.1,False,,,,,,2026-08-14T17:04:29.336705+00:00
Crim/pardot-java-client,https://github.com/Crim/pardot-java-client,True,security_updates_only,security_only_ever,False,True,2019-10-29T14:44:56Z,https://github.com/Crim/pardot-java-client/pull/30,30.0,dependabot,Bump jackson.version from 2.9.9 to 2.10.0,False,,,,,,2026-08-14T17:04:36.186246+00:00
CyberSource/cybersource-sdk-java,https://github.com/CyberSource/cybersource-sdk-java,True,security_updates_only,security_only_ever,False,True,2020-10-13T06:47:54Z,https://github.com/CyberSource/cybersource-sdk-java/pull/150,150.0,dependabot,Bump junit from 4.12 to 4.13.1 in /java,False,,,,,,2026-08-14T17:04:42.158941+00:00
CycloneDX/cyclonedx-core-java,https://github.com/CycloneDX/cyclonedx-core-java,True,both_security_and_version_updates,security_then_version,True,True,2019-09-08T07:33:36Z,https://github.com/CycloneDX/cyclonedx-core-java/pull/10,10.0,dependabot-preview,Bump maven-gpg-plugin from 1.5 to 1.6,True,.github/dependabot.yml,2020-11-19T03:46:36Z,0b6bc78992302cd14ff952d518bcab5a25beb7eb,https://github.com/CycloneDX/cyclonedx-core-java/commit/0b6bc78992302cd14ff952d518bcab5a25beb7eb,437.84236111111113,2026-08-14T17:04:48.857758+00:00
DDTH/ddth-commons,https://github.com/DDTH/ddth-commons,True,security_updates_only,security_only_ever,False,True,2019-10-29T21:14:20Z,https://github.com/DDTH/ddth-commons/pull/1,1.0,dependabot,Bump version.jackson from 2.9.8 to 2.10.0,False,,,,,,2026-08-14T17:04:56.514096+00:00
DSpace/DSpace,https://github.com/DSpace/DSpace,True,both_security_and_version_updates,security_then_version,True,True,2019-11-07T16:03:27Z,https://github.com/DSpace/DSpace/pull/2569,2569.0,dependabot,Bump nimbus-jose-jwt from 6.2 to 7.9 in /dspace-server-webapp,True,.github/dependabot.yml,2024-10-28T19:55:30Z,29e487e1d30a377be3a1f746c05ede0ef339ca0e,https://github.com/DSpace/DSpace/commit/29e487e1d30a377be3a1f746c05ede0ef339ca0e,1817.1611458333334,2026-08-14T17:05:03.191396+00:00
DataSketches/sketches-hive,https://github.com/DataSketches/sketches-hive,False,not_using_dependabot,never_detected,False,False,,,,,,False,,,,,,2026-08-14T17:05:10.486316+00:00
DataSketches/sketches-pig,https://github.com/DataSketches/sketches-pig,False,not_using_dependabot,never_detected,False,False,,,,,,False,,,,,,2026-08-14T17:05:19.265775+00:00
DataSystemsLab/GeoSpark,https://github.com/DataSystemsLab/GeoSpark,True,version_updates_config_only,version_config_only_ever,False,False,,,,,,True,.github/dependabot.yml,2023-11-10T07:00:19Z,3e5f30b52ce64392d75ed37a70d8aea8946261e7,https://github.com/apache/sedona/commit/3e5f30b52ce64392d75ed37a70d8aea8946261e7,,2026-08-14T17:05:26.403558+00:00
DigitalPebble/storm-crawler,https://github.com/DigitalPebble/storm-crawler,True,version_updates_config_only,version_config_only_ever,False,False,,,,,,True,.github/dependabot.yml,2024-09-05T17:15:56Z,2752788ae3351fa612164225b965e96ae37046b2,https://github.com/apache/stormcrawler/commit/2752788ae3351fa612164225b965e96ae37046b2,,2026-08-14T17:05:35.277333+00:00
DisneyStudios/cucumber-slices-maven-plugin,https://github.com/DisneyStudios/cucumber-slices-maven-plugin,True,security_updates_only,security_only_ever,False,True,2020-12-09T19:07:36Z,https://github.com/DisneyStudios/cucumber-slices-maven-plugin/pull/1,1.0,dependabot,Bump groovy.version from 2.5.4 to 3.0.7,False,,,,,,2026-08-14T17:05:44.657973+00:00
Dreamroute/locker,https://github.com/Dreamroute/locker,True,security_updates_only,security_only_ever,False,True,2020-07-01T18:42:18Z,https://github.com/Dreamroute/locker/pull/37,37.0,dependabot,build(deps): bump mysql-connector-java from 5.1.23 to 8.0.16,False,,,,,,2026-08-14T17:05:50.414442+00:00
Erudika/para,https://github.com/Erudika/para,True,security_updates_only,security_only_ever,False,True,2020-06-06T05:29:43Z,https://github.com/Erudika/para/pull/72,72.0,dependabot,Bump springSecVer from 5.3.2.RELEASE to 5.3.3.RELEASE in /para-server,False,,,,,,2026-08-14T17:05:57.317562+00:00
EvoSuite/evosuite,https://github.com/EvoSuite/evosuite,True,security_updates_only,security_only_ever,False,True,2019-10-29T13:54:41Z,https://github.com/EvoSuite/evosuite/pull/274,274.0,dependabot,Bump xstream from 1.4.10 to 1.4.10-java7,False,,,,,,2026-08-14T17:06:03.114901+00:00
ExpediaGroup/circus-train,https://github.com/ExpediaGroup/circus-train,True,security_updates_only,security_only_ever,False,True,2019-08-02T10:40:59Z,https://github.com/ExpediaGroup/circus-train/pull/137,137.0,dependabot,Bump jackson.version from 2.9.9 to 2.10.0.pr1,False,,,,,,2026-08-14T17:06:08.570106+00:00
ExpediaGroup/waggle-dance,https://github.com/ExpediaGroup/waggle-dance,True,security_updates_only,security_only_ever,False,True,2021-04-26T18:26:22Z,https://github.com/ExpediaGroup/waggle-dance/pull/220,220.0,dependabot,Bump commons-io from 2.6 to 2.7,False,,,,,,2026-08-14T17:06:15.148933+00:00
FelixGail/gplaymusic,https://github.com/FelixGail/gplaymusic,True,security_updates_only,security_only_ever,False,True,2020-10-13T06:38:54Z,https://github.com/FelixGail/gplaymusic/pull/67,67.0,dependabot,Bump junit from 4.12 to 4.13.1,False,,,,,,2026-08-14T17:06:21.003452+00:00
GSI-CS-CO/chart-fx,https://github.com/GSI-CS-CO/chart-fx,False,not_using_dependabot,never_detected,False,False,,,,,,False,,,,,,2026-08-14T17:06:26.156935+00:00
GateNLP/gate-core,https://github.com/GateNLP/gate-core,True,security_updates_only,security_only_ever,False,True,2019-11-13T07:19:11Z,https://github.com/GateNLP/gate-core/pull/96,96.0,dependabot,Bump jackson-databind from 2.9.10 to 2.9.10.1,False,,,,,,2026-08-14T17:06:34.580286+00:00
GeoDienstenCentrum/schemaspy-maven-plugin,https://github.com/GeoDienstenCentrum/schemaspy-maven-plugin,True,both_security_and_version_updates,security_then_version,True,True,2018-03-28T12:24:49Z,https://github.com/GeoDienstenCentrum/schemaspy-maven-plugin/pull/1,1.0,dependabot-preview,Bump org.jacoco:jacoco-maven-plugin from 0.8.0 to 0.8.1,True,.github/dependabot.yml,2020-06-22T07:34:27Z,68be6a15e5d341600737f008e83169cef0094ad7,https://github.com/GeoDienstenCentrum/schemaspy-maven-plugin/commit/68be6a15e5d341600737f008e83169cef0094ad7,816.7983564814815,2026-08-14T17:06:40.808041+00:00
GojaFramework/goja,https://github.com/GojaFramework/goja,False,not_using_dependabot,never_detected,False,False,,,,,,False,,,,,,2026-08-14T17:06:48.855897+00:00
GoogleCloudPlatform/bigdata-interop,https://github.com/GoogleCloudPlatform/bigdata-interop,False,not_using_dependabot,never_detected,False,False,,,,,,False,,,,,,2026-08-14T17:06:55.702956+00:00
GraphWalker/graphwalker-project,https://github.com/GraphWalker/graphwalker-project,True,security_updates_only,security_only_ever,False,True,2020-05-08T18:55:47Z,https://github.com/GraphWalker/graphwalker-project/pull/236,236.0,dependabot,Bump Java-WebSocket from 1.4.0 to 1.5.0,False,,,,,,2026-08-14T17:07:04.091381+00:00
Graylog2/graylog2-server,https://github.com/Graylog2/graylog2-server,True,both_security_and_version_updates,security_then_version,True,True,2018-12-02T09:23:19Z,https://github.com/Graylog2/graylog2-server/pull/5343,5343.0,dependabot-preview,Bump jersey-bom from 2.25.1 to 2.27,True,.github/dependabot.yml,2020-12-01T13:00:53Z,0ed26ac8dea804c6bc05bd7f752510e8f8ab859a,https://github.com/Graylog2/graylog2-server/commit/0ed26ac8dea804c6bc05bd7f752510e8f8ab859a,730.151087962963,2026-08-14T17:07:11.211319+00:00
HotelsDotCom/beeju,https://github.com/HotelsDotCom/beeju,False,not_using_dependabot,never_detected,False,False,,,,,,False,,,,,,2026-08-14T17:07:18.456111+00:00
HotelsDotCom/corc,https://github.com/HotelsDotCom/corc,False,not_using_dependabot,never_detected,False,False,,,,,,False,,,,,,2026-08-14T17:07:27.459331+00:00
HotelsDotCom/data-highway,https://github.com/HotelsDotCom/data-highway,False,not_using_dependabot,never_detected,False,False,,,,,,False,,,,,,2026-08-14T17:07:36.218331+00:00
Huanying04/jixiv,https://github.com/Huanying04/jixiv,False,not_using_dependabot,never_detected,False,False,,,,,,False,,,,,,2026-08-14T17:07:44.861921+00:00
Huluvu424242/plantuml-maven-plugin,https://github.com/Huluvu424242/plantuml-maven-plugin,True,both_security_and_version_updates,same_day_security_and_version,False,True,2022-12-28T10:48:54Z,https://github.com/Huluvu424242/plantuml-maven-plugin/pull/39,39.0,dependabot,Bump maven-surefire-plugin from 3.0.0-M3 to 3.0.0-M7,True,.github/dependabot.yml,2022-12-28T10:48:36Z,14fe796980de8e8e6548c4589119434c41fdf580,https://github.com/Huluvu424242/plantuml-maven-plugin/commit/14fe796980de8e8e6548c4589119434c41fdf580,,2026-08-14T17:07:50.230452+00:00
ICIJ/extract,https://github.com/ICIJ/extract,True,security_updates_only,security_only_ever,False,True,2020-01-28T22:36:08Z,https://github.com/ICIJ/extract/pull/17,17.0,dependabot,Bump solr.version from 8.2.0 to 8.4.1 in /extract-cli,False,,,,,,2026-08-14T17:07:58.367291+00:00
INL/BlackLab,https://github.com/INL/BlackLab,False,not_using_dependabot,never_detected,False,False,,,,,,False,,,,,,2026-08-14T17:08:05.916461+00:00
INRIA/spoon,https://github.com/INRIA/spoon,True,security_updates_only,security_only_ever,False,True,2019-10-16T18:35:44Z,https://github.com/INRIA/spoon/pull/3153,3153.0,dependabot,chore(deps): bump nimbus-jose-jwt from 4.35 to 7.9 in /src/test/resources/maven-launcher/pac4j,False,,,,,,2026-08-14T17:08:14.647827+00:00
Impetus/fabric-jdbc-connector,https://github.com/Impetus/fabric-jdbc-connector,False,not_using_dependabot,never_detected,False,False,,,,,,False,,,,,,2026-08-14T17:08:22.751026+00:00
JULIELab/costosys,https://github.com/JULIELab/costosys,True,security_updates_only,security_only_ever,False,True,2020-05-21T19:22:21Z,https://github.com/JULIELab/costosys/pull/6,6.0,dependabot,Bump commons-configuration2 from 2.4 to 2.7,False,,,,,,2026-08-14T17:08:29.396500+00:00
JULIELab/jcore-dependencies,https://github.com/JULIELab/jcore-dependencies,True,security_updates_only,security_only_ever,False,True,2020-10-13T08:14:12Z,https://github.com/JULIELab/jcore-dependencies/pull/14,14.0,dependabot,Bump junit from 4.10 to 4.13.1 in /julie-xml-tools,False,,,,,,2026-08-14T17:08:35.701962+00:00
JanusGraph/janusgraph,https://github.com/JanusGraph/janusgraph,True,both_security_and_version_updates,security_then_version,True,True,2019-10-09T09:12:04Z,https://github.com/JanusGraph/janusgraph/pull/1830,1830.0,dependabot-preview,Bump guava from 18.0 to 23.0,True,.github/dependabot.yml,2021-09-07T21:11:37Z,0b44c51fa54c9dfb32c678ca30879c9288e4d833,https://github.com/JanusGraph/janusgraph/commit/0b44c51fa54c9dfb32c678ca30879c9288e4d833,699.4996875,2026-08-14T17:08:41.918092+00:00
Jasig/person-directory,https://github.com/Jasig/person-directory,True,version_updates_config_only,version_config_only_ever,False,False,,,,,,True,.github/dependabot.yml,2021-04-29T20:46:31Z,05b320ff82ad36f79a04cc17b8bd09701e40c05c,https://github.com/apereo/person-directory/commit/05b320ff82ad36f79a04cc17b8bd09701e40c05c,,2026-08-14T17:08:49.758420+00:00
KleeGroup/vertigo,https://github.com/KleeGroup/vertigo,False,not_using_dependabot,never_detected,False,False,,,,,,False,,,,,,2026-08-14T17:08:58.592021+00:00
LevelFourAB/dust,https://github.com/LevelFourAB/dust,True,security_updates_only,security_only_ever,False,True,2019-10-14T09:39:08Z,https://github.com/LevelFourAB/dust/pull/1,1.0,dependabot-preview,Bump jboss-jaxrs-api_2.0_spec from 1.0.1.Beta1 to 1.0.1.Final,False,,,,,,2026-08-14T17:09:07.313916+00:00
Litote/kmongo,https://github.com/Litote/kmongo,True,security_updates_only,security_only_ever,False,True,2020-10-12T17:34:59Z,https://github.com/Litote/kmongo/pull/231,231.0,dependabot,Bump junit from 4.13 to 4.13.1,False,,,,,,2026-08-14T17:09:14.078585+00:00
Loki-Afro/metalarchives,https://github.com/Loki-Afro/metalarchives,True,security_updates_only,security_only_ever,False,True,2020-10-13T08:14:45Z,https://github.com/Loki-Afro/metalarchives/pull/10,10.0,dependabot,Bump junit from 4.12 to 4.13.1,False,,,,,,2026-08-14T17:09:20.367711+00:00
LucidWorks/spark-solr,https://github.com/LucidWorks/spark-solr,True,security_updates_only,security_only_ever,False,True,2019-10-18T13:10:39Z,https://github.com/lucidworks/spark-solr/pull/278,278.0,dependabot,Bump fasterxml.version from 2.9.9 to 2.10.0,False,,,,,,2026-08-14T17:09:27.077302+00:00
Mercateo/rest-schemagen-spring,https://github.com/Mercateo/rest-schemagen-spring,False,not_using_dependabot,never_detected,False,False,,,,,,False,,,,,,2026-08-14T17:09:34.000204+00:00
MingweiSamuel/Zyra,https://github.com/MingweiSamuel/Zyra,True,security_updates_only,security_only_ever,False,True,2020-10-12T18:09:46Z,https://github.com/MingweiSamuel/Zyra/pull/20,20.0,dependabot,Bump junit from 4.12 to 4.13.1,False,,,,,,2026-08-14T17:09:41.466702+00:00
ModeShape/modeshape,https://github.com/ModeShape/modeshape,True,security_updates_only,security_only_ever,False,True,2019-10-15T12:52:44Z,https://github.com/ModeShape/modeshape/pull/1701,1701.0,dependabot,Bump version.org.apache.lucene from 6.4.1 to 8.2.0 in /modeshape-parent,False,,,,,,2026-08-14T17:09:47.654923+00:00
MyCoRe-Org/mycore,https://github.com/MyCoRe-Org/mycore,True,both_security_and_version_updates,security_then_version,True,True,2019-11-04T20:52:19Z,https://github.com/MyCoRe-Org/mycore/pull/879,879.0,dependabot,Bump jackson.version from 2.9.9 to 2.10.0,True,.github/dependabot.yml,2020-10-14T13:56:35Z,e06632e702d4399b79334a572e89d95fdb1e23c1,https://github.com/MyCoRe-Org/mycore/commit/e06632e702d4399b79334a572e89d95fdb1e23c1,344.71129629629627,2026-08-14T17:09:54.621226+00:00
NASA-PDS-Incubator/registry,https://github.com/NASA-PDS-Incubator/registry,False,not_using_dependabot,never_detected,False,False,,,,,,False,,,,,,2026-08-14T17:10:03.003011+00:00
NitorCreations/nflow,https://github.com/NitorCreations/nflow,True,security_updates_only,security_only_ever,False,True,2019-05-25T15:53:34Z,https://github.com/NitorCreations/nflow/pull/319,319.0,dependabot,Bump tar from 2.2.1 to 2.2.2 in /nflow-explorer,False,,,,,,2026-08-14T17:10:12.269272+00:00
NitorCreations/willow,https://github.com/NitorCreations/willow,True,security_updates_only,security_only_ever,False,True,2019-11-29T17:58:30Z,https://github.com/NitorCreations/willow/pull/100,100.0,dependabot,Bump jetty.version from 9.3.1.v20150714 to 9.4.24.v20191120,False,,,,,,2026-08-14T17:10:18.292525+00:00
Olog/phoebus-olog,https://github.com/Olog/phoebus-olog,True,security_updates_only,security_only_ever,False,True,2021-12-29T15:11:58Z,https://github.com/Olog/phoebus-olog/pull/102,102.0,dependabot,Bump h2 from 1.4.200 to 2.0.202,False,,,,,,2026-08-14T17:10:24.018048+00:00
OpenAS2/OpenAs2App,https://github.com/OpenAS2/OpenAs2App,True,security_updates_only,security_only_ever,False,True,2019-11-13T12:40:19Z,https://github.com/OpenAS2/OpenAs2App/pull/173,173.0,dependabot,Bump jackson-databind from 2.9.8 to 2.9.10.1 in /Server,False,,,,,,2026-08-14T17:10:31.143885+00:00
OpenSextant/Xponents,https://github.com/OpenSextant/Xponents,True,security_updates_only,security_only_ever,False,True,2019-08-10T07:38:34Z,https://github.com/OpenSextant/Xponents/pull/39,39.0,dependabot,Bump solr.version from 7.7.2 to 8.2.0,False,,,,,,2026-08-14T17:10:37.834968+00:00
OrbitzWorldwide/consul-client,https://github.com/OrbitzWorldwide/consul-client,False,not_using_dependabot,never_detected,False,False,,,,,,False,,,,,,2026-08-14T17:10:44.599639+00:00
OrderOfTheBee/ootbee-support-tools,https://github.com/OrderOfTheBee/ootbee-support-tools,True,security_updates_only,security_only_ever,False,True,2019-12-16T11:24:57Z,https://github.com/OrderOfTheBee/ootbee-support-tools/pull/151,151.0,dependabot,Bump commons-compress from 1.18 to 1.19 in /share,False,,,,,,2026-08-14T17:10:53.688788+00:00
OrienteerBAP/Orienteer,https://github.com/OrienteerBAP/Orienteer,True,security_updates_only,security_only_ever,False,True,2019-11-13T03:41:09Z,https://github.com/OrienteerBAP/Orienteer/pull/753,753.0,dependabot,Bump jackson-databind from 2.9.10 to 2.9.10.1 in /orienteer-bpm,False,,,,,,2026-08-14T17:10:59.447960+00:00
OxalisCommunity/oxalis,https://github.com/OxalisCommunity/oxalis,True,security_updates_only,security_only_ever,False,True,2020-07-01T18:23:34Z,https://github.com/OxalisCommunity/oxalis/pull/478,478.0,dependabot,Bump mysql-connector-java from 5.1.43 to 8.0.16,False,,,,,,2026-08-14T17:11:06.264931+00:00
Pay-Group/best-pay-sdk,https://github.com/Pay-Group/best-pay-sdk,True,security_updates_only,security_only_ever,False,True,2019-11-13T12:02:30Z,https://github.com/Pay-Group/best-pay-sdk/pull/64,64.0,dependabot,Bump jackson-databind from 2.8.5 to 2.9.10.1 in /best-pay-sdk,False,,,,,,2026-08-14T17:11:11.842717+00:00
PennState/commons-jaxrs,https://github.com/PennState/commons-jaxrs,True,security_updates_only,security_only_ever,False,True,2022-10-05T01:15:23Z,https://github.com/PennState/commons-jaxrs/pull/41,41.0,dependabot,Bump jackson-databind from 2.12.2 to 2.12.6.1,False,,,,,,2026-08-14T17:11:18.591726+00:00
PgBulkInsert/PgBulkInsert,https://github.com/PgBulkInsert/PgBulkInsert,False,not_using_dependabot,never_detected,False,False,,,,,,False,,,,,,2026-08-14T17:11:26.267048+00:00
RIPE-NCC/rpki-commons,https://github.com/RIPE-NCC/rpki-commons,True,both_security_and_version_updates,security_then_version,True,True,2020-10-13T04:44:49Z,https://github.com/RIPE-NCC/rpki-commons/pull/28,28.0,dependabot,Bump junit from 4.12 to 4.13.1,True,.github/dependabot.yml,2024-04-04T05:55:16Z,1aab2a799b7ca6d4c89c1dd938c7aa4cdd18f1d2,https://github.com/RIPE-NCC/rpki-commons/commit/1aab2a799b7ca6d4c89c1dd938c7aa4cdd18f1d2,1269.0489236111111,2026-08-14T17:11:33.526136+00:00
Red5/red5-websocket,https://github.com/Red5/red5-websocket,False,not_using_dependabot,never_detected,False,False,,,,,,False,,,,,,2026-08-14T17:11:41.081291+00:00
RedCA-Family/code-analyst,https://github.com/RedCA-Family/code-analyst,True,security_updates_only,security_only_ever,False,True,2020-01-31T18:21:14Z,https://github.com/RedCA-Family/code-analyst/pull/18,18.0,dependabot,Bump checkstyle from 8.21 to 8.29,False,,,,,,2026-08-14T17:11:47.357953+00:00
Relucent/yyl-base-lib,https://github.com/Relucent/yyl-base-lib,True,security_updates_only,security_only_ever,False,True,2019-11-13T12:18:33Z,https://github.com/Relucent/yyl-base-lib/pull/1,1.0,dependabot,Bump jackson-databind from 2.9.10 to 2.9.10.1,False,,,,,,2026-08-14T17:11:54.154368+00:00
RockyLOMO/rxlib,https://github.com/RockyLOMO/rxlib,True,security_updates_only,security_only_ever,False,True,2021-12-18T18:35:24Z,https://github.com/RockyLOMO/rxlib/pull/5,5.0,dependabot,Bump log4j-api from 2.16.0 to 2.17.0,False,,,,,,2026-08-14T17:12:01.626805+00:00
RuedigerMoeller/kontraktor,https://github.com/RuedigerMoeller/kontraktor,True,security_updates_only,security_only_ever,False,True,2019-10-29T13:39:11Z,https://github.com/RuedigerMoeller/kontraktor/pull/82,82.0,dependabot,Bump ws from 3.0.0 to 7.2.0 in /modules/kontraktor-http/src/main/javascript/kontraktor-server,False,,,,,,2026-08-14T17:12:08.417951+00:00
SANSA-Stack/SANSA-OWL,https://github.com/SANSA-Stack/SANSA-OWL,False,not_using_dependabot,never_detected,False,False,,,,,,False,,,,,,2026-08-14T17:12:16.533383+00:00
ServiceComb/java-chassis,https://github.com/ServiceComb/java-chassis,True,version_updates_config_only,version_config_only_ever,False,False,,,,,,True,.github/dependabot.yml,2022-05-10T08:32:19Z,20cc938a341d871e17eb4b09e29acac18efc8ddd,https://github.com/apache/servicecomb-java-chassis/commit/20cc938a341d871e17eb4b09e29acac18efc8ddd,,2026-08-14T17:12:25.465344+00:00
Sila-Money/sila-sdk-java,https://github.com/Sila-Money/sila-sdk-java,True,security_updates_only,security_only_ever,False,True,2020-10-13T17:07:59Z,https://github.com/Sila-Money/sila-sdk-java/pull/17,17.0,dependabot,Bump junit from 4.11 to 4.13.1 in /SilaSDK,False,,,,,,2026-08-14T17:12:35.145411+00:00
SimonAlong/Neo,https://github.com/SimonAlong/Neo,True,security_updates_only,security_only_ever,False,True,2020-10-13T12:23:54Z,https://github.com/simonalong/Neo/pull/18,18.0,dependabot,Bump junit from 4.12 to 4.13.1,False,,,,,,2026-08-14T17:12:41.185390+00:00
Smartling/api-sdk-java,https://github.com/Smartling/api-sdk-java,False,not_using_dependabot,never_detected,False,False,,,,,,False,,,,,,2026-08-14T17:12:47.879102+00:00
SoftInstigate/restheart,https://github.com/SoftInstigate/restheart,True,security_updates_only,security_only_ever,False,True,2020-01-31T18:03:13Z,https://github.com/SoftInstigate/restheart/pull/377,377.0,dependabot,Bump checkstyle from 8.18 to 8.29,False,,,,,,2026-08-14T17:12:55.428681+00:00
SonarCommunity/sonar-php,https://github.com/SonarCommunity/sonar-php,False,not_using_dependabot,never_detected,False,False,,,,,,False,,,,,,2026-08-14T17:13:02.482797+00:00
SonarSource/orchestrator,https://github.com/SonarSource/orchestrator,True,security_updates_only,security_only_ever,False,True,2021-06-04T00:34:57Z,https://github.com/SonarSource/orchestrator/pull/106,106.0,dependabot,Bump httpclient from 4.5.2 to 4.5.13 in /sonar-orchestrator,False,,,,,,2026-08-14T17:13:11.566689+00:00
SonarSource/sonar-findbugs,https://github.com/SonarSource/sonar-findbugs,True,version_updates_config_only,version_config_only_ever,False,False,,,,,,True,.github/dependabot.yml,2021-11-17T02:19:05Z,8a7c35818aceb2aaf17d0f15334e91037f0e965a,https://github.com/spotbugs/sonar-findbugs/commit/8a7c35818aceb2aaf17d0f15334e91037f0e965a,,2026-08-14T17:13:18.382549+00:00
SparkTC/stocator,https://github.com/SparkTC/stocator,False,not_using_dependabot,never_detected,False,False,,,,,,False,,,,,,2026-08-14T17:13:26.528974+00:00
SpringSource/spring-ldap,https://github.com/SpringSource/spring-ldap,True,version_updates_config_only,version_config_only_ever,False,False,,,,,,True,.github/dependabot.yml,2024-08-15T14:24:33Z,36e6b21ef454da9baaeb68891c29d83c8029c31c,https://github.com/spring-projects/spring-ldap/commit/36e6b21ef454da9baaeb68891c29d83c8029c31c,,2026-08-14T17:13:33.925585+00:00
SuperScorpion/medusa,https://github.com/SuperScorpion/medusa,False,not_using_dependabot,never_detected,False,False,,,,,,False,,,,,,2026-08-14T17:13:42.551025+00:00
TNG/config-builder,https://github.com/TNG/config-builder,False,not_using_dependabot,never_detected,False,False,,,,,,False,,,,,,2026-08-14T17:13:47.835768+00:00
TheBlackChamber/commons-encryption,https://github.com/TheBlackChamber/commons-encryption,True,security_updates_only,security_only_ever,False,True,2020-10-13T01:38:28Z,https://github.com/TheBlackChamber/commons-encryption/pull/14,14.0,dependabot,Bump junit from 4.11 to 4.13.1,False,,,,,,2026-08-14T17:13:54.554059+00:00
Tirasa/ConnIdSOAPBundle,https://github.com/Tirasa/ConnIdSOAPBundle,True,both_security_and_version_updates,security_then_version,True,True,2020-10-14T04:50:03Z,https://github.com/Tirasa/ConnIdSOAPBundle/pull/1,1.0,dependabot,Bump junit from 4.12 to 4.13.1,True,.github/dependabot.yml,2023-04-28T09:51:45Z,4cca1f0b820bb8160e0052ced15b7cdd30ec8740,https://github.com/Tirasa/ConnIdSOAPBundle/commit/4cca1f0b820bb8160e0052ced15b7cdd30ec8740,926.2095138888889,2026-08-14T17:14:00.725757+00:00
UweTrottmann/thetvdb-java,https://github.com/UweTrottmann/thetvdb-java,True,security_updates_only,security_only_ever,False,True,2020-10-13T06:44:08Z,https://github.com/UweTrottmann/thetvdb-java/pull/34,34.0,dependabot,Bump junit from 4.13 to 4.13.1,False,,,,,,2026-08-14T17:14:08.392495+00:00
UweTrottmann/tmdb-java,https://github.com/UweTrottmann/tmdb-java,True,both_security_and_version_updates,security_then_version,True,True,2020-10-13T06:49:54Z,https://github.com/UweTrottmann/tmdb-java/pull/82,82.0,dependabot,Bump junit from 4.12 to 4.13.1,True,.github/dependabot.yml,2024-05-29T14:47:22Z,8db92f4c3fc26e83e187f68fe9767e3457ebb621,https://github.com/UweTrottmann/tmdb-java/commit/8db92f4c3fc26e83e187f68fe9767e3457ebb621,1324.331574074074,2026-08-14T17:14:15.369115+00:00
UweTrottmann/trakt-java,https://github.com/UweTrottmann/trakt-java,True,both_security_and_version_updates,same_day_security_and_version,False,True,2024-01-25T16:38:37Z,https://github.com/UweTrottmann/trakt-java/pull/132,132.0,dependabot,Bump actions/setup-java from 3.13.0 to 4.0.0,True,.github/dependabot.yml,2024-01-25T16:20:56Z,fa798742915041a3e00f733e1ec8d25985293116,https://github.com/UweTrottmann/trakt-java/commit/fa798742915041a3e00f733e1ec8d25985293116,,2026-08-14T17:14:22.152557+00:00
Waffle/waffle,https://github.com/Waffle/waffle,True,both_security_and_version_updates,security_then_version,True,True,2019-01-09T03:57:49Z,https://github.com/Waffle/waffle/pull/651,651.0,dependabot-preview,Bump sonar-maven-plugin from 3.5.0.1254 to 3.6.0.1398,True,.github/dependabot.yml,2020-07-04T23:45:12Z,3a3ea6b32602a5bc59f44ba73a9168039b3434ff,https://github.com/Waffle/waffle/commit/3a3ea6b32602a5bc59f44ba73a9168039b3434ff,542.8245717592592,2026-08-14T17:14:29.542038+00:00
Wikidata/Wikidata-Toolkit,https://github.com/Wikidata/Wikidata-Toolkit,True,version_updates_config_only,version_config_only_ever,False,False,,,,,,True,.github/dependabot.yml,2021-03-03T11:01:43Z,33c85f2c6e2e9f2b6554a8c1d881f6dcf979bd93,https://github.com/Wikidata-Toolkit/Wikidata-Toolkit/commit/33c85f2c6e2e9f2b6554a8c1d881f6dcf979bd93,,2026-08-14T17:14:40.342271+00:00
Xceptance/XLT,https://github.com/Xceptance/XLT,True,security_updates_only,security_only_ever,False,True,2020-02-21T14:35:41Z,https://github.com/Xceptance/XLT/pull/5,5.0,dependabot,Bump checkstyle from 6.14.1 to 8.29,False,,,,,,2026-08-14T17:14:48.768229+00:00
XenoAmess/docker-client,https://github.com/XenoAmess/docker-client,True,both_security_and_version_updates,same_day_security_and_version,False,True,2022-01-18T19:02:28Z,https://github.com/XenoAmess/docker-client/pull/1,1.0,dependabot,Bump jimfs from 1.0 to 1.2,True,.github/dependabot.yml,2022-01-18T18:10:12Z,8b9e526b341d3c6d639cfe8f2ff277916e223a08,https://github.com/XenoAmess/docker-client/commit/8b9e526b341d3c6d639cfe8f2ff277916e223a08,,2026-08-14T17:14:54.316368+00:00
Zandero/rest.vertx,https://github.com/Zandero/rest.vertx,True,both_security_and_version_updates,security_then_version,True,True,2020-01-08T17:06:18Z,https://github.com/zandero/rest.vertx/pull/50,50.0,dependabot,Bump version.hibernate.validation from 6.0.10.Final to 6.1.0.Final,True,.github/dependabot.yml,2020-06-22T06:52:04Z,49dffdad4bd4352fb3a78a96327f069840cf1174,https://github.com/zandero/rest.vertx/commit/49dffdad4bd4352fb3a78a96327f069840cf1174,165.57344907407406,2026-08-14T17:15:02.360338+00:00
Zlika/reproducible-build-maven-plugin,https://github.com/Zlika/reproducible-build-maven-plugin,True,security_updates_only,security_only_ever,False,True,2020-10-13T06:46:11Z,https://github.com/Zlika/reproducible-build-maven-plugin/pull/48,48.0,dependabot,Bump junit from 4.12 to 4.13.1,False,,,,,,2026-08-14T17:15:09.936010+00:00
aQute-os/biz.aQute.openapi,https://github.com/aQute-os/biz.aQute.openapi,True,security_updates_only,security_only_ever,False,True,2020-10-12T21:45:58Z,https://github.com/aQute-os/biz.aQute.openapi/pull/5,5.0,dependabot,Bump junit from 3.8.1 to 4.13.1 in /biz.aQute.openapi.provider,False,,,,,,2026-08-14T17:15:16.517762+00:00
acegi/xml-format-maven-plugin,https://github.com/acegi/xml-format-maven-plugin,False,not_using_dependabot,never_detected,False,False,,,,,,False,,,,,,2026-08-14T17:15:23.785027+00:00
actframework/actframework,https://github.com/actframework/actframework,True,security_updates_only,security_only_ever,False,True,2020-03-04T20:20:28Z,https://github.com/actframework/actframework/pull/1309,1309.0,dependabot,Bump undertow-core from 1.4.28.Final to 2.0.23.Final,False,,,,,,2026-08-14T17:15:32.610785+00:00
aerogear/aerogear-unifiedpush-server,https://github.com/aerogear/aerogear-unifiedpush-server,True,security_updates_only,security_only_ever,False,True,2019-10-28T20:21:18Z,https://github.com/aerogear/aerogear-unifiedpush-server/pull/1046,1046.0,dependabot,Bump keycloak-core from 4.8.3.Final to 7.0.0 in /push-sender,False,,,,,,2026-08-14T17:15:40.278009+00:00
aerospike/aerospike-client-java,https://github.com/aerospike/aerospike-client-java,True,both_security_and_version_updates,security_then_version,True,True,2020-02-21T18:56:09Z,https://github.com/aerospike/aerospike-client-java/pull/158,158.0,dependabot,Bump netty.version from 4.1.11.Final to 4.1.45.Final,True,.github/dependabot.yml,2022-07-11T16:25:30Z,b76db233fe4b45927981e5b43683baf537b5bf23,https://github.com/aerospike/aerospike-client-java/commit/b76db233fe4b45927981e5b43683baf537b5bf23,870.8953819444445,2026-08-14T17:15:47.611893+00:00
airlift/airlift,https://github.com/airlift/airlift,True,both_security_and_version_updates,security_then_version,True,True,2020-07-01T18:28:14Z,https://github.com/airlift/airlift/pull/859,859.0,dependabot,Bump mysql-connector-java from 5.1.23 to 8.0.16,True,.github/dependabot.yml,2024-08-07T18:04:24Z,d75ea2a862fa7f480e5d828b78fc3c65d53c9b78,https://github.com/airlift/airlift/commit/d75ea2a862fa7f480e5d828b78fc3c65d53c9b78,1497.983449074074,2026-08-14T17:15:55.027979+00:00
aktin/broker,https://github.com/aktin/broker,True,security_updates_only,security_only_ever,False,True,2019-12-02T23:15:22Z,https://github.com/aktin/broker/pull/1,1.0,dependabot,Bump jetty-server from 9.4.22.v20191022 to 9.4.24.v20191120 in /broker-server,False,,,,,,2026-08-14T17:16:01.531964+00:00
alexcojocaru/elasticsearch-maven-plugin,https://github.com/alexcojocaru/elasticsearch-maven-plugin,True,security_updates_only,security_only_ever,False,True,2019-11-13T01:40:36Z,https://github.com/alexcojocaru/elasticsearch-maven-plugin/pull/103,103.0,dependabot,Bump jackson-databind from 2.9.9.1 to 2.9.10.1,False,,,,,,2026-08-14T17:16:07.897274+00:00
alexxiyang/shiro-redis,https://github.com/alexxiyang/shiro-redis,False,not_using_dependabot,never_detected,False,False,,,,,,False,,,,,,2026-08-14T17:16:14.087899+00:00
algolia/algoliasearch-client-java-2,https://github.com/algolia/algoliasearch-client-java-2,False,not_using_dependabot,never_detected,False,False,,,,,,False,,,,,,2026-08-14T17:16:22.585389+00:00
alibaba/Sentinel,https://github.com/alibaba/Sentinel,True,security_updates_only,security_only_ever,False,True,2019-10-31T01:32:44Z,https://github.com/alibaba/Sentinel/pull/1130,1130.0,dependabot,Bump netty-all from 4.1.31.Final to 4.1.42.Final in /sentinel-demo/sentinel-demo-dubbo,False,,,,,,2026-08-14T17:16:30.156077+00:00
alibaba/canal,https://github.com/alibaba/canal,False,not_using_dependabot,never_detected,False,False,,,,,,False,,,,,,2026-08-14T17:16:35.527755+00:00
alibaba/druid,https://github.com/alibaba/druid,True,security_updates_only,security_only_ever,False,True,2024-07-09T13:39:47Z,https://github.com/alibaba/druid/pull/6027,6027.0,dependabot,Bump com.h2database:h2 from 1.4.199 to 2.2.220 in /core,False,,,,,,2026-08-14T17:16:41.623271+00:00
alluxio/alluxio,https://github.com/alluxio/alluxio,True,security_updates_only,security_only_ever,False,True,2019-11-01T17:18:56Z,https://github.com/Alluxio/alluxio/pull/10389,10389.0,dependabot,Bump jackson.version from 2.9.7 to 2.10.0,False,,,,,,2026-08-14T17:16:46.933385+00:00
almex/Raildelays,https://github.com/almex/Raildelays,False,not_using_dependabot,never_detected,False,False,,,,,,False,,,,,,2026-08-14T17:16:52.307657+00:00
americanexpress/synapse,https://github.com/americanexpress/synapse,True,both_security_and_version_updates,security_then_version,True,True,2021-10-02T17:26:34Z,https://github.com/americanexpress/synapse/pull/29,29.0,dependabot,build(deps): bump xmlsec from 2.2.2 to 2.2.3,True,.github/dependabot.yml,2022-03-19T18:07:34Z,b91dceee5ca8819c1f2f8cc8fc95b2bc6bd201ed,https://github.com/americanexpress/synapse/commit/b91dceee5ca8819c1f2f8cc8fc95b2bc6bd201ed,168.02847222222223,2026-08-14T17:16:58.975105+00:00
annot8/annot8-components,https://github.com/annot8/annot8-components,True,security_updates_only,security_only_ever,False,True,2021-06-15T16:09:15Z,https://github.com/annot8/annot8-components/pull/45,45.0,dependabot,Bump pdfbox from 2.0.23 to 2.0.24 in /annot8-components-documents,False,,,,,,2026-08-14T17:17:06.208867+00:00
anotheria/ano-util,https://github.com/anotheria/ano-util,True,security_updates_only,security_only_ever,False,True,2021-08-13T15:29:16Z,https://github.com/anotheria/ano-util/pull/5,5.0,dependabot,Bump bcprov-jdk15on from 1.54 to 1.67,False,,,,,,2026-08-14T17:17:17.160354+00:00
anotheria/moskito,https://github.com/anotheria/moskito,True,both_security_and_version_updates,security_then_version,True,True,2019-10-29T13:36:33Z,https://github.com/anotheria/moskito/pull/231,231.0,dependabot,Bump httpclient from 4.2.5 to 4.3.6 in /moskito-extensions/moskito-monitoring-plugin,True,.github/dependabot.yml,2026-07-11T19:43:54Z,5dfc6695ce635a47b05b49eba1ae1b30d8531ae4,https://github.com/anotheria/moskito/commit/5dfc6695ce635a47b05b49eba1ae1b30d8531ae4,2447.2551041666666,2026-08-14T17:17:27.752604+00:00
aoju/bus,https://github.com/aoju/bus,True,security_updates_only,security_only_ever,False,True,2020-07-01T19:08:50Z,https://github.com/aoju/bus/pull/123,123.0,dependabot,Bump log4j-core from 2.13.0 to 2.13.2 in /bus-logger,False,,,,,,2026-08-14T17:17:36.393897+00:00
apache/airavata,https://github.com/apache/airavata,True,security_updates_only,security_only_ever,False,True,2019-11-13T07:52:23Z,https://github.com/apache/airavata/pull/237,237.0,dependabot,Bump jackson-databind from 2.5.4 to 2.9.10.1 in /airavata-services/profile-service/iam-admin-services-core,False,,,,,,2026-08-14T17:17:42.318429+00:00
apache/any23,https://github.com/apache/any23,True,both_security_and_version_updates,security_then_version,True,True,2019-11-01T12:16:41Z,https://github.com/apache/any23/pull/152,152.0,dependabot,Bump jackson.version from 2.9.10 to 2.10.0,True,.github/dependabot.yml,2021-09-12T23:51:10Z,d91d8052989b5e017f44b6095ef8f370973e9ef5,https://github.com/apache/any23/commit/d91d8052989b5e017f44b6095ef8f370973e9ef5,681.4822800925926,2026-08-14T17:17:48.552457+00:00
apache/avro,https://github.com/apache/avro,True,both_security_and_version_updates,same_day_security_and_version,False,True,2020-11-17T13:51:42Z,https://github.com/apache/avro/pull/988,988.0,dependabot,Bump Microsoft.NET.Test.Sdk from 16.4.0 to 16.8.0 in /lang/csharp,True,.github/dependabot.yml,2020-11-17T13:51:05Z,30328e20f92aee9944697de9bbb050184b8584a1,https://github.com/apache/avro/commit/30328e20f92aee9944697de9bbb050184b8584a1,,2026-08-14T17:17:56.039626+00:00
apache/bookkeeper,https://github.com/apache/bookkeeper,True,security_updates_only,security_only_ever,False,True,2019-10-30T11:58:02Z,https://github.com/apache/bookkeeper/pull/2188,2188.0,dependabot,Bump nokogiri from 1.8.2 to 1.10.4 in /site,False,,,,,,2026-08-14T17:18:02.615803+00:00
apache/flink,https://github.com/apache/flink,True,security_updates_only,security_only_ever,False,True,2019-10-29T13:01:40Z,https://github.com/apache/flink/pull/10030,10030.0,dependabot,Bump ffi from 1.9.18 to 1.11.1 in /docs,False,,,,,,2026-08-14T17:18:11.158375+00:00
apache/incubator-dubbo,https://github.com/apache/incubator-dubbo,True,version_updates_config_only,version_config_only_ever,False,False,,,,,,True,.github/dependabot.yaml,2023-01-19T01:25:04Z,e8f742a319b6d91f1d31a37bbd203dbf78300a12,https://github.com/apache/dubbo/commit/e8f742a319b6d91f1d31a37bbd203dbf78300a12,,2026-08-14T17:18:18.121894+00:00
apache/incubator-nlpcraft,https://github.com/apache/incubator-nlpcraft,True,security_updates_only,security_only_ever,False,True,2022-04-05T18:53:14Z,https://github.com/apache/incubator-nlpcraft/pull/22,22.0,dependabot,Bump jackson-databind from 2.13.2 to 2.13.2.1,False,,,,,,2026-08-14T17:18:27.850190+00:00
apache/incubator-plc4x,https://github.com/apache/incubator-plc4x,True,version_updates_config_only,version_config_only_ever,False,False,,,,,,True,.github/dependabot.yml,2021-05-23T09:47:36Z,129f42f1d7ae0fab26ce3239ac73fc2d961b9fb0,https://github.com/apache/plc4x/commit/129f42f1d7ae0fab26ce3239ac73fc2d961b9fb0,,2026-08-14T17:18:33.026106+00:00
apache/juneau,https://github.com/apache/juneau,True,both_security_and_version_updates,security_then_version,True,True,2022-05-23T14:10:34Z,https://github.com/apache/juneau/pull/58,58.0,dependabot,Bump junit from 4.11 to 4.13.1,True,.github/dependabot.yml,2022-11-08T16:05:49Z,41d40a062107ce94c324d5aee1c8b8904d54486b,https://github.com/apache/juneau/commit/41d40a062107ce94c324d5aee1c8b8904d54486b,169.08003472222222,2026-08-14T17:18:42.493587+00:00
apache/openmeetings,https://github.com/apache/openmeetings,True,both_security_and_version_updates,security_then_version,True,True,2022-08-06T06:06:49Z,https://github.com/apache/openmeetings/pull/183,183.0,dependabot,Bump postgresql from 42.4.0 to 42.4.1,True,.github/dependabot.yml,2026-03-22T03:34:51Z,6b44bd965f360cc6ce95d8a0554ddd7f53931daf,https://github.com/apache/openmeetings/commit/6b44bd965f360cc6ce95d8a0554ddd7f53931daf,1323.8944675925925,2026-08-14T17:18:49.097248+00:00
apache/parquet-mr,https://github.com/apache/parquet-mr,True,version_updates_config_only,version_config_only_ever,False,False,,,,,,True,.github/dependabot.yml,2023-04-14T08:10:52Z,2c5ffa6e90105e3ee2cb3b18b60ef0fe62df9d0e,https://github.com/apache/parquet-java/commit/2c5ffa6e90105e3ee2cb3b18b60ef0fe62df9d0e,,2026-08-14T17:18:56.298661+00:00
apache/plc4x,https://github.com/apache/plc4x,True,both_security_and_version_updates,security_then_version,True,True,2019-10-29T20:35:34Z,https://github.com/apache/plc4x/pull/96,96.0,dependabot,Bump org.eclipse.paho.client.mqttv3 from 1.2.0 to 1.2.1 in /plc4j/examples/hello-cloud-google,True,.github/dependabot.yml,2021-05-23T09:47:36Z,129f42f1d7ae0fab26ce3239ac73fc2d961b9fb0,https://github.com/apache/plc4x/commit/129f42f1d7ae0fab26ce3239ac73fc2d961b9fb0,571.5500231481482,2026-08-14T17:19:05.130977+00:00
apache/ranger,https://github.com/apache/ranger,True,security_updates_only,security_only_ever,False,True,2019-11-01T12:16:04Z,https://github.com/apache/ranger/pull/40,40.0,dependabot,Bump nimbus-jose-jwt from 4.41.2 to 7.9 in /security-admin,False,,,,,,2026-08-14T17:19:13.577217+00:00
apache/reef,https://github.com/apache/reef,True,security_updates_only,security_only_ever,False,True,2019-10-04T21:54:12Z,https://github.com/apache/reef/pull/1491,1491.0,dependabot,Bump checkstyle from 6.17 to 8.18,False,,,,,,2026-08-14T17:19:22.592761+00:00
apache/royale-compiler,https://github.com/apache/royale-compiler,True,security_updates_only,security_only_ever,False,True,2022-07-01T22:19:09Z,https://github.com/apache/royale-compiler/pull/217,217.0,dependabot,Bump plexus-utils from 3.0.3 to 3.0.16 in /compiler-build-tools,False,,,,,,2026-08-14T17:19:28.617722+00:00
apicurio/apicurio-registry,https://github.com/apicurio/apicurio-registry,True,both_security_and_version_updates,security_then_version,True,True,2019-11-05T19:30:06Z,https://github.com/Apicurio/apicurio-registry/pull/118,118.0,dependabot-preview,Bump os-maven-plugin from 1.6.1 to 1.6.2,True,.github/dependabot.yml,2021-04-30T17:14:39Z,30c1a20eb761e2b1d95e5b2647a8ad0c2504a8a4,https://github.com/Apicurio/apicurio-registry/commit/30c1a20eb761e2b1d95e5b2647a8ad0c2504a8a4,541.9059375,2026-08-14T17:19:35.351571+00:00
apigee/apigee-config-maven-plugin,https://github.com/apigee/apigee-config-maven-plugin,True,security_updates_only,security_only_ever,False,True,2020-10-13T06:42:39Z,https://github.com/apigee/apigee-config-maven-plugin/pull/101,101.0,dependabot,Bump junit from 4.8.2 to 4.13.1,False,,,,,,2026-08-14T17:19:42.164758+00:00
apigee/apigee-smartdocs-maven-plugin,https://github.com/apigee/apigee-smartdocs-maven-plugin,True,security_updates_only,security_only_ever,False,True,2020-06-19T16:53:58Z,https://github.com/apigee/apigee-smartdocs-maven-plugin/pull/18,18.0,dependabot,Bump jackson-databind from 2.4.4 to 2.10.0.pr1,False,,,,,,2026-08-14T17:19:48.456639+00:00
appNG/appng,https://github.com/appNG/appng,True,security_updates_only,security_only_ever,False,True,2019-08-01T20:36:52Z,https://github.com/appNG/appng/pull/91,91.0,dependabot,Bump jacksonVersion from 2.9.8 to 2.10.0.pr1,False,,,,,,2026-08-14T17:19:54.593559+00:00
appNG/appng-scheduler,https://github.com/appNG/appng-scheduler,True,security_updates_only,security_only_ever,False,True,2020-07-01T18:48:56Z,https://github.com/appNG/appng-scheduler/pull/9,9.0,dependabot,Bump mysql-connector-java from 5.1.44 to 8.0.16,False,,,,,,2026-08-14T17:20:00.515033+00:00
archiecobbs/dellroad-stuff,https://github.com/archiecobbs/dellroad-stuff,True,security_updates_only,security_only_ever,False,True,2022-05-26T02:11:15Z,https://github.com/archiecobbs/dellroad-stuff/pull/23,23.0,dependabot,Bump vaadin from 22.0.8 to 22.0.15 in /dellroad-stuff-vaadin/dellroad-stuff-vaadin22,False,,,,,,2026-08-14T17:20:06.697778+00:00
archiecobbs/jsimpledb,https://github.com/archiecobbs/jsimpledb,False,not_using_dependabot,never_detected,False,False,,,,,,False,,,,,,2026-08-14T17:20:12.374059+00:00
archivesunleashed/aut,https://github.com/archivesunleashed/aut,True,security_updates_only,security_only_ever,False,True,2020-06-15T20:13:48Z,https://github.com/archivesunleashed/aut/pull/481,481.0,dependabot,Bump xercesImpl from 2.11.0 to 2.12.0,False,,,,,,2026-08-14T17:20:19.713925+00:00
arenadata/hive,https://github.com/arenadata/hive,False,not_using_dependabot,never_detected,False,False,,,,,,False,,,,,,2026-08-14T17:20:26.728408+00:00
arpnetworking/commons,https://github.com/arpnetworking/commons,True,both_security_and_version_updates,security_then_version,True,True,2019-10-31T16:46:45Z,https://github.com/ArpNetworking/commons/pull/84,84.0,dependabot,Bump jackson.version from 2.9.10 to 2.10.0,True,.github/dependabot.yml,2023-01-24T21:39:37Z,40f48f1d44b49fc540d5cdf531d0bafc9372b286,https://github.com/ArpNetworking/commons/commit/40f48f1d44b49fc540d5cdf531d0bafc9372b286,1181.2033796296296,2026-08-14T17:20:32.861427+00:00
arpnetworking/logback-steno,https://github.com/arpnetworking/logback-steno,True,both_security_and_version_updates,security_then_version,True,True,2019-11-04T21:39:51Z,https://github.com/ArpNetworking/logback-steno/pull/62,62.0,dependabot,Bump jackson.version from 2.9.10 to 2.10.0,True,.github/dependabot.yml,2023-01-24T21:36:02Z,f312e8df626834fb915f2155f6f6b1121787e5f4,https://github.com/ArpNetworking/logback-steno/commit/f312e8df626834fb915f2155f6f6b1121787e5f4,1176.997349537037,2026-08-14T17:20:41.583916+00:00
arpnetworking/metrics-cluster-aggregator,https://github.com/arpnetworking/metrics-cluster-aggregator,True,both_security_and_version_updates,security_then_version,True,True,2019-11-02T05:12:16Z,https://github.com/ArpNetworking/metrics-cluster-aggregator/pull/101,101.0,dependabot,Bump jackson.version from 2.9.2 to 2.10.0,True,.github/dependabot.yml,2023-01-26T23:04:19Z,a81176ce250e16b24bd5eeeec55789f3da5baa12,https://github.com/ArpNetworking/metrics-cluster-aggregator/commit/a81176ce250e16b24bd5eeeec55789f3da5baa12,1181.7444791666667,2026-08-14T17:20:48.575454+00:00
ashwanthkumar/gocd-java-client,https://github.com/ashwanthkumar/gocd-java-client,True,both_security_and_version_updates,security_then_version,True,True,2020-04-25T08:12:11Z,https://github.com/ashwanthkumar/gocd-java-client/pull/7,7.0,dependabot-preview,Bump junit from 4.11 to 4.13,True,.github/dependabot.yml,2021-04-29T15:38:25Z,a85b284f81faee2dcaac9c5fcd5c67fc3554c16e,https://github.com/ashwanthkumar/gocd-java-client/commit/a85b284f81faee2dcaac9c5fcd5c67fc3554c16e,369.30988425925926,2026-08-14T17:20:54.390723+00:00
aspectran/aspectran,https://github.com/aspectran/aspectran,True,both_security_and_version_updates,security_then_version,True,True,2018-08-13T06:08:20Z,https://github.com/aspectran/aspectran/pull/3,3.0,dependabot-preview,Bump pebble from 3.0.1 to 3.0.2,True,.github/dependabot.yml,2021-01-10T03:58:47Z,d52ad4f719c2fe2ee13f5e375c84656a41d2d4aa,https://github.com/aspectran/aspectran/commit/d52ad4f719c2fe2ee13f5e375c84656a41d2d4aa,880.9100347222222,2026-08-14T17:21:02.071839+00:00
astrapi69/jetty-runner,https://github.com/astrapi69/jetty-runner,False,not_using_dependabot,never_detected,False,False,,,,,,False,,,,,,2026-08-14T17:21:08.693110+00:00
astrapi69/mystic-crypt,https://github.com/astrapi69/mystic-crypt,False,not_using_dependabot,never_detected,False,False,,,,,,False,,,,,,2026-08-14T17:21:13.913244+00:00
astrapi69/spring-tool-extensions,https://github.com/astrapi69/spring-tool-extensions,False,not_using_dependabot,never_detected,False,False,,,,,,False,,,,,,2026-08-14T17:21:20.204692+00:00
automatiko-io/automatiko-engine,https://github.com/automatiko-io/automatiko-engine,True,both_security_and_version_updates,security_then_version,True,True,2023-08-16T07:37:25Z,https://github.com/automatiko-io/automatiko-engine/pull/349,349.0,dependabot,Bump org.apache.maven:maven-core from 3.6.2 to 3.8.1,True,.github/dependabot.yml,2024-05-09T11:58:40Z,6551670bfe1cfa941453fca5cb718a7830f4a082,https://github.com/automatiko-io/automatiko-engine/commit/6551670bfe1cfa941453fca5cb718a7830f4a082,267.1814236111111,2026-08-14T17:21:26.193280+00:00
awslabs/amazon-kinesis-client,https://github.com/awslabs/amazon-kinesis-client,True,both_security_and_version_updates,security_then_version,True,True,2020-07-27T14:25:29Z,https://github.com/awslabs/amazon-kinesis-client/pull/730,730.0,dependabot,Bump commons-beanutils from 1.9.3 to 1.9.4 in /amazon-kinesis-client-multilang,True,.github/dependabot.yml,2021-12-21T17:57:57Z,9c53c0ce59c112d26628a504984411f1f0f2350b,https://github.com/awslabs/amazon-kinesis-client/commit/9c53c0ce59c112d26628a504984411f1f0f2350b,512.1475462962962,2026-08-14T17:21:33.192910+00:00
baayso/commons,https://github.com/baayso/commons,True,security_updates_only,security_only_ever,False,True,2019-09-26T01:29:13Z,https://github.com/baayso/commons/pull/1,1.0,dependabot,Bump jackson.version from 2.9.9 to 2.10.0.pr3,False,,,,,,2026-08-14T17:21:42.319683+00:00
basestar/basestar,https://github.com/basestar/basestar,True,security_updates_only,security_only_ever,False,True,2020-04-05T16:00:46Z,https://github.com/basestar/basestar/pull/1,1.0,dependabot,Bump jackson.version from 2.9.8 to 2.10.3 in /basestar-bom,False,,,,,,2026-08-14T17:21:48.265680+00:00
bcgov/cpf,https://github.com/bcgov/cpf,True,security_updates_only,security_only_ever,False,True,2020-10-12T22:22:16Z,https://github.com/bcgov/cpf/pull/97,97.0,dependabot,Bump junit from 4.12 to 4.13.1 in /tests,False,,,,,,2026-08-14T17:21:54.524633+00:00
beangle/beangle3,https://github.com/beangle/beangle3,True,security_updates_only,security_only_ever,False,True,2021-08-02T16:58:06Z,https://github.com/beangle/beangle3/pull/248,248.0,dependabot,Bump commons-compress from 1.19 to 1.21 in /ems,False,,,,,,2026-08-14T17:22:01.661552+00:00
bedrin/kerb4j,https://github.com/bedrin/kerb4j,True,both_security_and_version_updates,same_day_security_and_version,False,True,2026-05-18T21:15:53Z,https://github.com/bedrin/kerb4j/pull/80,80.0,dependabot,ci(deps): bump the github-actions group with 3 updates,True,.github/dependabot.yml,2026-05-18T21:01:40Z,e5c8dccd061c06d5fe47827eb8897521aed34068,https://github.com/bedrin/kerb4j/commit/e5c8dccd061c06d5fe47827eb8897521aed34068,,2026-08-14T17:22:08.964063+00:00
benas/easy-batch,https://github.com/benas/easy-batch,False,not_using_dependabot,never_detected,False,False,,,,,,False,,,,,,2026-08-14T17:22:15.810530+00:00
binfalse/ModelCrawler,https://github.com/binfalse/ModelCrawler,False,not_using_dependabot,never_detected,False,False,,,,,,False,,,,,,2026-08-14T17:22:24.592766+00:00
bitblit/wrench,https://github.com/bitblit/wrench,False,not_using_dependabot,never_detected,False,False,,,,,,False,,,,,,2026-08-14T17:22:30.254641+00:00
bjuvensjo/rsimulator,https://github.com/bjuvensjo/rsimulator,True,security_updates_only,security_only_ever,False,True,2019-12-14T08:45:03Z,https://github.com/bjuvensjo/rsimulator/pull/6,6.0,dependabot,Bump xstream from 1.4.10 to 1.4.10-java7 in /rsimulator-pom-parent,False,,,,,,2026-08-14T17:22:36.075976+00:00
bld-commons/dev-excel,https://github.com/bld-commons/dev-excel,True,security_updates_only,security_only_ever,False,True,2021-08-02T17:18:06Z,https://github.com/bld-commons/dev-excel/pull/2,2.0,dependabot,Bump commons-compress from 1.20 to 1.21,False,,,,,,2026-08-14T17:22:44.610949+00:00
blinkfox/jpack-maven-plugin,https://github.com/blinkfox/jpack-maven-plugin,True,security_updates_only,security_only_ever,False,True,2020-10-13T13:03:46Z,https://github.com/blinkfox/jpack-maven-plugin/pull/7,7.0,dependabot,Bump junit from 4.12 to 4.13.1,False,,,,,,2026-08-14T17:22:49.895933+00:00
blossom-project/blossom,https://github.com/blossom-project/blossom,True,security_updates_only,security_only_ever,False,True,2021-03-18T19:43:20Z,https://github.com/blossom-project/blossom/pull/237,237.0,dependabot,Bump elasticsearch from 2.4.6 to 6.8.13 in /blossom-parent,False,,,,,,2026-08-14T17:22:57.193403+00:00
bonigarcia/selenium-jupiter,https://github.com/bonigarcia/selenium-jupiter,True,both_security_and_version_updates,same_day_security_and_version,False,True,2021-01-31T09:35:01Z,https://github.com/bonigarcia/selenium-jupiter/pull/98,98.0,dependabot,Bump okhttp from 3.14.2 to 4.9.1,True,.github/dependabot.yml,2021-01-31T09:34:35Z,ca2d079f8f3cd0efb09027683a6fea541d3a5987,https://github.com/bonigarcia/selenium-jupiter/commit/ca2d079f8f3cd0efb09027683a6fea541d3a5987,,2026-08-14T17:23:05.403520+00:00
bonitasoft/bonita-engine,https://github.com/bonitasoft/bonita-engine,False,not_using_dependabot,never_detected,False,False,,,,,,False,,,,,,2026-08-14T17:23:12.920224+00:00
bootique/bootique-shiro,https://github.com/bootique/bootique-shiro,True,security_updates_only,security_only_ever,False,True,2020-02-04T23:29:11Z,https://github.com/bootique/bootique-shiro/pull/21,21.0,dependabot,Bump shiro.version from 1.4.0 to 1.5.0,False,,,,,,2026-08-14T17:23:20.261794+00:00
borball/weixin-sdk,https://github.com/borball/weixin-sdk,True,security_updates_only,security_only_ever,False,True,2019-10-30T07:14:44Z,https://github.com/borball/weixin-sdk/pull/88,88.0,dependabot,Bump jackson.version from 2.9.0 to 2.10.0 in /weixin-parent,False,,,,,,2026-08-14T17:23:26.607925+00:00
bsorrentino/maven-confluence-plugin,https://github.com/bsorrentino/maven-confluence-plugin,True,security_updates_only,security_only_ever,False,True,2020-03-04T22:04:48Z,https://github.com/bsorrentino/maven-confluence-plugin/pull/211,211.0,dependabot,Bump jackson-databind from 2.9.10.1 to 2.9.10.3 in /maven-confluence-core,False,,,,,,2026-08-14T17:23:32.555699+00:00
btc-ag/redg,https://github.com/btc-ag/redg,False,not_using_dependabot,never_detected,False,False,,,,,,False,,,,,,2026-08-14T17:23:38.111537+00:00
btheu/estivate,https://github.com/btheu/estivate,True,security_updates_only,security_only_ever,False,True,2020-10-12T18:09:47Z,https://github.com/btheu/estivate/pull/1,1.0,dependabot,build(deps-dev): bump junit from 4.13 to 4.13.1,False,,,,,,2026-08-14T17:23:45.141880+00:00
btrplace/scheduler,https://github.com/btrplace/scheduler,True,both_security_and_version_updates,security_then_version,True,True,2019-10-04T13:40:42Z,https://github.com/btrplace/scheduler/pull/180,180.0,dependabot-preview,Bump choco-solver from 4.0.6 to 4.10.1,True,.github/dependabot.yml,2020-09-09T13:29:00Z,81e1f0a9b3f4613567108e304b304e9da3639206,https://github.com/btrplace/scheduler/commit/81e1f0a9b3f4613567108e304b304e9da3639206,340.991875,2026-08-14T17:23:52.453849+00:00
bujiio/buji-pac4j,https://github.com/bujiio/buji-pac4j,True,security_updates_only,security_only_ever,False,True,2025-01-31T17:35:28Z,https://github.com/bujiio/buji-pac4j/pull/310,310.0,dependabot,Bump net.sourceforge.pmd:pmd-core from 6.55.0 to 7.10.0,False,,,,,,2026-08-14T17:23:58.838230+00:00
caelum/vraptor4,https://github.com/caelum/vraptor4,True,security_updates_only,security_only_ever,False,True,2019-11-01T12:25:51Z,https://github.com/caelum/vraptor4/pull/1145,1145.0,dependabot,Bump nokogiri from 1.6.3.1 to 1.6.8.1 in /vraptor-site,False,,,,,,2026-08-14T17:24:05.194310+00:00
camel-extra/camel-extra,https://github.com/camel-extra/camel-extra,True,security_updates_only,security_only_ever,False,True,2021-04-26T17:23:44Z,https://github.com/camel-extra/camel-extra/pull/31,31.0,dependabot,Bump commons-io from 2.4 to 2.7 in /examples/camel-example-rcode,False,,,,,,2026-08-14T17:24:11.745382+00:00
camunda-community-hub/zeebe-exporter-protobuf,https://github.com/camunda-community-hub/zeebe-exporter-protobuf,True,both_security_and_version_updates,security_then_version,True,True,2019-11-21T10:31:06Z,https://github.com/camunda-community-hub/zeebe-exporter-protobuf/pull/6,6.0,dependabot-preview,chore(deps): bump fmt-maven-plugin from 2.6.0 to 2.9,True,.github/dependabot.yml,2021-05-11T04:48:36Z,e911bb6e0d372c597d3e22c451ec722b8e78e060,https://github.com/camunda-community-hub/zeebe-exporter-protobuf/commit/e911bb6e0d372c597d3e22c451ec722b8e78e060,536.7621527777778,2026-08-14T17:24:17.516761+00:00
carewebframework/carewebframework-core,https://github.com/carewebframework/carewebframework-core,False,not_using_dependabot,never_detected,False,False,,,,,,False,,,,,,2026-08-14T17:24:24.619874+00:00
carrot2/elasticsearch-carrot2,https://github.com/carrot2/elasticsearch-carrot2,False,not_using_dependabot,never_detected,False,False,,,,,,False,,,,,,2026-08-14T17:24:30.526024+00:00
caskdata/cdap,https://github.com/caskdata/cdap,False,not_using_dependabot,never_detected,False,False,,,,,,False,,,,,,2026-08-14T17:24:36.128856+00:00
cassandre-tech/cassandre-trading-bot,https://github.com/cassandre-tech/cassandre-trading-bot,True,both_security_and_version_updates,security_then_version,True,True,2020-02-17T07:57:56Z,https://github.com/cassandre-tech/cassandre-trading-bot/pull/11,11.0,dependabot-preview,Bump maven-checkstyle-plugin from 3.1.0 to 3.1.1,True,.github/dependabot.yml,2021-01-26T12:40:01Z,6022c63e5a097dcbefdff76e72a55611a4c770e5,https://github.com/cassandre-tech/cassandre-trading-bot/commit/6022c63e5a097dcbefdff76e72a55611a4c770e5,344.1958912037037,2026-08-14T17:24:44.747864+00:00
cerner/beadledom,https://github.com/cerner/beadledom,True,security_updates_only,security_only_ever,False,True,2019-08-01T20:00:33Z,https://github.com/cerner/beadledom/pull/150,150.0,dependabot,Bump jackson.version from 2.9.9 to 2.10.0.pr1,False,,,,,,2026-08-14T17:24:50.957640+00:00
chainsql/java-chainsql-api,https://github.com/chainsql/java-chainsql-api,True,security_updates_only,security_only_ever,False,True,2020-05-08T18:55:44Z,https://github.com/ChainSQL/java-chainsql-api/pull/13,13.0,dependabot,Bump Java-WebSocket from 1.3.4 to 1.5.0,False,,,,,,2026-08-14T17:24:56.728187+00:00
charithe/kafka-junit,https://github.com/charithe/kafka-junit,True,security_updates_only,security_only_ever,False,True,2020-10-12T18:45:33Z,https://github.com/charithe/kafka-junit/pull/57,57.0,dependabot,Bump junit from 4.13 to 4.13.1,False,,,,,,2026-08-14T17:25:02.827151+00:00
chelu/jdal,https://github.com/chelu/jdal,False,not_using_dependabot,never_detected,False,False,,,,,,False,,,,,,2026-08-14T17:25:08.797714+00:00
cheny2151/toolbox,https://github.com/cheny2151/toolbox,True,security_updates_only,security_only_ever,False,True,2020-08-20T08:19:49Z,https://github.com/cheny2151/toolbox/pull/1,1.0,dependabot,Bump jackson-databind from 2.9.10.1 to 2.9.10.5,False,,,,,,2026-08-14T17:25:16.172165+00:00
chhorz/oas-generator,https://github.com/chhorz/oas-generator,True,both_security_and_version_updates,security_then_version,True,True,2019-11-13T08:04:30Z,https://github.com/chhorz/oas-generator/pull/4,4.0,dependabot,Bump jackson-databind from 2.9.10 to 2.9.10.1,True,.github/dependabot.yml,2020-06-25T18:27:11Z,3aa0a7bb7b2580a7fae084d3ec4dc67ead78cf6b,https://github.com/chhorz/oas-generator/commit/3aa0a7bb7b2580a7fae084d3ec4dc67ead78cf6b,225.43241898148148,2026-08-14T17:25:22.231267+00:00
chilloutdevelopment/pl.chilldev.commons,https://github.com/chilloutdevelopment/pl.chilldev.commons,True,version_updates_config_only,version_config_only_ever,False,False,,,,,,True,.github/dependabot.yml,2023-07-17T14:54:50Z,169a02b946f635c3e5ac2a09d5d22aedd9d34be9,https://github.com/rafalwrzeszcz-wrzasqpl/pl.wrzasq.commons/commit/169a02b946f635c3e5ac2a09d5d22aedd9d34be9,,2026-08-14T17:25:28.710570+00:00
christian-schlichtherle/truelicense,https://github.com/christian-schlichtherle/truelicense,True,security_updates_only,security_only_ever,False,True,2019-11-13T01:24:39Z,https://github.com/christian-schlichtherle/truelicense/pull/4,4.0,dependabot,Bump jackson-databind from 2.9.9.2 to 2.9.10.1,False,,,,,,2026-08-14T17:25:37.393102+00:00
citrusframework/citrus,https://github.com/citrusframework/citrus,True,security_updates_only,security_only_ever,False,True,2019-05-29T18:26:58Z,https://github.com/citrusframework/citrus/pull/660,660.0,dependabot,Bump apache.camel.version from 2.23.2 to 2.24.0,False,,,,,,2026-08-14T17:25:43.025318+00:00
claudius108/kuberam-expath-plugin,https://github.com/claudius108/kuberam-expath-plugin,True,security_updates_only,security_only_ever,False,True,2020-10-13T05:59:01Z,https://github.com/claudius108/kuberam-expath-plugin/pull/20,20.0,dependabot,Bump junit from 4.12 to 4.13.1,False,,,,,,2026-08-14T17:25:49.854146+00:00
cloud-of-things/cot-java-rest-sdk,https://github.com/cloud-of-things/cot-java-rest-sdk,False,not_using_dependabot,never_detected,False,False,,,,,,False,,,,,,2026-08-14T17:25:56.202397+00:00
cloudfoundry/cf-java-client,https://github.com/cloudfoundry/cf-java-client,True,security_updates_only,security_only_ever,False,True,2021-08-02T16:59:00Z,https://github.com/cloudfoundry/cf-java-client/pull/1110,1110.0,dependabot,Bump commons-compress from 1.20 to 1.21,False,,,,,,2026-08-14T17:26:01.851961+00:00
cmake-maven-project/cmake-maven-project,https://github.com/cmake-maven-project/cmake-maven-project,False,not_using_dependabot,never_detected,False,False,,,,,,False,,,,,,2026-08-14T17:26:08.597612+00:00
codahale/xsalsa20poly1305,https://github.com/codahale/xsalsa20poly1305,False,not_using_dependabot,never_detected,False,False,,,,,,False,,,,,,2026-08-14T17:26:16.224413+00:00
code4craft/xsoup,https://github.com/code4craft/xsoup,True,security_updates_only,security_only_ever,False,True,2020-10-13T08:36:20Z,https://github.com/code4craft/xsoup/pull/50,50.0,dependabot,Bump junit from 4.7 to 4.13.1,False,,,,,,2026-08-14T17:26:23.072815+00:00
codelibs/elasticsearch-analysis-extension,https://github.com/codelibs/elasticsearch-analysis-extension,True,security_updates_only,security_only_ever,False,True,2020-10-12T22:35:42Z,https://github.com/codelibs/elasticsearch-analysis-extension/pull/3,3.0,dependabot,Bump junit from 4.12 to 4.13.1,False,,,,,,2026-08-14T17:26:28.588123+00:00
codelibs/elasticsearch-analysis-fess,https://github.com/codelibs/elasticsearch-analysis-fess,True,security_updates_only,security_only_ever,False,True,2020-10-12T21:24:21Z,https://github.com/codelibs/elasticsearch-analysis-fess/pull/3,3.0,dependabot,Bump junit from 4.12 to 4.13.1,False,,,,,,2026-08-14T17:26:34.830781+00:00
codelibs/elasticsearch-analysis-ja,https://github.com/codelibs/elasticsearch-analysis-ja,True,security_updates_only,security_only_ever,False,True,2020-10-13T09:52:33Z,https://github.com/codelibs/elasticsearch-analysis-ja/pull/5,5.0,dependabot,Bump junit from 4.12 to 4.13.1,False,,,,,,2026-08-14T17:26:43.180987+00:00
codelibs/elasticsearch-analysis-kuromoji-neologd,https://github.com/codelibs/elasticsearch-analysis-kuromoji-neologd,False,not_using_dependabot,never_detected,False,False,,,,,,False,,,,,,2026-08-14T17:26:50.819149+00:00
codelibs/elasticsearch-cluster-runner,https://github.com/codelibs/elasticsearch-cluster-runner,True,security_updates_only,security_only_ever,False,True,2020-07-01T18:00:42Z,https://github.com/codelibs/elasticsearch-cluster-runner/pull/35,35.0,dependabot,Bump log4j.version from 2.11.1 to 2.13.3,False,,,,,,2026-08-14T17:26:59.930495+00:00
codelibs/elasticsearch-configsync,https://github.com/codelibs/elasticsearch-configsync,True,security_updates_only,security_only_ever,False,True,2020-10-12T23:14:43Z,https://github.com/codelibs/elasticsearch-configsync/pull/9,9.0,dependabot,Bump junit from 4.12 to 4.13.1,False,,,,,,2026-08-14T17:27:05.814720+00:00
codelibs/elasticsearch-dataformat,https://github.com/codelibs/elasticsearch-dataformat,True,security_updates_only,security_only_ever,False,True,2020-10-12T23:13:53Z,https://github.com/codelibs/elasticsearch-dataformat/pull/59,59.0,dependabot,Bump junit from 4.12 to 4.13.1,False,,,,,,2026-08-14T17:27:11.796745+00:00
codelibs/elasticsearch-dynarank,https://github.com/codelibs/elasticsearch-dynarank,True,security_updates_only,security_only_ever,False,True,2020-10-13T01:28:10Z,https://github.com/codelibs/elasticsearch-dynarank/pull/28,28.0,dependabot,Bump junit from 4.11 to 4.13.1,False,,,,,,2026-08-14T17:27:18.278897+00:00
codelibs/elasticsearch-lang-velocity,https://github.com/codelibs/elasticsearch-lang-velocity,True,security_updates_only,security_only_ever,False,True,2020-10-13T03:22:38Z,https://github.com/codelibs/elasticsearch-lang-velocity/pull/4,4.0,dependabot,Bump junit from 4.12 to 4.13.1,False,,,,,,2026-08-14T17:27:23.830934+00:00
codelibs/elasticsearch-minhash,https://github.com/codelibs/elasticsearch-minhash,True,security_updates_only,security_only_ever,False,True,2020-06-15T21:21:15Z,https://github.com/codelibs/elasticsearch-minhash/pull/21,21.0,dependabot,Bump guava from 24.0-jre to 24.1.1-jre,False,,,,,,2026-08-14T17:27:29.465458+00:00
codelibs/elasticsearch-solr-api,https://github.com/codelibs/elasticsearch-solr-api,False,not_using_dependabot,never_detected,False,False,,,,,,False,,,,,,2026-08-14T17:27:36.138800+00:00
codelibs/elasticsearch-sstmpl,https://github.com/codelibs/elasticsearch-sstmpl,True,security_updates_only,security_only_ever,False,True,2020-10-13T02:28:00Z,https://github.com/codelibs/elasticsearch-sstmpl/pull/12,12.0,dependabot,Bump junit from 4.11 to 4.13.1,False,,,,,,2026-08-14T17:27:41.746835+00:00
codelibs/elasticsearch-taste,https://github.com/codelibs/elasticsearch-taste,False,not_using_dependabot,never_detected,False,False,,,,,,False,,,,,,2026-08-14T17:27:48.384203+00:00
codelibs/fess-crawler,https://github.com/codelibs/fess-crawler,True,security_updates_only,security_only_ever,False,True,2020-10-12T18:22:02Z,https://github.com/codelibs/fess-crawler/pull/52,52.0,dependabot,Bump junit from 4.11 to 4.13.1 in /fess-crawler-es,False,,,,,,2026-08-14T17:27:54.741257+00:00
codelibs/fess-ds-atlassian,https://github.com/codelibs/fess-ds-atlassian,True,security_updates_only,security_only_ever,False,True,2020-10-13T08:05:33Z,https://github.com/codelibs/fess-ds-atlassian/pull/14,14.0,dependabot,Bump junit from 4.13 to 4.13.1,False,,,,,,2026-08-14T17:28:01.001944+00:00
codelibs/fess-ds-csv,https://github.com/codelibs/fess-ds-csv,True,security_updates_only,security_only_ever,False,True,2020-10-13T07:49:24Z,https://github.com/codelibs/fess-ds-csv/pull/2,2.0,dependabot,Bump junit from 4.13 to 4.13.1,False,,,,,,2026-08-14T17:28:07.554691+00:00
codelibs/fess-ds-db,https://github.com/codelibs/fess-ds-db,True,security_updates_only,security_only_ever,False,True,2020-10-13T06:44:28Z,https://github.com/codelibs/fess-ds-db/pull/2,2.0,dependabot,Bump junit from 4.13 to 4.13.1,False,,,,,,2026-08-14T17:28:13.392459+00:00
codelibs/fess-ds-elasticsearch,https://github.com/codelibs/fess-ds-elasticsearch,True,security_updates_only,security_only_ever,False,True,2020-10-13T07:14:41Z,https://github.com/codelibs/fess-ds-elasticsearch/pull/2,2.0,dependabot,Bump junit from 4.13 to 4.13.1,False,,,,,,2026-08-14T17:28:24.648323+00:00
codelibs/fess-ds-gitbucket,https://github.com/codelibs/fess-ds-gitbucket,True,security_updates_only,security_only_ever,False,True,2020-10-13T06:42:52Z,https://github.com/codelibs/fess-ds-gitbucket/pull/3,3.0,dependabot,Bump junit from 4.13 to 4.13.1,False,,,,,,2026-08-14T17:28:31.782724+00:00
codelibs/fess-ds-gsuite,https://github.com/codelibs/fess-ds-gsuite,True,security_updates_only,security_only_ever,False,True,2020-10-12T23:19:59Z,https://github.com/codelibs/fess-ds-gsuite/pull/5,5.0,dependabot,Bump junit from 4.13 to 4.13.1,False,,,,,,2026-08-14T17:28:39.234647+00:00
codemonstur/HTMLCompiler,https://github.com/codemonstur/HTMLCompiler,True,security_updates_only,security_only_ever,False,True,2021-08-23T21:17:02Z,https://github.com/codemonstur/HTMLCompiler/pull/1,1.0,dependabot,Bump jsoup from 1.14.1 to 1.14.2,False,,,,,,2026-08-14T17:28:46.404862+00:00
codescape/bitvunit,https://github.com/codescape/bitvunit,True,security_updates_only,security_only_ever,False,True,2020-10-13T10:16:18Z,https://github.com/codescape/bitvunit/pull/32,32.0,dependabot,Bump junit from 4.12 to 4.13.1,False,,,,,,2026-08-14T17:28:52.939430+00:00
cofcool/chaos-server,https://github.com/cofcool/chaos-server,True,security_updates_only,security_only_ever,False,True,2020-01-21T22:20:26Z,https://github.com/cofcool/chaos-server/pull/10,10.0,dependabot,Bump spring.version from 5.1.6.RELEASE to 5.2.3.RELEASE in /spring-mvc-openfeign,False,,,,,,2026-08-14T17:28:59.815370+00:00
cometd/cometd,https://github.com/cometd/cometd,True,both_security_and_version_updates,security_then_version,True,True,2020-10-13T06:38:46Z,https://github.com/cometd/cometd/pull/936,936.0,dependabot,Bump junit from 4.12 to 4.13.1,True,.github/dependabot.yml,2020-10-23T17:28:30Z,38f086ff0eac8fcf92fb111901e582912f9809fd,https://github.com/cometd/cometd/commit/38f086ff0eac8fcf92fb111901e582912f9809fd,10.451203703703703,2026-08-14T17:29:06.352016+00:00
commercetools/commercetools-jvm-sdk,https://github.com/commercetools/commercetools-jvm-sdk,True,security_updates_only,security_only_ever,False,True,2019-07-29T12:26:27Z,https://github.com/commercetools/commercetools-jvm-sdk/pull/1959,1959.0,dependabot,Bump jackson.version from 2.9.9 to 2.10.0.pr1,False,,,,,,2026-08-14T17:29:13.618687+00:00
confluentinc/parallel-consumer,https://github.com/confluentinc/parallel-consumer,True,both_security_and_version_updates,security_then_version,True,True,2022-03-04T12:55:44Z,https://github.com/confluentinc/parallel-consumer/pull/207,207.0,dependabot,build(deps): bump actions/setup-java from 1 to 3,True,.github/dependabot.yml,2022-03-23T13:48:56Z,1b3c928d424f6b9dfd5abca25e5734760d23db4b,https://github.com/confluentinc/parallel-consumer/commit/1b3c928d424f6b9dfd5abca25e5734760d23db4b,19.036944444444444,2026-08-14T17:29:20.136435+00:00
contentful/contentful-management.java,https://github.com/contentful/contentful-management.java,True,security_updates_only,security_only_ever,False,True,2020-01-31T18:17:39Z,https://github.com/contentful/contentful-management.java/pull/135,135.0,dependabot,Bump checkstyle from 8.18 to 8.29,False,,,,,,2026-08-14T17:29:27.092714+00:00
contentful/contentful.java,https://github.com/contentful/contentful.java,True,security_updates_only,security_only_ever,False,True,2020-01-31T18:17:36Z,https://github.com/contentful/contentful.java/pull/205,205.0,dependabot,Bump checkstyle from 8.18 to 8.29,False,,,,,,2026-08-14T17:29:34.310287+00:00
conveyal/r5,https://github.com/conveyal/r5,True,security_updates_only,security_only_ever,False,True,2020-01-30T14:38:38Z,https://github.com/conveyal/r5/pull/572,572.0,dependabot,build(deps): bump jackson.version from 2.6.1 to 2.10.2,False,,,,,,2026-08-14T17:29:40.149047+00:00
cose-wg/cose-java,https://github.com/cose-wg/cose-java,True,security_updates_only,security_only_ever,False,True,2020-10-12T21:27:00Z,https://github.com/cose-wg/COSE-JAVA/pull/99,99.0,dependabot,Bump junit from 4.12 to 4.13.1,False,,,,,,2026-08-14T17:29:47.872143+00:00
couchbase/kafka-connect-couchbase,https://github.com/couchbase/kafka-connect-couchbase,True,security_updates_only,security_only_ever,False,True,2019-11-13T04:31:55Z,https://github.com/couchbase/kafka-connect-couchbase/pull/16,16.0,dependabot,Bump jackson-databind from 2.9.1 to 2.9.10.1 in /examples/json-producer,False,,,,,,2026-08-14T17:29:54.373534+00:00
craftercms/core,https://github.com/craftercms/core,True,both_security_and_version_updates,security_then_version,True,True,2019-11-13T06:18:12Z,https://github.com/craftercms/core/pull/115,115.0,dependabot,Bump jackson-databind from 2.9.9.3 to 2.9.10.1,True,.github/dependabot.yml,2023-12-08T16:44:29Z,d7f1790bbd71643d86800b2cb9cbca82df2c36e4,https://github.com/craftercms/core/commit/d7f1790bbd71643d86800b2cb9cbca82df2c36e4,1486.4349189814816,2026-08-14T17:30:01.505259+00:00
craftercms/profile,https://github.com/craftercms/profile,True,version_updates_config_only,version_config_only_ever,False,False,,,,,,True,.github/dependabot.yml,2023-12-08T16:44:29Z,94be1b5c4f1efee244b77fe9d4b989b795fea269,https://github.com/craftercms/profile/commit/94be1b5c4f1efee244b77fe9d4b989b795fea269,,2026-08-14T17:30:10.627078+00:00
craftercms/search,https://github.com/craftercms/search,True,both_security_and_version_updates,security_then_version,True,True,2019-11-13T09:49:03Z,https://github.com/craftercms/search/pull/189,189.0,dependabot,Bump jackson-databind from 2.9.9.3 to 2.9.10.1,True,.github/dependabot.yml,2023-12-08T16:44:29Z,93fed16326a38ba3cc9a020c37a3a1dadaf8e0b9,https://github.com/craftercms/search/commit/93fed16326a38ba3cc9a020c37a3a1dadaf8e0b9,1486.2884953703704,2026-08-14T17:30:18.103000+00:00
credibledoc/credible-doc,https://github.com/credibledoc/credible-doc,True,security_updates_only,security_only_ever,False,True,2021-08-23T21:11:51Z,https://github.com/credibledoc/credible-doc/pull/13,13.0,dependabot,Bump jsoup from 1.14.1 to 1.14.2 in /log-combiner-parent/log-labelizer,False,,,,,,2026-08-14T17:30:25.440917+00:00
cryptomator/siv-mode,https://github.com/cryptomator/siv-mode,True,both_security_and_version_updates,security_then_version,True,True,2023-06-14T22:47:39Z,https://github.com/cryptomator/siv-mode/pull/21,21.0,dependabot,Bump guava from 31.0.1-jre to 32.0.0-jre,True,.github/dependabot.yml,2023-10-05T05:52:38Z,852f63692c2b3cef22ba3303980843c196f8e74a,https://github.com/cryptomator/siv-mode/commit/852f63692c2b3cef22ba3303980843c196f8e74a,112.29512731481482,2026-08-14T17:30:31.297702+00:00
cryptomator/webdav-nio-adapter,https://github.com/cryptomator/webdav-nio-adapter,True,both_security_and_version_updates,security_then_version,True,True,2020-08-05T15:08:22Z,https://github.com/cryptomator/webdav-nio-adapter/pull/25,25.0,dependabot,Bump jetty.version from 9.4.28.v20200408 to 9.4.31.v20200723,True,.github/dependabot.yml,2023-09-18T08:46:41Z,1f2090c69ec3011a0604a03cd40cd5ce931e4e60,https://github.com/cryptomator/webdav-nio-adapter/commit/1f2090c69ec3011a0604a03cd40cd5ce931e4e60,1138.7349421296296,2026-08-14T17:30:38.557202+00:00
ctron/rpm-builder,https://github.com/ctron/rpm-builder,True,security_updates_only,security_only_ever,False,True,2020-10-13T03:24:02Z,https://github.com/ctron/rpm-builder/pull/51,51.0,dependabot,Bump junit from 4.12 to 4.13.1,False,,,,,,2026-08-14T17:30:46.177099+00:00
cucumber/cucumber-jvm,https://github.com/cucumber/cucumber-jvm,False,not_using_dependabot,never_detected,False,False,,,,,,False,,,,,,2026-08-14T17:30:53.754217+00:00
dadoonet/fscrawler,https://github.com/dadoonet/fscrawler,True,both_security_and_version_updates,security_then_version,True,True,2019-05-27T03:39:08Z,https://github.com/dadoonet/fscrawler/pull/729,729.0,dependabot-preview,Bump maven-jar-plugin from 3.1.0 to 3.1.2,True,.github/dependabot.yml,2021-06-22T14:17:21Z,046fe50b29da82c0edfde7afdde2d285769a9aef,https://github.com/dadoonet/fscrawler/commit/046fe50b29da82c0edfde7afdde2d285769a9aef,757.4432060185185,2026-08-14T17:31:00.767188+00:00
dadoonet/rssriver,https://github.com/dadoonet/rssriver,False,not_using_dependabot,never_detected,False,False,,,,,,False,,,,,,2026-08-14T17:31:06.929402+00:00
dadoonet/spring-elasticsearch,https://github.com/dadoonet/spring-elasticsearch,True,both_security_and_version_updates,security_then_version,True,True,2019-05-27T03:39:03Z,https://github.com/dadoonet/spring-elasticsearch/pull/172,172.0,dependabot-preview,Bump maven-scm-plugin from 1.11.1 to 1.11.2,True,.github/dependabot.yml,2021-04-28T16:45:41Z,cbcf358af1787bf9f4de72a740f98555f2b53c36,https://github.com/dadoonet/spring-elasticsearch/commit/cbcf358af1787bf9f4de72a740f98555f2b53c36,702.5462731481482,2026-08-14T17:31:13.166806+00:00
damiencarol/jsr203-hadoop,https://github.com/damiencarol/jsr203-hadoop,True,security_updates_only,security_only_ever,False,True,2022-02-09T22:30:57Z,https://github.com/damiencarol/jsr203-hadoop/pull/42,42.0,dependabot,Bump hadoop-common from 2.9.2 to 2.10.1,False,,,,,,2026-08-14T17:31:21.196669+00:00
datasonnet/datasonnet-mapper,https://github.com/datasonnet/datasonnet-mapper,False,not_using_dependabot,never_detected,False,False,,,,,,False,,,,,,2026-08-14T17:31:27.484863+00:00
datastax/simulacron,https://github.com/datastax/simulacron,True,security_updates_only,security_only_ever,False,True,2020-10-12T19:24:30Z,https://github.com/datastax/simulacron/pull/105,105.0,dependabot,Bump junit from 4.12 to 4.13.1,False,,,,,,2026-08-14T17:31:33.791901+00:00
davidcarboni/Cryptolite,https://github.com/davidcarboni/Cryptolite,False,not_using_dependabot,never_detected,False,False,,,,,,False,,,,,,2026-08-14T17:31:39.239116+00:00
davidkarlsen/Commons-Transaction-Spring-Integration,https://github.com/davidkarlsen/Commons-Transaction-Spring-Integration,False,not_using_dependabot,never_detected,False,False,,,,,,False,,,,,,2026-08-14T17:31:45.144290+00:00
dblock/waffle,https://github.com/dblock/waffle,True,version_updates_config_only,version_config_only_ever,False,False,,,,,,True,.github/dependabot.yml,2020-07-04T23:45:12Z,3a3ea6b32602a5bc59f44ba73a9168039b3434ff,https://github.com/Waffle/waffle/commit/3a3ea6b32602a5bc59f44ba73a9168039b3434ff,,2026-08-14T17:31:51.424198+00:00
dbmdz/cudami,https://github.com/dbmdz/cudami,True,both_security_and_version_updates,security_then_version,True,True,2019-02-05T09:19:07Z,https://github.com/dbmdz/cudami/pull/25,25.0,dependabot-preview,Bump bootstrap from 3.3.7 to 4.2.1,True,.github/dependabot.yml,2021-05-03T12:38:26Z,b9db90d7df04c45532d7dec683eef9f26322aa04,https://github.com/dbmdz/cudami/commit/b9db90d7df04c45532d7dec683eef9f26322aa04,818.1384143518519,2026-08-14T17:32:00.875229+00:00
dbmdz/digitalcollections-model,https://github.com/dbmdz/digitalcollections-model,True,both_security_and_version_updates,security_then_version,True,True,2019-02-05T09:19:36Z,https://github.com/dbmdz/digitalcollections-model/pull/17,17.0,dependabot-preview,Bump spring-oxm from 5.1.3.RELEASE to 5.1.4.RELEASE,True,.github/dependabot.yml,2021-05-03T05:33:56Z,a1fdf557175ca2ecc8630048c3f969bcdec1976a,https://github.com/dbmdz/digitalcollections-model/commit/a1fdf557175ca2ecc8630048c3f969bcdec1976a,817.843287037037,2026-08-14T17:32:08.242061+00:00
dbmdz/iiif-apis,https://github.com/dbmdz/iiif-apis,True,both_security_and_version_updates,security_then_version,True,True,2019-02-05T09:19:50Z,https://github.com/dbmdz/iiif-apis/pull/13,13.0,dependabot-preview,Bump spotbugs-maven-plugin from 3.1.10 to 3.1.11,True,.github/dependabot.yml,2021-05-18T06:01:31Z,1d471124244601421f662effd5f14ebb08e9acd6,https://github.com/dbmdz/iiif-apis/commit/1d471124244601421f662effd5f14ebb08e9acd6,832.8622800925926,2026-08-14T17:32:15.118631+00:00
dbmdz/iiif-bookshelf-webapp,https://github.com/dbmdz/iiif-bookshelf-webapp,True,both_security_and_version_updates,security_then_version,True,True,2019-02-05T09:18:40Z,https://github.com/dbmdz/iiif-bookshelf-webapp/pull/18,18.0,dependabot-preview,Bump logstash-logback-encoder from 5.2 to 5.3,True,.github/dependabot.yml,2021-05-06T05:20:16Z,a89c980aa9ebb557e54b2ad71c8ae0b639e59450,https://github.com/dbmdz/iiif-bookshelf-webapp/commit/a89c980aa9ebb557e54b2ad71c8ae0b639e59450,820.8344444444444,2026-08-14T17:32:22.902095+00:00
dbmdz/iiif-server-hymir,https://github.com/dbmdz/iiif-server-hymir,True,both_security_and_version_updates,security_then_version,True,True,2019-02-04T13:42:49Z,https://github.com/dbmdz/iiif-server-hymir/pull/40,40.0,dependabot-preview,Bump html5shiv from 3.7.3 to 3.7.3-1,True,.github/dependabot.yml,2021-05-12T07:28:51Z,dbd76632cf054544ec8afdd0dd3a2d34b3499ef4,https://github.com/dbmdz/iiif-server-hymir/commit/dbd76632cf054544ec8afdd0dd3a2d34b3499ef4,827.7403009259259,2026-08-14T17:32:29.510508+00:00
de4a-wp5/de4a-commons,https://github.com/de4a-wp5/de4a-commons,False,not_using_dependabot,never_detected,False,False,,,,,,False,,,,,,2026-08-14T17:32:36.685650+00:00
debezium/debezium,https://github.com/debezium/debezium,True,both_security_and_version_updates,security_then_version,True,True,2020-10-13T04:43:15Z,https://github.com/debezium/debezium/pull/1884,1884.0,dependabot,Bump junit from 4.12 to 4.13.1,True,.github/dependabot.yml,2023-01-30T10:51:33Z,b34121c1280a0c17f3e5c42567e09c207ddfb8ad,https://github.com/debezium/debezium/commit/b34121c1280a0c17f3e5c42567e09c207ddfb8ad,839.2557638888889,2026-08-14T17:32:44.441957+00:00
deeplearning4j/deeplearning4j,https://github.com/deeplearning4j/deeplearning4j,True,security_updates_only,security_only_ever,False,True,2022-02-09T10:56:58Z,https://github.com/deeplearning4j/deeplearning4j/pull/9628,9628.0,dependabot,Bump spring-core from 5.0.2.RELEASE to 5.0.11.RELEASE in /nd4j/nd4j-backends/nd4j-backend-impls/nd4j-cuda,False,,,,,,2026-08-14T17:32:50.438048+00:00
dekorateio/dekorate,https://github.com/dekorateio/dekorate,True,security_updates_only,security_only_ever,False,True,2020-06-16T09:54:20Z,https://github.com/dekorateio/dekorate/pull/534,534.0,dependabot,chore(deps): bump commons-compress from 1.18 to 1.19,False,,,,,,2026-08-14T17:32:58.169108+00:00
dernasherbrezon/deb-maven-plugin,https://github.com/dernasherbrezon/deb-maven-plugin,True,security_updates_only,security_only_ever,False,True,2020-10-13T06:59:42Z,https://github.com/dernasherbrezon/deb-maven-plugin/pull/12,12.0,dependabot,Bump junit from 4.12 to 4.13.1,False,,,,,,2026-08-14T17:33:04.052570+00:00
detectiveframework/detective,https://github.com/detectiveframework/detective,True,security_updates_only,security_only_ever,False,True,2019-10-18T01:35:28Z,https://github.com/detectiveframework/detective/pull/10,10.0,dependabot,Bump netty-all from 4.1.9.Final to 4.1.42.Final in /core,False,,,,,,2026-08-14T17:33:10.319318+00:00
devlibx/easy,https://github.com/devlibx/easy,False,not_using_dependabot,never_detected,False,False,,,,,,False,,,,,,2026-08-14T17:33:16.429541+00:00
dgroup/docker-unittests,https://github.com/dgroup/docker-unittests,True,security_updates_only,security_only_ever,False,True,2020-10-13T06:43:06Z,https://github.com/dgroup/docker-unittests/pull/268,268.0,dependabot,Bump junit from 4.12 to 4.13.1,False,,,,,,2026-08-14T17:33:21.478262+00:00
dickschoeller/gedbrowser,https://github.com/dickschoeller/gedbrowser,True,security_updates_only,security_only_ever,False,True,2019-07-20T13:22:50Z,https://github.com/dickschoeller/gedbrowser/pull/860,860.0,dependabot,Bump lodash from 4.17.4 to 4.17.11 in /gedbrowserng-frontend,False,,,,,,2026-08-14T17:33:28.073300+00:00
diennea/blazingcache,https://github.com/diennea/blazingcache,True,security_updates_only,security_only_ever,False,True,2020-10-13T00:10:52Z,https://github.com/diennea/blazingcache/pull/166,166.0,dependabot,Bump junit from 4.12 to 4.13.1 in /blazingcache-services,False,,,,,,2026-08-14T17:33:34.402916+00:00
diennea/blobit,https://github.com/diennea/blobit,True,security_updates_only,security_only_ever,False,True,2020-10-13T06:48:19Z,https://github.com/diennea/blobit/pull/40,40.0,dependabot,Bump junit from 4.12 to 4.13.1 in /blobit-core,False,,,,,,2026-08-14T17:33:39.950992+00:00
difi/oxalis,https://github.com/difi/oxalis,False,not_using_dependabot,never_detected,False,False,,,,,,False,,,,,,2026-08-14T17:33:47.296508+00:00
difi/sikker-digital-post-klient,https://github.com/difi/sikker-digital-post-klient,False,not_using_dependabot,never_detected,False,False,,,,,,False,,,,,,2026-08-14T17:33:54.517041+00:00
digipost/certificate-validator,https://github.com/digipost/certificate-validator,True,security_updates_only,security_only_ever,False,True,2021-03-31T19:26:20Z,https://github.com/digipost/certificate-validator/pull/18,18.0,dependabot,Bump guava from 27.1-jre to 29.0-jre,False,,,,,,2026-08-14T17:34:03.020583+00:00
digipost/digipost-api-client-java,https://github.com/digipost/digipost-api-client-java,True,security_updates_only,security_only_ever,False,True,2019-08-20T15:24:09Z,https://github.com/digipost/digipost-api-client-java/pull/86,86.0,dependabot,Bump nokogiri from 1.10.1 to 1.10.4 in /docs,False,,,,,,2026-08-14T17:34:09.186817+00:00
digital-preservation/droid,https://github.com/digital-preservation/droid,True,both_security_and_version_updates,security_then_version,True,True,2019-09-01T16:44:44Z,https://github.com/digital-preservation/droid/pull/239,239.0,dependabot-preview,Bump commons-codec from 1.10 to 1.13,True,.github/dependabot.yml,2021-04-28T16:46:07Z,693011d6900633d0eef454a264cf75bde7b4d084,https://github.com/digital-preservation/droid/commit/693011d6900633d0eef454a264cf75bde7b4d084,605.0009606481482,2026-08-14T17:34:16.370046+00:00
dkpro/dkpro-core,https://github.com/dkpro/dkpro-core,True,security_updates_only,security_only_ever,False,True,2019-11-10T18:58:04Z,https://github.com/dkpro/dkpro-core/pull/1423,1423.0,dependabot,Bump commons-compress from 1.18 to 1.19,False,,,,,,2026-08-14T17:34:24.524967+00:00
dmandalidis/docker-client,https://github.com/dmandalidis/docker-client,True,both_security_and_version_updates,security_then_version,True,True,2019-10-01T20:54:25Z,https://github.com/dmandalidis/docker-client/pull/11,11.0,dependabot-preview,Bump joda-time from 2.8.2 to 2.10.4,True,.github/dependabot.yml,2021-04-30T12:07:28Z,b56ffb323d9ce4ad551a2088a5641e01bcea5a8e,https://github.com/dmandalidis/docker-client/commit/b56ffb323d9ce4ad551a2088a5641e01bcea5a8e,576.6340625,2026-08-14T17:34:30.649123+00:00
dnsjava/dnsjava,https://github.com/dnsjava/dnsjava,True,security_updates_only,security_only_ever,False,True,2021-04-30T20:27:04Z,https://github.com/dnsjava/dnsjava/pull/193,193.0,dependabot,Bump bcprov-jdk15on from 1.66 to 1.67,False,,,,,,2026-08-14T17:34:39.024698+00:00
docker-java/docker-java,https://github.com/docker-java/docker-java,True,both_security_and_version_updates,same_day_security_and_version,False,True,2021-03-29T12:25:50Z,https://github.com/docker-java/docker-java/pull/1570,1570.0,dependabot-preview,Bump lombok from 1.18.12 to 1.18.18,True,.github/dependabot.yml,2021-03-29T13:27:58Z,c86a53a82f16a4ca9b8873f31a65f95b7e29736e,https://github.com/docker-java/docker-java/commit/c86a53a82f16a4ca9b8873f31a65f95b7e29736e,,2026-08-14T17:34:45.529770+00:00
dracoon/dracoon-java-sdk,https://github.com/dracoon/dracoon-java-sdk,True,security_updates_only,security_only_ever,False,True,2022-05-20T20:46:31Z,https://github.com/dracoon/dracoon-java-sdk/pull/8,8.0,dependabot,Bump gson from 2.8.2 to 2.8.9,False,,,,,,2026-08-14T17:34:53.346773+00:00
drasyl-overlay/drasyl,https://github.com/drasyl-overlay/drasyl,True,version_updates_config_only,version_config_only_ever,False,False,,,,,,True,.github/dependabot.yml,2020-09-15T22:42:44Z,351160433213eeb5479425dc82f5dd757d3f9701,https://github.com/drasyl/drasyl/commit/351160433213eeb5479425dc82f5dd757d3f9701,,2026-08-14T17:35:00.437777+00:00
dromara/hutool,https://github.com/dromara/hutool,False,not_using_dependabot,never_detected,False,False,,,,,,False,,,,,,2026-08-14T17:35:09.253129+00:00
druid-io/druid,https://github.com/druid-io/druid,True,version_updates_config_only,version_config_only_ever,False,False,,,,,,True,.github/dependabot.yml,2021-06-07T20:56:32Z,dbec8da7ea5e7b9a6c982a527e17cf95ae6d61dd,https://github.com/apache/druid/commit/dbec8da7ea5e7b9a6c982a527e17cf95ae6d61dd,,2026-08-14T17:35:16.809328+00:00
dts-ait/ariadne-json-route-format,https://github.com/dts-ait/ariadne-json-route-format,False,not_using_dependabot,never_detected,False,False,,,,,,False,,,,,,2026-08-14T17:35:25.886391+00:00
duracloud/duracloud,https://github.com/duracloud/duracloud,True,security_updates_only,security_only_ever,False,True,2019-10-29T20:08:27Z,https://github.com/duracloud/duracloud/pull/105,105.0,dependabot,Bump checkstyle from 8.8 to 8.18,False,,,,,,2026-08-14T17:35:33.754526+00:00
duracloud/duracloud-db,https://github.com/duracloud/duracloud-db,True,security_updates_only,security_only_ever,False,True,2020-01-31T18:02:44Z,https://github.com/duracloud/duracloud-db/pull/14,14.0,dependabot,Bump checkstyle from 8.21 to 8.29,False,,,,,,2026-08-14T17:35:39.044779+00:00
duracloud/snapshot,https://github.com/duracloud/snapshot,True,security_updates_only,security_only_ever,False,True,2019-10-29T20:08:24Z,https://github.com/duracloud/snapshot/pull/18,18.0,dependabot,Bump checkstyle from 8.8 to 8.18,False,,,,,,2026-08-14T17:35:45.781890+00:00
dustin-johnson/timezonemap,https://github.com/dustin-johnson/timezonemap,True,security_updates_only,security_only_ever,False,True,2020-10-13T11:18:52Z,https://github.com/dustin-johnson/timezonemap/pull/5,5.0,dependabot,Bump junit from 4.13 to 4.13.1,False,,,,,,2026-08-14T17:35:51.828670+00:00
dwslab/melt,https://github.com/dwslab/melt,True,both_security_and_version_updates,security_then_version,True,True,2020-06-29T12:41:36Z,https://github.com/dwslab/melt/pull/3,3.0,dependabot,Bump commons-beanutils from 1.9.3 to 1.9.4 in /matching-eval,True,.github/dependabot.yml,2021-04-29T15:44:01Z,d9a87cbef567460b812b4d4c6eb3fcf7d94b201a,https://github.com/dwslab/melt/commit/d9a87cbef567460b812b4d4c6eb3fcf7d94b201a,304.1266782407407,2026-08-14T17:35:57.364115+00:00
eclipse-ee4j/glassfish,https://github.com/eclipse-ee4j/glassfish,True,security_updates_only,security_only_ever,False,True,2022-02-01T08:29:53Z,https://github.com/eclipse-ee4j/glassfish/pull/23775,23775.0,dependabot,Bump httpclient from 4.3.3 to 4.5.13 in /appserver/admingui/devtests,False,,,,,,2026-08-14T17:36:05.009184+00:00
eclipse/deeplearning4j,https://github.com/eclipse/deeplearning4j,False,not_using_dependabot,never_detected,False,False,,,,,,False,,,,,,2026-08-14T17:36:11.797062+00:00
eclipse/hono,https://github.com/eclipse/hono,False,not_using_dependabot,never_detected,False,False,,,,,,False,,,,,,2026-08-14T17:36:20.945947+00:00
egetman/jes,https://github.com/egetman/jes,True,security_updates_only,security_only_ever,False,True,2019-11-13T09:09:43Z,https://github.com/egetman/jes/pull/9,9.0,dependabot,Bump jackson-databind from 2.9.10 to 2.9.10.1,False,,,,,,2026-08-14T17:36:29.062870+00:00
egzosn/pay-java-parent,https://github.com/egzosn/pay-java-parent,True,security_updates_only,security_only_ever,False,True,2020-01-07T02:49:58Z,https://github.com/egzosn/pay-java-parent/pull/48,48.0,dependabot,Bump jackson-databind from 2.9.10 to 2.9.10.1 in /pay-java-demo,False,,,,,,2026-08-14T17:36:36.674823+00:00
ehrbase/ehrbase,https://github.com/ehrbase/ehrbase,True,both_security_and_version_updates,security_then_version,True,True,2019-11-13T12:31:14Z,https://github.com/ehrbase/ehrbase/pull/38,38.0,dependabot,Bump jackson-databind from 2.9.7 to 2.9.10.1 in /serialisation,True,.github/dependabot.yml,2023-03-28T08:42:32Z,7cacef0de3c705c336cd8bdac19dc152e29dc5de,https://github.com/ehrbase/ehrbase/commit/7cacef0de3c705c336cd8bdac19dc152e29dc5de,1230.8411805555556,2026-08-14T17:36:42.485736+00:00
eirslett/frontend-maven-plugin,https://github.com/eirslett/frontend-maven-plugin,True,security_updates_only,security_only_ever,False,True,2020-10-13T06:39:18Z,https://github.com/eirslett/frontend-maven-plugin/pull/936,936.0,dependabot,Bump junit from 4.13 to 4.13.1 in /frontend-plugin-core,False,,,,,,2026-08-14T17:36:49.586783+00:00
electronicarts/ea-async,https://github.com/electronicarts/ea-async,True,security_updates_only,security_only_ever,False,True,2020-10-13T00:30:11Z,https://github.com/electronicarts/ea-async/pull/53,53.0,dependabot,Bump junit from 4.12 to 4.13.1,False,,,,,,2026-08-14T17:36:56.589792+00:00
englishtown/vertx-mod-elasticsearch,https://github.com/englishtown/vertx-mod-elasticsearch,False,not_using_dependabot,never_detected,False,False,,,,,,False,,,,,,2026-08-14T17:37:02.529695+00:00
enioka/jqm,https://github.com/enioka/jqm,False,not_using_dependabot,never_detected,False,False,,,,,,False,,,,,,2026-08-14T17:37:11.269379+00:00
entur/mapstruct-spi-protobuf,https://github.com/entur/mapstruct-spi-protobuf,True,both_security_and_version_updates,security_then_version,True,True,2023-06-14T22:54:40Z,https://github.com/entur/mapstruct-spi-protobuf/pull/336,336.0,dependabot,Bump guava from 31.1-jre to 32.0.0-jre,True,.github/dependabot.yml,2026-02-17T07:46:11Z,2b93788a4dc3c1ade87c56e619ea5e1859c1be64,https://github.com/entur/mapstruct-spi-protobuf/commit/2b93788a4dc3c1ade87c56e619ea5e1859c1be64,978.3691087962962,2026-08-14T17:37:19.396972+00:00
envoyproxy/protoc-gen-validate,https://github.com/envoyproxy/protoc-gen-validate,True,version_updates_config_only,version_config_only_ever,False,False,,,,,,True,.github/dependabot.yml,2022-10-17T16:56:18Z,bc3d11ac422ba5785459b27703affbc6b7b5da5a,https://github.com/bufbuild/protoc-gen-validate/commit/bc3d11ac422ba5785459b27703affbc6b7b5da5a,,2026-08-14T17:37:27.137151+00:00
erudika/para-dao-sql,https://github.com/erudika/para-dao-sql,True,security_updates_only,security_only_ever,False,True,2020-10-12T23:13:11Z,https://github.com/Erudika/para-dao-sql/pull/3,3.0,dependabot,Bump junit from 4.12 to 4.13.1,False,,,,,,2026-08-14T17:37:36.926191+00:00
esaulpaugh/headlong,https://github.com/esaulpaugh/headlong,False,not_using_dependabot,never_detected,False,False,,,,,,False,,,,,,2026-08-14T17:37:43.065408+00:00
esbtools/esb-message-admin,https://github.com/esbtools/esb-message-admin,True,security_updates_only,security_only_ever,False,True,2024-04-29T17:42:40Z,https://github.com/esbtools/esb-message-admin/pull/187,187.0,dependabot,Bump com.fasterxml.jackson.core:jackson-databind from 2.7.2 to 2.12.7.1,False,,,,,,2026-08-14T17:37:50.357066+00:00
eu-emi/canl-java,https://github.com/eu-emi/canl-java,True,security_updates_only,security_only_ever,False,True,2020-10-12T18:33:37Z,https://github.com/eu-emi/canl-java/pull/106,106.0,dependabot,Bump junit from 4.12 to 4.13.1,False,,,,,,2026-08-14T17:37:55.880907+00:00
euler-projects/euler-framework,https://github.com/euler-projects/euler-framework,True,security_updates_only,security_only_ever,False,True,2019-11-02T06:39:27Z,https://github.com/euler-projects/euler-framework/pull/19,19.0,dependabot,Bump jackson.version from 2.9.7 to 2.10.0 in /euler-web-parent,False,,,,,,2026-08-14T17:38:02.640457+00:00
evanchooly/bottlerocket,https://github.com/evanchooly/bottlerocket,True,both_security_and_version_updates,security_then_version,True,True,2020-07-18T22:44:13Z,https://github.com/evanchooly/bottlerocket/pull/18,18.0,dependabot,Bump commons-compress from 1.9 to 1.19,True,.github/dependabot.yaml,2021-11-30T05:27:31Z,d3310a12543f1fc09fffc0246aaa5c0502158801,https://github.com/evanchooly/bottlerocket/commit/d3310a12543f1fc09fffc0246aaa5c0502158801,499.28006944444445,2026-08-14T17:38:10.614440+00:00
excelsior-oss/restler,https://github.com/excelsior-oss/restler,False,not_using_dependabot,never_detected,False,False,,,,,,False,,,,,,2026-08-14T17:38:18.768682+00:00
exist-db/exist,https://github.com/exist-db/exist,True,both_security_and_version_updates,security_then_version,True,True,2019-05-22T19:29:29Z,https://github.com/eXist-db/exist/pull/2710,2710.0,dependabot-preview,Bump exificient from 0.9.3 to 1.0.4,True,.github/dependabot.yml,2021-04-28T16:45:38Z,b7734db1097aeaf3eed64cf2a198f287d36d41cc,https://github.com/eXist-db/exist/commit/b7734db1097aeaf3eed64cf2a198f287d36d41cc,706.8862152777778,2026-08-14T17:38:24.685666+00:00
fabric8io/elasticsearch-cloud-kubernetes,https://github.com/fabric8io/elasticsearch-cloud-kubernetes,False,not_using_dependabot,never_detected,False,False,,,,,,False,,,,,,2026-08-14T17:38:31.505840+00:00
fabric8io/fabric8,https://github.com/fabric8io/fabric8,False,not_using_dependabot,never_detected,False,False,,,,,,False,,,,,,2026-08-14T17:38:37.950899+00:00
fabric8io/kubernetes-client,https://github.com/fabric8io/kubernetes-client,True,both_security_and_version_updates,security_then_version,True,True,2019-03-06T13:19:51Z,https://github.com/fabric8io/kubernetes-client/pull/1388,1388.0,dependabot-preview,Bump depends-maven-plugin from 1.3 to 1.4.0,True,.github/dependabot.yml,2020-12-22T20:36:51Z,e2d2b94a5e6658d933fe074aa0629d3ba6ff2405,https://github.com/fabric8io/kubernetes-client/commit/e2d2b94a5e6658d933fe074aa0629d3ba6ff2405,657.3034722222222,2026-08-14T17:38:43.375208+00:00
factcast/factcast,https://github.com/factcast/factcast,True,security_updates_only,security_only_ever,False,True,2019-06-21T19:36:12Z,https://github.com/factcast/factcast/pull/453,453.0,dependabot-preview,Bump netty-tcnative-boringssl-static from 2.0.24.Final to 2.0.25.Final,False,,,,,,2026-08-14T17:38:51.366895+00:00
fartherp/framework,https://github.com/fartherp/framework,True,security_updates_only,security_only_ever,False,True,2019-10-30T22:09:31Z,https://github.com/fartherp/framework/pull/2,2.0,dependabot,Bump netty-all from 4.1.32.Final to 4.1.42.Final,False,,,,,,2026-08-14T17:38:58.520131+00:00
fastjrun/sdkg,https://github.com/fastjrun/sdkg,True,security_updates_only,security_only_ever,False,True,2022-11-13T05:53:06Z,https://github.com/fastjrun/sdkg/pull/16,16.0,dependabot,Bump snakeyaml from 1.29 to 1.32 in /base-sdkg/base-sdkg-test,False,,,,,,2026-08-14T17:39:04.808297+00:00
fcrepo-exts/fcrepo-camel,https://github.com/fcrepo-exts/fcrepo-camel,True,security_updates_only,security_only_ever,False,True,2019-10-30T07:12:50Z,https://github.com/fcrepo-exts/fcrepo-camel/pull/156,156.0,dependabot,Bump camel.version from 2.20.4 to 2.24.2,False,,,,,,2026-08-14T17:39:11.674027+00:00
fcrepo-exts/fcrepo-camel-toolbox,https://github.com/fcrepo-exts/fcrepo-camel-toolbox,True,security_updates_only,security_only_ever,False,True,2020-07-14T20:20:37Z,https://github.com/fcrepo-exts/fcrepo-camel-toolbox/pull/153,153.0,dependabot,Bump xercesImpl from 2.11.0 to 2.12.0,False,,,,,,2026-08-14T17:39:17.634020+00:00
fcrepo/fcrepo,https://github.com/fcrepo/fcrepo,True,security_updates_only,security_only_ever,False,True,2019-10-29T13:32:55Z,https://github.com/fcrepo/fcrepo/pull/1563,1563.0,dependabot,Bump jackson2.version from 2.9.9 to 2.10.0,False,,,,,,2026-08-14T17:39:23.900774+00:00
fcrepo3/fcrepo,https://github.com/fcrepo3/fcrepo,False,not_using_dependabot,never_detected,False,False,,,,,,False,,,,,,2026-08-14T17:39:30.481990+00:00
fcrepo4-exts/fcrepo-camel-toolbox,https://github.com/fcrepo4-exts/fcrepo-camel-toolbox,False,not_using_dependabot,never_detected,False,False,,,,,,False,,,,,,2026-08-14T17:39:36.170359+00:00
fedora-java/xmvn,https://github.com/fedora-java/xmvn,True,both_security_and_version_updates,security_then_version,True,True,2020-10-12T19:19:23Z,https://github.com/fedora-java/xmvn/pull/59,59.0,dependabot,Bump junit from 4.12 to 4.13.1 in /xmvn-it/src/test/resources/testBuilddepProfiles,True,.github/dependabot.yml,2021-07-06T11:17:10Z,855bbb4526cc1656927a90bd3ad73589c89b53ed,https://github.com/fedora-java/xmvn/commit/855bbb4526cc1656927a90bd3ad73589c89b53ed,266.6651273148148,2026-08-14T17:39:45.255705+00:00
felleslosninger/efm-integrasjonspunkt,https://github.com/felleslosninger/efm-integrasjonspunkt,True,both_security_and_version_updates,security_then_version,True,True,2020-11-26T11:03:47Z,https://github.com/felleslosninger/efm-integrasjonspunkt/pull/929,929.0,dependabot,Bump junit from 4.12 to 4.13.1 in /feature-tests,True,.github/dependabot.yml,2023-10-27T19:40:30Z,ee367c2028737ead763c893b2adcd61d12e67880,https://github.com/felleslosninger/efm-integrasjonspunkt/commit/ee367c2028737ead763c893b2adcd61d12e67880,1065.3588310185185,2026-08-14T17:39:53.066955+00:00
fidusio/zoxweb-core,https://github.com/fidusio/zoxweb-core,True,security_updates_only,security_only_ever,False,True,2021-06-04T22:08:45Z,https://github.com/fidusio/zoxweb-core/pull/1,1.0,dependabot,Bump snakeyaml from 1.24 to 1.26,False,,,,,,2026-08-14T17:40:00.980584+00:00
fizzed/stork,https://github.com/fizzed/stork,True,security_updates_only,security_only_ever,False,True,2019-10-29T20:15:45Z,https://github.com/fizzed/stork/pull/31,31.0,dependabot,Bump jackson.version from 2.8.1 to 2.10.0,False,,,,,,2026-08-14T17:40:07.200052+00:00
flapdoodle-oss/de.flapdoodle.embed.process,https://github.com/flapdoodle-oss/de.flapdoodle.embed.process,True,security_updates_only,security_only_ever,False,True,2020-02-13T06:57:07Z,https://github.com/flapdoodle-oss/de.flapdoodle.embed.process/pull/110,110.0,dependabot,Bump commons-compress from 1.16.1 to 1.19,False,,,,,,2026-08-14T17:40:12.438771+00:00
flowable/flowable-engine,https://github.com/flowable/flowable-engine,True,security_updates_only,security_only_ever,False,True,2019-11-04T21:22:35Z,https://github.com/flowable/flowable-engine/pull/2000,2000.0,dependabot,Bump jackson.version from 2.9.10 to 2.10.0,False,,,,,,2026-08-14T17:40:19.824122+00:00
flowlogix/flowlogix,https://github.com/flowlogix/flowlogix,True,both_security_and_version_updates,security_then_version,True,True,2020-09-22T22:48:07Z,https://github.com/flowlogix/flowlogix/pull/65,65.0,dependabot,Bump commons-fileupload from 1.3.2 to 1.3.3 in /build-core,True,.github/dependabot.yml,2021-12-31T20:11:04Z,9caf7daced068ca4427a53358b55e1cbc39a7b29,https://github.com/flowlogix/flowlogix/commit/9caf7daced068ca4427a53358b55e1cbc39a7b29,464.8909375,2026-08-14T17:40:25.441147+00:00
fluo-io/fluo,https://github.com/fluo-io/fluo,False,not_using_dependabot,never_detected,False,False,,,,,,False,,,,,,2026-08-14T17:40:32.792762+00:00
flyingsaucerproject/flyingsaucer,https://github.com/flyingsaucerproject/flyingsaucer,True,both_security_and_version_updates,security_then_version,True,True,2019-11-13T12:58:16Z,https://github.com/flyingsaucerproject/flyingsaucer/pull/166,166.0,dependabot,Bump bouncycastle.version from 1.60 to 1.64 in /flying-saucer-pdf,True,.github/dependabot.yml,2023-09-17T07:14:08Z,f18ad3831ca760b6a362790382ba7324c5fd6199,https://github.com/flyingsaucerproject/flyingsaucer/commit/f18ad3831ca760b6a362790382ba7324c5fd6199,1403.7610185185185,2026-08-14T17:40:40.310955+00:00
flyway/flyway,https://github.com/flyway/flyway,False,not_using_dependabot,never_detected,False,False,,,,,,False,,,,,,2026-08-14T17:40:47.099811+00:00
freedomotic/freedomotic,https://github.com/freedomotic/freedomotic,True,security_updates_only,security_only_ever,False,True,2019-10-29T13:36:03Z,https://github.com/freedomotic/freedomotic/pull/479,479.0,dependabot,Bump org.eclipse.paho.client.mqttv3 from 1.2.0 to 1.2.1 in /plugins/devices/mqtt-client,False,,,,,,2026-08-14T17:40:53.183113+00:00
fuinorg/event-store-maven-plugin,https://github.com/fuinorg/event-store-maven-plugin,True,security_updates_only,security_only_ever,False,True,2020-03-07T12:34:59Z,https://github.com/fuinorg/event-store-maven-plugin/pull/22,22.0,dependabot,Bump commons-compress from 1.18 to 1.19 in /es-maven-plugin,False,,,,,,2026-08-14T17:40:59.289845+00:00
fujion/fujion-framework,https://github.com/fujion/fujion-framework,True,security_updates_only,security_only_ever,False,True,2020-04-29T22:55:58Z,https://github.com/fujion/fujion-framework/pull/6,6.0,dependabot,Bump jquery from 3.1.1 to 3.5.0 in /fujion-archetype-parent/fujion-archetype-angular/src/main/resources/archetype-resources,False,,,,,,2026-08-14T17:41:05.488096+00:00
furkandogan/web-automation-template,https://github.com/furkandogan/web-automation-template,True,security_updates_only,security_only_ever,False,True,2020-10-13T02:15:27Z,https://github.com/furkandogan/web-automation-template/pull/1,1.0,dependabot,Bump junit from 4.12 to 4.13.1,False,,,,,,2026-08-14T17:41:12.830899+00:00
g-research/siembol,https://github.com/g-research/siembol,True,both_security_and_version_updates,security_then_version,True,True,2020-11-26T16:24:51Z,https://github.com/G-Research/siembol/pull/8,8.0,dependabot,Bump elliptic from 6.5.2 to 6.5.3 in /config-editor/config-editor-ui,True,.github/dependabot.yml,2021-05-26T09:35:36Z,fea0df8802176444b283375ffba6ede2f927021c,https://github.com/G-Research/siembol/commit/fea0df8802176444b283375ffba6ede2f927021c,180.7157986111111,2026-08-14T17:41:18.266927+00:00
galan/commons,https://github.com/galan/commons,True,security_updates_only,security_only_ever,False,True,2019-11-13T02:55:39Z,https://github.com/galan/commons/pull/3,3.0,dependabot,Bump jackson-databind from 2.9.10 to 2.9.10.1,False,,,,,,2026-08-14T17:41:25.160424+00:00
galasa-dev/framework,https://github.com/galasa-dev/framework,False,not_using_dependabot,never_detected,False,False,,,,,,False,,,,,,2026-08-14T17:41:32.015117+00:00
geolatte/geolatte-geom,https://github.com/geolatte/geolatte-geom,True,security_updates_only,security_only_ever,False,True,2019-11-13T01:23:22Z,https://github.com/GeoLatte/geolatte-geom/pull/88,88.0,dependabot,Bump jackson-databind from 2.9.10 to 2.9.10.1 in /json,False,,,,,,2026-08-14T17:41:40.183716+00:00
geomajas/geomajas-project-client-gwt,https://github.com/geomajas/geomajas-project-client-gwt,False,not_using_dependabot,never_detected,False,False,,,,,,False,,,,,,2026-08-14T17:41:47.000737+00:00
georgberky/dependency-update-maven-plugin,https://github.com/georgberky/dependency-update-maven-plugin,True,security_updates_only,security_only_ever,False,True,2021-05-18T17:09:05Z,https://github.com/georgberky/dependency-update-maven-plugin/pull/23,23.0,dependabot,Bump commons-io from 2.5 to 2.7,False,,,,,,2026-08-14T17:41:52.767234+00:00
gismaker/lambkit,https://github.com/gismaker/lambkit,True,security_updates_only,security_only_ever,False,True,2019-11-13T09:08:31Z,https://github.com/gismaker/lambkit/pull/1,1.0,dependabot,Bump jackson-databind from 2.9.1 to 2.9.10.1,False,,,,,,2026-08-14T17:41:59.063341+00:00
godaddy/asherah,https://github.com/godaddy/asherah,True,both_security_and_version_updates,security_then_version,True,True,2020-07-01T23:37:37Z,https://github.com/godaddy/asherah/pull/249,249.0,dependabot,Bump mysql-connector-java from 8.0.13 to 8.0.16 in /samples/java/reference-app,True,.github/dependabot.yml,2024-11-20T00:11:05Z,8bdb566d70acb478548bb14f32e01fc36ad3918f,https://github.com/godaddy/asherah/commit/8bdb566d70acb478548bb14f32e01fc36ad3918f,1602.0232407407407,2026-08-14T17:42:06.405730+00:00
goldmansachs/obevo,https://github.com/goldmansachs/obevo,True,security_updates_only,security_only_ever,False,True,2020-01-31T18:03:08Z,https://github.com/goldmansachs/obevo/pull/262,262.0,dependabot,Bump checkstyle from 8.18 to 8.29,False,,,,,,2026-08-14T17:42:13.542339+00:00
google/tink,https://github.com/google/tink,False,not_using_dependabot,never_detected,False,False,,,,,,False,,,,,,2026-08-14T17:42:20.036414+00:00
graphaware/neo4j-framework,https://github.com/graphaware/neo4j-framework,True,security_updates_only,security_only_ever,False,True,2019-11-04T10:41:00Z,https://github.com/graphaware/neo4j-framework/pull/100,100.0,dependabot,Bump spring.version from 4.3.13.RELEASE to 5.2.1.RELEASE,False,,,,,,2026-08-14T17:42:28.247548+00:00
graphhopper/graphhopper,https://github.com/graphhopper/graphhopper,False,not_using_dependabot,never_detected,False,False,,,,,,False,,,,,,2026-08-14T17:42:35.777014+00:00
grasshopper7/cucumber-pdf-report,https://github.com/grasshopper7/cucumber-pdf-report,False,not_using_dependabot,never_detected,False,False,,,,,,False,,,,,,2026-08-14T17:42:41.630412+00:00
grasshopper7/pdfextentreporter,https://github.com/grasshopper7/pdfextentreporter,False,not_using_dependabot,never_detected,False,False,,,,,,False,,,,,,2026-08-14T17:42:48.099358+00:00
gudaoxuri/dew-common,https://github.com/gudaoxuri/dew-common,True,security_updates_only,security_only_ever,False,True,2019-11-01T18:38:10Z,https://github.com/gudaoxuri/dew-common/pull/4,4.0,dependabot,Bump jackson.version from 2.9.9 to 2.10.0,False,,,,,,2026-08-14T17:42:54.122083+00:00
gzxishan/OftenPorter,https://github.com/gzxishan/OftenPorter,False,not_using_dependabot,never_detected,False,False,,,,,,False,,,,,,2026-08-14T17:42:59.895677+00:00
hammock-project/hammock,https://github.com/hammock-project/hammock,True,security_updates_only,security_only_ever,False,True,2019-10-29T13:39:15Z,https://github.com/hammock-project/hammock/pull/154,154.0,dependabot,Bump nimbus-jose-jwt from 5.2 to 7.9,False,,,,,,2026-08-14T17:43:07.943853+00:00
hapifhir/hapi-fhir,https://github.com/hapifhir/hapi-fhir,True,both_security_and_version_updates,security_then_version,True,True,2019-12-02T23:16:21Z,https://github.com/hapifhir/hapi-fhir/pull/1618,1618.0,dependabot,Bump jetty_version from 9.4.23.v20191118 to 9.4.24.v20191120,True,.github/dependabot.yml,2020-06-03T14:37:47Z,86ef0ec0e229eb546a91cffea676f61afa46dde3,https://github.com/hapifhir/hapi-fhir/commit/86ef0ec0e229eb546a91cffea676f61afa46dde3,183.63988425925925,2026-08-14T17:43:13.935874+00:00
hazelcast/hazelcast-simulator,https://github.com/hazelcast/hazelcast-simulator,True,security_updates_only,security_only_ever,False,True,2020-02-21T19:03:30Z,https://github.com/hazelcast/hazelcast-simulator/pull/1840,1840.0,dependabot,Bump netty.version from 4.1.43.Final to 4.1.45.Final in /drivers/driver-hazelcast4,False,,,,,,2026-08-14T17:43:20.935173+00:00
hazendaz/displaytag,https://github.com/hazendaz/displaytag,True,both_security_and_version_updates,security_then_version,True,True,2019-01-09T03:56:40Z,https://github.com/hazendaz/displaytag/pull/11,11.0,dependabot-preview,Bump struts2-core from 2.5.17 to 2.5.18,True,.github/dependabot.yml,2020-07-05T00:20:50Z,ab0ca8c7ef0cf7ab9f076941f92313d1e1e9913f,https://github.com/hazendaz/displaytag/commit/ab0ca8c7ef0cf7ab9f076941f92313d1e1e9913f,542.8501157407408,2026-08-14T17:43:27.665315+00:00
hcoles/pitest,https://github.com/hcoles/pitest,True,security_updates_only,security_only_ever,False,True,2020-06-30T22:59:51Z,https://github.com/hcoles/pitest/pull/779,779.0,dependabot,Bump xstream from 1.4.8 to 1.4.10-java7 in /pitest-entry,False,,,,,,2026-08-14T17:43:34.532188+00:00
helun/Ektorp,https://github.com/helun/Ektorp,True,security_updates_only,security_only_ever,False,True,2019-10-29T20:07:59Z,https://github.com/helun/Ektorp/pull/298,298.0,dependabot,Bump jackson.version from 2.6.7 to 2.10.0,False,,,,,,2026-08-14T17:43:41.527036+00:00
heroku/heroku-maven-plugin,https://github.com/heroku/heroku-maven-plugin,True,version_updates_config_only,version_config_only_ever,False,False,,,,,,True,.github/dependabot.yml,2021-10-03T17:56:34Z,602e070fd8d32c5af185d068a652328b157eb3dc,https://github.com/heroku/heroku-jvm-application-deployer/commit/602e070fd8d32c5af185d068a652328b157eb3dc,,2026-08-14T17:43:49.292318+00:00
heuermh/dishevelled,https://github.com/heuermh/dishevelled,True,security_updates_only,security_only_ever,False,True,2020-06-15T19:22:57Z,https://github.com/heuermh/dishevelled/pull/20,20.0,dependabot,Bump xercesImpl from 2.11.0 to 2.12.0 in /worm-plot-cytoscape3-app,False,,,,,,2026-08-14T17:43:58.079397+00:00
hibernate/hibernate-ogm,https://github.com/hibernate/hibernate-ogm,True,security_updates_only,security_only_ever,False,True,2019-10-22T01:37:49Z,https://github.com/hibernate/hibernate-ogm/pull/1113,1113.0,dependabot,Bump version.com.fasterxml.jackson from 2.9.5 to 2.10.0 in /bom,False,,,,,,2026-08-14T17:44:07.025962+00:00
holon-platform/holon-core,https://github.com/holon-platform/holon-core,False,not_using_dependabot,never_detected,False,False,,,,,,False,,,,,,2026-08-14T17:44:12.563045+00:00
huaweicloud/huaweicloud-sdk-java-dis,https://github.com/huaweicloud/huaweicloud-sdk-java-dis,True,security_updates_only,security_only_ever,False,True,2019-11-13T06:27:41Z,https://github.com/huaweicloud/huaweicloud-sdk-java-dis/pull/38,38.0,dependabot,Bump jackson-databind from 2.9.8 to 2.9.10.1 in /huaweicloud-sdk-java-dis-iface,False,,,,,,2026-08-14T17:44:19.352695+00:00
hugegraph/hugegraph-loader,https://github.com/hugegraph/hugegraph-loader,False,not_using_dependabot,never_detected,False,False,,,,,,False,,,,,,2026-08-14T17:44:25.542812+00:00
hydrator/wrangler,https://github.com/hydrator/wrangler,False,not_using_dependabot,never_detected,False,False,,,,,,False,,,,,,2026-08-14T17:44:34.247274+00:00
hyperchain/javasdk,https://github.com/hyperchain/javasdk,True,security_updates_only,security_only_ever,False,True,2020-10-13T12:36:23Z,https://github.com/hyperchain/javasdk/pull/94,94.0,dependabot,chore(deps-dev): bump junit from 4.12 to 4.13.1,False,,,,,,2026-08-14T17:44:42.401236+00:00
hypercube1024/firefly,https://github.com/hypercube1024/firefly,True,security_updates_only,security_only_ever,False,True,2019-10-29T13:29:05Z,https://github.com/hypercube1024/firefly/pull/86,86.0,dependabot,Bump jackson.version from 2.9.7 to 2.10.0,False,,,,,,2026-08-14T17:44:48.412335+00:00
hyperledger/fabric-sdk-java,https://github.com/hyperledger/fabric-sdk-java,True,security_updates_only,security_only_ever,False,True,2019-11-23T18:08:01Z,https://github.com/hyperledger/fabric-sdk-java/pull/28,28.0,dependabot,Bump commons-compress from 1.18 to 1.19,False,,,,,,2026-08-14T17:44:55.229835+00:00
iZettle/dropwizard-metrics-influxdb,https://github.com/iZettle/dropwizard-metrics-influxdb,True,both_security_and_version_updates,security_then_version,True,True,2019-12-11T08:34:26Z,https://github.com/iZettle/dropwizard-metrics-influxdb/pull/104,104.0,dependabot-preview,build(deps): bump mockito-core from 3.0.0 to 3.2.0,True,.github/dependabot.yml,2021-09-04T07:41:58Z,4c75397bc7678dabf11073bee7d15ef3f5bf1f26,https://github.com/iZettle/dropwizard-metrics-influxdb/commit/4c75397bc7678dabf11073bee7d15ef3f5bf1f26,632.9635648148148,2026-08-14T17:45:01.901182+00:00
idflakies/iDFlakies,https://github.com/idflakies/iDFlakies,False,not_using_dependabot,never_detected,False,False,,,,,,False,,,,,,2026-08-14T17:45:11.339087+00:00
iitsoftware/swiftmq-client,https://github.com/iitsoftware/swiftmq-client,True,security_updates_only,security_only_ever,False,True,2020-06-06T05:45:11Z,https://github.com/iitsoftware/swiftmq-client/pull/38,38.0,dependabot,Bump dom4j from 2.1.1 to 2.1.3,False,,,,,,2026-08-14T17:45:19.571227+00:00
ijazfx/graphenee,https://github.com/ijazfx/graphenee,True,security_updates_only,security_only_ever,False,True,2021-03-31T20:31:06Z,https://github.com/ijazfx/graphenee/pull/63,63.0,dependabot,Bump guava from 28.2-jre to 29.0-jre in /gx,False,,,,,,2026-08-14T17:45:26.664998+00:00
ikasanEIP/ikasan,https://github.com/ikasanEIP/ikasan,True,security_updates_only,security_only_ever,False,True,2019-10-08T18:30:29Z,https://github.com/ikasanEIP/ikasan/pull/682,682.0,dependabot,Bump xstream from 1.4.10 to 1.4.10-java7 in /ikasaneip,False,,,,,,2026-08-14T17:45:32.563972+00:00
in-toto/in-toto-java,https://github.com/in-toto/in-toto-java,True,both_security_and_version_updates,security_then_version,True,True,2021-04-30T20:27:09Z,https://github.com/in-toto/in-toto-java/pull/22,22.0,dependabot,Bump bcprov-jdk15on from 1.66 to 1.67,True,.github/dependabot.yml,2022-07-06T16:08:59Z,d59c7e083d48b99b795e71c350a95e87fb7c9f64,https://github.com/in-toto/in-toto-java/commit/d59c7e083d48b99b795e71c350a95e87fb7c9f64,431.8207175925926,2026-08-14T17:45:38.326973+00:00
infinispan/infinispan,https://github.com/infinispan/infinispan,True,both_security_and_version_updates,security_then_version,True,True,2020-07-01T21:59:27Z,https://github.com/infinispan/infinispan/pull/8525,8525.0,dependabot,Bump mysql-connector-java from 5.1.19 to 8.0.16,True,.github/dependabot.yml,2023-12-15T11:03:56Z,da02fd11453f1661d70cdbac34ca2e63c2faffe8,https://github.com/infinispan/infinispan/commit/da02fd11453f1661d70cdbac34ca2e63c2faffe8,1261.5447800925926,2026-08-14T17:45:45.887256+00:00
influxdata/influxdb-java,https://github.com/influxdata/influxdb-java,True,both_security_and_version_updates,same_day_security_and_version,False,True,2020-11-02T08:14:32Z,https://github.com/influxdata/influxdb-java/pull/706,706.0,dependabot,Bump maven-resources-plugin from 3.1.0 to 3.2.0,True,.github/dependabot.yml,2020-11-02T08:14:09Z,cb7ab55bc398a0fd3c0e123e38c4e47050c7dc03,https://github.com/influxdata/influxdb-java/commit/cb7ab55bc398a0fd3c0e123e38c4e47050c7dc03,,2026-08-14T17:45:52.487251+00:00
inspire-software/geda-genericdto,https://github.com/inspire-software/geda-genericdto,True,security_updates_only,security_only_ever,False,True,2021-06-07T16:32:47Z,https://github.com/inspire-software/geda-genericdto/pull/8,8.0,dependabot,Bump logback-core from 0.9.20 to 1.2.0 in /osgi-itest,False,,,,,,2026-08-14T17:46:00.404160+00:00
intelligentcode/ameba-shiro,https://github.com/intelligentcode/ameba-shiro,False,not_using_dependabot,never_detected,False,False,,,,,,False,,,,,,2026-08-14T17:46:06.510937+00:00
internetarchive/heritrix3,https://github.com/internetarchive/heritrix3,True,both_security_and_version_updates,security_then_version,True,True,2022-01-27T03:03:09Z,https://github.com/internetarchive/heritrix3/pull/460,460.0,dependabot,Bump spring-core from 5.3.3 to 5.3.14 in /commons,True,.github/dependabot.yml,2025-10-27T01:05:16Z,dd11f87ce791ced3c9922cf81673af4463f5b01a,https://github.com/internetarchive/heritrix3/commit/dd11f87ce791ced3c9922cf81673af4463f5b01a,1368.918136574074,2026-08-14T17:46:13.635503+00:00
iotaledger/iota-java,https://github.com/iotaledger/iota-java,False,not_using_dependabot,never_detected,False,False,,,,,,False,,,,,,2026-08-14T17:46:23.007949+00:00
j-easy/easy-batch,https://github.com/j-easy/easy-batch,True,security_updates_only,security_only_ever,False,True,2020-07-01T19:18:03Z,https://github.com/j-easy/easy-batch/pull/378,378.0,dependabot,Bump quartz from 2.3.0 to 2.3.2 in /easy-batch-tutorials,False,,,,,,2026-08-14T17:46:30.110862+00:00
jOOQ/jOOQ,https://github.com/jOOQ/jOOQ,True,security_updates_only,security_only_ever,False,True,2020-10-13T06:39:24Z,https://github.com/jOOQ/jOOQ/pull/10731,10731.0,dependabot,Bump junit from 4.13 to 4.13.1 in /jOOQ-examples/jOOQ-spark-example,False,,,,,,2026-08-14T17:46:36.999519+00:00
jamesdbloom/mockservice,https://github.com/jamesdbloom/mockservice,True,version_updates_config_only,version_config_only_ever,False,False,,,,,,True,.github/dependabot.yml,2020-09-11T03:55:46Z,2bf234fee4eceb3dec6a7f5590fae97a344363b8,https://github.com/mock-server/mockserver-monorepo/commit/2bf234fee4eceb3dec6a7f5590fae97a344363b8,,2026-08-14T17:46:42.687987+00:00
javalite/activejdbc,https://github.com/javalite/activejdbc,True,version_updates_config_only,version_config_only_ever,False,False,,,,,,True,.github/dependabot.yml,2024-10-20T14:14:36Z,b0f1c5c0f94d4949b7722379d4a2c9dd34ffb652,https://github.com/javalite/javalite/commit/b0f1c5c0f94d4949b7722379d4a2c9dd34ffb652,,2026-08-14T17:46:52.655770+00:00
javamelody/javamelody,https://github.com/javamelody/javamelody,True,security_updates_only,security_only_ever,False,True,2020-07-01T17:59:55Z,https://github.com/javamelody/javamelody/pull/925,925.0,dependabot,Bump log4j-core from 2.13.0 to 2.13.2 in /javamelody-core,False,,,,,,2026-08-14T17:47:01.136543+00:00
javawebers/yt,https://github.com/javawebers/yt,False,not_using_dependabot,never_detected,False,False,,,,,,False,,,,,,2026-08-14T17:47:07.055048+00:00
jayway/powermock,https://github.com/jayway/powermock,True,version_updates_config_only,version_config_only_ever,False,False,,,,,,True,.github/dependabot.yml,2020-09-20T18:41:15Z,4f33d9aa35fa56d3dc3907aab348fb07d99fb439,https://github.com/powermock/powermock/commit/4f33d9aa35fa56d3dc3907aab348fb07d99fb439,,2026-08-14T17:47:14.457081+00:00
jbake-org/jbake-maven-plugin,https://github.com/jbake-org/jbake-maven-plugin,False,not_using_dependabot,never_detected,False,False,,,,,,False,,,,,,2026-08-14T17:47:54.160311+00:00
jbehave/jbehave-core,https://github.com/jbehave/jbehave-core,False,not_using_dependabot,never_detected,False,False,,,,,,False,,,,,,2026-08-14T17:47:59.325543+00:00
jbossas/jboss-invocation,https://github.com/jbossas/jboss-invocation,True,version_updates_config_only,version_config_only_ever,False,False,,,,,,True,.github/dependabot.yml,2023-05-31T14:37:42Z,e122d02575584cfd3252c0cb217d27a071b12f07,https://github.com/wildfly/jboss-invocation/commit/e122d02575584cfd3252c0cb217d27a071b12f07,,2026-08-14T17:48:05.841127+00:00
jbossas/remoting-jmx,https://github.com/jbossas/remoting-jmx,False,not_using_dependabot,never_detected,False,False,,,,,,False,,,,,,2026-08-14T17:48:15.757453+00:00
jbossws/jbossws-cxf,https://github.com/jbossws/jbossws-cxf,True,both_security_and_version_updates,security_then_version,True,True,2020-06-15T21:05:27Z,https://github.com/jbossws/jbossws-cxf/pull/131,131.0,dependabot,Bump xercesImpl from 2.12.0.SP02 to 2.12.0,True,.github/dependabot.yml,2023-11-17T02:41:20Z,339b2e9e57da306b04625b558fb9cbc2d32a86f2,https://github.com/jbossws/jbossws-cxf/commit/339b2e9e57da306b04625b558fb9cbc2d32a86f2,1249.2332523148148,2026-08-14T17:48:23.604002+00:00
jcabi/jcabi-http,https://github.com/jcabi/jcabi-http,True,both_security_and_version_updates,security_then_version,True,True,2019-11-13T05:55:07Z,https://github.com/jcabi/jcabi-http/pull/186,186.0,dependabot,Bump jackson-databind from 2.7.6 to 2.9.10.1,True,.github/dependabot.yml,2021-06-28T01:41:37Z,513fa6c5f6bbcf2a941550f041a6b81b59af880e,https://github.com/jcabi/jcabi-http/commit/513fa6c5f6bbcf2a941550f041a6b81b59af880e,592.8239583333333,2026-08-14T17:48:31.560103+00:00
jdillon/mvnsh,https://github.com/jdillon/mvnsh,False,not_using_dependabot,never_detected,False,False,,,,,,False,,,,,,2026-08-14T17:51:25.475048+00:00
jefalbino/jsmart-web,https://github.com/jefalbino/jsmart-web,True,security_updates_only,security_only_ever,False,True,2020-10-13T07:59:31Z,https://github.com/jefalbino/jsmart-web/pull/4,4.0,dependabot,Bump junit from 4.12 to 4.13.1,False,,,,,,2026-08-14T17:51:32.521700+00:00
jeremylong/DependencyCheck,https://github.com/jeremylong/DependencyCheck,True,version_updates_config_only,version_config_only_ever,False,False,,,,,,True,.github/dependabot.yml,2020-06-30T12:30:05Z,96fded372ba423e2c9ac8d64bb3003b2e746738f,https://github.com/jeremylong/DependencyCheck/commit/96fded372ba423e2c9ac8d64bb3003b2e746738f,,2026-08-14T17:51:38.082797+00:00
jhannes/logevents,https://github.com/jhannes/logevents,True,security_updates_only,security_only_ever,False,True,2020-10-13T11:58:52Z,https://github.com/jhannes/logevents/pull/36,36.0,dependabot,Bump junit from 4.12 to 4.13.1 in /logevents,False,,,,,,2026-08-14T17:51:45.666133+00:00
jhipster/jhipster,https://github.com/jhipster/jhipster,True,both_security_and_version_updates,security_then_version,True,True,2019-03-21T15:31:32Z,https://github.com/jhipster/jhipster/pull/208,208.0,dependabot-preview,Bump mssql-jdbc from 7.2.1.jre8 to 7.2.1.jre11,True,.github/dependabot.yml,2020-06-27T16:27:09Z,1f1a1b5cb7a5b6e222905210913e31624a0125f8,https://github.com/jhipster/jhipster/commit/1f1a1b5cb7a5b6e222905210913e31624a0125f8,464.0386226851852,2026-08-14T17:52:31.859779+00:00
jitsi/jitsi-srtp,https://github.com/jitsi/jitsi-srtp,True,security_updates_only,security_only_ever,False,True,2021-04-30T20:27:14Z,https://github.com/jitsi/jitsi-srtp/pull/33,33.0,dependabot,Bump bcprov-jdk15on from 1.66 to 1.67,False,,,,,,2026-08-14T17:52:40.868226+00:00
jitsi/zrtp4j,https://github.com/jitsi/zrtp4j,False,not_using_dependabot,never_detected,False,False,,,,,,False,,,,,,2026-08-14T17:52:46.282837+00:00
jituancaiyun/openapi-java-sdk,https://github.com/jituancaiyun/openapi-java-sdk,True,security_updates_only,security_only_ever,False,True,2021-07-13T10:29:07Z,https://github.com/jituancaiyun/openapi-java-sdk/pull/1,1.0,dependabot,build(deps-dev): bump mysql-connector-java from 5.1.21 to 8.0.16,False,,,,,,2026-08-14T17:52:51.187160+00:00
jjYBdx4IL/misc,https://github.com/jjYBdx4IL/misc,False,not_using_dependabot,never_detected,False,False,,,,,,False,,,,,,2026-08-14T17:52:57.510346+00:00
jnidzwetzki/bboxdb,https://github.com/jnidzwetzki/bboxdb,True,both_security_and_version_updates,security_then_version,True,True,2018-08-17T11:10:11Z,https://github.com/jnidzwetzki/bboxdb/pull/87,87.0,dependabot-preview,Bump jacoco-maven-plugin from 0.7.7.201606060606 to 0.8.1,True,.github/dependabot.yml,2021-04-28T21:38:33Z,210c03ad806ac2772912d7fc651ee69e6333e4a6,https://github.com/jnidzwetzki/bboxdb/commit/210c03ad806ac2772912d7fc651ee69e6333e4a6,985.4363657407407,2026-08-14T17:53:03.236591+00:00
jnoee/coo,https://github.com/jnoee/coo,False,not_using_dependabot,never_detected,False,False,,,,,,False,,,,,,2026-08-14T17:53:10.383807+00:00
joniles/mpxj,https://github.com/joniles/mpxj,True,security_updates_only,security_only_ever,False,True,2020-10-13T10:47:26Z,https://github.com/joniles/mpxj/pull/187,187.0,dependabot,Bump junit from 4.11 to 4.13.1,False,,,,,,2026-08-14T17:53:16.392947+00:00
jooby-project/jooby,https://github.com/jooby-project/jooby,True,both_security_and_version_updates,security_then_version,True,True,2019-11-14T23:20:53Z,https://github.com/jooby-project/jooby/pull/1417,1417.0,dependabot-preview,Bump jetty.version from 9.4.20.v20190813 to 9.4.22.v20191022,True,.github/dependabot.yml,2021-04-28T16:46:22Z,f9ae537158fae7c1c3a8ed76ab476fc55c0f87f6,https://github.com/jooby-project/jooby/commit/f9ae537158fae7c1c3a8ed76ab476fc55c0f87f6,530.7260300925926,2026-08-14T17:53:22.265301+00:00
joyent/java-http-signature,https://github.com/joyent/java-http-signature,False,not_using_dependabot,never_detected,False,False,,,,,,False,,,,,,2026-08-14T17:53:30.306819+00:00
jqassistant/jqa-neo4j-backend,https://github.com/jqassistant/jqa-neo4j-backend,False,not_using_dependabot,never_detected,False,False,,,,,,False,,,,,,2026-08-14T17:53:37.828629+00:00
jqassistant/jqa-plugin-common,https://github.com/jqassistant/jqa-plugin-common,False,not_using_dependabot,never_detected,False,False,,,,,,False,,,,,,2026-08-14T17:53:45.477735+00:00
jsonld-java/jsonld-java,https://github.com/jsonld-java/jsonld-java,True,security_updates_only,security_only_ever,False,True,2022-10-05T02:46:18Z,https://github.com/jsonld-java/jsonld-java/pull/334,334.0,dependabot,Bump jackson-databind from 2.11.4 to 2.12.6.1,False,,,,,,2026-08-14T17:53:52.449571+00:00
jspare-projects/vertx-jspare,https://github.com/jspare-projects/vertx-jspare,False,not_using_dependabot,never_detected,False,False,,,,,,False,,,,,,2026-08-14T17:53:58.061033+00:00
jsunsoftware/http-request,https://github.com/jsunsoftware/http-request,True,security_updates_only,security_only_ever,False,True,2020-10-12T19:31:10Z,https://github.com/jsunsoftware/http-request/pull/4,4.0,dependabot,Bump junit from 4.12 to 4.13.1,False,,,,,,2026-08-14T17:54:04.319003+00:00
jsurfer/JsonSurfer,https://github.com/jsurfer/JsonSurfer,True,version_updates_config_only,version_config_only_ever,False,False,,,,,,True,.github/dependabot.yml,2023-09-15T22:35:25Z,26a59696769eee130d61b134f6869c2c28565763,https://github.com/wanglingsong/JsonSurfer/commit/26a59696769eee130d61b134f6869c2c28565763,,2026-08-14T17:54:10.337572+00:00
junaidontable/baltoro.lib,https://github.com/junaidontable/baltoro.lib,True,security_updates_only,security_only_ever,False,True,2020-10-12T23:11:39Z,https://github.com/junaidontable/baltoro.lib/pull/1,1.0,dependabot,Bump junit from 4.13 to 4.13.1 in /client-lib,False,,,,,,2026-08-14T17:54:19.521909+00:00
jwcarman/Wicketopia,https://github.com/jwcarman/Wicketopia,False,not_using_dependabot,never_detected,False,False,,,,,,False,,,,,,2026-08-14T17:54:25.147382+00:00
kawansoft/aceql-http,https://github.com/kawansoft/aceql-http,True,security_updates_only,security_only_ever,False,True,2019-12-26T18:33:33Z,https://github.com/kawansoft/aceql-http/pull/3,3.0,dependabot,Bump tomcat-embed-core from 8.5.45 to 8.5.50,False,,,,,,2026-08-14T17:54:30.944785+00:00
ketola/jlibra,https://github.com/ketola/jlibra,True,security_updates_only,security_only_ever,False,True,2021-04-26T19:20:16Z,https://github.com/ketola/jlibra/pull/155,155.0,dependabot,Bump commons-io from 2.6 to 2.7 in /jlibra-core,False,,,,,,2026-08-14T17:54:38.218456+00:00
keycloak/keycloak,https://github.com/keycloak/keycloak,True,both_security_and_version_updates,security_then_version,True,True,2019-10-31T17:44:06Z,https://github.com/keycloak/keycloak/pull/6438,6438.0,dependabot,Bump jackson.version from 2.9.10 to 2.10.0,True,.github/dependabot.yml,2022-04-13T11:07:49Z,034748ed0a67077306b955f95992361ff12eb400,https://github.com/keycloak/keycloak/commit/034748ed0a67077306b955f95992361ff12eb400,894.7248032407407,2026-08-14T17:54:43.457273+00:00
kiegroup/kogito-runtimes,https://github.com/kiegroup/kogito-runtimes,True,both_security_and_version_updates,version_then_security,False,True,2024-02-26T08:40:44Z,https://github.com/kiegroup/kogito-runtimes/pull/23,23.0,dependabot,Bump org.apache.commons:commons-compress from 1.24.0 to 1.26.0 in /kogito-build/kogito-dependencies-bom,True,.github/dependabot.yml,2022-11-25T09:14:51Z,97beec18397f5c8bb175697670d1651c85eccce5,https://github.com/kiegroup/kogito-runtimes/commit/97beec18397f5c8bb175697670d1651c85eccce5,,2026-08-14T17:54:49.870121+00:00
kiegroup/optaplanner,https://github.com/kiegroup/optaplanner,True,both_security_and_version_updates,version_then_security,False,True,2023-09-08T14:17:07Z,https://github.com/kiegroup/optaplanner/pull/1,1.0,dependabot,[bot]: Bump jakarta.xml.bind:jakarta.xml.bind-api from 2.3.3 to 4.0.0,True,.github/dependabot.yml,2022-11-25T09:12:37Z,e35d8e78345118e4ce3067600c33df86382bcd06,https://github.com/kiegroup/optaplanner/commit/e35d8e78345118e4ce3067600c33df86382bcd06,,2026-08-14T17:54:56.818414+00:00
kiwiproject/kiwi,https://github.com/kiwiproject/kiwi,True,both_security_and_version_updates,security_then_version,True,True,2020-08-05T15:15:38Z,https://github.com/kiwiproject/kiwi/pull/278,278.0,dependabot,Bump jetty-server from 9.4.29.v20200521 to 9.4.30.v20200611,True,.github/dependabot.yml,2020-10-16T18:29:38Z,214184ab8877dc0b17d1bf862bfbaf9761f458e8,https://github.com/kiwiproject/kiwi/commit/214184ab8877dc0b17d1bf862bfbaf9761f458e8,72.13472222222222,2026-08-14T17:55:03.675508+00:00
klarna/HiveRunner,https://github.com/klarna/HiveRunner,False,not_using_dependabot,never_detected,False,False,,,,,,False,,,,,,2026-08-14T17:55:10.724301+00:00
kohlschutter/junixsocket,https://github.com/kohlschutter/junixsocket,True,security_updates_only,security_only_ever,False,True,2022-02-02T00:55:18Z,https://github.com/kohlschutter/junixsocket/pull/96,96.0,dependabot,Bump postgresql from 42.3.1 to 42.3.2 in /junixsocket-demo,False,,,,,,2026-08-14T17:55:18.807770+00:00
kokuwaio/helm-maven-plugin,https://github.com/kokuwaio/helm-maven-plugin,True,both_security_and_version_updates,security_then_version,True,True,2021-04-26T16:39:08Z,https://github.com/kokuwaio/helm-maven-plugin/pull/122,122.0,dependabot,Bump commons-io from 2.6 to 2.7,True,.github/dependabot.yml,2022-05-09T14:59:52Z,3b6a922fa5a7721c95633c6360e043933095ca17,https://github.com/kokuwaio/helm-maven-plugin/commit/3b6a922fa5a7721c95633c6360e043933095ca17,377.9310648148148,2026-08-14T17:55:25.627789+00:00
konigio/konig,https://github.com/konigio/konig,True,security_updates_only,security_only_ever,False,True,2019-11-13T06:27:41Z,https://github.com/konigio/konig/pull/1692,1692.0,dependabot,Bump jackson-databind from 2.5.1 to 2.9.10.1 in /konig-docker-aws-etl-base,False,,,,,,2026-08-14T17:55:32.815756+00:00
korpling/ANNIS,https://github.com/korpling/ANNIS,True,security_updates_only,security_only_ever,False,True,2020-02-04T23:35:06Z,https://github.com/korpling/ANNIS/pull/651,651.0,dependabot,Bump shiro-core from 1.4.0 to 1.4.2 in /annis-service,False,,,,,,2026-08-14T17:55:39.422102+00:00
kristofa/brave,https://github.com/kristofa/brave,False,not_using_dependabot,never_detected,False,False,,,,,,False,,,,,,2026-08-14T17:55:46.897902+00:00
kse-music/mcn-boot-project,https://github.com/kse-music/mcn-boot-project,True,security_updates_only,security_only_ever,False,True,2020-07-02T03:06:43Z,https://github.com/kse-music/mcn-boot-project/pull/1,1.0,dependabot,Bump mysql-connector-java from 5.1.47 to 8.0.16 in /mcn-boot-dependencies,False,,,,,,2026-08-14T17:55:54.925529+00:00
kubernetes-client/java,https://github.com/kubernetes-client/java,True,both_security_and_version_updates,version_then_security,False,True,2020-06-21T04:59:05Z,https://github.com/kubernetes-client/java/pull/986,986.0,dependabot,Bump jose4j from 0.7.0 to 0.7.1,True,.github/dependabot.yml,2020-06-19T23:25:19Z,6ead7d7300d2de557af5afd5d05ec00a12f103d6,https://github.com/kubernetes-client/java/commit/6ead7d7300d2de557af5afd5d05ec00a12f103d6,,2026-08-14T17:56:00.897122+00:00
kuehne-trustable-de/ca3sCore,https://github.com/kuehne-trustable-de/ca3sCore,True,security_updates_only,security_only_ever,False,True,2019-12-18T09:09:08Z,https://github.com/kuehne-trustable-de/ca3sCore/pull/1,1.0,dependabot,Bump swagger-ui from 2.2.10 to 3.23.11,False,,,,,,2026-08-14T17:56:07.749206+00:00
labai/ted,https://github.com/labai/ted,True,security_updates_only,security_only_ever,False,True,2020-07-01T17:37:00Z,https://github.com/labai/ted/pull/1,1.0,dependabot,Bump mysql-connector-java from 8.0.12 to 8.0.16 in /ted-driver,False,,,,,,2026-08-14T17:56:13.436773+00:00
languagetool-org/languagetool,https://github.com/languagetool-org/languagetool,False,not_using_dependabot,never_detected,False,False,,,,,,False,,,,,,2026-08-14T17:56:19.625065+00:00
lazy-koala/java-toolkit,https://github.com/lazy-koala/java-toolkit,False,not_using_dependabot,never_detected,False,False,,,,,,False,,,,,,2026-08-14T17:56:25.707554+00:00
liaochong/myexcel,https://github.com/liaochong/myexcel,True,security_updates_only,security_only_ever,False,True,2021-08-23T20:45:04Z,https://github.com/liaochong/myexcel/pull/322,322.0,dependabot,Bump jsoup from 1.13.1 to 1.14.2,False,,,,,,2026-08-14T17:56:33.311262+00:00
librespot-org/librespot-java,https://github.com/librespot-org/librespot-java,True,both_security_and_version_updates,security_then_version,True,True,2020-11-17T09:05:53Z,https://github.com/librespot-org/librespot-java/pull/256,256.0,dependabot-preview,Bump commons-net from 3.6 to 3.7.2,True,.github/dependabot.yml,2021-04-28T22:34:19Z,a271952fcfcc931fd7206cbf88b7cfd4973f419c,https://github.com/librespot-org/librespot-java/commit/a271952fcfcc931fd7206cbf88b7cfd4973f419c,162.56141203703703,2026-08-14T17:56:39.094979+00:00
liferay/portletmvc4spring,https://github.com/liferay/portletmvc4spring,True,security_updates_only,security_only_ever,False,True,2020-01-08T17:23:41Z,https://github.com/liferay/portletmvc4spring/pull/3,3.0,dependabot,Bump hibernate-validator from 6.0.14.Final to 6.1.0.Final,False,,,,,,2026-08-14T17:56:45.197152+00:00
lightblueseas/email-tails,https://github.com/lightblueseas/email-tails,True,security_updates_only,security_only_ever,False,True,2022-02-28T14:38:57Z,https://github.com/lightblueseas/email-tails/pull/8,8.0,dependabot,Bump xstream from 1.4.11.1 to 1.4.19,False,,,,,,2026-08-14T17:56:51.117585+00:00
lijiahangmax/orion-kit,https://github.com/lijiahangmax/orion-kit,False,not_using_dependabot,never_detected,False,False,,,,,,False,,,,,,2026-08-14T17:56:57.769317+00:00
linqs/psl,https://github.com/linqs/psl,True,security_updates_only,security_only_ever,False,True,2020-05-21T19:21:21Z,https://github.com/linqs/psl/pull/272,272.0,dependabot,Bump commons-configuration2 from 2.2 to 2.7 in /psl-core,False,,,,,,2026-08-14T17:57:03.722411+00:00
lionsoul2014/jcseg,https://github.com/lionsoul2014/jcseg,True,security_updates_only,security_only_ever,False,True,2020-10-13T07:29:32Z,https://github.com/lionsoul2014/jcseg/pull/60,60.0,dependabot,Bump junit from 3.8.1 to 4.13.1 in /jcseg-elasticsearch,False,,,,,,2026-08-14T17:57:11.306104+00:00
liquibase/liquibase-cache,https://github.com/liquibase/liquibase-cache,True,both_security_and_version_updates,security_then_version,True,True,2020-05-29T14:15:45Z,https://github.com/liquibase/liquibase-cache/pull/2,2.0,dependabot-preview,Bump liquibase-core from 3.3.0 to 3.9.0,True,.github/dependabot.yml,2021-04-28T16:46:50Z,a8f2894596826bb11afbacfacb2c0c79dd86eccf,https://github.com/liquibase/liquibase-cache/commit/a8f2894596826bb11afbacfacb2c0c79dd86eccf,334.1049189814815,2026-08-14T17:57:17.625964+00:00
liquibase/liquibase-cosmosdb,https://github.com/liquibase/liquibase-cosmosdb,True,both_security_and_version_updates,security_then_version,True,True,2021-04-13T16:57:19Z,https://github.com/liquibase/liquibase-cosmosdb/pull/15,15.0,dependabot-preview,Bump lombok from 1.18.18 to 1.18.20,True,.github/dependabot.yml,2021-04-30T06:37:45Z,6200d6aca8f0f98400bddd60479f678f6c03704b,https://github.com/liquibase/liquibase-cosmosdb/commit/6200d6aca8f0f98400bddd60479f678f6c03704b,16.56974537037037,2026-08-14T17:57:25.639388+00:00
liquibase/liquibase-db2i,https://github.com/liquibase/liquibase-db2i,True,both_security_and_version_updates,security_then_version,True,True,2020-04-21T16:43:08Z,https://github.com/liquibase/liquibase-db2i/pull/10,10.0,dependabot-preview,Bump nexus-staging-maven-plugin from 1.6.5 to 1.6.8,True,.github/dependabot.yml,2021-04-28T16:46:34Z,d7bc273231de48527ce07d04af8d4caea41af25d,https://github.com/liquibase/liquibase-db2i/commit/d7bc273231de48527ce07d04af8d4caea41af25d,372.00238425925926,2026-08-14T17:57:33.323796+00:00
liquibase/liquibase-filechangelog,https://github.com/liquibase/liquibase-filechangelog,True,both_security_and_version_updates,security_then_version,True,True,2020-05-29T16:54:08Z,https://github.com/liquibase/liquibase-filechangelog/pull/1,1.0,dependabot-preview,Bump nexus-staging-maven-plugin from 1.6.5 to 1.6.8,True,.github/dependabot.yml,2021-04-28T16:46:47Z,6ce4c318ccdccd04f2d83afaf844eaf5a005f6ab,https://github.com/liquibase/liquibase-filechangelog/commit/6ce4c318ccdccd04f2d83afaf844eaf5a005f6ab,333.9948958333333,2026-08-14T17:57:41.409876+00:00
lithiumtech/flow,https://github.com/lithiumtech/flow,True,security_updates_only,security_only_ever,False,True,2019-12-02T23:18:03Z,https://github.com/lithiumtech/flow/pull/12,12.0,dependabot,Bump jetty-server from 9.4.21.v20190926 to 9.4.24.v20191120,False,,,,,,2026-08-14T17:57:50.158684+00:00
logfellow/logstash-logback-encoder,https://github.com/logfellow/logstash-logback-encoder,True,both_security_and_version_updates,version_then_security,False,True,2020-09-11T21:25:25Z,https://github.com/logfellow/logstash-logback-encoder/pull/426,426.0,dependabot,Bump assertj-core from 3.16.1 to 3.17.2,True,.github/dependabot.yml,2020-09-09T01:14:27Z,34bed0aae02b7a0b3fbdb60469e9f66f7b46ddd5,https://github.com/logfellow/logstash-logback-encoder/commit/34bed0aae02b7a0b3fbdb60469e9f66f7b46ddd5,,2026-08-14T17:57:57.013071+00:00
logzio/sawmill,https://github.com/logzio/sawmill,True,security_updates_only,security_only_ever,False,True,2019-07-31T07:26:11Z,https://github.com/logzio/sawmill/pull/183,183.0,dependabot,Bump jackson.version from 2.9.9 to 2.10.0.pr1,False,,,,,,2026-08-14T17:58:04.035485+00:00
luisgoncalves/xades4j,https://github.com/luisgoncalves/xades4j,True,both_security_and_version_updates,security_then_version,True,True,2020-10-12T19:53:01Z,https://github.com/luisgoncalves/xades4j/pull/211,211.0,dependabot,Bump junit from 4.11 to 4.13.1,True,.github/dependabot.yml,2024-07-30T18:31:05Z,889ec5bbd25952a04778d7368b5d6fc2d756491d,https://github.com/luisgoncalves/xades4j/commit/889ec5bbd25952a04778d7368b5d6fc2d756491d,1386.943101851852,2026-08-14T17:58:10.364152+00:00
lukas-krecan/smock,https://github.com/lukas-krecan/smock,False,not_using_dependabot,never_detected,False,False,,,,,,False,,,,,,2026-08-14T17:58:22.608357+00:00
mangstadt/ez-vcard,https://github.com/mangstadt/ez-vcard,True,security_updates_only,security_only_ever,False,True,2020-10-13T06:52:20Z,https://github.com/mangstadt/ez-vcard/pull/111,111.0,dependabot,Bump junit from 4.12 to 4.13.1,False,,,,,,2026-08-14T17:58:28.764230+00:00
marcust/jzenith,https://github.com/marcust/jzenith,True,security_updates_only,security_only_ever,False,True,2018-10-01T19:45:41Z,https://github.com/marcust/jzenith/pull/8,8.0,dependabot-preview,Bump rxjava2-jdbc from 0.1-RC37 to 0.1-RC39,False,,,,,,2026-08-14T17:58:34.845321+00:00
marklogic/marklogic-contentpump,https://github.com/marklogic/marklogic-contentpump,True,security_updates_only,security_only_ever,False,True,2019-11-13T06:32:27Z,https://github.com/marklogic/marklogic-contentpump/pull/120,120.0,dependabot,Bump jackson-databind from 2.9.0 to 2.9.10.1 in /mlcp,False,,,,,,2026-08-14T17:58:42.307701+00:00
martinpaljak/GlobalPlatformPro,https://github.com/martinpaljak/GlobalPlatformPro,True,security_updates_only,security_only_ever,False,True,2023-05-01T20:54:56Z,https://github.com/martinpaljak/GlobalPlatformPro/pull/311,311.0,dependabot,Bump testng from 7.4.0 to 7.7.0 in /library,False,,,,,,2026-08-14T17:58:48.827808+00:00
matjaz99/alertmonitor,https://github.com/matjaz99/alertmonitor,True,security_updates_only,security_only_ever,False,True,2022-05-20T20:58:40Z,https://github.com/matjaz99/alertmonitor/pull/21,21.0,dependabot,Bump gson from 2.8.5 to 2.8.9,False,,,,,,2026-08-14T17:58:55.333229+00:00
maxmind/minfraud-api-java,https://github.com/maxmind/minfraud-api-java,True,both_security_and_version_updates,security_then_version,True,True,2019-10-03T18:34:31Z,https://github.com/maxmind/minfraud-api-java/pull/57,57.0,dependabot-preview,Bump versions-maven-plugin from 2.1 to 2.7,True,.github/dependabot.yml,2021-02-11T19:56:53Z,37171e7e96ba4735e2f968641e8c9f98c9522fc2,https://github.com/maxmind/minfraud-api-java/commit/37171e7e96ba4735e2f968641e8c9f98c9522fc2,497.05719907407405,2026-08-14T17:59:01.094475+00:00
mbizhani/Wickomp,https://github.com/mbizhani/Wickomp,False,not_using_dependabot,never_detected,False,False,,,,,,False,,,,,,2026-08-14T17:59:08.393720+00:00
mcollovati/vertx-vaadin,https://github.com/mcollovati/vertx-vaadin,True,both_security_and_version_updates,security_then_version,True,True,2020-01-31T18:07:16Z,https://github.com/mcollovati/vertx-vaadin/pull/31,31.0,dependabot,Bump checkstyle from 8.20 to 8.29,True,.github/dependabot.yml,2024-12-22T12:34:34Z,36cd09d182c12a3118e1b30af6a7f6ede72d713a,https://github.com/mcollovati/vertx-vaadin/commit/36cd09d182c12a3118e1b30af6a7f6ede72d713a,1786.7689583333333,2026-08-14T17:59:15.368442+00:00
mediathekview/MLib,https://github.com/mediathekview/MLib,True,security_updates_only,security_only_ever,False,True,2020-07-01T19:06:22Z,https://github.com/mediathekview/MLib/pull/120,120.0,dependabot,Bump log4j-core from 2.11.1 to 2.13.2,False,,,,,,2026-08-14T17:59:21.417022+00:00
mercibe/jxsl,https://github.com/mercibe/jxsl,True,security_updates_only,security_only_ever,False,True,2020-04-17T15:20:04Z,https://github.com/mercibe/jxsl/pull/6,6.0,dependabot,Bump xstream from 1.3.1 to 1.4.6,False,,,,,,2026-08-14T17:59:29.002677+00:00
messagebird/java-rest-api,https://github.com/messagebird/java-rest-api,True,security_updates_only,security_only_ever,False,True,2020-10-13T09:06:45Z,https://github.com/messagebird/java-rest-api/pull/131,131.0,dependabot,Bump junit from 4.12 to 4.13.1 in /api,False,,,,,,2026-08-14T17:59:34.313805+00:00
mhradek/aurkitu,https://github.com/mhradek/aurkitu,True,security_updates_only,security_only_ever,False,True,2020-06-15T20:57:56Z,https://github.com/mhradek/aurkitu/pull/18,18.0,dependabot,Bump commons-collections4 from 4.0 to 4.1 in /aurkitu-maven-plugin,False,,,,,,2026-08-14T17:59:39.959866+00:00
mike10004/har-replay,https://github.com/mike10004/har-replay,True,security_updates_only,security_only_ever,False,True,2019-10-31T17:30:13Z,https://github.com/mike10004/har-replay/pull/4,4.0,dependabot,Bump jackson.version from 2.9.10 to 2.10.0,False,,,,,,2026-08-14T17:59:47.771409+00:00
miltonio/milton2,https://github.com/miltonio/milton2,True,security_updates_only,security_only_ever,False,True,2019-10-29T20:08:58Z,https://github.com/miltonio/milton2/pull/122,122.0,dependabot,Bump jetty.version from 8.1.5.v20120716 to 9.4.22.v20191022 in /examples/milton-embedded,False,,,,,,2026-08-14T17:59:54.251344+00:00
mizool/mizool,https://github.com/mizool/mizool,True,both_security_and_version_updates,security_then_version,True,True,2019-10-29T14:21:46Z,https://github.com/mizool/mizool/pull/150,150.0,dependabot,Bump jackson.version from 2.8.9 to 2.10.0,True,.github/dependabot.yml,2025-08-08T13:03:27Z,4dd856d98bd0208d8ea6ed3f0084a482aa2f7218,https://github.com/mizool/mizool/commit/4dd856d98bd0208d8ea6ed3f0084a482aa2f7218,2109.945613425926,2026-08-14T18:00:00.826564+00:00
mkolisnyk/cucumber-reports,https://github.com/mkolisnyk/cucumber-reports,False,not_using_dependabot,never_detected,False,False,,,,,,False,,,,,,2026-08-14T18:00:08.916399+00:00
mnemonic-no/messaging,https://github.com/mnemonic-no/messaging,False,not_using_dependabot,never_detected,False,False,,,,,,False,,,,,,2026-08-14T18:00:14.825952+00:00
molindo/esi4j,https://github.com/molindo/esi4j,False,not_using_dependabot,never_detected,False,False,,,,,,False,,,,,,2026-08-14T18:00:21.404512+00:00
mrami4/bluecircle-json-interface-generator,https://github.com/mrami4/bluecircle-json-interface-generator,False,not_using_dependabot,never_detected,False,False,,,,,,False,,,,,,2026-08-14T18:00:28.071311+00:00
mrniko/netty-socketio,https://github.com/mrniko/netty-socketio,True,security_updates_only,security_only_ever,False,True,2019-11-20T07:56:34Z,https://github.com/mrniko/netty-socketio/pull/719,719.0,dependabot,Bump jackson-databind from 2.9.9.2 to 2.9.10.1,False,,,,,,2026-08-14T18:00:37.587561+00:00
msoute/vertx-deploy-mod,https://github.com/msoute/vertx-deploy-mod,False,not_using_dependabot,never_detected,False,False,,,,,,False,,,,,,2026-08-14T18:00:42.952069+00:00
mulesoft/mule,https://github.com/mulesoft/mule,True,security_updates_only,security_only_ever,False,True,2019-06-25T18:53:20Z,https://github.com/mulesoft/mule/pull/7996,7996.0,dependabot,Bump jettyVersion from 9.0.7.v20131107 to 9.4.19.v20190610,False,,,,,,2026-08-14T18:00:51.502071+00:00
mulesoft/mule-soap-service,https://github.com/mulesoft/mule-soap-service,True,security_updates_only,security_only_ever,False,True,2019-12-12T18:10:26Z,https://github.com/mulesoft/mule-soap-service/pull/130,130.0,dependabot,Bump jettyVersion from 9.4.14.v20181114 to 9.4.24.v20191120,False,,,,,,2026-08-14T18:00:57.934799+00:00
mybatis/guice,https://github.com/mybatis/guice,True,both_security_and_version_updates,security_then_version,True,True,2019-11-02T19:10:58Z,https://github.com/mybatis/guice/pull/147,147.0,dependabot,Bump c3p0 from 0.9.5.2 to 0.9.5.4,True,.github/dependabot.yml,2020-07-05T00:03:41Z,f65dd52997835547989100b0102eae57703e2385,https://github.com/mybatis/guice/commit/f65dd52997835547989100b0102eae57703e2385,245.20327546296295,2026-08-14T18:01:03.309019+00:00
mybatis/spring,https://github.com/mybatis/spring,True,both_security_and_version_updates,security_then_version,True,True,2019-11-10T08:33:57Z,https://github.com/mybatis/spring/pull/412,412.0,dependabot-preview,Bump hsqldb from 2.4.1 to 2.5.0,True,.github/dependabot.yml,2020-07-04T23:57:00Z,ffdf16f7a1cc8736200ede5330dbddc1a766917c,https://github.com/mybatis/spring/commit/ffdf16f7a1cc8736200ede5330dbddc1a766917c,237.64100694444446,2026-08-14T18:01:11.079001+00:00
mybatis/spring-boot-starter,https://github.com/mybatis/spring-boot-starter,True,both_security_and_version_updates,security_then_version,True,True,2019-11-10T08:34:26Z,https://github.com/mybatis/spring-boot-starter/pull/391,391.0,dependabot-preview,Bump spring-boot.version from 2.1.9.RELEASE to 2.2.1.RELEASE,True,.github/dependabot.yml,2020-07-04T23:56:57Z,5d6068dae739850ab710c249957878653570c209,https://github.com/mybatis/spring-boot-starter/commit/5d6068dae739850ab710c249957878653570c209,237.64063657407408,2026-08-14T18:01:19.052653+00:00
mybatis/velocity-scripting,https://github.com/mybatis/velocity-scripting,True,both_security_and_version_updates,security_then_version,True,True,2019-11-10T08:34:03Z,https://github.com/mybatis/velocity-scripting/pull/93,93.0,dependabot-preview,Bump slf4j-simple from 1.7.28 to 1.7.29,True,.github/dependabot.yml,2020-07-04T23:56:52Z,b7bbd2a64c6a099c91fee22047328e0809f3622d,https://github.com/mybatis/velocity-scripting/commit/b7bbd2a64c6a099c91fee22047328e0809f3622d,237.6408449074074,2026-08-14T18:01:27.894976+00:00
nasa-pds/pds4-information-model,https://github.com/nasa-pds/pds4-information-model,True,both_security_and_version_updates,security_then_version,True,True,2020-10-12T20:15:44Z,https://github.com/NASA-PDS/pds4-information-model/pull/246,246.0,dependabot,Bump junit from 4.8.2 to 4.13.1 in /model-dmdocument,True,.github/dependabot.yml,2022-11-29T19:57:59Z,d5570e8b6ef6c61f84648fd3d3d454c7a50a4edb,https://github.com/NASA-PDS/pds4-information-model/commit/d5570e8b6ef6c61f84648fd3d3d454c7a50a4edb,777.9876736111111,2026-08-14T18:01:36.699143+00:00
naspart/wx-tools,https://github.com/naspart/wx-tools,True,security_updates_only,security_only_ever,False,True,2020-06-06T05:59:33Z,https://github.com/naspart/wx-tools/pull/1,1.0,dependabot,Bump dom4j from 2.1.1 to 2.1.3,False,,,,,,2026-08-14T18:01:44.636199+00:00
nbbrd/spreadsheet4j,https://github.com/nbbrd/spreadsheet4j,True,both_security_and_version_updates,security_then_version,True,True,2018-12-20T09:56:30Z,https://github.com/nbbrd/spreadsheet4j/pull/35,35.0,dependabot-preview,Bump poi.version from 4.0.0 to 4.0.1,True,.github/dependabot.yml,2020-10-22T14:32:03Z,f52e694a1ca04a37e9f2a9803c67c13aca93ac80,https://github.com/nbbrd/spreadsheet4j/commit/f52e694a1ca04a37e9f2a9803c67c13aca93ac80,672.1913541666667,2026-08-14T18:01:51.447566+00:00
neo4j/licensing-maven-plugin,https://github.com/neo4j/licensing-maven-plugin,False,not_using_dependabot,never_detected,False,False,,,,,,False,,,,,,2026-08-14T18:01:58.264199+00:00
neo4j/neo4j,https://github.com/neo4j/neo4j,True,security_updates_only,security_only_ever,False,True,2019-11-02T08:41:25Z,https://github.com/neo4j/neo4j/pull/12332,12332.0,dependabot,Bump netty-all from 4.1.32.Final to 4.1.42.Final,False,,,,,,2026-08-14T18:02:04.635834+00:00
netty/netty,https://github.com/netty/netty,True,security_updates_only,security_only_ever,False,True,2020-01-31T18:20:01Z,https://github.com/netty/netty/pull/9985,9985.0,dependabot,Bump checkstyle from 8.18 to 8.29,False,,,,,,2026-08-14T18:02:12.613549+00:00
networknt/light-4j,https://github.com/networknt/light-4j,True,security_updates_only,security_only_ever,False,True,2020-07-01T19:44:52Z,https://github.com/networknt/light-4j/pull/734,734.0,dependabot,Bump mysql-connector-java from 6.0.5 to 8.0.16,False,,,,,,2026-08-14T18:02:18.970664+00:00
networknt/light-graphql-4j,https://github.com/networknt/light-graphql-4j,True,security_updates_only,security_only_ever,False,True,2020-10-13T06:38:05Z,https://github.com/networknt/light-graphql-4j/pull/72,72.0,dependabot,Bump junit from 4.12 to 4.13.1,False,,,,,,2026-08-14T18:02:24.652511+00:00
networknt/light-hybrid-4j,https://github.com/networknt/light-hybrid-4j,True,security_updates_only,security_only_ever,False,True,2020-10-13T06:39:08Z,https://github.com/networknt/light-hybrid-4j/pull/85,85.0,dependabot,Bump junit from 4.12 to 4.13.1,False,,,,,,2026-08-14T18:02:30.380561+00:00
networknt/light-kafka,https://github.com/networknt/light-kafka,True,security_updates_only,security_only_ever,False,True,2021-02-18T21:43:09Z,https://github.com/networknt/light-kafka/pull/27,27.0,dependabot,Bump version.jackson from 2.10.4 to 2.12.1,False,,,,,,2026-08-14T18:02:38.514440+00:00
networknt/light-rest-4j,https://github.com/networknt/light-rest-4j,True,security_updates_only,security_only_ever,False,True,2020-10-12T19:17:02Z,https://github.com/networknt/light-rest-4j/pull/141,141.0,dependabot,Bump junit from 4.12 to 4.13.1,False,,,,,,2026-08-14T18:02:44.756625+00:00
networknt/light-session-4j,https://github.com/networknt/light-session-4j,True,security_updates_only,security_only_ever,False,True,2021-02-18T21:18:48Z,https://github.com/networknt/light-session-4j/pull/26,26.0,dependabot,Bump version.jackson from 2.10.4 to 2.12.1,False,,,,,,2026-08-14T18:02:51.677462+00:00
networknt/light-spa-4j,https://github.com/networknt/light-spa-4j,True,security_updates_only,security_only_ever,False,True,2021-02-18T21:19:00Z,https://github.com/networknt/light-spa-4j/pull/72,72.0,dependabot,Bump version.jackson from 2.10.4 to 2.12.1,False,,,,,,2026-08-14T18:02:58.869688+00:00
ngrondin/firebus,https://github.com/ngrondin/firebus,True,security_updates_only,security_only_ever,False,True,2021-01-29T18:14:43Z,https://github.com/ngrondin/firebus/pull/2,2.0,dependabot,Bump client-java from 8.0.0 to 9.0.2 in /FirebusKubernetes,False,,,,,,2026-08-14T18:03:04.636295+00:00
nicho92/mkm-api-java,https://github.com/nicho92/mkm-api-java,True,security_updates_only,security_only_ever,False,True,2020-10-13T11:07:09Z,https://github.com/nicho92/mkm-api-java/pull/4,4.0,dependabot,Bump junit from 4.13 to 4.13.1,False,,,,,,2026-08-14T18:03:11.945386+00:00
nielsbasjes/logparser,https://github.com/nielsbasjes/logparser,True,security_updates_only,security_only_ever,False,True,2020-01-31T18:09:14Z,https://github.com/nielsbasjes/logparser/pull/54,54.0,dependabot,Bump checkstyle from 8.20 to 8.29,False,,,,,,2026-08-14T18:03:19.400014+00:00
ninjaframework/ninja,https://github.com/ninjaframework/ninja,True,security_updates_only,security_only_ever,False,True,2022-01-21T16:11:42Z,https://github.com/ninjaframework/ninja/pull/737,737.0,dependabot,Bump h2 from 1.4.186 to 2.0.206 in /ninja-servlet-archetype-simple/src/main/resources/archetype-resources,False,,,,,,2026-08-14T18:03:26.272014+00:00
noear/solon,https://github.com/noear/solon,False,not_using_dependabot,never_detected,False,False,,,,,,False,,,,,,2026-08-14T18:03:33.108681+00:00
nom-tam-fits/nom-tam-fits,https://github.com/nom-tam-fits/nom-tam-fits,True,both_security_and_version_updates,security_then_version,True,True,2020-01-31T18:07:40Z,https://github.com/nom-tam-fits/nom-tam-fits/pull/141,141.0,dependabot,Bump checkstyle from 6.14.1 to 8.29,True,.github/dependabot.yml,2021-12-13T17:59:57Z,cd23f122cdd47efc924ecbc9127b09223dd810b0,https://github.com/nom-tam-fits/nom-tam-fits/commit/cd23f122cdd47efc924ecbc9127b09223dd810b0,681.9946412037037,2026-08-14T18:03:42.004077+00:00
nosan/embedded-cassandra,https://github.com/nosan/embedded-cassandra,True,both_security_and_version_updates,security_then_version,True,True,2020-01-31T18:16:03Z,https://github.com/nosan/embedded-cassandra/pull/51,51.0,dependabot,Bump checkstyle from 8.28 to 8.29,True,.github/dependabot.yml,2021-04-29T15:32:59Z,5cd13d455813d3759f414d7964eeadd6c3f9b183,https://github.com/nosan/embedded-cassandra/commit/5cd13d455813d3759f414d7964eeadd6c3f9b183,453.88675925925924,2026-08-14T18:03:49.693197+00:00
nscuro/webdriver-manager,https://github.com/nscuro/webdriver-manager,True,security_updates_only,security_only_ever,False,True,2019-11-26T16:22:39Z,https://github.com/nscuro/webdriver-manager/pull/57,57.0,dependabot-preview,Bump assertj-core from 3.11.1 to 3.14.0,False,,,,,,2026-08-14T18:03:56.651159+00:00
nuls-io/nuls-v2,https://github.com/nuls-io/nuls-v2,True,security_updates_only,security_only_ever,False,True,2019-11-02T13:11:30Z,https://github.com/nuls-io/nuls-v2/pull/524,524.0,dependabot,Bump netty-all from 4.1.33.Final to 4.1.42.Final in /common/nuls-core-rpc,False,,,,,,2026-08-14T18:04:02.796207+00:00
nutzam/nutzboot,https://github.com/nutzam/nutzboot,True,security_updates_only,security_only_ever,False,True,2019-10-31T03:54:58Z,https://github.com/nutzam/nutzboot/pull/190,190.0,dependabot,build(deps): bump org.eclipse.paho.client.mqttv3 from 1.2.0 to 1.2.1,False,,,,,,2026-08-14T18:04:08.306100+00:00
nutzam/nutzmore,https://github.com/nutzam/nutzmore,True,security_updates_only,security_only_ever,False,True,2019-11-02T15:49:16Z,https://github.com/nutzam/nutzmore/pull/137,137.0,dependabot,build(deps): bump netty-all from 4.0.33.Final to 4.1.42.Final in /nutz-plugins-thrift-netty,False,,,,,,2026-08-14T18:04:14.506218+00:00
obase/java,https://github.com/obase/java,False,not_using_dependabot,never_detected,False,False,,,,,,False,,,,,,2026-08-14T18:04:21.483381+00:00
oboehm/PatternTesting2,https://github.com/oboehm/PatternTesting2,True,security_updates_only,security_only_ever,False,True,2020-01-05T21:40:29Z,https://github.com/oboehm/PatternTesting2/pull/1,1.0,dependabot,Bump httpclient from 4.0.1 to 4.3.6 in /patterntesting-samples,False,,,,,,2026-08-14T18:04:26.916354+00:00
ocpsoft/prettytime,https://github.com/ocpsoft/prettytime,True,security_updates_only,security_only_ever,False,True,2020-02-25T13:52:48Z,https://github.com/ocpsoft/prettytime/pull/184,184.0,dependabot,Bump jetty-server from 7.2.2.v20101205 to 9.4.17.v20190418 in /samples/jstl,False,,,,,,2026-08-14T18:04:34.780343+00:00
officefloor/OfficeFloor,https://github.com/officefloor/OfficeFloor,True,both_security_and_version_updates,security_then_version,True,True,2018-10-10T05:47:30Z,https://github.com/officefloor/OfficeFloor/pull/53,53.0,dependabot-preview,Bump hibernate-core from 5.3.1.Final to 5.3.6.Final in /officefloor,True,.github/dependabot.yml,2020-07-27T12:54:48Z,a070eb8ff4e1fae594752ff9644083a0ab13b9a4,https://github.com/officefloor/OfficeFloor/commit/a070eb8ff4e1fae594752ff9644083a0ab13b9a4,656.2967361111112,2026-08-14T18:04:42.121088+00:00
open-eid/digidoc4j,https://github.com/open-eid/digidoc4j,True,security_updates_only,security_only_ever,False,True,2019-11-13T08:45:11Z,https://github.com/open-eid/digidoc4j/pull/73,73.0,dependabot,Bump jackson-databind from 2.9.9.3 to 2.9.10.1 in /digidoc4j,False,,,,,,2026-08-14T18:04:51.211015+00:00
opencast/opencast,https://github.com/opencast/opencast,True,both_security_and_version_updates,security_then_version,True,True,2019-10-31T10:32:45Z,https://github.com/opencast/opencast/pull/1182,1182.0,dependabot-preview,Bump markdownlint-cli from 0.18.0 to 0.19.0 in /docs/guides,True,.github/dependabot.yml,2021-03-17T13:54:07Z,bceb08a6a38a3ce6406fb2541fbba34e3b1becd8,https://github.com/opencast/opencast/commit/bceb08a6a38a3ce6406fb2541fbba34e3b1becd8,503.139837962963,2026-08-14T18:04:57.961467+00:00
opendistro-for-elasticsearch/security,https://github.com/opendistro-for-elasticsearch/security,False,not_using_dependabot,never_detected,False,False,,,,,,False,,,,,,2026-08-14T18:05:04.922709+00:00
openl-tablets/openl-tablets,https://github.com/openl-tablets/openl-tablets,True,both_security_and_version_updates,security_then_version,True,True,2020-02-28T01:11:49Z,https://github.com/openl-tablets/openl-tablets/pull/31,31.0,dependabot,Bump tomcat from 9.0.30 to 9.0.31 in /DEMO/org.openl.rules.demo,True,.github/dependabot.yml,2026-01-09T14:04:18Z,d135fb7e0e8caccb4284c1cbfe55aeee73aee832,https://github.com/openl-tablets/openl-tablets/commit/d135fb7e0e8caccb4284c1cbfe55aeee73aee832,2142.5364467592594,2026-08-14T18:05:12.557047+00:00
openshift/openshift-restclient-java,https://github.com/openshift/openshift-restclient-java,True,security_updates_only,security_only_ever,False,True,2020-02-03T19:31:10Z,https://github.com/openshift/openshift-restclient-java/pull/432,432.0,dependabot,Bump checkstyle from 6.19 to 8.29,False,,,,,,2026-08-14T18:05:19.723975+00:00
opentelecoms-org/gsm0348,https://github.com/opentelecoms-org/gsm0348,False,not_using_dependabot,never_detected,False,False,,,,,,False,,,,,,2026-08-14T18:05:27.207244+00:00
opentripplanner/OpenTripPlanner,https://github.com/opentripplanner/OpenTripPlanner,False,not_using_dependabot,never_detected,False,False,,,,,,False,,,,,,2026-08-14T18:05:33.571788+00:00
orbisgis/H2GIS,https://github.com/orbisgis/H2GIS,False,not_using_dependabot,never_detected,False,False,,,,,,False,,,,,,2026-08-14T18:05:39.271630+00:00
oscerd/camel-cassandra,https://github.com/oscerd/camel-cassandra,False,not_using_dependabot,never_detected,False,False,,,,,,False,,,,,,2026-08-14T18:05:46.598780+00:00
ozsie/detekt-maven-plugin,https://github.com/ozsie/detekt-maven-plugin,True,both_security_and_version_updates,security_then_version,True,True,2020-05-25T11:46:33Z,https://github.com/Ozsie/detekt-maven-plugin/pull/47,47.0,dependabot-preview,Bump nexus-staging-maven-plugin from 1.6.7 to 1.6.8,True,.github/dependabot.yml,2021-04-29T15:41:17Z,b8028cef1ee864a042ca0dfad10fafe5209392b8,https://github.com/Ozsie/detekt-maven-plugin/commit/b8028cef1ee864a042ca0dfad10fafe5209392b8,339.16300925925924,2026-08-14T18:05:53.694040+00:00
pac4j/pac4j,https://github.com/pac4j/pac4j,True,security_updates_only,security_only_ever,False,True,2020-08-08T00:08:01Z,https://github.com/pac4j/pac4j/pull/1669,1669.0,dependabot,Bump kramdown from 2.2.1 to 2.3.0 in /documentation,False,,,,,,2026-08-14T18:06:01.809881+00:00
pac4j/play-pac4j,https://github.com/pac4j/play-pac4j,True,security_updates_only,security_only_ever,False,True,2020-02-04T22:59:41Z,https://github.com/pac4j/play-pac4j/pull/292,292.0,dependabot,Bump shiro-core from 1.4.0 to 1.4.2,False,,,,,,2026-08-14T18:06:07.924529+00:00
pac4j/spark-pac4j,https://github.com/pac4j/spark-pac4j,False,not_using_dependabot,never_detected,False,False,,,,,,False,,,,,,2026-08-14T18:06:13.864782+00:00
pac4j/spring-security-pac4j,https://github.com/pac4j/spring-security-pac4j,True,security_updates_only,security_only_ever,False,True,2019-11-13T07:13:13Z,https://github.com/pac4j/spring-security-pac4j/pull/63,63.0,dependabot,Bump jackson-databind from 2.9.8 to 2.9.10.1,False,,,,,,2026-08-14T18:06:21.044907+00:00
paseto-toolkit/jpaseto,https://github.com/paseto-toolkit/jpaseto,True,both_security_and_version_updates,security_then_version,True,True,2020-12-09T19:04:54Z,https://github.com/paseto-toolkit/jpaseto/pull/11,11.0,dependabot,Bump groovy from 3.0.6 to 3.0.7,True,.github/dependabot.yml,2021-04-16T20:23:16Z,9ec9b230ca506637d47053fde9aed96a51881b17,https://github.com/paseto-toolkit/jpaseto/commit/9ec9b230ca506637d47053fde9aed96a51881b17,128.05442129629628,2026-08-14T18:06:26.974831+00:00
paul-hammant/servirtium,https://github.com/paul-hammant/servirtium,True,version_updates_config_only,version_config_only_ever,False,False,,,,,,True,.github/dependabot.yml,2020-11-07T22:35:07Z,0510e66c2dd9493474e8cd208ed8a933b28c7b4a,https://github.com/servirtium/archive-servirtium-java/commit/0510e66c2dd9493474e8cd208ed8a933b28c7b4a,,2026-08-14T18:06:33.966093+00:00
performancecopilot/parfait,https://github.com/performancecopilot/parfait,True,security_updates_only,security_only_ever,False,True,2020-09-08T23:32:55Z,https://github.com/performancecopilot/parfait/pull/64,64.0,dependabot,Bump xstream from 1.3.1 to 1.4.10-java7 in /parfait-cxf,False,,,,,,2026-08-14T18:06:42.718088+00:00
permazen/permazen,https://github.com/permazen/permazen,True,security_updates_only,security_only_ever,False,True,2020-01-08T17:06:00Z,https://github.com/permazen/permazen/pull/35,35.0,dependabot,Bump hibernate-validator from 6.0.7.Final to 6.1.0.Final,False,,,,,,2026-08-14T18:06:48.556829+00:00
perwendel/spark,https://github.com/perwendel/spark,False,not_using_dependabot,never_detected,False,False,,,,,,False,,,,,,2026-08-14T18:06:55.133996+00:00
petalslink/flowable-engine,https://github.com/petalslink/flowable-engine,False,not_using_dependabot,never_detected,False,False,,,,,,False,,,,,,2026-08-14T18:07:00.213987+00:00
petergeneric/stdlib,https://github.com/petergeneric/stdlib,False,not_using_dependabot,never_detected,False,False,,,,,,False,,,,,,2026-08-14T18:07:06.433790+00:00
phax/peppol-smp-server,https://github.com/phax/peppol-smp-server,False,not_using_dependabot,never_detected,False,False,,,,,,False,,,,,,2026-08-14T18:07:13.817320+00:00
phax/ph-commons,https://github.com/phax/ph-commons,True,security_updates_only,security_only_ever,False,True,2026-04-16T21:51:07Z,https://github.com/phax/ph-commons/pull/55,55.0,dependabot,Bump org.bouncycastle:bcpkix-jdk18on from 1.83 to 1.84 in the maven group across 1 directory,False,,,,,,2026-08-14T18:07:20.755073+00:00
phax/ph-ebinterface,https://github.com/phax/ph-ebinterface,False,not_using_dependabot,never_detected,False,False,,,,,,False,,,,,,2026-08-14T18:07:27.737317+00:00
pietermartin/sqlg,https://github.com/pietermartin/sqlg,True,security_updates_only,security_only_ever,False,True,2019-11-13T02:41:26Z,https://github.com/pietermartin/sqlg/pull/368,368.0,dependabot,Bump jackson-databind from 2.9.5 to 2.9.10.1,False,,,,,,2026-08-14T18:07:33.395315+00:00
pinterest/secor,https://github.com/pinterest/secor,True,both_security_and_version_updates,security_then_version,True,True,2019-01-08T23:49:51Z,https://github.com/pinterest/secor/pull/483,483.0,dependabot-preview,Bump nexus-staging-maven-plugin from 1.6.3 to 1.6.8,True,.github/dependabot.yml,2021-04-28T16:45:41Z,11474762b6a4f0cad07b402399d66042a8fd091e,https://github.com/pinterest/secor/commit/11474762b6a4f0cad07b402399d66042a8fd091e,840.7054398148148,2026-08-14T18:07:40.192828+00:00
pippo-java/pippo,https://github.com/pippo-java/pippo,True,security_updates_only,security_only_ever,False,True,2019-11-29T17:50:46Z,https://github.com/pippo-java/pippo/pull/526,526.0,dependabot,Bump jetty.version from 9.4.14.v20181114 to 9.4.24.v20191120 in /pippo-server-parent/pippo-jetty,False,,,,,,2026-08-14T18:07:49.473647+00:00
platformsh/config-reader-java,https://github.com/platformsh/config-reader-java,True,security_updates_only,security_only_ever,False,True,2021-12-10T17:16:28Z,https://github.com/platformsh/config-reader-java/pull/18,18.0,dependabot,Bump rabbitmq-jms from 2.1.1 to 2.2.0,False,,,,,,2026-08-14T18:07:55.099771+00:00
playframework/netty-reactive-streams,https://github.com/playframework/netty-reactive-streams,True,both_security_and_version_updates,security_then_version,True,True,2020-02-21T18:56:38Z,https://github.com/playframework/netty-reactive-streams/pull/65,65.0,dependabot,Bump netty.version from 4.1.44.Final to 4.1.45.Final,True,.github/dependabot.yml,2020-07-24T15:50:22Z,02210b3e7101db9492c3ce53d1b07c72ca77e523,https://github.com/playframework/netty-reactive-streams/commit/02210b3e7101db9492c3ce53d1b07c72ca77e523,153.87064814814815,2026-08-14T18:08:01.649466+00:00
playn/playn,https://github.com/playn/playn,True,security_updates_only,security_only_ever,False,True,2020-05-08T18:55:23Z,https://github.com/playn/playn/pull/86,86.0,dependabot,Bump Java-WebSocket from 1.3.0 to 1.5.0 in /android,False,,,,,,2026-08-14T18:08:08.177031+00:00
powermock/powermock,https://github.com/powermock/powermock,True,both_security_and_version_updates,same_day_security_and_version,False,True,2020-09-20T18:41:58Z,https://github.com/powermock/powermock/pull/1070,1070.0,dependabot,Bump gradle-bintray-plugin from 1.8.4 to 1.8.5,True,.github/dependabot.yml,2020-09-20T18:41:15Z,4f33d9aa35fa56d3dc3907aab348fb07d99fb439,https://github.com/powermock/powermock/commit/4f33d9aa35fa56d3dc3907aab348fb07d99fb439,,2026-08-14T18:08:15.478169+00:00
powertac/powertac-core,https://github.com/powertac/powertac-core,True,security_updates_only,security_only_ever,False,True,2020-05-21T19:21:38Z,https://github.com/powertac/powertac-core/pull/20,20.0,dependabot,Bump commons-configuration2 from 2.5 to 2.7,False,,,,,,2026-08-14T18:08:21.724668+00:00
powertac/powertac-server,https://github.com/powertac/powertac-server,True,security_updates_only,security_only_ever,False,True,2020-01-08T17:33:19Z,https://github.com/powertac/powertac-server/pull/1044,1044.0,dependabot,Bump hibernate-validator from 6.0.17.Final to 6.1.0.Final in /visualizer2,False,,,,,,2026-08-14T18:08:27.507510+00:00
powsybl/powsybl-core,https://github.com/powsybl/powsybl-core,True,security_updates_only,security_only_ever,False,True,2019-11-13T02:33:43Z,https://github.com/powsybl/powsybl-core/pull/1016,1016.0,dependabot,Bump jackson-databind from 2.8.11.3 to 2.9.10.1,False,,,,,,2026-08-14T18:08:34.114621+00:00
premium-minds/billy,https://github.com/premium-minds/billy,True,both_security_and_version_updates,security_then_version,True,True,2019-12-10T14:19:41Z,https://github.com/premium-minds/billy/pull/35,35.0,dependabot-preview,Bump maven-source-plugin from 2.2.1 to 3.2.0,True,.github/dependabot.yml,2021-04-28T16:46:18Z,4cace9cadc34277296a27525c895165d446b9e51,https://github.com/premium-minds/billy/commit/4cace9cadc34277296a27525c895165d446b9e51,505.10181712962964,2026-08-14T18:08:40.083465+00:00
prestodb/presto-hive-apache,https://github.com/prestodb/presto-hive-apache,True,security_updates_only,security_only_ever,False,True,2022-01-07T22:38:09Z,https://github.com/prestodb/presto-hive-apache/pull/53,53.0,dependabot,Bump protobuf-java from 2.5.0 to 3.16.1,False,,,,,,2026-08-14T18:08:48.125989+00:00
prestosql/presto,https://github.com/prestosql/presto,True,version_updates_config_only,version_config_only_ever,False,False,,,,,,True,.github/dependabot.yml,2024-06-13T21:13:17Z,a2558e53bcd4705aae80078727bdfe42a7822523,https://github.com/trinodb/trino/commit/a2558e53bcd4705aae80078727bdfe42a7822523,,2026-08-14T18:08:54.102869+00:00
prestosql/presto-hive-apache,https://github.com/prestosql/presto-hive-apache,False,not_using_dependabot,never_detected,False,False,,,,,,False,,,,,,2026-08-14T18:09:03.714168+00:00
project-ncl/sourceclear-invoker,https://github.com/project-ncl/sourceclear-invoker,True,security_updates_only,security_only_ever,False,True,2019-11-12T13:47:05Z,https://github.com/project-ncl/sourceclear-invoker/pull/79,79.0,dependabot,Bump jackson-databind from 2.9.9.2 to 2.9.10.1,False,,,,,,2026-08-14T18:09:11.641540+00:00
projectnessie/nessie,https://github.com/projectnessie/nessie,True,both_security_and_version_updates,security_then_version,True,True,2020-08-27T17:08:00Z,https://github.com/projectnessie/nessie/pull/45,45.0,dependabot-preview,Bump jackson-bom from 2.10.2 to 2.11.2,True,.github/dependabot.yml,2021-05-04T17:19:49Z,cf349c7aec519dfa0f0d4b256959057ff495eccd,https://github.com/projectnessie/nessie/commit/cf349c7aec519dfa0f0d4b256959057ff495eccd,250.0082060185185,2026-08-14T18:09:17.374835+00:00
psi-probe/psi-probe,https://github.com/psi-probe/psi-probe,True,both_security_and_version_updates,security_then_version,True,True,2018-12-29T01:46:35Z,https://github.com/psi-probe/psi-probe/pull/1212,1212.0,dependabot-preview,Bump jna-platform from 5.1.0 to 5.2.0,True,.github/dependabot.yml,2020-07-04T23:53:49Z,54dfbff1537ba561b9e969d96c483c785c1e8a24,https://github.com/psi-probe/psi-probe/commit/54dfbff1537ba561b9e969d96c483c785c1e8a24,553.9216898148148,2026-08-14T18:09:25.524952+00:00
pugwoo/woo-utils,https://github.com/pugwoo/woo-utils,True,security_updates_only,security_only_ever,False,True,2020-10-12T22:15:40Z,https://github.com/pugwoo/woo-utils/pull/12,12.0,dependabot,Bump junit from 4.12 to 4.13.1,False,,,,,,2026-08-14T18:09:32.285376+00:00
quarkusio/quarkus,https://github.com/quarkusio/quarkus,True,both_security_and_version_updates,security_then_version,True,True,2019-11-26T14:34:26Z,https://github.com/quarkusio/quarkus/pull/5770,5770.0,dependabot-preview,Bump keycloak.version from 7.0.1 to 8.0.0,True,.github/dependabot.yml,2020-07-13T14:39:12Z,aacfbe85987c625028dd2b7a11d2022c16b6489a,https://github.com/quarkusio/quarkus/commit/aacfbe85987c625028dd2b7a11d2022c16b6489a,230.00331018518517,2026-08-14T18:09:37.935757+00:00
qubole/rubix,https://github.com/qubole/rubix,True,security_updates_only,security_only_ever,False,True,2020-01-28T06:53:16Z,https://github.com/qubole/rubix/pull/337,337.0,dependabot,build(deps): bump libthrift from 0.9.3 to 0.12.0 in /rubix-spi,False,,,,,,2026-08-14T18:09:46.492370+00:00
quickfix-j/quickfixj,https://github.com/quickfix-j/quickfixj,True,both_security_and_version_updates,security_then_version,True,True,2019-10-29T13:41:10Z,https://github.com/quickfix-j/quickfixj/pull/239,239.0,dependabot,Bump dom4j from 2.1.0 to 2.1.1 in /quickfixj-dictgenerator,True,.github/dependabot.yml,2022-07-27T11:03:11Z,d8bddc85e336b1fc5cd0e6af109db2a4c442541c,https://github.com/quickfix-j/quickfixj/commit/d8bddc85e336b1fc5cd0e6af109db2a4c442541c,1001.8902893518518,2026-08-14T18:09:52.463609+00:00
qwazr/library-modules,https://github.com/qwazr/library-modules,True,security_updates_only,security_only_ever,False,True,2020-04-26T22:02:46Z,https://github.com/qwazr/library-modules/pull/2,2.0,dependabot,Bump pdfbox from 2.0.13 to 2.0.15 in /qwazr-library-pdfbox,False,,,,,,2026-08-14T18:09:59.768588+00:00
r2dbc/r2dbc-h2,https://github.com/r2dbc/r2dbc-h2,True,security_updates_only,security_only_ever,False,True,2022-01-06T23:59:31Z,https://github.com/r2dbc/r2dbc-h2/pull/207,207.0,dependabot,Bump h2 from 1.4.200 to 2.0.206,False,,,,,,2026-08-14T18:10:06.699284+00:00
rabbitmq/hop,https://github.com/rabbitmq/hop,True,both_security_and_version_updates,same_day_security_and_version,False,True,2022-02-18T10:39:08Z,https://github.com/rabbitmq/hop/pull/260,260.0,dependabot,Bump checksum-maven-plugin from 1.8 to 1.11,True,.github/dependabot.yml,2022-02-18T10:38:19Z,cea4530254f12656bb5b4592159900c521ac0a1e,https://github.com/rabbitmq/hop/commit/cea4530254f12656bb5b4592159900c521ac0a1e,,2026-08-14T18:10:13.716154+00:00
rahulsinghai/logback-kafka-appender,https://github.com/rahulsinghai/logback-kafka-appender,False,not_using_dependabot,never_detected,False,False,,,,,,False,,,,,,2026-08-14T18:10:21.685822+00:00
ralscha/sse-eventbus,https://github.com/ralscha/sse-eventbus,True,security_updates_only,security_only_ever,False,True,2020-10-13T09:39:14Z,https://github.com/ralscha/sse-eventbus/pull/17,17.0,dependabot,Bump junit from 4.13 to 4.13.1,False,,,,,,2026-08-14T18:10:27.942080+00:00
rapid7/docker-image-analyzer,https://github.com/rapid7/docker-image-analyzer,True,security_updates_only,security_only_ever,False,True,2020-01-31T18:16:52Z,https://github.com/rapid7/docker-image-analyzer/pull/2,2.0,dependabot,Bump checkstyle from 8.18 to 8.29,False,,,,,,2026-08-14T18:10:35.149317+00:00
rapidoid/rapidoid,https://github.com/rapidoid/rapidoid,False,not_using_dependabot,never_detected,False,False,,,,,,False,,,,,,2026-08-14T18:10:41.075321+00:00
raydac/mvn-golang,https://github.com/raydac/mvn-golang,True,security_updates_only,security_only_ever,False,True,2020-10-13T06:45:04Z,https://github.com/raydac/mvn-golang/pull/77,77.0,dependabot,Bump junit from 4.12 to 4.13.1,False,,,,,,2026-08-14T18:10:46.431281+00:00
raydac/mvn-jlink,https://github.com/raydac/mvn-jlink,True,security_updates_only,security_only_ever,False,True,2020-10-13T11:24:53Z,https://github.com/raydac/mvn-jlink/pull/6,6.0,dependabot,Bump junit from 4.12 to 4.13.1 in /mvn-jlink-wrapper,False,,,,,,2026-08-14T18:10:53.442781+00:00
rayokota/kareldb,https://github.com/rayokota/kareldb,True,both_security_and_version_updates,security_then_version,True,True,2019-11-02T12:25:55Z,https://github.com/rayokota/kareldb/pull/4,4.0,dependabot,Bump jackson.version from 2.9.9 to 2.10.0,True,.github/dependabot.yml,2021-04-29T15:35:24Z,7656e10ee3329907ad1ad0d6207287d00e8444d4,https://github.com/rayokota/kareldb/commit/7656e10ee3329907ad1ad0d6207287d00e8444d4,544.1315856481482,2026-08-14T18:10:59.892051+00:00
rayokota/kcache,https://github.com/rayokota/kcache,True,both_security_and_version_updates,security_then_version,True,True,2020-03-25T02:20:25Z,https://github.com/rayokota/kcache/pull/8,8.0,dependabot-preview,Bump kafka.version from 2.3.0 to 2.4.1,True,.github/dependabot.yml,2021-04-29T15:35:24Z,2410ddcaaee78e1c1d5d2ff0203382a2c2b30dc2,https://github.com/rayokota/kcache/commit/2410ddcaaee78e1c1d5d2ff0203382a2c2b30dc2,400.55207175925926,2026-08-14T18:11:07.575545+00:00
release-engineering/koji-build-finder,https://github.com/release-engineering/koji-build-finder,True,security_updates_only,security_only_ever,False,True,2020-01-31T18:13:44Z,https://github.com/release-engineering/koji-build-finder/pull/206,206.0,dependabot,Bump checkstyle from 8.28 to 8.29,False,,,,,,2026-08-14T18:11:17.084936+00:00
research-virtualfortknox/msb-client-websocket-java,https://github.com/research-virtualfortknox/msb-client-websocket-java,False,not_using_dependabot,never_detected,False,False,,,,,,False,,,,,,2026-08-14T18:11:24.354873+00:00
researchstudio-sat/webofneeds,https://github.com/researchstudio-sat/webofneeds,True,security_updates_only,security_only_ever,False,True,2019-09-20T13:39:28Z,https://github.com/researchstudio-sat/webofneeds/pull/3051,3051.0,dependabot,Bump camel.version from 2.12.1 to 2.24.2 in /webofneeds,False,,,,,,2026-08-14T18:11:30.492177+00:00
restx/restx,https://github.com/restx/restx,True,security_updates_only,security_only_ever,False,True,2020-02-28T01:18:27Z,https://github.com/restx/restx/pull/309,309.0,dependabot,Bump embedded.tomcat.version from 7.0.47 to 9.0.31 in /restx-server-tomcat,False,,,,,,2026-08-14T18:11:36.276749+00:00
restx/restx-shell,https://github.com/restx/restx-shell,False,not_using_dependabot,never_detected,False,False,,,,,,False,,,,,,2026-08-14T18:11:45.153969+00:00
revelc/formatter-maven-plugin,https://github.com/revelc/formatter-maven-plugin,True,both_security_and_version_updates,security_then_version,True,True,2020-03-29T03:41:34Z,https://github.com/revelc/formatter-maven-plugin/pull/327,327.0,dependabot-preview,Bump jsdt-core from 2.7.0 to 2.7.1,True,.github/dependabot.yml,2020-07-05T00:17:24Z,a25c983731b1d6d94913b63ea0707f9feaabf1f1,https://github.com/revelc/formatter-maven-plugin/commit/a25c983731b1d6d94913b63ea0707f9feaabf1f1,97.8582175925926,2026-08-14T18:11:50.649980+00:00
rfoltyns/log4j2-elasticsearch,https://github.com/rfoltyns/log4j2-elasticsearch,True,security_updates_only,security_only_ever,False,True,2019-10-29T20:38:02Z,https://github.com/rfoltyns/log4j2-elasticsearch/pull/28,28.0,dependabot,Bump jackson.version from 2.9.8 to 2.10.0,False,,,,,,2026-08-14T18:11:58.125088+00:00
richardwilly98/elasticsearch-river-mongodb,https://github.com/richardwilly98/elasticsearch-river-mongodb,False,not_using_dependabot,never_detected,False,False,,,,,,False,,,,,,2026-08-14T18:12:04.379616+00:00
rocketbase-io/commons-asset,https://github.com/rocketbase-io/commons-asset,True,security_updates_only,security_only_ever,False,True,2022-03-08T21:24:44Z,https://github.com/rocketbase-io/commons-asset/pull/2,2.0,dependabot,chore(deps): bump liquibase-core from 4.4.3 to 4.8.0 in /schema-generation,False,,,,,,2026-08-14T18:12:11.407185+00:00
rubenlagus/TelegramBots,https://github.com/rubenlagus/TelegramBots,True,security_updates_only,security_only_ever,False,True,2019-10-21T19:10:10Z,https://github.com/rubenlagus/TelegramBots/pull/683,683.0,dependabot,Bump jackson-databind from 2.9.9.1 to 2.10.0,False,,,,,,2026-08-14T18:12:18.740203+00:00
s-frei/TrackSearch,https://github.com/s-frei/TrackSearch,True,both_security_and_version_updates,same_day_security_and_version,False,True,2020-06-05T12:40:22Z,https://github.com/s-frei/TrackSearch/pull/1,1.0,dependabot,Bump jackson-databind from 2.10.2 to 2.11.0,True,.github/dependabot.yml,2020-06-05T12:39:58Z,3098a4d91c717ad572236691c9efe2654ebecb9b,https://github.com/s-frei/TrackSearch/commit/3098a4d91c717ad572236691c9efe2654ebecb9b,,2026-08-14T18:12:26.593361+00:00
sakaiproject/sakai,https://github.com/sakaiproject/sakai,True,security_updates_only,security_only_ever,False,True,2019-10-21T18:58:46Z,https://github.com/sakaiproject/sakai/pull/7472,7472.0,dependabot,Bump nimbus-jose-jwt from 4.3.1 to 7.9 in /basiclti/basiclti-blis,False,,,,,,2026-08-14T18:12:34.341191+00:00
sangupta/jerry-core,https://github.com/sangupta/jerry-core,True,security_updates_only,security_only_ever,False,True,2020-10-13T07:59:48Z,https://github.com/sangupta/jerry-core/pull/11,11.0,dependabot,Bump junit from 4.13 to 4.13.1,False,,,,,,2026-08-14T18:12:40.109890+00:00
sbabcoc/Settings,https://github.com/sbabcoc/Settings,True,security_updates_only,security_only_ever,False,True,2020-07-28T20:16:56Z,https://github.com/sbabcoc/Settings/pull/14,14.0,dependabot,Bump commons-configuration2 from 2.3 to 2.7,False,,,,,,2026-08-14T18:12:45.648915+00:00
sbmlteam/jsbml,https://github.com/sbmlteam/jsbml,True,security_updates_only,security_only_ever,False,True,2021-08-15T19:54:20Z,https://github.com/sbmlteam/jsbml/pull/225,225.0,dependabot,Bump log4j-core from 2.3 to 2.13.2 in /core,False,,,,,,2026-08-14T18:12:51.787107+00:00
searls/jasmine-maven-plugin,https://github.com/searls/jasmine-maven-plugin,True,both_security_and_version_updates,security_then_version,True,True,2019-11-29T17:59:00Z,https://github.com/searls/jasmine-maven-plugin/pull/337,337.0,dependabot,Bump jetty.version from 9.4.8.v20171121 to 9.4.24.v20191120,True,.github/dependabot.yml,2020-09-16T15:24:46Z,0cb02258c0e1e84bd80a110f341a93a59134e93e,https://github.com/searls/jasmine-maven-plugin/commit/0cb02258c0e1e84bd80a110f341a93a59134e93e,291.8928935185185,2026-08-14T18:12:58.815880+00:00
sebthom/oval,https://github.com/sebthom/oval,True,both_security_and_version_updates,security_then_version,True,True,2019-10-30T16:40:19Z,https://github.com/sebthom/oval/pull/24,24.0,dependabot-preview,Bump rhino from 1.7.10 to 1.7.11,True,.github/dependabot.yml,2020-12-30T16:01:47Z,0254457aa1b443e4f38ffa24fb590e980d8a92cb,https://github.com/sebthom/oval/commit/0254457aa1b443e4f38ffa24fb590e980d8a92cb,426.9732407407407,2026-08-14T18:13:06.285516+00:00
sendgrid/sendgrid-java,https://github.com/sendgrid/sendgrid-java,True,security_updates_only,security_only_ever,False,True,2019-08-14T20:24:31Z,https://github.com/sendgrid/sendgrid-java/pull/584,584.0,dependabot,Bump jackson.version from 2.9.9 to 2.10.0.pr1,False,,,,,,2026-08-14T18:13:12.816706+00:00
serenity-bdd/serenity-core,https://github.com/serenity-bdd/serenity-core,True,security_updates_only,security_only_ever,False,True,2020-10-13T00:59:52Z,https://github.com/serenity-bdd/serenity-core/pull/2266,2266.0,dependabot,Bump junit from 4.8.1 to 4.13.1 in /serenity-demo,False,,,,,,2026-08-14T18:13:18.060304+00:00
seznam/euphoria,https://github.com/seznam/euphoria,True,security_updates_only,security_only_ever,False,True,2019-11-13T02:16:27Z,https://github.com/seznam/euphoria/pull/308,308.0,dependabot,Bump jackson-databind from 2.7.0 to 2.9.10.1 in /euphoria-kafka,False,,,,,,2026-08-14T18:13:25.048278+00:00
shalousun/ApplicationPower,https://github.com/shalousun/ApplicationPower,True,both_security_and_version_updates,security_then_version,True,True,2020-07-01T19:16:29Z,https://github.com/shalousun/ApplicationPower/pull/8,8.0,dependabot,Bump log4j.version from 2.13.0 to 2.13.3 in /application-power,True,.github/dependabot.yml,2024-09-16T03:50:24Z,3221e5a27b72bf2a4559b3137acbcd4e2ec09a77,https://github.com/shalousun/ApplicationPower/commit/3221e5a27b72bf2a4559b3137acbcd4e2ec09a77,1537.356886574074,2026-08-14T18:13:30.526926+00:00
shiruka/api,https://github.com/shiruka/api,True,both_security_and_version_updates,security_then_version,True,True,2020-11-06T18:02:56Z,https://github.com/shiruka/api/pull/2,2.0,dependabot-preview,Bump ppom from 1.9.5 to 1.9.6,True,.github/dependabot.yml,2021-01-10T12:47:37Z,34607b76de81c37530cbf4412cfa2ec711cf4d02,https://github.com/shiruka/api/commit/34607b76de81c37530cbf4412cfa2ec711cf4d02,64.78103009259259,2026-08-14T18:13:38.387065+00:00
shred/acme4j,https://github.com/shred/acme4j,True,both_security_and_version_updates,security_then_version,True,True,2020-10-13T06:46:58Z,https://github.com/shred/acme4j/pull/91,91.0,dependabot,Bump junit from 4.13 to 4.13.1,True,.github/dependabot.yml,2021-04-26T05:05:10Z,d0058f8dab7d9b67351a7f5c3f5d65c52cb691f0,https://github.com/shred/acme4j/commit/d0058f8dab7d9b67351a7f5c3f5d65c52cb691f0,194.92930555555554,2026-08-14T18:13:45.504956+00:00
simplyti/simple-server,https://github.com/simplyti/simple-server,True,security_updates_only,security_only_ever,False,True,2020-02-21T18:57:49Z,https://github.com/simplyti/simple-server/pull/7,7.0,dependabot,chore(deps): bump netty.version from 4.1.43.Final to 4.1.45.Final,False,,,,,,2026-08-14T18:13:52.881442+00:00
sitture/env-config,https://github.com/sitture/env-config,True,both_security_and_version_updates,security_then_version,True,True,2020-05-21T19:21:07Z,https://github.com/sitture/env-config/pull/25,25.0,dependabot,Bump commons-configuration2 from 2.2 to 2.7,True,.github/dependabot.yml,2021-11-03T22:56:33Z,b3871fa102fa7a219a7c107dbd152667645f8a6a,https://github.com/sitture/env-config/commit/b3871fa102fa7a219a7c107dbd152667645f8a6a,531.1496064814814,2026-08-14T18:13:59.221104+00:00
skbkontur/extern-java-sdk,https://github.com/skbkontur/extern-java-sdk,True,security_updates_only,security_only_ever,False,True,2020-03-20T11:53:19Z,https://github.com/skbkontur/extern-java-sdk/pull/143,143.0,dependabot,Bump commons-compress from 1.18 to 1.19,False,,,,,,2026-08-14T18:14:06.579865+00:00
smooks/smooks,https://github.com/smooks/smooks,True,both_security_and_version_updates,security_then_version,True,True,2019-11-02T16:02:29Z,https://github.com/smooks/smooks/pull/165,165.0,dependabot,Bump camel.version from 2.12.4 to 2.24.2 in /smooks-parent,True,.github/dependabot.yml,2020-11-19T08:39:31Z,45f42b1ce046b0f8faafbaf7f4676bda8864e8b3,https://github.com/smooks/smooks/commit/45f42b1ce046b0f8faafbaf7f4676bda8864e8b3,382.69238425925926,2026-08-14T18:14:13.937269+00:00
snyk/snyk-maven-plugin,https://github.com/snyk/snyk-maven-plugin,False,not_using_dependabot,never_detected,False,False,,,,,,False,,,,,,2026-08-14T18:14:21.909042+00:00
soasada/popok,https://github.com/soasada/popok,True,security_updates_only,security_only_ever,False,True,2021-02-18T21:16:29Z,https://github.com/soasada/popok/pull/15,15.0,dependabot,Bump jackson.version from 2.10.3 to 2.12.1,False,,,,,,2026-08-14T18:14:28.491286+00:00
softelnet/sponge,https://github.com/softelnet/sponge,True,security_updates_only,security_only_ever,False,True,2020-11-16T16:52:02Z,https://github.com/softelnet/sponge/pull/1,1.0,dependabot,Bump jetty.version from 9.4.31.v20200723 to 9.4.34.v20201102,False,,,,,,2026-08-14T18:14:35.541668+00:00
sokomishalov/skraper,https://github.com/sokomishalov/skraper,True,both_security_and_version_updates,security_then_version,True,True,2020-02-10T02:31:09Z,https://github.com/sokomishalov/skraper/pull/4,4.0,dependabot-preview,Bump jsoup from 1.12.1 to 1.12.2,True,.github/dependabot.yml,2021-04-30T09:12:01Z,1cacfafd2d1c97854ecaede090a682cffcb27338,https://github.com/sokomishalov/skraper/commit/1cacfafd2d1c97854ecaede090a682cffcb27338,445.2783796296296,2026-08-14T18:14:41.926209+00:00
solr-cool/solr-analyzers,https://github.com/solr-cool/solr-analyzers,True,both_security_and_version_updates,same_day_security_and_version,False,True,2020-08-23T19:44:32Z,https://github.com/solr-cool/solr-analyzers/pull/1,1.0,dependabot,Bump maven-assembly-plugin from 2.5.3 to 3.3.0,True,.github/dependabot.yml,2020-08-23T19:43:49Z,7b662f34a8c54e83557ffa51e2d3d1c10be2fdb9,https://github.com/solr-cool/solr-analyzers/commit/7b662f34a8c54e83557ffa51e2d3d1c10be2fdb9,,2026-08-14T18:14:51.562763+00:00
solr-cool/solr-thymeleaf,https://github.com/solr-cool/solr-thymeleaf,True,both_security_and_version_updates,same_day_security_and_version,False,True,2020-08-23T19:46:05Z,https://github.com/solr-cool/solr-thymeleaf/pull/1,1.0,dependabot,Bump solr.version from 7.4.0 to 8.6.1,True,.github/dependabot.yml,2020-08-23T19:45:17Z,e83e7604a963ed2b4fe3bb9833c53931743703a3,https://github.com/solr-cool/solr-thymeleaf/commit/e83e7604a963ed2b4fe3bb9833c53931743703a3,,2026-08-14T18:14:58.623799+00:00
solr-cool/solr-util,https://github.com/solr-cool/solr-util,True,both_security_and_version_updates,same_day_security_and_version,False,True,2020-08-23T19:46:43Z,https://github.com/solr-cool/solr-util/pull/1,1.0,dependabot,Bump solr-core from 7.4.0 to 8.6.1,True,.github/dependabot.yml,2020-08-23T19:46:18Z,17b092df064f195466c1e035c67b1927e69aa3e0,https://github.com/solr-cool/solr-util/commit/17b092df064f195466c1e035c67b1927e69aa3e0,,2026-08-14T18:15:06.698128+00:00
sonallux/spotify-web-api,https://github.com/sonallux/spotify-web-api,True,both_security_and_version_updates,same_day_security_and_version,False,True,2020-08-10T15:39:46Z,https://github.com/sonallux/spotify-web-api/pull/1,1.0,dependabot,Bump jackson.version from 2.10.5 to 2.11.2,True,.github/dependabot.yml,2020-08-10T15:39:11Z,403e1783902b4f95e9654fa1e294a05783bf22fa,https://github.com/sonallux/spotify-web-api/commit/403e1783902b4f95e9654fa1e294a05783bf22fa,,2026-08-14T18:15:14.601944+00:00
spdx/LicenseListPublisher,https://github.com/spdx/LicenseListPublisher,True,security_updates_only,security_only_ever,False,True,2019-11-02T15:13:39Z,https://github.com/spdx/LicenseListPublisher/pull/59,59.0,dependabot,Bump ffi from 1.9.8 to 1.11.1 in /resources/htmlTemplate/sites/all/themes/cpstandard,False,,,,,,2026-08-14T18:15:23.421836+00:00
spdx/tools,https://github.com/spdx/tools,True,security_updates_only,security_only_ever,False,True,2019-11-13T09:34:05Z,https://github.com/spdx/tools/pull/212,212.0,dependabot,Bump jackson-databind from 2.9.8 to 2.9.10.1,False,,,,,,2026-08-14T18:15:30.064799+00:00
spotbugs/sonar-findbugs,https://github.com/spotbugs/sonar-findbugs,True,both_security_and_version_updates,security_then_version,True,True,2020-10-13T07:00:23Z,https://github.com/spotbugs/sonar-findbugs/pull/328,328.0,dependabot,Bump junit from 4.13 to 4.13.1,True,.github/dependabot.yml,2021-11-17T02:19:05Z,8a7c35818aceb2aaf17d0f15334e91037f0e965a,https://github.com/spotbugs/sonar-findbugs/commit/8a7c35818aceb2aaf17d0f15334e91037f0e965a,399.8046527777778,2026-08-14T18:15:37.925396+00:00
spotify/bigtable-autoscaler,https://github.com/spotify/bigtable-autoscaler,True,security_updates_only,security_only_ever,False,True,2019-10-14T09:37:10Z,https://github.com/spotify/bigtable-autoscaler/pull/83,83.0,dependabot,Bump netty-all from 4.1.17.Final to 4.1.42.Final,False,,,,,,2026-08-14T18:15:45.317584+00:00
spotify/dbeam,https://github.com/spotify/dbeam,True,both_security_and_version_updates,security_then_version,True,True,2019-09-02T07:57:48Z,https://github.com/spotify/dbeam/pull/76,76.0,dependabot-preview,Bump slf4j.version from 1.7.25 to 1.7.28,True,.github/dependabot.yml,2021-05-05T12:12:15Z,c3eae2512fd8c2ad950dd7c1a1ab159c1498e119,https://github.com/spotify/dbeam/commit/c3eae2512fd8c2ad950dd7c1a1ab159c1498e119,611.1767013888889,2026-08-14T18:15:52.281259+00:00
spotify/docker-client,https://github.com/spotify/docker-client,True,security_updates_only,security_only_ever,False,True,2019-11-13T03:21:40Z,https://github.com/spotify/docker-client/pull/1171,1171.0,dependabot,Bump jackson-databind from 2.9.8 to 2.9.10.1,False,,,,,,2026-08-14T18:16:01.237231+00:00
spotify/helios,https://github.com/spotify/helios,True,security_updates_only,security_only_ever,False,True,2019-10-11T18:46:57Z,https://github.com/spotify/helios/pull/1285,1285.0,dependabot,Bump netty-all from 4.1.5.Final to 4.1.42.Final,False,,,,,,2026-08-14T18:16:08.378736+00:00
spotify/styx,https://github.com/spotify/styx,True,security_updates_only,security_only_ever,False,True,2019-10-30T17:01:25Z,https://github.com/spotify/styx/pull/805,805.0,dependabot,Bump jackson.version from 2.9.10 to 2.10.0,False,,,,,,2026-08-14T18:16:15.144450+00:00
spring-io/initializr,https://github.com/spring-io/initializr,True,both_security_and_version_updates,security_then_version,True,True,2023-09-14T19:36:23Z,https://github.com/spring-io/initializr/pull/1467,1467.0,dependabot,Upgrade to Commons Compress 1.24.0,True,.github/dependabot.yml,2024-02-20T08:28:40Z,77f245134fcf962719eccc7513248150c4aee02f,https://github.com/spring-io/initializr/commit/77f245134fcf962719eccc7513248150c4aee02f,158.53630787037036,2026-08-14T18:16:22.017779+00:00
spring-projects/spring-amqp,https://github.com/spring-projects/spring-amqp,True,both_security_and_version_updates,same_day_security_and_version,False,True,2023-12-18T16:32:43Z,https://github.com/spring-projects/spring-amqp/pull/2579,2579.0,dependabot,Bump the development-dependencies group with 3 updates,True,.github/dependabot.yml,2023-12-18T16:27:57Z,b6dbba3ee4eb1e1f6a19c8232424e66de8c4c79c,https://github.com/spring-projects/spring-amqp/commit/b6dbba3ee4eb1e1f6a19c8232424e66de8c4c79c,,2026-08-14T18:16:29.594485+00:00
spring-projects/spring-batch,https://github.com/spring-projects/spring-batch,True,both_security_and_version_updates,same_day_security_and_version,False,True,2026-02-04T14:04:50Z,https://github.com/spring-projects/spring-batch/pull/5262,5262.0,dependabot,Bump actions/setup-java from 3 to 5,True,.github/dependabot.yml,2026-02-04T14:04:10Z,d60584664f4df6bc8caf3fe4ed4159605c1a14ab,https://github.com/spring-projects/spring-batch/commit/d60584664f4df6bc8caf3fe4ed4159605c1a14ab,,2026-08-14T18:16:37.292965+00:00
spring-projects/spring-hateoas,https://github.com/spring-projects/spring-hateoas,True,security_updates_only,security_only_ever,False,True,2022-01-12T23:27:10Z,https://github.com/spring-projects/spring-hateoas/pull/1735,1735.0,dependabot,Bump spring-core from 5.3.13 to 5.3.14,False,,,,,,2026-08-14T18:16:43.799023+00:00
spring-projects/spring-ldap,https://github.com/spring-projects/spring-ldap,True,both_security_and_version_updates,same_day_security_and_version,False,True,2024-08-15T14:25:21Z,https://github.com/spring-projects/spring-ldap/pull/886,886.0,dependabot,Bump actions/checkout from 3 to 4,True,.github/dependabot.yml,2024-08-15T14:24:33Z,36e6b21ef454da9baaeb68891c29d83c8029c31c,https://github.com/spring-projects/spring-ldap/commit/36e6b21ef454da9baaeb68891c29d83c8029c31c,,2026-08-14T18:16:51.051219+00:00
spring-projects/spring-webflow,https://github.com/spring-projects/spring-webflow,False,not_using_dependabot,never_detected,False,False,,,,,,False,,,,,,2026-08-14T18:16:58.523571+00:00
spring-projects/spring-ws,https://github.com/spring-projects/spring-ws,True,security_updates_only,security_only_ever,False,True,2020-10-13T04:36:24Z,https://github.com/spring-projects/spring-ws/pull/1163,1163.0,dependabot,Bump junit from 4.12 to 4.13.1,False,,,,,,2026-08-14T18:17:05.471062+00:00
sqlancer/sqlancer,https://github.com/sqlancer/sqlancer,True,both_security_and_version_updates,security_then_version,True,True,2020-06-24T07:00:32Z,https://github.com/sqlancer/sqlancer/pull/48,48.0,dependabot-preview,Bump jcommander from 1.75 to 1.78,True,.github/dependabot.yml,2021-04-29T15:43:45Z,8b9ac9e548d6589a88867daa8600cbbd7961822f,https://github.com/sqlancer/sqlancer/commit/8b9ac9e548d6589a88867daa8600cbbd7961822f,309.3633449074074,2026-08-14T18:17:11.237945+00:00
square/keywhiz,https://github.com/square/keywhiz,True,both_security_and_version_updates,security_then_version,True,True,2019-07-30T22:34:55Z,https://github.com/square/keywhiz/pull/432,432.0,dependabot-preview,Bump jooq.version from 3.11.5 to 3.11.11,True,.github/dependabot.yml,2021-04-29T15:17:19Z,b2db079bf818890b51385afedf79a2fdf026cf8a,https://github.com/square/keywhiz/commit/b2db079bf818890b51385afedf79a2fdf026cf8a,638.6961111111111,2026-08-14T18:17:18.120412+00:00
square/okhttp,https://github.com/square/okhttp,False,not_using_dependabot,never_detected,False,False,,,,,,False,,,,,,2026-08-14T18:17:25.961237+00:00
sstrickx/yahoofinance-api,https://github.com/sstrickx/yahoofinance-api,True,security_updates_only,security_only_ever,False,True,2019-11-13T06:43:37Z,https://github.com/sstrickx/yahoofinance-api/pull/143,143.0,dependabot,Bump jackson-databind from 2.9.8 to 2.9.10.1,False,,,,,,2026-08-14T18:17:33.065227+00:00
statful/statful-client-vertx,https://github.com/statful/statful-client-vertx,False,not_using_dependabot,never_detected,False,False,,,,,,False,,,,,,2026-08-14T18:17:39.734239+00:00
stephenc/junit-docker-rule,https://github.com/stephenc/junit-docker-rule,False,not_using_dependabot,never_detected,False,False,,,,,,False,,,,,,2026-08-14T18:17:46.162096+00:00
stevespringett/Alpine,https://github.com/stevespringett/Alpine,True,both_security_and_version_updates,security_then_version,True,True,2019-09-08T07:34:31Z,https://github.com/stevespringett/Alpine/pull/31,31.0,dependabot-preview,Bump maven-compiler-plugin from 3.8.0 to 3.8.1,True,.github/dependabot.yml,2020-11-19T05:10:18Z,058cfd1463b84ff5ecf5cc16b3abd871a3827fff,https://github.com/stevespringett/Alpine/commit/058cfd1463b84ff5ecf5cc16b3abd871a3827fff,437.899849537037,2026-08-14T18:17:51.632185+00:00
stickfigure/gstrap,https://github.com/stickfigure/gstrap,True,security_updates_only,security_only_ever,False,True,2021-03-31T20:37:44Z,https://github.com/stickfigure/gstrap/pull/1,1.0,dependabot,Bump guava from 28.2-jre to 29.0-jre in /gstrap,False,,,,,,2026-08-14T18:17:59.656199+00:00
stklcode/jvaultconnector,https://github.com/stklcode/jvaultconnector,True,security_updates_only,security_only_ever,False,True,2022-10-19T06:26:02Z,https://github.com/stklcode/jvaultconnector/pull/60,60.0,dependabot,Bump jackson-databind from 2.13.3 to 2.13.4.1,False,,,,,,2026-08-14T18:18:05.071378+00:00
storezhang/utils,https://github.com/storezhang/utils,True,security_updates_only,security_only_ever,False,True,2019-10-17T04:40:09Z,https://github.com/storezhang/utils/pull/5,5.0,dependabot,Bump fastjson from 1.2.17 to 1.2.25 in /base,False,,,,,,2026-08-14T18:18:10.360874+00:00
stormpath/stormpath-shiro,https://github.com/stormpath/stormpath-shiro,False,not_using_dependabot,never_detected,False,False,,,,,,False,,,,,,2026-08-14T18:18:16.475942+00:00
streampipes/streampipes,https://github.com/streampipes/streampipes,True,version_updates_config_only,version_config_only_ever,False,False,,,,,,True,.github/dependabot.yml,2022-12-24T12:54:04Z,df52d663372df7932290adcffd03e30d427db137,https://github.com/apache/streampipes/commit/df52d663372df7932290adcffd03e30d427db137,,2026-08-14T18:18:22.280673+00:00
streamthoughts/kafka-connect-file-pulse,https://github.com/streamthoughts/kafka-connect-file-pulse,True,both_security_and_version_updates,security_then_version,True,True,2020-07-20T20:13:14Z,https://github.com/streamthoughts/kafka-connect-file-pulse/pull/44,44.0,dependabot,build(deps): bump lodash from 4.17.15 to 4.17.19 in /site,True,.github/dependabot.yml,2022-05-26T21:04:31Z,45952f9c219441323b329fec1728833836daa71a,https://github.com/streamthoughts/kafka-connect-file-pulse/commit/45952f9c219441323b329fec1728833836daa71a,675.0356134259259,2026-08-14T18:18:31.171685+00:00
streamxhub/streamx,https://github.com/streamxhub/streamx,False,not_using_dependabot,never_detected,False,False,,,,,,False,,,,,,2026-08-14T18:18:38.278378+00:00
structr/structr,https://github.com/structr/structr,True,security_updates_only,security_only_ever,False,True,2020-06-15T19:23:44Z,https://github.com/structr/structr/pull/543,543.0,dependabot,Build(deps): Bump xercesImpl from 2.11.0 to 2.12.0,False,,,,,,2026-08-14T18:18:45.747790+00:00
suninformation/ymate-framework-v2,https://github.com/suninformation/ymate-framework-v2,True,security_updates_only,security_only_ever,False,True,2020-10-13T06:41:37Z,https://github.com/suninformation/ymate-framework-v2/pull/1,1.0,dependabot,Bump junit from 4.12 to 4.13.1,False,,,,,,2026-08-14T18:18:53.322313+00:00
susom/database,https://github.com/susom/database,True,security_updates_only,security_only_ever,False,True,2020-10-13T02:32:57Z,https://github.com/susom/database/pull/38,38.0,dependabot,Bump junit from 4.12 to 4.13.1,False,,,,,,2026-08-14T18:18:59.056377+00:00
susom/vertx-base,https://github.com/susom/vertx-base,True,security_updates_only,security_only_ever,False,True,2019-10-16T18:36:37Z,https://github.com/susom/vertx-base/pull/10,10.0,dependabot,Bump nimbus-jose-jwt from 6.0 to 7.9,False,,,,,,2026-08-14T18:19:06.068658+00:00
svenkubiak/mangooio,https://github.com/svenkubiak/mangooio,True,security_updates_only,security_only_ever,False,True,2021-12-10T00:56:38Z,https://github.com/svenkubiak/mangooio/pull/515,515.0,dependabot,Bump log4j-core from 2.14.1 to 2.15.0,False,,,,,,2026-08-14T18:19:13.163890+00:00
swagger-api/swagger-core,https://github.com/swagger-api/swagger-core,True,both_security_and_version_updates,security_then_version,True,True,2022-04-01T17:40:38Z,https://github.com/swagger-api/swagger-core/pull/4154,4154.0,dependabot,Bump jackson-databind from 2.13.2 to 2.13.2.1 in /modules/swagger-project-jakarta,True,.github/dependabot.yml,2023-11-07T17:41:04Z,707be72b3a7f2166e64b9dbe3cd9d0df5ff82f33,https://github.com/swagger-api/swagger-core/commit/707be72b3a7f2166e64b9dbe3cd9d0df5ff82f33,585.0003009259259,2026-08-14T18:19:18.960727+00:00
swisspush/gateleen,https://github.com/swisspush/gateleen,False,not_using_dependabot,never_detected,False,False,,,,,,False,,,,,,2026-08-14T18:19:26.907744+00:00
swisspush/vertx-redisques,https://github.com/swisspush/vertx-redisques,False,not_using_dependabot,never_detected,False,False,,,,,,False,,,,,,2026-08-14T18:19:34.182160+00:00
swisspush/vertx-rest-mirror,https://github.com/swisspush/vertx-rest-mirror,False,not_using_dependabot,never_detected,False,False,,,,,,False,,,,,,2026-08-14T18:19:42.853716+00:00
swisspush/vertx-rest-storage,https://github.com/swisspush/vertx-rest-storage,False,not_using_dependabot,never_detected,False,False,,,,,,False,,,,,,2026-08-14T18:19:51.471520+00:00
syndesisio/syndesis,https://github.com/syndesisio/syndesis,True,both_security_and_version_updates,security_then_version,True,True,2019-08-22T09:56:11Z,https://github.com/syndesisio/syndesis/pull/6423,6423.0,dependabot-preview,chore(deps-dev): bump @commitlint/config-conventional from 6.1.3 to 8.1.0,True,.github/dependabot.yml,2021-04-29T15:19:21Z,b50467c2bc7f77e042a841967ebfe50ed9eb3f58,https://github.com/syndesisio/syndesis/commit/b50467c2bc7f77e042a841967ebfe50ed9eb3f58,616.2244212962963,2026-08-14T18:19:59.909514+00:00
synhershko/elasticsearch-analysis-hebrew,https://github.com/synhershko/elasticsearch-analysis-hebrew,False,not_using_dependabot,never_detected,False,False,,,,,,False,,,,,,2026-08-14T18:20:06.168824+00:00
taboola/backstage-api-java-client,https://github.com/taboola/backstage-api-java-client,True,security_updates_only,security_only_ever,False,True,2019-11-13T05:17:47Z,https://github.com/taboola/backstage-api-java-client/pull/21,21.0,dependabot,Bump jackson-databind from 2.9.9.2 to 2.9.10.1,False,,,,,,2026-08-14T18:20:12.305440+00:00
tabulapdf/tabula-java,https://github.com/tabulapdf/tabula-java,True,both_security_and_version_updates,security_then_version,True,True,2019-06-04T15:21:25Z,https://github.com/tabulapdf/tabula-java/pull/292,292.0,dependabot-preview,Bump maven-compiler-plugin from 3.1 to 3.8.1,True,.github/dependabot.yml,2021-04-29T15:23:21Z,c89831109f6892c62d9597ba593161b4cf2b0c1f,https://github.com/tabulapdf/tabula-java/commit/c89831109f6892c62d9597ba593161b4cf2b0c1f,695.0013425925926,2026-08-14T18:20:19.454530+00:00
tagbangers/wallride,https://github.com/tagbangers/wallride,False,not_using_dependabot,never_detected,False,False,,,,,,False,,,,,,2026-08-14T18:20:26.297001+00:00
taimos/dvalin,https://github.com/taimos/dvalin,True,security_updates_only,security_only_ever,False,True,2019-11-01T23:28:25Z,https://github.com/taimos/dvalin/pull/77,77.0,dependabot,Bump jackson.version from 2.9.8 to 2.10.0,False,,,,,,2026-08-14T18:20:32.698917+00:00
taskana/taskana,https://github.com/taskana/taskana,True,both_security_and_version_updates,security_then_version,True,True,2019-10-21T10:25:57Z,https://github.com/Taskana/taskana/pull/735,735.0,dependabot,Bump diff from 3.4.0 to 3.5.0 in /web,True,.github/dependabot.yml,2021-03-04T23:42:44Z,25478b93b12ab20bdce0ea2f86c6c0b405ce0a4f,https://github.com/Taskana/taskana/commit/25478b93b12ab20bdce0ea2f86c6c0b405ce0a4f,500.55332175925923,2026-08-14T18:20:38.586045+00:00
taxjar/taxjar-java,https://github.com/taxjar/taxjar-java,True,security_updates_only,security_only_ever,False,True,2020-10-13T07:07:58Z,https://github.com/taxjar/taxjar-java/pull/29,29.0,dependabot,Bump junit from 4.12 to 4.13.1,False,,,,,,2026-08-14T18:20:45.390017+00:00
tballison/lucene-addons,https://github.com/tballison/lucene-addons,True,security_updates_only,security_only_ever,False,True,2019-02-05T14:00:10Z,https://github.com/tballison/lucene-addons/pull/36,36.0,dependabot-preview,Bump log4j.version from 2.11.0 to 2.11.1,False,,,,,,2026-08-14T18:20:51.772199+00:00
tcurdt/jdeb,https://github.com/tcurdt/jdeb,True,both_security_and_version_updates,security_then_version,True,True,2020-10-13T07:40:29Z,https://github.com/tcurdt/jdeb/pull/309,309.0,dependabot,Bump junit from 4.13 to 4.13.1,True,.github/dependabot.yml,2021-01-02T13:07:39Z,ab40e084e7da142f06e07ef6e1e2213088cfc38d,https://github.com/tcurdt/jdeb/commit/ab40e084e7da142f06e07ef6e1e2213088cfc38d,81.22719907407408,2026-08-14T18:20:57.629120+00:00
tdf/odftoolkit,https://github.com/tdf/odftoolkit,True,security_updates_only,security_only_ever,False,True,2020-09-14T18:19:43Z,https://github.com/tdf/odftoolkit/pull/67,67.0,dependabot,Bump ant from 1.10.7 to 1.10.8,False,,,,,,2026-08-14T18:21:04.539921+00:00
teamapps-org/universal-db,https://github.com/teamapps-org/universal-db,True,security_updates_only,security_only_ever,False,True,2020-06-16T00:22:43Z,https://github.com/teamapps-org/universal-db/pull/1,1.0,dependabot,Bump guava from 23.6-jre to 24.1.1-jre,False,,,,,,2026-08-14T18:21:11.986202+00:00
teknux-org/jetty-bootstrap,https://github.com/teknux-org/jetty-bootstrap,True,security_updates_only,security_only_ever,False,True,2019-12-18T16:49:44Z,https://github.com/teknux-org/jetty-bootstrap/pull/39,39.0,dependabot,Bump httpclient from 4.3.1 to 4.3.6 in /jetty-bootstrap,False,,,,,,2026-08-14T18:21:17.419100+00:00
tencentyun/cos-java-sdk-v5,https://github.com/tencentyun/cos-java-sdk-v5,True,security_updates_only,security_only_ever,False,True,2020-10-13T09:31:40Z,https://github.com/tencentyun/cos-java-sdk-v5/pull/74,74.0,dependabot,Bump junit from 4.12 to 4.13.1,False,,,,,,2026-08-14T18:21:24.214302+00:00
terrestris/shogun2,https://github.com/terrestris/shogun2,False,not_using_dependabot,never_detected,False,False,,,,,,False,,,,,,2026-08-14T18:21:29.811402+00:00
test4j/test4j,https://github.com/test4j/test4j,True,security_updates_only,security_only_ever,False,True,2020-07-02T02:21:59Z,https://github.com/test4j/test4j/pull/9,9.0,dependabot,Bump mysql-connector-java from 5.1.6 to 8.0.16 in /test4j-db-dep,False,,,,,,2026-08-14T18:21:38.092783+00:00
textexploration/mtas,https://github.com/textexploration/mtas,True,security_updates_only,security_only_ever,False,True,2019-11-02T21:30:16Z,https://github.com/textexploration/mtas/pull/6,6.0,dependabot,Bump currentLuceneVersion from 8.1.1 to 8.3.0,False,,,,,,2026-08-14T18:21:44.687744+00:00
thin-wiki/thin-wiki,https://github.com/thin-wiki/thin-wiki,True,both_security_and_version_updates,same_day_security_and_version,False,True,2021-04-09T15:41:15Z,https://github.com/thin-wiki/thin-wiki/pull/1,1.0,dependabot,Bump github-api from 1.122 to 1.127,True,.github/dependabot.yml,2021-04-09T15:40:38Z,972402fa25d61e0e127947387a80b1891df81a58,https://github.com/thin-wiki/thin-wiki/commit/972402fa25d61e0e127947387a80b1891df81a58,,2026-08-14T18:21:50.878829+00:00
thomasjallerton/nimbus-core,https://github.com/thomasjallerton/nimbus-core,False,not_using_dependabot,never_detected,False,False,,,,,,False,,,,,,2026-08-14T18:21:59.343643+00:00
thombergs/wicked-charts,https://github.com/thombergs/wicked-charts,False,not_using_dependabot,never_detected,False,False,,,,,,False,,,,,,2026-08-14T18:22:07.978177+00:00
thrau/jarchivelib,https://github.com/thrau/jarchivelib,True,security_updates_only,security_only_ever,False,True,2020-10-13T07:56:37Z,https://github.com/thrau/jarchivelib/pull/82,82.0,dependabot,Bump junit from 4.11 to 4.13.1,False,,,,,,2026-08-14T18:22:16.571027+00:00
thymeleaf/thymeleaf-extras-tiles2,https://github.com/thymeleaf/thymeleaf-extras-tiles2,True,security_updates_only,security_only_ever,False,True,2020-11-14T17:29:35Z,https://github.com/thymeleaf/thymeleaf-extras-tiles2/pull/25,25.0,dependabot,Bump springframework.version from 4.0.0.RELEASE to 5.3.1 in /thymeleaf-extras-tiles2-spring4,False,,,,,,2026-08-14T18:22:22.479034+00:00
thymeleaf/thymeleaf-spring,https://github.com/thymeleaf/thymeleaf-spring,True,security_updates_only,security_only_ever,False,True,2020-11-29T01:00:02Z,https://github.com/thymeleaf/thymeleaf-spring/pull/242,242.0,dependabot,Bump springframework.version from 5.0.8.RELEASE to 5.3.1 in /thymeleaf-spring5,False,,,,,,2026-08-14T18:22:30.172589+00:00
timmolter/XChange,https://github.com/timmolter/XChange,True,version_updates_config_only,version_config_only_ever,False,False,,,,,,True,.github/dependabot.yml,2021-04-28T16:45:32Z,f6f2ea93163e0884a595819c9f8673146d7c11d6,https://github.com/knowm/XChange/commit/f6f2ea93163e0884a595819c9f8673146d7c11d6,,2026-08-14T18:22:36.572077+00:00
timofeevda/jstressy,https://github.com/timofeevda/jstressy,True,security_updates_only,security_only_ever,False,True,2019-11-13T01:38:30Z,https://github.com/timofeevda/jstressy/pull/2,2.0,dependabot,Bump jackson-databind from 2.9.9.1 to 2.9.10.1,False,,,,,,2026-08-14T18:22:46.952209+00:00
tipsy/javalin,https://github.com/tipsy/javalin,True,version_updates_config_only,version_config_only_ever,False,False,,,,,,True,.github/dependabot.yml,2024-02-22T17:14:11Z,e408092e7621d8d4c363190997153e50350d36ba,https://github.com/javalin/javalin/commit/e408092e7621d8d4c363190997153e50350d36ba,,2026-08-14T18:22:53.318151+00:00
tmurakam/spring-session-ext-mongo,https://github.com/tmurakam/spring-session-ext-mongo,True,security_updates_only,security_only_ever,False,True,2022-06-25T07:27:57Z,https://github.com/tmurakam/spring-session-ext-mongo/pull/8,8.0,dependabot,Bump spring-data-mongodb from 3.3.0 to 3.3.5,False,,,,,,2026-08-14T18:23:01.167577+00:00
togglz/togglz,https://github.com/togglz/togglz,True,both_security_and_version_updates,security_then_version,True,True,2019-11-13T03:15:19Z,https://github.com/togglz/togglz/pull/343,343.0,dependabot,Bump jackson-databind from 2.9.9.3 to 2.9.10.1 in /dynamodb,True,.github/dependabot.yml,2021-04-24T08:40:45Z,eed206d535acd526722a35ccac0bd107d4f67038,https://github.com/togglz/togglz/commit/eed206d535acd526722a35ccac0bd107d4f67038,528.2259953703704,2026-08-14T18:23:08.418960+00:00
tomtom-international/goji-http-client,https://github.com/tomtom-international/goji-http-client,True,both_security_and_version_updates,security_then_version,True,True,2020-06-05T12:23:03Z,https://github.com/tomtom-international/goji-http-client/pull/5,5.0,dependabot-preview,build(deps): bump groovy.version from 3.0.3 to 3.0.4,True,.github/dependabot.yml,2020-09-28T11:38:22Z,061a1057a2772fe666aef9643fcb4c1c5681f4c3,https://github.com/tomtom-international/goji-http-client/commit/061a1057a2772fe666aef9643fcb4c1c5681f4c3,114.96896990740741,2026-08-14T18:23:15.229920+00:00
tomtom-international/speedtools,https://github.com/tomtom-international/speedtools,True,security_updates_only,security_only_ever,False,True,2019-12-02T23:04:59Z,https://github.com/tomtom-international/speedtools/pull/12,12.0,dependabot,build: Bump maven-jetty-plugin.version from 9.4.21.v20190926 to 9.4.24.v20191120,False,,,,,,2026-08-14T18:23:23.381035+00:00
torakiki/sejda,https://github.com/torakiki/sejda,True,both_security_and_version_updates,security_then_version,True,True,2020-10-12T23:43:51Z,https://github.com/torakiki/sejda/pull/388,388.0,dependabot,Bump junit from 4.12 to 4.13.1,True,.github/dependabot.yml,2026-01-19T10:53:39Z,a85124ef8a317103442eb6156327540e324d6056,https://github.com/torakiki/sejda/commit/a85124ef8a317103442eb6156327540e324d6056,1924.465138888889,2026-08-14T18:23:29.446321+00:00
trib3/leakycauldron,https://github.com/trib3/leakycauldron,True,both_security_and_version_updates,security_then_version,True,True,2019-06-12T22:38:28Z,https://github.com/trib3/leakycauldron/pull/1,1.0,dependabot-preview,Bump guava from 27.1-jre to 28.0-jre,True,.github/dependabot.yml,2020-06-24T23:28:37Z,157c008e811fa37bf54e4ed5ba378bc2640f2088,https://github.com/trib3/leakycauldron/commit/157c008e811fa37bf54e4ed5ba378bc2640f2088,378.0348263888889,2026-08-14T18:23:36.991151+00:00
trinodb/trino-hive-apache,https://github.com/trinodb/trino-hive-apache,True,security_updates_only,security_only_ever,False,True,2022-01-07T22:37:03Z,https://github.com/trinodb/trino-hive-apache/pull/38,38.0,dependabot,Bump protobuf-java from 2.5.0 to 3.16.1,False,,,,,,2026-08-14T18:23:44.555449+00:00
trustin/sphinx-maven-plugin,https://github.com/trustin/sphinx-maven-plugin,False,not_using_dependabot,never_detected,False,False,,,,,,False,,,,,,2026-08-14T18:23:50.471894+00:00
tynamo/tapestry-security,https://github.com/tynamo/tapestry-security,True,security_updates_only,security_only_ever,False,True,2021-06-07T17:07:15Z,https://github.com/tynamo/tapestry-security/pull/62,62.0,dependabot,Bump logback-classic from 1.0.3 to 1.2.0,False,,,,,,2026-08-14T18:23:56.946189+00:00
tynamo/tynamo-test,https://github.com/tynamo/tynamo-test,True,security_updates_only,security_only_ever,False,True,2020-11-16T16:47:19Z,https://github.com/tynamo/tynamo-test/pull/1,1.0,dependabot,Bump jetty-release-version from 9.4.27.v20200227 to 9.4.34.v20201102,False,,,,,,2026-08-14T18:24:02.268898+00:00
ufoscout/jporm,https://github.com/ufoscout/jporm,False,not_using_dependabot,never_detected,False,False,,,,,,False,,,,,,2026-08-14T18:24:08.971784+00:00
unidal/frameworks,https://github.com/unidal/frameworks,True,security_updates_only,security_only_ever,False,True,2020-12-30T13:24:58Z,https://github.com/unidal/frameworks/pull/20,20.0,dependabot,Bump netty-all from 4.0.24.Final to 4.1.42.Final,False,,,,,,2026-08-14T18:24:15.102461+00:00
utPLSQL/utPLSQL-maven-plugin,https://github.com/utPLSQL/utPLSQL-maven-plugin,True,security_updates_only,security_only_ever,False,True,2020-10-13T10:31:10Z,https://github.com/utPLSQL/utPLSQL-maven-plugin/pull/58,58.0,dependabot,Bump junit from 4.13 to 4.13.1,False,,,,,,2026-08-14T18:24:20.621937+00:00
v5analytics/vertexium,https://github.com/v5analytics/vertexium,False,not_using_dependabot,never_detected,False,False,,,,,,False,,,,,,2026-08-14T18:24:27.150411+00:00
veithen/phos,https://github.com/veithen/phos,True,both_security_and_version_updates,same_day_security_and_version,False,True,2020-12-23T14:28:40Z,https://github.com/veithen/phos/pull/1,1.0,dependabot,Bump maven-common-artifact-filters from 3.0.0 to 3.1.0,True,.github/dependabot.yml,2020-12-23T14:28:12Z,17244e0e04f48e1ef0b429145f4a24ef5028dae1,https://github.com/veithen/phos/commit/17244e0e04f48e1ef0b429145f4a24ef5028dae1,,2026-08-14T18:24:34.980212+00:00
venwyhk/ikasoa,https://github.com/venwyhk/ikasoa,True,security_updates_only,security_only_ever,False,True,2020-10-12T22:22:08Z,https://github.com/venwyhk/ikasoa/pull/9,9.0,dependabot,Bump junit from 4.12 to 4.13.1 in /ikasoa-zk,False,,,,,,2026-08-14T18:24:41.500235+00:00
vertigo-io/vertigo,https://github.com/vertigo-io/vertigo,False,not_using_dependabot,never_detected,False,False,,,,,,False,,,,,,2026-08-14T18:24:49.107370+00:00
viaboxxsystems/agimatec-tools,https://github.com/viaboxxsystems/agimatec-tools,False,not_using_dependabot,never_detected,False,False,,,,,,False,,,,,,2026-08-14T18:24:56.714440+00:00
viaboxxsystems/nlstools,https://github.com/viaboxxsystems/nlstools,False,not_using_dependabot,never_detected,False,False,,,,,,False,,,,,,2026-08-14T18:25:03.146051+00:00
viadee/camunda-kafka-polling-client,https://github.com/viadee/camunda-kafka-polling-client,True,both_security_and_version_updates,security_then_version,True,True,2019-08-01T22:21:52Z,https://github.com/viadee/camunda-kafka-polling-client/pull/38,38.0,dependabot,Bump jackson.version from 2.9.9 to 2.10.0.pr1,True,.github/dependabot.yml,2021-08-06T13:20:06Z,f78734c2d0ca0784adbacdb3dc128b4d48caa0e8,https://github.com/viadee/camunda-kafka-polling-client/commit/f78734c2d0ca0784adbacdb3dc128b4d48caa0e8,735.6237731481482,2026-08-14T18:25:09.874463+00:00
vinscom/api-framework,https://github.com/vinscom/api-framework,True,security_updates_only,security_only_ever,False,True,2025-10-22T19:40:24Z,https://github.com/vinscom/api-framework/pull/74,74.0,dependabot,Bump io.vertx:vertx-web from 3.9.4 to 4.5.22,False,,,,,,2026-08-14T18:25:16.598502+00:00
virgo47/javasimon,https://github.com/virgo47/javasimon,True,security_updates_only,security_only_ever,False,True,2019-10-22T17:52:43Z,https://github.com/virgo47/javasimon/pull/33,33.0,dependabot,Bump jackson.version from 2.9.5 to 2.10.0 in /demoapp,False,,,,,,2026-08-14T18:25:23.763552+00:00
virtualansoftware/virtualan,https://github.com/virtualansoftware/virtualan,True,security_updates_only,security_only_ever,False,True,2020-07-08T02:07:07Z,https://github.com/virtualansoftware/virtualan/pull/6,6.0,dependabot,Bump jackson-databind from 2.9.10 to 2.9.10.5 in /test/virtualan-test-data,False,,,,,,2026-08-14T18:25:29.488153+00:00
vitessio/vitess,https://github.com/vitessio/vitess,True,both_security_and_version_updates,security_then_version,True,True,2019-10-29T13:36:15Z,https://github.com/vitessio/vitess/pull/5370,5370.0,dependabot,Bump flask from 0.12.3 to 1.0 in /test/cluster/keytar,True,.github/dependabot.yml,2026-01-15T15:56:29Z,6f0ae8fabeb5a562b3a3740a9a1abe5b1d4a0ac6,https://github.com/vitessio/vitess/commit/6f0ae8fabeb5a562b3a3740a9a1abe5b1d4a0ac6,2270.0973842592593,2026-08-14T18:25:36.409947+00:00
vladmihalcea/flexy-pool,https://github.com/vladmihalcea/flexy-pool,True,security_updates_only,security_only_ever,False,True,2020-10-13T06:46:00Z,https://github.com/vladmihalcea/flexy-pool/pull/63,63.0,dependabot,Bump junit from 4.12 to 4.13.1,False,,,,,,2026-08-14T18:25:43.486246+00:00
vt-middleware/cryptacular,https://github.com/vt-middleware/cryptacular,True,security_updates_only,security_only_ever,False,True,2019-11-02T19:20:15Z,https://github.com/vt-middleware/cryptacular/pull/51,51.0,dependabot,Bump checkstyle from 8.16 to 8.18,False,,,,,,2026-08-14T18:25:49.654778+00:00
w3c/epubcheck,https://github.com/w3c/epubcheck,True,security_updates_only,security_only_ever,False,True,2020-06-15T21:50:15Z,https://github.com/w3c/epubcheck/pull/1148,1148.0,dependabot,chore(deps): bump guava from 24.0-android to 24.1.1-android,False,,,,,,2026-08-14T18:25:55.827965+00:00
wcm-io/io.wcm.tooling.commons.crx-packmgr-helper,https://github.com/wcm-io/io.wcm.tooling.commons.crx-packmgr-helper,True,version_updates_config_only,version_config_only_ever,False,False,,,,,,True,.github/dependabot.yml,2022-12-07T09:26:06Z,faa5b9799519eff553523e674a89a774de7111bc,https://github.com/wcm-io/io.wcm.tooling.commons.crx-packmgr-helper/commit/faa5b9799519eff553523e674a89a774de7111bc,,2026-08-14T18:26:01.469336+00:00
web4thejob/home,https://github.com/web4thejob/home,False,not_using_dependabot,never_detected,False,False,,,,,,False,,,,,,2026-08-14T18:26:07.455895+00:00
webjars/webjars-locator-core,https://github.com/webjars/webjars-locator-core,True,both_security_and_version_updates,security_then_version,True,True,2020-10-12T21:58:12Z,https://github.com/webjars/webjars-locator-core/pull/38,38.0,dependabot,Bump junit from 4.11 to 4.13.1,True,.github/dependabot.yml,2022-02-18T20:47:03Z,a710a946a03d5e3a452f4a345ea8d645cfc6a57c,https://github.com/webjars/webjars-locator-core/commit/a710a946a03d5e3a452f4a345ea8d645cfc6a57c,493.9505902777778,2026-08-14T18:26:14.113651+00:00
weblyzard/weblyzard_api,https://github.com/weblyzard/weblyzard_api,True,security_updates_only,security_only_ever,False,True,2020-01-31T18:16:47Z,https://github.com/weblyzard/weblyzard_api/pull/201,201.0,dependabot,build(deps): bump checkstyle from 8.19 to 8.29 in /java-examples/keyword-extraction,False,,,,,,2026-08-14T18:26:20.369341+00:00
whirlwind-match/fuzzydb,https://github.com/whirlwind-match/fuzzydb,True,security_updates_only,security_only_ever,False,True,2020-06-15T23:19:51Z,https://github.com/whirlwind-match/fuzzydb/pull/96,96.0,dependabot,Bump spring-core from 3.0.5.RELEASE to 4.3.19.RELEASE in /core,False,,,,,,2026-08-14T18:26:26.329064+00:00
whitesource/fs-agent,https://github.com/whitesource/fs-agent,False,not_using_dependabot,never_detected,False,False,,,,,,False,,,,,,2026-08-14T18:26:32.489849+00:00
wicketstuff/core,https://github.com/wicketstuff/core,True,both_security_and_version_updates,security_then_version,True,True,2019-11-13T07:10:08Z,https://github.com/wicketstuff/core/pull/683,683.0,dependabot,Bump jackson-databind from 2.9.10 to 2.9.10.1,True,.github/dependabot.yml,2024-02-26T12:31:43Z,e2ca3cbd718c3f7e54d70a2bcb1ddc10e98306f9,https://github.com/wicketstuff/core/commit/e2ca3cbd718c3f7e54d70a2bcb1ddc10e98306f9,1566.2233217592593,2026-08-14T18:26:38.272055+00:00
wicketstuff/wiquery,https://github.com/wicketstuff/wiquery,True,both_security_and_version_updates,same_day_security_and_version,False,True,2024-02-29T07:01:46Z,https://github.com/wicketstuff/wiquery/pull/10,10.0,dependabot,Bump com.fasterxml.jackson.core:jackson-databind from 2.12.5 to 2.12.7.1,True,.github/dependabot.yml,2024-02-29T06:27:37Z,4738ae74e80b5d9eef1a5027d3342bbfb79aef5d,https://github.com/wicketstuff/wiquery/commit/4738ae74e80b5d9eef1a5027d3342bbfb79aef5d,,2026-08-14T18:26:46.836175+00:00
wildfly-clustering/wildfly-clustering-spring-session,https://github.com/wildfly-clustering/wildfly-clustering-spring-session,True,version_updates_config_only,version_config_only_ever,False,False,,,,,,True,.github/dependabot.yml,2022-11-10T15:22:38Z,f00b1b9c00df1a847522e8888d7d09deb30d094a,https://github.com/wildfly-clustering/wildfly-clustering-spring/commit/f00b1b9c00df1a847522e8888d7d09deb30d094a,,2026-08-14T18:26:53.441781+00:00
wildfly/jboss-ejb-client,https://github.com/wildfly/jboss-ejb-client,True,both_security_and_version_updates,security_then_version,True,True,2020-10-13T08:07:52Z,https://github.com/wildfly/jboss-ejb-client/pull/478,478.0,dependabot,Bump junit from 4.12 to 4.13.1,True,.github/dependabot.yml,2023-05-18T17:58:25Z,a74340efa1948d60c79037dc57ab49dfca4d1ec6,https://github.com/wildfly/jboss-ejb-client/commit/a74340efa1948d60c79037dc57ab49dfca4d1ec6,947.4101041666667,2026-08-14T18:27:03.805321+00:00
wildfly/wildfly,https://github.com/wildfly/wildfly,True,both_security_and_version_updates,version_then_security,False,True,2022-12-15T22:07:21Z,https://github.com/wildfly/wildfly/pull/16384,16384.0,dependabot,[WFLY-17431] Bump actions/upload-artifact from 2 to 3,True,.github/dependabot.yml,2022-12-13T22:17:09Z,0c0234da2c2eccf75337b05001e65b48845e1042,https://github.com/wildfly/wildfly/commit/0c0234da2c2eccf75337b05001e65b48845e1042,,2026-08-14T18:27:12.309589+00:00
wildfly/wildfly-core,https://github.com/wildfly/wildfly-core,True,both_security_and_version_updates,security_then_version,True,True,2020-03-04T22:02:27Z,https://github.com/wildfly/wildfly-core/pull/4090,4090.0,dependabot,[WFCORE-4864] Bump jackson-databind from 2.9.10.1 to 2.9.10.3,True,.github/dependabot.yml,2022-12-20T08:56:00Z,2879262c70eaa9dc3cd7a2d77f33de57a79d46c8,https://github.com/wildfly/wildfly-core/commit/2879262c70eaa9dc3cd7a2d77f33de57a79d46c8,1020.4538541666667,2026-08-14T18:27:19.455336+00:00
wisdom-framework/wisdom,https://github.com/wisdom-framework/wisdom,True,security_updates_only,security_only_ever,False,True,2019-10-11T13:19:16Z,https://github.com/wisdom-framework/wisdom/pull/574,574.0,dependabot,Bump httpclient from 4.3.1 to 4.3.6 in /core/wisdom-maven-plugin,False,,,,,,2026-08-14T18:27:26.698674+00:00
wix/wix-embedded-mysql,https://github.com/wix/wix-embedded-mysql,False,not_using_dependabot,never_detected,False,False,,,,,,False,,,,,,2026-08-14T18:27:33.145958+00:00
woq-blended/blended,https://github.com/woq-blended/blended,True,security_updates_only,security_only_ever,False,True,2019-07-13T10:17:12Z,https://github.com/woq-blended/blended/pull/120,120.0,dependabot,Bump lodash from 4.17.11 to 4.17.14,False,,,,,,2026-08-14T18:27:43.663119+00:00
wso2/transport-http,https://github.com/wso2/transport-http,False,not_using_dependabot,never_detected,False,False,,,,,,False,,,,,,2026-08-14T18:27:49.167778+00:00
wultra/powerauth-cmd-tool,https://github.com/wultra/powerauth-cmd-tool,True,both_security_and_version_updates,security_then_version,True,True,2020-10-13T06:38:39Z,https://github.com/wultra/powerauth-cmd-tool/pull/174,174.0,dependabot,Bump junit from 4.13 to 4.13.1 in /powerauth-java-cmd-lib,True,.github/dependabot.yml,2023-02-21T06:16:02Z,20a1e15b697d3458500ed6afdfc9d025ef6957c5,https://github.com/wultra/powerauth-cmd-tool/commit/20a1e15b697d3458500ed6afdfc9d025ef6957c5,860.9842939814815,2026-08-14T18:27:56.205583+00:00
wultra/powerauth-crypto,https://github.com/wultra/powerauth-crypto,True,both_security_and_version_updates,security_then_version,True,True,2020-10-13T06:49:05Z,https://github.com/wultra/powerauth-crypto/pull/344,344.0,dependabot,Bump junit from 4.13 to 4.13.1 in /powerauth-java-crypto,True,.github/dependabot.yml,2023-04-26T05:40:14Z,ddf95257c8766f9ae1e04318d7f0896e7d1f42bb,https://github.com/wultra/powerauth-crypto/commit/ddf95257c8766f9ae1e04318d7f0896e7d1f42bb,924.9521875,2026-08-14T18:28:03.079354+00:00
wultra/powerauth-push-server,https://github.com/wultra/powerauth-push-server,True,both_security_and_version_updates,version_then_security,False,True,2023-03-22T05:39:29Z,https://github.com/wultra/powerauth-push-server/pull/590,590.0,dependabot,Bump maven-enforcer-plugin from 3.1.0 to 3.2.1,True,.github/dependabot.yml,2023-03-21T13:58:57Z,d66e4a803f3420978db4d4a51d9f5a2497e6f021,https://github.com/wultra/powerauth-push-server/commit/d66e4a803f3420978db4d4a51d9f5a2497e6f021,,2026-08-14T18:28:10.988663+00:00
wz2cool/mybatis-dynamic-query,https://github.com/wz2cool/mybatis-dynamic-query,True,security_updates_only,security_only_ever,False,True,2019-11-13T05:57:24Z,https://github.com/wz2cool/mybatis-dynamic-query/pull/29,29.0,dependabot,Bump jackson-databind from 2.9.9 to 2.9.10.1,False,,,,,,2026-08-14T18:28:19.074811+00:00
x-stream/xsite,https://github.com/x-stream/xsite,True,security_updates_only,security_only_ever,False,True,2020-06-30T22:59:17Z,https://github.com/x-stream/xsite/pull/6,6.0,dependabot,Bump xstream from 1.4.9 to 1.4.10-java7,False,,,,,,2026-08-14T18:28:25.593625+00:00
xcesco/kripton,https://github.com/xcesco/kripton,True,security_updates_only,security_only_ever,False,True,2020-10-12T20:10:13Z,https://github.com/xcesco/kripton/pull/65,65.0,dependabot,Bump junit from 4.12 to 4.13.1 in /kripton-orm,False,,,,,,2026-08-14T18:28:32.151936+00:00
xixifeng/fastquery,https://github.com/xixifeng/fastquery,True,security_updates_only,security_only_ever,False,True,2020-10-13T06:38:29Z,https://github.com/xixifeng/fastquery/pull/2,2.0,dependabot,Bump junit from 4.12 to 4.13.1,False,,,,,,2026-08-14T18:28:37.701667+00:00
xresch/CoreFramework,https://github.com/xresch/CoreFramework,True,security_updates_only,security_only_ever,False,True,2020-08-06T09:03:04Z,https://github.com/xresch/CoreFramework/pull/1,1.0,dependabot,Bump jettyVersion from 9.4.15.v20190215 to 9.4.31.v20200723,False,,,,,,2026-08-14T18:28:45.368217+00:00
xtuhcy/gecco,https://github.com/xtuhcy/gecco,True,security_updates_only,security_only_ever,False,True,2021-03-31T20:30:11Z,https://github.com/xtuhcy/gecco/pull/99,99.0,dependabot,Bump guava from 27.0.1-jre to 29.0-jre,False,,,,,,2026-08-14T18:28:50.985013+00:00
yahoojapan/yosegi,https://github.com/yahoojapan/yosegi,True,security_updates_only,security_only_ever,False,True,2019-11-13T08:58:17Z,https://github.com/yahoojapan/yosegi/pull/92,92.0,dependabot,Bump jackson-databind from 2.9.10 to 2.9.10.1,False,,,,,,2026-08-14T18:28:57.042964+00:00
yakaz/elasticsearch-action-updatebyquery,https://github.com/yakaz/elasticsearch-action-updatebyquery,False,not_using_dependabot,never_detected,False,False,,,,,,False,,,,,,2026-08-14T18:29:04.076724+00:00
yangfuhai/jboot,https://github.com/yangfuhai/jboot,True,security_updates_only,security_only_ever,False,True,2020-02-04T23:32:43Z,https://github.com/yangfuhai/jboot/pull/80,80.0,dependabot,Bump shiro-core from 1.3.2 to 1.4.2,False,,,,,,2026-08-14T18:29:09.883545+00:00
yegor256/takes,https://github.com/yegor256/takes,True,security_updates_only,security_only_ever,False,True,2022-11-14T21:19:54Z,https://github.com/yegor256/takes/pull/1180,1180.0,dependabot,Bump commons-text from 1.9 to 1.10.0,False,,,,,,2026-08-14T18:29:16.646557+00:00
yholkamp/jadmin,https://github.com/yholkamp/jadmin,True,security_updates_only,security_only_ever,False,True,2020-05-21T21:10:35Z,https://github.com/yholkamp/jadmin/pull/7,7.0,dependabot,Bump htmlunit from 2.35.0 to 2.37.0,False,,,,,,2026-08-14T18:29:22.709279+00:00
yildiz-online/module-database-postgresql,https://github.com/yildiz-online/module-database-postgresql,True,both_security_and_version_updates,security_then_version,True,True,2018-11-19T04:22:25Z,https://github.com/yildiz-online/module-database-postgresql/pull/1,1.0,dependabot-preview,Bump parent from 2.2.2 to 2.2.4,True,.github/dependabot.yml,2020-07-17T08:37:13Z,4af31b6f9b0f25d3c8544fc63449bcb807c64b67,https://github.com/yildiz-online/module-database-postgresql/commit/4af31b6f9b0f25d3c8544fc63449bcb807c64b67,606.1769444444444,2026-08-14T18:29:28.366578+00:00
yupiik/tools-maven-plugin,https://github.com/yupiik/tools-maven-plugin,True,security_updates_only,security_only_ever,False,True,2021-08-23T21:31:34Z,https://github.com/yupiik/tools-maven-plugin/pull/4,4.0,dependabot,Bump jsoup from 1.13.1 to 1.14.2 in /minisite-core,False,,,,,,2026-08-14T18:29:35.696026+00:00
yusuke/twitter4j,https://github.com/yusuke/twitter4j,False,not_using_dependabot,never_detected,False,False,,,,,,False,,,,,,2026-08-14T18:29:42.906996+00:00
zalando-nakadi/fahrschein,https://github.com/zalando-nakadi/fahrschein,True,security_updates_only,security_only_ever,False,True,2020-10-13T08:15:48Z,https://github.com/zalando-nakadi/fahrschein/pull/242,242.0,dependabot,Bump junit from 4.12 to 4.13.1 in /fahrschein-test-support,False,,,,,,2026-08-14T18:29:51.422946+00:00
zalando/jackson-datatype-money,https://github.com/zalando/jackson-datatype-money,True,both_security_and_version_updates,security_then_version,True,True,2018-05-14T07:14:58Z,https://github.com/zalando/jackson-datatype-money/pull/85,85.0,dependabot-preview,Bump org.apache.maven.plugins:maven-surefire-plugin from 2.19.1 to 2.21.0,True,.github/dependabot.yml,2021-05-03T08:50:45Z,d7e52e2733e17edb138965c159ac1494d2a18f77,https://github.com/zalando/jackson-datatype-money/commit/d7e52e2733e17edb138965c159ac1494d2a18f77,1085.0665162037037,2026-08-14T18:29:58.116704+00:00
zalando/logbook,https://github.com/zalando/logbook,True,both_security_and_version_updates,security_then_version,True,True,2018-05-14T07:16:50Z,https://github.com/zalando/logbook/pull/238,238.0,dependabot-preview,Bump org.zalando:faux-pas from 0.3.1 to 0.7.0,True,.github/dependabot.yml,2021-05-03T08:48:51Z,4e2a3b7f307a6e7c720a6f1b8a6de820d08f47d0,https://github.com/zalando/logbook/commit/4e2a3b7f307a6e7c720a6f1b8a6de820d08f47d0,1085.063900462963,2026-08-14T18:30:05.724602+00:00
zalando/problem-spring-web,https://github.com/zalando/problem-spring-web,True,both_security_and_version_updates,security_then_version,True,True,2018-05-14T07:16:10Z,https://github.com/zalando/problem-spring-web/pull/141,141.0,dependabot-preview,Bump org.owasp:dependency-check-maven from 3.1.1 to 3.1.2,True,.github/dependabot.yml,2021-05-03T09:57:35Z,aa95468e00f668033dd51789cef010a204f0ee3c,https://github.com/zalando/problem-spring-web/commit/aa95468e00f668033dd51789cef010a204f0ee3c,1085.1120949074075,2026-08-14T18:30:14.212605+00:00
zalando/riptide,https://github.com/zalando/riptide,True,both_security_and_version_updates,security_then_version,True,True,2018-05-14T07:21:16Z,https://github.com/zalando/riptide/pull/354,354.0,dependabot-preview,Bump org.zalando:faux-pas from 0.5.0 to 0.7.0,True,.github/dependabot.yml,2021-04-28T21:37:34Z,617d0de4fb45a10018dd495a4e06da8de8d0b3f9,https://github.com/zalando/riptide/commit/617d0de4fb45a10018dd495a4e06da8de8d0b3f9,1080.5946527777778,2026-08-14T18:30:20.457244+00:00
zebrunner/carina,https://github.com/zebrunner/carina,True,security_updates_only,security_only_ever,False,True,2019-10-29T17:46:26Z,https://github.com/zebrunner/carina/pull/838,838.0,dependabot,Bump netty-all from 4.1.17.Final to 4.1.42.Final in /carina-proxy,False,,,,,,2026-08-14T18:30:28.123287+00:00
zeebe-io/zeebe-kafka-exporter,https://github.com/zeebe-io/zeebe-kafka-exporter,True,version_updates_config_only,version_config_only_ever,False,False,,,,,,True,.github/dependabot.yml,2020-11-19T09:52:51Z,e03842060fb1b735324d5adb4ac6bf596ebca381,https://github.com/camunda-community-hub/zeebe-kafka-exporter/commit/e03842060fb1b735324d5adb4ac6bf596ebca381,,2026-08-14T18:30:33.734231+00:00
zenbones/SmallMind,https://github.com/zenbones/SmallMind,True,security_updates_only,security_only_ever,False,True,2019-10-29T13:26:47Z,https://github.com/zenbones/SmallMind/pull/1,1.0,dependabot,Bump netty-all from 4.1.32.Final to 4.1.42.Final,False,,,,,,2026-08-14T18:30:43.146879+00:00
zhou-dong/aerospike-hadoop,https://github.com/zhou-dong/aerospike-hadoop,False,not_using_dependabot,never_detected,False,False,,,,,,False,,,,,,2026-08-14T18:30:49.155898+00:00
zonkyio/embedded-postgres,https://github.com/zonkyio/embedded-postgres,True,version_updates_config_only,version_config_only_ever,False,False,,,,,,True,.github/dependabot.yml,2024-07-13T12:07:23Z,41d1f3c86e9fac53cd2238b1d92964c7a0e699c3,https://github.com/zonkyio/embedded-postgres/commit/41d1f3c86e9fac53cd2238b1d92964c7a0e699c3,,2026-08-14T18:30:54.916314+00:00
zutnop/telekom-workflow-engine,https://github.com/zutnop/telekom-workflow-engine,True,security_updates_only,security_only_ever,False,True,2019-10-30T21:38:07Z,https://github.com/zutnop/telekom-workflow-engine/pull/16,16.0,dependabot,Bump spring.version from 4.2.5.RELEASE to 5.2.0.RELEASE in /telekom-workflow-engine,False,,,,,,2026-08-14T18:31:01.673818+00:00
