CVE_ID,PATCH,G:A:V,Commit Date,Oldest Tag,Oldest Tag Date
CVE-2013-4600,https://github.com/alkacon/opencms-core/commit/72a05e3ea1cf692e2efce002687272e63f98c14a,org.opencms:opencms-core:8.5.0,2013-06-20 15:32:02,build_8_5_2,2013-07-09 11:57:20
CVE-2018-3831,https://github.com/elastic/elasticsearch/commit/cfe3d9f611a328cfffc18b445b3aecb016349514,org.elasticsearch:elasticsearch:5.3.0,2018-08-29 16:31:56,v5.6.12,2018-08-29 16:31:56
CVE-2013-4310,https://github.com/apache/struts/commit/0c8366cb792227d484b9ca13e537037dd0cb57dc,org.apache.struts:struts2-core:2.1.8.1,2013-10-15 18:20:43,STRUTS_2_3_15_3,2013-10-15 18:58:03
CVE-2018-1000615,https://github.com/opennetworkinglab/onos/commit/1a783729a1d7e0cd59d59a8dd3a73cdd6ac0f30d,org.onosproject:onos-ovsdb-rfc:1.6.0,2018-06-27 21:07:37,1.14.0-rc1,2018-08-13 23:15:43
CVE-2022-23596,https://github.com/junrar/junrar/commit/7b16b3d90b91445fd6af0adfed22c07413d4fab7,com.github.junrar:junrar:0.7,2022-01-27 12:08:38,v7.4.1,2022-01-27 04:33:14
CVE-2021-39154,https://github.com/x-stream/xstream/commit/652d72f38b33938c54fd3b2ef626cb7dce38001c,com.thoughtworks.xstream:xstream:1.4.11.1,2021-05-26 19:43:09,XSTREAM_1_4_18,2021-08-22 13:57:44
CVE-2019-16943,https://github.com/FasterXML/jackson-databind/commit/54aa38d87dcffa5ccc23e64922e9536c82c1b9c8,com.fasterxml.jackson.core:jackson-databind:2.9.8,2019-09-29 12:12:38,jackson-databind-2.10.1,2019-11-09 15:11:27
CVE-2012-0838,https://github.com/apache/struts/commit/b4265d369dc29d57a9f2846a85b26598e83f3892,org.apache.struts.xwork:xwork-core:2.2.3,2011-08-12 08:38:39,STRUTS_2_3_1,2011-12-08 21:07:36
CVE-2020-26217,https://github.com/x-stream/xstream/commit/0fec095d534126931c99fd38e9c6d41f5c685c1a,com.thoughtworks.xstream:xstream:1.4.13,2020-09-24 01:57:18,XSTREAM_1_4_14,2020-11-16 00:01:04
CVE-2020-24301,https://github.com/jamesagnew/hapi-fhir/commit/adb3734fcbbf9a9165445e9ee5eef168dbcaedaf,ca.uhn.hapi.fhir:hapi-fhir-testpage-overlay:5.0.2,not found,not found,not found
CVE-2021-37714,https://github.com/jhy/jsoup/commit/d2c455c94a3aaaca29d8cec6bd53ee9824622b51,org.jsoup:jsoup:1.13.1,2021-08-15 12:31:12,jsoup-1.14.2,2021-08-15 15:39:15
CVE-2019-3888,https://github.com/undertow-io/undertow/commit/20cacc96c0594f4f4f9bb1cc2b93a77b6be3f74c,io.undertow:undertow-core:1.4.20.Final,2019-03-28 08:15:59,2.0.20.Final,2019-04-04 05:56:21
CVE-2021-44832,https://github.com/apache/logging-log4j2/commit/05db5f9527254632b59aed2a1d78a32c5ab74f16,org.apache.logging.log4j:log4j-core:2.13.3,2021-12-27 12:42:26,log4j-2.17.1-rc1,2021-12-27 17:29:31
CVE-2019-17569,https://github.com/apache/tomcat/commit/b191a0d,org.apache.tomcat:tomcat-coyote:7.0.99,2020-02-04 14:47:19,7.0.100,2020-02-11 00:25:24
CVE-2020-9492,https://github.com/apache/hadoop/commit/28715b584ab25dedc600cc2d5d22866865026bf7,org.apache.hadoop:hadoop-hdfs-client:2.8.5,2020-05-02 22:03:53,rel/release-2.10.1,2020-09-14 21:59:11
CVE-2017-12626,https://github.com/apache/poi/commit/cd6236c74b55763a27e3e9b5f269c28bc9c98419,org.apache.poi:poi:3.15,not found,not found,not found
CVE-2021-25329,https://github.com/apache/tomcat/commit/6d66e99ef85da93e4d2c2a536ca51aa3418bfaf4,org.apache.tomcat:tomcat-catalina:10.0.0,2021-01-20 13:28:57,10.0.1,2021-01-27 14:06:19
CVE-2020-36282,https://github.com/rabbitmq/rabbitmq-jms-client/commit/f647e5dbfe055a2ca8cbb16dd70f9d50d888b638,com.rabbitmq.jms:rabbitmq-jms:2.1.1,2020-11-02 11:39:24,v2.2.0,2020-11-03 09:27:56
CVE-2017-15693,https://github.com/apache/geode/commit/a2bd5788d0b0728d91d551ddaac878b336d7892a,org.apache.geode:geode-core:1.2.1,2017-11-30 14:25:48,rel/v1.4.0,2018-01-26 08:34:31
CVE-2014-0050,https://github.com/apache/commons-fileupload/commit/c61ff05b3241cb14d989b67209e57aa71540417a,commons-fileupload:commons-fileupload:1.2.1,2014-02-06 10:14:24,FILEUPLOAD_1_3_1_RC1,2014-02-06 17:01:34
CVE-2020-11996,https://github.com/apache/tomcat/commit/9a0231683a77e2957cea0fdee88b193b30b0c976,org.apache.tomcat:tomcat-coyote:9.0.35,2020-05-22 11:40:44,9.0.36,2020-06-03 18:03:53
CVE-2018-1339,https://github.com/apache/tika/commit/ffb48dd29d0c2009490caefda75e5b57c7958c51,org.apache.tika:tika-parsers:1.17,2018-04-16 15:37:25,1.18-rc2,2018-04-16 20:53:18
CVE-2017-12196,https://github.com/undertow-io/undertow/commit/facb33a5cedaf4b7b96d3840a08210370a806870,io.undertow:undertow-core:1.4.18.Final,2018-03-16 08:37:03,2.0.2.Final,2018-03-16 14:29:07
CVE-2017-15696,https://github.com/apache/geode/commit/37a897027074d4f160a5f96cd171ac384fa1b6df,org.apache.geode:geode-core:1.2.1,2017-11-21 07:59:38,rel/v1.4.0,2018-01-26 08:34:31
CVE-2020-25711,https://github.com/infinispan/infinispan/commit/37ddb6daa47e92047556e96339e16e154bf1d81e,org.infinispan:infinispan-server-runtime:11.0.5.Final,2020-11-27 13:12:26,11.0.7.Final,2020-11-30 05:14:35
CVE-2016-1182,https://github.com/kawasima/struts1-forever/commit/eda3a79907ed8fcb0387a0496d0cb14332f250e8,struts:struts:1.2.9,2016-06-08 11:38:30,FOREVER_20160608,2016-06-08 11:38:30
CVE-2012-4386,https://github.com/apache/struts/commit/a1ca307981b0930d1687ed89f0b7305af79da0f3,org.apache.struts:struts2-core:2.1.8.1,2012-08-03 08:03:12,STRUTS_2_3_5,2012-10-05 13:29:13
CVE-2013-4322,https://github.com/apache/tomcat/commit/85db6e85d8365d312fcb51d8558f83ae91d47893,org.apache.tomcat:tomcat-coyote:7.0.27,2013-09-11 13:44:21,8.5.0,2016-03-17 14:45:28
CVE-2017-15713,https://github.com/apache/hadoop/commit/feb886f2093ea5da0cd09c69bd1360a335335c86,org.apache.hadoop:hadoop-common:0.23.11,2017-11-09 15:26:37,release-2.7.5-RC0,2017-12-01 19:14:32
CVE-2019-17572,https://github.com/apache/rocketmq/commit/f8f6fbe4aa7f5dee937e688322628c366b12a552,org.apache.rocketmq:rocketmq-broker:4.4.0,2019-12-12 11:39:33,rocketmq-all-4.6.1,2020-01-20 22:11:21
CVE-2016-2510,https://github.com/beanshell/beanshell/commit/1ccc66bb693d4e46a34a904db8eeff07808d2ced,org.apache-extras.beanshell:bsh:2.0b5,not found,not found,not found
CVE-2016-4977,https://github.com/spring-projects/spring-security-oauth/commit/fff77d3fea477b566bcacfbfc95f85821a2bdc2d,org.springframework.security.oauth:spring-security-oauth2:2.0.7.RELEASE,2016-03-12 10:07:07,2.0.10.RELEASE,2016-06-03 12:17:47
CVE-2011-2481,https://github.com/apache/tomcat/commit/3ab7d6be13fd59b872bb5c3745ca06035e15ba3f,org.apache.tomcat:tomcat-catalina:7.0.8,2011-06-23 09:26:10,7.0.19,2011-07-13 22:29:07
CVE-2021-20218,https://github.com/fabric8io/kubernetes-client/commit/857c8733a89d59ca34c268a00aa4708bb2566a35,io.fabric8:kubernetes-client:4.13.0,2021-02-04 12:54:18,v4.13.2,2021-02-04 12:54:18
CVE-2021-22569,https://github.com/protocolbuffers/protobuf/commit/9638a5e5315bf73f5e7148c16181676372321892,com.google.protobuf:protobuf-java:3.19.1,2022-01-05 10:05:11,v3.19.2,2022-01-05 10:05:11
CVE-2017-3589,https://github.com/mysql/mysql-connector-j/commit/44631dd316e3da818fb593f02dbbe30308a937e0,mysql:mysql-connector-java:5.1.38,2017-04-04 22:11:19,5.1.42,2017-04-13 16:17:38
CVE-2011-5064,https://github.com/apache/tomcat55/commit/644dfdf96cf82fcd2a2046d93f2b5495f7e94584,tomcat:catalina:5.5.23,2011-08-18 16:49:39,TOMCAT_5_5_34,2011-09-18 18:48:17
CVE-2020-7226,https://github.com/vt-middleware/cryptacular/commit/311baf12252abf21947afd07bf0a0291ec3ec796,org.cryptacular:cryptacular:1.2.3,2020-01-29 16:59:00,v1.2.4,2020-02-06 16:57:13
CVE-2016-5001,https://github.com/apache/hadoop/commit/04b8a19f81ee616c315eec639642439b3a18ad9c,org.apache.hadoop:hadoop-hdfs:2.6.0,2016-01-08 12:26:05,release-2.6.4-RC0,2016-02-02 19:57:13
CVE-2016-0793,https://github.com/wildfly/wildfly/commit/dcfaf3acd6bcdd1ec322bad971ddbcc94261c58b,org.wildfly:wildfly-undertow:10.0.0.Final,2016-01-04 10:00:36,10.0.0.Final,2016-01-29 15:57:52
CVE-2021-44878,https://github.com/pac4j/pac4j/commit/22b82ffd702a132d9f09da60362fc6264fc281ae,org.pac4j:pac4j-oidc:3.6.1,2021-12-06 09:09:36,pac4j-parent-5.2.0,2021-12-08 07:17:55
CVE-2014-4172,https://github.com/apereo/java-cas-client/commit/ae37092100c8eaec610dab6d83e5e05a8ee58814,org.jasig.cas.client:cas-client-core:3.2.1,not found,not found,not found
CVE-2019-12399,https://github.com/apache/kafka/commit/b85707c0fdb4c11448cdb5a1938e0488ddc91102,org.apache.kafka:connect-runtime:2.3.0,2019-08-13 09:40:56,2.3.1-rc0,2019-09-12 17:30:15
CVE-2011-4461,https://github.com/eclipse/jetty.project/commit/d0b81a185c260ffceecb9d7470b3ddfbfeda4c11,org.eclipse.jetty:jetty-servlets:7.5.4.v20111024,2012-01-11 11:51:04,jetty-7.6.0.RC4,2012-01-13 08:37:19
CVE-2018-1000822,https://github.com/codelibs/fess/commit/4e0d9f5faaf4ec75dbe89f5ff97ece0f03b097a8,org.codelibs.fess:fess:12.2.0,2018-09-29 22:09:48,fess-12.2.3,2018-11-01 21:36:59
CVE-2021-29451,https://github.com/ManyDesigns/Portofino/commit/8c754a0ad234555e813dcbf9e57d637f9f23d8fb,com.manydesigns:portofino-core:5.2.0,2021-04-01 18:16:16,v5.2.1,2021-04-10 11:33:36
CVE-2021-27906,https://github.com/apache/pdfbox/commit/c978d742bd64137aacdba346f3afe7238a5ac9a7,org.apache.pdfbox:pdfbox:2.0.12,2021-03-13 12:45:11,2.0.23,2021-03-15 16:50:01
CVE-2017-15695,https://github.com/apache/geode/commit/aa469239860778eb46e09dd7b390aee08f152480,org.apache.geode:geode-core:1.2.1,2018-02-07 13:42:30,rel/v1.5.0,2018-03-28 14:29:04
CVE-2013-4316,https://github.com/apache/struts/commit/58947c3f85ae641c1a476316a2888e53605948d1,org.apache.struts:struts2-core:2.1.8.1,2013-09-18 05:50:13,STRUTS_2_3_15_2,2013-10-03 05:44:07
CVE-2021-43797,https://github.com/netty/netty/commit/07aa6b5938a8b6ed7a6586e066400e2643897323,io.netty:netty-codec-http:4.1.63.Final,2021-12-09 14:49:43,netty-4.1.71.Final,2021-12-09 13:57:47
CVE-2020-17516,https://github.com/apache/cassandra/commit/c2f24d2c45aae6030310d881dcd96ba60d04a2ad,org.apache.cassandra:cassandra-all:3.11.3,2021-01-29 10:50:20,cassandra-3.0.24,2021-01-29 12:21:13
CVE-2019-0201,https://github.com/emperwang/zookeeper/commit/af741cb319d4760cfab1cd3b560635adacd8deca,org.apache.zookeeper:zookeeper:3.4.6,2019-02-06 12:36:37,not found,not found
CVE-2019-3802,https://github.com/spring-projects/spring-data-jpa/commit/33027dc370f418981f41f8fdfebc7173155960a1,org.springframework.data:spring-data-jpa:1.10.2.RELEASE,2019-05-13 11:57:55,1.11.22.RELEASE,2019-05-13 17:25:16
CVE-2016-1000339,https://github.com/bcgit/bc-java/commit/413b42f4d770456508585c830cfcde95f9b0e93b,org.bouncycastle:bcprov-jdk15on:1.54,2016-11-01 09:51:30,r1rv56,2016-12-23 15:30:08
CVE-2011-0013,https://github.com/apache/tomcat/commit/c8a9a43183e061f09eb5cf7cd5443cecd8699462,org.apache.tomcat:tomcat-catalina:7.0.0,2011-01-10 16:58:10,7.0.21,2011-08-29 20:14:36
CVE-2011-1498,https://github.com/apache/httpcomponents-client/commit/a572756592c969affd0ce87885724e74839176fb,org.apache.httpcomponents:httpclient:4.0.1,2011-02-25 11:19:23,4.1.1-RC1,2011-03-14 20:54:03
CVE-2020-10686,https://github.com/keycloak/keycloak/commit/5ddd605ee96b8551c7eb00b609a0b97939925b77,org.keycloak:keycloak-services:8.0.1,2020-03-24 05:32:41,9.0.2,2020-03-24 05:18:44
CVE-2018-9116,https://github.com/tomakehurst/wiremock/commit/4c6dfde82a5ee91c5f47bf353f5099d11692db39,com.github.tomakehurst:wiremock:2.6.0,2018-03-23 12:26:02,2.16.0,2018-03-28 12:53:58
CVE-2013-4390,https://github.com/apache/sling/commit/6256d8bcbe9e99855ae2c78b8c8d0e80fa9b10b8,org.apache.sling:org.apache.sling.auth.core:1.0.0,2013-10-01 12:08:05,not found,not found
CVE-2020-1951,https://github.com/apache/tika/commit/750d7790c7d8ba766f2794fac79521d5870eadfb,org.apache.tika:tika-parsers:1.22,2020-02-24 13:34:11,1.24,2020-03-11 14:01:31
CVE-2021-21343,https://github.com/x-stream/xstream/commit/d5e51177634afea7213b9dc2d21f101d2e258db9,com.thoughtworks.xstream:xstream:1.3.1,2021-03-09 23:55:45,XSTREAM_1_4_16,2021-03-13 00:22:38
CVE-2013-5823,https://github.com/apache/santuario-java/commit/55a48497dfbf3fe63a81e67c13160b3f41ebb1f3,org.apache.santuario:xmlsec:1.5.8,not found,not found,not found
CVE-2018-1000854,https://github.com/esigate/esigate/commit/30cad23a8f282600c9b045e1af09f6f8a65357b1,org.esigate:esigate-core:4.4,2018-10-17 13:07:31,esigate-5.3,2018-10-18 16:55:51
CVE-2016-8749,https://github.com/apache/camel/commit/d4102512147eca2af21c3b6ed63a67d852f4e66,org.apache.camel:camel-jackson:2.17.1,2016-12-09 11:15:09,camel-2.17.5,2017-01-17 21:49:36
CVE-2014-3490,https://github.com/resteasy/Resteasy/commit/240da98bc6437a44b3b267cb6d0d8bac3691b2f7,org.jboss.resteasy:resteasy-jaxb-provider:2.3.5.Final,2014-08-05 12:21:39,3.0.9.Final,2014-09-17 11:34:56
CVE-2022-26336,https://github.com/apache/poi/commit/6622d9badb3590cb6190d912730548635a359dc0,org.apache.poi:poi-scratchpad:5.0.0,2022-02-19 11:28:50,REL_5_2_1,2022-03-03 23:29:28
CVE-2012-6612,https://github.com/apache/lucene-solr/commit/bffc5624eff8e2790fb8d29b48385efd063c79d9,org.apache.solr:solr-core:4.0.0,2012-09-27 10:12:48,releases/lucene-solr/4.1.0,2013-01-21 13:27:03
CVE-2017-12629,https://github.com/apache/lucene-solr/commit/d8000beebfb13ba0b6e754f84c760e11592d8d1,org.apache.lucene:lucene-queryparser:5.5.0,2017-10-17 16:20:29,releases/lucene-solr/5.5.5,2017-10-20 08:38:00
CVE-2020-5230,https://github.com/opencast/opencast/commit/bbb473f34ab95497d6c432c81285efb0c739f317,org.opencastproject:opencast-common:7.5,2020-01-29 11:25:38,7.6,2020-01-29 15:42:18
CVE-2014-3709,https://github.com/keycloak/keycloak/commit/bb132e1aa0b3b3a123883d0b8d0b788337df956d,org.keycloak:keycloak-services:1.0.2.Final,2014-10-20 13:29:45,1.0.3.Final,2014-10-27 15:02:36
CVE-2020-9486,https://github.com/apache/nifi/commit/148537d64a017b73160b0d49943183c18f883ab0,org.apache.nifi:nifi-framework-core:1.11.4,2020-04-27 17:29:42,nifi-1.12.0-RC1,2020-08-13 09:20:36
CVE-2017-5651,https://github.com/apache/tomcat/commit/9233d9d6a018be4415d4d7d6cb4fe01176adf1a8,org.apache.tomcat:tomcat-coyote:9.0.0.M21,2017-03-24 20:51:20,9.0.0-M19,2017-03-27 11:13:25
CVE-2016-2141,https://github.com/belaban/JGroups/commit/c3ad22234ef84d06d04d908b3c94c0d11df8afd,org.jgroups:jgroups:3.2.13.Final,not found,not found,not found
CVE-2017-9735,https://github.com/eclipse/jetty.project/commit/042f325f1cd6e7891d72c7e668f5947b5457dc02,org.eclipse.jetty:jetty-util:9.2.14.v20151106,2017-05-16 10:41:08,jetty-9.3.20.v20170531,2017-05-31 15:24:57
CVE-2018-1999020,https://github.com/opennetworkinglab/onos/commit/4b19da6ce94de4865a365c200d6e8169ffb2184f,org.onosproject:onos-core-common:1.13.1,2018-07-09 16:06:10,1.14.0-rc1,2018-08-13 23:15:43
CVE-2018-1000008,https://github.com/jenkinsci/pmd-plugin/commit/f88399a021c22e30cb8fbac5200471d69f1b6224,org.jvnet.hudson.plugins:pmd:1.0,2018-01-04 17:33:20,pmd-3.50,2018-01-12 15:35:50
CVE-2020-27178,https://github.com/apereo/cas/commit/1808d979b784500d4b4dd846003a0230f326b57d,org.apereo.cas:cas-server-support-otp-mfa:5.3.15.1,2020-10-13 16:49:41,v5.3.16,2020-10-14 14:00:06
CVE-2014-0096,https://github.com/apache/tomcat/commit/f4863f73da45dab42595ea4f0f1c065ccb380239,org.apache.tomcat:tomcat-catalina:8.0.0-RC5,2014-03-17 21:43:58,8.5.0,2016-03-17 14:45:28
CVE-2020-13941,https://github.com/apache/lucene-solr/commit/49a3f0a11d41f7124b893a08dc9e67594c32e2ee,org.apache.solr:solr-core:7.4.0,2020-06-29 13:18:24,history/branches/lucene-solr/jira/solr-14599_1,2020-06-30 15:47:48
CVE-2021-25122,https://github.com/apache/tomcat/commit/dd757c0a893e2e35f8bc1385d6967221ae8b9b9b,org.apache.tomcat:tomcat-coyote:10.0.0,2021-01-14 17:00:14,10.0.1,2021-01-27 14:06:19
CVE-2020-13940,https://github.com/apache/nifi/commit/7f0416ee8bdcee95e28409cc6fae9c1394c2a798,org.apache.nifi:nifi-framework-api:1.11.4,2020-07-28 17:02:42,nifi-1.12.0-RC1,2020-08-13 09:20:36
CVE-2018-11765,https://github.com/apache/hadoop/commit/94b0df839d36cf5d5e927b3642566c67d0689474,org.apache.hadoop:hadoop-common:3.0.0,2018-03-15 11:57:31,rel/release-3.0.1,2018-03-16 10:22:19
CVE-2021-42575,https://github.com/OWASP/java-html-sanitizer/commit/be33ec6962fa3938ec028873e269632d5d8fa55a,com.googlecode.owasp-java-html-sanitizer:owasp-java-html-sanitizer:20191001.1,2021-10-18 09:23:39,release-20211018.1,2021-10-18 09:35:19
CVE-2019-12086,https://github.com/FasterXML/jackson-databind/commit/efc3c0d02f4743dbaa6d1b9c466772a2f13d966b,com.fasterxml.jackson.core:jackson-databind:2.8.11.3,2019-05-14 07:46:38,jackson-databind-2.9.9,2019-05-15 20:08:43
CVE-2017-7525,https://github.com/FasterXML/jackson-databind/commit/ddfddfba6414adbecaff99684ef66eebd3a92e92,com.fasterxml.jackson.core:jackson-databind:2.7.3,2017-08-17 15:12:47,jackson-databind-2.8.10,2017-08-23 21:26:44
CVE-2020-17523,https://github.com/apache/shiro/commit/ab1ea4a2006f6bd6a2b5f72740b7135662f8f160,org.apache.shiro:shiro-core:1.4.0,2021-01-21 22:32:27,shiro-root-1.7.1,2021-01-27 21:33:19
CVE-2018-11039,https://github.com/spring-projects/spring-framework/commit/323ccf99e575343f63d56e229c25c35c170b7ec1,org.springframework:spring-web:4.3.14.RELEASE,2018-06-11 19:18:28,v4.3.18.RELEASE,2018-06-12 14:49:39
CVE-2013-2134,https://github.com/apache/struts/commit/01e6b251b4db78bfb7971033652e81d1af4cb3e,org.apache.struts:struts2-core:2.1.8.1,2013-06-03 08:46:20,STRUTS_2_3_14_3,2013-06-03 09:17:28
CVE-2020-1954,https://github.com/apache/cxf/commit/8636c3760a97979f42e45080230a27b81df5d436,org.apache.cxf:cxf-rt-management:3.0.2,2020-02-20 11:13:19,cxf-3.2.13,2020-03-24 13:18:54
CVE-2017-4995,https://github.com/spring-projects/spring-security/commit/947d11f433b78294942cb5ea56e8aa5c3a0ca43,org.springframework.security:spring-security-core:4.2.2.RELEASE,2017-06-07 22:52:58,4.2.3.RELEASE,2017-06-08 04:34:34
CVE-2019-13237,https://github.com/alkacon/opencms-core/commit/13fc0b8c9a1d36b6541dd5a2debe15fb81de1f0f,org.opencms:opencms-core:10.5.1,2019-06-27 10:15:02,not found,not found
CVE-2019-0207,https://github.com/apache/tapestry-5/commit/6dd7219fd4707467a36091e2f7f5f6460c619099,org.apache.tapestry:tapestry-ioc:5.3.1,2019-08-31 13:06:04,5.4.5,2019-08-31 13:06:04
CVE-2013-1768,https://github.com/apache/openjpa/commit/b8933dc24b84e7e7430ece56bd645d425dd89f24,org.apache.openjpa:openjpa-kernel:2.1.1,2013-03-28 12:50:51,2.2.2,2013-04-16 21:28:40
CVE-2017-7657,https://github.com/eclipse/jetty.project/commit/be8ff431a4b9b2e51c4c847512dfbc70166b8089,org.eclipse.jetty:jetty-http:9.3.20.v20170531,2018-05-17 08:16:39,jetty-9.3.24.v20180605,2018-06-05 12:11:03
CVE-2020-8570,https://github.com/kubernetes-client/java/commit/f5de2e7ff3c9e158d42df10667f03306b2c26e2e,io.kubernetes:client-java:5.0.0,2020-12-11 16:11:53,client-java-parent-9.0.3,2020-12-18 09:25:26
CVE-2011-4905,https://github.com/apache/activemq/commit/3a71f8e33d0309cb0ca5b5758a8f251da205e757,org.apache.activemq:activemq-core:5.4.2,2011-12-02 21:34:14,activemq-5.6.0,2012-05-02 10:35:51
CVE-2016-1000338,https://github.com/bcgit/bc-java/commit/b0c3ce99d43d73a096268831d0d120ffc89eac7f,org.bouncycastle:bcprov-jdk14:1.50,2016-10-15 09:50:44,r1rv56,2016-12-23 15:30:08
CVE-2016-6793,https://github.com/apache/wicket/commit/134686ef7185d3f96fec953136ab4847cd36b68,org.apache.wicket:wicket-util:1.5.2,2016-06-08 22:25:43,not found,not found
CVE-2016-9177,https://github.com/perwendel/spark/commit/efcb46c710e3f56805b9257a63d1306882f4faf9,com.sparkjava:spark-core:2.3,2016-11-06 14:09:35,2.5.2,2016-11-06 17:28:34
CVE-2019-14838,https://github.com/wildfly/wildfly-core/commit/131fa6880ae1523fac9e96df54dc394b63b0eed3,org.wildfly.core:wildfly-host-controller:2.0.10.Final,2019-10-14 13:53:42,11.0.0.Beta1,2019-10-16 09:07:03
CVE-2009-2901,https://github.com/apache/tomcat55/commit/0299cb724ea71f304d54adfcdb950f59b01fb421,org.apache.tomcat:catalina:6.0.18,2010-01-24 21:43:11,TOMCAT_5_5_29,2010-03-29 13:35:57
CVE-2021-21290,https://github.com/netty/netty/commit/c735357bf29d07856ad171c6611a2e1a0e0000ec,io.netty:netty-handler:4.1.45.Final,2021-02-08 11:44:05,netty-4.1.59.Final,2021-02-08 10:47:46
CVE-2021-3642,https://github.com/wildfly-security/wildfly-elytron/commit/f512afc33807c8e7cf74ccb1a14532090906e793,org.wildfly.security:wildfly-elytron:1.1.0.Final,2021-07-14 11:12:20,1.10.14.Final,2021-07-14 12:10:11
CVE-2014-3558,https://github.com/hibernate/hibernate-validator/commit/e8c42b689df8c6752d635d02c6518da3fece3870,org.hibernate:hibernate-validator:5.0.1.Final,2014-07-23 08:56:13,5.2.0.Alpha1,2014-10-22 16:56:46
CVE-2021-42392,https://github.com/h2database/h2database/commit/4a2e677bfb6bfee59bff1ce1dfb6f28ce5109d8c,com.h2database:h2:1.4.200,2022-01-04 22:15:19,version-2.0.206,2022-01-04 13:45:29
CVE-2018-1271,https://github.com/spring-projects/spring-framework/commit/91b803a2310344d925e5d4b1709bbcea9037554,org.springframework:spring-webmvc:5.0.4.RELEASE,2018-03-21 12:02:13,v5.0.5.RELEASE,2018-04-03 20:11:16
CVE-2019-9658,https://github.com/checkstyle/checkstyle/commit/180b4fe37a2249d4489d584505f2b7b3ab162ec6,com.puppycrawl.tools:checkstyle:8.12,2019-02-24 19:03:33,checkstyle-8.18,2019-02-24 20:32:37
CVE-2021-43795,https://github.com/line/armeria/commit/e2697a575e9df6692b423e02d731f293c1313284,com.linecorp.armeria:armeria:1.11.0,2021-12-02 19:54:13,armeria-1.13.4,2021-12-03 00:30:28
CVE-2017-5664,https://github.com/apache/tomcat80/commit/e070a31ec81b56377822e44883c64abb41f36a3b,org.apache.tomcat:tomcat-catalina:8.0.0-RC1,2017-05-02 11:22:59,TOMCAT_8_0_44,2017-05-10 16:41:19
CVE-2018-12972,https://github.com/OpenTSDB/opentsdb/commit/a6a9ec4bc8a526951bc25bb19a145782bafaa8b0,net.opentsdb:opentsdb:2.3.0,2017-01-30 14:20:18,v2.3.1,2018-05-21 17:26:36
CVE-2019-18394,https://github.com/igniterealtime/Openfire/commit/c2ccb38250910587498597955d0bbee8b58e46df,org.igniterealtime.openfire:xmppserver:4.2.0,2019-10-03 10:32:48,v4.5.0beta,2019-12-19 22:21:18
CVE-2020-5411,https://github.com/spring-projects/spring-batch/commit/6d7d2927ddcd8c7ddd902fa1196b1e780c0d70ea,org.springframework.batch:spring-batch-core:4.0.0.RELEASE,2020-06-10 20:11:50,4.2.3.RELEASE,2020-06-10 18:43:55
CVE-2011-1088,https://github.com/apache/tomcat/commit/ece65c1a428094b1c6c17de3d7593f64e1bb1286,org.apache.tomcat.embed:tomcat-embed-core:7.0.8,2011-03-04 15:17:22,7.0.10,2011-03-05 12:57:09
CVE-2013-2248,https://github.com/apache/struts/commit/3cfe34fefedcf0fdcfcb061c0aea34a715b7de63,org.apache.struts:struts2-core:2.1.8.1,2013-07-14 14:18:39,STRUTS_2_3_15_1,2013-09-17 06:50:03
CVE-2017-12616,https://github.com/apache/tomcat/commit/07dc0ea2745f0afab6415f22b16a29f1c6de5727,org.apache.tomcat:tomcat-catalina:7.0.27,2017-08-10 21:09:31,7.0.81,2017-08-11 10:10:59
CVE-2015-1836,https://github.com/apache/hbase/commit/f20fdb5,org.apache.hbase:hbase-client:1.0.0,2015-05-17 11:54:43,1.0.1.1,2015-05-17 11:57:33
CVE-2016-5007,https://github.com/spring-projects/spring-security/commit/e4c13e,org.springframework.security:spring-security-config:4.0.4.RELEASE,2016-07-06 15:47:23,4.1.1.RELEASE,2016-07-07 00:57:35
CVE-2016-6805,https://github.com/apache/ignite/commit/9c401b0dcfc6edb5cc83f6b35bc0d24db6f10347,org.apache.ignite:ignite-core:1.6.0,2017-02-03 12:06:13,1.9.0-rc1,2017-02-28 17:46:29
CVE-2021-21347,https://github.com/x-stream/xstream/commit/51abe602e09016c8e43e91325a15226022f4da46,com.thoughtworks.xstream:xstream:1.4.11.1,2020-09-02 00:38:51,XSTREAM_1_4_13,2020-09-06 23:41:23
CVE-2016-9487,https://github.com/IDPF/epubcheck/commit/66e88e46b4f2cf44ee9607c05f2eccb6254c4101,org.idpf:epubcheck:4.0.1,2016-11-29 14:01:39,v4.0.2,2016-11-29 14:08:40
CVE-2021-39147,https://github.com/x-stream/xstream/commit/652d72f38b33938c54fd3b2ef626cb7dce38001c,com.thoughtworks.xstream:xstream:1.4.11.1,2021-05-26 19:43:09,XSTREAM_1_4_18,2021-08-22 13:57:44
CVE-2018-1259,https://github.com/spring-projects/spring-data-commons/commit/11d0aa1b396d8819a5a0d4933c5cfc72fe9ad102,org.springframework.data:spring-data-commons:1.13.7.RELEASE,2018-05-08 09:50:08,1.13.12.RELEASE,2018-05-08 10:50:35
CVE-2019-7722,https://github.com/pmd/pmd/commit/e295711343cc155cb64ea0ae29ce9d69201469b3,net.sourceforge.pmd:pmd-core:5.8.1,2017-09-03 21:12:15,pmd_releases/6.0.0,2017-12-15 16:01:14
CVE-2022-24289,https://github.com/apache/cayenne/commit/e1b3de34de5b4230f03068e2a14fd4ce74e61b84,org.apache.cayenne:cayenne-server:4.2.M3,2020-09-30 18:20:47,4.1.1,2021-12-20 18:57:32
CVE-2017-7561,https://github.com/resteasy/Resteasy/commit/fd66aad3cb1e8553323a9af5b58f1ad5150dc5b9,org.jboss.resteasy:resteasy-jaxrs:3.0.19.Final,2017-11-07 18:02:07,3.0.25.Final,2018-01-16 18:02:45
CVE-2017-5656,https://github.com/apache/cxf/commit/f25f4a51bf0de5255414c233f41ccc35cf00a073,org.apache.cxf:cxf-rt-ws-security:3.0.5,2017-06-16 10:58:11,cxf-2.6.17,2017-07-31 11:28:35
CVE-2016-8739,https://github.com/apache/cxf/commit/9deb2d17,org.apache.cxf:cxf-rt-rs-extension-providers:3.1.7,2016-11-23 14:30:21,cxf-3.1.9,2016-12-09 14:36:21
CVE-2013-6430,https://github.com/spring-projects/spring-framework/commit/f5c9fe69a444607af667911bd4c5074b5b073e7b,org.springframework:spring-web:3.0.5.RELEASE,2013-02-15 06:38:40,v3.2.2.RELEASE,2013-03-13 14:14:02
CVE-2018-1317,https://github.com/apache/zeppelin/commit/85282615681e895d477417e9f9b80efdb221bf2c,org.apache.zeppelin:zeppelin-zengine:0.7.3,2018-04-10 15:52:05,v0.8.0-rc1,2018-04-26 19:33:56
CVE-2016-1000341,https://github.com/bcgit/bc-java/commit/acaac81f96fec91ab45bd0412beaf9c3acd8defa,org.bouncycastle:bcprov-jdk15on:1.54,2016-10-15 13:44:15,r1rv56,2016-12-23 15:30:08
CVE-2016-8747,https://github.com/apache/tomcat85/commit/9601a937ff3b7ef5d04b2a0e950d0e44e1bb4cbd,org.apache.tomcat:tomcat-coyote:8.5.9,not found,not found,not found
CVE-2021-44228,https://github.com/apache/logging-log4j2/commit/c77b3cb39312b83b053d23a2158b99ac7de44dd3,org.apache.logging.log4j:log4j-core:2.13.3,2021-12-04 21:03:32,log4j-2.15.0-rc1,2021-12-06 15:58:46
CVE-2017-9795,https://github.com/apache/geode/commit/30db126,org.apache.geode:geode-core:1.2.1,not found,not found,not found
CVE-2014-0107,https://github.com/apache/xalan-j/commit/cbfd906cc5a1f1566fa1a98400c82e56077fae0c,xalan:xalan:2.7.1,2014-03-24 20:55:14,xalan-j_2_7_1-rc1,2014-03-26 00:44:32
CVE-2022-23913,https://github.com/apache/activemq-artemis/commit/72a4fff1673477d78a85c415d48a2c74afda81fa,org.apache.activemq:artemis-core-client:2.19.1,2021-12-02 21:15:41,2.20.0,2021-12-14 22:50:53
CVE-2014-8114,https://github.com/uberfire/uberfire/commit/21ec50eb15,org.uberfire:uberfire-server:0.3.1.Final,2014-12-24 10:26:06,not found,not found
CVE-2008-1947,https://github.com/apache/tomcat/commit/ab6a6c41ac972c845717c9d639f0335865afab4d,org.apache.tomcat:catalina:6.0.16,2008-06-02 21:41:28,7.0.19,2011-07-13 22:29:07
CVE-2020-5413,https://github.com/spring-projects/spring-integration/commit/23f3482e8f6d20ba8c59360fc59072c50b3a18cf,org.springframework.integration:spring-integration-core:4.3.6.RELEASE,2020-07-22 12:07:45,v5.3.2.RELEASE,2020-07-22 17:57:54
CVE-2015-3192,https://github.com/spring-projects/spring-framework/commit/9c3580d04e84d25a90ef4c249baee1b4e02df15e,org.springframework:spring-web:4.1.6.RELEASE,2015-06-30 08:58:03,v4.1.7.RELEASE,2015-06-30 10:08:39
CVE-2014-0228,https://github.com/apache/hive/commit/9ef3522f632a0abb5465eca849188776c1b4db13,org.apache.hive:hive-exec:0.10.0,2014-04-17 19:55:14,release-0.14.0,2014-11-12 20:35:15
CVE-2021-36090,https://github.com/apache/commons-compress/commit/80124dd9fe4b0a0b2e203ca19aacac8cd0afc96f,org.apache.commons:commons-compress:1.18,2021-07-02 20:00:47,1.21-RC1,2021-07-09 18:54:09
CVE-2019-10095,https://github.com/apache/zeppelin/commit/8a7e0b87144fba81a22055684441906ad1c327af,org.apache.zeppelin:zeppelin-zengine:0.9.0,2021-03-15 13:01:45,v0.10.0,2021-08-24 14:31:19
CVE-2014-3652,https://github.com/keycloak/keycloak/commit/0b8b31a3ea7d8d7ac8b14a020613fc32aa5e9d9d,org.keycloak:keycloak-services:1.0.1.Final,2014-09-19 10:00:47,1.0.2.Final,2014-10-08 12:11:28
CVE-2019-12400,https://github.com/apache/santuario-java/commit/c5210f77a77105fba81311d16c07ceacc21f39d5,org.apache.santuario:xmlsec:2.1.2,not found,not found,not found
CVE-2021-26118,https://github.com/apache/activemq-artemis/commit/7dd50bd58ed2b46aa7ecdba7cffe979b672d58fb,org.apache.activemq:artemis-openwire-protocol:1.2.0,2020-10-29 12:46:51,2.16.0,2020-11-02 17:45:38
CVE-2021-21346,https://github.com/x-stream/xstream/commit/d5e51177634afea7213b9dc2d21f101d2e258db9,com.thoughtworks.xstream:xstream:1.4.11.1,2021-03-09 23:55:45,XSTREAM_1_4_16,2021-03-13 00:22:38
CVE-2020-1957,https://github.com/apache/shiro/commit/f8722302e614c30cff7228fca549a882f98e6e6b,org.apache.shiro:shiro-core:1.5.1,2020-03-14 08:21:58,shiro-root-1.5.2,2020-03-18 12:39:46
CVE-2011-4343,https://github.com/apache/myfaces/commit/a74b551b2ce6e88101ff453389a761f230e428a1,org.apache.myfaces.core:myfaces-api:2.0.2,2011-11-22 22:40:11,myfaces-core-project-2.1.5,2011-11-30 22:44:38
CVE-2017-12158,https://github.com/keycloak/keycloak/commit/6ea9ed9be8baa7c6971cfbdabecc91555dc561d7,org.keycloak:keycloak-services:1.8.1.Final,2017-10-19 08:23:09,3.3.0.Final,2017-10-26 16:00:14
CVE-2016-3720,https://github.com/FasterXML/jackson-dataformat-xml/commit/f0f19a4c924d9db9a1e2830434061c8640092cc0,com.fasterxml.jackson.dataformat:jackson-dataformat-xml:2.4.4,2016-04-14 22:11:02,jackson-dataformat-xml-2.7.4,2016-04-29 09:46:32
CVE-2020-1744,https://github.com/keycloak/keycloak/commit/9474dd6208c01166b6144bea3ac2b6fe9f5c30f4,org.keycloak:keycloak-services:7.0.0,2020-03-24 05:32:10,9.0.2,2020-03-24 05:18:44
CVE-2018-18928,https://github.com/unicode-org/icu/commit/6cbd62e59e30f73b444be89ea71fd74275ac53a4,com.ibm.icu:icu4j:62.1,2018-10-31 18:11:18,release-63-2,2019-04-11 12:04:36
CVE-2016-6816,https://github.com/apache/tomcat80/commit/779d5d34e68e50d2f721897050b147106992f566,org.apache.tomcat:tomcat-coyote:8.0.32,2016-11-02 12:18:08,TOMCAT_8_0_39,2016-11-08 07:58:53
CVE-2018-1260,https://github.com/spring-projects/spring-security-oauth/commit/70e5ba84ca98b7ab42c1900bdd9fa51b393d611f,org.springframework.security.oauth:spring-security-oauth2:2.2.0.RELEASE,2018-05-07 16:37:51,2.3.3.RELEASE,2018-05-08 15:03:26
CVE-2021-30179,https://github.com/apache/dubbo/commit/eed216b14e8c8e980e98a78ce495806a32df2b97,org.apache.dubbo:dubbo:2.7.3,2020-10-05 16:40:29,dubbo-2.7.9,2021-02-08 00:21:30
CVE-2018-11764,https://github.com/apache/hadoop/commit/493924def8f184e74d57153afc9c22b0eeb95e9c,org.apache.hadoop:hadoop-common:3.0.0,2018-03-10 13:46:18,rel/release-3.0.1,2018-03-16 10:22:19
CVE-2017-7957,https://github.com/x-stream/xstream/commit/b3570be2f39234e61f99f9a20640756ea71b1b4,com.thoughtworks.xstream:xstream:1.3.1,2017-04-03 14:40:04,not found,not found
CVE-2016-8751,https://github.com/apache/ranger/commit/2fcd7f7cc175c0734443638b99c359e24c0f88ff,org.apache.ranger:ranger-plugins-common:0.6.2,2016-12-06 16:15:44,ranger-0.6.3-rc1,2017-01-26 14:35:20
CVE-2017-3156,https://github.com/apache/cxf/commit/555843f,org.apache.cxf:cxf-rt-rs-security-oauth2:3.1.4,2016-12-30 16:28:39,cxf-3.1.10,2017-01-27 13:25:22
CVE-2019-13235,https://github.com/alkacon/opencms-core/commit/185e71cc9844c90c0c29b730bd92b0375f1eca21,org.opencms:opencms-core:8.5.0,2019-09-17 13:29:36,not found,not found
CVE-2016-6806,https://github.com/apache/wicket/commit/5c345567c75b3cc1f7e4cce6dcf3e692870b4823,org.apache.wicket:wicket-core:7.0.0,2016-09-19 15:24:57,rel/wicket-7.5.0,2016-10-19 21:12:15
CVE-2018-1000134,https://github.com/pingidentity/ldapsdk/commit/8471904a02438c03965d21367890276bc25fa5a6,com.unboundid:unboundid-ldapsdk:3.2.0,2018-03-09 11:29:23,4.0.5,2018-03-19 02:05:38
CVE-2018-10237,https://github.com/google/guava/commit/f89ece5721b2f637fe754937ff1f3c86d80bb196,com.google.guava:guava:18.0,2018-04-25 17:47:43,v25.0,2018-04-25 18:12:31
CVE-2017-12620,https://github.com/apache/opennlp/commit/c2c14e9af7a519aacfde5173f641c86e17ce50ed,org.apache.opennlp:opennlp-tools:1.8.1,2017-08-31 10:45:58,opennlp-1.8.2,2017-09-11 09:02:51
CVE-2019-17571,https://github.com/apache/logging-log4j2/commit/5dcc19215827db29c993d0305ee2b0d8dd05939d,org.apache.logging.log4j:log4j-core:2.7,2017-04-02 12:41:20,log4j-2.8.2,2017-04-02 15:05:00
CVE-2017-3523,https://github.com/mysql/mysql-connector-j/commit/6189e718de5b6c6115aee45dd7a480081c129d68,mysql:mysql-connector-java:5.1.38,2017-01-31 23:26:29,5.1.41,2017-02-14 19:27:54
CVE-2018-1332,https://github.com/apache/storm/commit/58f7aefb8b9ffe77693669dbc94ee6446f3ed6e8,org.apache.storm:storm-core:1.1.1,2018-04-11 10:10:40,v1.1.3,2018-05-17 16:23:35
CVE-2017-5638,https://github.com/apache/struts/commit/6b8272ce47160036ed120a48345d9aa884477228,org.apache.struts:struts2-core:2.3.16.3,2017-03-06 14:45:26,STRUTS_2_5_11,2017-06-22 13:11:07
CVE-2019-12406,https://github.com/apache/cxf/commit/fd85803a73ad46f36816bcb55ed1c4f4b4c4312d,org.apache.cxf:cxf-core:3.3.1,2019-09-03 15:45:43,cxf-3.3.4,2019-10-21 13:48:44
CVE-2021-39149,https://github.com/x-stream/xstream/commit/652d72f38b33938c54fd3b2ef626cb7dce38001c,com.thoughtworks.xstream:xstream:1.4.11.1,2021-05-26 19:43:09,XSTREAM_1_4_18,2021-08-22 13:57:44
CVE-2017-15691,https://github.com/apache/uima-uimaj/commit/39909bf21fd694f4fb792d1de8adc72562ead25e,org.apache.uima:uimaj-core:2.6.0,2017-09-21 15:32:20,rel/uimaj-2.10.2,2017-10-30 19:37:06
CVE-2019-0222,https://github.com/fusesource/mqtt-client/commit/2898f10be758decdc85ba6c523cb5be6b9092855,org.fusesource.mqtt-client:mqtt-client:1.12,2019-03-06 17:28:59,mqtt-client-project-1.15,2019-03-11 12:03:40
CVE-2018-8008,https://github.com/apache/storm/commit/0fc6b522487c061f89e8cdacf09f722d3f20589,org.apache.storm:storm-core:1.2.1,2018-04-30 10:33:14,v1.0.7,2018-05-03 13:40:16
CVE-2021-23463,https://github.com/h2database/h2database/commit/d83285fd2e48fb075780ee95badee6f5a15ea7f8,com.h2database:h2:1.4.200,2021-10-30 13:19:57,version-2.0.202,2021-11-25 15:13:23
CVE-2017-5641,https://github.com/apache/flex-blazeds/commit/f861f0993c35e664906609cad275e45a71e2aaf1,org.apache.flex.blazeds:flex-messaging-core:4.7.2,2017-02-17 15:42:31,blazeds-4.7.3,2017-03-27 22:43:33
CVE-2018-8012,https://github.com/apache/nifi/commit/282c271,org.apache.zookeeper:zookeeper:3.4.6,2019-09-20 10:49:04,nifi-1.10.0-RC1,2019-10-22 09:44:33
CVE-2015-3269,https://github.com/apache/flex-blazeds/commit/af405aa5974f8441873873ac6400dddc1039778e,org.apache.flex.blazeds:flex-messaging-core:4.7.0,2015-07-23 14:18:34,blazeds-4.7.1,2015-08-03 10:32:39
CVE-2019-3797,https://github.com/spring-projects/spring-data-jpa/commit/4d4e6d418fe3bca14c7cff1c7161e3794026f960,org.springframework.data:spring-data-jpa:2.0.8.RELEASE,2019-04-01 10:40:10,2.0.14.RELEASE,2019-04-01 19:05:42
CVE-2021-38153,https://github.com/apache/kafka/commit/3325342fecba56c2f5b28d60ca37605a7ebf420a,org.apache.kafka:kafka-clients:2.8.0,2021-07-30 18:36:10,2.8.1-rc0,2021-09-10 11:05:10
CVE-2016-3093,https://github.com/jkuhnert/ognl/commit/ae43073fbf38db8371ff4f8bf2a966ee3b5f7e92,ognl:ognl:2.6.9,2015-05-17 10:09:18,OGNL_3_0_12,2015-09-01 08:57:55
CVE-2012-0391,https://github.com/apache/struts/commit/5f54b8d087f5125d96838aafa5f64c2190e6885b,org.apache.struts.xwork:xwork-core:2.2.3,2011-08-10 17:59:54,STRUTS_2_3_1,2011-12-08 21:07:36
CVE-2015-4852,https://github.com/apache/commons-collections/commit/e585cd0433ae4cfbc56e58572b9869bd0c86b611,org.apache.commons:commons-collections4:4.0,2015-11-13 20:08:45,collections-4.1-RC1,2015-11-22 21:38:37
CVE-2020-13955,https://github.com/apache/calcite/commit/f96ded319341fd3c1011b095565710938acb9ad6,org.apache.calcite:calcite-core:1.18.0,not found,not found,not found
CVE-2019-14832,https://github.com/keycloak/keycloak/commit/0b73685ccf3181115ae3936a578708630215ac23,org.keycloak:keycloak-model-jpa:6.0.0,2019-10-15 05:11:37,7.0.1,2019-10-16 09:08:46
CVE-2016-9878,https://github.com/spring-projects/spring-framework/commit/e2d6e709c3c65a4951eb096843ee75d5200cfcad,org.springframework:spring-webmvc:3.0.5.RELEASE,2016-12-21 10:21:28,v4.3.5.RELEASE,2016-12-21 11:11:41
CVE-2010-5327,https://github.com/community-security-team/liferay-portal/commit/76aaec0256e98bce0c0542ab071d4cf5132e10ca,com.liferay.portal:portal-impl:6.2.4,2016-03-28 17:11:25,not found,not found
CVE-2019-0233,https://github.com/apache/struts/commit/e2b644a4fbe31f0898008c2938069ef04f0f9124,org.apache.struts:struts2-core:2.5.20,2019-11-02 13:31:09,STRUTS_2_5_21,2019-11-07 20:17:01
CVE-2014-0095,https://github.com/apache/tomcat/commit/1bd7d414983f2f420dd37e78b5f4686e737dd3e6,org.apache.tomcat:tomcat-coyote:8.0.0-RC5,2014-03-17 14:17:19,8.5.0,2016-03-17 14:45:28
CVE-2019-3774,https://github.com/spring-projects/spring-batch/commit/8dc3bb7d3c3d0b1487e3ef3dcbdebda865d2b20e,org.springframework.batch:spring-batch-infrastructure:4.0.1.RELEASE,2019-01-11 08:24:16,4.0.2.RELEASE,2019-01-11 13:05:41
CVE-2011-2204,https://github.com/apache/tomcat/commit/763a56b45999653ce648a18462b8a826809215b1,org.apache.tomcat:tomcat-catalina:7.0.8,2011-06-27 09:27:06,7.0.17,2011-07-02 21:35:17
CVE-2021-39153,https://github.com/x-stream/xstream/commit/652d72f38b33938c54fd3b2ef626cb7dce38001c,com.thoughtworks.xstream:xstream:1.4.11.1,2021-05-26 19:43:09,XSTREAM_1_4_18,2021-08-22 13:57:44
CVE-2016-2175,https://github.com/apache/pdfbox/commit/6f4a1fa0cd894ba3bbbe4a97ce11e23ec64f0d3a,org.apache.pdfbox:jempbox:1.8.8,not found,not found,not found
CVE-2020-35210,https://github.com/atomix/atomix/commit/c9edd1b78d756f9ad25452daf0193d33ad539394,io.atomix:atomix-raft:3.1.5,not found,not found,not found
CVE-2014-0109,https://github.com/apache/cxf/commit/f8ed98e684c1a67a77ae8726db05a04a4978a445,org.apache.cxf:cxf-api:2.7.8,2014-02-19 12:17:50,cxf-3.0.0,2014-05-14 15:09:56
CVE-2017-9803,https://github.com/apache/lucene-solr/commit/4704efb1f92588ad106a39dea5f20bf8e80b133b,org.apache.solr:solr-core:6.3.0,2017-08-16 18:55:04,releases/lucene-solr/6.6.1,2017-08-29 19:26:22
CVE-2021-22112,https://github.com/spring-projects/spring-security/commit/c72a6fac04853912a4b7caad5f0500f2aace5a79,org.springframework.security:spring-security-web:5.4.2,2021-02-11 17:39:48,5.4.4,2021-02-11 18:00:01
CVE-2021-36151,https://github.com/apache/gobblin/commit/520eca8938231494bddd5c477e07ec71c7da653f,org.apache.gobblin:gobblin-utility:0.15.0,2021-02-23 22:17:02,release-0.16.0-rc0,2021-08-11 19:13:24
CVE-2017-3166,https://github.com/apache/hadoop/commit/a47d8283b136aab5b9fa4c18e6f51fa799d91a29,org.apache.hadoop:hadoop-mapreduce-client-core:2.3.0,2017-03-07 13:40:16,rel/release-2.7.4,2017-07-27 22:52:07
CVE-2016-4461,https://github.com/apache/struts/commit/b28b78c062f0bf3c79793a25aab8c9b6c12bce6e,org.apache.struts.xwork:xwork-core:2.3.16.3,2016-06-03 13:10:58,STRUTS_2_3_29,2016-06-14 07:10:57
CVE-2017-5643,https://github.com/apache/camel/commit/ec3d0db81ba061b27e934d5ff56e9baca0049eb,org.apache.camel:camel-core:2.18.0,2017-02-27 08:04:59,camel-2.18.3,2017-03-08 19:04:48
CVE-2016-1000345,https://github.com/bcgit/bc-java/commit/21dcb3d9744c83dcf2ff8fcee06dbca7bfa4ef35,org.bouncycastle:bcprov-jdk15on:1.54,2016-08-27 13:20:05,r1rv56,2016-12-23 15:30:08
CVE-2016-8746,https://github.com/apache/ranger/commit/9dfde6de92799d7d923cf8eb11bbdc8788d6664c,org.apache.ranger:ranger-plugins-common:0.6.2,2017-01-06 19:03:43,ranger-0.6.3-rc1,2017-01-26 14:35:20
CVE-2017-5644,https://github.com/apache/poi/commit/3a328aa220f6979f9805f658ae33244d153beaa7,org.apache.poi:poi-ooxml:3.14,not found,not found,not found
CVE-2017-15700,https://github.com/apache/sling-org-apache-sling-auth-core/commit/015fe58b22e0625e9d88b687de50303db539482b,org.apache.sling:org.apache.sling.auth.core:1.1.4,2017-12-15 08:00:53,org.apache.sling.auth.core-1.4.2,2017-12-15 08:08:56
CVE-2016-0956,https://github.com/apache/sling/commit/0f1e85834761a128ab07ea04bd254e24b750ab80,org.apache.sling:org.apache.sling.servlets.post:2.3.0,2015-05-12 08:19:24,org.apache.sling.servlets.post-2.3.8,2015-06-11 09:09:05
CVE-2021-26296,https://github.com/apache/myfaces/commit/95cbf6cbdf1e5d389d9509b48a7203f91acb41a1,org.apache.myfaces.core:myfaces-impl:2.3.9,2021-01-18 15:08:17,myfaces-core-module-4.0.0-RC1,2022-06-23 15:36:59
CVE-2016-6346,https://github.com/resteasy/Resteasy/commit/2c2daab6f63ef9c9fb08251daf4a62e8aadc94e1,org.jboss.resteasy:resteasy-jaxrs:3.0.19.Final,2016-09-22 10:25:17,3.1.0.CR1,2016-09-30 22:31:33
CVE-2018-1294,https://github.com/apache/commons-email/commit/0a944fe3703fb754c7122a7de98396811781da24,org.apache.commons:commons-email:1.4,2017-07-09 19:41:59,EMAIL_1_5_RC1,2017-07-29 13:52:08
CVE-2017-8028,https://github.com/spring-projects/spring-ldap/commit/08e8ae289bbd1b581986c7238604a147119c1336,org.springframework.ldap:spring-ldap-core:1.3.1.RELEASE,2017-10-06 14:25:31,2.3.2.RELEASE,2017-10-06 20:37:46
CVE-2016-9879,https://github.com/spring-projects/spring-security/commit/666e356ebc479194ba51e43bb99fc42f849b6175,org.springframework.security:spring-security-web:4.0.4.RELEASE,2016-12-21 09:04:00,4.2.1.RELEASE,2016-12-21 17:23:28
CVE-2016-6802,https://github.com/apache/shiro/commit/b15ab927709ca18ea4a02538be01919a19ab65af,org.apache.shiro:shiro-web:1.2.3,2016-09-09 16:26:57,shiro-root-1.3.2,2016-09-09 17:52:32
CVE-2018-1047,https://github.com/wildfly/wildfly/commit/735c77ce8b3bab6aa5072fb8575dc96db52d01ab,org.wildfly:wildfly-undertow:10.0.0.Final,2018-01-15 10:54:49,12.0.0.Beta1,2018-02-15 16:58:26
CVE-2017-12622,https://github.com/apache/geode/commit/f6390a7,org.apache.geode:geode-core:1.2.1,2017-10-11 11:24:59,rel/v1.3.0,2017-10-18 09:32:15
CVE-2021-22113,https://github.com/spring-cloud/spring-cloud-netflix/commit/8ecb3dca511c3ce0454e42ac31ee2331d7318c07,org.springframework.cloud:spring-cloud-netflix-zuul:2.1.0.RELEASE,2021-02-11 11:58:55,v2.2.7.RELEASE,2021-02-11 14:01:40
CVE-2014-0113,https://github.com/apache/struts/commit/1be8ed61e499b58b3fb6a45253f47865f83f35fb,org.apache.struts:struts2-core:2.3.16.3,2014-04-28 08:50:53,STRUTS_2_3_19,2014-11-14 08:31:12
CVE-2020-1745,https://github.com/undertow-io/undertow/commit/e60e04f4e9bab49f406c8c57770c4a1bbbc37067,io.undertow:undertow-core:2.2.14.Final,2020-03-05 04:15:33,2.0.30.Final,2020-03-11 01:31:50
CVE-2020-11995,https://github.com/apache/dubbo/commit/d2e9baf380108950c48e0ab700ccdbf11dd753ab,org.apache.dubbo:dubbo:2.7.3,2020-07-08 10:38:12,dubbo-2.7.8,2020-07-17 17:10:40
CVE-2020-1695,https://github.com/resteasy/Resteasy/commit/f3e354b72ae7fead9ceaabe172999293bd931822,org.jboss.resteasy:resteasy-jaxrs:3.0.19.Final,2020-05-11 15:18:19,3.12.0.Final,2020-05-17 13:43:48
CVE-2014-0193,https://github.com/netty/netty/commit/787a85f9f1b816ee901c1ec00348ae2007bb9d3b,io.netty:netty-codec-http:4.0.15.Final,2014-04-30 14:40:52,netty-4.0.19.Final,2014-04-30 15:40:31
CVE-2022-23181,https://github.com/apache/tomcat/commit/70da1aaa51e0f9d088438e9d958812a144e12754,org.apache.tomcat:tomcat-catalina:10.1.0-M16,2022-01-12 11:11:29,10.1.0-M9,2022-01-12 16:07:16
CVE-2019-10174,https://github.com/infinispan/infinispan/commit/a7dab68d194989aaa0b0aa0781cf8ee88fbe3439,org.infinispan:infinispan-commons:10.0.0.Final,2019-10-15 12:55:05,10.0.0.Final,2019-10-27 09:27:12
CVE-2020-13444,https://github.com/community-security-team/liferay-portal/commit/064e6b01afa1e087e4c6bbaf7f71c97ee33f3ee9,com.liferay:com.liferay.dynamic.data.mapping.service:2.0.0,2020-06-09 09:41:14,not found,not found
CVE-2016-8738,https://github.com/apache/struts/commit/554b9dddb0fbd1e581ef577dd62a7c22955ad0f6,org.apache.struts:struts2-core:2.5.5,2016-11-16 07:30:46,STRUTS_2_5_6,2016-11-28 21:15:29
CVE-2018-1000531,https://github.com/inversoft/prime-jwt/commit/abb0d479389a2509f939452a6767dc424bb5e6ba,com.inversoft:prime-jwt:1.0.0,2018-05-02 09:31:18,1.3.1,2018-05-07 11:31:29
CVE-2021-28168,https://github.com/eclipse-ee4j/jersey/commit/f3cadb38dcc5b20e515706fae68dce533ad6c737,org.glassfish.jersey.core:jersey-common:2.31,2021-03-04 11:36:50,2.34,2021-04-16 19:52:46
CVE-2017-11467,https://github.com/orientechnologies/orientdb/commit/200535c3183f7db88ee4526bf3316d6bdeddb68e,com.orientechnologies:orientdb-core:2.2.17,2017-06-30 08:32:05,2.2.23,2017-07-10 14:29:49
CVE-2020-26234,https://github.com/opencast/opencast/commit/4225bf90af74557deaf8fb6b80b0705c9621acfc,org.opencastproject:opencast-kernel:6.6,2020-12-08 11:46:35,7.9,2020-12-08 15:17:23
CVE-2018-1002201,https://github.com/zeroturnaround/zt-zip/commit/759b72f33bc8f4d69f84f09fcb7f010ad45d6fff,org.zeroturnaround:zt-zip:1.12,2018-04-26 17:52:37,zt-zip-1.13,2018-05-02 14:46:06
CVE-2021-41767,https://github.com/apache/guacamole-client/commit/0597358dde292d739809cd7426e0b55921372ccf,org.apache.guacamole:guacamole-common:1.3.0,2021-10-23 22:29:39,1.4.0,2021-12-27 07:18:17
CVE-2018-17187,https://github.com/apache/qpid-proton-j/commit/0cb8ca03cec42120dcfc434561592d89a89a805e,org.apache.qpid:proton-j:0.16.0,2018-11-06 12:17:09,0.30.0,2018-11-06 17:24:29
CVE-2016-4437,https://github.com/apache/shiro/commit/64d9f8341e1aa7ef1a29744e16ea7c578ca5deee,org.apache.shiro:shiro-core:1.2.3,2016-05-06 16:22:45,shiro-root-1.4.0-RC2,2016-11-10 17:33:15
CVE-2018-17297,https://github.com/looly/hutool/commit/9f8a801c7b98b75ee681c0988e1a58bcfdc21756,cn.hutool:hutool-core:5.8.0.M4,2018-09-13 16:18:23,4.4.2,2019-01-18 14:03:55
CVE-2020-11971,https://github.com/apache/camel/commit/36b55f9cfa50a2056c70f98d66c29a95ddc724e1,org.apache.camel:camel-main:3.1.0,2020-03-30 16:11:17,camel-3.2.0,2020-04-01 13:14:59
CVE-2018-1002200,https://github.com/codehaus-plexus/plexus-archiver/commit/f8f4233508193b70df33759ae9dc6154d69c2ea8,org.codehaus.plexus:plexus-archiver:3.5,2018-05-06 13:43:08,plexus-archiver-3.6.0,2018-05-06 14:13:22
CVE-2011-2894,https://github.com/spring-projects/spring-framework/commit/070a723ef2c886770a063eb9a67f84f74e06edfb,org.springframework:spring-core:3.0.5.RELEASE,2011-07-21 09:05:59,v3.0.6.RELEASE,2011-08-19 01:25:03
CVE-2019-0187,https://github.com/apache/jmeter/commit/a82907030db158e00d681dc5f5330085951535f3,org.apache.jmeter:ApacheJMeter_core:4.0,not found,not found,not found
CVE-2020-11969,https://github.com/apache/tomee/commit/17168ad95e35f1758e16364c2398dea10a4034d8,org.apache.tomee:openejb-core:8.0.1,2020-05-11 11:22:35,tomee-8.0.2,2020-05-14 11:45:04
CVE-2020-5408,https://github.com/spring-projects/spring-security/commit/3c81e122bdfcd0803fb6331a8625624cae249231,org.springframework.security:spring-security-core:4.2.3.RELEASE,2020-04-07 13:48:29,4.2.16.RELEASE,2020-05-06 11:03:38
CVE-2016-4993,https://github.com/undertow-io/undertow/commit/5d017ce12d075679822104e8a8a3b1ad98abad86,io.undertow:undertow-core:1.3.15.Final,2016-09-12 11:22:27,1.4.3.Final,2016-09-15 16:04:17
CVE-2020-28052,https://github.com/bcgit/bc-java/commit/97578f9b7ed277e6ecb58834e85e3d18385a4219,org.bouncycastle:bcprov-jdk15on:1.66,2020-10-28 09:37:17,r1rv67,2020-11-01 17:29:56
CVE-2017-7675,https://github.com/apache/tomcat/commit/cf181edc9a8c239cde704cffc3c503425bdcae2b,org.apache.tomcat:tomcat-coyote:9.0.0.M21,2017-05-24 19:35:00,9.0.0-M22,2017-06-21 09:31:15
CVE-2013-2186,https://github.com/apache/commons-fileupload/commit/163a6061fbc077d4b6e4787d26857c2baba495d1,commons-fileupload:commons-fileupload:1.2.1,2013-07-25 16:16:15,FILEUPLOAD_1_3_1_RC1,2014-02-06 17:01:34
CVE-2014-6439,https://github.com/elastic/elasticsearch/commit/f9de8b65898509e038e33215db0720b508477a12,org.elasticsearch:elasticsearch:1.3.2,2014-09-09 11:22:34,v1.4.0.Beta1,2014-10-01 14:55:34
CVE-2019-10094,https://github.com/apache/tika/commit/c4e63c9be8665cccea8b680c59a6f5cfbc03e0fc,org.apache.tika:tika-core:1.18,2019-07-24 20:54:39,1.22,2019-07-29 12:10:42
CVE-2021-41561,https://github.com/apache/parquet-mr/commit/d022451f5e58e86b39f0a312d6251a0dc6bb7468,org.apache.parquet:parquet-format-structures:1.12.0,not found,not found,not found
CVE-2019-17563,https://github.com/apache/tomcat/commit/ab72a10,org.apache.tomcat:tomcat-catalina:7.0.27,2019-12-07 20:19:50,7.0.99,2019-12-11 12:19:21
CVE-2019-17513,https://github.com/ratpack/ratpack/commit/efb910d38a96494256f36675ef0e5061097dd77d,io.ratpack:ratpack-core:1.5.4,2019-10-09 09:24:24,v1.7.5,2019-10-09 12:31:16
CVE-2021-22044,https://github.com/spring-cloud/spring-cloud-openfeign/commit/d6783a6f1ec8dd08fafe76ecd072913d4e6f66b9,org.springframework.cloud:spring-cloud-openfeign-core:3.0.2,2021-10-21 12:14:19,v2.2.10.RELEASE,2021-10-21 12:40:20
CVE-2018-1000125,https://github.com/inversoft/prime-jwt/commit/0d94dcef0133d699f21d217e922564adbb83a227,com.inversoft:prime-jwt:1.0.0,2018-01-30 09:38:18,1.3.0,2018-01-30 11:00:57
CVE-2019-19343,https://github.com/jboss-remoting/jboss-remoting/commit/8df8d2c6335fd79ac3d350a8714a1bee67fb7d2f,org.jboss.remoting3:jboss-remoting:3.2.14.GA,2019-09-10 17:37:06,main-EOL,2024-03-07 19:42:30
CVE-2018-14642,https://github.com/undertow-io/undertow/commit/dc22648efe16968242df5d793e3418afafcb36c0,io.undertow:undertow-core:2.0.11.Final,2018-10-29 17:34:07,1.4.27.Final,2019-01-15 15:58:43
CVE-2011-3190,https://github.com/apache/tomcat/commit/a2538ce78f83b7376c48d12d8247600079d789b1,org.apache.tomcat:tomcat-coyote:7.0.5,2011-08-29 19:44:53,9.0.0-M1,2015-11-12 22:03:14
CVE-2010-1157,https://github.com/apache/tomcat/commit/a4de93b2aaf74fff7c1e194f7ce3d2228a9680b8,org.apache.tomcat:catalina:6.0.18,2010-04-21 22:11:29,7.0.7,2011-02-03 10:34:25
CVE-2020-10688,https://github.com/resteasy/Resteasy/commit/caef05ade16fd12c581cbc7177c191b87591757c,org.jboss.resteasy:resteasy-jaxrs:3.0.19.Final,2020-03-24 18:32:48,3.11.1.Final,2020-03-25 00:03:16
CVE-2017-15703,https://github.com/apache/nifi/commit/9e2c7be7d3c6a380c5f61074d9a5a690b617c3dc,org.apache.nifi:nifi-framework-core:1.2.0,2017-09-22 14:31:38,rel/nifi-1.4.0,2017-09-28 13:45:21
CVE-2019-0231,https://github.com/apache/mina/commit/294b8ce638df6e237e819537b333e02853bb612c,org.apache.mina:mina-core:2.0.7,2019-04-07 21:11:25,2.0.21,2019-04-12 11:11:58
CVE-2019-17573,https://github.com/apache/cxf/commit/a02e96ba1095596bef481919f16a90c5e80a92c8,org.apache.cxf:cxf-rt-transports-http:3.3.4,2020-01-07 15:23:46,cxf-3.3.5,2020-01-10 13:53:28
CVE-2011-1475,https://github.com/apache/tomcat/commit/df3b24b87f8d2e6a5f4fea57f687e76a0f5124d7,org.apache.tomcat:tomcat-coyote:7.0.8,2011-03-28 19:15:06,8.5.0,2016-03-17 14:45:28
CVE-2018-8030,https://github.com/apache/qpid-broker-j/commit/881323e56620ea069d52885842652a6fbf3403c0,org.apache.qpid:qpid-broker-plugins-amqp-0-8-protocol:7.0.2,2018-06-06 14:27:13,7.0.5,2018-06-12 10:38:35
CVE-2009-2693,https://github.com/apache/tomcat55/commit/0299cb724ea71f304d54adfcdb950f59b01fb421,tomcat:catalina:5.5.23,2010-01-24 21:43:11,TOMCAT_5_5_29,2010-03-29 13:35:57
CVE-2017-7672,https://github.com/apache/struts/commit/931df54ab379bf4eb5a625bf05066b8563c3737b,org.apache.struts:struts2-core:2.5.10.1,2016-11-16 07:46:29,STRUTS_2_5_6,2016-11-28 21:15:29
CVE-2018-1114,https://github.com/undertow-io/undertow/commit/7f22aa0090296eb00280f878e3731bb71d40f9e,io.undertow:undertow-core:1.4.20.Final,2018-04-24 10:51:56,1.4.25.Final,2018-05-03 08:33:03
CVE-2014-1904,https://github.com/spring-projects/spring-framework/commit/741b4b229ae032bd17175b46f98673ce0bd2d485,org.springframework:spring-webmvc:4.0.1.RELEASE,2014-02-13 14:36:12,v4.0.2.RELEASE,2014-02-18 16:53:02
CVE-2021-26117,https://github.com/apache/activemq-artemis/commit/ec1c5a96c74b24f2c9a6f0919a1a180721c5c6b9,org.apache.activemq:artemis-server:2.6.4,2020-09-07 16:32:57,2.16.0,2020-11-02 17:45:38
CVE-2019-16942,https://github.com/FasterXML/jackson-databind/commit/54aa38d87dcffa5ccc23e64922e9536c82c1b9c8,com.fasterxml.jackson.core:jackson-databind:2.9.8,2019-09-29 12:12:38,jackson-databind-2.10.1,2019-11-09 15:11:27
CVE-2021-27807,https://github.com/apache/pdfbox/commit/c978d742bd64137aacdba346f3afe7238a5ac9a7,org.apache.pdfbox:pdfbox:2.0.12,2021-03-13 12:45:11,2.0.23,2021-03-15 16:50:01
CVE-2020-1935,https://github.com/apache/tomcat/commit/060ecc5eb839208687b7fcc9e35287ac8eb46998,org.apache.tomcat:tomcat-coyote:9.0.30,2020-02-04 14:27:50,9.0.31,2020-02-05 19:26:48
CVE-2020-1963,https://github.com/apache/ignite/commit/02b0439639a9dab264cdb3ed4081c231e0079c13,org.apache.ignite:ignite-indexing:2.7.5,2020-04-27 11:20:19,2.8.1-rc0,2020-05-21 09:38:18
CVE-2018-1000820,https://github.com/neo4j-contrib/neo4j-apoc-procedures/commit/45bc09c8bd7f17283e2a7e85ce3f02cb4be4fd1a,org.neo4j.procedure:apoc:3.4.0.1,2018-10-26 13:34:18,3.4.0.4,2018-11-16 18:12:08
CVE-2020-17530,https://github.com/apache/struts/commit/dfa8fb3e4c3c3220f72135fa779006d9dde747bf,org.apache.struts:struts2-core:2.3.16.3,2020-11-25 17:12:57,STRUTS_2_5_26,2020-11-25 17:31:54
CVE-2017-2617,https://github.com/hawtio/hawtio/commit/93e239db33e02be226197e6e192de0c90d19c0ea,io.hawt:hawtio-system:1.4.55,not found,not found,not found
CVE-2019-5427,https://github.com/swaldman/c3p0/commit/f38f27635c384806c2a9d6500d80183d9f09d78b,com.mchange:c3p0:0.9.5.2,2019-03-15 22:29:39,c3p0-0.9.5.4,2019-03-15 23:15:51
CVE-2016-0750,https://github.com/infinispan/infinispan/commit/d943b44994fc5738a6146493042861cfe8e3cbb1,org.infinispan:infinispan-client-hotrod:8.1.0.Final,not found,not found,not found
CVE-2020-7647,https://github.com/jooby-project/jooby/commit/34f526028e6cd0652125baa33936ffb6a8a4a009,org.jooby:jooby:1.4.0,2020-05-10 00:07:31,v1.6.7,2020-05-10 21:15:17
CVE-2018-1000129,https://github.com/rhuss/jolokia/commit/5895d5c137c335e6b473e9dcb9baf748851bbc5f,org.jolokia:jolokia-core:1.2.3,2018-01-24 10:35:53,v1.5.0,2018-02-08 10:20:27
CVE-2020-5398,https://github.com/spring-projects/spring-framework/commit/0583b334b46cf2a591c72c2708ee3d2ac5d2b58c,org.springframework:spring-web:5.0.8.RELEASE,2020-01-07 07:17:55,v5.0.16.RELEASE,2020-01-14 10:37:34
CVE-2021-22160,https://github.com/apache/pulsar/commit/bdd062b4d822ab4487472af4a1561a51ce42900c,org.apache.pulsar:pulsar-broker-common:2.6.0,2021-02-18 22:08:30,v2.7.1,2021-03-06 10:57:21
CVE-2020-5529,https://github.com/HtmlUnit/htmlunit/commit/934390fefcd2cd58e6d86f2bc19d811ae17bfa28,net.sourceforge.htmlunit:htmlunit:2.15,2020-01-24 19:59:38,2.37.0,2020-01-28 21:03:49
CVE-2017-5647,https://github.com/apache/tomcat80/commit/ec10b8c785d1db91fe58946436f854dde04410fd,org.apache.tomcat:tomcat-coyote:8.0.32,2017-03-27 19:52:30,TOMCAT_8_0_43,2017-03-28 14:38:21
CVE-2016-4970,https://github.com/netty/netty/commit/9e2c400f89c5badc39919f811179d3d42ac5257c,io.netty:netty-all:4.1.0.Final,2016-06-07 08:59:13,netty-4.1.1.Final,2016-06-07 18:52:22
CVE-2016-4000,https://github.com/jythontools/jython/commit/4c337213bd2964bb36cef2d31509b49647ca6f2a,org.python:jython-standalone:2.7.0,2016-02-01 20:37:01,v2.7.1b3,2016-02-03 03:21:50
CVE-2015-0263,https://github.com/apache/camel/commit/7d19340bcdb42f7aae584d9c5003ac4f7ddaee36,org.apache.camel:camel-core:2.14.0,2015-03-02 08:15:45,camel-2.15.0,2015-03-07 03:03:50
CVE-2021-39152,https://github.com/x-stream/xstream/commit/652d72f38b33938c54fd3b2ef626cb7dce38001c,com.thoughtworks.xstream:xstream:1.4.11.1,2021-05-26 19:43:09,XSTREAM_1_4_18,2021-08-22 13:57:44
CVE-2017-1000487,https://github.com/codehaus-plexus/plexus-utils/commit/b38a1b3a4352303e4312b2bb601a0d7ec6e28f41,org.codehaus.plexus:plexus-utils:3.0.8,2013-10-23 19:48:13,plexus-utils-3.0.16,2013-12-21 13:02:01
CVE-2016-8745,https://github.com/apache/tomcat/commit/cbc9b18a845d3c8c053ac293dffda6c6c19dd92b,org.apache.tomcat:tomcat-coyote:9.0.0.M3,2016-11-29 08:34:19,9.0.0-M14,2016-12-05 13:10:49
CVE-2019-10241,https://github.com/eclipse/jetty.project/commit/ca77bd384a2970cabbbdab25cf6251c6fb76cd21,org.eclipse.jetty:jetty-util:9.2.14.v20151106,2019-04-03 16:28:26,jetty-9.3.26.v20190403,2019-04-03 18:16:32
CVE-2015-5346,https://github.com/apache/tomcat/commit/0dd9e7811a06e0e131da734eb706a1db4a77119c,org.apache.tomcat:tomcat-catalina:9.0.0.M1,2016-01-06 21:52:24,8.5.0,2016-03-17 14:45:28
CVE-2016-6345,https://github.com/resteasy/Resteasy/commit/52195b4afe2be1ff5addcdab487cf44365ebde6a,org.jboss.resteasy:resteasy-jaxrs:3.0.19.Final,2016-09-13 20:15:43,3.1.0.CR1,2016-09-30 22:31:33
CVE-2017-7556,https://github.com/hawtio/hawtio/commit/7790c85b1750e0dc01e70fe9dc8e6fa70ac4be15,io.hawt:hawtio-system:1.4.55,2017-08-16 08:36:25,hawtio-1.5.4,2017-09-05 00:41:56
CVE-2015-7559,https://github.com/apache/activemq/commit/338a74d,org.apache.activemq:activemq-client:5.8.0,2016-10-18 12:04:11,activemq-5.15.0,2017-06-27 13:41:01
CVE-2013-0239,https://github.com/apache/cxf/commit/295a4e2f9eb3e7e0513980202949ccc424dee2d4,org.apache.cxf:cxf-rt-ws-security:2.5.1,2013-01-25 10:26:30,cxf-3.0.0-milestone1,2013-11-26 17:09:48
CVE-2014-7816,https://github.com/undertow-io/undertow/commit/ab8ba2adc9ca508dc22e41f1b63c34c5a78e80a1,io.undertow:undertow-core:1.0.15.Final,2014-10-28 09:18:34,1.0.17.Final,2014-10-28 16:27:31
CVE-2016-4999,https://github.com/dashbuilder/dashbuilder/commit/8574899e3b6455547b534f570b2330ff772e524b,org.dashbuilder:dashbuilder-dataset-sql:0.4.0.Final,2016-06-27 18:05:57,0.6.0.Beta1,2016-07-05 09:52:30
CVE-2020-1950,https://github.com/apache/tika/commit/750d7790c7d8ba766f2794fac79521d5870eadfb,org.apache.tika:tika-parsers:1.20,2020-02-24 13:34:11,1.24,2020-03-11 14:01:31
CVE-2019-10247,https://github.com/eclipse/jetty.project/commit/b0f72a87d5b35ff0a814143fb1725f7c6fc4e0d7,org.eclipse.jetty:jetty-server:9.3.14.v20161028,2019-04-17 12:16:18,jetty-9.2.28.v20190418,2019-04-18 11:23:17
CVE-2014-0003,https://github.com/apache/camel/commit/c6de749e9b3c7b61861c5480e91550290585224d,org.apache.camel:camel-core:2.11.0,2014-01-10 17:19:34,camel-2.11.4,2014-02-15 14:01:49
CVE-2011-2088,https://github.com/apache/struts/commit/885ab3459e146ff830d1f7257f809f4a3dd4493a,org.apache.struts.xwork:xwork-core:2.2.1.1,2011-03-02 21:01:01,STRUTS_2_2_2,2011-03-26 12:06:00
CVE-2012-2733,https://github.com/apache/tomcat/commit/f7a1b83,org.apache.tomcat:tomcat-coyote:7.0.27,2012-06-14 15:24:34,9.0.0-M1,2015-11-12 22:03:14
CVE-2016-3082,https://github.com/apache/struts/commit/6bd694b7980494c12d49ca1bf39f12aec3e03e2f,org.apache.struts:struts2-core:2.3.28,2016-05-04 09:19:18,STRUTS_2_5,2016-05-05 15:21:26
CVE-2016-4003,https://github.com/apache/struts/commit/5421930b49822606792f36653b17d3d95ef106f9,org.apache.struts:struts2-core:2.3.16.3,2016-01-14 14:52:03,STRUTS_2_3_25,2016-03-11 16:02:17
CVE-2021-29043,https://github.com/community-security-team/liferay-portal/commit/ce56c3137a8a97ffdad8a3e95ede563dd97c946f,com.liferay.portal:com.liferay.portal.kernel:7.0.0,2021-05-11 09:22:22,not found,not found
CVE-2013-1966,https://github.com/apache/struts/commit/7e6f641ebb142663cbd1653dc49bed725edf7f56,org.apache.struts.xwork:xwork-core:2.3.4.1,2013-04-18 09:49:41,STRUTS_2_3_14_1,2013-04-18 18:05:47
CVE-2014-0034,https://github.com/apache/cxf/commit/b4b9a010bb23059251400455afabddee15b46127,org.apache.cxf.services.sts:cxf-services-sts-core:2.7.8,2013-12-16 15:18:58,cxf-3.0.0-milestone2,2014-02-14 20:54:37
CVE-2020-1926,https://github.com/apache/hive/commit/ee5a6be81a87bb21b3779edad6e61b67b365997b,org.apache.hive:hive-service:2.3.1,2020-12-09 17:24:50,release-2.3.8-rc2,2020-12-14 09:23:14
CVE-2020-11987,https://github.com/apache/xmlgraphics-batik/commit/0ef5b661a1f77772d1110877ea9e0287987098f6,org.apache.xmlgraphics:batik-svgbrowser:1.13,2020-06-02 13:59:37,batik-1_14,2021-01-21 09:21:14
CVE-2011-1183,https://github.com/apache/tomcat/commit/b06f06375a1ff20c7fb949771e77360225e3ff41,org.apache.tomcat:tomcat-catalina:7.0.12,2011-04-01 10:49:43,8.5.0,2016-03-17 14:45:28
CVE-2015-5255,https://github.com/apache/flex-blazeds/commit/561d840192afad20225bcedbd8766a624280be6b,org.apache.flex.blazeds:flex-messaging-core:4.7.1,2015-10-24 09:17:56,blazeds-4.7.2,2015-11-05 21:39:33
CVE-2019-12423,https://github.com/apache/cxf/commit/2de7e14eb95626fffef6f61365186de9a1c9de3d,org.apache.cxf:cxf-rt-rs-security-jose:3.3.3,2019-11-14 17:05:10,cxf-3.3.5,2020-01-10 13:53:28
CVE-2020-1953,https://github.com/apache/commons-configuration/commit/add7375cf37fd316d4838c6c56b054fc293b4641,org.apache.commons:commons-configuration2:2.2,2020-03-04 21:33:22,commons-configuration-2.7-RC1,2020-03-07 14:39:09
CVE-2020-26945,https://github.com/mybatis/mybatis-3/commit/9caf480e05c389548c9889362c2cb080d728b5d8,org.mybatis:mybatis:3.4.6,2020-10-04 02:37:07,mybatis-3.5.6,2020-10-07 05:25:07
CVE-2018-11761,https://github.com/apache/tika/commit/bd9d75d8b0a85af2937047bfad04288c3044b2a6,org.apache.tika:tika-core:1.18,2018-08-03 13:16:09,1.19,2018-09-14 16:36:51
CVE-2016-4433,https://github.com/apache/struts/commit/b28b78c062f0bf3c79793a25aab8c9b6c12bce6e,org.apache.struts.xwork:xwork-core:2.3.16.3,2016-06-03 13:10:58,STRUTS_2_3_29,2016-06-14 07:10:57
CVE-2017-2594,https://github.com/hawtio/hawtio/commit/765c7c51ef9546ddca0bbf08b2961272041a22fe,io.hawt:hawtio-system:1.4.55,2017-02-08 19:26:41,hawtio-1.5.0,2017-02-27 02:54:42
CVE-2017-1000208,https://github.com/swagger-api/swagger-parser/commit/98f620c5622b0852958e01562c25988e57d80252,io.swagger:swagger-parser:1.0.28,2017-07-14 11:41:42,v1.0.31,2017-07-14 12:20:52
CVE-2020-1960,https://github.com/apache/flink/commit/58b58f4b16a2e25c95b465377d43a51ad8ef3f6a,org.apache.flink:flink-metrics-jmx_2.11:1.7.2,2020-04-09 16:56:58,release-1.9.3,2020-04-17 19:08:57
CVE-2014-7808,https://github.com/apache/wicket/commit/d2b8848346b8f806e747dca18799d70c37fc893f,org.apache.wicket:wicket-core:1.5.8,2014-11-25 12:16:47,wicket-1.5.13,2015-02-09 11:47:30
CVE-2020-35215,https://github.com/atomix/atomix/commit/21ff37510694371855a0f563b98b0cff93f91694,io.atomix:atomix:3.1.5,not found,not found,not found
CVE-2019-3894,https://github.com/wildfly/wildfly/commit/84975f8a4dd5f243c7ff5122c0d36783b116a0d7,org.wildfly:wildfly-ee:15.0.0.Final,2019-03-20 11:01:48,17.0.0.Alpha1,2019-05-15 22:39:10
CVE-2017-5662,https://github.com/apache/batik/commit/6ab669f073c23a443d78a7a08aea2fd4de10da8c,org.apache.xmlgraphics:batik-dom:1.7,not found,not found,not found
CVE-2015-0225,https://github.com/apache/cassandra/commit/c041ea8b3748089937168839791a6d64382b34de,org.apache.cassandra:cassandra-all:2.0.9,2015-03-30 09:38:50,cassandra-2.1.4,2015-03-30 09:38:50
CVE-2020-13920,https://github.com/apache/activemq/commit/5263883d37ee9df336776f8f906aebfb13189ece,org.apache.activemq:activemq-broker:5.15.11,2020-02-24 13:25:08,activemq-5.15.12,2020-03-12 21:08:49
CVE-2016-10027,https://github.com/igniterealtime/Smack/commit/059ee99ba0d5ff7758829acf5a9aeede09ec820b,org.igniterealtime.smack:smack-tcp:4.1.3,2016-11-14 20:31:13,4.1.9,2016-11-19 14:34:29
CVE-2021-39140,https://github.com/x-stream/xstream/commit/652d72f38b33938c54fd3b2ef626cb7dce38001c,com.thoughtworks.xstream:xstream:1.4.11.1,2021-05-26 19:43:09,XSTREAM_1_4_18,2021-08-22 13:57:44
CVE-2014-0225,https://github.com/spring-projects/spring-framework/commit/c6503ebbf7c9e21ff022c58706dbac5417b2b5eb,org.springframework:spring-oxm:3.0.5.RELEASE,2014-05-19 22:43:14,v3.2.9.RELEASE,2014-05-20 04:49:35
CVE-2018-1307,https://github.com/apache/juddi/commit/248b39c73e0c7809c42a9accd35f354869f11666,org.apache.juddi:juddi-client:3.3.3,2017-11-11 12:29:48,juddi-3.3.5,2017-11-18 09:43:56
CVE-2017-2670,https://github.com/undertow-io/undertow/commit/3ad7537d0bfeed5950afda0428ea704e5f00d815,io.undertow:undertow-core:2.2.14.Final,2017-06-13 06:50:19,1.3.31.Final,2017-08-18 12:08:29
CVE-2019-11777,https://github.com/eclipse/paho.mqtt.java/commit/a0bbf1e7da158ae191582f032343c6171e6a0b44,org.eclipse.paho:org.eclipse.paho.client.mqttv3:1.2.0,2018-03-26 10:53:18,v1.2.1,2019-02-26 22:57:14
CVE-2012-2098,https://github.com/apache/commons-compress/commit/8f702469cbf4c451b6dea349290bc4af0f6f76c7,org.apache.commons:commons-compress:1.5,2012-05-20 18:50:36,COMPRESS_1.4.1_RC1,2012-05-22 04:51:57
CVE-2015-2080,https://github.com/eclipse/jetty.project/commit/4df5647f6dfdc5fa7abb812afe9290d60b17c098,org.eclipse.jetty:jetty-http:9.3.0.M1,2015-02-23 14:44:53,jetty-9.2.9.v20150224,2015-02-24 10:38:28
CVE-2022-23640,https://github.com/monitorjbl/excel-streaming-reader/commit/62470065c35871076ad14480d2df26d9c5c3700a,com.monitorjbl:xlsx-streamer:1.2.1,2018-11-09 20:12:59,2.1.0,2018-11-11 17:26:40
CVE-2013-4330,https://github.com/apache/camel/commit/3215fe50dd42c83a7a454dd36486843fe36eae4,org.apache.camel:camel-core:2.9.2,2013-09-15 15:15:09,camel-2.10.7,2013-09-15 20:28:25
CVE-2013-2035,https://github.com/fusesource/hawtjni/commit/92c266170ce98edc200c656bd034a237098b8aa5,org.fusesource.hawtjni:hawtjni-runtime:1.5,2013-05-13 08:41:14,hawtjni-project-1.8,2013-05-13 08:53:44
CVE-2017-12165,https://github.com/undertow-io/undertow/commit/691440ee58259fba76711b60d56dde6679808bdc,io.undertow:undertow-core:1.3.15.Final,2017-06-08 16:20:10,1.3.31.Final,2017-08-18 12:08:29
CVE-2016-3674,https://github.com/x-stream/xstream/commit/696ec886a23dae880cf12e34e1fe09c5df8fe94,com.thoughtworks.xstream:xstream:1.3.1,2015-10-06 19:35:55,XSTREAM_1_4_9,2016-03-16 00:09:43
CVE-2017-2638,https://github.com/infinispan/infinispan/commit/e81d358351d5ab2a1abbb34b4638a7358e7b5cec,org.infinispan.server:infinispan-server-endpoints:9.0.0.Final,2015-04-16 17:38:07,7.2.0.CR1,2015-04-17 14:16:21
CVE-2019-12415,https://github.com/apache/poi/commit/2b8200f7d701ea6ff9638f629f0bd81d2e48410c,org.apache.poi:poi-ooxml:3.17,2018-12-28 19:53:03,REL_4_1_0,2019-04-05 22:43:53
CVE-2019-10899,https://github.com/rhuss/jolokia/commit/ec1cebda618e68d12c9b1906820564408cf950e1,org.jolokia:jolokia-core:1.6.0,2018-07-18 09:49:20,v1.6.1,2019-05-01 18:47:40
CVE-2013-1880,https://github.com/apache/activemq/commit/fafd12dfd4f71336f8e32c090d40ed1445959b40,org.apache.activemq:activemq-web:5.6.0,2013-03-21 13:25:47,activemq-5.9.0,2013-10-14 23:38:22
CVE-2018-11762,https://github.com/apache/tika/commit/c0fb57d9d20e8eb7cb77bce8742e4566a18f5db8,org.apache.tika:tika-app:1.18,2018-07-13 16:16:50,2.0.0-BETA,2021-05-19 10:40:09
CVE-2021-29943,https://github.com/apache/solr/commit/def7f47a4d2389ce8362ce7215095c5e43afe5c0,org.apache.solr:solr-core:7.4.0,2021-04-05 13:13:44,releases/solr/9.0.0,2022-05-04 11:37:21
CVE-2020-35213,https://github.com/atomix/atomix/commit/4a65503db2c810df7aa9f9b1dc0aec4debe21380,io.atomix:atomix-storage:3.1.5,not found,not found,not found
CVE-2015-7940,https://github.com/bcgit/bc-java/commit/5cb2f0578e6ec8f0d67e59d05d8c4704d8e05f83,org.bouncycastle:bcprov-jdk15on:1.50,2014-07-22 19:23:34,r1rv51,2014-07-25 21:08:05
CVE-2013-4366,https://github.com/apache/httpcomponents-client/commit/08140864e3e4c0994e094c4cf0507932baf6a66,org.apache.httpcomponents:httpclient:4.3,2013-10-02 20:14:31,4.3.1-RC1,2013-10-03 13:45:45
CVE-2015-5258,https://github.com/spring-projects/spring-social/commit/5151e1158e1ed51369e7aba9e8092930d28c31d3,org.springframework.social:spring-social-core:1.1.2.RELEASE,2015-11-11 13:38:23,v1.1.3.RELEASE,2015-11-16 15:00:30
CVE-2018-11776,https://github.com/apache/struts/commit/4a3917176de2df7f33a85511d067f31e50dcc1b,org.apache.struts:struts2-core:2.3.16.3,2018-05-08 07:58:34,STRUTS_2_3_35,2018-07-12 09:51:04
CVE-2012-0022,https://github.com/apache/tomcat55/commit/0314fe7743cb72e469cb395ccaaf2793a2ea0355,tomcat:tomcat-coyote:5.5.23,2011-12-20 14:34:48,TOMCAT_5_5_35,2012-01-06 18:10:14
CVE-2021-45046,https://github.com/apache/logging-log4j2/commit/27972043b76c9645476f561c5adc483dec6d3f5d,org.apache.logging.log4j:log4j-core:2.13.3,2021-12-12 22:32:00,log4j-2.16.0-rc1,2021-12-12 23:40:13
CVE-2019-10088,https://github.com/apache/tika/commit/b8655aad5efaef1c5d266676350f58743770fb5b,org.apache.tika:tika-core:1.18,2019-06-26 15:28:52,1.22,2019-07-29 12:10:42
CVE-2017-3159,https://github.com/apache/camel/commit/6b979d07fd4be6ac913368f2abeae690d3325d37,org.apache.camel:camel-snakeyaml:3.0.0-M4,2016-12-09 15:57:51,camel-2.19.0,2017-04-29 20:44:54
CVE-2015-5262,https://github.com/apache/httpcomponents-client/commit/09027e7286974bf6b61f4106395da2623121db8d,org.apache.httpcomponents:httpclient:4.3.5,2014-03-11 14:16:43,4.4-alpha1-RC1,2014-06-25 14:15:55
CVE-2015-0886,https://github.com/jeremyh/jBCrypt/commit/e015c2c110ab7cf544400893f3543b45f359ff58,org.mindrot:jbcrypt:0.3m,2015-02-02 11:56:52,jbcrypt-0.4,2015-02-02 11:56:52
CVE-2016-1000352,https://github.com/bcgit/bc-java/commit/9385b0ebd277724b167fe1d1456e3c112112be1f,org.bouncycastle:bcprov-jdk15on:1.54,2016-08-27 11:41:27,r1rv56,2016-12-23 15:30:08
CVE-2016-1000342,https://github.com/bcgit/bc-java/commit/843c2e60f67d71faf81d236f448ebbe56c62c647,org.bouncycastle:bcprov-jdk15on:1.54,2016-10-15 11:21:05,r1rv56,2016-12-23 15:30:08
CVE-2022-24198,https://github.com/itext/itext7/commit/73ac3ab0180eab1766eb41b43fd63183642e6310,com.itextpdf:kernel:7.2.0,not found,not found,not found
CVE-2019-11274,https://github.com/cloudfoundry/uaa/commit/a34f55fc97a81966faf21e3ae404ec24f1f31cf7,org.cloudfoundry.identity:cloudfoundry-identity-scim:2.7.4,2019-07-24 16:03:56,v74.0.0,2019-08-06 16:10:27
CVE-2016-5018,https://github.com/apache/tomcat80/commit/3adf2d614bce0fb9587b0eb7a4a9fbb7ac8e6d82,org.apache.tomcat:tomcat-jasper:8.0.32,2016-09-12 08:17:18,TOMCAT_8_0_38,2016-10-06 20:50:08
CVE-2021-33604,https://github.com/vaadin/flow/commit/19fe3864f9d1567c5ac7a211189986ac093e781f,com.vaadin:flow-server:6.0.2,2020-11-18 12:59:39,6.0.0.alpha1,2020-11-26 17:49:32
CVE-2011-5062,https://github.com/apache/tomcat/commit/639e20992a66d7a42fb59c974db91c8a0f730a1e,org.apache.tomcat:tomcat-catalina:7.0.8,2011-04-01 11:36:54,7.0.12,2011-04-01 16:47:12
CVE-2021-25640,https://github.com/apache/dubbo/commit/d5c0cf82715e15b8064a841d25856b73f243d3cd,org.apache.dubbo:dubbo-common:2.7.8,2021-02-23 23:34:54,dubbo-2.7.10,2021-04-02 19:19:54
CVE-2022-24197,https://github.com/itext/itext7/commit/eb16e6465c563c4f8bce256c4b5909438996405b,com.itextpdf:io:7.1.15,2021-10-07 19:58:14,7.2.1,2021-12-20 16:52:30
CVE-2020-36319,https://github.com/vaadin/flow/commit/7222c96b1c5da51e56061cc5ae6d32f9a5876bc3,com.vaadin:flow-server:3.0.0,2020-04-08 13:58:20,3.1.0.alpha1,2020-04-13 19:33:36
CVE-2018-8018,https://github.com/apache/ignite/commit/bc374f85ca4a5e69572902d2167fe6bedebd40a,org.apache.ignite:ignite-core:2.3.0,2018-06-15 17:20:26,2.7.0-rc0,2018-11-06 20:17:40
CVE-2012-0047,https://github.com/apache/wicket/commit/2faab951738702b0251ed41e5b137bd5a9fc127d,org.apache.wicket:wicket:1.4.17,2012-01-18 15:07:51,release/wicket-1.4.20,2012-03-07 08:33:52
CVE-2017-7674,https://github.com/apache/tomcat80/commit/f52c242d92d4563dd1226dcc993ec37370ba9ce3,org.apache.tomcat:tomcat-catalina:8.0.32,2017-05-22 14:58:59,TOMCAT_8_0_45,2017-06-26 20:00:20
CVE-2020-11612,https://github.com/netty/netty/commit/1543218d3e7afcb33a90b728b14370395a3deca0,io.netty:netty-codec:4.1.5.Final,2020-01-31 12:11:06,netty-4.1.46.Final,2020-02-28 06:36:45
CVE-2020-5397,https://github.com/spring-projects/spring-framework/commit/bc7d01048579430b4b2df668178809b63d3f1929,org.springframework:spring-web:5.2.2.RELEASE,2020-01-13 08:33:14,v5.2.3.RELEASE,2020-01-14 08:00:35
CVE-2021-29425,https://github.com/apache/commons-io/commit/2736b6fe0b3fa22ec8e2b4184897ecadb021fc78,commons-io:commons-io:2.4,2018-05-30 10:06:07,commons-io-2.7-RC1,2020-05-24 15:43:00
CVE-2010-1330,https://github.com/jruby/jcodings/commit/ef9cae715912a703f8737e087896aa24b29af222,org.jruby.jcodings:jcodings:1.0.1,2010-04-08 11:22:51,1.0.3,2010-04-08 11:22:51
CVE-2019-0199,https://github.com/apache/tomcat/commit/8d14c6f2,org.apache.tomcat:tomcat-coyote:8.5.20,2019-05-03 21:53:49,8.5.41,2019-05-04 09:51:14
CVE-2012-6092,https://github.com/apache/activemq/commit/51eb87a84be88d28383ea48f6e341ffe1203c5ba,org.apache.activemq:activemq-web:5.6.0,2012-10-18 10:57:52,activemq-5.8.0,2013-02-06 15:44:02
CVE-2020-1928,https://github.com/apache/nifi/commit/34f2a592df8996b5f9e65039a35ecd8c31417fbd,org.apache.nifi:nifi-web-api:1.10.0,2020-01-16 13:00:08,nifi-1.11.0-RC2,2020-01-16 13:50:16
CVE-2017-2582,https://github.com/keycloak/keycloak/commit/8a02ef18597e5929517d702238b09ae780eaf421,org.keycloak:keycloak-saml-core:2.5.0.Final,2017-01-09 12:50:38,2.5.1.Final,2017-01-26 05:17:37
CVE-2015-2156,https://github.com/netty/netty/commit/4ac519f534493bb0ca7a77e1c779138a54faa7b9,io.netty:netty-codec-http:4.1.0.Beta4,not found,not found,not found
CVE-2019-12402,https://github.com/apache/commons-compress/commit/4ad5d80a6272e007f64a6ac66829ca189a8093b9,org.apache.commons:commons-compress:1.18,2019-08-23 16:55:56,1.19-RC1,2019-08-24 18:09:18
CVE-2018-25007,https://github.com/vaadin/flow/commit/600edf9d9f733ba2d8096bb0cda9be6c6848942d,com.vaadin:flow-server:1.0.5,not found,not found,not found
CVE-2018-8009,https://github.com/apache/hadoop/commit/1373e3d8ad60e4da721a292912cb69243bfdf47,org.apache.hadoop:hadoop-common:2.7.2,2018-05-23 17:20:53,rel/release-2.9.2,2018-11-13 13:45:18
CVE-2018-1305,https://github.com/apache/tomcat/commit/4d637bc3986e5d09b9363e2144b8ba74fa6eac3a,org.apache.tomcat:tomcat-catalina:9.0.56,2018-02-15 16:05:48,9.0.6,2018-03-05 09:22:03
CVE-2014-0112,https://github.com/apache/struts/commit/1be8ed61e499b58b3fb6a45253f47865f83f35fb,org.apache.struts.xwork:xwork-core:2.3.16.3,2014-04-28 08:50:53,STRUTS_2_3_19,2014-11-14 08:31:12
CVE-2018-8017,https://github.com/apache/tika/commit/8a6a9e1344f5b10ebfa1a189dc3c30d0da2b9d4,org.apache.tika:tika-parsers:1.3,2018-05-25 10:40:47,2.0.0-BETA,2021-05-19 10:40:09
CVE-2018-12036,https://github.com/jeremylong/DependencyCheck/commit/4df51f39043c80b98aefdb2ae592f052d3c26acc,org.owasp:dependency-check-core:1.4.5,2018-05-03 15:51:54,v3.2.0,2018-05-21 06:14:19
CVE-2018-1257,https://github.com/spring-projects/spring-framework/commit/246a6db1cad205ca9b6fca00c544ab7443ba202c,org.springframework:spring-messaging:4.3.14.RELEASE,2018-04-17 00:20:12,v4.3.17.RELEASE,2018-05-08 07:48:20
CVE-2021-39151,https://github.com/x-stream/xstream/commit/652d72f38b33938c54fd3b2ef626cb7dce38001c,com.thoughtworks.xstream:xstream:1.4.11.1,2021-05-26 19:43:09,XSTREAM_1_4_18,2021-08-22 13:57:44
CVE-2017-7660,https://github.com/apache/lucene-solr/commit/e3b0cfff396a7f92a4f621d598780116da916f3,org.apache.solr:solr-core:6.4.2,2017-05-04 15:14:13,releases/lucene-solr/6.6.0,2017-05-29 22:52:28
CVE-2021-43859,https://github.com/x-stream/xstream/commit/e8e88621ba1c85ac3b8620337dd672e0c0c3a846,com.thoughtworks.xstream:xstream:1.3.1,2022-01-29 16:53:37,XSTREAM_1_4_19,2022-01-29 17:46:17
CVE-2021-28164,https://github.com/eclipse/jetty.project/commit/e412c8a15b3334b30193f40412c0fbc47e478e83,org.eclipse.jetty:jetty-server:9.4.38.v20210224,2021-03-24 01:10:28,jetty-9.4.39.v20210325,2021-03-25 09:36:22
CVE-2017-4971,https://github.com/spring-projects/spring-webflow/commit/ec3d54d2305e6b6bce12f770fec67fe63008d45,org.springframework.webflow:spring-webflow:2.4.4.RELEASE,2017-05-31 11:45:59,v2.5.0.RC1,2018-02-12 21:22:45
CVE-2017-17485,https://github.com/FasterXML/jackson-databind/commit/f031f27a31625d07922bdd090664c69544200a5d,com.fasterxml.jackson.core:jackson-databind:2.9.0,2017-12-12 17:15:56,jackson-databind-2.7.9.2,2017-12-19 19:24:27
CVE-2012-5886,https://github.com/apache/tomcat55/commit/83adfde198d8f9305edbd240e0081a2bb7902cfd,tomcat:catalina:5.5.23,2012-10-01 09:34:08,TOMCAT_5_5_36,2012-10-05 12:51:37
CVE-2016-4430,https://github.com/apache/struts/commit/b28b78c062f0bf3c79793a25aab8c9b6c12bce6e,org.apache.struts.xwork:xwork-core:2.3.20,2016-06-03 13:10:58,STRUTS_2_3_29,2016-06-14 07:10:57
CVE-2016-4436,https://github.com/apache/struts/commit/27ca165ddbf81c84bafbd083b99a18d89cc49ca7,org.apache.struts:struts2-core:2.3.16.3,2016-05-12 15:36:12,STRUTS_2_5_1,2016-06-14 08:07:24
CVE-2014-0054,https://github.com/spring-projects/spring-framework/commit/edba32b3093703d5e9ed42b5b8ec23ecc1998398,org.springframework:spring-oxm:3.0.5.RELEASE,2014-02-18 15:54:30,v4.0.2.RELEASE,2014-02-18 16:53:02
CVE-2018-14627,https://github.com/wildfly/wildfly/commit/883115ea2168343e870745f538a80b1ddc360914,org.wildfly:wildfly-iiop-openjdk:14.0.0.Final,2018-08-09 18:28:29,14.0.0.Beta2,2018-08-15 15:56:02
CVE-2016-4800,https://github.com/eclipse/jetty.project/commit/424f0c1e040bf47f397c9164cc19d379fb00f7db,org.eclipse.jetty:jetty-util:9.3.8.v20160314,2016-04-05 09:57:28,jetty-9.3.9.M0,2016-04-05 14:31:17
CVE-2016-9589,https://github.com/undertow-io/undertow/commit/86d52a5e9198991fe30a3616d9008cecc696fc0b,io.undertow:undertow-core:1.4.4.Final,2017-03-23 10:58:00,2.0.0.Beta1,2018-01-30 09:41:14
CVE-2016-2162,https://github.com/apache/struts/commit/fc2179cf1ac9fbfb61e3430fa88b641d87253327,org.apache.struts.xwork:xwork-core:2.3.16.3,2016-03-11 11:04:14,STRUTS_2_5,2016-05-05 15:21:26
CVE-2015-4165,https://github.com/elastic/elasticsearch/commit/f5cfb2a1869d1a52930cbd3138278a6e2c1b22e6,org.elasticsearch:elasticsearch:1.5.2,2015-05-28 12:59:15,v1.6.0,2015-06-09 13:35:08
CVE-2018-1000850,https://github.com/square/retrofit/commit/b9a7f6ad72073ddd40254c0058710e87a073047d,com.squareup.retrofit2:retrofit:2.3.0,2018-10-22 22:03:02,parent-2.5.0,2018-11-18 16:26:27
CVE-2013-6468,https://github.com/droolsjbpm/drools/commit/3883240d8324d0aa1372fff90c227928423c6a95,org.drools:drools-workbench-models-test-scenarios:6.0.0.CR1,2013-11-29 13:05:57,6.1.0.Beta1,2014-03-06 09:38:54
CVE-2018-14658,https://github.com/keycloak/keycloak/commit/a957e118e6efb35fe7ef3a62acd66341a6523cb7,org.keycloak:keycloak-services:3.4.3.Final,2018-11-14 20:09:22,4.7.0.Final,2018-12-04 07:38:29
CVE-2018-18240,https://github.com/pippo-java/pippo/commit/c6b26551a82d2dd32097fcb17c13c3b830916296,ro.pippo:pippo-session:1.11.0,2018-10-26 20:00:25,release-1.12.0,2018-12-11 22:10:53
CVE-2021-21351,https://github.com/x-stream/xstream/commit/15f2cd3364795eab785166f6f36f9a91e951373f,com.thoughtworks.xstream:xstream:1.4.11.1,2021-01-06 14:28:50,XSTREAM_1_4_16,2021-03-13 00:22:38
CVE-2014-3574,https://github.com/apache/poi/commit/103b45073c7b504236588b3acc146530205af53c,org.apache.poi:poi-ooxml:3.9,not found,not found,not found
CVE-2013-2055,https://github.com/apache/wicket/commit/b8a31c41d9dd13ff6492407b86f601da654c0cd7,org.apache.wicket:wicket-core:6.7.0,2013-05-13 12:46:47,wicket-6.8.0,2013-05-17 19:44:57
CVE-2021-21295,https://github.com/netty/netty/commit/89c241e3b1795ff257af4ad6eadc616cb2fb3dc4,io.netty:netty-codec-http2:4.1.52.Final,2021-03-09 08:20:09,netty-4.1.60.Final,2021-03-09 08:18:26
CVE-2017-15718,https://github.com/apache/hadoop/commit/bfa736b7782b0075b3dc4c956ae7426952c49f83,org.apache.hadoop:hadoop-yarn-server-nodemanager:2.7.2,2017-10-25 11:12:30,release-2.7.5-RC0,2017-12-01 19:14:32
CVE-2020-27216,https://github.com/eclipse/jetty.project/commit/820c79ba5b68ece9d17d5af72284ed35179e0b79,org.eclipse.jetty:jetty-http:9.4.31.v20200723,2020-10-16 07:28:32,jetty-9.4.33.v20201020,2020-10-20 18:28:51
CVE-2019-9827,https://github.com/hawtio/hawtio/commit/503ed37b05a732fbb4e8c15b8b7881ef5009008d,io.hawt:hawtio-system:1.4.55,2017-01-17 10:39:02,hawtio-1.5.0,2017-02-27 02:54:42
CVE-2015-2944,https://github.com/apache/sling/commit/89e0555c75da9bda3007dadc08521dc0cbc90a0c,org.apache.sling:org.apache.sling.api:2.1.0,2011-05-24 13:10:58,org.apache.sling.api-2.2.2,2011-08-10 12:24:04
CVE-2014-0168,https://github.com/rhuss/jolokia/commit/2d9b168cfbbf5a6d16fa6e8a5b34503e3dc42364,org.jolokia:jolokia-core:1.2.0,2014-04-24 17:13:24,v1.2.1,2014-04-29 15:04:12
CVE-2014-9527,https://github.com/apache/poi/commit/21d2bc3cffeefab6c41627da469fce35ed7760e6,org.apache.poi:poi-scratchpad:3.9,not found,not found,not found
CVE-2011-0534,https://github.com/apache/tomcat/commit/0084470,org.apache.tomcat:tomcat-coyote:7.0.5,2011-02-01 07:55:45,7.0.7,2011-02-03 10:34:25
CVE-2014-8122,https://github.com/weld/core/commit/6808b11cd6d97c71a2eed754ed4f955acd789086,org.jboss.weld:weld-core-impl:3.0.0.Alpha2,2014-12-04 11:17:00,3.0.0.Alpha3,2014-12-09 10:45:42
CVE-2015-5211,https://github.com/spring-projects/spring-framework/commit/2bd1da,org.springframework:spring-websocket:4.1.5.RELEASE,2015-10-15 10:33:27,v4.2.2.RELEASE,2015-10-15 05:35:56
CVE-2013-6407,https://github.com/apache/lucene-solr/commit/bffc5624eff8e2790fb8d29b48385efd063c79d9,org.apache.solr:solr-core:4.0.0,2012-09-27 10:12:48,releases/lucene-solr/4.1.0,2013-01-21 13:27:03
CVE-2018-11758,https://github.com/apache/cayenne/commit/8d4c83abed024fc3a698148a122429022b89b590,org.apache.cayenne:cayenne-server:4.2.M3,2018-07-09 11:47:12,4.0,2018-08-06 15:05:56
CVE-2019-0212,https://github.com/apache/hbase/commit/7206ef6427d12785b797797a00153b5437e21cb1,org.apache.hbase:hbase-rest:2.1.3,2019-02-26 22:31:12,2.1.4RC0,2019-03-05 12:14:59
CVE-2018-8026,https://github.com/apache/lucene-solr/commit/3aa6086ed99fa7158d423dc7c33dae6da466b09,org.apache.solr:solr-core:7.2.1,2018-06-17 13:27:39,releases/lucene-solr/7.4.0,2018-06-18 14:39:34
CVE-2014-3579,https://github.com/apache/activemq-apollo/commit/e5647554e6801a522c508a8eb457979a9af8c398,org.apache.activemq:apollo-selector:1.7,2014-08-26 15:11:09,apollo-project-1.7.1,2015-01-29 10:33:25
CVE-2019-16869,https://github.com/netty/netty/commit/39cafcb05c99f2aa9fce7e6597664c9ed6a63a95,io.netty:netty-all:4.1.41.Final,2019-09-20 21:02:11,netty-4.1.42.Final,2019-09-25 06:14:31
CVE-2019-11343,https://github.com/xjodoin/torpedoquery/commit/3c20b874fba9cc2a78b9ace10208de1602b56c3f,org.torpedoquery:org.torpedoquery:2.5.1,2019-10-11 14:59:35,v2.5.3,2019-10-11 15:08:18
CVE-2018-18628,https://github.com/pippo-java/pippo/commit/c6b26551a82d2dd32097fcb17c13c3b830916296,ro.pippo:pippo-session:1.11.0,2018-10-26 20:00:25,release-1.12.0,2018-12-11 22:10:53
CVE-2020-13936,https://github.com/apache/velocity-engine/commit/f355cec739d4e705e541a149ff2d8806ed565401,org.apache.velocity:velocity-engine-core:2.0,2021-02-25 19:56:37,2.3-RC1,2021-02-27 12:52:57
CVE-2022-25312,https://github.com/apache/any23/commit/856210814c16ff720f1484019013dc77cf95a2d0,org.apache.any23:apache-any23-core:2.3,2022-02-17 15:23:02,any23-2.7,2022-02-21 10:34:06
CVE-2019-11808,https://github.com/ratpack/ratpack/commit/f2b63eb82dd71194319fd3945f5edf29b8f3a42d,io.ratpack:ratpack-session:1.5.0,2019-04-23 11:28:28,v1.7.0,2019-07-14 16:33:52
CVE-2019-11272,https://github.com/spring-projects/spring-security/commit/b2d4fec3617c497c5a8eb9c7e5270e0c7db293ee,org.springframework.security:spring-security-core:4.2.3.RELEASE,2019-06-19 12:48:55,4.2.13.RELEASE,2019-06-19 18:35:00
CVE-2012-5887,https://github.com/apache/tomcat55/commit/83adfde198d8f9305edbd240e0081a2bb7902cfd,tomcat:catalina:5.5.23,2012-10-01 09:34:08,TOMCAT_5_5_36,2012-10-05 12:51:37
CVE-2015-5345,https://github.com/apache/tomcat80/commit/2b643a4e36d318d55ec57fee57610671656d23c0,org.apache.tomcat:tomcat-catalina:9.0.0.M1,2015-11-30 09:11:20,TOMAT_8_0_30,2015-12-01 22:26:20
CVE-2013-6397,https://github.com/apache/lucene-solr/commit/da34b18cb3092df4972e2b6fa5178d1059923910,org.apache.solr:solr-core:4.4.0,2013-09-21 14:51:51,history/branches/lucene-solr/LUCENE-2878,2013-10-24 16:42:14
CVE-2015-5377,https://github.com/elastic/elasticsearch/commit/bf3052d14c874aead7da8855c5fcadf5428a43f2,org.elasticsearch:elasticsearch:1.5.2,2015-07-13 17:39:29,v1.6.1,2015-07-16 14:05:27
CVE-2016-6795,https://github.com/apache/struts/commit/7d8c3598ef4a4699515a2b8e1064d4e9b921a58b,org.apache.struts:struts2-core:2.3.20,2016-08-03 13:28:00,STRUTS_2_3_31,2016-10-05 08:53:19
CVE-2013-7315,https://github.com/frankneusource/spring-framework/commit/7576274874deeccb6da6b09a8d5bd62e8b5538b7,org.springframework:spring-web:4.0.0.RELEASE,2013-08-06 15:08:53,v4.0.0.M3,2013-08-29 15:38:27
CVE-2013-2254,https://github.com/apache/sling-org-apache-sling-servlets-post/commit/7ddd5df1282a47a99af1f7f4897fc7abe1ec056b,org.apache.sling:org.apache.sling.servlets.post:2.3.0,2013-07-09 07:22:16,org.apache.sling.servlets.post-2.3.24,2018-01-18 17:11:04
CVE-2011-2526,https://github.com/apache/tomcat/commit/36e6efdd4052ea0f3a0a6db4bc27ebfb925c3772,tomcat:catalina:5.5.23,2011-07-11 22:27:06,7.0.21,2011-08-29 20:14:36
CVE-2018-1336,https://github.com/apache/tomcat/commit/92cd494555598e99dd691712e8ee426a2f9c2e93,org.apache.tomcat:tomcat-util:9.0.7,2018-04-27 17:26:41,9.0.8,2018-04-27 19:30:34
CVE-2017-12630,https://github.com/apache/drill/commit/c7c8ffd6f5e1b8f4677f9e95c317482d929a1bb5,org.apache.drill.exec:drill-java-exec:1.11.0,2017-09-12 12:53:53,drill-1.12.0,2017-12-10 14:03:00
CVE-2020-2933,https://github.com/mysql/mysql-connector-j/commit/e824d25875e2fdfdacf8a09e8d829df00a3db8e7,mysql:mysql-connector-java:5.1.38,2020-04-09 00:44:02,5.1.49,2020-04-20 04:52:28
CVE-2020-1933,https://github.com/apache/nifi/commit/34f2a59,org.apache.nifi:nifi-web-api:1.10.0,2020-01-16 13:00:08,nifi-1.11.0-RC2,2020-01-16 13:50:16
CVE-2020-13933,https://github.com/apache/shiro/commit/83d8dacd273c8f6d70e6b1aa4f240d4f7a408c27,org.apache.shiro:shiro-web:1.3.2,2020-05-05 17:04:12,shiro-root-1.6.0,2020-08-11 16:02:15
CVE-2017-14063,https://github.com/AsyncHttpClient/async-http-client/commit/e9f12b29725c567cdb4de98b3302a61ca9d41280,org.asynchttpclient:async-http-client:2.0.24,2017-08-28 10:51:37,async-http-client-project-2.0.35,2017-08-28 11:36:39
CVE-2018-1335,https://github.com/apache/tika/commit/302f22aff7a836868b270038e1d66002a2004869,org.apache.tika:tika-core:1.17,2018-04-16 15:37:46,1.18-rc2,2018-04-16 20:53:18
CVE-2021-31411,https://github.com/vaadin/flow/commit/e9ceac295812018b0d654ce897de6e98b8571255,com.vaadin:flow-server:2.4.0,2021-04-16 11:27:59,6.0.6,2021-04-16 15:58:40
CVE-2016-3083,https://github.com/apache/hive/commit/116751eb543ff218502b5bf2add342b152baa17d,org.apache.hive:hive-service:2.0.0,2016-05-02 16:29:17,release-2.0.1,2016-05-03 21:02:05
CVE-2012-0394,https://github.com/apache/struts/commit/b4265d369dc29d57a9f2846a85b26598e83f3892,org.apache.struts.xwork:xwork-core:2.2.3.1,2011-08-12 08:38:39,STRUTS_2_3_1,2011-12-08 21:07:36
CVE-2018-8036,https://github.com/apache/pdfbox/commit/038c09b5f361e083a00ce076c95521b73202fcb4,org.apache.pdfbox:fontbox:1.8.4,not found,not found,not found
CVE-2020-27218,https://github.com/eclipse/jetty.project/commit/14f94f738df5adf68549749d01d4f9d97ea51452,org.eclipse.jetty:jetty-server:10.0.0,2020-11-18 10:40:05,jetty-9.4.35.v20201120,2020-11-20 15:05:50
CVE-2021-30468,https://github.com/apache/cxf/commit/9d423d4ceb41a6a025b1cada185f0255e731d3af,org.apache.cxf:cxf-rt-rs-json-basic:3.4.3,2021-05-28 11:55:41,cxf-3.4.4,2021-06-04 13:38:57
CVE-2016-1000031,https://github.com/apache/commons-fileupload/commit/02f6b2c4ef9aebf9cf8e55de8b90e73430b69385,commons-fileupload:commons-fileupload:1.3.1,2016-05-12 13:39:38,commons-fileupload-1.3.2,2016-05-24 07:09:36
CVE-2016-0734,https://github.com/apache/activemq/commit/028a33ea7d73fabe6161defffdbfc85578328a68,org.apache.activemq:activemq-web:5.13.1,2016-02-12 20:46:27,activemq-5.13.2,2016-03-01 16:39:02
CVE-2021-31684,https://github.com/netplex/json-smart-v2/commit/21dad441f96863d41ad53a28c48478b9ef2ce1a7,net.minidev:json-smart:2.3,2021-04-17 18:52:59,2.4.5,2021-04-19 21:41:40
CVE-2010-2227,https://github.com/apache/tomcat/commit/692608fc183eccd915f3ec6ba17577f790872b5c,org.apache.tomcat:coyote:6.0.18,2010-06-29 10:13:54,7.0.21,2011-08-29 20:14:36
CVE-2014-3656,https://github.com/keycloak/keycloak/commit/85cc63c7ce93453ed25faced406621549d490d17,org.keycloak:keycloak-services:1.0.2.Final,2014-10-20 13:12:08,1.0.3.Final,2014-10-27 15:02:36
CVE-2015-3198,https://github.com/undertow-io/undertow/commit/4c330e2ac8a3694bfc6196e7b38ba8a426f96f8c,io.undertow:undertow-core:1.1.0.Final,2015-05-05 20:51:51,1.2.5.Final,2015-05-06 12:34:15
CVE-2017-1000486,https://github.com/primefaces/primefaces/commit/26e44eb7962cbdb6aa2f47eca0f230f3274358f0,org.primefaces:primefaces:5.1,2016-02-15 23:07:38,6_0_RC1,2016-04-25 11:53:47
CVE-2021-22118,https://github.com/spring-projects/spring-framework/commit/cce60c479c22101f24b2b4abebb6d79440b120d1,org.springframework:spring-web:5.3.6,2021-05-11 21:12:50,v5.3.7,2021-05-12 05:38:51
CVE-2020-5412,https://github.com/spring-cloud/spring-cloud-netflix/commit/624bbc8b50f7b5b6a1addc62040e4f2587f24f1b,org.springframework.cloud:spring-cloud-netflix-hystrix-dashboard:2.2.3.RELEASE,2020-07-30 15:15:09,v2.2.4.RELEASE,2020-07-31 20:33:25
CVE-2018-8039,https://github.com/apache/cxf/commit/fae6fabf9bd7647f5e9cb68897a7d72b545b741,org.apache.cxf:cxf-rt-transports-http:3.0.5,2018-05-23 16:47:39,cxf-3.2.5,2018-06-18 14:55:29
CVE-2019-17554,https://github.com/apache/olingo-odata4/commit/5948974ad28271818e2afe747c71cde56a7f2c63,org.apache.olingo:odata-server-core:4.4.0,2019-11-12 04:59:33,4.7.0-RC01,2019-11-27 09:31:37
CVE-2014-3625,https://github.com/spring-projects/spring-framework/commit/9cef8e3001ddd61c734281a7556efd84b6cc2755,org.springframework:spring-webmvc:4.1.1.RELEASE,2014-11-11 07:12:44,v4.1.2.RELEASE,2014-11-11 00:35:56
CVE-2017-12624,https://github.com/apache/cxf/commit/a2ce435cf0eedc8158d118d6d275114408d2a376,org.apache.cxf:cxf-core:3.0.4,2017-10-03 14:08:50,cxf-3.0.16,2017-11-23 11:24:23
CVE-2020-5410,https://github.com/spring-cloud/spring-cloud-config/commit/f470b52f1bb52bedac984c2101bea9a3ac52e2e7,org.springframework.cloud:spring-cloud-config-server:2.2.0.RELEASE,2020-05-27 14:23:10,v2.2.3.RELEASE,2020-05-28 17:21:41
CVE-2018-11797,https://github.com/apache/pdfbox/commit/a6deb9d7ffec79986cac82345db724b343ca3e5,org.apache.pdfbox:pdfbox:2.0.8,not found,not found,not found
CVE-2017-5645,https://github.com/apache/logging-log4j2/commit/5dcc19215827db29c993d0305ee2b0d8dd05939d,org.apache.logging.log4j:log4j-core:2.7,2017-04-02 12:41:20,log4j-2.8.2,2017-04-02 15:05:00
CVE-2020-5421,https://github.com/spring-projects/spring-framework/commit/dd011c991ce801660ec2be7979f3fc6462f29289,org.springframework:spring-web:4.3.18.RELEASE,2020-09-07 21:41:30,v5.3.0-RC1,2020-09-15 13:46:35
CVE-2018-1000644,https://github.com/eclipse/rdf4j/commit/50f2f51950227a4ec595a2922d81da487aba5135,org.eclipse.rdf4j:rdf4j-rio-trix:2.2.2,2018-10-25 21:08:28,2.4.1,2018-10-29 12:27:48
CVE-2016-2402,https://github.com/square/okhttp/commit/784fabac7d1586a5614bd4bc8854fd62850dbe26,com.squareup.okhttp3:okhttp:3.0.1,2016-02-07 11:21:22,parent-3.1.1,2016-02-07 22:10:19
CVE-2021-39141,https://github.com/x-stream/xstream/commit/652d72f38b33938c54fd3b2ef626cb7dce38001c,com.thoughtworks.xstream:xstream:1.4.11.1,2021-05-26 19:43:09,XSTREAM_1_4_18,2021-08-22 13:57:44
CVE-2015-5254,https://github.com/apache/activemq/commit/a7e2a44,org.apache.activemq:activemq-client:5.8.0,2015-10-16 15:44:23,activemq-5.13.0,2015-11-30 13:48:11
CVE-2011-2731,https://github.com/spring-projects/spring-security/commit/76dc21469e8ef207f122ecc7e191e0133a2600af,org.springframework.security:spring-security-core:2.0.4,2011-08-19 13:18:45,2.0.7.RELEASE,2011-08-19 13:18:45
CVE-2018-1304,https://github.com/CRaC/tomcat/commit/5af7c13cff7cc8366c5997418e820989fabb8f48,org.apache.tomcat:tomcat-catalina:8.5.51,2018-02-06 11:40:05,8.5.28,2018-02-06 22:25:36
CVE-2018-1331,https://github.com/apache/storm/commit/8ffa920d3894634aa078f0fdf6b02d270262caf,org.apache.storm:storm-core:1.1.1,2018-04-13 16:31:57,v2.0.0,2019-04-29 13:21:00
CVE-2018-1131,https://github.com/infinispan/infinispan/commit/c630752604332c4cc84fc44dfbb9011a296ab966,org.infinispan:infinispan-core:9.3.0.CR1,2018-05-10 10:47:00,9.3.0.Beta1,2018-05-11 16:29:03
CVE-2020-27196,https://github.com/playframework/playframework/commit/f02e219cab10260cab82f884f736252038e68405,com.typesafe.play:play-java-forms_2.11:2.6.1,2020-10-26 19:12:05,2.7.6,2020-10-26 13:44:54
CVE-2018-12418,https://github.com/junrar/junrar/commit/ad8d0ba8e155630da8a1215cee3f253e0af45817,com.github.junrar:junrar:0.7,2018-05-30 23:22:23,junrar-1.0.1,2018-06-01 23:33:55
CVE-2014-3527,https://github.com/spring-projects/spring-security/commit/2cb99f079152ac05cee5c90457c7feb3bb2de55,org.springframework.security:spring-security-cas:3.1.3.RELEASE,2014-08-11 15:20:58,3.2.5.RELEASE,2014-08-15 11:20:41
CVE-2020-5245,https://github.com/dropwizard/dropwizard/commit/28479f743a9d0aab6d0e963fc07f3dd98e8c8236,io.dropwizard:dropwizard-validation:1.3.7,2020-02-20 03:09:06,v1.3.19,2020-02-20 03:16:07
CVE-2021-27850,https://github.com/apache/tapestry-5/commit/2089b0d52b9f9158a1d20ca95d98d88037cede61,org.apache.tapestry:tapestry-core:5.4.3,2021-02-28 10:12:51,5.6.3,2021-03-09 11:06:57
CVE-2020-7611,https://github.com/micronaut-projects/micronaut-core/commit/9d1eff5c8df1d6cda1fe00ef046729b2a6abe7f1,io.micronaut:micronaut-http-netty:1.1.0,2020-03-09 14:20:28,v1.2.11,2020-03-09 14:56:59
CVE-2019-10071,https://github.com/apache/tapestry-5/commit/cdcf49c0a2b36ffc7a004d54405bb4357870c4b2,org.apache.tapestry:tapestry-core:5.4.3,2019-04-19 20:09:41,5.4.5,2019-08-31 13:06:04
CVE-2014-0002,https://github.com/apache/camel/commit/341d4e6cca71c53c90962d1c3d45fc9e05cc50c6,org.apache.camel:camel-core:2.12.1,2014-01-13 11:02:48,camel-2.13.0,2014-03-17 13:54:28
CVE-2021-38294,https://github.com/apache/storm/commit/30857b7d54ac7a91c42e0816cb0fbcdcd111e89f,org.apache.storm:storm-server:2.0.0,2021-10-25 10:12:36,v2.4.0,2022-03-09 11:09:15
CVE-2019-3875,https://github.com/keycloak/keycloak/commit/db271f7150aae914a8f256ccb48e9d1dac9d7126,org.keycloak:keycloak-services:3.4.3.Final,2019-03-20 15:00:44,6.0.0,2019-04-16 18:52:03
CVE-2011-5063,https://github.com/apache/tomcat55/commit/644dfdf96cf82fcd2a2046d93f2b5495f7e94584,tomcat:catalina:5.5.23,2011-08-18 16:49:39,TOMCAT_5_5_34,2011-09-18 18:48:17
CVE-2019-13236,https://github.com/alkacon/opencms-core/commit/185e71cc9844c90c0c29b730bd92b0375f1eca21,org.opencms:opencms-core:8.5.0,2019-09-17 13:29:36,not found,not found
CVE-2021-23899,https://github.com/OWASP/json-sanitizer/commit/a37f594f7378a1c76b3283e0dab9e1ab1dc0247e,com.mikesamuel:json-sanitizer:1.2.0,2021-01-12 17:31:19,v1.2.3,2021-05-12 11:14:13
CVE-2018-12540,https://github.com/vert-x3/vertx-web/commit/f42b193b15a29b772fc576b2d0f2497e7474a7e,io.vertx:vertx-web:3.5.1,2018-07-12 12:04:21,3.5.3,2018-07-12 12:04:30
CVE-2014-1972,https://github.com/apache/tapestry-5/commit/95846b173d83c2eb42db75dae3e7d5e13a633946,org.apache.tapestry:tapestry-core:5.1.0.5,2012-10-04 11:30:20,5.4-alpha-1,2012-12-21 16:41:27
CVE-2020-1698,https://github.com/keycloak/keycloak/commit/62c9e1577618470832ede22dcedd46cba15b1836,org.keycloak:keycloak-authz-client:4.8.3.Final,2020-02-10 09:23:31,9.0.0,2020-02-17 11:14:06
CVE-2019-10173,https://github.com/x-stream/xstream/commit/f38a1da3ae9491930c2067c12cd2506738b21dab,com.thoughtworks.xstream:xstream:1.4.10,2018-02-21 01:36:36,XSTREAM_1_4_11,2018-10-22 22:05:37
CVE-2020-28491,https://github.com/FasterXML/jackson-dataformats-binary/commit/de072d314af8f5f269c8abec6930652af67bc8e6,com.fasterxml.jackson.dataformat:jackson-dataformat-cbor:2.9.9,2020-12-04 16:27:55,jackson-dataformats-binary-2.11.4,2020-12-11 16:54:44
CVE-2022-0839,https://github.com/liquibase/liquibase/commit/d60de3f18acba5423b60d09ee40df44103a07295,org.liquibase:liquibase-core:4.3.5,2022-02-08 13:14:40,v4.8.0,2022-02-21 12:40:01
CVE-2007-5615,https://github.com/jetty-project/codehaus-jetty6/commit/0d2592ea3183914163d0921e4855bd3e18582a05,org.mortbay.jetty:jetty:6.1.5,2007-09-04 01:45:21,jetty-6.1.6rc0,2007-10-11 04:43:01
CVE-2022-23221,https://github.com/h2database/h2database/commit/2b55a66bac49fb3be540e322f27dfbd550f06b9c,com.h2database:h2:2.0.206,2022-01-07 00:48:25,version-2.1.210,2022-01-17 10:10:44
CVE-2017-3586,https://github.com/mysql/mysql-connector-j/commit/aeba57264966b0fd329cdb8170ba772fd8fd4de2,mysql:mysql-connector-java:5.1.38,2017-04-04 17:52:55,5.1.42,2017-04-13 16:17:38
CVE-2021-44548,https://github.com/apache/solr/commit/c1f916d532e9580f22c09b6ad746d4ea9bcc47a6,org.apache.solr:solr-core:4.10.4,2021-12-03 23:39:25,releases/solr/9.0.0,2022-05-04 11:37:21
CVE-2014-3643,https://github.com/jersey/jersey-1.x/commit/49f1e5a6ac608ccb51939205e4739f328f2223e6,com.sun.jersey:jersey-core:1.12,2012-06-10 20:01:03,post-1.13,2012-06-25 16:08:49
CVE-2018-12537,https://github.com/eclipse/vert.x/commit/1bb6445226c39a95e7d07ce3caaf56828e8aab72,io.vertx:vertx-core:3.3.3,2018-05-24 16:36:56,3.6.0.CR1,2018-11-09 15:03:54
CVE-2018-1067,https://github.com/undertow-io/undertow/commit/f404cb68448c188f4d51b085b7fe4ac32bde26e,io.undertow:undertow-core:1.4.20.Final,2018-04-27 09:40:10,2.0.5.Final,2018-05-03 08:24:12
CVE-2016-1000346,https://github.com/bcgit/bc-java/commit/1127131c89021612c6eefa26dbe5714c194e7495,org.bouncycastle:bcprov-jdk15on:1.54,2016-10-29 14:10:40,r1rv56,2016-12-23 15:30:08
CVE-2020-15250,https://github.com/junit-team/junit4/commit/610155b8c22138329f0723eec22521627dbc52ae,junit:junit:4.12,2020-10-11 16:56:21,r4.13.1,2020-10-11 17:18:49
CVE-2020-5206,https://github.com/opencast/opencast/commit/b157e1fb3b35991ca7bf59f0730329fbe7ce82e8,org.opencastproject:opencast-kernel:8.0,2020-01-29 12:04:02,7.6,2020-01-29 15:42:18
CVE-2020-17527,https://github.com/apache/tomcat/commit/8d2fe6894d6e258a6d615d7f786acca80e6020cb,org.apache.tomcat:tomcat-coyote:10.0.0,2020-11-09 19:23:12,10.0.0-M10,2020-11-12 10:46:46
CVE-2013-2135,https://github.com/apache/struts/commit/01e6b251b4db78bfb7971033652e81d1af4cb3e,org.apache.struts:struts2-core:2.1.8.1,2013-06-03 08:46:20,STRUTS_2_3_14_3,2013-06-03 09:17:28
CVE-2018-12542,https://github.com/vert-x3/vertx-web/commit/57a65dce6f4c5aa5e3ce7288685e7f3447eb8f3b,io.vertx:vertx-web:3.5.1,2018-10-03 09:06:47,3.5.4,2018-10-03 09:07:08
CVE-2009-1523,https://github.com/jetty-project/codehaus-jetty6/commit/038ce0f5c29a60263e23aec544ecec516c043f98,org.mortbay.jetty:jetty-util:6.1.14,2009-05-03 23:46:49,not found,not found
CVE-2014-0099,https://github.com/apache/tomcat/commit/fffd63a,org.apache.tomcat:tomcat-util:8.5.64,2014-03-18 10:27:31,9.0.0-M1,2015-11-12 22:03:14
CVE-2013-4286,https://github.com/apache/tomcat/commit/52241c95b55b005ba6ffeed8e610e238bf471dd9,org.apache.tomcat:tomcat-coyote:7.0.27,2013-09-11 13:41:58,8.5.0,2016-03-17 14:45:28
CVE-2017-12645,https://github.com/liferay/liferay-portal/commit/f30571c3502551945ba7497e8d80e8b2295f1026,com.liferay.portal:com.liferay.portal.impl:2.4.0,2017-05-02 12:56:21,7.1.0-m1,2018-02-22 10:54:08
CVE-2012-6153,https://github.com/apache/httpclient/commit/8e0c2aca056c605a80116fa73a10a6e103f567b3,org.apache.httpcomponents:httpclient:4.1.2,2012-11-20 15:40:13,4.2.3-RC1,2013-01-06 17:29:05
CVE-2018-1314,https://github.com/apache/hive/commit/3b1d4fdfdfecbf162b60ec0e49a07595a8a51e79,org.apache.hive:hive-exec:2.1.0,2018-10-25 11:09:00,rel/release-2.3.4,2018-10-31 14:19:11
CVE-2017-5650,https://github.com/apache/tomcat/commit/5496e193a89b8b8b3177e516358df2f07ab852b3,org.apache.tomcat:tomcat-coyote:9.0.0.M21,2017-03-24 14:43:17,9.0.0-M19,2017-03-27 11:13:25
CVE-2021-21409,https://github.com/netty/netty/commit/b0fa4d5aab4215f3c22ce6123dd8dd5f38dc0432,io.netty:netty-codec-http2:4.1.52.Final,2021-03-30 09:40:47,netty-4.1.61.Final,2021-03-30 07:42:01
CVE-2015-5347,https://github.com/apache/wicket/commit/dffba2ce410ec7e917ad350d3528af4df67bc348,org.apache.wicket:wicket-extensions:1.4.17,2015-11-18 19:26:25,rel/wicket-8.0.0-M1,2016-07-03 15:39:37
CVE-2012-0393,https://github.com/apache/struts/commit/9cad25f258bb2629d263f828574d2671366c238d,org.apache.struts:struts2-core:2.1.8.1,2011-12-27 22:34:37,STRUTS_2_3_2,2012-04-07 19:27:57
CVE-2014-3576,https://github.com/apache/activemq/commit/00921f2,org.apache.activemq:activemq-broker:5.10.0,2014-08-13 11:15:29,activemq-5.11.0,2015-01-30 12:46:08
CVE-2019-3799,https://github.com/spring-cloud/spring-cloud-config/commit/9617f2922ee2ae27f08676716224933f0d869719,org.springframework.cloud:spring-cloud-config-server:1.2.2.RELEASE,2019-04-16 14:30:02,v2.2.0.M1,2019-07-03 17:53:09
CVE-2017-3164,https://github.com/apache/solr/commit/8b54b20,org.apache.solr:solr-core:7.4.0,2019-01-15 11:44:57,history/branches/lucene-solr/solr-13131,2019-03-04 01:58:51
CVE-2015-0899,https://github.com/kawasima/struts1-forever/commit/212bb0f7c57617b7b9c44cb1e056bd1e597c8e16,struts:struts:1.2.9,2015-05-13 10:27:13,FOREVER_20160608,2016-06-08 11:38:30
CVE-2017-5637,https://github.com/apache/zookeeper/commit/835377f0e1cd215e791ed29c0bcff95e625f299c,org.apache.zookeeper:zookeeper:3.4.6,2017-03-07 17:34:34,not found,not found
CVE-2015-1833,https://github.com/apache/jackrabbit/commit/3903739363b79deb7579802fbc27b9b7448218b2,org.apache.jackrabbit:jackrabbit-webdav:2.4.4,not found,not found,not found
CVE-2016-0763,https://github.com/apache/tomcat/commit/76ebc90,org.apache.tomcat:tomcat-catalina:8.0.29,2016-01-21 12:47:19,9.0.0-M3,2016-02-01 20:51:24
CVE-2019-18393,https://github.com/igniterealtime/Openfire/commit/8fb9c8cd9a1179e3eead37c0dbd44ed8dc6f3532,org.igniterealtime.openfire:xmppserver:4.2.0,not found,not found,not found
CVE-2018-8015,https://github.com/apache/orc/commit/d5018d309a8adc6b8e0567cb692a17371d16e108,org.apache.orc:orc-core:1.3.3,2018-05-07 10:40:55,rel/release-1.4.4,2018-05-07 11:19:17
CVE-2019-10770,https://github.com/ratpack/ratpack/commit/c1d4357bbc4bceb24abb156fbb471257a0177eb6,io.ratpack:ratpack-core:1.5.4,2020-01-25 08:31:55,v1.7.6,2020-01-25 09:45:50
CVE-2022-21724,https://github.com/pgjdbc/pgjdbc/commit/f4d0ed69c0b3aae8531d83d6af4c57f22312c813,org.postgresql:postgresql:42.2.5,2022-02-01 07:27:13,REL42.3.2,2022-02-01 09:47:11
CVE-2020-10727,https://github.com/apache/activemq-artemis/commit/ed7fee6d9cd94177dae30f2440e8bd07ddb5522a,org.apache.activemq:artemis-server:2.10.1,2020-03-05 21:38:09,2.12.0,2020-04-21 17:06:08
CVE-2021-32623,https://github.com/opencast/opencast/commit/16b0d641713fe31b8518fcf14fc5e4e815d81206,org.opencastproject:opencast-authorization-xacml:9.5,2021-06-14 23:50:43,9.6,2021-06-15 11:17:35
CVE-2020-13943,https://github.com/apache/tomcat/commit/55911430df13f8c9998fbdee1f9716994d2db59b,org.apache.tomcat:tomcat-coyote:9.0.35,2020-08-17 19:48:40,9.0.38,2020-09-10 09:05:16
CVE-2018-14637,https://github.com/keycloak/keycloak/commit/234b7a06a171f83e3cd6d7a0f17c3597212122cb,org.keycloak:keycloak-spring-security-adapter:4.2.1.Final,2018-11-06 10:26:40,4.6.0.Final,2018-11-14 19:51:19
CVE-2018-20000,https://github.com/Bedework/bw-webdav/commit/ccb87c2757bab531c53faf0637ee342a378caa7f,org.bedework:bw-webdav:4.0.2,2018-11-28 10:31:01,bw-webdav-4.0.3,2018-11-28 10:45:02
CVE-2017-2666,https://github.com/undertow-io/undertow/commit/691440ee58259fba76711b60d56dde6679808bdc,io.undertow:undertow-core:1.3.15.Final,2017-06-08 16:20:10,1.3.31.Final,2017-08-18 12:08:29
CVE-2017-15717,https://github.com/apache/sling-org-apache-sling-xss/commit/ec6764d165abc4df8cffd8439761bb2228887db9,org.apache.sling:org.apache.sling.xss:2.0.0,2017-12-28 13:59:22,org.apache.sling.xss-2.0.4,2017-12-28 14:03:59
CVE-2019-10093,https://github.com/apache/tika/commit/81c21ab0aac6b3e4102a1a8906c8c7eab6f96dae,org.apache.tika:tika-parsers:1.20,2019-07-24 08:23:09,1.22,2019-07-29 12:10:42
CVE-2018-15756,https://github.com/spring-projects/spring-framework/commit/c8e320019ffe7298fc4cbeeb194b2bfd6389b6d,org.springframework:spring-web:5.0.8.RELEASE,2018-10-14 22:53:33,v5.0.10.RELEASE,2018-10-15 08:01:46
CVE-2013-7285,https://github.com/x-stream/xstream/commit/6344867dce6767af7d0fe34fb393271a6456672d,com.thoughtworks.xstream:xstream:1.4.10,2014-01-22 18:29:40,XSTREAM_1_4_7,2014-02-08 10:49:26
CVE-2012-5055,https://github.com/spring-projects/spring-security/commit/915b2acf73a75c4e51e67a3c7fd85f908df6259b,org.springframework.security:spring-security-core:2.0.5.RELEASE,2012-10-08 07:45:02,3.0.8.RELEASE,2012-10-08 15:38:46
CVE-2017-7559,https://github.com/undertow-io/undertow/commit/cb1d94dd90615c1d47ab342f8c22a57222a79d3d,io.undertow:undertow-core:1.3.15.Final,2018-03-02 11:25:27,not found,not found
CVE-2019-17359,https://github.com/bcgit/bc-java/commit/b1bc75254f5fea633a49a751a1a7339056f97856,org.bouncycastle:bcprov-jdk15on:1.63,2019-09-30 06:55:22,r1rv64,2019-10-06 21:05:42
CVE-2018-11802,https://github.com/apache/lucene-solr/commit/d14bf2dc1ab0fd9d27d8add9ead1a7a76f4f340f,org.apache.solr:solr-core:7.4.0,2019-01-04 15:03:47,releases/lucene-solr/7.7.0,2019-02-04 09:44:46
CVE-2018-12541,https://github.com/eclipse-vertx/vert.x/commit/269a583330695d1418a4f5578f7169350b2e1332,io.vertx:vertx-core:3.5.3,2018-10-03 09:02:55,3.5.4,2018-10-03 09:03:11
CVE-2018-8014,https://github.com/CRaC/tomcat/commit/60f596a21fd6041335a3a1a4015d4512439cecb5,org.apache.tomcat:tomcat-catalina:8.5.51,2018-05-16 14:54:09,8.5.32,2018-06-20 19:47:34
CVE-2020-26259,https://github.com/x-stream/xstream/commit/0bcbf50126a62dfcd65f93a0da0c6d1ae92aa738,com.thoughtworks.xstream:xstream:1.4.11.1,2020-12-12 19:40:25,XSTREAM_1_4_15,2020-12-13 00:21:52
CVE-2019-6002,https://github.com/line/centraldogma/commit/25fcbbd098f69236b115f27c6b6de6b4e44f3103,com.linecorp.centraldogma:centraldogma-server:0.40.1,2019-07-26 15:38:31,centraldogma-0.41.0,2019-07-26 16:07:37
CVE-2017-12625,https://github.com/apache/hive/commit/8ffd8ea8eb8bfecb8770fb99e5f17877bb79a434,org.apache.hive:hive-exec:2.3.0,2017-10-03 14:08:12,rel/storage-release-2.5.0,2018-03-22 15:37:46
CVE-2018-8027,https://github.com/apache/camel/commit/24eefa559fe6b310629d2bf00663d2679ec81b9,org.apache.camel:camel-core:2.20.1,2018-04-16 10:58:01,camel-2.21.1,2018-04-28 22:38:10
CVE-2014-0075,https://github.com/apache/tomcat80/commit/d49a03728ac7e3c800b1b0ce0eeccd8a5a21bb91,org.apache.tomcat:tomcat-coyote:7.0.27,2014-03-17 12:31:50,TOMCAT_8_0_4,2014-03-19 19:30:00
CVE-2021-32053,https://github.com/hapifhir/hapi-fhir/commit/5a9f499fbf60cdcb4320b5774433ca6bc96cdfc5,ca.uhn.hapi.fhir:hapi-fhir-jpaserver-api:5.3.3,2021-05-07 12:04:59,not found,not found
CVE-2021-21349,https://github.com/x-stream/xstream/commit/d5e51177634afea7213b9dc2d21f101d2e258db9,com.thoughtworks.xstream:xstream:1.4.11.1,2021-03-09 23:55:45,XSTREAM_1_4_16,2021-03-13 00:22:38
CVE-2018-9117,https://github.com/tomakehurst/wiremock/commit/4c6dfde82a5ee91c5f47bf353f5099d11692db39,com.github.tomakehurst:wiremock:2.6.0,2018-03-23 12:26:02,2.16.0,2018-03-28 12:53:58
CVE-2012-5633,https://github.com/apache/cxf/commit/1a6b532d53a7b98018871982049e4b0c80dc837c,org.apache.cxf:cxf-rt-ws-security:2.5.1,2012-12-12 14:23:23,cxf-2.7.2,2013-01-04 21:39:39
CVE-2014-3651,https://github.com/keycloak/keycloak/commit/a697f4bd4192de39416dec15bd5b1669f0dcf360,org.keycloak:keycloak-services:1.0.2.Final,2014-10-20 13:03:05,1.0.3.Final,2014-10-27 15:02:36
CVE-2018-8016,https://github.com/apache/cassandra/commit/28ee665b3c0c9238b61a871064f024d54cddcc79,org.apache.cassandra:cassandra-all:3.11.0,2018-02-02 12:00:53,cassandra-3.11.2,2018-02-14 05:19:48
CVE-2018-1270,https://github.com/spring-projects/spring-framework/commit/1db7e02de3eb0c011ee6681f5a12eb9d166fea8,org.springframework:spring-messaging:5.0.2.RELEASE,2018-03-12 15:58:59,v5.0.5.RELEASE,2018-04-03 20:11:16
CVE-2011-2730,https://github.com/spring-projects/spring-framework/commit/c8649087792d07df209fc75e0f9e2e3284e09fe,org.springframework:spring-web:2.5.6.SEC02,2011-07-28 20:25:18,v3.1.0.RC1,2011-10-12 05:55:36
CVE-2018-1295,https://github.com/apache/ignite/commit/340569b8f4e14a4cb61a9407ed2d9aa4a20bdf49,org.apache.ignite:ignite-core:2.3.0,2018-01-25 12:29:47,2.5.0,2018-05-23 17:37:52
CVE-2016-10006,https://github.com/nahsra/antisamy/commit/7313931dc3c0d1377b010f07faef2063dd359a36,org.owasp.antisamy:antisamy:1.5.3,2016-12-19 22:17:16,v1.5.7,2017-09-25 15:24:00
CVE-2021-22053,https://github.com/spring-cloud/spring-cloud-netflix/commit/366efb29d520c7211a4123f4b0c0b2c71b805303,org.springframework.cloud:spring-cloud-netflix-hystrix-dashboard:2.2.9.RELEASE,2021-11-16 17:46:14,v2.2.10.RELEASE,2021-11-17 20:31:08
CVE-2020-25689,https://github.com/wildfly/wildfly-core/commit/5a8a65c2e3310fe0c0143581c677855516148215,org.wildfly.core:wildfly-host-controller:2.0.10.Final,2020-09-02 09:37:21,13.0.0.Beta6,2020-09-15 10:16:00
CVE-2018-1000130,https://github.com/rhuss/jolokia/commit/fd7b93da30c61a45bac10d8b311f1b79a74910f,org.jolokia:jolokia-core:1.2.3,2018-02-08 10:13:21,v1.5.0,2018-02-08 10:20:27
CVE-2018-11771,https://github.com/apache/commons-compress/commit/a41ce6892cb0590b2e658704434ac0dbcb6834c8,org.apache.commons:commons-compress:1.9,2018-08-09 20:39:23,1.18-RC1,2018-08-13 09:14:05
CVE-2012-0881,https://github.com/apache/xerces2-j/commit/992b5d9c24102ad20330d36c0a71162753a37449,org.apache.servicemix.bundles:org.apache.servicemix.bundles.xerces:2.11.0_1,2012-07-04 19:56:10,Xerces-J_2_12_0,2018-04-21 03:42:19
CVE-2018-8041,https://github.com/apache/camel/commit/63c7c080de4d18f9ceb25843508710df2c2c6d4,org.apache.camel:camel-mail:2.21.1,2018-07-09 10:26:45,camel-2.20.4,2018-07-21 08:33:32
CVE-2015-5531,https://github.com/elastic/elasticsearch/commit/df1427a2935237fb61fc641984f9c76478627fec,org.elasticsearch:elasticsearch:1.5.2,2015-07-14 21:54:42,v1.6.1,2015-07-16 14:05:27
CVE-2021-37137,https://github.com/netty/netty/commit/41d3d61a61608f2223bb364955ab2045dd5e4020,io.netty:netty-codec:4.1.5.Final,2021-09-09 14:53:58,netty-4.1.68.Final,2021-09-09 13:10:39
CVE-2019-17632,https://github.com/eclipse/jetty.project/commit/ba1fe2826d49c52f82b49bb32737a361519c0479,org.eclipse.jetty:jetty-server:9.4.22.v20191022,2019-11-20 15:21:07,jetty-9.4.24.v20191120,2019-11-20 15:25:01
CVE-2018-1274,https://github.com/spring-projects/spring-data-commons/commit/371f6590c509c72f8e600f3d05e110941607fba,org.springframework.data:spring-data-commons:1.13.7.RELEASE,2018-04-03 19:30:21,1.13.11.RELEASE,2018-04-04 14:21:28
CVE-2012-4387,https://github.com/apache/struts/commit/87935af56a27235e9399308ee1fcfb74f8edcefa,org.apache.struts.xwork:xwork-core:2.2.3.1,2012-08-03 13:41:28,STRUTS_2_3_4_1,2012-08-03 13:54:15
CVE-2012-3353,https://github.com/apache/sling-org-apache-sling-jcr-contentloader/commit/1eae3d99b4e12a6992c3c3980d7735186bf21b2e,org.apache.sling:org.apache.sling.jcr.contentloader:2.1.0,2012-06-19 12:25:37,org.apache.sling.jcr.contentloader-2.1.6,2012-07-04 08:17:24
CVE-2010-1622,https://github.com/spring-projects/spring-framework/commit/3a5af35d37c79d0644d49b93f792a4c18fe8eb71,org.springframework:spring-beans:2.5.6,2010-05-27 13:45:21,v3.0.3.RELEASE,2010-06-15 14:15:01
CVE-2019-3778,https://github.com/spring-projects/spring-security-oauth/commit/97e0b4ab282acbed3588e05be03d5a0c4dbf3367,org.springframework.security.oauth:spring-security-oauth2:2.3.4.RELEASE,2019-02-18 20:18:09,2.3.5.RELEASE,2019-02-19 14:47:00
CVE-2013-7259,https://github.com/neo4j/neo4j/commit/40ad76078a25666d8b218772b6491fb443020df9,org.neo4j.app:neo4j-server:2.1.7,2014-11-17 12:27:21,2.2.0-M01,2014-12-02 08:31:10
CVE-2016-6812,https://github.com/apache/cxf/commit/a23c615b,org.apache.cxf:cxf-rt-transports-http:3.0.5,2016-10-18 16:01:45,cxf-3.2.0,2017-09-06 12:18:45
CVE-2021-34797,https://github.com/apache/geode/commit/085bf34fbb32e256c0a34195a4dcf430212f291f,org.apache.geode:geode-core:1.12.0,2021-08-12 14:09:11,rel/v1.12.5,2021-10-11 15:46:40
CVE-2019-17091,https://github.com/eclipse-ee4j/mojarra/commit/8f70f2bd024f00ecd5b3dcca45df73edda29dcee,org.glassfish:jakarta.faces:2.3.9,2019-05-17 07:15:25,2.3.10-RELEASE,2019-07-10 07:45:33
CVE-2009-1554,https://github.com/javaee/woodstock/commit/eb06af2360fceb976f87efdd12c9fcdfa77edf88,com.sun.woodstock:webui-jsf:4.2,2009-08-19 07:01:59,Woodstock_4022_b1,2009-08-25 05:26:05
CVE-2021-43570,https://github.com/starkbank/ecdsa-java/commit/f72e33114518680c4bbbc7fdc8760d944cb4856b,com.starkbank.ellipticcurve:starkbank-ecdsa:1.0.0,2021-11-09 16:17:19,v1.0.2,2021-11-09 17:02:11
CVE-2017-14735,https://github.com/nahsra/antisamy/commit/82da009e733a989a57190cd6aa1b6824724f6d36,org.owasp.antisamy:antisamy:1.5.3,not found,not found,not found
CVE-2018-12536,https://github.com/eclipse/jetty.project/commit/53e8bc2a636707e896fd106fbee3596823c2cdc,org.eclipse.jetty:jetty-util:9.3.25.v20180904,2018-05-31 12:43:17,jetty-9.3.24.v20180605,2018-06-05 12:11:03
CVE-2007-1358,https://github.com/apache/tomcat55/commit/b708642f991018f0e252a3f2505b8722cfe53b06,tomcat:tomcat-http11:4.1.34,2010-03-03 23:26:05,TOMCAT_5_5_29,2010-03-29 13:35:57
CVE-2014-8125,https://github.com/droolsjbpm/drools/commit/5b850e8c121be994dbbc5ecba3de4e7355ac4331,org.drools:drools-core:6.0.0.CR1,2014-12-22 14:18:25,6.2.0.CR4,2015-01-09 16:30:17
CVE-2017-8045,https://github.com/spring-projects/spring-amqp/commit/6e9e00bb5bf0aa88444146db3c2eae138cc7b0a,org.springframework.amqp:spring-amqp:1.6.10.RELEASE,2017-09-06 11:16:26,v1.6.11.RELEASE,2017-09-08 14:05:36
CVE-2012-3544,https://github.com/apache/tomcat/commit/77534eb,org.apache.tomcat:tomcat-coyote:7.0.27,2012-08-30 13:08:35,9.0.0-M1,2015-11-12 22:03:14
CVE-2021-23900,https://github.com/OWASP/json-sanitizer/commit/f2c9858c02cf521dd05f2c6f8f9450f2e1343090,com.mikesamuel:json-sanitizer:1.2.0,2021-01-10 15:14:45,v1.2.2,2021-01-11 10:39:36
CVE-2016-6798,https://github.com/apache/sling/commit/fb2719e8299fadddae62245482de112052a0e08c,org.apache.sling:org.apache.sling.xss:1.0.6,2016-08-10 09:57:15,not found,not found
CVE-2018-1273,https://github.com/spring-projects/spring-data-commons/commit/08d748a6fd0173a8ba0aa1f240c38afbdaf4ad9f,org.springframework.data:spring-data-commons:2.0.5.RELEASE,2018-03-27 16:21:58,2.1.0.M2,2018-04-13 14:30:57
CVE-2018-1282,https://github.com/apache/hive/commit/0330c1c0b62f3c2e6a4744048578dea55193b62,org.apache.hive:hive-jdbc:1.2.1,2018-03-01 14:34:03,rel/storage-release-2.5.0,2018-03-22 15:37:46
CVE-2019-12418,https://github.com/apache/tomcat/commit/bef3f40,org.apache.tomcat:tomcat-catalina:9.0.56,2019-11-14 13:42:28,7.0.98,2019-11-22 13:39:32
CVE-2014-2296,https://github.com/apereo/cas/commit/631bc61c1bb8b8d76b87df7af687a45173742df9,org.jasig.cas:cas-server-core:3.4.11,not found,not found,not found
CVE-2014-0116,https://github.com/apache/struts/commit/74e26830d2849a84729b33497f729e0f033dc147,org.apache.struts:struts2-core:2.3.16.3,2016-01-10 11:47:25,STRUTS_2_5_BETA3,2016-01-21 09:25:54
CVE-2016-3086,https://github.com/apache/hadoop/commit/c3b7425bf108a600889a4d59ae947b6f7523dcca,org.apache.hadoop:hadoop-common:2.6.0,2016-09-14 20:59:22,release-2.6.5-RC0,2016-09-27 14:20:51
CVE-2016-6652,https://github.com/spring-projects/spring-data-jpa/commit/a22c17fc12f7063716cb40c11d1ff4e265ef8556,org.springframework.data:spring-data-jpa:1.7.1.RELEASE,2016-09-20 10:29:11,1.9.5.RELEASE,2016-09-20 14:12:08
CVE-2020-12480,https://github.com/playframework/playframework/commit/c82de44fc50b7c58c6e0580f1f67ff08aa7bd154,com.typesafe.play:filters-helpers_2.12:2.8.1,2020-05-19 13:41:59,2.8.2,2020-05-21 15:07:45
CVE-2017-12617,https://github.com/apache/tomcat/commit/4cf7dab88282c8f3c92f0b961cdb0096e1d63e88,org.apache.tomcat:tomcat-catalina:8.5.20,2017-09-22 07:54:31,8.5.22,2017-09-22 19:07:52
CVE-2012-3376,https://github.com/apache/hadoop/commit/bed2b95f28a8e0d2544ffc4935e53eb656049309,org.apache.hadoop:hadoop-hdfs:2.0.0-alpha,2012-07-06 19:05:55,release-2.0.1-alpha,2012-08-09 18:24:44
CVE-2020-11988,https://github.com/apache/xmlgraphics-commons/commit/57393912eb87b994c7fed39ddf30fb778a275183,org.apache.xmlgraphics:xmlgraphics-commons:2.4,2020-06-02 13:18:41,commons-2_6,2021-01-21 09:13:55
CVE-2020-8897,https://github.com/aws/aws-encryption-sdk-java/commit/4678ffaf7a4a2dd5cdf0e39b3adfee32afed7559,com.amazonaws:aws-encryption-sdk-java:1.3.2,2020-09-24 18:23:31,v2.0.0,2020-09-24 18:23:31
CVE-2018-15801,https://github.com/spring-projects/spring-security/commit/c70b65c5df0e170a2d34d812b83db0b7bc71ea25,org.springframework.security:spring-security-oauth2-jose:5.1.1.RELEASE,2018-11-13 08:20:18,5.2.0.M1,2019-01-15 21:02:01
CVE-2020-5405,https://github.com/spring-cloud/spring-cloud-config/commit/651f458919c40ef9a5e93e7d76bf98575910fad0,org.springframework.cloud:spring-cloud-config-client:2.2.1.RELEASE,2020-03-02 16:26:30,v2.2.2.RELEASE,2020-03-04 15:54:56
CVE-2016-5393,https://github.com/apache/hadoop/commit/49a95718754cb6d302371b2421e86da7bce50297,org.apache.hadoop:hadoop-common:2.7.2,2016-08-03 14:32:21,release-2.7.3-RC1,2016-08-15 12:52:39
CVE-2021-28169,https://github.com/eclipse/jetty.project/commit/f58dbedcd05b2aee43c8faa709ba2deaa4361036,org.eclipse.jetty:jetty-servlets:11.0.1,2021-05-12 17:14:43,jetty-10.0.3,2021-05-20 21:11:46
CVE-2008-5515,https://github.com/apache/tomcat/commit/c5200318b7f030d658f22b6c2f2ab6fd565d26a3,org.apache.tomcat:catalina:6.0.18,2009-01-15 15:34:52,8.5.0,2016-03-17 14:45:28
CVE-2015-1776,https://github.com/apache/hadoop/commit/6b710a42e00acca405e085724c89cda016cf7442,org.apache.hadoop:hadoop-mapreduce-client-core:2.6.0,2015-05-14 16:07:56,feature_YARN-2928_2015-08-24,2015-08-25 10:52:45
CVE-2014-3120,https://github.com/elastic/elasticsearch/commit/95bd04b2c7fd7387c7e3b3367361dcf9fe9f9d06,org.elasticsearch:elasticsearch:1.0.0,2014-04-25 15:23:08,v1.2.0,2014-05-22 12:46:30
CVE-2019-15477,https://github.com/jooby-project/jooby/commit/27b4af283de1a2c2a6b0530039b46eef75ddf655,org.jooby:jooby:1.4.0,2019-08-15 20:55:21,v1.6.4,2019-08-27 08:58:30
CVE-2019-14837,https://github.com/keycloak/keycloak/commit/9a7c1a91a59ab85e7f8889a505be04a71580777f,org.keycloak:keycloak-services:7.0.0,2019-11-15 15:08:29,8.0.0,2019-11-15 15:13:03
CVE-2013-7397,https://github.com/AsyncHttpClient/async-http-client/commit/df6ed70e86c8fc340ed75563e016c8baa94d7e72,com.ning:async-http-client:1.8.7,2014-06-12 21:47:02,2.0.0-alpha1,2015-05-30 23:14:37
CVE-2016-5388,https://github.com/apache/tomcat80/commit/1977bf9df699c571cf3e08c2996533b959d4cb1e,org.apache.tomcat:tomcat-catalina:7.0.27,2016-08-19 16:57:16,TOMCAT_8_0_37,2016-09-01 09:59:53
CVE-2020-7961,https://github.com/community-security-team/liferay-portal/commit/c6064cdd58967e4096a249b8901a80d4002e1b77,com.liferay.portal:portal-impl:6.0.5,2020-03-18 11:54:30,not found,not found
CVE-2016-6801,https://github.com/apache/jackrabbit/commit/fb4fe3601717201934bcbf6eb604d2e1ef2cb7ad,org.apache.jackrabbit:jackrabbit-webdav:2.12.1,2016-08-31 14:08:24,jackrabbit-2.12.4,2016-09-01 15:58:52
CVE-2019-10797,https://github.com/wso2/transport-http/commit/4a4dc99c7b259646ee5e23b7aaa7c3a8bac959c1,org.wso2.transport.http:org.wso2.transport.http.netty:6.0.272,2020-02-06 11:18:58,v6.3.1,2020-02-10 04:27:21
CVE-2019-20444,https://github.com/netty/netty/commit/745814b382e828c344aeff2ab4fd9530fbb7cdfe,io.netty:netty-codec-http:4.1.43.Final,2019-12-11 15:49:41,netty-5.0.0.Alpha1,2022-03-11 17:13:08
CVE-2018-1287,https://github.com/apache/jmeter/commit/8a0154759224243fb72dd41a4a65ad0f5612a739,org.apache.jmeter:ApacheJMeter_core:3.0,not found,not found,not found
CVE-2016-10750,https://github.com/hazelcast/hazelcast/commit/7da84cefae51b406e54e9834bd80fdd55cddd18c,com.hazelcast:hazelcast:3.6.2,not found,not found,not found
CVE-2020-1942,https://github.com/apache/nifi/commit/f0eb780ad55ce6ddfca032af079c94239aa66831,org.apache.nifi:nifi-framework-core:1.2.0,not found,not found,not found
CVE-2021-20328,https://github.com/mongodb/mongo-java-driver/commit/dcd67f113549276b44795243d41a442e821d2f57,org.mongodb:mongo-java-driver:3.11.0,2021-02-18 14:36:21,r3.11.3,2021-02-18 15:34:11
CVE-2013-2067,https://github.com/apache/tomcat/commit/39c4263,org.apache.tomcat:tomcat-catalina:7.0.27,2012-11-11 16:25:18,9.0.0-M1,2015-11-12 22:03:14
CVE-2020-15170,https://github.com/ctripcorp/apollo/commit/ae9ba6cfd32ed80469f162e5e3583e2477862ddf,com.ctrip.framework.apollo:apollo-core:1.7.0,not found,not found,not found
CVE-2012-0392,https://github.com/apache/struts/commit/b4265d369dc29d57a9f2846a85b26598e83f3892,org.apache.struts:struts2-core:2.1.8.1,2011-08-12 08:38:39,STRUTS_2_3_1,2011-12-08 21:07:36
CVE-2020-10683,https://github.com/dom4j/dom4j/commit/a8228522a99a02146106672a34c104adbda5c658,org.dom4j:dom4j:2.0.0,2020-04-11 19:27:50,version-2.0.3,2020-04-11 20:00:19
CVE-2014-9970,https://github.com/jboss-fuse/jasypt/commit/8e62852a8018978ee19d39056c650fb66ffa0ff6,org.jasypt:jasypt:1.9.0,2014-02-20 16:41:18,jasypt-1.9.2,2014-02-25 20:51:34
CVE-2019-10755,https://github.com/pac4j/pac4j/commit/34d5b1028a2db201ee81ec51b52a782fe073f609,org.pac4j:pac4j-saml:3.3.0,2019-09-20 08:12:53,pac4j-3.8.2,2019-09-24 13:38:32
CVE-2018-1000865,https://github.com/jenkinsci/groovy-sandbox/commit/0cd7ec12b7c56cfa3167d99c5f43147ce05449d3,org.kohsuke:groovy-sandbox:1.19,2018-10-17 20:16:40,groovy-sandbox-1.20,2018-10-17 20:23:46
CVE-2012-5370,https://github.com/jruby/jruby/commit/5e4aab28b26fd127112b76fabfac9a33b64caf77,org.jruby:jruby-core:1.7.0.RC1,2012-11-17 22:25:00,1.7.1,2012-12-03 09:04:59
CVE-2021-32769,https://github.com/micronaut-projects/micronaut-core/commit/a0cfeb13bf1ef5d692d16d4a3b91b34b7456bb11,io.micronaut:micronaut-core:2.5.5,2021-07-14 12:35:31,v2.5.9,2021-07-14 17:02:03
CVE-2021-39148,https://github.com/x-stream/xstream/commit/652d72f38b33938c54fd3b2ef626cb7dce38001c,com.thoughtworks.xstream:xstream:1.4.11.1,2021-05-26 19:43:09,XSTREAM_1_4_18,2021-08-22 13:57:44
CVE-2011-1582,https://github.com/apache/tomcat/commit/ad1524e6fd1de51e816569c9935403ee074e999f,org.apache.tomcat:tomcat-catalina:7.0.12,2011-05-08 22:53:32,7.0.21,2011-08-29 20:14:36
CVE-2018-11799,https://github.com/apache/oozie/commit/d50df341432df1049c6c85bf2dcda9eb0be04d73,org.apache.oozie:oozie-core:4.1.0,2018-10-17 19:10:42,release-5.1.0-rc0,2018-10-25 13:37:31
CVE-2022-22885,https://github.com/dromara/hutool/commit/cdf105589deb9b0999c7fcdf33b2b5b86b22f960,cn.hutool:hutool-http:5.7.18,2022-01-05 11:10:37,5.7.19,2022-01-07 21:01:26
CVE-2018-9159,https://github.com/perwendel/spark/commit/030e9d00125cbd1ad759668f85488aba1019c668,com.sparkjava:spark-core:2.5.5,2018-03-07 14:43:02,2.7.2,2018-03-07 14:43:02
CVE-2021-31407,https://github.com/vaadin/flow/commit/37e5a0ff0bb7365aa4485f2550fa6aa99f78974c,com.vaadin:flow-server:2.4.0,2021-03-12 10:26:27,2.5.0.rc1,2021-03-16 14:26:20
CVE-2017-5648,https://github.com/apache/tomcat/commit/dfa40863421d7681fed893b4256666491887e38c,org.apache.tomcat:tomcat-catalina:9.0.0.M17,2017-03-06 22:14:05,9.0.0-M18,2017-03-08 15:16:44
CVE-2013-2115,https://github.com/apache/struts/commit/d7804297e319c7a12245e1b536e565fcea6d650,org.apache.struts.xwork:xwork-core:2.3.4.1,2013-05-24 13:52:41,STRUTS_2_3_14_2,2013-06-03 07:22:11
CVE-2016-0785,https://github.com/apache/struts/commit/bd1a121b8286c412f5fc84c61599c293483fc11a,org.apache.struts.xwork:xwork-core:2.3.16.3,2016-01-10 12:17:34,STRUTS_2_3_25,2016-03-11 16:02:17
CVE-2016-1000343,https://github.com/bcgit/bc-java/commit/50a53068c094d6cff37659da33c9b4505becd389,org.bouncycastle:bcprov-jdk15on:1.54,2016-11-04 10:04:21,r1rv56,2016-12-23 15:30:08
CVE-2019-10219,https://github.com/hibernate/hibernate-validator/commit/c1ce5278846a6fa1b009412fa65cbd33794050e8,org.hibernate.validator:hibernate-validator:6.0.17.Final,not found,not found,not found
CVE-2010-2232,https://github.com/apache/derby/commit/ffa9392f7564652afc5d499a637aa2f5289cacc2,org.apache.derby:derby:10.5.3.0_1,not found,not found,not found
CVE-2018-11775,https://github.com/apache/activemq/commit/69fad2a135689f6c31fbada1c397f2e0dfd90d3c,org.apache.activemq:activemq-client:5.8.0,2018-08-31 06:39:49,activemq-5.16.0,2020-06-25 07:26:13
CVE-2020-35217,https://github.com/vert-x3/vertx-web/commit/2f5eb8524c9b671c2e441a6ffacf2bb42e8fccd2,io.vertx:vertx-web:3.5.4,2020-05-25 09:46:29,4.0.0-milestone5,2020-05-28 10:58:46
CVE-2011-2732,https://github.com/spring-projects/spring-security/commit/f5fbda42e5f494f1a8aa96a0f8b35d60a4f57556,org.springframework.security:spring-security-core:2.0.4,2011-08-19 13:18:35,2.0.7.RELEASE,2011-08-19 13:18:45
CVE-2015-6644,https://github.com/bcgit/bc-java/commit/9bc10bbaa9620d691c58e2b37f31f0d31ceea61f,org.bouncycastle:bcprov-ext-jdk15on:1.54,2016-01-10 10:42:49,r1rv55,2016-08-18 13:14:13
CVE-2014-0074,https://github.com/apache/shiro/commit/f988846207f98c98ff24213ee9063798ea5d9b6c,org.apache.shiro:shiro-core:1.2.1,2014-02-25 02:01:50,shiro-root-1.2.3,2014-02-25 22:56:51
CVE-2015-3208,https://github.com/apache/activemq-artemis/commit/48d9951d879e0c8cbb59d4b64ab59d53ef88310d,org.hornetq:hornetq-selector:2.5.0.Beta1,2015-05-21 13:00:11,1.0.0,2015-05-21 13:43:56
CVE-2021-22696,https://github.com/apache/cxf/commit/7d5d2c7a019dd1e1d0566daf9f1ed5b7b0dd66b7,org.apache.cxf:cxf-rt-rs-security-oauth2:3.4.2,2021-01-06 09:30:33,cxf-3.4.3,2021-03-15 15:51:49
CVE-2014-7810,https://github.com/apache/tomcat/commit/8179973,org.apache.tomcat:jasper:6.0.29,2014-12-15 12:48:04,9.0.0-M1,2015-11-12 22:03:14
CVE-2021-22097,https://github.com/spring-projects/spring-amqp/commit/ed824637cc922356b44409827722c4628340b7c8,org.springframework.amqp:spring-amqp:2.3.9,2021-09-27 14:10:21,v2.4.0-RC1,2021-10-18 16:33:51
CVE-2014-8152,https://github.com/apache/santuario-java/commit/55857fd4cdfdb1af4069170ecdac448c078f544e,org.apache.santuario:xmlsec:2.0.1,not found,not found,not found
CVE-2011-3376,https://github.com/apache/tomcat/commit/4f08a48,org.apache.tomcat.embed:tomcat-embed-core:7.0.19,2011-09-27 20:08:59,9.0.0-M1,2015-11-12 22:03:14
CVE-2010-4172,https://github.com/apache/tomcat/commit/afd4b3b3904593530c338e449b49198199694f4c,org.apache.tomcat:tomcat-catalina:7.0.0,2010-11-22 17:19:07,7.0.21,2011-08-29 20:14:36
CVE-2017-7656,https://github.com/eclipse/jetty.project/commit/a285deea42fcab60d9edcf994e458c238a348b55,org.eclipse.jetty:jetty-http:9.2.14.v20151106,2018-05-17 08:00:53,jetty-9.3.24.v20180605,2018-06-05 12:11:03
CVE-2021-37136,https://github.com/netty/netty/commit/6da4956b31023ae967451e1d94ff51a746a9194f,io.netty:netty-codec:4.1.5.Final,2021-09-09 14:55:08,netty-4.1.68.Final,2021-09-09 13:10:39
CVE-2018-1296,https://github.com/apache/hadoop/commit/7252e18c30f40bce9d01d5bb77f0ae526f479ad4,org.apache.hadoop:hadoop-hdfs:2.6.0,2017-11-28 18:07:39,release-2.7.5-RC0,2017-12-01 19:14:32
CVE-2016-4431,https://github.com/apache/struts/commit/b28b78c062f0bf3c79793a25aab8c9b6c12bce6e,org.apache.struts.xwork:xwork-core:2.3.16.3,2016-06-03 13:10:58,STRUTS_2_3_29,2016-06-14 07:10:57
CVE-2018-17197,https://github.com/apache/tika/commit/0c49c851979163334ea05cbebdd11ff87feba62d,org.apache.tika:tika-parsers:1.18,2018-11-08 13:48:00,1.20,2018-12-17 20:04:44
CVE-2013-1879,https://github.com/apache/activemq/commit/148ca81dcd8f14cfe2ff37012fd1aa42518f02dc,org.apache.activemq:activemq-client:5.8.0,2013-03-21 12:34:01,activemq-5.9.0,2013-10-14 23:38:22
CVE-2015-1169,https://github.com/Jasig/cas/commit/7de61b4c6244af9ff8e75a2c92a570f3b075309c,org.jasig.cas:cas-server-support-ldap:3.5.2,not found,not found,not found
CVE-2016-3092,https://github.com/apache/commons-fileupload/commit/774ef160d591b579f703c694002e080f99bcd28b,commons-fileupload:commons-fileupload:1.3.1,2016-05-12 08:13:59,commons-fileupload-1.3.2,2016-05-24 07:09:36
CVE-2022-0265,https://github.com/hazelcast/hazelcast/commit/4d6b666cd0291abd618c3b95cdbb51aa4208e748,com.hazelcast:hazelcast:5.0.2,2022-01-19 09:37:38,v5.1,2022-03-01 13:09:27
CVE-2020-11002,https://github.com/dropwizard/dropwizard/commit/d5a512f7abf965275f2a6b913ac4fe778e424242,io.dropwizard:dropwizard-validation:2.0.2,2020-03-26 18:08:56,v2.0.3,2020-03-26 20:29:11
CVE-2017-12611,https://github.com/apache/struts/commit/637ad1c3707266c33daabb18d7754e795e6681f,org.apache.struts:struts2-core:2.3.16.3,2017-02-02 11:37:29,STRUTS_2_5_11,2017-06-22 13:11:07
CVE-2014-3577,https://github.com/apache/httpclient/commit/51cc67567765d67f878f0dcef61b5ded454d3122,org.apache.httpcomponents:httpclient:4.2.5,2014-07-28 15:57:09,4.3.5-RC1,2014-07-30 14:52:27
CVE-2020-7238,https://github.com/netty/netty/commit/8494b046ec7e4f28dbd44bc699cc4c4c92251729,io.netty:netty-codec-http:4.1.43.Final,2019-12-13 08:53:19,netty-4.1.44.Final,2019-12-18 08:31:43
CVE-2015-3158,https://github.com/picketlink/picketlink-bindings/commit/341a37aefd69e67b6b5f6d775499730d6ccaff0d,org.picketlink:picketlink-tomcat-common:2.7.0.Final,2015-06-11 17:23:48,v2.7.1.Final,2015-12-17 00:46:32
CVE-2013-4590,https://github.com/apache/tomcat/commit/05c84ff,org.apache.tomcat:tomcat-jasper:7.0.42,2013-12-09 10:01:16,9.0.0-M1,2015-11-12 22:03:14
CVE-2017-13098,https://github.com/bcgit/bc-java/commit/a00b684465b38d722ca9a3543b8af8568e6bad5c,org.bouncycastle:bctls-jdk15on:1.57,2017-12-12 08:41:43,r1rv59,2017-12-29 14:24:12
CVE-2020-7692,https://github.com/googleapis/google-oauth-java-client/commit/13433cd7dd06267fc261f0b1d4764f8e3432c824,com.google.oauth-client:google-oauth-client:1.23.0,2020-06-29 12:57:20,v1.31.0,2020-06-29 20:52:05
CVE-2014-0114,https://github.com/apache/commons-beanutils/commit/dd48f4e589462a8cdb1f29bbbccb35d6b0291d58,commons-beanutils:commons-beanutils:1.9.3,2019-05-28 08:31:14,commons-beanutils-2.0.0-M1-RC1,2024-12-27 01:02:31
CVE-2020-36320,https://github.com/vaadin/framework/commit/17f5c1b6693892e00a4c2379d621043ef077f24e,com.vaadin:vaadin-server:7.7.3,2020-09-30 16:29:29,7.7.24,2021-02-09 22:37:27
CVE-2020-10714,https://github.com/wildfly-security/wildfly-elytron/commit/34e897b69b2dca907bba3357af5c20a29a9c4f9e,org.wildfly.security:wildfly-elytron:1.1.0.Final,2020-04-09 17:42:15,1.6.7.Final,2020-04-27 16:37:44
CVE-2013-5960,https://github.com/ESAPI/esapi-java-legacy/commit/b7cbc53f9cc967cf1a5a9463d8c6fef9ed6ef4f7,org.owasp.esapi:esapi:2.1.0.1,2016-01-31 01:56:59,esapi-2.1.0.1,2016-02-05 00:56:03
CVE-2018-8010,https://github.com/apache/lucene-solr/commit/1b760114216fcdfae138a8b37f183a9293c49115,org.apache.solr:solr-core:6.3.0,2018-05-06 14:21:34,history/branches/lucene-solr/solr-6733,2018-06-07 22:47:36
CVE-2020-1714,https://github.com/keycloak/keycloak/commit/33863ba16117844930a38ebde57a25258f5b80fd,org.keycloak:keycloak-common:4.8.3.Final,2020-06-08 13:12:08,11.0.0,2020-07-22 08:59:17
CVE-2020-9487,https://github.com/apache/nifi/commit/01e42dfb3291c3a3549023edadafd2d8023f3042,org.apache.nifi:nifi-web-security:1.11.4,2020-06-08 19:36:14,nifi-1.12.0-RC1,2020-08-13 09:20:36
CVE-2016-6797,https://github.com/apache/tomcat/commit/2859ac3eae132383cb6f3f2042e25d7a4a281b0d,org.apache.tomcat:tomcat-catalina:9.0.0.M9,2016-08-22 20:48:39,9.0.0-M10,2016-08-31 14:59:28
CVE-2020-17518,https://github.com/apache/flink/commit/a5264a6f41524afe8ceadf1d8ddc8c80f323ebc4,org.apache.flink:flink-runtime_2.12:1.10.1,2020-11-18 07:23:32,release-1.12.0-rc2,2020-11-30 19:44:53
CVE-2015-7521,https://github.com/apache/hive/commit/98f933f269e6b528ef84912b3d701ca3272ec04b,org.apache.hive:hive-exec:1.2.1,2016-01-18 12:46:19,rel/release-2.1.0,2016-06-17 00:47:37
CVE-2020-13954,https://github.com/apache/cxf/commit/3c23fa3b3c24c328bbc6d71c509668cb10b0ea31,org.apache.cxf:cxf-rt-transports-http:3.4.0,2020-09-23 07:33:04,cxf-3.4.1,2020-11-03 14:20:05
CVE-2018-15758,https://github.com/spring-projects/spring-security-oauth/commit/623776689fdcc8047f5a908c71f348e1f172a97,org.springframework.security.oauth:spring-security-oauth2:2.1.0.RELEASE,2018-10-15 11:52:11,2.0.16.RELEASE,2018-10-15 11:53:48
CVE-2020-1758,https://github.com/keycloak/keycloak/commit/97b565469058cacac6d2559b2cff37effcca2cfd,org.keycloak:keycloak-services:9.0.2,2020-04-14 19:22:57,10.0.0,2020-04-29 06:58:04
CVE-2020-5404,https://github.com/reactor/reactor-netty/commit/c6f7e48c83b36975024e3bd3f828a8c83c651e41,io.projectreactor.netty:reactor-netty:0.8.4.RELEASE,2020-02-19 15:32:08,v0.8.16.RELEASE,2020-02-24 10:06:59
CVE-2021-29262,https://github.com/apache/lucene-solr/commit/d97d1a07024edabb8dcd9ccf40f9ba31209c36ab,org.apache.solr:solr-core:7.4.0,2021-04-06 10:06:58,releases/lucene-solr/8.8.2,2021-04-06 16:06:43
CVE-2015-6524,https://github.com/apache/activemq/commit/22f2f3dde757d31307da772d579815c1d169bc39,org.apache.activemq:activemq-jaas:5.5.1,2014-12-17 19:53:53,activemq-5.10.1,2015-01-14 09:53:10
CVE-2017-9794,https://github.com/apache/geode/commit/564a94b,org.apache.geode:geode-core:1.2.0,2017-07-21 10:30:40,rel/v1.3.0,2017-10-18 09:32:15
CVE-2012-0213,https://github.com/apache/poi/commit/c702bc5ce58f9f11f408c7568cc96382c76641ef,org.apache.poi:poi-scratchpad:3.6,not found,not found,not found
CVE-2021-28657,https://github.com/apache/tika/commit/26a9965659921a8aa4205393479584372db7cb35,org.apache.tika:tika-parsers:1.24.1,2021-02-16 12:19:00,1.26,2021-03-24 10:27:53
CVE-2014-0119,https://github.com/apache/tomcat/commit/f2764544c5039551120daa5c125dca55636fb81b,org.apache.tomcat:tomcat-catalina:8.0.0-RC5,2014-04-24 19:16:21,8.5.0,2016-03-17 14:45:28
CVE-2018-10936,https://github.com/pgjdbc/pgjdbc/commit/cdeeaca47dc3bc6f727c79a582c9e4123099526e,org.postgresql:postgresql:42.2.2,2018-08-27 18:06:51,REL42.2.5,2018-08-27 15:38:30
CVE-2017-15694,https://github.com/apache/geode/commit/28755d6,org.apache.geode:geode-core:1.7.0,not found,not found,not found
CVE-2013-5679,https://github.com/ESAPI/esapi-java-legacy/commit/41138fef5f63d9cf0d5e05d2bee2c7f682ffef3f,org.owasp.esapi:esapi:2.0.1,2013-08-29 00:49:41,esapi-2.1.0,2013-09-03 01:16:47
CVE-2018-11777,https://github.com/apache/hive/commit/00c0ee7bc4b8492476b377a6edafcc33411f14b,org.apache.hive:hive-exec:1.2.1,2018-10-25 00:12:32,rel/release-2.3.4,2018-10-31 14:19:11
CVE-2015-0201,https://github.com/spring-projects/spring-framework/commit/dc5b5ca8ee09c890352f89b2dae58bc0132d6545,org.springframework:spring-websocket:4.1.4.RELEASE,2014-12-02 12:13:35,v4.1.3.RELEASE,2014-12-09 02:24:16
CVE-2016-4434,https://github.com/apache/tika/commit/ab7c3253b8450c2d483edab60e4365fef0c4ae38,org.apache.tika:tika-parsers:1.3,2016-04-25 09:06:28,1.13,2016-05-09 18:11:54
CVE-2019-3795,https://github.com/spring-projects/spring-security/commit/6f02f690ac65ccf99d8df47ac3d730a68f87c569,org.springframework.security:spring-security-core:4.2.3.RELEASE,2019-04-02 09:36:46,4.2.12.RELEASE,2019-04-02 18:58:47
CVE-2021-41973,https://github.com/apache/mina/commit/7dc266ac9a74f50669039c10be3d2defa2ac8b58,org.apache.mina:mina-http:2.1.4,2021-09-09 12:47:52,2.1.5,2021-10-05 00:12:18
CVE-2020-17521,https://github.com/apache/groovy/commit/4e418d4a34c973a7ec1e822552103043ac13780e,org.codehaus.groovy:groovy:2.4.5,2020-11-20 14:01:10,GROOVY_2_4_21,2020-11-30 15:07:46
CVE-2019-0194,https://github.com/apache/camel/commit/a1f2d214a5e045eeb391720193cd40944b34ac35,org.apache.camel:camel-core:2.23.0,not found,not found,not found
CVE-2020-26939,https://github.com/bcgit/bc-java/commit/930f8b274c4f1f3a46e68b5441f1e7fadb57e8c1,org.bouncycastle:bcprov-ext-jdk15on:1.60,2018-08-08 08:59:10,r1rv61,2019-02-05 22:49:44
CVE-2015-0264,https://github.com/apache/camel/commit/1df559649a96a1ca0368373387e542f46e4820da,org.apache.camel:camel-core:2.13.2,2015-03-02 08:15:44,camel-2.15.0,2015-03-07 03:03:50
CVE-2013-2251,https://github.com/apache/struts/commit/3cfe34fefedcf0fdcfcb061c0aea34a715b7de63,org.apache.struts:struts2-core:2.1.8.1,2013-07-14 14:18:39,STRUTS_2_3_15_1,2013-09-17 06:50:03
CVE-2021-31409,https://github.com/vaadin/framework/commit/754ca011d79af3dd4fa9046ff0ade5367f5e6246,com.vaadin:vaadin-compatibility-server:8.1.5,2021-03-12 18:45:25,8.13.0.beta1,2021-03-31 08:24:13
CVE-2017-9787,https://github.com/apache/struts/commit/086b63735527d4bb0c1dd0d86a7c0374b825ff2,org.apache.struts.xwork:xwork-core:2.3.16.3,2017-07-07 13:35:10,STRUTS_2_3_33,2017-07-07 14:47:12
CVE-2019-7614,https://github.com/elastic/elasticsearch/commit/bdb8d3c440a75c035b045c21b7ef2237e56c95c7,org.elasticsearch:elasticsearch:7.2.0,2019-07-03 10:36:12,v6.8.2,2019-07-23 14:10:58
CVE-2021-43113,https://github.com/itext/itext7/commit/340d769934219369c5f8045fc6244da867d37c68,com.itextpdf:io:7.1.15,2021-08-05 11:10:17,7.1.17,2021-10-20 18:48:11
CVE-2014-3578,https://github.com/spring-projects/spring-framework/commit/8ee465103850a3dca018273fe5952e40d5c45a66,org.springframework:spring-core:3.0.5.RELEASE,2014-05-15 17:26:52,v4.1.0.RC1,2014-07-18 09:12:19
CVE-2013-1965,https://github.com/apache/struts/commit/7e6f641ebb142663cbd1653dc49bed725edf7f56,org.apache.struts:struts2-core:2.1.8.1,2013-04-18 09:49:41,STRUTS_2_3_14_1,2013-04-18 18:05:47
CVE-2019-20445,https://github.com/netty/netty/commit/8494b046ec7e4f28dbd44bc699cc4c4c92251729,io.netty:netty-codec-http:4.1.43.Final,2019-12-13 08:53:19,netty-4.1.44.Final,2019-12-18 08:31:43
CVE-2019-10184,https://github.com/undertow-io/undertow/commit/5fa7ac68c0e4251c93056d9982db5e794e04ebfa,io.undertow:undertow-servlet:2.0.19.Final,2019-07-30 03:07:00,2.0.23.Final,2019-07-30 03:30:07
CVE-2017-12623,https://github.com/apache/nifi/commit/9e2c7be7d3c6a380c5f61074d9a5a690b617c3dc,org.apache.nifi:nifi-framework-core:1.2.0,2017-09-22 14:31:38,rel/nifi-1.4.0,2017-09-28 13:45:21
CVE-2013-4517,https://github.com/apache/santuario-java/commit/a09b9042f7759d094f2d49f40fc7bcf145164b25,org.apache.santuario:xmlsec:1.4.5,not found,not found,not found
CVE-2017-9799,https://github.com/apache/storm/commit/44b80fbfcf8a52b6e7cb3840a52ff07f8a2364e4,org.apache.storm:storm-core:1.0.3,2017-07-21 12:55:32,v1.0.4,2017-07-24 13:11:20
CVE-2021-31412,https://github.com/vaadin/flow/commit/3ad4a13609e852eed2a2c80d640d2928b99a2dd5,com.vaadin:flow-server:6.0.2,2021-06-01 10:44:01,7.0.0,2021-06-01 13:50:00
CVE-2021-41269,https://github.com/jmrozanec/cron-utils/commit/cfd2880f80e62ea74b92fa83474c2aabdb9899da,com.cronutils:cron-utils:5.0.5,2021-10-30 15:12:11,9.1.6,2021-11-14 22:38:14
CVE-2009-0783,https://github.com/apache/tomcat/commit/06c23d8,org.apache.tomcat:catalina:6.0.18,2008-04-20 20:47:57,7.0.7,2011-02-03 10:34:25
CVE-2020-9484,https://github.com/apache/tomcat/commit/bb33048e3f9b4f2b70e4da2e6c4e34ca89023b1b,org.apache.tomcat:tomcat-catalina:10.0.0-M3,2020-05-05 15:50:15,10.0.0-M5,2020-05-05 18:07:34
CVE-2020-1940,https://github.com/apache/jackrabbit-oak/commit/e7180a8d9c4f14b2de1928861dd27287e5fb59bd,org.apache.jackrabbit:oak-core:1.6.1,2020-01-28 16:01:02,jackrabbit-oak-1.8.20,2020-01-28 18:37:34
CVE-2020-6950,https://github.com/eclipse-ee4j/mojarra/commit/cefbb9447e7be560e59da2da6bd7cb93776f7741,org.glassfish:jakarta.faces:2.3.9,2019-09-05 16:12:40,2.3.14-RELEASE,2019-10-04 13:05:18
CVE-2020-13957,https://github.com/apache/lucene-solr/commit/e001c2221812a0ba9e9378855040ce72f93eced4,org.apache.solr:solr-core:7.4.0,2020-10-01 16:32:18,releases/lucene-solr/8.6.3,2020-10-01 16:32:18
CVE-2020-9480,https://github.com/apache/spark/commit/9416b7c54bdf5613c1a65e6d1779a87591c6c9bd,org.apache.spark:spark-network-common_2.11:2.4.4,not found,not found,not found
CVE-2013-1921,https://github.com/picketbox/picketbox/commit/b0c367d3f15bb5211e11a4d1b3ab04a7dd8e1793,org.picketbox:jbosssx-bare:4.0.21.Final,2013-09-06 18:29:46,4.0.19.Final,2013-09-06 20:55:19
CVE-2017-12197,https://github.com/letonez/libpam4j/commit/84f32f4001fc6bdcc125ccc959081de022d18b6d,org.kohsuke:libpam4j:1.8,2017-09-08 14:55:52,not found,not found
CVE-2018-20059,https://github.com/pippo-java/pippo/commit/9f36e5891c0b11f840e1e1561ae96d83ba9ce759,ro.pippo:pippo-jaxb:1.0.0,2018-12-11 22:00:22,release-1.12.0,2018-12-11 22:10:53
CVE-2020-13934,https://github.com/apache/tomcat/commit/c9167ae30f3b03b112f3d81772e3450b7d0e6a25,org.apache.tomcat:tomcat-coyote:10.0.0,2020-06-26 12:49:50,10.0.0-M7,2020-06-30 18:07:33
CVE-2021-45105,https://github.com/apache/logging-log4j2/commit/806023265f8c905b2dd1d81fd2458f64b2ea0b5e,org.apache.logging.log4j:log4j-1.2-api:2.11.1,2021-12-17 16:06:08,log4j-2.17.0-rc1,2021-12-17 18:56:20
CVE-2012-1089,https://github.com/apache/wicket/commit/887f2608a20b54aab7b57c24529bb98dece5bf3f,org.apache.wicket:wicket-core:1.5.3,2012-02-29 17:11:55,release/wicket-1.5.5,2012-03-05 08:50:24
CVE-2017-15712,https://github.com/apache/oozie/commit/b98c37eeaf993e37f87225a114fb6cedce174168,org.apache.oozie:oozie-core:4.1.0,2018-01-06 12:26:14,release-4.3.1-rc0,2018-01-06 12:29:06
CVE-2018-1313,https://github.com/apache/derby/commit/4da5b2db5f3a60c1fa8ef616d88a7efe28b0c9d,org.apache.derby:derby:10.11.1.1,2018-03-12 01:32:23,not found,not found
CVE-2018-1000632,https://github.com/dom4j/dom4j/commit/e598eb43d418744c4dbf62f647dd2381c9ce9387,org.dom4j:dom4j:2.1.0,2018-07-01 11:27:15,version-2.1.1,2018-07-01 16:10:26
CVE-2021-28163,https://github.com/eclipse/jetty.project/commit/ebe8311333d21b61715572fd23a9db78a68e0fa9,org.eclipse.jetty:jetty-deploy:9.4.34.v20201102,2021-03-24 12:54:21,jetty-9.4.39.v20210325,2021-03-25 09:36:22
CVE-2021-25738,https://github.com/kubernetes-client/java/commit/4884d1bcd215a45d7ea876b8c3899a7b8bd5b60b,io.kubernetes:client-java:10.0.0,2021-05-07 14:01:03,client-java-parent-11.0.2,2021-05-13 13:31:59
CVE-2011-1184,https://github.com/apache/tomcat/commit/94a7a82405893701a48bfd8f006d650938b8a362,org.apache.tomcat:tomcat-catalina:7.0.8,2011-04-01 11:36:54,7.0.19,2011-07-13 22:29:07
CVE-2012-5812,https://github.com/ACRA/acra/commit/fff732595164baf233d911386a3965dc516cf081,ch.acra:acra:4.3.0,not found,not found,not found
CVE-2021-40865,https://github.com/apache/storm/commit/53411db6d7311f3a2afb67396c5a5e441b957794,org.apache.storm:storm-core:1.1.1,2021-10-01 11:00:18,v1.2.4,2021-10-01 13:34:20
CVE-2021-34428,https://github.com/eclipse/jetty.project/commit/e0b80abf4e7bc4048e7ae9bc3d92b50338ec58ec,org.eclipse.jetty:jetty-server:11.0.2,2021-05-16 09:53:00,jetty-11.0.3,2021-05-20 21:51:10
CVE-2020-27222,https://github.com/eclipse/californium/commit/00ab1d9fe07a24229a88ac87786fe3a0752374ab,org.eclipse.californium:scandium:2.6.0,2021-02-02 13:21:58,2.6.1,2021-02-04 06:15:11
CVE-2018-14371,https://github.com/eclipse-ee4j/mojarra/commit/1b434748d9239f42eae8aa7d37d7a0930c061e24,org.glassfish:javax.faces:2.3.3,2018-05-11 16:02:52,2.3.3.102,2018-06-07 09:17:11
CVE-2021-42340,https://github.com/apache/tomcat/commit/d27535bdee95d252418201eb21e9d29476aa6b6a,org.apache.tomcat:tomcat-websocket:8.5.43,2021-09-27 20:36:22,8.5.72,2021-10-01 08:27:56
CVE-2022-22946,https://github.com/spring-cloud/spring-cloud-gateway/commit/b2df97d0c467d246a56870d63fc637087eec0ef8,org.springframework.cloud:spring-cloud-gateway-server:3.1.0,2022-02-03 12:31:58,v3.1.1,2022-02-17 17:08:10
CVE-2017-18349,https://github.com/alibaba/fastjson/commit/f5903fa56497c00ed0703ac875b511f9bd5f1d8e,com.alibaba:fastjson:1.2.24,2017-01-20 12:04:59,not found,not found
CVE-2014-3612,https://github.com/apache/activemq/commit/0b5231ada5ce365b41832ba8752ee210145d1cbe,org.apache.activemq:activemq-jaas:5.10.0,2014-09-08 13:51:25,activemq-5.11.0,2015-01-30 12:46:08
CVE-2013-2172,https://github.com/apache/santuario-java/commit/d0536272059bba735583809e2bfa5d249bb2e537,org.apache.santuario:xmlsec:1.4.5,not found,not found,not found
CVE-2014-0230,https://github.com/apache/tomcat/commit/cf7869c89fb87a04da78a7f6081b4aa1c6169a5e,org.apache.tomcat:tomcat-coyote:7.0.27,2014-06-19 09:06:39,8.5.0,2016-03-17 14:45:28
CVE-2010-3718,https://github.com/apache/tomcat/commit/f6db636b7addb1f7a01e361559bff2da21a11812,org.apache.tomcat:tomcat-catalina:7.0.0,2010-10-13 15:16:35,7.0.19,2011-07-13 22:29:07
CVE-2012-3428,https://github.com/ironjacamar/ironjacamar/commit/00e420c78349a4115140bff666bf02acd8040697,org.jboss.ironjacamar:ironjacamar-deployers-common:1.0.9.Final,2012-07-24 14:46:56,ironjacamar-1.1.0.Beta2,2012-09-06 14:10:31
CVE-2016-0714,https://github.com/apache/tomcat/commit/50f1b1d,org.apache.tomcat:tomcat-catalina:9.0.0.M1,2016-01-18 13:13:35,9.0.0-M2,2016-01-21 12:02:48
CVE-2017-9096,https://github.com/itext/itextpdf/commit/ad38371c396ac5ffbfb28056809e8ffaa5a18ccd,com.itextpdf:itextpdf:5.5.11,2017-08-01 17:59:03,5.5.12,2017-08-17 15:15:36
CVE-2014-3600,https://github.com/apache/activemq/commit/3e5ac6326db59f524a0e71f6b717428607d7b67d,org.apache.activemq:activemq-broker:5.10.0,2015-01-12 12:02:01,activemq-5.10.1,2015-01-14 09:53:10
CVE-2020-13959,https://github.com/apache/velocity-tools/commit/e141828a4eb03e4b0224535eed12b5c463a24152,org.apache.velocity.tools:velocity-tools-view:3.0,2020-11-05 09:00:54,3.1,2021-02-27 21:18:52
CVE-2019-0228,https://github.com/apache/pdfbox/commit/be36ef01842885b556a4e7b40b5e2e8e7b1d2816,org.apache.pdfbox:pdfbox:2.0.14,2019-04-04 16:03:34,3.0.0-RC1,2021-03-29 16:59:13
CVE-2017-15709,https://github.com/apache/activemq/commit/d2e49be3a8f21d862726c1f6bc9e1caa6ee8b581,org.apache.activemq:activemq-client:5.14.5,2017-12-06 08:42:12,activemq-5.15.3,2018-01-29 08:42:12
CVE-2018-1000613,https://github.com/bcgit/bc-java/commit/cd98322b171b15b3f88c5ec871175147893c31e6,org.bouncycastle:bcprov-jdk15on:1.59,2018-03-03 15:54:14,r1rv60,2018-07-02 08:14:10
CVE-2011-1772,https://github.com/apache/struts/commit/885ab3459e146ff830d1f7257f809f4a3dd4493a,org.apache.struts.xwork:xwork-core:2.2.1.1,2011-03-02 21:01:01,STRUTS_2_2_2,2011-03-26 12:06:00
CVE-2019-17566,https://github.com/apache/xmlgraphics-batik/commit/bc6078ca949039e2076cd08b4cb169c84c1179b1,org.apache.xmlgraphics:batik-svgrasterizer:1.12,2019-12-09 12:24:18,batik-1_13,2020-05-13 07:10:18
CVE-2019-10072,https://github.com/apache/tomcat/commit/0bcd69c9dd8ae0ff424f2cd46de51583510b7f35,org.apache.tomcat:tomcat-coyote:8.5.35,2019-05-03 20:46:03,8.5.41,2019-05-04 09:51:14
CVE-2012-5885,https://github.com/apache/tomcat55/commit/83adfde198d8f9305edbd240e0081a2bb7902cfd,tomcat:catalina:5.5.23,2012-10-01 09:34:08,TOMCAT_5_5_36,2012-10-05 12:51:37
CVE-2020-35460,https://github.com/joniles/mpxj/commit/8eaf4225048ea5ba7e59ef4556dab2098fcc4a1d,net.sf.mpxj:mpxj:7.4.3,2020-12-14 12:13:14,v8.3.5,2020-12-15 08:55:37
CVE-2020-1938,https://github.com/apache/tomcat/commit/9ac90532,org.apache.tomcat:tomcat-coyote:9.0.41,2020-02-04 14:52:48,9.0.31,2020-02-05 19:26:48
CVE-2017-9796,https://github.com/apache/geode/commit/02b9646618e074f80b3d5fed0e5b512a34b5897a,org.apache.geode:geode-core:1.2.1,2017-10-03 14:54:15,rel/v1.3.0,2017-10-18 09:32:15
CVE-2013-6429,https://github.com/spring-projects/spring-framework/commit/7387cb990e35b0f1b573faf29d4f9ae183d7a5e,org.springframework:spring-core:3.0.5.RELEASE,2013-11-05 09:49:13,v3.2.5.RELEASE,2013-11-06 11:51:36
CVE-2019-17638,https://github.com/eclipse/jetty.project/commit/ff8ae56fa939c3477a0cdd1ff56ce3d902f08fba,org.eclipse.jetty:jetty-server:9.4.28.v20200408,2020-06-03 22:54:12,jetty-9.4.30.v20200611,2020-06-11 07:21:18
CVE-2020-13692,https://github.com/pgjdbc/pgjdbc/commit/14b62aca4764d496813f55a43d050b017e01eb65,org.postgresql:postgresql:42.2.5,2020-06-01 08:54:32,REL42.3.0-rc1,2020-06-01 08:54:32
CVE-2019-0232,https://github.com/apache/tomcat/commit/4b244d827ade2a36ef3b8734939541207b78f35c,org.apache.tomcat:tomcat-catalina:9.0.12,2019-04-10 11:38:54,9.0.18,2019-04-10 13:36:27
CVE-2018-21234,https://github.com/oblac/jodd/commit/9bffc3913aeb8472c11bb543243004b4b4376f16,org.jodd:jodd-json:3.6.6,2018-08-17 18:32:20,v5.0.4,2018-08-18 16:40:42
CVE-2021-25646,https://github.com/apache/druid/commit/3f8f00a231c4b47981e0e2e48f18f1221249e6f3,org.apache.druid:druid-core:0.22.0,2021-02-04 11:21:43,druid-0.22.0,2021-09-15 19:42:52
CVE-2020-5407,https://github.com/spring-projects/spring-security/commit/69b1bc62ffe7c1e1bbf508951efa1e0235954198,org.springframework.security:spring-security-saml2-service-provider:5.2.2.RELEASE,2020-05-06 14:15:45,5.2.4.RELEASE,2020-05-06 15:16:32
CVE-2019-10354,https://github.com/stapler/stapler/commit/19637555a9f32d3875356b47234131d8b1e9fee4,org.kohsuke.stapler:stapler:1.237,2019-07-02 10:12:52,stapler-parent-1.257.1,2019-07-02 10:46:57
CVE-2012-4431,https://github.com/apache/tomcat/commit/d426972,org.apache.tomcat:tomcat-catalina:7.0.27,2012-10-02 18:10:56,9.0.0-M1,2015-11-12 22:03:14
CVE-2019-16771,https://github.com/line/armeria/commit/b597f7a865a527a84ee3d6937075cfbb4470ed20,com.linecorp.armeria:armeria:0.94.0,2019-12-05 18:35:47,armeria-0.97.0,2019-12-06 17:23:34
CVE-2018-1000180,https://github.com/bcgit/bc-java/commit/73780ac522b7795fc165630aba8d5f5729acc839,org.bouncycastle:bcprov-jdk15on:1.59,2018-04-19 18:40:01,r1rv60,2018-07-02 08:14:10
CVE-2019-25027,https://github.com/vaadin/flow/commit/56452991cc563ef1f45268647686f3edf1e0b473,com.vaadin:flow-server:1.0.5,2019-04-18 14:30:55,1.0.11,2019-04-24 07:37:59
CVE-2018-20227,https://github.com/eclipse/rdf4j/commit/099482e52f070a3d74e5ad368cff59c91e9b4f8a,org.eclipse.rdf4j:rdf4j-util:2.2.2,2019-01-08 21:39:49,2.4.3,2019-01-19 14:21:24
CVE-2013-4112,https://github.com/belaban/JGroups/commit/75f09367e3dc1451b4a4d89f35d8c3f16bb20bc8,org.jgroups:jgroups:3.3.1.Final,2013-07-11 12:38:34,JGroups-3.3.3.Final,2013-07-11 14:08:25
CVE-2020-13929,https://github.com/apache/zeppelin/commit/409235e8db2ac370eed22d73a67d0771e886f907,org.apache.zeppelin:zeppelin-interpreter:0.8.0,2021-02-23 17:31:51,v0.10.0,2021-08-24 14:31:19
CVE-2020-1727,https://github.com/keycloak/keycloak/commit/2f489a41ebd06eb14197f8a66afae86ac1397f42,org.keycloak:keycloak-server-spi-private:7.0.0,2020-03-05 06:32:35,9.0.2,2020-03-24 05:18:44
CVE-2013-6408,https://github.com/apache/lucene-solr/commit/31050216b692603ced4270d5c2630e7dd37e14e4,org.apache.solr:solr-core:3.6.1,2013-05-30 19:06:39,releases/lucene-solr/4.3.1,2013-06-13 18:27:55
CVE-2018-7489,https://github.com/FasterXML/jackson-databind/commit/ddfddfba6414adbecaff99684ef66eebd3a92e92,com.fasterxml.jackson.core:jackson-databind:2.8.9,2017-08-17 15:12:47,jackson-databind-2.8.10,2017-08-23 21:26:44
CVE-2017-9797,https://github.com/apache/geode/commit/6be38ca,org.apache.geode:geode-core:1.2.0,2017-08-16 08:44:41,rel/v1.3.0,2017-10-18 09:32:15
CVE-2016-7051,https://github.com/FasterXML/jackson-dataformat-xml/commit/eeff2c312e9d4caa8c9f27b8f740c7529d00524a,com.fasterxml.jackson.dataformat:jackson-dataformat-xml:2.7.4,2016-09-26 20:11:18,jackson-dataformat-xml-2.7.8,2016-09-26 20:12:32
CVE-2018-11768,https://github.com/apache/hadoop/commit/96cedb87b94c07c11152580bf36978186d622b50,org.apache.hadoop:hadoop-hdfs:3.1.1,2018-10-24 16:10:25,release-3.1.2-RC0,2019-01-23 18:25:15
CVE-2019-17558,https://github.com/apache/lucene-solr/commit/a8bbe7b6e1ea45bba57ffef4e40e7fa2116dcef9,org.apache.solr:solr-velocity:7.0.1,2019-11-28 07:57:17,releases/lucene-solr/8.3.1,2019-11-28 11:10:51
CVE-2021-31406,https://github.com/vaadin/flow/commit/c9db8f6cd0f4bbd5c78bb0ef6176f4f4dfcaa624,com.vaadin:flow-server:5.0.2,2021-03-02 22:11:50,5.0.4,2021-03-08 09:07:48
CVE-2014-7839,https://github.com/resteasy/Resteasy/commit/5f1e974687ce45349431652d89b5927449967dc2,org.jboss.resteasy:resteasy-jaxrs:3.0.10.Final,2014-12-12 00:16:48,3.0.11.Final,2015-03-20 09:48:09
CVE-2020-10740,https://github.com/wildfly/wildfly-naming-client/commit/56f159d19bedfa67eb3d2b408bb8d17d2c929832,org.wildfly:wildfly-naming-client:1.0.9.Final,2020-06-02 09:22:34,1.0.13.Final,2020-06-02 17:48:29
CVE-2020-11998,https://github.com/apache/activemq/commit/0d6e5f240ef34bae2e4089102047593bef628e6c,org.apache.activemq:activemq-broker:5.15.12,2020-05-23 06:38:58,activemq-5.15.13,2020-05-25 07:58:56
CVE-2016-8629,https://github.com/keycloak/keycloak/commit/3d46b4c425d39b004566cc78164e1ffbe37d647c,org.keycloak:keycloak-services:1.8.1.Final,2016-10-28 08:43:24,2.4.0.Test,2016-11-18 09:21:56
CVE-2018-1258,https://github.com/spring-projects/spring-security/commit/7b8fa90d96aaf751a3256fa755d5f17e081c20f1,org.springframework.security:spring-security-config:5.0.3.RELEASE,2018-05-07 16:23:32,5.0.5.RELEASE,2018-05-08 09:22:58
CVE-2018-1275,https://github.com/spring-projects/spring-framework/commit/0009806debb578e884f6dc98bd1f2dc668020021,org.springframework:spring-messaging:4.3.14.RELEASE,2018-04-09 10:05:50,v4.3.16.RELEASE,2018-04-09 14:57:41
CVE-2013-7398,https://github.com/AsyncHttpClient/async-http-client/commit/dfacb8e05d0822c7b2024c452554bd8e1d6221d8,com.ning:async-http-client:1.6.5,2014-07-10 12:14:16,async-http-client-1.9.0-BETA1,2014-07-10 16:17:08
CVE-2017-7658,https://github.com/eclipse/jetty.project/commit/a285deea42fcab60d9edcf994e458c238a348b55,org.eclipse.jetty:jetty-http:9.2.14.v20151106,2018-05-17 08:00:53,jetty-9.3.24.v20180605,2018-06-05 12:11:03
CVE-2019-13234,https://github.com/alkacon/opencms-core/commit/185e71cc9844c90c0c29b730bd92b0375f1eca21,org.opencms:opencms-core:8.5.0,2019-09-17 13:29:36,not found,not found
CVE-2008-6505,https://github.com/apache/struts/commit/ff8b655c4b04cae41e5ad00df0a7482333e7a254,org.apache.struts:struts2-core:2.1.2,2008-08-21 21:56:46,STRUTS_2_0_12,2008-10-16 00:41:59
CVE-2020-10719,https://github.com/undertow-io/undertow/commit/aa5e1fe11fec75032f14f0ae23e586f4cf3a3365,io.undertow:undertow-core:2.0.28.Final,2020-05-15 02:02:37,2.1.1.Final,2020-05-15 03:41:06
CVE-2016-2173,https://github.com/spring-projects/spring-amqp/commit/4150f107e60cac4a7735fcf7cb4c1889a0cbab6c,org.springframework.amqp:spring-amqp:1.3.3.RELEASE,2016-03-15 17:00:12,v1.5.5.RELEASE,2016-03-24 13:00:22
CVE-2018-12538,https://github.com/eclipse/jetty.project/commit/a0b8321ef452dddff9bc6c14e3ac0108239bfa2c,org.eclipse.jetty:jetty-server:9.4.8.v20171121,2018-01-10 16:40:53,jetty-9.4.9.v20180320,2018-03-20 07:18:24
CVE-2009-2902,https://github.com/apache/tomcat/commit/3e1010b,tomcat:catalina:5.5.23,2009-12-21 12:25:14,7.0.7,2011-02-03 10:34:25
CVE-2018-8013,https://github.com/apache/xmlgraphics-batik/commit/f91125b26a6ca2b7a1195f1842360bed03629839,org.apache.xmlgraphics:batik-dom:1.7,not found,not found,not found
CVE-2021-41079,https://github.com/apache/tomcat/commit/34115fb3c83f6cd97772232316a492a4cc5729e0,org.apache.tomcat:tomcat-coyote:10.0.0,2021-03-03 12:00:46,10.0.3,2021-03-04 20:37:19
CVE-2020-13946,https://github.com/apache/cassandra/commit/63f4da90c3c51d230c535265786dbc7a33c1ace9,org.apache.cassandra:cassandra-all:2.2.2,2020-08-28 09:32:40,cassandra-2.1.22,2020-08-28 13:16:01
CVE-2017-7536,https://github.com/hibernate/hibernate-validator/commit/0886e89900d343ea20fde5137c9a3086e6da9ac,org.hibernate:hibernate-validator:5.3.4.Final,2017-10-19 15:44:27,5.3.6.Final,2017-10-19 15:58:18
CVE-2017-2585,https://github.com/keycloak/keycloak/commit/426e55664f5240d29905d2127a50bee827cf9e17,org.keycloak:keycloak-core:1.8.1.Final,2017-01-10 08:02:49,2.5.1.Final,2017-01-26 05:17:37
CVE-2019-10158,https://github.com/infinispan/infinispan/commit/f3efef8de7fec4108dd5ab725cea6ae09f14815d,org.infinispan:infinispan-spring5-common:10.0.0.Beta3,not found,not found,not found
CVE-2011-1419,https://github.com/apache/tomcat/commit/0ff4905,org.apache.tomcat:tomcat-catalina:7.0.8,2011-03-09 11:16:48,7.0.11,2011-03-10 11:10:19
CVE-2018-1324,https://github.com/apache/commons-compress/commit/2a2f1dc48e22a34ddb72321a4db211da91aa933b,org.apache.commons:commons-compress:1.14,2017-12-22 19:34:57,1.16-RC1,2018-02-02 18:34:59
CVE-2017-12160,https://github.com/keycloak/keycloak/commit/96fe4608066d533cc1ff69f23339a710a60e892d,org.keycloak:keycloak-services:3.2.1.Final,2017-10-19 07:04:43,3.3.0.Final,2017-10-26 16:00:14
CVE-2021-27582,https://github.com/mitreid-connect/OpenID-Connect-Java-Spring-Server/commit/7eba3c12fed82388f917e8dd9b73e86e3a311e4c,org.mitre:openid-connect-server:1.2.3,2021-02-18 16:13:36,mitreid-connect-1.3.4,2021-12-20 13:09:08
CVE-2020-11050,https://github.com/TooTallNate/Java-WebSocket/commit/2dbe2d3c4a3ba63a0132a256ccefbfceb69531c9,org.java-websocket:Java-WebSocket:1.3.0,2020-04-13 17:39:26,v1.5.0,2020-05-07 05:27:52
CVE-2021-40690,https://github.com/apache/santuario-xml-security-java/commit/c6b7de127f6c17bc3f317f7caa3e9a62bff46527,org.apache.santuario:xmlsec:2.2.1,2021-09-08 09:32:45,xmlsec-2.2.3,2021-09-10 14:08:28
CVE-2017-12159,https://github.com/keycloak/keycloak/commit/e201f205d162d4d795d294fe065ca20f4005eef2,org.keycloak:keycloak-services:1.8.1.Final,2017-10-23 16:13:00,3.3.0.Final,2017-10-26 16:00:14
CVE-2020-9491,https://github.com/apache/nifi/commit/441781cec50f77d9f1e65093f55bbd614b8c5ec6,org.apache.nifi:nifi-socket-utils:1.11.4,2020-05-19 12:56:59,nifi-1.12.0-RC1,2020-08-13 09:20:36
CVE-2020-11989,https://github.com/apache/shiro/commit/b90f91875e5e18c4805013c2fa0567b1700f5a96,org.apache.shiro:shiro-web:1.3.2,2020-04-07 15:56:56,shiro-root-1.5.3,2020-04-26 20:42:18
CVE-2016-3081,https://github.com/apache/struts/commit/b4d54b6d0caa6aaf453a56b3613aebad8acd3229,org.apache.struts:struts2-core:2.3.16.3,2016-04-19 08:25:28,STRUTS_2_3_20_2,2016-04-19 08:32:05
CVE-2015-1832,https://github.com/apache/derby/commit/7643f9651406e12c9563a92b3dd258505e6c7144,org.apache.derby:derby:10.11.1.1,2015-07-14 02:37:16,not found,not found
CVE-2017-1000209,https://github.com/TakahikoKawasaki/nv-websocket-client/commit/feb9c8302757fd279f4cfc99cbcdfb6ee709402d,com.neovisionaries:nv-websocket-client:1.31,2017-04-22 16:56:57,nv-websocket-client-2.1,2017-04-23 16:01:50
CVE-2013-4152,https://github.com/poutsma/spring-framework/commit/edba32b3093703d5e9ed42b5b8ec23ecc1998398,org.springframework:spring-oxm:4.0.0.RELEASE,2014-02-18 15:54:30,v4.0.2.RELEASE,2014-02-18 16:53:02
CVE-2017-2646,https://github.com/keycloak/keycloak/commit/42954e84d99417b8dd5b97181398e2a4cd68bf5d,org.keycloak:keycloak-saml-core:2.5.4.Final,2017-03-10 10:59:50,3.0.0.CR1,2017-03-16 12:04:07
CVE-2021-20289,https://github.com/resteasy/Resteasy/commit/92950dd5efa5f853e5edd6b9980cc3094101f3a4,org.jboss.resteasy:resteasy-core:4.6.0.Final,2021-04-13 21:30:36,4.6.1.Beta1,2021-05-12 16:25:00
CVE-2018-11786,https://github.com/apache/karaf/commit/103f33105a58c899706a0687bb334678e2fa1ee7,org.apache.karaf.shell:org.apache.karaf.shell.core:4.1.2,2017-10-16 15:59:45,not found,not found
CVE-2016-1181,https://github.com/kawasima/struts1-forever/commit/eda3a79907ed8fcb0387a0496d0cb14332f250e8,struts:struts:1.2.9,2016-06-08 11:38:30,FOREVER_20160608,2016-06-08 11:38:30
CVE-2021-31404,https://github.com/vaadin/flow/commit/a7ff6932a5722beebdbf3401576b74ddd340784a,com.vaadin:flow-server:1.0.5,2021-02-03 14:35:38,1.0.14,2021-02-03 14:35:38
CVE-2018-11087,https://github.com/spring-projects/spring-amqp/commit/d64e7fa3993dac577c0973e0caf8c31d27ef5e4,org.springframework.amqp:spring-rabbit:2.0.5.RELEASE,2018-08-28 16:14:35,v2.0.6.RELEASE,2018-09-10 13:59:02
CVE-2015-2351,https://github.com/alkacon/opencms-core/commit/a2e5cba0adc345943a07d1aacb6adf1a1b20c6fc,org.opencms:opencms-core:8.0.1,2015-04-23 16:52:46,build_9_5_2,2015-06-22 16:08:48
CVE-2020-1945,https://github.com/apache/ant/commit/9c1f4d905da59bf446570ac28df5b68a37281f35,org.apache.ant:ant:1.9.13,2020-05-05 14:24:03,ANT_1.9.15_RC1,2020-05-10 15:38:23
CVE-2020-8929,https://github.com/google/tink/commit/93d839a5865b9d950dffdc9d0bc99b71280a8899,com.google.crypto.tink:tink:1.2.2,2020-10-12 16:03:15,go/v1.5.0,2020-10-15 16:45:12
CVE-2016-3087,https://github.com/apache/struts/commit/6bd694b7980494c12d49ca1bf39f12aec3e03e2f,org.apache.struts:struts2-core:2.3.28,2016-05-04 09:19:18,STRUTS_2_5,2016-05-05 15:21:26
CVE-2022-0239,https://github.com/stanfordnlp/corenlp/commit/1940ffb938dc4f3f5bc5f2a2fd8b35aabbbae3dd,edu.stanford.nlp:stanford-corenlp:3.8.0,not found,not found,not found
CVE-2018-20433,https://github.com/zhutougg/c3p0/commit/2eb0ea97f745740b18dd45e4a909112d4685f87b,com.mchange:c3p0:0.9.5.2,not found,not found,not found
CVE-2018-1320,https://github.com/apache/thrift/commit/d973409661f820d80d72c0034d06a12348c8705e,org.apache.thrift:libthrift:0.9.3,2018-03-05 12:00:22,v0.12.0,2018-12-18 20:24:34
CVE-2015-1427,https://github.com/elastic/elasticsearch/commit/764fda6420a0aa10db4abef15429b5e77b9be8bf,org.elasticsearch:elasticsearch:1.4.0,2015-02-11 13:21:43,v2.0.0-beta1,2015-08-24 10:30:20
CVE-2018-1000616,https://github.com/opennetworkinglab/onos/commit/af1fa39a53c0016e92c1de246807879c16f507d6,org.onosproject:onos-cli:1.8.9,2018-06-26 09:46:49,1.14.0-rc1,2018-08-13 23:15:43
CVE-2016-4468,https://github.com/cloudfoundry/uaa/commit/215bd349a63edfef15a1aa07a3969c8991e34570,org.cloudfoundry.identity:cloudfoundry-identity-scim:2.7.4,2016-06-17 12:49:04,3.3.0.2,2016-06-20 09:26:34
CVE-2021-39139,https://github.com/x-stream/xstream/commit/652d72f38b33938c54fd3b2ef626cb7dce38001c,com.thoughtworks.xstream:xstream:1.4.11.1,2021-05-26 19:43:09,XSTREAM_1_4_18,2021-08-22 13:57:44
CVE-2014-3529,https://github.com/apache/poi/commit/103b45073c7b504236588b3acc146530205af53c,org.apache.poi:poi-ooxml:3.9,not found,not found,not found
CVE-2013-2071,https://github.com/apache/tomcat/commit/4171baf,org.apache.tomcat:tomcat-catalina:7.0.27,2013-04-24 11:27:11,9.0.0-M1,2015-11-12 22:03:14
CVE-2018-1284,https://github.com/apache/hive/commit/f80a38ae1174553022deae4f8774918401d9756d,org.apache.hive:hive-exec:1.2.1,2018-03-08 15:21:26,rel/release-2.3.3,2018-03-28 16:46:29
CVE-2011-3923,https://github.com/apache/struts/commit/2c1eb6bb57f90db7287fc3ed0086793d0a43fe9e,org.apache.struts.xwork:xwork-core:2.2.3.1,2012-01-19 15:13:03,STRUTS_2_3_1_2,2012-01-19 20:13:42
