CVE_ID,Commit Message,Links in Message,Link Presence,PATCH
CVE-2013-4600,Fixed some XSS problems (github issue #173),https://github.com/alkacon/opencms-core/issues/173,contains links,https://github.com/alkacon/opencms-core/commit/72a05e3ea1cf692e2efce002687272e63f98c14a
CVE-2018-3831,"Apply settings filter to get cluster settings API (#33247)

Some settings have filters applied to them and we use this in logs and
the get nodes info API. For consistency, we should apply this in the get
cluster settings API too.",https://github.com/elastic/elasticsearch/pull/33247,contains links,https://github.com/elastic/elasticsearch/commit/cfe3d9f611a328cfffc18b445b3aecb016349514
CVE-2013-4310,"Changes archetypes version to match latest release

git-svn-id: https://svn.apache.org/repos/asf/struts/struts2/branches/STRUTS_2_3_15_X@1532467 13f79535-47bb-0310-9956-ffa450edef68",https://svn.apache.org/repos/asf/struts/struts2/branches/STRUTS_2_3_15_X@1532467,contains links,https://github.com/apache/struts/commit/0c8366cb792227d484b9ca13e537037dd0cb57dc
CVE-2018-1000615,"Fix for OS-12, NumberFormatException on badly formatted version string

Change-Id: I7d667b12bcc00e8a8135c367cb9463f266130d31",,no links,https://github.com/opennetworkinglab/onos/commit/1a783729a1d7e0cd59d59a8dd3a73cdd6ac0f30d
CVE-2022-23596,"fix: invalid subheader type would throw npe and make the extract loop

closes #73",https://github.com/junrar/junrar/issues/73,contains links,https://github.com/junrar/junrar/commit/7b16b3d90b91445fd6af0adfed22c07413d4fab7
CVE-2021-39154,Switch to whitelist by default.,,no links,https://github.com/x-stream/xstream/commit/652d72f38b33938c54fd3b2ef626cb7dce38001c
CVE-2019-16943,More clean up after #2478,https://github.com/FasterXML/jackson-databind/issues/2478,contains links,https://github.com/FasterXML/jackson-databind/commit/54aa38d87dcffa5ccc23e64922e9536c82c1b9c8
CVE-2012-0838,"WW-3668 - Vulnerability: User input is evaluated as an OGNL expression when there's a conversion error

git-svn-id: https://svn.apache.org/repos/asf/struts/struts2/trunk@1157009 13f79535-47bb-0310-9956-ffa450edef68",https://svn.apache.org/repos/asf/struts/struts2/trunk@1157009,contains links,https://github.com/apache/struts/commit/b4265d369dc29d57a9f2846a85b26598e83f3892;https://github.com/apache/struts/commit/5f54b8d087f5125d96838aafa5f64c2190e6885b
CVE-2020-26217,Fix for CVE-2017-9805.,,contains links,https://github.com/x-stream/xstream/commit/0fec095d534126931c99fd38e9c6d41f5c685c1a
CVE-2020-24301,not found,,no links,https://github.com/jamesagnew/hapi-fhir/commit/adb3734fcbbf9a9165445e9ee5eef168dbcaedaf
CVE-2021-37714,"Speed improvement: cap number of cloned active formatting elements

Also saves on memory allocations for empty attribute lists.

Fixes #1613",https://github.com/jhy/jsoup/issues/1613,contains links,https://github.com/jhy/jsoup/commit/d2c455c94a3aaaca29d8cec6bd53ee9824622b51
CVE-2019-3888,"[UNDERTOW-1515] HttpServerExchange.toString does not include headers

This reverts commit 51144633f22ba0e73ee1f435db72025720395797.",,contains links,https://github.com/undertow-io/undertow/commit/20cacc96c0594f4f4f9bb1cc2b93a77b6be3f74c;https://github.com/undertow-io/undertow/commit/9bf05b765e222dd106fee9b46314061b18b7275e
CVE-2021-44832,Refactor to reuse existing code.,,no links,https://github.com/apache/logging-log4j2/commit/05db5f9527254632b59aed2a1d78a32c5ab74f16
CVE-2019-17569,"Correct a regression in transfer-encoding parsing

Invalid tokens are an error",,no links,https://github.com/apache/tomcat/commit/b191a0d
CVE-2020-9492,"SPNEGO TLS verification

Signed-off-by: Akira Ajisaka <aajisaka@apache.org>
(cherry picked from commit ba66f3b454a5f6ea84f2cf7ac0082c555e2954a7)

 Conflicts:
	hadoop-hdfs-project/hadoop-hdfs-client/src/main/java/org/apache/hadoop/hdfs/web/WebHdfsFileSystem.java",,contains links,https://github.com/apache/hadoop/commit/28715b584ab25dedc600cc2d5d22866865026bf7
CVE-2017-12626,not found,,contains links,https://github.com/apache/poi/commit/cd6236c74b55763a27e3e9b5f269c28bc9c98419;https://github.com/apache/poi/commit/c7db66a30dfb6cbbd5812ff3ae4c90ed2d9b9a27;https://github.com/apache/poi/commit/a07ed9e86474da98f204efadfd5b9327009a0d21;https://github.com/apache/poi/commit/df3910135fd9c442b4e746e4b156362fd2e8d755
CVE-2021-25329,Use java.nio.file.Path for consistent sub-directory checking,,no links,https://github.com/apache/tomcat/commit/6d66e99ef85da93e4d2c2a536ca51aa3418bfaf4
CVE-2020-36282,"Use trusted packages in StreamMessage

StreamMessage now uses the same ""white list"" mechanism as
ObjectMessage to avoid some arbitrary code execution on deserialization.

Even though StreamMessage is supposed to handle only primitive types,
it is still to possible to send a message that contains an arbitrary
serializable instance. The consuming application application may
then execute code from this class on deserialization.

The fix consists in using the list of trusted packages that can be
set at the connection factory level.

Fixes #135",https://github.com/rabbitmq/rabbitmq-jms-client/issues/135,contains links,https://github.com/rabbitmq/rabbitmq-jms-client/commit/f647e5dbfe055a2ca8cbb16dd70f9d50d888b638
CVE-2017-15693,"GEODE-3923 Provide whitelist/blacklist capability for java serialization

This is a squashed and rebased commit of the work from the now-defunct
whitelist-wip branch.  The work allows you to whitelist and blacklist
use of Java deserialization for classes matching a pattern you provide.

All distributedTests are now run with this enabled and with the default
blacklist pattern of ""!*"", which blacklists everything not explicitely
allowed by Geode in the sanctionedSerializables.txt files or by your test.

Each layer needing one now has its own sanctionedSerializables.txt file
that is a resource in the product tree.  These are installed as whitelists
by a new DistributedSystemService in that layer.

There are numerous examples of whitelisting classes in the tests.

If you do not whitelist your class Geode will throw an IncompatibleClassException.
If you happen to run into this look in your logs for ""rejecting"" and you
can easily find the name of the offending class and add it to your
whitelist.

Two new cache properties have been added:

  validate-serializable-objects

If true checks incoming java serializable objects against a filter (allows
internal Geode classes and any others provided in the
serializable-object-filter property).

If you enable this property you must be using Java 8 build 121 or later.
If you are not Geode will throw an exception and refuse to start.

Default: ""false""

  serializable-object-filter

A user provided whitelist of objects that the system will allow to serialize.
See java.io.ObjectInputFilter.Config for details on the syntax for creating filters.

https://docs.oracle.com/javase/9/docs/api/java/io/ObjectInputFilter.Config.html

Default: ""!*""

In addition, this work includes these significant contributions:

commit 731ac2b4206615fb6bdaa54db371c7f8b7956fd4
Author: Galen O'Sullivan <gosullivan@pivotal.io>
Date:   Wed Nov 15 10:55:23 2017 -0800

    [edited message] Allow Geode to run with older versions of Java 8
    when serialization filtering is not enabled.

    and achieve this by moving references to ObjectInputFilter out of
    InternalDataSerializer.

    Signed-off-by: Dan Smith <dsmith@pivotal.io>

commit 3329467308bbfaaf0cc30db678474894132e5f62
Author: Dan Smith <upthewaterspout@apache.org>
Date:   Thu Nov 2 13:22:42 2017 -0700

    Adding an option to run tests with a different JVM

commit a480931fa3b7e973f9076a063238c75d0b51146b
Author: Bruce Schuchardt <bschuchardt@pivotal.io>
Date:   Fri Nov 10 15:46:11 2017 -0800

    whitelist WIP

    Turned on validation by default for dunit tests and fixed issues this caused.
    Several tests now set a custom whitelist.

commit 026ae92fe2055c09762978696d53d9cd2679bd60
Author: Galen O'Sullivan <gosullivan@pivotal.io>
Date:   Thu Nov 9 17:02:56 2017 -0800

    Adding configuration parameters to toggle whitelist behavior of serializable classes.

    Open question about removing DataCommandRequest.java toData and fromData

    Signed-off-by: Brian Rowe <browe@pivotal.io>",https://docs.oracle.com/javase/9/docs/api/java/io/ObjectInputFilter.Config.html,contains links,https://github.com/apache/geode/commit/a2bd5788d0b0728d91d551ddaac878b336d7892a
CVE-2014-0050,"Fix CVE-2014-0050. Specially crafted input can trigger a DoS if the buffer used by the <code>MultipartStream</code> is not big enough. When constructing <code>MultipartStream</code> enforce the requirements for buffer size by throwing an <code>IllegalArgumentException</code> if the requested buffer size is too small. This prevents the DoS.

git-svn-id: https://svn.apache.org/repos/asf/commons/proper/fileupload/trunk@1565143 13f79535-47bb-0310-9956-ffa450edef68",https://svn.apache.org/repos/asf/commons/proper/fileupload/trunk@1565143,contains links,https://github.com/apache/commons-fileupload/commit/c61ff05b3241cb14d989b67209e57aa71540417a;https://github.com/apache/commons-fileupload/commit/60c71bb5ddb709808e1a855e8299b5f5ad617aa5
CVE-2020-11996,Fix BZ 64467. Improve performance of closing idle streams,,no links,https://github.com/apache/tomcat/commit/9a0231683a77e2957cea0fdee88b193b30b0c976
CVE-2018-1339,fix chm parser,,no links,https://github.com/apache/tika/commit/ffb48dd29d0c2009490caefda75e5b57c7958c51
CVE-2017-12196,UNDERTOW-1190 client can use bogus uri in digest authentication,,no links,https://github.com/undertow-io/undertow/commit/facb33a5cedaf4b7b96d3840a08210370a806870;https://github.com/undertow-io/undertow/commit/8804170ce3186bdd83b486959399ec7ac0f59d0f
CVE-2017-15696,"GEODE-3962: use function call to get cluster configuration from a locator (#1059)

* GEODE-3962: use function all to retrieve cluster configuration from a locator",https://github.com/apache/geode/pull/1059,contains links,https://github.com/apache/geode/commit/37a897027074d4f160a5f96cd171ac384fa1b6df
CVE-2020-25711,ISPN-12498 Check authorization on server management ops,,no links,https://github.com/infinispan/infinispan/commit/37ddb6daa47e92047556e96339e16e154bf1d81e
CVE-2016-1182,Fixed CVE-2016-1181 and CVE-2016-1182,,contains links,https://github.com/kawasima/struts1-forever/commit/eda3a79907ed8fcb0387a0496d0cb14332f250e8
CVE-2012-4386,"WW-3858
Decouple token names from their respective session attribute names

git-svn-id: https://svn.apache.org/repos/asf/struts/struts2/trunk@1368827 13f79535-47bb-0310-9956-ffa450edef68",https://svn.apache.org/repos/asf/struts/struts2/trunk@1368827,contains links,https://github.com/apache/struts/commit/a1ca307981b0930d1687ed89f0b7305af79da0f3;https://github.com/apache/struts/commit/1081c52be93abfd2f33ba8453c676e3edcedec8b
CVE-2013-4322,"Add support for limiting the size of chunk extensions when using
chunked encoding
This is part of the fix for CVE-2013-4322.

git-svn-id: https://svn.apache.org/repos/asf/tomcat/trunk@1521834 13f79535-47bb-0310-9956-ffa450edef68",https://svn.apache.org/repos/asf/tomcat/trunk@1521834,contains links,https://github.com/apache/tomcat/commit/85db6e85d8365d312fcb51d8558f83ae91d47893;https://github.com/apache/tomcat/commit/d6a9898;https://github.com/apache/tomcat/commit/b8cb9f5;https://github.com/apache/tomcat80/commit/c806b2fc6b04ca4e928b3467d94f30f20c820d9d
CVE-2017-15713,"Fixing Job History Server Configuration parsing. (Jason Lowe via asuresh)

(cherry picked from commit b3df744fb651d480050cf355f7004e50e30f22ff)",,contains links,https://github.com/apache/hadoop/commit/feb886f2093ea5da0cd09c69bd1360a335335c86
CVE-2019-17572,"[ISSUE #1637]Fix 1637 (#1644)

* fix(broker): add the check logic of the server to the topic

* chore(test):add unit test

* chore(validator):polish the code

* chore(test):add ASF license header",https://github.com/apache/rocketmq/issues/1637; https://github.com/apache/rocketmq/pull/1644,contains links,https://github.com/apache/rocketmq/commit/f8f6fbe4aa7f5dee937e688322628c366b12a552
CVE-2016-2510,not found,,no links,https://github.com/beanshell/beanshell/commit/1ccc66bb693d4e46a34a904db8eeff07808d2ced
CVE-2016-4977,"Prevent recursive placeholders in whitelabel views

This change prevents placeholders in model values from being
recursively replaced (which is a feature of the placeholder
utilities in Spring Core), so that user-provided data
(e.g. an invalid response_type or a leaky exception message)
cannot be used to inject SpEL into the view.

N.B. this only affects apps that are using the whitelabel views
for approval and error pages (i.e. probably nothing in
production).",,no links,https://github.com/spring-projects/spring-security-oauth/commit/fff77d3fea477b566bcacfbfc95f85821a2bdc2d
CVE-2011-2481,"Fix https://issues.apache.org/bugzilla/show_bug.cgi?id=51395
Better fix for memory leak that aligns ContextConfig with TldConfig
Fix part 3 of 3 for CVE-2011-2481

git-svn-id: https://svn.apache.org/repos/asf/tomcat/trunk@1138788 13f79535-47bb-0310-9956-ffa450edef68",https://issues.apache.org/bugzilla/show_bug.cgi?id=51395; https://svn.apache.org/repos/asf/tomcat/trunk@1138788,contains links,https://github.com/apache/tomcat/commit/3ab7d6be13fd59b872bb5c3745ca06035e15ba3f;https://github.com/apache/tomcat/commit/3bbcc309a04bd2e2ef4730c86c501afd1947fbc1;https://github.com/apache/tomcat/commit/8fa210147ffd98e8971cba56395726cc4a893ad7
CVE-2021-20218,fix: CVE-2021-20218 vulnerable to a path traversal,,contains links,https://github.com/fabric8io/kubernetes-client/commit/857c8733a89d59ca34c268a00aa4708bb2566a35
CVE-2021-22569,"Improve performance of parsing unknown fields in Java (#9371)

Credit should go to @elharo for most of these Java changes--I am just
cherry-picking them from our internal codebase. The one thing I did
change was to give the UTF-8 validation tests their own Bazel test
target. This makes it possible to give the other tests a shorter
timeout, which is important for UnknownFieldSetPerformanceTest in
particular.",https://github.com/protocolbuffers/protobuf/pull/9371,contains links,https://github.com/protocolbuffers/protobuf/commit/9638a5e5315bf73f5e7148c16181676372321892
CVE-2017-3589,"Fix for Bug#66430 (16714868), setCatalog on connection leaves ServerPreparedStatement cache for old catalog.",,no links,https://github.com/mysql/mysql-connector-j/commit/44631dd316e3da818fb593f02dbbe30308a937e0
CVE-2011-5064,"Add additional configuration options to the DIGEST authenticator

git-svn-id: https://svn.apache.org/repos/asf/tomcat/tc5.5.x/trunk@1159309 13f79535-47bb-0310-9956-ffa450edef68",https://svn.apache.org/repos/asf/tomcat/tc5.5.x/trunk@1159309,contains links,https://github.com/apache/tomcat55/commit/644dfdf96cf82fcd2a2046d93f2b5495f7e94584
CVE-2020-7226,"Merge pull request #53 from serac/52-safe-header

Define new ciphertext header format.",https://github.com/vt-middleware/cryptacular/pull/53,contains links,https://github.com/vt-middleware/cryptacular/commit/311baf12252abf21947afd07bf0a0291ec3ec796
CVE-2016-5001,"HDFS-9574. Reduce client failures during datanode restart. Contributed by Kihwal Lee.
(cherry picked from commit b06e39de4fc4f9c35afb472eef0bba2adf91954f)

Conflicts:
	hadoop-hdfs-project/hadoop-hdfs/CHANGES.txt
	hadoop-hdfs-project/hadoop-hdfs/src/main/java/org/apache/hadoop/hdfs/DFSConfigKeys.java
	hadoop-hdfs-project/hadoop-hdfs/src/main/java/org/apache/hadoop/hdfs/DFSInputStream.java
	hadoop-hdfs-project/hadoop-hdfs/src/main/java/org/apache/hadoop/hdfs/server/datanode/DataNodeFaultInjector.java
	hadoop-hdfs-project/hadoop-hdfs/src/main/java/org/apache/hadoop/hdfs/server/datanode/DataXceiver.java
	hadoop-hdfs-project/hadoop-hdfs/src/main/resources/hdfs-default.xml",,contains links,https://github.com/apache/hadoop/commit/04b8a19f81ee616c315eec639642439b3a18ad9c
CVE-2016-0793,WFLY-5918 Issues with servlet resource manager on Windows,,no links,https://github.com/wildfly/wildfly/commit/dcfaf3acd6bcdd1ec322bad971ddbcc94261c58b
CVE-2021-44878,reinforce security on OIDC,,no links,https://github.com/pac4j/pac4j/commit/22b82ffd702a132d9f09da60362fc6264fc281ae
CVE-2014-4172,not found,,no links,https://github.com/apereo/java-cas-client/commit/ae37092100c8eaec610dab6d83e5e05a8ee58814;https://github.com/apereo/java-cas-client/commit/9de2be91a2ed4f013900cb1facd4036c2f34d051
CVE-2019-12399,"KAFKA-8774: Regex can be found anywhere in config value (#7197)

Corrected the AbstractHerder to correctly identify task configs that contain variables for externalized secrets. The original method incorrectly used `matcher.matches()` instead of `matcher.find()`. The former method expects the entire string to match the regex, whereas the second one can find a pattern anywhere within the input string (which fits this use case more correctly).

Added unit tests to cover various cases of a config with externalized secrets, and updated system tests to cover case where config value contains additional characters besides secret that requires regex pattern to be found anywhere in the string (as opposed to complete match).

Author: Arjun Satish <arjun@confluent.io>
Reviewer: Randall Hauch <rhauch@gmail.com>",https://github.com/apache/kafka/pull/7197,contains links,https://github.com/apache/kafka/commit/b85707c0fdb4c11448cdb5a1938e0488ddc91102
CVE-2011-4461,367638: 361316: protected multipart filter from DoS,,no links,https://github.com/eclipse/jetty.project/commit/d0b81a185c260ffceecb9d7470b3ddfbfeda4c11
CVE-2018-1000822,fix #1851 add FEATURE_SECURE_PROCESSING,https://github.com/codelibs/fess/issues/1851,contains links,https://github.com/codelibs/fess/commit/4e0d9f5faaf4ec75dbe89f5ff97ece0f03b097a8;https://github.com/codelibs/fess/commit/faa265b
CVE-2021-29451,Fix security vulnerability,,no links,https://github.com/ManyDesigns/Portofino/commit/8c754a0ad234555e813dcbf9e57d637f9f23d8fb
CVE-2021-27906,"PDFBOX-4892: optimize loop, as suggested by valerybokov

git-svn-id: https://svn.apache.org/repos/asf/pdfbox/branches/2.0@1887586 13f79535-47bb-0310-9956-ffa450edef68",https://svn.apache.org/repos/asf/pdfbox/branches/2.0@1887586,contains links,https://github.com/apache/pdfbox/commit/c978d742bd64137aacdba346f3afe7238a5ac9a7
CVE-2017-15695,"GEODE-3974: improve permission for Internal functions (#1395)

   New marker interface InternalFunction to define all
   internal functions. InternalFunctions need * permission.",https://github.com/apache/geode/pull/1395,contains links,https://github.com/apache/geode/commit/aa469239860778eb46e09dd7b390aee08f152480;https://github.com/apache/geode/commit/00be4f9774e1adf8e7ccc2664da8005fc30bb11d;https://github.com/apache/geode/commit/954ccb545d24a9c9a35cbd84023a4d7e07032de0;https://github.com/apache/geode/commit/6df14c8b1e3c644f9f810149e80bba0c2f073dab
CVE-2013-4316,"Disables DMI

git-svn-id: https://svn.apache.org/repos/asf/struts/struts2/branches/STRUTS_2_3_15_1_X@1524296 13f79535-47bb-0310-9956-ffa450edef68",https://svn.apache.org/repos/asf/struts/struts2/branches/STRUTS_2_3_15_1_X@1524296,contains links,https://github.com/apache/struts/commit/58947c3f85ae641c1a476316a2888e53605948d1
CVE-2021-43797,"Merge pull request from GHSA-wx5j-54mm-rqqq

Motivation:

We should validate that only OWS is allowed before / after a header name and otherwise throw. At the moment we just ""strip"" everything except OWS.

Modifications:

- Adjust code to correctly validate
- Add unit tests

Result:

More strict and correct behaviour",,contains links,https://github.com/netty/netty/commit/07aa6b5938a8b6ed7a6586e066400e2643897323
CVE-2020-17516,Fix inbound TLS enforcement,,no links,https://github.com/apache/cassandra/commit/c2f24d2c45aae6030310d881dcd96ba60d04a2ad
CVE-2019-0201,ZOOKEEPER-1392: Request READ or ADMIN permission for getAcl(),,no links,https://github.com/emperwang/zookeeper/commit/af741cb319d4760cfab1cd3b560635adacd8deca
CVE-2019-3802,"DATAJPA-1534 - Escape wildcards in QBE Like-queries.

The `StringMatcher` values `STARTING`, `ENDING`, and `CONTAINING` now escape wildcards in their parameters.

See also: DATAJPA-1519, DATAJPA-1522.",,contains links,https://github.com/spring-projects/spring-data-jpa/commit/33027dc370f418981f41f8fdfebc7173155960a1
CVE-2016-1000339,"added better support for DH domain parameters
added s box allocation to AESEngine
reduced use of AESFastEngine.",,no links,https://github.com/bcgit/bc-java/commit/413b42f4d770456508585c830cfcde95f9b0e93b;https://github.com/bcgit/bc-java/commit/8a73f08931450c17c749af067b6a8185abdfd2c0
CVE-2011-0013,"Prevent XSS in Manager application
This addresses CVE-2011-0013


git-svn-id: https://svn.apache.org/repos/asf/tomcat/trunk@1057279 13f79535-47bb-0310-9956-ffa450edef68",https://svn.apache.org/repos/asf/tomcat/trunk@1057279,contains links,https://github.com/apache/tomcat/commit/c8a9a43183e061f09eb5cf7cd5443cecd8699462;https://github.com/apache/tomcat/commit/1930114c4122f2b6f45d6b92e7790288b17e2ad2
CVE-2011-1498,"HTTPCLIENT-1061: Proxy-Authorization header gets sent to the target host when tunneling requests through a proxy that requires authentication

git-svn-id: https://svn.apache.org/repos/asf/httpcomponents/httpclient/trunk@1074473 13f79535-47bb-0310-9956-ffa450edef68",https://svn.apache.org/repos/asf/httpcomponents/httpclient/trunk@1074473,contains links,https://github.com/apache/httpcomponents-client/commit/a572756592c969affd0ce87885724e74839176fb
CVE-2020-10686,KEYCLOAK-13259,,no links,https://github.com/keycloak/keycloak/commit/5ddd605ee96b8551c7eb00b609a0b97939925b77
CVE-2018-9116,Disabled downloading of externally referenced DTDs during XML parsing and XPath evaluation,,no links,https://github.com/tomakehurst/wiremock/commit/4c6dfde82a5ee91c5f47bf353f5099d11692db39
CVE-2013-4390,"SLING-3141 : AbstractAuthenticationFormServlet should make sure resource is a valid redirect

git-svn-id: https://svn.apache.org/repos/asf/sling/trunk@1528062 13f79535-47bb-0310-9956-ffa450edef68",https://svn.apache.org/repos/asf/sling/trunk@1528062,contains links,https://github.com/apache/sling/commit/6256d8bcbe9e99855ae2c78b8c8d0e80fa9b10b8
CVE-2020-1951,TIKA-3050 -- add xmp extraction from PSD files,,no links,https://github.com/apache/tika/commit/750d7790c7d8ba766f2794fac79521d5870eadfb
CVE-2021-21343,"Add CVEs, fixes and documentation.",,no links,https://github.com/x-stream/xstream/commit/d5e51177634afea7213b9dc2d21f101d2e258db9
CVE-2013-5823,not found,,contains links,https://github.com/apache/santuario-java/commit/55a48497dfbf3fe63a81e67c13160b3f41ebb1f3;https://github.com/apache/santuario-java/commit/f9a61f2df9473237aa71308c28113540b4063d33
CVE-2018-1000854,"Merge pull request #199 from esigate/nricheton-patch-2

Cleanup XSLT tests and ensure secure rendering",https://github.com/esigate/esigate/pull/199,contains links,https://github.com/esigate/esigate/commit/30cad23a8f282600c9b045e1af09f6f8a65357b1;https://github.com/esigate/esigate/commit/8461193d2f358bcf1c3fabf82891a66786bfb540;https://github.com/esigate/esigate/commit/b866acb1ebc661dbe475330e27e0d69693de1971
CVE-2016-8749,CAMEL-10567: Camel-Jackson: Add an option to allow the UnmarshallType header use,,contains links,https://github.com/apache/camel/commit/d4102512147eca2af21c3b6ed63a67d852f4e66;https://github.com/apache/camel/commit/7567488f844f01d72840f7ab6ca18114a11f20d;https://github.com/apache/camel/commit/57d01e2fc8923263df896e9810329ee5b7f9b69
CVE-2014-3490,"Merge pull request #521 from ronsigal/master

master branch",https://github.com/resteasy/resteasy/pull/521,contains links,https://github.com/resteasy/Resteasy/commit/240da98bc6437a44b3b267cb6d0d8bac3691b2f7;https://github.com/ronsigal/Resteasy/commit/9b7d0f574cafdcf3bea5428f3145ab4908fc6d83
CVE-2022-26336,"[bug-65899] fix issue where malformed tnef file can cause memory problems

git-svn-id: https://svn.apache.org/repos/asf/poi/trunk@1898208 13f79535-47bb-0310-9956-ffa450edef68",https://svn.apache.org/repos/asf/poi/trunk@1898208,contains links,https://github.com/apache/poi/commit/6622d9badb3590cb6190d912730548635a359dc0
CVE-2012-6612,"Merged revision(s) 1390921 from lucene/dev/trunk:
SOLR-3895, SOLR-3614: XML and XSLT UpdateRequestHandler should not try to resolve external entities; fix XML parsing in XPathEntityProcessor to correctly expand named entities, but ignore external entities

git-svn-id: https://svn.apache.org/repos/asf/lucene/dev/branches/branch_4x@1390924 13f79535-47bb-0310-9956-ffa450edef68",https://svn.apache.org/repos/asf/lucene/dev/branches/branch_4x@1390924,contains links,https://github.com/apache/lucene-solr/commit/bffc5624eff8e2790fb8d29b48385efd063c79d9
CVE-2017-12629,"SOLR-11477: Disallow resolving of external entities in Lucene queryparser/xml/CoreParser and SolrCoreParser (defType=xmlparser or {!xmlparser ...}) by default.

(Michael Stepankin, Olga Barinova, Uwe Schindler, Christine Poerschke)

This closes #263.",https://github.com/apache/lucene-solr/pull/263,contains links,https://github.com/apache/lucene-solr/commit/d8000beebfb13ba0b6e754f84c760e11592d8d1
CVE-2020-5230,"Limit Characters Allowed In Ids

Opencast allows almost arbitrary identifiers for media packages and
elements to be used. This can be problematic for operation and security
since such identifiers are sometimes used for file system operations
which may lead to attacker being able to escape working directories and
write files to other locations.

In addition, Opencast's `Id.toString(…)` vs `Id.compact(…)` behavior,
the latter trying to mitigate some of the file system problems, can
cause errors due to identifier mismatch since an identifier may
unintentionally change.

This patch limits the characters allowed to be used in identifiers to
ensure no unsafe operations are possible and no mismatch may happen.",,no links,https://github.com/opencast/opencast/commit/bbb473f34ab95497d6c432c81285efb0c739f317
CVE-2014-3709,KEYCLOAK-765 Check signature on state in social callback,,no links,https://github.com/keycloak/keycloak/commit/bb132e1aa0b3b3a123883d0b8d0b788337df956d
CVE-2020-9486,"NIFI-7377 Cleaned up nifi-stateless logs.
Refactored masking logic to CipherUtility and indicated masking with label and Base64 output.
Added JSON masking logic to nifi-stateless module.
Added argument masking functionality to Program.
Moved groovy unit tests to proper Maven directory structure.
Modified plain argument output to use filtering/masking methods in provided utility.
Refactored utility methods.
Updated unit tests.

This closes #4222.

Co-authored-by: Pierre Villard <pierre.villard.fr@gmail.com>

Signed-off-by: Andy LoPresto <alopresto@apache.org>",https://github.com/apache/nifi/pull/4222,contains links,https://github.com/apache/nifi/commit/148537d64a017b73160b0d49943183c18f883ab0
CVE-2017-5651,"Fix https://bz.apache.org/bugzilla/show_bug.cgi?id=60918
When sendfile processing passes to the Poller for completion and then completes before Http11Processor.service() exists, the Processor is recycled which clears sendfileData causing the Processor to return CLOSED or OPEN rather than SENDFILE.

git-svn-id: https://svn.apache.org/repos/asf/tomcat/trunk@1788544 13f79535-47bb-0310-9956-ffa450edef68",https://bz.apache.org/bugzilla/show_bug.cgi?id=60918; https://svn.apache.org/repos/asf/tomcat/trunk@1788544,contains links,https://github.com/apache/tomcat/commit/9233d9d6a018be4415d4d7d6cb4fe01176adf1a8
CVE-2016-2141,not found,,no links,https://github.com/belaban/JGroups/commit/c3ad22234ef84d06d04d908b3c94c0d11df8afd;https://github.com/belaban/JGroups/commit/eeaf5241cce464ef21a2dfc4938729ade9ebef36;https://github.com/belaban/JGroups/commit/38a882331035ffed205d15a5c92b471fd09659c;https://github.com/belaban/JGroups/commit/fba182c14075789e1d2c976d50d9018c671ad0b
CVE-2017-9735,Fixes #1556 - A timing channel in Password.java.,https://github.com/jetty/jetty.project/issues/1556,contains links,https://github.com/eclipse/jetty.project/commit/042f325f1cd6e7891d72c7e668f5947b5457dc02;https://github.com/eclipse/jetty.project/commit/f3751d70787fd8ab93932a51c60514c2eb37cb58;https://github.com/eclipse/jetty.project/commit/2baa1abe4b1c380a30deacca1ed367466a1a62ea
CVE-2018-1999020,"Fix for OS-13 - don't allow app pathnames to leave the app root

Change-Id: I6bb7be6df8be3dced903f72cef4600532cb118a3
(cherry picked from commit 10e606aab45365b15f2533e0e92d5047ac6a84fe)",,contains links,https://github.com/opennetworkinglab/onos/commit/4b19da6ce94de4865a365c200d6e8169ffb2184f
CVE-2018-1000008,[SECURITY-655] Do not resolve external entities.,,no links,https://github.com/jenkinsci/pmd-plugin/commit/f88399a021c22e30cb8fbac5200471d69f1b6224
CVE-2020-27178,Backport MFA Gauth improvement,,no links,https://github.com/apereo/cas/commit/1808d979b784500d4b4dd846003a0230f326b57d
CVE-2014-0096,"Redefine globalXsltFile as relative to CATALINA_BASE/conf or CATALINA_HOME/conf
This is part 1 of 2 of the fix for CVE-2014-0096


git-svn-id: https://svn.apache.org/repos/asf/tomcat/trunk@1578610 13f79535-47bb-0310-9956-ffa450edef68",https://svn.apache.org/repos/asf/tomcat/trunk@1578610,contains links,https://github.com/apache/tomcat/commit/f4863f73da45dab42595ea4f0f1c065ccb380239;https://github.com/apache/tomcat/commit/8d67386595064cf4f0563951dba313ec1bd7e4ea
CVE-2020-13941,"SOLR-14561 Followup - validate params for more core operations  (#1629)

Add template to solr.in scripts
Also testes Windows paths
Added RefGuide documentation to some params",https://github.com/apache/lucene-solr/pull/1629,contains links,https://github.com/apache/lucene-solr/commit/49a3f0a11d41f7124b893a08dc9e67594c32e2ee
CVE-2021-25122,"Simplify the code and fix an edge case for BZ 64830

https://bz.apache.org/bugzilla/show_bug.cgi?id=64830",https://bz.apache.org/bugzilla/show_bug.cgi?id=64830,contains links,https://github.com/apache/tomcat/commit/dd757c0a893e2e35f8bc1385d6967221ae8b9b9b
CVE-2020-13940,"NIFI-7680 Added convenience methods for creating XML DocumentBuilder instances.
Added unit tests.

NIFI-7680 Duplicated DocumentBuilder creation method in NotificationServiceManager to avoid nifi-bootstrap dependency on nifi-security-utils.
Explicitly added commons-lang3 to lib/bootstrap/ directory in nifi-assembly.

NIFI-7680 Reverted unnecessary dependency changes.
Added explicit dependencies where necessary.

Signed-off-by: Matthew Burgess <mattyb149@apache.org>

This closes #4436",https://github.com/apache/nifi/pull/4436,contains links,https://github.com/apache/nifi/commit/7f0416ee8bdcee95e28409cc6fae9c1394c2a798
CVE-2018-11765,"Revert ""HADOOP-13707. If kerberos is enabled while HTTP SPNEGO is not configured, some links cannot be accessed. Contributed by Yuanbo Liu""

Change-Id: I946a466a43d56c73bb0135384e73cb8513595461
(cherry picked from commit 80ee5248b2dda1cb8d122d4f362f2f8cf02b9467)
(cherry picked from commit 252c2b4d52e0dd8984d6f2a8f292f40e1c347fab)
(cherry picked from commit 78f103d6e623692d00060e554dead5473b18d4ca)",,contains links,https://github.com/apache/hadoop/commit/94b0df839d36cf5d5e927b3642566c67d0689474
CVE-2021-42575,"Render style tag content more strictly.

This addresses a vulnerability where policies that allow `<style>`
elements with text in `<option>` elements are vulnerable to XSS as
disclosed in

https://docs.google.com/document/d/11SoX296sMS0XoQiQbpxc5pNxSdbJKDJkm5BDv0zrX50/edit?usp=sharing

This changes behavior for rendering of `<style>` element text so may
change behavior.

Specifically, `<style>` element text that includes the strings `-->`
or `]]>` will no longer sanitize.",https://docs.google.com/document/d/11SoX296sMS0XoQiQbpxc5pNxSdbJKDJkm5BDv0zrX50/edit?usp=sharing,contains links,https://github.com/OWASP/java-html-sanitizer/commit/be33ec6962fa3938ec028873e269632d5d8fa55a
CVE-2019-12086,Backport #2326 fix in 2.8 (for theoretical 2.8.11.4),https://github.com/FasterXML/jackson-databind/issues/2326,contains links,https://github.com/FasterXML/jackson-databind/commit/efc3c0d02f4743dbaa6d1b9c466772a2f13d966b
CVE-2017-7525,Fix #1737,https://github.com/FasterXML/jackson-databind/issues/1737,contains links,https://github.com/FasterXML/jackson-databind/commit/ddfddfba6414adbecaff99684ef66eebd3a92e92;https://github.com/FasterXML/jackson-databind/commit/fd8dec2c7fab8b4b4bd60502a0f1d63ec23c24da
CVE-2020-17523,Improving tests for path matching logic,,no links,https://github.com/apache/shiro/commit/ab1ea4a2006f6bd6a2b5f72740b7135662f8f160
CVE-2018-11039,"Restrict HTTP methods on Servlet HiddenHttpMethodFilter

This commit restricts the allowed HTTP methods on HiddenHttpMethodFilter
(Servlet variant) to the following: PUT, DELETE, PATCH.

This filter is meant to be used to simulate those methods from HTML
forms sent by browsers, so no other methods are allowed.

Issue: SPR-16836
(Cherry-picked from f64fa3dea1)",,contains links,https://github.com/spring-projects/spring-framework/commit/323ccf99e575343f63d56e229c25c35c170b7ec1
CVE-2013-2134,"WW-4090 Itroduces actions names' whitelisting

git-svn-id: https://svn.apache.org/repos/asf/struts/struts2/branches/STRUTS_2_3_14_2_X@1488895 13f79535-47bb-0310-9956-ffa450edef68",https://svn.apache.org/repos/asf/struts/struts2/branches/STRUTS_2_3_14_2_X@1488895,contains links,https://github.com/apache/struts/commit/01e6b251b4db78bfb7971033652e81d1af4cb3e;https://github.com/apache/struts/commit/8b4fc81daeea3834bcbf73de5f48d0021917aa3
CVE-2020-1954,"Prevent RMI registry rebind (#641)

* Prevent registry rebind

* Add the RMI server when not running threaded

* Update MBServerConnectorFactory.java

* Add compiler option for Java 11. Will look to see if there's a way to avoid the use of sun.rmi.registry altogether

* Identify the lookup name from the JMX URL

* Adding unit test for getBindingName()

* Re-instating test removed by mistake

Co-authored-by: Colm O hEigeartaigh <coheigea@users.noreply.github.com>
(cherry picked from commit 543de65106515538ecaef8b57c554e88a7bda0d1)
(cherry picked from commit 98ec361acd390483005de12ca3b10cf49cbdcf8a)

# Conflicts:
#	rt/management/pom.xml",https://github.com/apache/cxf/pull/641,contains links,https://github.com/apache/cxf/commit/8636c3760a97979f42e45080230a27b81df5d436
CVE-2017-4995,"Update SecurityJackson2Modules

Fixes gh-4370",,contains links,https://github.com/spring-projects/spring-security/commit/947d11f433b78294942cb5ea56e8aa5c3a0ca43;https://github.com/spring-projects/spring-security/commit/5dee8534cd1b92952d10cc56335b5d5856f48f3b
CVE-2019-13237,Source search app: Fixed issue with reading resource type from state.,,no links,https://github.com/alkacon/opencms-core/commit/13fc0b8c9a1d36b6541dd5a2debe15fb81de1f0f
CVE-2019-0207,"In resource code, handling backslash as path separator better",,no links,https://github.com/apache/tapestry-5/commit/6dd7219fd4707467a36091e2f7f5f6460c619099
CVE-2013-1768,"Disable logging during brokerfactory de-serialization.  Added type checking of plugin values.

git-svn-id: https://svn.apache.org/repos/asf/openjpa/branches/2.2.x@1462076 13f79535-47bb-0310-9956-ffa450edef68",https://svn.apache.org/repos/asf/openjpa/branches/2.2.x@1462076,contains links,https://github.com/apache/openjpa/commit/b8933dc24b84e7e7430ece56bd645d425dd89f24;https://github.com/apache/openjpa/commit/521fecd2d9b91c27e9f90d97e5f5479d17239eb8;https://github.com/apache/openjpa/commit/d3c68ad3bb9aa0e4e9abbfdec691abb06df642a5;https://github.com/apache/openjpa/commit/87a4452be08b4f97274d0ccfac585ae85841e470
CVE-2017-7657,"Merge remote-tracking branch 'origin/jetty-9.2.x' into jetty-9.3.x

Signed-off-by: Greg Wilkins <gregw@webtide.com>",,no links,https://github.com/eclipse/jetty.project/commit/be8ff431a4b9b2e51c4c847512dfbc70166b8089
CVE-2020-8570,Add path normalization for archive files.,,no links,https://github.com/kubernetes-client/java/commit/f5de2e7ff3c9e158d42df10667f03306b2c26e2e
CVE-2011-4905,"Fix for https://issues.apache.org/jira/browse/AMQ-3294 and https://issues.apache.org/jira/browse/AMQ-1928

git-svn-id: https://svn.apache.org/repos/asf/activemq/trunk@1209700 13f79535-47bb-0310-9956-ffa450edef68",https://issues.apache.org/jira/browse/AMQ-3294; https://issues.apache.org/jira/browse/AMQ-1928; https://svn.apache.org/repos/asf/activemq/trunk@1209700,contains links,https://github.com/apache/activemq/commit/3a71f8e33d0309cb0ca5b5758a8f251da205e757
CVE-2016-1000338,added length check for sequence in DSA signatures,,no links,https://github.com/bcgit/bc-java/commit/b0c3ce99d43d73a096268831d0d120ffc89eac7f
CVE-2016-6793,"Do not (de)serialize DiskFileItem.

X-Ref: https://github.com/apache/commons-fileupload/commit/7b201e44962c99cf4019e137aee9ccc0273c3ab1",https://github.com/apache/commons-fileupload/commit/7b201e44962c99cf4019e137aee9ccc0273c3ab1,contains links,https://github.com/apache/wicket/commit/134686ef7185d3f96fec953136ab4847cd36b68
CVE-2016-9177,"Merge pull request #701 from perwendel/fix-for-directory-traversal-issue-700

Fix for #700 - Arbitrary File Read Vulnerability",https://github.com/perwendel/spark/pull/701; https://github.com/perwendel/spark/issues/700,contains links,https://github.com/perwendel/spark/commit/efcb46c710e3f56805b9257a63d1306882f4faf9
CVE-2019-14838,"Merge pull request #3981 from gaol/CVE-2019-14838-master-core

[WFCORE-4683] User with Monitor role can stop the servers in domain mode",https://github.com/wildfly/wildfly-core/pull/3981,contains links,https://github.com/wildfly/wildfly-core/commit/131fa6880ae1523fac9e96df54dc394b63b0eed3;https://github.com/wildfly/wildfly-core/commit/80e18b46f73f9d061d4150c66e6dc2fc1fd0bc41
CVE-2009-2901,"Various related (un)deploy improvements including:
- better handling of failed (un)deployment
- adding checking for invalid zip file entries that don't make sense in a WAR file
- improved validation of WAR file names.
These changes address CVE-2009-2693, CVE-2009-2901 and CVE-2009-2902.

git-svn-id: https://svn.apache.org/repos/asf/tomcat/tc5.5.x/trunk@902650 13f79535-47bb-0310-9956-ffa450edef68",https://svn.apache.org/repos/asf/tomcat/tc5.5.x/trunk@902650,contains links,https://github.com/apache/tomcat55/commit/0299cb724ea71f304d54adfcdb950f59b01fb421;https://github.com/apache/tomcat/commit/3e1010b1a2f648581fac3d68afbf18f2979f6bf6
CVE-2021-21290,"Use Files.createTempFile(...) to ensure the file is created with proper permissions

Motivation:

File.createTempFile(String, String)` will create a temporary file in the system temporary directory if the 'java.io.tmpdir'. The permissions on that file utilize the umask. In a majority of cases, this means that the file that java creates has the permissions: `-rw-r--r--`, thus, any other local user on that system can read the contents of that file.
This can be a security concern if any sensitive data is stored in this file.

This was reported by Jonathan Leitschuh <jonathan.leitschuh@gmail.com> as a security problem.

Modifications:

Use Files.createTempFile(...) which will use safe-defaults when running on java 7 and later. If running on java 6 there isnt much we can do, which is fair enough as java 6 shouldnt be considered ""safe"" anyway.

Result:

Create temporary files with sane permissions by default.",,no links,https://github.com/netty/netty/commit/c735357bf29d07856ad171c6611a2e1a0e0000ec
CVE-2021-3642,"Merge pull request #1551 from fjuma/ELY-2147-1.10.x

[ELY-2147] Harden ScramServer against timing attacks",https://github.com/wildfly-security/wildfly-elytron/pull/1551,contains links,https://github.com/wildfly-security/wildfly-elytron/commit/f512afc33807c8e7cf74ccb1a14532090906e793
CVE-2014-3558,HV-912 Removing methods from ReflectionHelper which make privileged operations publicly accessible,,no links,https://github.com/hibernate/hibernate-validator/commit/e8c42b689df8c6752d635d02c6518da3fece3870;https://github.com/hibernate/hibernate-validator/commit/2c95d4ea0ef20977be249e31a4a4f4f4f71c945d;https://github.com/hibernate/hibernate-validator/commit/c489416f699a46859c134796b3ccfea41ef3ce52;https://github.com/hibernate/hibernate-validator/commit/c9525ca544b1281e2b7c7347e86e87c86dc1dc6e;https://github.com/hibernate/hibernate-validator/commit/fd4eaed7fb930db6a5e4c03742b4b3adcfecc90e;https://github.com/hibernate/hibernate-validator/commit/f97c2021a03c825abdeca1692f5be51e77e76a8f;https://github.com/hibernate/hibernate-validator/commit/67fdff14831c035c25e098fe14bd86523d17f726;https://github.com/hibernate/hibernate-validator/commit/7e7131939a4361a7cad3e77ab89a8462132c561c
CVE-2021-42392,Get data types directly from linked tables from H2,,no links,https://github.com/h2database/h2database/commit/4a2e677bfb6bfee59bff1ce1dfb6f28ce5109d8c
CVE-2018-1271,"Consistent encoded path evaluation in ResourceHttpRequestHandler and co

Issue: SPR-16616",,no links,https://github.com/spring-projects/spring-framework/commit/91b803a2310344d925e5d4b1709bbcea9037554;https://github.com/spring-projects/spring-framework/commit/695bf2961feffd35b5560ccc982a2189dcca611;https://github.com/spring-projects/spring-framework/commit/98ad23bef8e2e04143f8f5b201380543a8d8c0c;https://github.com/spring-projects/spring-framework/commit/f59ea610dfcf55cd0b42f6dd76a9b3dab0218aa;https://github.com/spring-projects/spring-framework/commit/0e28bee0f155b9bf240b4bafc4646e4810cb23f;https://github.com/spring-projects/spring-framework/commit/13356a7ee2240f740737c5c83bdccdacc30603a
CVE-2019-9658,Issue #6474: disable external dtd load by default,https://github.com/checkstyle/checkstyle/issues/6474,contains links,https://github.com/checkstyle/checkstyle/commit/180b4fe37a2249d4489d584505f2b7b3ab162ec6;https://github.com/checkstyle/checkstyle/commit/f796c5053b6f275db9a3907fa24207d233974e29
CVE-2021-43795,"Merge pull request from GHSA-8fp4-rp6c-5gcv

Motivation:

- We changed how `PathAndQuery` handles `%2F` (/) in 1.12.0 via #3855.
  This change introduces an unexpected hole in its double-dot detection
  logic.
- Since we decided not to decode `%2F`, we should not decode it
  whereever possible.

Modifications:

- Hardened the double-dot detection logic in `PathAndQuery`.
- `Bytes.data` now always store the bytes in their decoded form. We keep
  whether the byte has to be encoded in a separate `BitSet`.
- Split `ArmeriaHttpUtil.decodePath()` into `decodePath()` and
  `decodePathParam()`.
  - We don't decode `%2F` in `decodePath()` but we do in
    `decodePathParam()`.
  - `RoutingResultBuilder.rawParam()` now uses `decodePathParam()`
    because `decodePath()` doesn't decode `%2F` anymore.

Result:

- A path that contains double dots with `%2F`, such as
  `/files/..%2Fsecrets.txt`, are now rejected correctly.",https://github.com/line/armeria/pull/3855,contains links,https://github.com/line/armeria/commit/e2697a575e9df6692b423e02d731f293c1313284
CVE-2017-5664,"Use a more reliable mechanism for the DefaultServlet when determining if the current request is for custom error page or not.

git-svn-id: https://svn.apache.org/repos/asf/tomcat/tc8.0.x/trunk@1793470 13f79535-47bb-0310-9956-ffa450edef68",https://svn.apache.org/repos/asf/tomcat/tc8.0.x/trunk@1793470,contains links,https://github.com/apache/tomcat80/commit/e070a31ec81b56377822e44883c64abb41f36a3b
CVE-2018-12972,"Avoid double computing the expressions for the /query/exp endpoint.
Also make sure both versions of next() handle booleans.

Signed-off-by: Chris Larsen <clarsen@yahoo-inc.com>",,no links,https://github.com/OpenTSDB/opentsdb/commit/a6a9ec4bc8a526951bc25bb19a145782bafaa8b0
CVE-2019-18394,"OF-1885: Guard against SSRF by inpecting favicon results

The Openfire servlet that is supposed to be used to retrieve favicons from remote servers could be used to obtain anything. To prevent unauthorized use, this commit adds a check that verifies if the returned data is an image. If that's not the case, the returned data is ignored.",,no links,https://github.com/igniterealtime/Openfire/commit/c2ccb38250910587498597955d0bbee8b58e46df
CVE-2020-5411,Update Jackson2ExecutionContextStringSerializer,,no links,https://github.com/spring-projects/spring-batch/commit/6d7d2927ddcd8c7ddd902fa1196b1e780c0d70ea
CVE-2011-1088,"CVE-2011-1088
@ServletSecurity
Servlets added via addServlet() should not be processed unless created via craeteServlet. Need to delay scanning until urlPatterns are known

git-svn-id: https://svn.apache.org/repos/asf/tomcat/trunk@1077995 13f79535-47bb-0310-9956-ffa450edef68",https://svn.apache.org/repos/asf/tomcat/trunk@1077995,contains links,https://github.com/apache/tomcat/commit/ece65c1a428094b1c6c17de3d7593f64e1bb1286;https://github.com/apache/tomcat/commit/f528992ec6cd7b62c9ced5b3a7dc4cda6bfd1a5e;https://github.com/apache/tomcat/commit/9c90bdc1ad942374b1bb6b147613497970b3c8e1;https://github.com/apache/tomcat/commit/3e5b045
CVE-2013-2248,"WW-4140
- Lukasz' patch applied

git-svn-id: https://svn.apache.org/repos/asf/struts/struts2/branches/STRUTS_2_3_15_X@1502979 13f79535-47bb-0310-9956-ffa450edef68",https://svn.apache.org/repos/asf/struts/struts2/branches/STRUTS_2_3_15_X@1502979,contains links,https://github.com/apache/struts/commit/3cfe34fefedcf0fdcfcb061c0aea34a715b7de63
CVE-2017-12616,"Correct regression in r1804604 that broke WebDAV.

git-svn-id: https://svn.apache.org/repos/asf/tomcat/tc7.0.x/trunk@1804729 13f79535-47bb-0310-9956-ffa450edef68",https://svn.apache.org/repos/asf/tomcat/tc7.0.x/trunk@1804729,contains links,https://github.com/apache/tomcat/commit/07dc0ea2745f0afab6415f22b16a29f1c6de5727
CVE-2015-1836,ZKUtil#isSecureZooKeeper should check more app configuration entries (Enis Söztutar),,no links,https://github.com/apache/hbase/commit/f20fdb5;https://github.com/apache/hbase/commit/942e09b71eef5bd9fdb1c8711125c4bc1193bcdc
CVE-2016-5007,"Add MvcRequestMatcher

Fixes gh-3964",,contains links,https://github.com/spring-projects/spring-security/commit/e4c13e
CVE-2016-6805,IGNITE-4537 - Filter possible sensitive user data that might be set in system properties to send in update notifier.,,contains links,https://github.com/apache/ignite/commit/9c401b0dcfc6edb5cc83f6b35bc0d24db6f10347
CVE-2021-21347,New predefined blacklist avoids vulnerability due to improper setup of the security framework. Closes #207.,https://github.com/x-stream/xstream/issues/207,contains links,https://github.com/x-stream/xstream/commit/51abe602e09016c8e43e91325a15226022f4da46
CVE-2016-9487,Tweak configuration of XML parsers,,no links,https://github.com/IDPF/epubcheck/commit/66e88e46b4f2cf44ee9607c05f2eccb6254c4101
CVE-2021-39147,Switch to whitelist by default.,,no links,https://github.com/x-stream/xstream/commit/652d72f38b33938c54fd3b2ef626cb7dce38001c
CVE-2018-1259,"DATACMNS-1292 - Improved default setup of XMLBeam.

We now explicitly disable entity expansion in the DocumentBuilderFactory used by XMLBeam.

Introduced constructor in XmlBeamHttpMessageConverter to allow dedicated configuration of an XBProjector instance in case the defaults need tweaking and augmented the web configuration setup to automatically pick up a custom XmlBeamHttpMessageConverter bean instead of our own default if present.",,contains links,https://github.com/spring-projects/spring-data-commons/commit/11d0aa1b396d8819a5a0d4933c5cfc72fe9ad102
CVE-2019-7722,"Harden XML parsing

 - Fixes #532",https://github.com/pmd/pmd/issues/532,contains links,https://github.com/pmd/pmd/commit/e295711343cc155cb64ea0ae29ce9d69201469b3
CVE-2022-24289,CAY-2679 Unstable ordering of relationships in the .map.xml file,,no links,https://github.com/apache/cayenne/commit/e1b3de34de5b4230f03068e2a14fd4ce74e61b84
CVE-2017-7561,[RESTEASY-1704] CVE-2017-7561 resteasy: Vary header not added by CORS filter leading to cache poisoning,,contains links,https://github.com/resteasy/Resteasy/commit/fd66aad3cb1e8553323a9af5b58f1ad5150dc5b9
CVE-2017-5656,Backporting fix for CVE-2017-5656,,contains links,https://github.com/apache/cxf/commit/f25f4a51bf0de5255414c233f41ccc35cf00a073;https://github.com/apache/cxf/commit/66c2c5b9
CVE-2016-8739,Letting CXF StaxUtils prepare XMLStreamReader for Atom reads,,no links,https://github.com/apache/cxf/commit/9deb2d17;https://github.com/apache/cxf/commit/8e4970d9
CVE-2013-6430,"Update JavaScriptUtils

Add escaping for <, >, and PS/LS line terminators

Issue: SPR-9983",,no links,https://github.com/spring-projects/spring-framework/commit/f5c9fe69a444607af667911bd4c5074b5b073e7b;https://github.com/spring-projects/spring-framework/commit/7a7df6637478607bef0277bf52a4e0a03e20a248
CVE-2018-1317,"[ZEPPELIN-3350] Don't allow set cronExecutionUser

### What is this PR for?
This PR just does a quick fix this security issue.
1. Remove the setting cron user in frontend
2. Run the note via owner.

### What type of PR is it?
[Bug Fix ]

### Todos
* [ ] - Task

### What is the Jira issue?
* https://issues.apache.org/jira/browse/ZEPPELIN-3350

### How should this be tested?
* Manually tested

### Screenshots (if appropriate)
![screen shot 2018-04-09 at 3 04 06 pm](https://user-images.githubusercontent.com/164491/38483974-707dca56-3c07-11e8-918a-cd47ed94ee99.png)

### Questions:
* Does the licenses files need update? No
* Is there breaking changes for older versions? No
* Does this needs documentation? No

Author: Jeff Zhang <zjffdu@apache.org>

Closes #2914 from zjffdu/ZEPPELIN-3350 and squashes the following commits:

63325d0 [Jeff Zhang] [ZEPPELIN-3350] Don't allow set cronExecutionUser

(cherry picked from commit 08c9ad9a6692405884ae2b2f730868030247762f)
Signed-off-by: Jeff Zhang <zjffdu@apache.org>",https://github.com/apache/zeppelin/pull/2914; https://issues.apache.org/jira/browse/ZEPPELIN-3350; https://user-images.githubusercontent.com/164491/38483974-707dca56-3c07-11e8-918a-cd47ed94ee99.png),contains links,https://github.com/apache/zeppelin/commit/85282615681e895d477417e9f9b80efdb221bf2c
CVE-2016-1000341,added randomizer to DSA signature generation,,no links,https://github.com/bcgit/bc-java/commit/acaac81f96fec91ab45bd0412beaf9c3acd8defa
CVE-2016-8747,not found,,no links,https://github.com/apache/tomcat85/commit/9601a937ff3b7ef5d04b2a0e950d0e44e1bb4cbd
CVE-2021-44228,"Restrict LDAP access via JNDI (#608)

* Restrict LDAP access via JNDI

* Disable most JNDI protocols

* Rename test. Various minor fixes

* LOG4J2-3201 - Limit the protocols JNDI can use by default. Limit the servers and classes that can be accessed via LDAP.",https://github.com/apache/logging-log4j2/pull/608,contains links,https://github.com/apache/logging-log4j2/commit/c77b3cb39312b83b053d23a2158b99ac7de44dd3
CVE-2017-9795,not found,,no links,https://github.com/apache/geode/commit/30db126;https://github.com/apache/geode/commit/e6a5394;https://github.com/apache/geode/commit/02b9646618e074f80b3d5fed0e5b512a34b5897a
CVE-2014-0107,"Commit patch to handle secure processing. Thank you Ryan Berg.

git-svn-id: https://svn.apache.org/repos/asf/xalan/java/branches/xalan-j_2_7_1_maint@1581058 13f79535-47bb-0310-9956-ffa450edef68",https://svn.apache.org/repos/asf/xalan/java/branches/xalan-j_2_7_1_maint@1581058,contains links,https://github.com/apache/xalan-j/commit/cbfd906cc5a1f1566fa1a98400c82e56077fae0c
CVE-2022-23913,"ARTEMIS-3593 Defense against OME on parsing XID

Co-authored-by: Viktor Kolomeyko <Viktor.Kolomeyko@r3.com>",,contains links,https://github.com/apache/activemq-artemis/commit/72a4fff1673477d78a85c415d48a2c74afda81fa
CVE-2014-8114,"BZ(1169544,1169556, 1169557,1169559,1169560): improvements on security related to file access",,no links,https://github.com/uberfire/uberfire/commit/21ec50eb15
CVE-2008-1947,"Fix potential XSS in host-manager.
This is CVE-2008-1947.

git-svn-id: https://svn.apache.org/repos/asf/tomcat/trunk@662582 13f79535-47bb-0310-9956-ffa450edef68",https://svn.apache.org/repos/asf/tomcat/trunk@662582,contains links,https://github.com/apache/tomcat/commit/ab6a6c41ac972c845717c9d639f0335865afab4d
CVE-2020-5413,Improve Kryo Codec for registrations,,no links,https://github.com/spring-projects/spring-integration/commit/23f3482e8f6d20ba8c59360fc59072c50b3a18cf
CVE-2015-3192,"Disable DTD when parsing untrusted XML input

Issue: SPR-13136",,no links,https://github.com/spring-projects/spring-framework/commit/9c3580d04e84d25a90ef4c249baee1b4e02df15e;https://github.com/spring-projects/spring-framework/commit/5a711c05ec750f069235597173084c2ee796242
CVE-2014-0228,"HIVE-6919 : hive sql std auth select query fails on partitioned tables (Thejas Nair via Ashutosh Chauhan)

git-svn-id: https://svn.apache.org/repos/asf/hive/trunk@1588357 13f79535-47bb-0310-9956-ffa450edef68",https://svn.apache.org/repos/asf/hive/trunk@1588357,contains links,https://github.com/apache/hive/commit/9ef3522f632a0abb5465eca849188776c1b4db13;https://github.com/apache/hive/commit/c3d7083b7605d1753946c4c4411e3a3241ea7ffe
CVE-2021-36090,remove pattern where we first allocate an array and then try to fill it,,no links,https://github.com/apache/commons-compress/commit/80124dd9fe4b0a0b2e203ca19aacac8cd0afc96f
CVE-2019-10095,"InterpreterSetting: don't crash when sorting settings.

The existing comparator would return -1 for both (a, b) and (b, a),
if both of these settings keys are not present in the template,
and such behaviour violates required comparator properties.

The issue manifests with exception in the form

  java.lang.IllegalArgumentException: Comparison method violates its general contract!
  at java.util.TimSort.mergeLo(TimSort.java:777)

and prevents server from starting up.

### What type of PR is it?
Bug Fix

### Questions:
* Does the licenses files need update? I don't think, the change is trivial.
* Is there breaking changes for older versions? No.
* Does this needs documentation? No.

Author: Vladimir Prus <vladimir.prus@gmail.com>

Closes #4075 from vprus/interpreter-settings-sorting-v2 and squashes the following commits:

7cd0b6485 [Vladimir Prus] Cosmetics
47e129a31 [Vladimir Prus] Remove spurious change
0cbc70fbd [Vladimir Prus] Cosmetrics.
e032d9990 [Vladimir Prus] InterpreterSetting: don't crash when sorting settings.",https://github.com/apache/zeppelin/pull/4075,contains links,https://github.com/apache/zeppelin/commit/8a7e0b87144fba81a22055684441906ad1c327af
CVE-2014-3652,KEYCLOAK-705,,no links,https://github.com/keycloak/keycloak/commit/0b8b31a3ea7d8d7ac8b14a020613fc32aa5e9d9d
CVE-2019-12400,not found,,contains links,https://github.com/apache/santuario-java/commit/c5210f77a77105fba81311d16c07ceacc21f39d5
CVE-2021-26118,"Merge pull request #3315 from gtully/ARTEMIS-2964

ARTEMIS-2964 - fire advisory messages via post office, independent of…",https://github.com/apache/activemq-artemis/pull/3315,contains links,https://github.com/apache/activemq-artemis/commit/7dd50bd58ed2b46aa7ecdba7cffe979b672d58fb
CVE-2021-21346,"Add CVEs, fixes and documentation.",,no links,https://github.com/x-stream/xstream/commit/d5e51177634afea7213b9dc2d21f101d2e258db9
CVE-2020-1957,"Merge pull request #203 from apache/SHIRO-747

[SHIRO-747] FirstSuccessfulStrategy now detects empty principal correctly",https://github.com/apache/shiro/pull/203,contains links,https://github.com/apache/shiro/commit/f8722302e614c30cff7228fca549a882f98e6e6b
CVE-2011-4343,MYFACES-3405 includeViewParameters re-evaluates param/model values as EL expressions [CVE-2011-4343],,contains links,https://github.com/apache/myfaces/commit/a74b551b2ce6e88101ff453389a761f230e428a1
CVE-2017-12158,"KEYCLOAK-5225 (#4578)

KEYCLOAK-5225 fix test

Fix",https://github.com/keycloak/keycloak/pull/4578,contains links,https://github.com/keycloak/keycloak/commit/6ea9ed9be8baa7c6971cfbdabecc91555dc561d7;https://github.com/keycloak/keycloak/commit/d9ffc4fa211bbf2aae49449cb58e02b6ea8cd299
CVE-2016-3720,Fix #190,https://github.com/FasterXML/jackson-dataformat-xml/issues/190,contains links,https://github.com/FasterXML/jackson-dataformat-xml/commit/f0f19a4c924d9db9a1e2830434061c8640092cc0
CVE-2020-1744,KEYCLOAK-12986 BruteForceProtector does not log failures when login failure in PostBroker flow,,no links,https://github.com/keycloak/keycloak/commit/9474dd6208c01166b6144bea3ac2b6fe9f5c30f4
CVE-2018-18928,"ICU-20246 Fixing another integer overflow in number parsing.

(cherry picked from commit 53d8c8f3d181d87a6aa925b449b51c4a2c922a51)",,contains links,https://github.com/unicode-org/icu/commit/6cbd62e59e30f73b444be89ea71fd74275ac53a4
CVE-2016-6816,"Add additional checks for valid characters to the HTTP request line
parsing so invalid request lines are rejected sooner.

git-svn-id: https://svn.apache.org/repos/asf/tomcat/tc8.0.x/trunk@1767653 13f79535-47bb-0310-9956-ffa450edef68",https://svn.apache.org/repos/asf/tomcat/tc8.0.x/trunk@1767653,contains links,https://github.com/apache/tomcat80/commit/779d5d34e68e50d2f721897050b147106992f566
CVE-2018-1260,"DefaultOAuth2RequestAuthenticator resolves Bearer syntax

Fixes gh-1346",,contains links,https://github.com/spring-projects/spring-security-oauth/commit/70e5ba84ca98b7ab42c1900bdd9fa51b393d611f
CVE-2021-30179,"fix #6728, potential NPE in generic filter  (#6785)",https://github.com/apache/dubbo/issues/6728; https://github.com/apache/dubbo/pull/6785,contains links,https://github.com/apache/dubbo/commit/eed216b14e8c8e980e98a78ce495806a32df2b97
CVE-2018-11764,"Revert ""HADOOP-13119. Add ability to secure log servlet using proxy users.  Contribute by Yuanbo Liu.""

This reverts commit a847903b6e64c6edb11d852b91f2c816b1253eb3.

Change-Id: I3122a2142f5bdf8507dece930e447556a43cd9ae
(cherry picked from commit 8fad3ec76070ccfcd3ed80feaba4355077bc6f5c)

Conflicts:
	hadoop-common-project/hadoop-common/src/test/java/org/apache/hadoop/http/TestHttpServerWithSpengo.java",,contains links,https://github.com/apache/hadoop/commit/493924def8f184e74d57153afc9c22b0eeb95e9c
CVE-2017-7957,Prevent deserialization of void.,,no links,https://github.com/x-stream/xstream/commit/b3570be2f39234e61f99f9a20640756ea71b1b4;https://github.com/x-stream/xstream/commit/6e546ec366419158b1e393211be6d78ab9604ab;https://github.com/x-stream/xstream/commit/8542d02d9ac5d384c85f4b33d6c1888c53bd55d
CVE-2016-8751,"RANGER-1229: fix resource-matcher to correctly handle policy containing only one resource whose value is '*'

Signed-off-by: Madhan Neethiraj <madhan@apache.org>",,contains links,https://github.com/apache/ranger/commit/2fcd7f7cc175c0734443638b99c359e24c0f88ff
CVE-2017-3156,Doing a better bytes comparison in some of JAXRS OAuth2/Jose code,,no links,https://github.com/apache/cxf/commit/555843f;https://github.com/apache/cxf/commit/1338469
CVE-2019-13235,"Fixed: unreleased/expired resources where never included in the gallery
search.",,no links,https://github.com/alkacon/opencms-core/commit/185e71cc9844c90c0c29b730bd92b0375f1eca21
CVE-2016-6806,WICKET-6245: open up CsrfPreventionRequestCycleListener for extension,,no links,https://github.com/apache/wicket/commit/5c345567c75b3cc1f7e4cce6dcf3e692870b4823
CVE-2018-1000134,"Fix a SimpleBindRequest bug

Fixed a bug in SimpleBindRequest that prevented it from rejecting a
bind request that includes a DN without a password (when it is
appropriate to do so, based on the
LDAPConnectionOptions.bindWithDNRequiresPassword() setting) when
operating in synchronous mode.  The setting was properly honored in
the default asynchronous mode.",,no links,https://github.com/pingidentity/ldapsdk/commit/8471904a02438c03965d21367890276bc25fa5a6
CVE-2018-10237,"Avoid presizing arrays.

RELNOTES=Fixed Denial of Service vulnerability for servers that use Guava and deserialize attacker data: [CVE-2018-10237](https://github.com/google/guava/wiki/CVE-2018-10237).

-------------
Created by MOE: https://github.com/google/moe
MOE_MIGRATED_REVID=194113840",https://github.com/google/guava/wiki/CVE-2018-10237).; https://github.com/google/moe,contains links,https://github.com/google/guava/commit/f89ece5721b2f637fe754937ff1f3c86d80bb196;https://github.com/google/guava/commit/7ec8718f1e6e2814dabaa4b9f96b6b33a813101c
CVE-2017-12620,OPENNLP-1124: Optimize XML parser configuration,,contains links,https://github.com/apache/opennlp/commit/c2c14e9af7a519aacfde5173f641c86e17ce50ed
CVE-2019-17571,"[LOG4J2-1863] Add class filtering to AbstractSocketServer

This allows a whitelist of class names to be specified to configure
which classes are allowed to be deserialized in both TcpSocketServer and
UdpSocketServer.",,contains links,https://github.com/apache/logging-log4j2/commit/5dcc19215827db29c993d0305ee2b0d8dd05939d
CVE-2017-3523,"Fix for Bug#25438355, Improper automatic deserialization of binary data.
 Please enter the commit message for your changes. Lines starting",,no links,https://github.com/mysql/mysql-connector-j/commit/6189e718de5b6c6115aee45dd7a480081c129d68
CVE-2018-1332,"Merge branch 'STORM-3027-1.x' of https://github.com/revans2/incubator-storm into 1.x-branch

STORM-3027: Make impersonation optional",https://github.com/revans2/incubator-storm,contains links,https://github.com/apache/storm/commit/58f7aefb8b9ffe77693669dbc94ee6446f3ed6e8
CVE-2017-5638,Uses default error key if specified key doesn't exist,,no links,https://github.com/apache/struts/commit/6b8272ce47160036ed120a48345d9aa884477228;https://github.com/apache/struts/commit/352306493971e7d5a756d61780d57a76eb1f519a
CVE-2019-12406,"Restrict the number of message attachments

(cherry picked from commit 6c3990144b56097502aa9f3ec9c06f3031109022)",,contains links,https://github.com/apache/cxf/commit/fd85803a73ad46f36816bcb55ed1c4f4b4c4312d
CVE-2021-39149,Switch to whitelist by default.,,no links,https://github.com/x-stream/xstream/commit/652d72f38b33938c54fd3b2ef626cb7dce38001c
CVE-2017-15691,"no Jira - fix various xml reader factories missing feature setups

git-svn-id: https://svn.apache.org/repos/asf/uima/uimaj/trunk@1809174 13f79535-47bb-0310-9956-ffa450edef68",https://svn.apache.org/repos/asf/uima/uimaj/trunk@1809174,contains links,https://github.com/apache/uima-uimaj/commit/39909bf21fd694f4fb792d1de8adc72562ead25e
CVE-2019-0222,Better handle the case of parsing malformed MQTT frames,,no links,https://github.com/fusesource/mqtt-client/commit/2898f10be758decdc85ba6c523cb5be6b9092855
CVE-2018-8008,STORM-3052: Allow for blobs to be unzipped/untarred,,no links,https://github.com/apache/storm/commit/0fc6b522487c061f89e8cdacf09f722d3f20589
CVE-2021-23463,fix for #3195 CQLXML XXE vulnerability,https://github.com/h2database/h2database/issues/3195,contains links,https://github.com/h2database/h2database/commit/d83285fd2e48fb075780ee95badee6f5a15ea7f8
CVE-2017-5641,"- Made BlazeDS use the ClassDeserializationValidator as default validator, if no validator is provided.
- Adjusted the classes in the ClassDeserializationValidator default classes to explicitly list each class instead of using wildcards.

If you are getting errors, you need to explicitly list the classes you want to allow:

```
<services-config>
    <validators>
        <validator class=""flex.messaging.validators.ClassDeserializationValidator"">
            <properties>
                <allow-classes>
                    <class name=""remoting.amfclient.ClientCustomType""/>
                    <class name=""remoting.amfclient.ServerCustomType""/>
                    <class name=""my.package.*""/>
                </allow-classes>
            </properties>
        </validator>
    </validators>

    ... snip ...

</services-config>
```",,no links,https://github.com/apache/flex-blazeds/commit/f861f0993c35e664906609cad275e45a71e2aaf1
CVE-2018-8012,"NIFI-6578 - Upgraded zookeeper framework version. Some code changes required. This change also required a change to the embedded zookeeper.
- Updating tests to account for the new node /zookeeper/config
Upgraded Zookeeper and Curator versions for zookeeper migrator in toolkit. Updated tests to allow for new znode /zookeeper/config
- Added documentation changes to reflect changes to the zookeeper.properties file going foward.

This closes #3715.

Signed-off-by: Mark Payne <markap14@hotmail.com>",https://github.com/apache/nifi/pull/3715,contains links,https://github.com/apache/nifi/commit/282c271;https://github.com/apache/zookeeper/commit/8a06bd1ccef382461c7b0a63f2012f4aeac90753
CVE-2015-3269,Fix security issue due to local entity resolution issues in DocumentBuilder.,,no links,https://github.com/apache/flex-blazeds/commit/af405aa5974f8441873873ac6400dddc1039778e
CVE-2019-3797,"DATAJPA-1519 - Wildcard escaping in LIKE-queries.

Derived queries with `contains`, `startWith` or `endsWith` predicates now use wildcard escaping in order to avoid selecting more then requested. A function `escape(String, String)` is made available in SpEL expressions as well for the same purpose.

Note that annotated queries and derived queries with LIKE conditions don't get escaped because it is not clear if the use of wildcards in the argument is intended or not. Improved reference documentation accordingly.",,contains links,https://github.com/spring-projects/spring-data-jpa/commit/4d4e6d418fe3bca14c7cff1c7161e3794026f960
CVE-2021-38153,"MINOR: Use time constant algorithms when comparing passwords or keys (#10978)

Author: Randall Hauch <rhauch@gmail.com>
Reviewers: Manikumar Reddy <manikumar@confluent.io>, Rajini Sivaram <rajinisivaram@gmail.com>, Mickael Maison <mickael.maison@gmail.com>, Ismael Juma <ijuma@apache.org>",https://github.com/apache/kafka/pull/10978,contains links,https://github.com/apache/kafka/commit/3325342fecba56c2f5b28d60ca37605a7ebf420a
CVE-2016-3093,"Merge pull request #12 from danielfernandez/cachekey

Improved performance of getter/setter method caching in OgnlRuntime",https://github.com/orphan-oss/ognl/pull/12,contains links,https://github.com/jkuhnert/ognl/commit/ae43073fbf38db8371ff4f8bf2a966ee3b5f7e92
CVE-2012-0391,"WW-3668 - Vulnerability: User input is evaluated as an OGNL expression when there's a conversion error (a demonstrative patch).

git-svn-id: https://svn.apache.org/repos/asf/struts/struts2/trunk@1156279 13f79535-47bb-0310-9956-ffa450edef68",https://svn.apache.org/repos/asf/struts/struts2/trunk@1156279,contains links,https://github.com/apache/struts/commit/5f54b8d087f5125d96838aafa5f64c2190e6885b;https://github.com/apache/struts/commit/b4265d369dc29d57a9f2846a85b26598e83f3892
CVE-2015-4852,"[COLLECTIONS-580] Removed serialization support for the identified unsafe classes in the collections4 branch.

git-svn-id: https://svn.apache.org/repos/asf/commons/proper/collections/trunk@1714262 13f79535-47bb-0310-9956-ffa450edef68",https://svn.apache.org/repos/asf/commons/proper/collections/trunk@1714262,contains links,https://github.com/apache/commons-collections/commit/e585cd0433ae4cfbc56e58572b9869bd0c86b611
CVE-2020-13955,not found,,no links,https://github.com/apache/calcite/commit/f96ded319341fd3c1011b095565710938acb9ad6
CVE-2019-14832,[KEYCLOAK-10822] - Prevent access to users from another realm,,no links,https://github.com/keycloak/keycloak/commit/0b73685ccf3181115ae3936a578708630215ac23
CVE-2016-9878,"Normalize resource URL in ResourceServlet

Issue: SPR-14946",,no links,https://github.com/spring-projects/spring-framework/commit/e2d6e709c3c65a4951eb096843ee75d5200cfcad
CVE-2010-5327,LPS-64547,,no links,https://github.com/community-security-team/liferay-portal/commit/76aaec0256e98bce0c0542ab071d4cf5132e10ca
CVE-2019-0233,"Minor follow-up changes to PR #371
- added some additional exclusions in struts-default.xml.
- added log warning that specifies the value of maxLength involved if
  applyExpressionMaxLength(maxLength) fails.
- added null guards to two handleOgnlException() methods that could
  result in an NPE with #371 changes (a null OgnlException parameter
  was permissible previously, correct or not).",https://github.com/apache/struts/pull/371,contains links,https://github.com/apache/struts/commit/e2b644a4fbe31f0898008c2938069ef04f0f9124
CVE-2014-0095,"Correct regression introduced in 8.0.0-RC2 as part of the Servlet 3.1 non-blocking IO support that broke handling of requests with an explicit content length of zero.
This is the fix for CVE-2014-0095


git-svn-id: https://svn.apache.org/repos/asf/tomcat/trunk@1578392 13f79535-47bb-0310-9956-ffa450edef68",https://svn.apache.org/repos/asf/tomcat/trunk@1578392,contains links,https://github.com/apache/tomcat/commit/1bd7d414983f2f420dd37e78b5f4686e737dd3e6;https://github.com/apache/tomcat/commit/8884dae
CVE-2019-3774,Tweak XmlInputFactory settings,,no links,https://github.com/spring-projects/spring-batch/commit/8dc3bb7d3c3d0b1487e3ef3dcbdebda865d2b20e
CVE-2011-2204,"Fix CVE-2011-2204.
Prevent user passwords appearing in log files if a runtime exception (e.g. OOME) occurs while creating a new user for a MemoryUserDatabase via JMX.

git-svn-id: https://svn.apache.org/repos/asf/tomcat/trunk@1140070 13f79535-47bb-0310-9956-ffa450edef68",https://svn.apache.org/repos/asf/tomcat/trunk@1140070,contains links,https://github.com/apache/tomcat/commit/763a56b45999653ce648a18462b8a826809215b1;https://github.com/apache/tomcat/commit/0ecc4643938de4ed889e85952b30bf76ac92732c
CVE-2021-39153,Switch to whitelist by default.,,no links,https://github.com/x-stream/xstream/commit/652d72f38b33938c54fd3b2ef626cb7dce38001c
CVE-2016-2175,not found,,contains links,https://github.com/apache/pdfbox/commit/6f4a1fa0cd894ba3bbbe4a97ce11e23ec64f0d3a
CVE-2020-35210,not found,,contains links,https://github.com/atomix/atomix/commit/c9edd1b78d756f9ad25452daf0193d33ad539394
CVE-2014-0109,Update StaxInInterceptor to just create a html error message on the client side as the normal error handling works best on server side.,,no links,https://github.com/apache/cxf/commit/f8ed98e684c1a67a77ae8726db05a04a4978a445
CVE-2017-9803,"Create znode upfront and fix chroot handling in delegation token feature

(cherry picked from commit 065edbc)",,contains links,https://github.com/apache/lucene-solr/commit/4704efb1f92588ad106a39dea5f20bf8e80b133b;https://github.com/apache/lucene-solr/commit/b091934f9e98568b848d0584a1145c8e514cbd21
CVE-2021-22112,"Optimize HttpSessionSecurityContextRepository

Closes gh-9387",,contains links,https://github.com/spring-projects/spring-security/commit/c72a6fac04853912a4b7caad5f0500f2aace5a79
CVE-2021-36151,"[GOBBLIN-1392] Replacing unsafe File.createTempfile to java nio's Files.createTempFile

Closes #3230 from
treff7es/safe_temporary_file_creation",https://github.com/apache/gobblin/pull/3230,contains links,https://github.com/apache/gobblin/commit/520eca8938231494bddd5c477e07ec71c7da653f
CVE-2017-3166,"Treat encrypted files as private. Contributed by Daniel Templeton.

(cherry picked from commit f01a69f84f4cc7d925d078a7ce32e5800da4e429)
(cherry picked from commit 120f680318d766f44787fd0eec88270d61172523)",,contains links,https://github.com/apache/hadoop/commit/a47d8283b136aab5b9fa4c18e6f51fa799d91a29
CVE-2016-4461,Introduces new callMethod() function to be used to execute actions,,no links,https://github.com/apache/struts/commit/b28b78c062f0bf3c79793a25aab8c9b6c12bce6e
CVE-2017-5643,CAMEL-10894: Improve test fix,,contains links,https://github.com/apache/camel/commit/ec3d0db81ba061b27e934d5ff56e9baca0049eb;https://github.com/apache/camel/commit/8afc5d1757795fde715902067360af5d90f046d
CVE-2016-1000345,"modified IESEngine so that MAC check is the primary one
added general BadBlockException class for asymmetric ciphers.",,no links,https://github.com/bcgit/bc-java/commit/21dcb3d9744c83dcf2ff8fcee06dbca7bfa4ef35
CVE-2016-8746,"RANGER-1261: fix path matching inconsistencies and wildcard treatment

Signed-off-by: Madhan Neethiraj <madhan@apache.org>
(cherry picked from commit 22029847559b3881cdc3176b15e545e847ef6d7c)",,contains links,https://github.com/apache/ranger/commit/9dfde6de92799d7d923cf8eb11bbdc8788d6664c
CVE-2017-5644,not found,,contains links,https://github.com/apache/poi/commit/3a328aa220f6979f9805f658ae33244d153beaa7
CVE-2017-15700,SLING-7243 - Improve validation in AuthUtil.isRedirectValid,,contains links,https://github.com/apache/sling-org-apache-sling-auth-core/commit/015fe58b22e0625e9d88b687de50303db539482b
CVE-2016-0956,"SLING-4415 - :applyTo should not display changeLog (when operation fails)

git-svn-id: https://svn.apache.org/repos/asf/sling/trunk/bundles/servlets/post@1678892 13f79535-47bb-0310-9956-ffa450edef68",https://svn.apache.org/repos/asf/sling/trunk/bundles/servlets/post@1678892,contains links,https://github.com/apache/sling/commit/0f1e85834761a128ab07ea04bd254e24b750ab80
CVE-2021-26296,"Merge pull request #149 from bohmber/MYFACES-4373-master

prefer secureRandom over random",https://github.com/apache/myfaces/pull/149,contains links,https://github.com/apache/myfaces/commit/95cbf6cbdf1e5d389d9509b48a7203f91acb41a1
CVE-2016-6346,"[RESTEASY-1484] (#947)

Disable GZIP by default; impose maximum file size.

[RESTEASY-1484]

Handle GZIP compression on client and server.",https://github.com/resteasy/resteasy/pull/947,contains links,https://github.com/resteasy/Resteasy/commit/2c2daab6f63ef9c9fb08251daf4a62e8aadc94e1
CVE-2018-1294,"Replaces end-of-line characters with spaces in email subjects.

git-svn-id: https://svn.apache.org/repos/asf/commons/proper/email/trunk@1801385 13f79535-47bb-0310-9956-ffa450edef68",https://svn.apache.org/repos/asf/commons/proper/email/trunk@1801385,contains links,https://github.com/apache/commons-email/commit/0a944fe3703fb754c7122a7de98396811781da24
CVE-2017-8028,"Force reconnect with credentials on DefaultTlsDirContextAuthenticationStrategy

refs #430",https://github.com/spring-projects/spring-ldap/issues/430,contains links,https://github.com/spring-projects/spring-ldap/commit/08e8ae289bbd1b581986c7238604a147119c1336
CVE-2016-9879,"Block URL Encoded ""/"" in DefaultHttpFirewall

Fixes gh-4169",,contains links,https://github.com/spring-projects/spring-security/commit/666e356ebc479194ba51e43bb99fc42f849b6175;https://github.com/spring-projects/spring-security/commit/ed2ae21074b7850d386371b2ab9e29268ef2f0c0
CVE-2016-6802,"Added fix to adjust how the servlet context path is handled

Based on a thread from the Servlet Expert Group",,no links,https://github.com/apache/shiro/commit/b15ab927709ca18ea4a02538be01919a19ab65af
CVE-2018-1047,"Merge pull request #10748 from stuartwdouglas/WFLY-9620

WFLY-9620 ServletContext.getResourceAsStream, for deployments which h…",https://github.com/wildfly/wildfly/pull/10748,contains links,https://github.com/wildfly/wildfly/commit/735c77ce8b3bab6aa5072fb8575dc96db52d01ab
CVE-2017-12622,GEODE-3685: Fix test failure,,no links,https://github.com/apache/geode/commit/f6390a7;https://github.com/apache/geode/commit/db4a493efc09600bf0a9778d5274c09b23b16644
CVE-2021-22113,"Fix request verification (#3969)

* Add tests reproducing the issue.

* Strip `'` from path for route search.

* Add information on contributing, community support and commercial support to project site.

* Add checking for ""#"". Add logging.

* Add test.

* Revert ""Add test.""

This reverts commit 81875849

* Revert ""Add checking for ""#"". Add logging.""

This reverts commit 0232945a

* Verify for urls.

* Verify for encoded and double-encoded Strings.

* Verify insecure paths with `..\` and '..//'. Add more tests.",https://github.com/spring-cloud/spring-cloud-netflix/pull/3969,contains links,https://github.com/spring-cloud/spring-cloud-netflix/commit/8ecb3dca511c3ce0454e42ac31ee2331d7318c07
CVE-2014-0113,"Merge branch 'hotfix/2.3.16.2'

Conflicts:
	apps/blank/pom.xml
	apps/jboss-blank/pom.xml
	apps/mailreader/pom.xml
	apps/pom.xml
	apps/portlet/pom.xml
	apps/rest-showcase/pom.xml
	apps/showcase/pom.xml
	archetypes/pom.xml
	archetypes/struts2-archetype-angularjs/pom.xml
	archetypes/struts2-archetype-blank/pom.xml
	archetypes/struts2-archetype-convention/pom.xml
	archetypes/struts2-archetype-dbportlet/pom.xml
	archetypes/struts2-archetype-plugin/pom.xml
	archetypes/struts2-archetype-portlet/pom.xml
	archetypes/struts2-archetype-starter/pom.xml
	assembly/pom.xml
	bundles/admin/pom.xml
	bundles/demo/pom.xml
	bundles/pom.xml
	core/pom.xml
	core/src/main/resources/struts-default.xml
	plugins/cdi/pom.xml
	plugins/codebehind/pom.xml
	plugins/config-browser/pom.xml
	plugins/convention/pom.xml
	plugins/dojo/pom.xml
	plugins/dwr/pom.xml
	plugins/embeddedjsp/pom.xml
	plugins/gxp/pom.xml
	plugins/jasperreports/pom.xml
	plugins/javatemplates/pom.xml
	plugins/jfreechart/pom.xml
	plugins/jsf/pom.xml
	plugins/json/pom.xml
	plugins/junit/pom.xml
	plugins/osgi/pom.xml
	plugins/oval/pom.xml
	plugins/pell-multipart/pom.xml
	plugins/plexus/pom.xml
	plugins/pom.xml
	plugins/portlet-tiles/pom.xml
	plugins/portlet/pom.xml
	plugins/rest/pom.xml
	plugins/sitegraph/pom.xml
	plugins/sitemesh/pom.xml
	plugins/spring/pom.xml
	plugins/struts1/pom.xml
	plugins/testng/pom.xml
	plugins/tiles/pom.xml
	plugins/tiles3/pom.xml
	pom.xml
	xwork-core/pom.xml",,no links,https://github.com/apache/struts/commit/1be8ed61e499b58b3fb6a45253f47865f83f35fb
CVE-2020-1745,UNDERTOW-1667 Change AjpRequestParser to ignore unknown request attributes and add a new UndertowOption AJP_ALLOWED_REQUEST_ATTRIBUTES_PATTERN,,no links,https://github.com/undertow-io/undertow/commit/e60e04f4e9bab49f406c8c57770c4a1bbbc37067
CVE-2020-11995,"Hessian2 whitelist (#6378) (#6415)

* Hessian2 whitelist (#6378)

fixes #6364

* Hessian whitelist2 (#6423)

* double check lock (#6422)

* Correction: comments about multipleConfig (#6414)

Co-authored-by: ken.lj <ken.lj.hz@gmail.com>
Co-authored-by: diguage <leejun119@gmail.com>
Co-authored-by: 月泉 <yuequan1997@gmail.com>",https://github.com/apache/dubbo/pull/6378; https://github.com/apache/dubbo/pull/6415; https://github.com/apache/dubbo/issues/6364; https://github.com/apache/dubbo/pull/6423; https://github.com/apache/dubbo/pull/6422; https://github.com/apache/dubbo/pull/6414,contains links,https://github.com/apache/dubbo/commit/d2e9baf380108950c48e0ab700ccdbf11dd753ab
CVE-2020-1695,[RESTEASY-2559] Improper validation of response header in MediaTypeHeaderDelegate.java class,,no links,https://github.com/resteasy/Resteasy/commit/f3e354b72ae7fead9ceaabe172999293bd931822
CVE-2014-0193,"Remove ContinuationWebSocketFrame.aggregatedText()

Motivation:
Before we aggregated the full text in the WebSocket08FrameDecoder just to fill in the ContinuationWebSocketFrame.aggregatedText(). The problem was that there was no upper-limit and so it would be possible to see an OOME if the remote peer sends a TextWebSocketFrame + a never ending stream of ContinuationWebSocketFrames. Furthermore the aggregation does not really belong in the WebSocket08FrameDecoder, as we provide an extra ChannelHandler for this anyway (WebSocketFrameAggregator).

Modification:
Remove the ContinuationWebSocketFrame.aggregatedText() method and corresponding constructor. Also refactored WebSocket08FrameDecoder a bit to me more efficient which is now possible as we not need to aggregate here.

Result:
No more risk of OOME because of frames.",,no links,https://github.com/netty/netty/commit/787a85f9f1b816ee901c1ec00348ae2007bb9d3b;https://github.com/netty/netty/commit/8599ab5bdb761bb99d41a975d689f74c12e4892b
CVE-2022-23181,Make calculation of session storage location more robust,,no links,https://github.com/apache/tomcat/commit/70da1aaa51e0f9d088438e9d958812a144e12754
CVE-2019-10174,ISPN-9600 ReflectionUtil.invokeAccessibly should not be public,,no links,https://github.com/infinispan/infinispan/commit/a7dab68d194989aaa0b0aa0781cf8ee88fbe3439
CVE-2020-13444,June 2020,,no links,https://github.com/community-security-team/liferay-portal/commit/064e6b01afa1e087e4c6bbaf7f71c97ee33f3ee9
CVE-2016-8738,Trims input value,,no links,https://github.com/apache/struts/commit/554b9dddb0fbd1e581ef577dd62a7c22955ad0f6
CVE-2018-1000531,Fixing issue #3 and adding tests to confirm.,https://github.com/FusionAuth/fusionauth-jwt/issues/3,contains links,https://github.com/inversoft/prime-jwt/commit/abb0d479389a2509f939452a6767dc424bb5e6ba
CVE-2021-28168,"switching to NIO tmp file creation approach (#4712)

Signed-off-by: Maxim Nesen <maxim.nesen@oracle.com>",https://github.com/eclipse-ee4j/jersey/pull/4712,contains links,https://github.com/eclipse-ee4j/jersey/commit/f3cadb38dcc5b20e515706fae68dce533ad6c737
CVE-2017-11467,Fix vulnerability in SQL for queries on OUser/ORole without the privileges,,no links,https://github.com/orientechnologies/orientdb/commit/200535c3183f7db88ee4526bf3316d6bdeddb68e
CVE-2020-26234,"Re-Enable Hostname Verification

This patch is a minimal change to re-enable HTTPS hostname verification
of Opencast's HTTP client used for a large portion its HTTP requests.

Hostname verification is an important part when using HTTPS to ensure
that the presented certificate is valid for the host. Disabling it can
allow for man-in-the-middle attacks.",,no links,https://github.com/opencast/opencast/commit/4225bf90af74557deaf8fb6b80b0705c9621acfc
CVE-2018-1002201,"Fixed potential security vulnerability reported by Snyk Security Research Team

This is an arbitrary file write vulnerability, that can be achieved using a specially crafted zip archive, that holds path traversal filenames. So when the filename gets concatenated to the target extraction directory, the final path ends up outside of the target folder.",,no links,https://github.com/zeroturnaround/zt-zip/commit/759b72f33bc8f4d69f84f09fcb7f010ad45d6fff
CVE-2021-41767,GUACAMOLE-956: Decouple tunnel UUID from HTTP tunnel session identification.,,no links,https://github.com/apache/guacamole-client/commit/0597358dde292d739809cd7426e0b55921372ccf
CVE-2018-17187,PROTON-1962: update some defaults and related handling,,no links,https://github.com/apache/qpid-proton-j/commit/0cb8ca03cec42120dcfc434561592d89a89a805e
CVE-2016-4437,"Force RememberMe cipher to be set to survive JVM restart.

If the property is not set, a new cipher will be generated.",,no links,https://github.com/apache/shiro/commit/64d9f8341e1aa7ef1a29744e16ea7c578ca5deee;https://github.com/apache/shiro/commit/4d5bb000a7f3c02d8960b32e694a565c95976848
CVE-2018-17297,fix path problem,,no links,https://github.com/looly/hutool/commit/9f8a801c7b98b75ee681c0988e1a58bcfdc21756;https://github.com/looly/hutool/commit/fed1a1f747a9308e2f65f8dbbff05ce62478ecc0;https://github.com/looly/hutool/commit/8d7d0b7fb5ea4f7447b40131bffc1ec506a6528e
CVE-2020-11971,"Merge pull request #3692 from apache/CAMEL-14811

CAMEL-14811 - Remove JMX Connector configuration",https://github.com/apache/camel/pull/3692,contains links,https://github.com/apache/camel/commit/36b55f9cfa50a2056c70f98d66c29a95ddc724e1
CVE-2018-1002200,"Merge pull request #87 from odinn1984/fix/fail_on_outside_target_files

fix: fail when trying to extract outside of dest dir",https://github.com/codehaus-plexus/plexus-archiver/pull/87,contains links,https://github.com/codehaus-plexus/plexus-archiver/commit/f8f4233508193b70df33759ae9dc6154d69c2ea8
CVE-2011-2894,"added ""acceptProxyClasses"" flag to RemoteInvocationSerializingExporter",,no links,https://github.com/spring-projects/spring-framework/commit/070a723ef2c886770a063eb9a67f84f74e06edfb
CVE-2019-0187,not found,,contains links,https://github.com/apache/jmeter/commit/a82907030db158e00d681dc5f5330085951535f3
CVE-2020-11969,Update to ActiveMQ 5.15.12,,no links,https://github.com/apache/tomee/commit/17168ad95e35f1758e16364c2398dea10a4034d8
CVE-2020-5408,"BCryptPasswordEncoder rawPassword cannot be null

Closes gh-8317",,contains links,https://github.com/spring-projects/spring-security/commit/3c81e122bdfcd0803fb6331a8625624cae249231
CVE-2016-4993,UNDERTOW-827 WFLY-6760 CVE-2016-4993 wildfly: HTTP header injection / response splitting,,contains links,https://github.com/undertow-io/undertow/commit/5d017ce12d075679822104e8a8a3b1ad98abad86
CVE-2020-28052,corrected constant time equals.,,no links,https://github.com/bcgit/bc-java/commit/97578f9b7ed277e6ecb58834e85e3d18385a4219
CVE-2017-7675,"Fix https://bz.apache.org/bugzilla/show_bug.cgi?id=61120
Do not ignore path parameters when processing HTTP/2 requests.

git-svn-id: https://svn.apache.org/repos/asf/tomcat/trunk@1796090 13f79535-47bb-0310-9956-ffa450edef68",https://bz.apache.org/bugzilla/show_bug.cgi?id=61120; https://svn.apache.org/repos/asf/tomcat/trunk@1796090,contains links,https://github.com/apache/tomcat/commit/cf181edc9a8c239cde704cffc3c503425bdcae2b
CVE-2013-2186,"When deserializing DiskFileItems ensure that the repository location, if any, is a valid one.
Patch provided by Arun Babu Neelicattu.

git-svn-id: https://svn.apache.org/repos/asf/commons/proper/fileupload/trunk@1507048 13f79535-47bb-0310-9956-ffa450edef68",https://svn.apache.org/repos/asf/commons/proper/fileupload/trunk@1507048,contains links,https://github.com/apache/commons-fileupload/commit/163a6061fbc077d4b6e4787d26857c2baba495d1;https://github.com/apache/commons-fileupload/commit/7ddc7a176eadf22ab7ee1881a80b768e4b193727
CVE-2014-6439,"CORS: Disable by default

In order to deliver a more secure out-of-the-box configuration this commit
disables cross-origin resource sharing by default.

Closes #7151",https://github.com/elastic/elasticsearch/issues/7151,contains links,https://github.com/elastic/elasticsearch/commit/f9de8b65898509e038e33215db0720b508477a12
CVE-2019-10094,prep for 1.22,,no links,https://github.com/apache/tika/commit/c4e63c9be8665cccea8b680c59a6f5cfbc03e0fc;https://github.com/apache/tika/commit/1158d893dc952c573f7a12c7e4855cdce479fc2a;https://github.com/apache/tika/commit/22ff7564f2641ba195f192d7c59e9df4a3a10747;https://github.com/apache/tika/commit/b8655aad5efaef1c5d266676350f58743770fb5b;https://github.com/apache/tika/commit/426be73b9e7500fa3d441231fa4e473de34743f6
CVE-2021-41561,not found,,no links,https://github.com/apache/parquet-mr/commit/d022451f5e58e86b39f0a312d6251a0dc6bb7468
CVE-2019-17563,Refactor so Principal is never cached in session with cache==false,,no links,https://github.com/apache/tomcat/commit/ab72a10
CVE-2019-17513,Enable HTTP header validation,,no links,https://github.com/ratpack/ratpack/commit/efb910d38a96494256f36675ef0e5061097dd77d
CVE-2021-22044,Block clas-level request mapping on Feign clients.,,no links,https://github.com/spring-cloud/spring-cloud-openfeign/commit/d6783a6f1ec8dd08fafe76ecd072913d4e6f66b9
CVE-2018-1000125,"Fixes Issue #2, bug exists that allows a JWT to be decoded even when no signature is provided.",https://github.com/FusionAuth/fusionauth-jwt/issues/2,contains links,https://github.com/inversoft/prime-jwt/commit/0d94dcef0133d699f21d217e922564adbb83a227
CVE-2019-19343,[REM3-347][JBEAP-16695][GSS](7.2.z) Make sure that original connection close listener is invoked by RemoteReadListener,,no links,https://github.com/jboss-remoting/jboss-remoting/commit/8df8d2c6335fd79ac3d350a8714a1bee67fb7d2f
CVE-2018-14642,UNDERTOW-1430 problem with renegotiation code,,no links,https://github.com/undertow-io/undertow/commit/dc22648efe16968242df5d793e3418afafcb36c0;https://github.com/undertow-io/undertow/commit/c46b7b49c5a561731c84a76ee52244369af1af8a
CVE-2011-3190,"Fix https://issues.apache.org/bugzilla/show_bug.cgi?id=51698
Fix CVE-2011-3190
Prevent AJP request forgery via unread request body packet

git-svn-id: https://svn.apache.org/repos/asf/tomcat/trunk@1162957 13f79535-47bb-0310-9956-ffa450edef68",https://issues.apache.org/bugzilla/show_bug.cgi?id=51698; https://svn.apache.org/repos/asf/tomcat/trunk@1162957,contains links,https://github.com/apache/tomcat/commit/a2538ce78f83b7376c48d12d8247600079d789b1;https://github.com/apache/tomcat70/commit/90ec9675fa080e22df5f9e3e7019a19eb2faec14
CVE-2010-1157,"Fix CVE-2010-1157.
Prevent possible disclosure of host name or IP address via the HTTP WWW-Authenticate header when using BASIC or DIGEST authentication.

git-svn-id: https://svn.apache.org/repos/asf/tomcat/trunk@936539 13f79535-47bb-0310-9956-ffa450edef68",https://svn.apache.org/repos/asf/tomcat/trunk@936539,contains links,https://github.com/apache/tomcat/commit/a4de93b2aaf74fff7c1e194f7ce3d2228a9680b8;https://github.com/apache/tomcat/commit/db32c25e06e1b0a5a274cad4cfc1ad35ff7c0e9a
CVE-2020-10688,"RESTEASY-2519 (#2320)

* RESTEASY-2519

* update",https://github.com/resteasy/resteasy/pull/2320,contains links,https://github.com/resteasy/Resteasy/commit/caef05ade16fd12c581cbc7177c191b87591757c
CVE-2017-15703,"NIFI-4353
- Added XmlUtils class.
- Added unit test.
- Added XXE test resource.
- Refactored JAXB unmarshalling globally to prevent XXE attacks.
- Refactored duplicated/legacy code.
- Cleaned up commented code.
- Switched from FileInputStream back to StreamSource in AuthorizerFactoryBean.
- This closes #2134",https://github.com/apache/nifi/pull/2134,contains links,https://github.com/apache/nifi/commit/9e2c7be7d3c6a380c5f61074d9a5a690b617c3dc
CVE-2019-0231,Backported changes made in 2.1,,no links,https://github.com/apache/mina/commit/294b8ce638df6e237e819537b333e02853bb612c
CVE-2019-17573,"Make sure to escape URLs returned in the services listing

(cherry picked from commit 4ca5f7b92175edab46d1f1ea4e829a3ac4e9c7f2)",,contains links,https://github.com/apache/cxf/commit/a02e96ba1095596bef481919f16a90c5e80a92c8
CVE-2011-1475,"Move the processor.recycle calls to just before the point where the processor is returned to the pool. This ensures returned processors are recycled (this could have been skipped on some exception paths)
Possible contributing factor to https://issues.apache.org/bugzilla/show_bug.cgi?id=50957 ?
This is part of the fix for CVE-2011-1475

git-svn-id: https://svn.apache.org/repos/asf/tomcat/trunk@1086349 13f79535-47bb-0310-9956-ffa450edef68",https://issues.apache.org/bugzilla/show_bug.cgi?id=50957; https://svn.apache.org/repos/asf/tomcat/trunk@1086349,contains links,https://github.com/apache/tomcat/commit/df3b24b87f8d2e6a5f4fea57f687e76a0f5124d7
CVE-2018-8030,"QPID-8203: [Broker-J][AMQP 0-9] Fix maximum message size check

(cherry picked from commit 025b48f3193e2b10b1c41d2bc3bcfc9cfc238a27)",,contains links,https://github.com/apache/qpid-broker-j/commit/881323e56620ea069d52885842652a6fbf3403c0
CVE-2009-2693,"Various related (un)deploy improvements including:
- better handling of failed (un)deployment
- adding checking for invalid zip file entries that don't make sense in a WAR file
- improved validation of WAR file names.
These changes address CVE-2009-2693, CVE-2009-2901 and CVE-2009-2902.

git-svn-id: https://svn.apache.org/repos/asf/tomcat/tc5.5.x/trunk@902650 13f79535-47bb-0310-9956-ffa450edef68",https://svn.apache.org/repos/asf/tomcat/tc5.5.x/trunk@902650,contains links,https://github.com/apache/tomcat55/commit/0299cb724ea71f304d54adfcdb950f59b01fb421;https://github.com/apache/tomcat/commit/4b0e7e7a9f28e707f26fcbba3a1526e5053e6fa8
CVE-2017-7672,Optimises validator to reduce number of compiling pattern,,no links,https://github.com/apache/struts/commit/931df54ab379bf4eb5a625bf05066b8563c3737b
CVE-2018-1114,"UNDERTOW-1338 File descriptor leak cause JarURLConnection.getLastModi… (#638)

UNDERTOW-1337 File descriptor leak cause JarURLConnection.getLastModified()",https://github.com/undertow-io/undertow/pull/638,contains links,https://github.com/undertow-io/undertow/commit/7f22aa0090296eb00280f878e3731bb71d40f9e;https://github.com/undertow-io/undertow/commit/882d5884f2614944a0c2ae69bafd9d13bfc5b64
CVE-2014-1904,"Add encoding for the default action in FormTag

Issue: SPR-11426",,no links,https://github.com/spring-projects/spring-framework/commit/741b4b229ae032bd17175b46f98673ce0bd2d485;https://github.com/spring-projects/spring-framework/commit/14e5a02870f9ef90df6171c63ee23d0db5c29809;https://github.com/spring-projects/spring-framework/commit/8e096aeef55287dc829484996c9330cf755891a1
CVE-2021-26117,ARTEMIS-2895 - ensure propagated credentials are visible for bind and removed for subsequent mapping operations,,contains links,https://github.com/apache/activemq-artemis/commit/ec1c5a96c74b24f2c9a6f0919a1a180721c5c6b9
CVE-2019-16942,More clean up after #2478,https://github.com/FasterXML/jackson-databind/issues/2478,contains links,https://github.com/FasterXML/jackson-databind/commit/54aa38d87dcffa5ccc23e64922e9536c82c1b9c8
CVE-2021-27807,"PDFBOX-4892: optimize loop, as suggested by valerybokov

git-svn-id: https://svn.apache.org/repos/asf/pdfbox/branches/2.0@1887586 13f79535-47bb-0310-9956-ffa450edef68",https://svn.apache.org/repos/asf/pdfbox/branches/2.0@1887586,contains links,https://github.com/apache/pdfbox/commit/c978d742bd64137aacdba346f3afe7238a5ac9a7
CVE-2020-1935,"Correct a regression in transfer-encoding parsing

Invalid tokens are an error",,no links,https://github.com/apache/tomcat/commit/060ecc5eb839208687b7fcc9e35287ac8eb46998
CVE-2020-1963,"IGNITE-12790 Introduce distributed SQL configuration and ability to disable SQL functions. (#7593)

(cherry picked from commit a65e51c9148cd765f3a58b956e4e0e08ddc7a201)",https://github.com/apache/ignite/pull/7593,contains links,https://github.com/apache/ignite/commit/02b0439639a9dab264cdb3ed4081c231e0079c13
CVE-2018-1000820,Fixes #931 (#962),https://github.com/neo4j-contrib/neo4j-apoc-procedures/issues/931; https://github.com/neo4j-contrib/neo4j-apoc-procedures/pull/962,contains links,https://github.com/neo4j-contrib/neo4j-apoc-procedures/commit/45bc09c8bd7f17283e2a7e85ce3f02cb4be4fd1a;https://github.com/neo4j-contrib/neo4j-apoc-procedures/commit/e04325c48663994af0bab69a551ad64be2219708
CVE-2020-17530,Fixes translating id in Form tag,,no links,https://github.com/apache/struts/commit/dfa8fb3e4c3c3220f72135fa779006d9dde747bf
CVE-2017-2617,not found,,no links,https://github.com/hawtio/hawtio/commit/93e239db33e02be226197e6e192de0c90d19c0ea;https://github.com/hawtio/hawtio/commit/8cf6848f4d4d4917a4551c9aa49dc00f699eb569
CVE-2019-5427,"Address more potential security concerns associated with the possibility of adversarially constructed XML files, many thanks to Aaron Massey at HackerOne.",,no links,https://github.com/swaldman/c3p0/commit/f38f27635c384806c2a9d6500d80183d9f09d78b
CVE-2016-0750,not found,,no links,https://github.com/infinispan/infinispan/commit/d943b44994fc5738a6146493042861cfe8e3cbb1;https://github.com/infinispan/infinispan/commit/e893f259a4d53587565bfec2e3c4fcb6cd0e65e6
CVE-2020-7647,asset: path traversal fix #1639,https://github.com/jooby-project/jooby/issues/1639,contains links,https://github.com/jooby-project/jooby/commit/34f526028e6cd0652125baa33936ffb6a8a4a009
CVE-2018-1000129,"fix: Verify a given 'mimeType' and/or 'callback' request parameter

So that only fixed values are possible, in order to avoid XSS attack
vectors.",,no links,https://github.com/rhuss/jolokia/commit/5895d5c137c335e6b473e9dcb9baf748851bbc5f
CVE-2020-5398,"Escape quotes in filename

Also sync up to master and 5.1.x on refactorings in ContentDisposition
and ContentDispositionTests.

Closes gh-24230",,contains links,https://github.com/spring-projects/spring-framework/commit/0583b334b46cf2a591c72c2708ee3d2ac5d2b58c
CVE-2021-22160,"Disallow parsing of token with none signature in authenticateToken (#9172)

Signed-off-by: Zixuan Liu <nodeces@gmail.com>

### Motivation

If Apache Pulsar is configured to authenticate clients using tokens based on JSON Web Tokens (JWT), the signature of the token is not validated if the algorithm of the presented token is set to ""none"". This allows an attacker to connect to Pulsar instances as any user (incl. admins).

### Modifications

- using `parseClaimsJws` instead of `parse`

`parseClaimsJws` can guarantees the correct security model for parsing signed JWTs.


(cherry picked from commit 71bc84164610ff15ff7c5747f923d09b57787e0a)",https://github.com/apache/pulsar/pull/9172,contains links,https://github.com/apache/pulsar/commit/bdd062b4d822ab4487472af4a1561a51ce42900c
CVE-2020-5529,disable java access to avoid execution of arbitrary (java) code,,no links,https://github.com/HtmlUnit/htmlunit/commit/934390fefcd2cd58e6d86f2bc19d811ae17bfa28
CVE-2017-5647,"Improve sendfile handling when requests are pipelined.

git-svn-id: https://svn.apache.org/repos/asf/tomcat/tc8.0.x/trunk@1788999 13f79535-47bb-0310-9956-ffa450edef68",https://svn.apache.org/repos/asf/tomcat/tc8.0.x/trunk@1788999,contains links,https://github.com/apache/tomcat80/commit/ec10b8c785d1db91fe58946436f854dde04410fd
CVE-2016-4970,"OpenSslEngine writePlaintextData WANT_READ with no data in BIO buffer

Motivation:
CVE-2016-4970

OpenSslEngine.wrap calls SSL_write which may return SSL_ERROR_WANT_READ, and if in this condition there is nothing to read from the BIO the OpenSslEngine and SslHandler will enter an infinite loop.

Modifications:
- Use the error code provided by OpenSSL and go back to the EventLoop selector to detect if the socket is closed

Result:
OpenSslEngine correctly handles the return codes from OpenSSL and does not enter an infinite loop.",,contains links,https://github.com/netty/netty/commit/9e2c400f89c5badc39919f811179d3d42ac5257c
CVE-2016-4000,"Do not deserialize PyFunction objects. Fixes #2454

Instead use standard Python pickling; or subclass PyFunction.",,no links,https://github.com/jythontools/jython/commit/4c337213bd2964bb36cef2d31509b49647ca6f2a
CVE-2015-0263,XML External Entity (XXE) injection in XmlConverter. Thanks to Stephan Siano for the patch.,,no links,https://github.com/apache/camel/commit/7d19340bcdb42f7aae584d9c5003ac4f7ddaee36
CVE-2021-39152,Switch to whitelist by default.,,no links,https://github.com/x-stream/xstream/commit/652d72f38b33938c54fd3b2ef626cb7dce38001c
CVE-2017-1000487,"[PLXUTILS-161] Commandline shell injection problems

Patch by Charles Duffy, applied unmodified",,no links,https://github.com/codehaus-plexus/plexus-utils/commit/b38a1b3a4352303e4312b2bb601a0d7ec6e28f41
CVE-2016-8745,"Fix https://bz.apache.org/bugzilla/show_bug.cgi?id=60409
When unable to complete sendfile request, ensure the Processor will be added to the cache only once. Patch by markt.

git-svn-id: https://svn.apache.org/repos/asf/tomcat/trunk@1771853 13f79535-47bb-0310-9956-ffa450edef68",https://bz.apache.org/bugzilla/show_bug.cgi?id=60409; https://svn.apache.org/repos/asf/tomcat/trunk@1771853,contains links,https://github.com/apache/tomcat/commit/cbc9b18a845d3c8c053ac293dffda6c6c19dd92b
CVE-2019-10241,"Issue #3319 - Refactoring DefaultServlet Index/Listing

+ Now generates valid HTML5
+ Now allows column sort

Signed-off-by: Joakim Erdfelt <joakim.erdfelt@gmail.com>",https://github.com/jetty/jetty.project/issues/3319,contains links,https://github.com/eclipse/jetty.project/commit/ca77bd384a2970cabbbdab25cf6251c6fb76cd21
CVE-2015-5346,"Fix https://bz.apache.org/bugzilla/show_bug.cgi?id=58809
Correctly recycle the cookies when mapping requests for parallel deployment
This is part 2 of 2 of the fix for CVE-2015-5346

git-svn-id: https://svn.apache.org/repos/asf/tomcat/trunk@1723414 13f79535-47bb-0310-9956-ffa450edef68",https://bz.apache.org/bugzilla/show_bug.cgi?id=58809; https://svn.apache.org/repos/asf/tomcat/trunk@1723414,contains links,https://github.com/apache/tomcat/commit/0dd9e7811a06e0e131da734eb706a1db4a77119c
CVE-2016-6345,"[RESTEASY-1483]

Use SecureRandom in AsynchronousDispatcher to generate job ids.",,no links,https://github.com/resteasy/Resteasy/commit/52195b4afe2be1ff5addcdab487cf44365ebde6a
CVE-2017-7556,Fixes #2374 Incorrect header in CORSFilter,https://github.com/hawtio/hawtio/issues/2374,contains links,https://github.com/hawtio/hawtio/commit/7790c85b1750e0dc01e70fe9dc8e6fa70ac4be15
CVE-2015-7559,https://issues.apache.org/jira/browse/AMQ-6470 - Remove unused ControlCommand handling in client,https://issues.apache.org/jira/browse/AMQ-6470,contains links,https://github.com/apache/activemq/commit/338a74d;https://github.com/apache/activemq/commit/b8fc78e
CVE-2013-0239,"[CXF-4776] - Fix + re-enable tests

git-svn-id: https://svn.apache.org/repos/asf/cxf/trunk@1438424 13f79535-47bb-0310-9956-ffa450edef68",https://svn.apache.org/repos/asf/cxf/trunk@1438424,contains links,https://github.com/apache/cxf/commit/295a4e2f9eb3e7e0513980202949ccc424dee2d4
CVE-2014-7816,UNDERTOW-338 Fix tirectory traversal attack on windows,,no links,https://github.com/undertow-io/undertow/commit/ab8ba2adc9ca508dc22e41f1b63c34c5a78e80a1
CVE-2016-4999,DASHBUILDE-113: SQL Injection on data set lookup filters,,no links,https://github.com/dashbuilder/dashbuilder/commit/8574899e3b6455547b534f570b2330ff772e524b
CVE-2020-1950,TIKA-3050 -- add xmp extraction from PSD files,,no links,https://github.com/apache/tika/commit/750d7790c7d8ba766f2794fac79521d5870eadfb
CVE-2019-10247,"Issue #3555 - Applying more changes from review

Signed-off-by: Joakim Erdfelt <joakim.erdfelt@gmail.com>",https://github.com/jetty/jetty.project/issues/3555,contains links,https://github.com/eclipse/jetty.project/commit/b0f72a87d5b35ff0a814143fb1725f7c6fc4e0d7;https://github.com/eclipse/jetty.project/commit/7746c83ad6c4f71ceb60e6ed29d3411a09d0e9db
CVE-2014-0003,CAMEL-7123 Enable the xml transformer security processing feature by default,,contains links,https://github.com/apache/camel/commit/c6de749e9b3c7b61861c5480e91550290585224d
CVE-2011-2088,"Solves WW-3579 - escapes actionName and methodName to prevent XSS vulnerability

git-svn-id: https://svn.apache.org/repos/asf/struts/struts2/trunk@1076372 13f79535-47bb-0310-9956-ffa450edef68",https://svn.apache.org/repos/asf/struts/struts2/trunk@1076372,contains links,https://github.com/apache/struts/commit/885ab3459e146ff830d1f7257f809f4a3dd4493a
CVE-2012-2733,"Improve InternalNioInputBuffer#parseHeaders()
Move the code and s/end/pos/

git-svn-id: https://svn.apache.org/repos/asf/tomcat/trunk@1350294 13f79535-47bb-0310-9956-ffa450edef68",https://svn.apache.org/repos/asf/tomcat/trunk@1350294,contains links,https://github.com/apache/tomcat/commit/f7a1b83
CVE-2016-3082,Drops defining location via request,,no links,https://github.com/apache/struts/commit/6bd694b7980494c12d49ca1bf39f12aec3e03e2f
CVE-2016-4003,WW-4507 - clone Tomcat UDecoder and use it for in query string handling,,contains links,https://github.com/apache/struts/commit/5421930b49822606792f36653b17d3d95ef106f9;https://github.com/apache/struts/commit/72471d7075681bea52046645ad7aa34e9c53751e
CVE-2021-29043,May 2021,,no links,https://github.com/community-security-team/liferay-portal/commit/ce56c3137a8a97ffdad8a3e95ede563dd97c946f
CVE-2013-1966,"Disable eval expressions

git-svn-id: https://svn.apache.org/repos/asf/struts/struts2/branches/STRUTS_2_3_14_X@1469249 13f79535-47bb-0310-9956-ffa450edef68",https://svn.apache.org/repos/asf/struts/struts2/branches/STRUTS_2_3_14_X@1469249,contains links,https://github.com/apache/struts/commit/7e6f641ebb142663cbd1653dc49bed725edf7f56
CVE-2014-0034,"Validation fix in the STS

git-svn-id: https://svn.apache.org/repos/asf/cxf/trunk@1551228 13f79535-47bb-0310-9956-ffa450edef68",https://svn.apache.org/repos/asf/cxf/trunk@1551228,contains links,https://github.com/apache/cxf/commit/b4b9a010bb23059251400455afabddee15b46127
CVE-2020-1926,"HIVE-22708: Fix for HttpTransport to replace String.equals (Naveen Gangam, reviewed by Peter Vary)",,contains links,https://github.com/apache/hive/commit/ee5a6be81a87bb21b3779edad6e61b67b365997b
CVE-2020-11987,"BATIK-1284: Dont load DTDs in NodePickerPanel

git-svn-id: https://svn.apache.org/repos/asf/xmlgraphics/batik/trunk@1878396 13f79535-47bb-0310-9956-ffa450edef68",https://svn.apache.org/repos/asf/xmlgraphics/batik/trunk@1878396,contains links,https://github.com/apache/xmlgraphics-batik/commit/0ef5b661a1f77772d1110877ea9e0287987098f6
CVE-2011-1183,"Fix https://issues.apache.org/bugzilla/show_bug.cgi?id=12428
Add optional support for preemptive authentication on a per context basis
Based on a patch suggested by Werner Donn
This includes the fix for CVE-2011-1183

git-svn-id: https://svn.apache.org/repos/asf/tomcat/trunk@1087643 13f79535-47bb-0310-9956-ffa450edef68",https://issues.apache.org/bugzilla/show_bug.cgi?id=12428; https://svn.apache.org/repos/asf/tomcat/trunk@1087643,contains links,https://github.com/apache/tomcat/commit/b06f06375a1ff20c7fb949771e77360225e3ff41
CVE-2015-5255,"Added a config option to turn xml doctype declarations on in AMF Xml payload. It is called: ""allow-xml-doctype-declaration""",,no links,https://github.com/apache/flex-blazeds/commit/561d840192afad20225bcedbd8766a624280be6b
CVE-2019-12423,"Some updates to the OIDC JWK Keys service

(cherry picked from commit 6852cd5e4927f8e651c0a0589b5ee3f61e753186)",,contains links,https://github.com/apache/cxf/commit/2de7e14eb95626fffef6f61365186de9a1c9de3d;https://github.com/apache/cxf/commit/8b40fdba289c62f4defae51c1f76860f0159c441
CVE-2020-1953,"Prevent object creation when loading YAML files.

When creating a new Yaml instance from SnakeYaml to read in a
configuration file the instance is now configured that no objects are
created automatically.",,no links,https://github.com/apache/commons-configuration/commit/add7375cf37fd316d4838c6c56b054fc293b4641
CVE-2020-26945,Output warning when deserializing object stream with no JEP-290 filter defined,,no links,https://github.com/mybatis/mybatis-3/commit/9caf480e05c389548c9889362c2cb080d728b5d8
CVE-2018-11761,improve xml reading,,no links,https://github.com/apache/tika/commit/bd9d75d8b0a85af2937047bfad04288c3044b2a6;https://github.com/apache/tika/commit/148adec1016acc122fa5e972f75d7029376998d9;https://github.com/apache/tika/commit/4e67928412ad56333d400f3728ecdb59d07d9d63
CVE-2016-4433,Introduces new callMethod() function to be used to execute actions,,no links,https://github.com/apache/struts/commit/b28b78c062f0bf3c79793a25aab8c9b6c12bce6e
CVE-2017-2594,ENTESB-6497 - Proxy servlet should not display error stacktrace,,no links,https://github.com/hawtio/hawtio/commit/765c7c51ef9546ddca0bbf08b2961272041a22fe
CVE-2017-1000208,"Merge pull request #481 from mmosemmle/parser_change

parser change.",https://github.com/swagger-api/swagger-parser/pull/481,contains links,https://github.com/swagger-api/swagger-parser/commit/98f620c5622b0852958e01562c25988e57d80252
CVE-2020-1960,FLINK-16697][metrics][jmx] Disable rebinding,,contains links,https://github.com/apache/flink/commit/58b58f4b16a2e25c95b465377d43a51ad8ef3f6a
CVE-2014-7808,WICKET-5756 Allow to use custom ciphers when using SunJceCrypt class,,no links,https://github.com/apache/wicket/commit/d2b8848346b8f806e747dca18799d70c37fc893f
CVE-2020-35215,not found,,contains links,https://github.com/atomix/atomix/commit/21ff37510694371855a0f563b98b0cff93f91694
CVE-2019-3894,"Merge pull request #12159 from emmartins/WFLY-11846

[WFLY-11846] prevent new managed threads inheriting app's thread acc",https://github.com/wildfly/wildfly/pull/12159,contains links,https://github.com/wildfly/wildfly/commit/84975f8a4dd5f243c7ff5122c0d36783b116a0d7
CVE-2017-5662,not found,,contains links,https://github.com/apache/batik/commit/6ab669f073c23a443d78a7a08aea2fd4de10da8c;https://github.com/apache/batik/commit/998cabf7af08852e8305f60b5e4c0b6721c47667
CVE-2015-0225,Bind JMX to localhost unless explicitly configured otherwise,,no links,https://github.com/apache/cassandra/commit/c041ea8b3748089937168839791a6d64382b34de;https://github.com/apache/cassandra/commit/2433068c157cd21d4217c98ec5c0b9a2c07e288d
CVE-2020-13920,"Fix issue where the registry lookup was a hardcoded name and didn't account for the connector path

(cherry picked from commit 4522061527d683837add039b2356d1f943744833)",,contains links,https://github.com/apache/activemq/commit/5263883d37ee9df336776f8f906aebfb13189ece
CVE-2016-10027,"Move TLS Required check at the end of connect()

It was a *very* bad idea to perform the SecurityMode.Required check in
the connection's reader thread and not at the end of
AbstractXMPPConnectin's connect(). :/

This behavior dates back to 8e750912a765f77a4f178a4f307a8b42c2afb5ae

Fixes SMACK-739",,contains links,https://github.com/igniterealtime/Smack/commit/059ee99ba0d5ff7758829acf5a9aeede09ec820b;https://github.com/igniterealtime/Smack/commit/a9d5cd4a611f47123f9561bc5a81a4555fe7cb04
CVE-2021-39140,Switch to whitelist by default.,,no links,https://github.com/x-stream/xstream/commit/652d72f38b33938c54fd3b2ef626cb7dce38001c
CVE-2014-0225,"Disable URL resolution in DTD declarations

Issue: SPR-11768",,no links,https://github.com/spring-projects/spring-framework/commit/c6503ebbf7c9e21ff022c58706dbac5417b2b5eb
CVE-2018-1307,JUDDI-987 no commit message,,no links,https://github.com/apache/juddi/commit/248b39c73e0c7809c42a9accd35f354869f11666
CVE-2017-2670,UNDERTOW-1035 Websocket non clean close can cause IO thread to get stuck in a loop,,no links,https://github.com/undertow-io/undertow/commit/3ad7537d0bfeed5950afda0428ea704e5f00d815;https://github.com/undertow-io/undertow/commit/9bfe9fbbb595d51157b61693f072895f7dbadd1d
CVE-2019-11777,"Issue #506 - Honouring result of HostnameVerifier

Signed-off-by: James Sutton <james.sutton@uk.ibm.com>",https://github.com/eclipse-paho/paho.mqtt.java/issues/506,contains links,https://github.com/eclipse/paho.mqtt.java/commit/a0bbf1e7da158ae191582f032343c6171e6a0b44
CVE-2012-2098,"[CVE-2012-2098] Actually this shift is supposed to be unsigned.

Kudos to Findbugs:
http://findbugs.sourceforge.net/bugDescriptions.html#IM_AVERAGE_COMPUTATION_COULD_OVERFLOW


git-svn-id: https://svn.apache.org/repos/asf/commons/proper/compress/trunk@1340799 13f79535-47bb-0310-9956-ffa450edef68",http://findbugs.sourceforge.net/bugDescriptions.html#IM_AVERAGE_COMPUTATION_COULD_OVERFLOW; https://svn.apache.org/repos/asf/commons/proper/compress/trunk@1340799,contains links,https://github.com/apache/commons-compress/commit/8f702469cbf4c451b6dea349290bc4af0f6f76c7
CVE-2015-2080,460642 - HttpParser error 400 can expose previous buffer contents in HTTP status reason message,,no links,https://github.com/eclipse/jetty.project/commit/4df5647f6dfdc5fa7abb812afe9290d60b17c098;https://github.com/eclipse/jetty.project/commit/3e7b5f0fa918633ec24bd1bc23d6ee76d32c7729
CVE-2022-23640,Preventing entity expansion during XML parsing,,no links,https://github.com/monitorjbl/excel-streaming-reader/commit/62470065c35871076ad14480d2df26d9c5c3700a
CVE-2013-4330,"CAMEL-6748: Optimize File Producers by Skipping Header Evaluation. Thansk to James Carman for the patch.

Conflicts:
	camel-core/src/main/java/org/apache/camel/component/file/GenericFileProducer.java",,contains links,https://github.com/apache/camel/commit/3215fe50dd42c83a7a454dd36486843fe36eae4
CVE-2013-2035,Simplify shared lib extraction.,,no links,https://github.com/fusesource/hawtjni/commit/92c266170ce98edc200c656bd034a237098b8aa5
CVE-2017-12165,"JBEAP-9909 Prevent HTTP smuggling attacks by making sure messages do not contain invalid headers.

Also verify that there is at most one Content-Length and Transfer-Encoding header",,no links,https://github.com/undertow-io/undertow/commit/691440ee58259fba76711b60d56dde6679808bdc
CVE-2016-3674,Fix XXE vulnerability for JDom parsers.,,no links,https://github.com/x-stream/xstream/commit/696ec886a23dae880cf12e34e1fe09c5df8fe94;https://github.com/x-stream/xstream/commit/5b5cd6d8137f645c5d57b648afb1a305967aa7f;https://github.com/x-stream/xstream/commit/e4f1457e681e015be83c6b0b84947676980e29d;https://github.com/x-stream/xstream/commit/25c6704bea149ee93c294ae5b6e0aecd182fea88;https://github.com/x-stream/xstream/commit/87172cfc1dd7f8f6e137963c778b03efd14ac446;https://github.com/x-stream/xstream/commit/806949e1b3c22a3b31819a37402489a0303221a;https://github.com/x-stream/xstream/commit/7c77ac0397a1f93c69d2776a13c31957f55d1647;https://github.com/x-stream/xstream/commit/c9b121a88664988ccbabd83fa27bfc2a5e0bd139
CVE-2017-2638,"ISPN-5085 Switch Resteasy backend to Netty

* Undertow web no longer used for serving REST requests, instead
use Netty based Resteasy backend.
* Removed all references to undertow, including dependencies and
subsystem configuration.
* Adjusted testsuite REST server tests so that they don't rely
on content length reading and instead they use streaming capabilities
to read as much as needed.
* Upgraded to Resteasy 3.0.11 version to get around an issue with
empty responses.
* Created new server parser for version 7.2 to include new REST
server socket-binding configuration, and rename virtual-server into
virtual-host (but unused yet).",,no links,https://github.com/infinispan/infinispan/commit/e81d358351d5ab2a1abbb34b4638a7358e7b5cec
CVE-2019-12415,"Bug 61532: Fix setting values/types during formula evaluation for SXSSF

git-svn-id: https://svn.apache.org/repos/asf/poi/trunk@1849880 13f79535-47bb-0310-9956-ffa450edef68",https://svn.apache.org/repos/asf/poi/trunk@1849880,contains links,https://github.com/apache/poi/commit/2b8200f7d701ea6ff9638f629f0bd81d2e48410c;https://github.com/apache/poi/commit/780b078c8504719e04c26a22c1bd846f8b521022
CVE-2019-10899,fix: Harden strict CORS checking,,no links,https://github.com/rhuss/jolokia/commit/ec1cebda618e68d12c9b1906820564408cf950e1
CVE-2013-1880,"https://issues.apache.org/jira/browse/AMQ-4398 - sanitize header in stock portfolio servlet

git-svn-id: https://svn.apache.org/repos/asf/activemq/trunk@1459301 13f79535-47bb-0310-9956-ffa450edef68",https://issues.apache.org/jira/browse/AMQ-4398; https://svn.apache.org/repos/asf/activemq/trunk@1459301,contains links,https://github.com/apache/activemq/commit/fafd12dfd4f71336f8e32c090d40ed1445959b40
CVE-2018-11762,TIKA-2687,,no links,https://github.com/apache/tika/commit/c0fb57d9d20e8eb7cb77bce8742e4566a18f5db8;https://github.com/apache/tika/commit/a09d853dbed712f644e274b497cce254f3189d57
CVE-2021-29943,"SOLR-15233: Set doAs in ConfigurableInternodeAuthHadoopPlugin

Additional-Author: Jason Gerlowski <gerlowskija@apache.org>
Additional-Author: Geza Nagy <gezan>",,contains links,https://github.com/apache/solr/commit/def7f47a4d2389ce8362ce7215095c5e43afe5c0
CVE-2020-35213,not found,,contains links,https://github.com/atomix/atomix/commit/4a65503db2c810df7aa9f9b1dc0aec4debe21380
CVE-2015-7940,Add automatic EC point validation for decoded points and for multiplier outputs.,,no links,https://github.com/bcgit/bc-java/commit/5cb2f0578e6ec8f0d67e59d05d8c4704d8e05f83;https://github.com/bcgit/bc-java/commit/e25e94a046a6934819133886439984e2fecb2b04
CVE-2013-4366,"Ensure X509HostnameVerifier is never null

git-svn-id: https://svn.apache.org/repos/asf/httpcomponents/httpclient/trunk@1528614 13f79535-47bb-0310-9956-ffa450edef68",https://svn.apache.org/repos/asf/httpcomponents/httpclient/trunk@1528614,contains links,https://github.com/apache/httpcomponents-client/commit/08140864e3e4c0994e094c4cf0507932baf6a66
CVE-2015-5258,Update dependencies; stronger enforcement of state parameter checks,,no links,https://github.com/spring-projects/spring-social/commit/5151e1158e1ed51369e7aba9e8092930d28c31d3
CVE-2018-11776,Avoids parsing namespace when using existing namespace,,no links,https://github.com/apache/struts/commit/4a3917176de2df7f33a85511d067f31e50dcc1b;https://github.com/apache/struts/commit/6efaf900d4ffb7be8a74065af5553bad2389f72;https://github.com/apache/struts/commit/b3bad5ea44f3fd9edb2cb491192c5900f46d45d
CVE-2012-0022,"* Improve performance of parameter processing
      <add>
        Improve performance of parameter processing for GET and POST requests.
        Also add an option to limit the maximum number of parameters processed
        per request. This defaults to 10000. Excessive parameters are ignored.
        Note that <code>FailedRequestFilter</code> can be used to reject the
        request if some parameters were ignored. (markt/kkolinko)
      </add>
      <add>
        New filter <code>FailedRequestFilter</code> that will reject a request
        if there were errors during HTTP parameter parsing. (kkolinko)
      </add>
  Before the patch:
  Should be created by patch tool automatically, but just to be sure:
    mkdir container/catalina/src/share/org/apache/catalina/filters
    svn add container/catalina/src/share/org/apache/catalina/filters
  Apply patch:
    http://people.apache.org/~kkolinko/patches/2011-11-17_tc55_parameters-v5.patch
  After the patch:
    svn propset svn:eol-style native  connectors/util/java/org/apache/tomcat/util/http/LocalStrings.properties
    svn propset svn:eol-style native  container/catalina/src/share/org/apache/catalina/filters/FailedRequestFilter.java
    svn propset svn:eol-style native  container/webapps/docs/config/filter.xml
  +1: kkolinko, markt, funkman, jim
  -1:



git-svn-id: https://svn.apache.org/repos/asf/tomcat/tc5.5.x/trunk@1221282 13f79535-47bb-0310-9956-ffa450edef68",http://people.apache.org/~kkolinko/patches/2011-11-17_tc55_parameters-v5.patch; https://svn.apache.org/repos/asf/tomcat/tc5.5.x/trunk@1221282,contains links,https://github.com/apache/tomcat55/commit/0314fe7743cb72e469cb395ccaaf2793a2ea0355
CVE-2021-45046,"LOG4J2-3211 - Remove Messge Lookups (#623)

* Remove Messge Lookups

* Log a message that the option is no longer supported

* LOG4J2-3211 - Log a message. Update doc

* Add changes.xml entry. Don't limit visibility of LOGGER",https://github.com/apache/logging-log4j2/pull/623,contains links,https://github.com/apache/logging-log4j2/commit/27972043b76c9645476f561c5adc483dec6d3f5d
CVE-2019-10088,trivial improvements to RPW,,no links,https://github.com/apache/tika/commit/b8655aad5efaef1c5d266676350f58743770fb5b;https://github.com/apache/tika/commit/c4e63c9be8665cccea8b680c59a6f5cfbc03e0fc;https://github.com/apache/tika/commit/81c21ab0aac6b3e4102a1a8906c8c7eab6f96dae
CVE-2017-3159,CAMEL-10575: snakeyaml: add an option to filter classes the yaml parser can construct,,contains links,https://github.com/apache/camel/commit/6b979d07fd4be6ac913368f2abeae690d3325d37;https://github.com/apache/camel/commit/20e26226107f3133c87d0f5c845e02f824823f69
CVE-2015-5262,"HTTPCLIENT-1478: deprecated SSLSocketFactory ignores socket timeout parameter during SSL handshake

git-svn-id: https://svn.apache.org/repos/asf/httpcomponents/httpclient/trunk@1576362 13f79535-47bb-0310-9956-ffa450edef68",https://svn.apache.org/repos/asf/httpcomponents/httpclient/trunk@1576362,contains links,https://github.com/apache/httpcomponents-client/commit/09027e7286974bf6b61f4106395da2623121db8d;https://github.com/apache/httpcomponents-client/commit/d954cd287dfcdad8f153e61181e20d253175ca8c;https://github.com/apache/httpcomponents-client/commit/6705924879810f617a7a21d34f16b6c0d61e8d34
CVE-2015-0886,"Integer overflow fix (jBCrypt 0.4)

 This corrects an integer overflow that occurs with very large log_rounds values, first reported by Marcus Rathsfeld.",,no links,https://github.com/jeremyh/jBCrypt/commit/e015c2c110ab7cf544400893f3543b45f359ff58;https://github.com/djmdjm/jBCrypt/commit/0c28b698e79b132391be8333107040d774c79995
CVE-2016-1000352,removed support for non-cbc mode ciphers in IES/ECIES,,no links,https://github.com/bcgit/bc-java/commit/9385b0ebd277724b167fe1d1456e3c112112be1f
CVE-2016-1000342,"Added header validation for INTEGER/ENUMERATED
Added additional validations for DSA/ECDSA signature parsing.",,no links,https://github.com/bcgit/bc-java/commit/843c2e60f67d71faf81d236f448ebbe56c62c647
CVE-2022-24198,not found,,no links,https://github.com/itext/itext7/commit/73ac3ab0180eab1766eb41b43fd63183642e6310
CVE-2019-11274,"Escape error values in SCIM filters

[#166890338]

Signed-off-by: Andrew Edstrom <aedstrom@pivotal.io>",,no links,https://github.com/cloudfoundry/uaa/commit/a34f55fc97a81966faf21e3ae404ec24f1f31cf7
CVE-2016-5018,"Fix https://bz.apache.org/bugzilla/show_bug.cgi?id=60101
Remove preloading of the class that was deleted.

git-svn-id: https://svn.apache.org/repos/asf/tomcat/tc8.0.x/trunk@1760307 13f79535-47bb-0310-9956-ffa450edef68",https://bz.apache.org/bugzilla/show_bug.cgi?id=60101; https://svn.apache.org/repos/asf/tomcat/tc8.0.x/trunk@1760307,contains links,https://github.com/apache/tomcat80/commit/3adf2d614bce0fb9587b0eb7a4a9fbb7ac8e6d82;https://github.com/apache/tomcat80/commit/11950154730c3b2473580621df83356e09142e73
CVE-2021-33604,"fix: check if Url contains directory change in Dev Mode (#9392)

Checks whether the Url contains a directory change and a double encoding in Dev Mode. Returns 403 Forbidden immediately and skip the request handling, if does.",https://github.com/vaadin/flow/pull/9392,contains links,https://github.com/vaadin/flow/commit/19fe3864f9d1567c5ac7a211189986ac093e781f
CVE-2011-5062,"Add additional configuration options to the DIGEST authenticator
This is the fix for CVE-2011-1184

git-svn-id: https://svn.apache.org/repos/asf/tomcat/trunk@1087655 13f79535-47bb-0310-9956-ffa450edef68",https://svn.apache.org/repos/asf/tomcat/trunk@1087655,contains links,https://github.com/apache/tomcat/commit/639e20992a66d7a42fb59c974db91c8a0f730a1e
CVE-2021-25640,ignore '#' when parsing url (#7114),https://github.com/apache/dubbo/pull/7114,contains links,https://github.com/apache/dubbo/commit/d5c0cf82715e15b8064a841d25856b73f243d3cd
CVE-2022-24197,"Added local high precision property. Added tests.

DEVSIX-5775",,no links,https://github.com/itext/itext7/commit/eb16e6465c563c4f8bce256c4b5909438996405b
CVE-2020-36319,[Security Fix]Use Vaadin's own ObjectMapper instead of the one from Spring (#8016),https://github.com/vaadin/flow/pull/8016,contains links,https://github.com/vaadin/flow/commit/7222c96b1c5da51e56061cc5ae6d32f9a5876bc3
CVE-2018-8018,IGNITE-8565 Client marshalling improvements,,contains links,https://github.com/apache/ignite/commit/bc374f85ca4a5e69572902d2167fe6bedebd40a;https://github.com/apache/ignite/commit/82a7b8209fcf56971d12cb10410a38ed632215b
CVE-2012-0047,Escape pageMap's name from characters which may break the produced HTML.,,no links,https://github.com/apache/wicket/commit/2faab951738702b0251ed41e5b137bd5a9fc127d
CVE-2017-7674,"BZ61101: CORS filter should set Vary header in response. Submitted by Rick Riemer.

git-svn-id: https://svn.apache.org/repos/asf/tomcat/tc8.0.x/trunk@1795815 13f79535-47bb-0310-9956-ffa450edef68",https://svn.apache.org/repos/asf/tomcat/tc8.0.x/trunk@1795815,contains links,https://github.com/apache/tomcat80/commit/f52c242d92d4563dd1226dcc993ec37370ba9ce3
CVE-2020-11612,"Allow a limit to be set on the decompressed buffer size for ZlibDecoders (#9924)


Motivation:
It is impossible to know in advance how much memory will be needed to
decompress a stream of bytes that was compressed using the DEFLATE
algorithm. In theory, up to 1032 times the compressed size could be
needed. For untrusted input, an attacker could exploit this to exhaust
the memory pool.

Modifications:
ZlibDecoder and its subclasses now support an optional limit on the size
of the decompressed buffer. By default, if the limit is reached,
decompression stops and a DecompressionException is thrown. Behavior
upon reaching the limit is modifiable by subclasses in case they desire
something else.

Result:
The decompressed buffer can now be limited to a configurable size, thus
mitigating the possibility of memory pool exhaustion.",https://github.com/netty/netty/pull/9924,contains links,https://github.com/netty/netty/commit/1543218d3e7afcb33a90b728b14370395a3deca0
CVE-2020-5397,"Update CORS support

This commit updates CORS support in order to check Origin header
in CorsUtils#isPreFlightRequest which does not change how Spring
MVC or WebFlux process CORS request but is more correct in term
of behavior since it is a public API potentially used in another
contexts.

It also removes an unnecessary check in
AbstractHandlerMethodMapping#hasCorsConfigurationSource and processes
every preflight request with PreFlightHandler.

Closes gh-24327",,contains links,https://github.com/spring-projects/spring-framework/commit/bc7d01048579430b4b2df668178809b63d3f1929
CVE-2021-29425,IO-559 verify hostname part of suspected UNC paths in FileNameUtils,,no links,https://github.com/apache/commons-io/commit/2736b6fe0b3fa22ec8e2b4184897ecadb021fc78
CVE-2010-1330,Make maven generate source and javadocs and be openable by netbeans (wagon decl no longer needed in maven,,no links,https://github.com/jruby/jcodings/commit/ef9cae715912a703f8737e087896aa24b29af222
CVE-2019-0199,Fix test failures. Handle full allocation case.,,no links,https://github.com/apache/tomcat/commit/8d14c6f2;https://github.com/apache/tomcat/commit/0bcd69c9;https://github.com/apache/tomcat/commit/60a3af17
CVE-2012-6092,"https://issues.apache.org/jira/browse/AMQ-4115 - xss in web demos

git-svn-id: https://svn.apache.org/repos/asf/activemq/trunk@1399577 13f79535-47bb-0310-9956-ffa450edef68",https://issues.apache.org/jira/browse/AMQ-4115; https://svn.apache.org/repos/asf/activemq/trunk@1399577,contains links,https://github.com/apache/activemq/commit/51eb87a84be88d28383ea48f6e341ffe1203c5ba
CVE-2020-1928,"NIFI-7023 This closes #3991. Removed SLF4J and Log4J transitive dependencies from Zookeeper so tests log correctly.
Changed template handling.
Added unit tests.

Signed-off-by: Joe Witt <joewitt@apache.org>",https://github.com/apache/nifi/pull/3991,contains links,https://github.com/apache/nifi/commit/34f2a592df8996b5f9e65039a35ecd8c31417fbd
CVE-2017-2582,"Merge pull request #3715 from hmlnarik/KEYCLOAK-4160

KEYCLOAK-4160",https://github.com/keycloak/keycloak/pull/3715,contains links,https://github.com/keycloak/keycloak/commit/8a02ef18597e5929517d702238b09ae780eaf421;https://github.com/keycloak/keycloak/commit/0cb5ba0f6e83162d221681f47b470c3042eef237
CVE-2015-2156,not found,,no links,https://github.com/netty/netty/commit/4ac519f534493bb0ca7a77e1c779138a54faa7b9;https://github.com/netty/netty/commit/97d871a7553a01384b43df855dccdda5205ae77a;https://github.com/netty/netty/commit/d98b21be045a315ced88ada84000e4757cfb9892
CVE-2019-12402,unit tests for encoding logic,,no links,https://github.com/apache/commons-compress/commit/4ad5d80a6272e007f64a6ac66829ca189a8093b9
CVE-2018-25007,not found,,no links,https://github.com/vaadin/flow/commit/600edf9d9f733ba2d8096bb0cda9be6c6848942d
CVE-2018-8009,"Additional check when unpacking archives. Contributed by Jason Lowe and Akira Ajisaka.

(cherry picked from commit cedc28d4ab2a27ba47e15ab2711218d96ec88d23)",,contains links,https://github.com/apache/hadoop/commit/1373e3d8ad60e4da721a292912cb69243bfdf47;https://github.com/apache/hadoop/commit/bd98d4e77cf9f7b2f4b1afb4d5e5bad0f6b2fde
CVE-2018-1305,"62104: Fix programmatic login regression as the NonLoginAuthenticator has to be set for it to work (if no login method is specified).

git-svn-id: https://svn.apache.org/repos/asf/tomcat/trunk@1824323 13f79535-47bb-0310-9956-ffa450edef68",https://svn.apache.org/repos/asf/tomcat/trunk@1824323,contains links,https://github.com/apache/tomcat/commit/4d637bc3986e5d09b9363e2144b8ba74fa6eac3a;https://github.com/apache/tomcat/commit/3e54b2a6314eda11617ff7a7b899c251e222b1a1
CVE-2014-0112,"Merge branch 'hotfix/2.3.16.2'

Conflicts:
	apps/blank/pom.xml
	apps/jboss-blank/pom.xml
	apps/mailreader/pom.xml
	apps/pom.xml
	apps/portlet/pom.xml
	apps/rest-showcase/pom.xml
	apps/showcase/pom.xml
	archetypes/pom.xml
	archetypes/struts2-archetype-angularjs/pom.xml
	archetypes/struts2-archetype-blank/pom.xml
	archetypes/struts2-archetype-convention/pom.xml
	archetypes/struts2-archetype-dbportlet/pom.xml
	archetypes/struts2-archetype-plugin/pom.xml
	archetypes/struts2-archetype-portlet/pom.xml
	archetypes/struts2-archetype-starter/pom.xml
	assembly/pom.xml
	bundles/admin/pom.xml
	bundles/demo/pom.xml
	bundles/pom.xml
	core/pom.xml
	core/src/main/resources/struts-default.xml
	plugins/cdi/pom.xml
	plugins/codebehind/pom.xml
	plugins/config-browser/pom.xml
	plugins/convention/pom.xml
	plugins/dojo/pom.xml
	plugins/dwr/pom.xml
	plugins/embeddedjsp/pom.xml
	plugins/gxp/pom.xml
	plugins/jasperreports/pom.xml
	plugins/javatemplates/pom.xml
	plugins/jfreechart/pom.xml
	plugins/jsf/pom.xml
	plugins/json/pom.xml
	plugins/junit/pom.xml
	plugins/osgi/pom.xml
	plugins/oval/pom.xml
	plugins/pell-multipart/pom.xml
	plugins/plexus/pom.xml
	plugins/pom.xml
	plugins/portlet-tiles/pom.xml
	plugins/portlet/pom.xml
	plugins/rest/pom.xml
	plugins/sitegraph/pom.xml
	plugins/sitemesh/pom.xml
	plugins/spring/pom.xml
	plugins/struts1/pom.xml
	plugins/testng/pom.xml
	plugins/tiles/pom.xml
	plugins/tiles3/pom.xml
	pom.xml
	xwork-core/pom.xml",,no links,https://github.com/apache/struts/commit/1be8ed61e499b58b3fb6a45253f47865f83f35fb
CVE-2018-8017,fix logic in iptc parser,,no links,https://github.com/apache/tika/commit/8a6a9e1344f5b10ebfa1a189dc3c30d0da2b9d4;https://github.com/apache/tika/commit/62926cae31a02d4f23d21148435804b96c543cc
CVE-2018-12036,added checks to ensure extraction of files does not go outside of expected path,,no links,https://github.com/jeremylong/DependencyCheck/commit/4df51f39043c80b98aefdb2ae592f052d3c26acc
CVE-2018-1257,"Selector header name is exposed for configuration

Issue: SPR-16732",,no links,https://github.com/spring-projects/spring-framework/commit/246a6db1cad205ca9b6fca00c544ab7443ba202c;https://github.com/spring-projects/spring-framework/commit/ff2228fdaf131d57b5c8c5918ee8d07c6dd9bba
CVE-2021-39151,Switch to whitelist by default.,,no links,https://github.com/x-stream/xstream/commit/652d72f38b33938c54fd3b2ef626cb7dce38001c
CVE-2017-7660,added extra check if it is a liveNode,,no links,https://github.com/apache/lucene-solr/commit/e3b0cfff396a7f92a4f621d598780116da916f3
CVE-2021-43859,Describe and fix CVE-2021-43859.,,contains links,https://github.com/x-stream/xstream/commit/e8e88621ba1c85ac3b8620337dd672e0c0c3a846
CVE-2021-28164,"Merge pull request from GHSA-v7ff-8wcx-gmc5

Always normalize ambiguous URIs

Signed-off-by: Greg Wilkins <gregw@webtide.com>",,contains links,https://github.com/eclipse/jetty.project/commit/e412c8a15b3334b30193f40412c0fbc47e478e83
CVE-2017-4971,Use fixed parser for empty value binding expressions,,no links,https://github.com/spring-projects/spring-webflow/commit/ec3d54d2305e6b6bce12f770fec67fe63008d45;https://github.com/spring-projects/spring-webflow/commit/57f2ccb66946943fbf3b3f2165eac1c8eb6b1523
CVE-2017-17485,Fix 1/3 of #1855,https://github.com/FasterXML/jackson-databind/issues/1855,contains links,https://github.com/FasterXML/jackson-databind/commit/f031f27a31625d07922bdd090664c69544200a5d;https://github.com/FasterXML/jackson-databind/commit/bb45fb16709018842f858f1a6e1118676aaa34bd;https://github.com/FasterXML/jackson-databind/commit/978798382ceb72229e5036aa1442943933d6d171;https://github.com/FasterXML/jackson-databind/commit/2235894210c75f624a3d0cd60bfb0434a20a18bf
CVE-2012-5886,"Various DIGEST improvements ported from Tomcat 7

git-svn-id: https://svn.apache.org/repos/asf/tomcat/tc5.5.x/trunk@1392248 13f79535-47bb-0310-9956-ffa450edef68",https://svn.apache.org/repos/asf/tomcat/tc5.5.x/trunk@1392248,contains links,https://github.com/apache/tomcat55/commit/83adfde198d8f9305edbd240e0081a2bb7902cfd
CVE-2016-4430,Introduces new callMethod() function to be used to execute actions,,no links,https://github.com/apache/struts/commit/b28b78c062f0bf3c79793a25aab8c9b6c12bce6e
CVE-2016-4436,Throws away methods that doesn't match pattern,,no links,https://github.com/apache/struts/commit/27ca165ddbf81c84bafbd083b99a18d89cc49ca7
CVE-2014-0054,"Add processExternalEntities support to OXM

Update OXM AbstractMarshaller to support processing of external
XML entities. By default external entities will not be processed.

Issue: SPR-11376",,no links,https://github.com/spring-projects/spring-framework/commit/edba32b3093703d5e9ed42b5b8ec23ecc1998398
CVE-2018-14627,"Merge pull request #10675 from tadamski/WFLY-9107

[WFLY-9107] IIOP security configuration and tests refactor",https://github.com/wildfly/wildfly/pull/10675,contains links,https://github.com/wildfly/wildfly/commit/883115ea2168343e870745f538a80b1ddc360914
CVE-2016-4800,Merge remote-tracking branch 'origin/jetty-9.2.x' into jetty-9.3.x,,no links,https://github.com/eclipse/jetty.project/commit/424f0c1e040bf47f397c9164cc19d379fb00f7db;https://github.com/eclipse/jetty.project/commit/97af3d663fd22343129e8364d601640649d9eaea
CVE-2016-9589,UNDERTOW-1029 ParseState headerValuesCache can be exploited to fill heap with garbage,,no links,https://github.com/undertow-io/undertow/commit/86d52a5e9198991fe30a3616d9008cecc696fc0b
CVE-2016-2162,Narrows possible locale to those from available locales,,no links,https://github.com/apache/struts/commit/fc2179cf1ac9fbfb61e3430fa88b641d87253327;https://github.com/apache/struts/commit/37842193ab33b7655c78a2d2c305f2e0a0e50355
CVE-2015-4165,"Snapshot/Restore: fix FSRepository location configuration

Closes #11068",https://github.com/elastic/elasticsearch/issues/11068,contains links,https://github.com/elastic/elasticsearch/commit/f5cfb2a1869d1a52930cbd3138278a6e2c1b22e6
CVE-2018-1000850,"Forbid path traversal ('.' and '..') as @Path parameters.

They're likely to have the unintended effect. For example, passing ""..""
to @DELETE /account/book/{isbn}/ yields @DELETE /account/.",,contains links,https://github.com/square/retrofit/commit/b9a7f6ad72073ddd40254c0058710e87a073047d
CVE-2013-6468,BZ-991058 - KIE workbench uses MVEL.eval() with unfiltered user input (arbitrary Java code execution is possible),,no links,https://github.com/droolsjbpm/drools/commit/3883240d8324d0aa1372fff90c227928423c6a95
CVE-2018-14658,Redirect URLs are not normalized,,no links,https://github.com/keycloak/keycloak/commit/a957e118e6efb35fe7ef3a62acd66341a6523cb7
CVE-2018-18240,"Fix 458 (#470)

Thanks! I will come with small changes after merge.",https://github.com/pippo-java/pippo/pull/470,contains links,https://github.com/pippo-java/pippo/commit/c6b26551a82d2dd32097fcb17c13c3b830916296
CVE-2021-21351,Fix possibility to process references on enum types at deserialization. Closes #238.,https://github.com/x-stream/xstream/issues/238,contains links,https://github.com/x-stream/xstream/commit/15f2cd3364795eab785166f6f36f9a91e951373f
CVE-2014-3574,not found,,contains links,https://github.com/apache/poi/commit/103b45073c7b504236588b3acc146530205af53c;https://github.com/apache/poi/commit/bb7a24769a97732e760a0d70e76466424bfc4d8e;https://github.com/apache/poi/commit/b350d5c5edbf2fa4312ab0f46194a733194ddf55;https://github.com/apache/poi/commit/07771c3d8c7204c14a7a597b4db04a7e828a956f;https://github.com/apache/poi/commit/236c3c52a9b90688b2e57ec503559409e29f33ed
CVE-2013-2055,allow non-Wicket markup to be served from PackageResource,,no links,https://github.com/apache/wicket/commit/b8a31c41d9dd13ff6492407b86f601da654c0cd7
CVE-2021-21295,"Merge pull request from GHSA-wm47-8v5p-wjpj

Motivation:

As stated by https://tools.ietf.org/html/rfc7540#section-8.1.2.6 we should report a stream error if the content-length does not match the sum of all data frames.

Modifications:

- Verify that the sum of data frames match if a content-length header was send.
- Handle multiple content-length headers and also handle negative values
- Add io.netty.http2.validateContentLength system property which allows to disable the more strict validation
- Add unit tests

Result:

Correctly handle the case when the content-length header was included but not match what is send and also when content-length header is invalid",https://tools.ietf.org/html/rfc7540#section-8.1.2.6,contains links,https://github.com/netty/netty/commit/89c241e3b1795ff257af4ad6eadc616cb2fb3dc4
CVE-2017-15718,Remove parent's env vars from child processes. Contributed by Vinayakumar B.,,no links,https://github.com/apache/hadoop/commit/bfa736b7782b0075b3dc4c956ae7426952c49f83
CVE-2020-27216,"Merge pull request #5453 from eclipse/jetty-9.4.x-5451-general-tempdir-cleanup

Issue #5451 - Cleanup of temp file usages.",https://github.com/jetty/jetty.project/pull/5453; https://github.com/jetty/jetty.project/issues/5451,contains links,https://github.com/eclipse/jetty.project/commit/820c79ba5b68ece9d17d5af72284ed35179e0b79
CVE-2019-9827,Fix #2254 - Apply whitelist host protection to ProxyServlet,https://github.com/hawtio/hawtio/issues/2254,contains links,https://github.com/hawtio/hawtio/commit/503ed37b05a732fbb4e8c15b8b7881ef5009008d
CVE-2015-2944,"SLING-2082 - use ResponseUtil for escaping

git-svn-id: https://svn.apache.org/repos/asf/sling/trunk/bundles/api@1127023 13f79535-47bb-0310-9956-ffa450edef68",https://svn.apache.org/repos/asf/sling/trunk/bundles/api@1127023,contains links,https://github.com/apache/sling/commit/89e0555c75da9bda3007dadc08521dc0cbc90a0c
CVE-2014-0168,"Enchanced policy wr to origin handling. The Origin: can now be checked on the server side, too.",,no links,https://github.com/rhuss/jolokia/commit/2d9b168cfbbf5a6d16fa6e8a5b34503e3dc42364
CVE-2014-9527,not found,,contains links,https://github.com/apache/poi/commit/21d2bc3cffeefab6c41627da469fce35ed7760e6
CVE-2011-0534,"Fix https://issues.apache.org/bugzilla/show_bug.cgi?id=50631
InternalNioInputBuffer should honor maxHttpHeadSize
This addresses CVE-2011-0534

git-svn-id: https://svn.apache.org/repos/asf/tomcat/trunk@1065939 13f79535-47bb-0310-9956-ffa450edef68",https://issues.apache.org/bugzilla/show_bug.cgi?id=50631; https://svn.apache.org/repos/asf/tomcat/trunk@1065939,contains links,https://github.com/apache/tomcat/commit/0084470;https://github.com/apache/tomcat/commit/51640d60c705e57450a105832d91ff4535a96851
CVE-2014-8122,WELD-1802 RequestScopedCache - Make sure each request is ended before a new one is started,,no links,https://github.com/weld/core/commit/6808b11cd6d97c71a2eed754ed4f955acd789086;https://github.com/weld/core/commit/8e413202fa1af08c09c580f444e4fd16874f9c65
CVE-2015-5211,"Protect against RFD exploits

Issue: SPR-13548",,no links,https://github.com/spring-projects/spring-framework/commit/2bd1da;https://github.com/spring-projects/spring-framework/commit/a95c3d
CVE-2013-6407,"Merged revision(s) 1390921 from lucene/dev/trunk:
SOLR-3895, SOLR-3614: XML and XSLT UpdateRequestHandler should not try to resolve external entities; fix XML parsing in XPathEntityProcessor to correctly expand named entities, but ignore external entities

git-svn-id: https://svn.apache.org/repos/asf/lucene/dev/branches/branch_4x@1390924 13f79535-47bb-0310-9956-ffa450edef68",https://svn.apache.org/repos/asf/lucene/dev/branches/branch_4x@1390924,contains links,https://github.com/apache/lucene-solr/commit/bffc5624eff8e2790fb8d29b48385efd063c79d9
CVE-2018-11758,Disable external entities in XML reader,,no links,https://github.com/apache/cayenne/commit/8d4c83abed024fc3a698148a122429022b89b590
CVE-2019-0212,"HBASE-21960 Ensure RESTServletContainer used by RESTServer

Signed-off-by: stack <stack@apache.org>",,contains links,https://github.com/apache/hbase/commit/7206ef6427d12785b797797a00153b5437e21cb1
CVE-2018-8026,"SOLR-12450: Don't allow referal to external resources in various config files

# Conflicts:
#	solr/CHANGES.txt

# Conflicts:
#	solr/CHANGES.txt",,no links,https://github.com/apache/lucene-solr/commit/3aa6086ed99fa7158d423dc7c33dae6da466b09;https://github.com/apache/lucene-solr/commit/e21d4937e0637c7b7949ac463f331da9a42c07f
CVE-2014-3579,https://issues.apache.org/jira/browse/APLO-366 - make xpath parser features configurable,https://issues.apache.org/jira/browse/APLO-366,contains links,https://github.com/apache/activemq-apollo/commit/e5647554e6801a522c508a8eb457979a9af8c398
CVE-2019-16869,"Correctly handle whitespaces in HTTP header names as defined by RFC7230#section-3.2.4 (#9585)

Motivation:

When parsing HTTP headers special care needs to be taken when a whitespace is detected in the header name.

Modifications:

- Ignore whitespace when decoding response (just like before)
- Throw exception when whitespace is detected during parsing
- Add unit tests

Result:

Fixes https://github.com/netty/netty/issues/9571",https://github.com/netty/netty/pull/9585; https://github.com/netty/netty/issues/9571,contains links,https://github.com/netty/netty/commit/39cafcb05c99f2aa9fce7e6597664c9ed6a63a95
CVE-2019-11343,Fix issue with like,,no links,https://github.com/xjodoin/torpedoquery/commit/3c20b874fba9cc2a78b9ace10208de1602b56c3f
CVE-2018-18628,"Fix 458 (#470)

Thanks! I will come with small changes after merge.",https://github.com/pippo-java/pippo/pull/470,contains links,https://github.com/pippo-java/pippo/commit/c6b26551a82d2dd32097fcb17c13c3b830916296
CVE-2020-13936,"Merge pull request #16 from wglasshusain/VELOCITY-931-update-secure-classlist

Velocity 931 update secure classlist",https://github.com/apache/velocity-engine/pull/16,contains links,https://github.com/apache/velocity-engine/commit/f355cec739d4e705e541a149ff2d8806ed565401
CVE-2022-25312,Address comments from liontree0110,,no links,https://github.com/apache/any23/commit/856210814c16ff720f1484019013dc77cf95a2d0
CVE-2019-11808,Use UUID directly for generating session IDs,,no links,https://github.com/ratpack/ratpack/commit/f2b63eb82dd71194319fd3945f5edf29b8f3a42d;https://github.com/ratpack/ratpack/commit/7b2f09eeeba1e460ad8702930a8a8933a2dbe1e9
CVE-2019-11272,"PlaintextPasswordEncoder ignores null encoded passwords

Fixes gh-7023",,contains links,https://github.com/spring-projects/spring-security/commit/b2d4fec3617c497c5a8eb9c7e5270e0c7db293ee;https://github.com/spring-projects/spring-security/commit/12dbf2e9612cddd775904952d01bfc044fb1d1bb
CVE-2012-5887,"Various DIGEST improvements ported from Tomcat 7

git-svn-id: https://svn.apache.org/repos/asf/tomcat/tc5.5.x/trunk@1392248 13f79535-47bb-0310-9956-ffa450edef68",https://svn.apache.org/repos/asf/tomcat/tc5.5.x/trunk@1392248,contains links,https://github.com/apache/tomcat55/commit/83adfde198d8f9305edbd240e0081a2bb7902cfd
CVE-2015-5345,"Fix https://bz.apache.org/bugzilla/show_bug.cgi?id=58660
With mapperContextRootRedirectEnabled ste to false, the redirect needs to be handled elsewhere.
- Ensure the Mapper does not add the '/' handling the redirect
- Handle the redirect in the DefaultServlet
- Add a redirect to FORM auth if auth is occurring at the context root else the login page could be submitted to the wrong web application

git-svn-id: https://svn.apache.org/repos/asf/tomcat/tc8.0.x/trunk@1717209 13f79535-47bb-0310-9956-ffa450edef68",https://bz.apache.org/bugzilla/show_bug.cgi?id=58660; https://svn.apache.org/repos/asf/tomcat/tc8.0.x/trunk@1717209,contains links,https://github.com/apache/tomcat80/commit/2b643a4e36d318d55ec57fee57610671656d23c0
CVE-2013-6397,"SOLR-4882: Restrict SolrResourceLoader to only allow access to resource files below the instance dir

git-svn-id: https://svn.apache.org/repos/asf/lucene/dev/trunk@1525246 13f79535-47bb-0310-9956-ffa450edef68",https://svn.apache.org/repos/asf/lucene/dev/trunk@1525246,contains links,https://github.com/apache/lucene-solr/commit/da34b18cb3092df4972e2b6fa5178d1059923910
CVE-2015-5377,"Restrict Exception deserialization to Core and JDK classes

when 3rd party exceptions are deserialized they might carry
classes not present on the deserializing node. This causes hard
exceptions and looses the exception entirely. This commit restricts
the classes we support for deserialization for core and selected JDK
classes to guarantee they are present on both source and target nodes",,no links,https://github.com/elastic/elasticsearch/commit/bf3052d14c874aead7da8855c5fcadf5428a43f2
CVE-2016-6795,merged fix for WW-4628 (proper url decoding of query-string),,contains links,https://github.com/apache/struts/commit/7d8c3598ef4a4699515a2b8e1064d4e9b921a58b
CVE-2013-7315,"Fix potential security risk when using Spring OXM

Disable by default external entity resolution when using Spring OXM
with jaxb. This prevents a XML entity from being able to resolve a
local file on the host system.

See:
https://www.owasp.org/index.php/XML_External_Entity_(XXE)_Processing

Issue: SPR-10806",https://www.owasp.org/index.php/XML_External_Entity_(XXE)_Processing,contains links,https://github.com/frankneusource/spring-framework/commit/7576274874deeccb6da6b09a8d5bd62e8b5538b7
CVE-2013-2254,"SLING-2913 :  Issue in AbstractCreateOperation#deepGetOrCreateNode . Apply patch from Antonio Sanso

git-svn-id: https://svn.apache.org/repos/asf/sling/trunk@1501115 13f79535-47bb-0310-9956-ffa450edef68",https://svn.apache.org/repos/asf/sling/trunk@1501115,contains links,https://github.com/apache/sling-org-apache-sling-servlets-post/commit/7ddd5df1282a47a99af1f7f4897fc7abe1ec056b
CVE-2011-2526,"Protect against infinite loops in the HTTP NIO connector if sendfile is configured to send more data than is available in the file. (markt)
Part of the fix for CVE-2011-2526

git-svn-id: https://svn.apache.org/repos/asf/tomcat/trunk@1145383 13f79535-47bb-0310-9956-ffa450edef68",https://svn.apache.org/repos/asf/tomcat/trunk@1145383,contains links,https://github.com/apache/tomcat/commit/36e6efdd4052ea0f3a0a6db4bc27ebfb925c3772;https://github.com/apache/tomcat/commit/64109ce37870bc6c470df8cf5ae0f3bb82429ee0;https://github.com/apache/tomcat/commit/eb6416f0743e974d031d415d3d33544bea044eca;https://github.com/apache/tomcat/commit/d3efb1a364d41a32bcdd08517622a97548faaa4a;https://github.com/apache/tomcat55/commit/e67f6882118f2a8285e4e8acd050dad64a3ef3e4;https://github.com/apache/tomcat/commit/f0488ac8a449ac3efa8df9a560c42a835231a479;https://github.com/apache/tomcat/commit/26f3f098309772e8617fde3cbba59d0c4b65efc7
CVE-2018-1336,"Improve handing of overflow in the UTF-8 decoder with supplementary characters.

git-svn-id: https://svn.apache.org/repos/asf/tomcat/trunk@1830373 13f79535-47bb-0310-9956-ffa450edef68",https://svn.apache.org/repos/asf/tomcat/trunk@1830373,contains links,https://github.com/apache/tomcat/commit/92cd494555598e99dd691712e8ee426a2f9c2e93
CVE-2017-12630,"DRILL-5766: Fix XSS vulnerabilities in Drill

1. Bumped up freemarker version to 2.3.26-incubating.
2. Indicated default output format in Freemarker configuration (HTML).
3. Fixed Web UI bugs listed in DRILL-5346, DRILL-5341, DRILL-5339, DRILL-5338.

closes #935",https://github.com/apache/drill/pull/935,contains links,https://github.com/apache/drill/commit/c7c8ffd6f5e1b8f4677f9e95c317482d929a1bb5
CVE-2020-2933,"Fix for Bug#23143279, CLIENT HANG WHEN LOADBALANCESTRATEGY IS BESTRESPONSETIME.",,no links,https://github.com/mysql/mysql-connector-j/commit/e824d25875e2fdfdacf8a09e8d829df00a3db8e7
CVE-2020-1933,"NIFI-7023 This closes #3991. Removed SLF4J and Log4J transitive dependencies from Zookeeper so tests log correctly.
Changed template handling.
Added unit tests.

Signed-off-by: Joe Witt <joewitt@apache.org>",https://github.com/apache/nifi/pull/3991,contains links,https://github.com/apache/nifi/commit/34f2a59
CVE-2020-13933,"Merge pull request #223 from bmhm/SHIRO-766

[SHIRO-766] ignore exception on invalid cookies.",https://github.com/apache/shiro/pull/223,contains links,https://github.com/apache/shiro/commit/83d8dacd273c8f6d70e6b1aa4f240d4f7a408c27
CVE-2017-14063,"Don't be tricked by anchors containing a question mark, close #1455

Motivation:

AHC can be tricked into connecting to a different host.

Modification:

* Make sure we don’t interpret `?` in the anchor as the beginning of
the query and the end of the path.
* Update tests to check org.asynchttpclient.uri.Uri returns the same
results as java.net.URI.

Result:

AHC no longer tricked by anchors containing question mark.",https://github.com/AsyncHttpClient/async-http-client/issues/1455,contains links,https://github.com/AsyncHttpClient/async-http-client/commit/e9f12b29725c567cdb4de98b3302a61ca9d41280;https://github.com/AsyncHttpClient/async-http-client/commit/eb9e3347e45319be494db24d285a2aee4396f5d3
CVE-2018-1335,fix readUE7,,no links,https://github.com/apache/tika/commit/302f22aff7a836868b270038e1d66002a2004869
CVE-2021-31411,"fix: Compare file content from stream (#10640)

Compare jar file content and existing target file content before writing to disk.",https://github.com/vaadin/flow/pull/10640,contains links,https://github.com/vaadin/flow/commit/e9ceac295812018b0d654ce897de6e98b8571255
CVE-2016-3083,HIVE-13390: HiveServer2: Add more test to ZK service discovery using MiniHS2 (Vaibhav Gumashta reviewed by Sushanth Sowmyan),,contains links,https://github.com/apache/hive/commit/116751eb543ff218502b5bf2add342b152baa17d
CVE-2012-0394,"WW-3668 - Vulnerability: User input is evaluated as an OGNL expression when there's a conversion error

git-svn-id: https://svn.apache.org/repos/asf/struts/struts2/trunk@1157009 13f79535-47bb-0310-9956-ffa450edef68",https://svn.apache.org/repos/asf/struts/struts2/trunk@1157009,contains links,https://github.com/apache/struts/commit/b4265d369dc29d57a9f2846a85b26598e83f3892;https://github.com/apache/struts/commit/9cad25f258bb2629d263f828574d2671366c238d;https://github.com/apache/struts/commit/34c80dae734e70f13c0e46f9c83602fb71318e58
CVE-2018-8036,not found,,contains links,https://github.com/apache/pdfbox/commit/038c09b5f361e083a00ce076c95521b73202fcb4
CVE-2020-27218,"Issue #5605 unconsumed input on sendError (#5637)

* Issue #5605 unconsumed input on sendError

Add Connection:close if content can't be consumed during a sendError. Processed after the request has returned to the container.

Signed-off-by: Greg Wilkins <gregw@webtide.com>

* Update from review

 + Add close on all uncommitted requests when content cannot be consumed.

* Update from review

 + fixed comment
 + space comma

* Only consume input in COMPLETE if response is >=200 (ie not an upgrade or similar)

* Updated to be less adventurous

I do not think it was valid to always consumeAll in COMPLETE as this could break upgrades with both 101s and 200s
Instead I have reverted to having this consumeAll logic only:
 + in sendError once control has passed back to the container and we are about to generate an error page.
 + in front of all the sendRedirection that we do without calling the application first.

Extra tests also added

* Updated to be less adventurous

reverted test

* Testcase for odd sendError(400) issue.

Signed-off-by: Joakim Erdfelt <joakim.erdfelt@gmail.com>

* Fix for odd sendError(400) issue.

Signed-off-by: Simone Bordet <simone.bordet@gmail.com>

* Testcase for odd sendError(400) issue.

Signed-off-by: Joakim Erdfelt <joakim.erdfelt@gmail.com>

* Always try to consumeAll on all requests

* Refinements after testing in 10

* Refinements after testing in 10

Fixed test

* Fixed comment from review

* Updates from review

+ added redirect methods that consumeAll
+ ensureContentConsumedOrConnectionClose renamed to ensureConsumeAllOrNotPersistent
+ ensureConsumeAllOrNotPersistent now handles HTTP/1.0 and HTTP/1.1 differently

* better consumeAll implementation

* update from review

 + better javadoc
 + filter out keep-alive
 + added more tests

* update from review

 + better javadoc

* update from review

 + fixed form redirection test for http 1.0 and 1.1

* update from review

 + HttpGenerator removes keep-alive if close present
 + Use isRedirection

Co-authored-by: Joakim Erdfelt <joakim.erdfelt@gmail.com>
Co-authored-by: Simone Bordet <simone.bordet@gmail.com>",https://github.com/jetty/jetty.project/issues/5605; https://github.com/jetty/jetty.project/pull/5637,contains links,https://github.com/eclipse/jetty.project/commit/14f94f738df5adf68549749d01d4f9d97ea51452
CVE-2021-30468,"CXF-8435 - JsonMapObjectReaderWriter doesn't escape double quotes

(cherry picked from commit fa01cfac792fb7cb2e6d553d38a7441a20c97ba8)",,contains links,https://github.com/apache/cxf/commit/9d423d4ceb41a6a025b1cada185f0255e731d3af
CVE-2016-1000031,"DiskFileItem is no longer Serializable.


git-svn-id: https://svn.apache.org/repos/asf/commons/proper/fileupload/trunk@1743503 13f79535-47bb-0310-9956-ffa450edef68",https://svn.apache.org/repos/asf/commons/proper/fileupload/trunk@1743503,contains links,https://github.com/apache/commons-fileupload/commit/02f6b2c4ef9aebf9cf8e55de8b90e73430b69385;https://github.com/apache/commons-fileupload/commit/388e824518697c2c8f9f83fd964621d9c2f8fc4c
CVE-2016-0734,"https://issues.apache.org/jira/browse/AMQ-6170

Fixing X-Frame-Options header so that is applied for all content served
by Jetty.  The previous patch wasn't correct because it only applied it
to Servlets and JSPs and not static content. This also reverts AMQ-6113

(cherry picked from commit 24ad36778534c5ac888f880837075449169578ad)",https://issues.apache.org/jira/browse/AMQ-6170,contains links,https://github.com/apache/activemq/commit/028a33ea7d73fabe6161defffdbfc85578328a68;https://github.com/apache/activemq/commit/24ad36778534c5ac888f880837075449169578ad
CVE-2021-31684,"Merge pull request #68 from pcy190/master

Fix ArrayIndexOutOfBoundsException",https://github.com/netplex/json-smart-v2/pull/68,contains links,https://github.com/netplex/json-smart-v2/commit/21dad441f96863d41ad53a28c48478b9ef2ce1a7
CVE-2010-2227,"Arrange filter logic.
This is the fix for CVE-2010-2227.

git-svn-id: https://svn.apache.org/repos/asf/tomcat/trunk@958911 13f79535-47bb-0310-9956-ffa450edef68",https://svn.apache.org/repos/asf/tomcat/trunk@958911,contains links,https://github.com/apache/tomcat/commit/692608fc183eccd915f3ec6ba17577f790872b5c;https://github.com/apache/tomcat55/commit/4faaca9353e5e3f963c7a674b3ac6a0bd1c3757e;https://github.com/apache/tomcat/commit/3821e9878ea2abd136863ebca6074bbc519d760c
CVE-2014-3656,"KEYCLOAK-703 Check valid origin is passed to login-status-iframe

Conflicts:
	services/src/main/java/org/keycloak/services/resources/TokenService.java",,no links,https://github.com/keycloak/keycloak/commit/85cc63c7ce93453ed25faced406621549d490d17
CVE-2015-3198,UNDERTOW-432 Requesting x.jsp/ will return the source code for x.jsp,,no links,https://github.com/undertow-io/undertow/commit/4c330e2ac8a3694bfc6196e7b38ba8a426f96f8c
CVE-2017-1000486,Refactored dynamic resource handling,,no links,https://github.com/primefaces/primefaces/commit/26e44eb7962cbdb6aa2f47eca0f230f3274358f0
CVE-2021-22118,"Ensure Synchronoss temp directories do not collide

This commit makes sure that Synchronoss uses a random temporary
directory to store uploaded files, so that two instances do not collide.

Closes gh-26931",,contains links,https://github.com/spring-projects/spring-framework/commit/cce60c479c22101f24b2b4abebb6d79440b120d1
CVE-2020-5412,add allow list for proxy.stream endpoint,,no links,https://github.com/spring-cloud/spring-cloud-netflix/commit/624bbc8b50f7b5b6a1addc62040e4f2587f24f1b
CVE-2018-8039,Fix hostname verification using the deprecated SSL stack,,no links,https://github.com/apache/cxf/commit/fae6fabf9bd7647f5e9cb68897a7d72b545b741;https://github.com/apache/cxf/commit/8ed6208f987ff72e4c4d2cf8a6b1ec9b27575d4
CVE-2019-17554,[OLINGO-1409] XML serializer defaults,,no links,https://github.com/apache/olingo-odata4/commit/5948974ad28271818e2afe747c71cde56a7f2c63
CVE-2014-3625,"Apply extra checks to static resource handling

- remove leading '/' and control chars
- improve url and relative path checks
- account for URL encoding
- add isResourceUnderLocation final verification

Issue: SPR-12354",,no links,https://github.com/spring-projects/spring-framework/commit/9cef8e3001ddd61c734281a7556efd84b6cc2755
CVE-2017-12624,"CXF-7507 - Put a configurable limit on the size of attachment headers

# Conflicts:
#	core/src/main/java/org/apache/cxf/message/MessageUtils.java
#	rt/frontend/jaxrs/src/main/java/org/apache/cxf/jaxrs/ext/MessageContextImpl.java
#	rt/frontend/jaxrs/src/main/java/org/apache/cxf/jaxrs/ext/multipart/Attachment.java

# Conflicts:
#	core/src/main/java/org/apache/cxf/attachment/AttachmentDeserializer.java
#	rt/frontend/jaxrs/src/main/java/org/apache/cxf/jaxrs/ext/multipart/Attachment.java",,no links,https://github.com/apache/cxf/commit/a2ce435cf0eedc8158d118d6d275114408d2a376
CVE-2020-5410,Verifies resources are in allowed locations,,no links,https://github.com/spring-cloud/spring-cloud-config/commit/f470b52f1bb52bedac984c2101bea9a3ac52e2e7
CVE-2018-11797,not found,,contains links,https://github.com/apache/pdfbox/commit/a6deb9d7ffec79986cac82345db724b343ca3e5;https://github.com/apache/pdfbox/commit/f7dc8eed7df007c88421919932e2d4de44d2ae2;https://github.com/apache/pdfbox/commit/ea7d321b6e23cf017437846bcee4de19784cf6c8;https://github.com/apache/pdfbox/commit/bb5defd088bebd566d126df079d35b356ba0534a;https://github.com/apache/pdfbox/commit/2db39c139d935a8ba03e1ae3c012d2d41dd6912a
CVE-2017-5645,"[LOG4J2-1863] Add class filtering to AbstractSocketServer

This allows a whitelist of class names to be specified to configure
which classes are allowed to be deserialized in both TcpSocketServer and
UdpSocketServer.",,contains links,https://github.com/apache/logging-log4j2/commit/5dcc19215827db29c993d0305ee2b0d8dd05939d
CVE-2020-5421,Merge branch '5.2.x' into master,,no links,https://github.com/spring-projects/spring-framework/commit/dd011c991ce801660ec2be7979f3fc6462f29289
CVE-2018-1000644,"Merge pull request #1146 from eclipse/issues/GH-1158-xxe-vulnerability

Fix #1056 xxe vulnerability",https://github.com/eclipse-rdf4j/rdf4j/pull/1146; https://github.com/eclipse-rdf4j/rdf4j/issues/1056,contains links,https://github.com/eclipse/rdf4j/commit/50f2f51950227a4ec595a2922d81da487aba5135
CVE-2016-2402,"Don't build a trust root index on Android.

We can just cheat and use reflection to use Conscrypt's trust root index
directly. This results in a substantial savings in app startup - 500
milliseconds or more.

Closes: https://github.com/square/okhttp/issues/2321",https://github.com/square/okhttp/issues/2321,contains links,https://github.com/square/okhttp/commit/784fabac7d1586a5614bd4bc8854fd62850dbe26;https://github.com/square/okhttp/commit/3ccb46dd16b6ec98f70b0ee53eafe5ed6380891e
CVE-2021-39141,Switch to whitelist by default.,,no links,https://github.com/x-stream/xstream/commit/652d72f38b33938c54fd3b2ef626cb7dce38001c
CVE-2015-5254,https://issues.apache.org/jira/browse/AMQ-6013 - restrict classes which can be serialized inside the broker,https://issues.apache.org/jira/browse/AMQ-6013,contains links,https://github.com/apache/activemq/commit/a7e2a44;https://github.com/apache/activemq/commit/e100638;https://github.com/apache/activemq/commit/6f03921;https://github.com/apache/activemq/commit/e7a4b53;https://github.com/apache/activemq/commit/d7a3b94;https://github.com/apache/activemq/commit/73a0caf
CVE-2011-2731,SEC-1750: Make sure RunAs replacement is constrained to the SecurityContext of the current thread.,,no links,https://github.com/spring-projects/spring-security/commit/76dc21469e8ef207f122ecc7e191e0133a2600af
CVE-2018-1304,"Fix https://bz.apache.org/bugzilla/show_bug.cgi?id=62067
Correctly apply security constraints mapped to the context root using a
URL pattern of """"

git-svn-id: https://svn.apache.org/repos/asf/tomcat/tc8.5.x/trunk@1823307 13f79535-47bb-0310-9956-ffa450edef68",https://bz.apache.org/bugzilla/show_bug.cgi?id=62067; https://svn.apache.org/repos/asf/tomcat/tc8.5.x/trunk@1823307,contains links,https://github.com/CRaC/tomcat/commit/5af7c13cff7cc8366c5997418e820989fabb8f48
CVE-2018-1331,STORM-3026: Upgrade ZK instance for security,,no links,https://github.com/apache/storm/commit/8ffa920d3894634aa078f0fdf6b02d270262caf;https://github.com/apache/storm/commit/22a962073c5f12dc5ab281a15d93eb5efc31ab6;https://github.com/apache/storm/commit/a6bf3e421d3d37a797e3bb374fcd20a00189feb
CVE-2018-1131,ISPN-7420 Hot Rod enhancements for transcoding,,no links,https://github.com/infinispan/infinispan/commit/c630752604332c4cc84fc44dfbb9011a296ab966
CVE-2020-27196,"[2.7.x] Json parse on forms

Co-authored-by: James Roper <james@jazzy.id.au>
Co-authored-by: Marcos Pereira <marcos.silva@gmail.com>",,no links,https://github.com/playframework/playframework/commit/f02e219cab10260cab82f884f736252038e68405
CVE-2018-12418,"make Archive slightly more robust against corrupt files.  Add (#8)

unit test file from Apache Tika.",https://github.com/junrar/junrar/pull/8,contains links,https://github.com/junrar/junrar/commit/ad8d0ba8e155630da8a1215cee3f253e0af45817
CVE-2014-3527,SEC-2688: CAS Proxy Ticket Authentication uses Service for host & port,,no links,https://github.com/spring-projects/spring-security/commit/2cb99f079152ac05cee5c90457c7feb3bb2de55
CVE-2020-5245,"Escape EL expressions in ViolationCollector (#3160)

Fixes #3153
Refs #3157
(cherry picked from commit d87d1e4f8e20f6494c0232bf8560c961b46db634)",https://github.com/dropwizard/dropwizard/pull/3160; https://github.com/dropwizard/dropwizard/issues/3153; https://github.com/dropwizard/dropwizard/pull/3157,contains links,https://github.com/dropwizard/dropwizard/commit/28479f743a9d0aab6d0e963fc07f3dd98e8c8236
CVE-2021-27850,TAP5-2663: ChecksumPath should ignore slashes at the end of URLs,,contains links,https://github.com/apache/tapestry-5/commit/2089b0d52b9f9158a1d20ca95d98d88037cede61
CVE-2020-7611,Validate client headers,,no links,https://github.com/micronaut-projects/micronaut-core/commit/9d1eff5c8df1d6cda1fe00ef046729b2a6abe7f1
CVE-2019-10071,Compare HMACs with a time-constant string comparison.,,no links,https://github.com/apache/tapestry-5/commit/cdcf49c0a2b36ffc7a004d54405bb4357870c4b2
CVE-2014-0002,CAMEL-7129: Remove the CamelXsltResourceUri header from xslt component,,contains links,https://github.com/apache/camel/commit/341d4e6cca71c53c90962d1c3d45fc9e05cc50c6;https://github.com/apache/camel/commit/54b65c1d30848835f26bd138c0ba407bc1e560d
CVE-2021-38294,STORM-3802 allow adding system metrics reporters to all topologies (#3419),https://github.com/apache/storm/pull/3419,contains links,https://github.com/apache/storm/commit/30857b7d54ac7a91c42e0816cb0fbcdcd111e89f
CVE-2019-3875,KEYCLOAK-9572 Support for multiple CRLs with X509 authentication,,no links,https://github.com/keycloak/keycloak/commit/db271f7150aae914a8f256ccb48e9d1dac9d7126;https://github.com/keycloak/keycloak/commit/a48698caa32933458916980ab05256f56099a337
CVE-2011-5063,"Add additional configuration options to the DIGEST authenticator

git-svn-id: https://svn.apache.org/repos/asf/tomcat/tc5.5.x/trunk@1159309 13f79535-47bb-0310-9956-ffa450edef68",https://svn.apache.org/repos/asf/tomcat/tc5.5.x/trunk@1159309,contains links,https://github.com/apache/tomcat55/commit/644dfdf96cf82fcd2a2046d93f2b5495f7e94584
CVE-2019-13236,"Fixed: unreleased/expired resources where never included in the gallery
search.",,no links,https://github.com/alkacon/opencms-core/commit/185e71cc9844c90c0c29b730bd92b0375f1eca21
CVE-2021-23899,"Tests for fixes for previously undisclosed vulnerabilities

These include tests that reproduced fuzzer findings cqommunicated
privately by Fabian Meumertzheim of codeintelligence.

They were held back, separate from the fixes, until a release had time
to propagate.

Public disclosure at
https://groups.google.com/g/json-sanitizer-support/c/dAW1AeNMoA0",https://groups.google.com/g/json-sanitizer-support/c/dAW1AeNMoA0,contains links,https://github.com/OWASP/json-sanitizer/commit/a37f594f7378a1c76b3283e0dab9e1ab1dc0247e;https://github.com/OWASP/json-sanitizer/commit/89d91f328bd3eb46bee6b8ee78a5fce1e3a11c18
CVE-2018-12540,"Validate that X-XSRF-Token and X-XSRF-Token cookie are the same - fixes #970
(cherry picked from commit 482bc72)",https://github.com/vert-x3/vertx-web/issues/970,contains links,https://github.com/vert-x3/vertx-web/commit/f42b193b15a29b772fc576b2d0f2497e7474a7e;https://github.com/vert-x3/vertx-web/commit/98891b1d9e022b467a3e4674aca4d1889849b1d
CVE-2014-1972,TAP5-2008: Implement HMAC signatures on object streams stored on the client,,contains links,https://github.com/apache/tapestry-5/commit/95846b173d83c2eb42db75dae3e7d5e13a633946
CVE-2020-1698,KEYCLOAK-12638 Remove Request parameters from exception message,,no links,https://github.com/keycloak/keycloak/commit/62c9e1577618470832ede22dcedd46cba15b1836
CVE-2019-10173,Prevent CVE-2013-7285 for XStream with uninitialized security framework. Closes #108.,https://github.com/x-stream/xstream/issues/108,contains links,https://github.com/x-stream/xstream/commit/f38a1da3ae9491930c2067c12cd2506738b21dab
CVE-2020-28491,Fix eager allocation aspect of #186,https://github.com/FasterXML/jackson-dataformats-binary/issues/186,contains links,https://github.com/FasterXML/jackson-dataformats-binary/commit/de072d314af8f5f269c8abec6930652af67bc8e6
CVE-2022-0839,"Merge pull request #2384 from liquibase/enable_xml_secure_processing

Enable FEATURE_SECURE_PROCESSING XML setting by default",https://github.com/liquibase/liquibase/pull/2384,contains links,https://github.com/liquibase/liquibase/commit/d60de3f18acba5423b60d09ee40df44103a07295
CVE-2007-5615,JETTY-376 allow anything but CRLF in reason string,,no links,https://github.com/jetty-project/codehaus-jetty6/commit/0d2592ea3183914163d0921e4855bd3e18582a05
CVE-2022-23221,"Merge pull request #3342 from katzyn/jdbc

Return DatabaseMetaData.tableIndexOther for regular indexes",https://github.com/h2database/h2database/pull/3342,contains links,https://github.com/h2database/h2database/commit/2b55a66bac49fb3be540e322f27dfbd550f06b9c
CVE-2017-3586,Fix for BUG#20515688.,,no links,https://github.com/mysql/mysql-connector-j/commit/aeba57264966b0fd329cdb8170ba772fd8fd4de2
CVE-2021-44548,SOLR-15826: ResourceLoader should better respect allowed paths (#439),https://github.com/apache/solr/pull/439,contains links,https://github.com/apache/solr/commit/c1f916d532e9580f22c09b6ad746d4ea9bcc47a6
CVE-2014-3643,Improved handling of external XML entities.,,no links,https://github.com/jersey/jersey-1.x/commit/49f1e5a6ac608ccb51939205e4739f328f2223e6
CVE-2018-12537,Http header CR / LF validation - fixes #2470,https://github.com/eclipse-vertx/vert.x/issues/2470,contains links,https://github.com/eclipse/vert.x/commit/1bb6445226c39a95e7d07ce3caaf56828e8aab72;https://github.com/eclipse-vertx/vert.x/commit/3a6512695a9d610687081eb13d2a1681151fd7fb
CVE-2018-1067,UNDERTOW-1302 Fix response splitting flaw if headers contain non-ascii characters,,no links,https://github.com/undertow-io/undertow/commit/f404cb68448c188f4d51b085b7fe4ac32bde26e;https://github.com/undertow-io/undertow/commit/85d4478e598105fe94ac152d3e11e388374e8b8
CVE-2016-1000346,"Added TLS validation check for DH keys
Added further agreement result checks",,no links,https://github.com/bcgit/bc-java/commit/1127131c89021612c6eefa26dbe5714c194e7495
CVE-2020-15250,"Merge pull request from GHSA-269g-pwp5-87pp

When running on Java 7 or later, temporary directories are now created
Using Java’s NIO API which restricts permissions to owner-only by
default.",,contains links,https://github.com/junit-team/junit4/commit/610155b8c22138329f0723eec22521627dbc52ae
CVE-2020-5206,"Authentication Bypass For Endpoints With Anonymous Access

Using a remember-me cookie with an arbitrary username can cause Opencast
to assume proper authentication for that user even if the remember-me
cookie was incorrect given that the attacked endpoint also allows
anonymous access.

This way, an attacker can, for example, fake a remember-me token, assume
the identity of the global system administrator and request non-public
content from the search service without ever providing any proper
authentication.

The reason for this problem is that using a remember-me cookie will
always cause the user in the request context to be populated, even if
the cookie is invalid by now. This is usually no problem, except in
combination with anonymous access where anonymous authentication is
granted and the request may continue.

In such a case, Opencast's security service would just check that a user
existed in the request context and assume proper authentication of this
user, never checking if it's actually anonymous authentication.

This patch adds this additional check, falling back to the anonymous
user in case of anonymous authentication.",,no links,https://github.com/opencast/opencast/commit/b157e1fb3b35991ca7bf59f0730329fbe7ce82e8
CVE-2020-17527,"Fix BZ 64830 - concurrency issue in HPACK decoder

https://bz.apache.org/bugzilla/show_bug.cgi?id=64830",https://bz.apache.org/bugzilla/show_bug.cgi?id=64830,contains links,https://github.com/apache/tomcat/commit/8d2fe6894d6e258a6d615d7f786acca80e6020cb
CVE-2013-2135,"WW-4090 Itroduces actions names' whitelisting

git-svn-id: https://svn.apache.org/repos/asf/struts/struts2/branches/STRUTS_2_3_14_2_X@1488895 13f79535-47bb-0310-9956-ffa450edef68",https://svn.apache.org/repos/asf/struts/struts2/branches/STRUTS_2_3_14_2_X@1488895,contains links,https://github.com/apache/struts/commit/01e6b251b4db78bfb7971033652e81d1af4cb3e;https://github.com/apache/struts/commit/8b4fc81daeea3834bcbf73de5f48d0021917aa3;https://github.com/apache/struts/commit/711cf0201cdd319a38cf29238913312355db29ba
CVE-2018-12542,"CVE-2018-12542: The StaticHandler uses external input to construct a pathname that should be within a restricted directory, but it does not properly neutralize '\' (forward slashes) sequences that can resolve to a location that is outside of that directory when running on Windows Operating Systems. - fixes #1025",https://github.com/vert-x3/vertx-web/issues/1025,contains links,https://github.com/vert-x3/vertx-web/commit/57a65dce6f4c5aa5e3ce7288685e7f3447eb8f3b
CVE-2009-1523,JETTY-1004 core fix,,no links,https://github.com/jetty-project/codehaus-jetty6/commit/038ce0f5c29a60263e23aec544ecec516c043f98
CVE-2014-0099,"Fix possible overflow when parsing long values from a byte array.

git-svn-id: https://svn.apache.org/repos/asf/tomcat/trunk@1578812 13f79535-47bb-0310-9956-ffa450edef68",https://svn.apache.org/repos/asf/tomcat/trunk@1578812,contains links,https://github.com/apache/tomcat/commit/fffd63a
CVE-2013-4286,"Better adherence to RFC2616 for content-length headers
This is the fix for CVE-2013-4286.

git-svn-id: https://svn.apache.org/repos/asf/tomcat/trunk@1521829 13f79535-47bb-0310-9956-ffa450edef68",https://svn.apache.org/repos/asf/tomcat/trunk@1521829,contains links,https://github.com/apache/tomcat/commit/52241c95b55b005ba6ffeed8e610e238bf471dd9;https://github.com/apache/tomcat80/commit/ff00954b78e6484e40f323c0cef2e6d95c2882b9
CVE-2017-12645,LPS-72307 Move portletId validation to portlet deploy,,no links,https://github.com/liferay/liferay-portal/commit/f30571c3502551945ba7497e8d80e8b2295f1026
CVE-2012-6153,"Fixed CN extraction from DN of X500 principal

git-svn-id: https://svn.apache.org/repos/asf/httpcomponents/httpclient/branches/4.2.x@1411705 13f79535-47bb-0310-9956-ffa450edef68",https://svn.apache.org/repos/asf/httpcomponents/httpclient/branches/4.2.x@1411705,contains links,https://github.com/apache/httpclient/commit/8e0c2aca056c605a80116fa73a10a6e103f567b3;https://github.com/apache/httpcomponents-client/commit/6e14fc146a66e0f3eb362f45f95d1a58ee18886a
CVE-2018-1314,"HIVE-18778: Needs to capture input/output entities in explain (Daniel Dai, reviewed by Thejas Nair)",,contains links,https://github.com/apache/hive/commit/3b1d4fdfdfecbf162b60ec0e49a07595a8a51e79
CVE-2017-5650,"Close the streams as soon as we know the connection is closing

git-svn-id: https://svn.apache.org/repos/asf/tomcat/trunk@1788460 13f79535-47bb-0310-9956-ffa450edef68",https://svn.apache.org/repos/asf/tomcat/trunk@1788460,contains links,https://github.com/apache/tomcat/commit/5496e193a89b8b8b3177e516358df2f07ab852b3
CVE-2021-21409,"Merge pull request from GHSA-f256-j965-7f32

Motivation:

We also need to ensure that all the header validation is done when a single header with the endStream flag is received

Modifications:

- Adjust code to always enforce the validation
- Add more unit tests

Result:

Always correctly validate",,contains links,https://github.com/netty/netty/commit/b0fa4d5aab4215f3c22ce6123dd8dd5f38dc0432
CVE-2015-5347,allow markup inside title via #setEscapeModelStrings(),,no links,https://github.com/apache/wicket/commit/dffba2ce410ec7e917ad350d3528af4df67bc348
CVE-2012-0393,"Merges changes from 2.3.x branch

git-svn-id: https://svn.apache.org/repos/asf/struts/struts2/trunk@1225038 13f79535-47bb-0310-9956-ffa450edef68",https://svn.apache.org/repos/asf/struts/struts2/trunk@1225038,contains links,https://github.com/apache/struts/commit/9cad25f258bb2629d263f828574d2671366c238d
CVE-2014-3576,Remove unused ConnectionControl handling.,,no links,https://github.com/apache/activemq/commit/00921f2
CVE-2019-3799,Merge branch '2.1.x',,no links,https://github.com/spring-cloud/spring-cloud-config/commit/9617f2922ee2ae27f08676716224933f0d869719;https://github.com/spring-cloud/spring-cloud-config/commit/3632fc6f64e567286c42c5a2f1b8142bfde505c2
CVE-2017-3164,SOLR-12770: Make it possible to configure a host whitelist for distributed search,,contains links,https://github.com/apache/solr/commit/8b54b20
CVE-2015-0899,Fixed CVE-2014-0114,,contains links,https://github.com/kawasima/struts1-forever/commit/212bb0f7c57617b7b9c44cb1e056bd1e597c8e16
CVE-2017-5637,"ZOOKEEPER-2693: DOS attack on wchp/wchc four letter words (4lw)

Similar as pull request 179, this PR introduces new property zookeeper.4lw.commands.whitelist to branch-3.4.
Unlike branch-3.5 where all 4lw (with few exceptions) is disabled by default, for branch-3.4 only ""wchp"" and ""wchc"" are disabled by default - since 4lw is widely used and there is no alternatives in branch-3.4 so we just disable the exploitable ones.

Author: Michael Han <hanm@apache.org>

Reviewers: Rakesh Radhakrishnan <rakeshr@apache.org>

Closes #183 from hanm/ZOOKEEPER-2693-br-3.4 and squashes the following commits:

d060ddc [Michael Han] update doc.
2ce4ebd [Michael Han] ZOOKEEPER-2693: DOS attack on wchp/wchc four letter words (4lw). Initial commit for branch-3.4.",https://github.com/apache/zookeeper/pull/183,contains links,https://github.com/apache/zookeeper/commit/835377f0e1cd215e791ed29c0bcff95e625f299c;https://github.com/apache/zookeeper/commit/0c49dd931c0d3c992975515d9f85ffc7fb68e551;https://github.com/apache/zookeeper/commit/5fe68506f217246c7ebd96803f9c78e13ec2f11a
CVE-2015-1833,not found,,contains links,https://github.com/apache/jackrabbit/commit/3903739363b79deb7579802fbc27b9b7448218b2;https://github.com/apache/jackrabbit/commit/89c5c4ed6ab250ad609829517f167d2dbe0abdd0
CVE-2016-0763,"Protect initialization of ResourceLinkFactory when running with a SecurityManager.

git-svn-id: https://svn.apache.org/repos/asf/tomcat/trunk@1725926 13f79535-47bb-0310-9956-ffa450edef68",https://svn.apache.org/repos/asf/tomcat/trunk@1725926,contains links,https://github.com/apache/tomcat/commit/76ebc90
CVE-2019-18393,not found,,no links,https://github.com/igniterealtime/Openfire/commit/8fb9c8cd9a1179e3eead37c0dbd44ed8dc6f3532
CVE-2018-8015,"ORC-360. Add Java error checking on the types when reading.

Fixes #266

Signed-off-by: Owen O'Malley <omalley@apache.org>",https://github.com/apache/orc/pull/266,contains links,https://github.com/apache/orc/commit/d5018d309a8adc6b8e0567cb692a17371d16e108
CVE-2019-10770,Escape user input rendered to the response in the development error handler.,,no links,https://github.com/ratpack/ratpack/commit/c1d4357bbc4bceb24abb156fbb471257a0177eb6;https://github.com/ratpack/ratpack/commit/a3cbb13be1527874528c3b99fc33517c0297b6d3
CVE-2022-21724,"Merge pull request from GHSA-v7wg-cpwc-24m4

This ensures arbitrary classes can't be passed instead of
AuthenticationPlugin, SocketFactory, SSLSocketFactory, CallbackHandler, HostnameVerifier",,contains links,https://github.com/pgjdbc/pgjdbc/commit/f4d0ed69c0b3aae8531d83d6af4c57f22312c813
CVE-2020-10727,ARTEMIS-2643 allow masked password when resetting via mgmnt,,contains links,https://github.com/apache/activemq-artemis/commit/ed7fee6d9cd94177dae30f2440e8bd07ddb5522a
CVE-2021-32623,"Merge pull request from GHSA-9gwx-9cwp-5c2m

Guard XML parsing against XXE and billion laugh attacks (9.x version)",,contains links,https://github.com/opencast/opencast/commit/16b0d641713fe31b8518fcf14fc5e4e815d81206
CVE-2020-13943,Move check for current streams to end of header parsing.,,no links,https://github.com/apache/tomcat/commit/55911430df13f8c9998fbdee1f9716994d2db59b
CVE-2018-14637,[KEYCLOAK-7798] - Spring security adapter does not renew expired tokens,,no links,https://github.com/keycloak/keycloak/commit/234b7a06a171f83e3cd6d7a0f17c3597212122cb
CVE-2018-20000,"Merge pull request #1 from viqueen/secure-xml

secure xml",https://github.com/Bedework/bw-webdav/pull/1,contains links,https://github.com/Bedework/bw-webdav/commit/ccb87c2757bab531c53faf0637ee342a378caa7f
CVE-2017-2666,"JBEAP-9909 Prevent HTTP smuggling attacks by making sure messages do not contain invalid headers.

Also verify that there is at most one Content-Length and Transfer-Encoding header",,no links,https://github.com/undertow-io/undertow/commit/691440ee58259fba76711b60d56dde6679808bdc
CVE-2017-15717,"SLING-7323 - Optimise URL handling

* added better decoding for URLs",,contains links,https://github.com/apache/sling-org-apache-sling-xss/commit/ec6764d165abc4df8cffd8439761bb2228887db9
CVE-2019-10093,"prep for 1.22 rc2

(cherry picked from commit 22ff7564f2641ba195f192d7c59e9df4a3a10747)",,contains links,https://github.com/apache/tika/commit/81c21ab0aac6b3e4102a1a8906c8c7eab6f96dae
CVE-2018-15756,"HttpRange validates requested ranges

Issue: SPR-17318",,no links,https://github.com/spring-projects/spring-framework/commit/c8e320019ffe7298fc4cbeeb194b2bfd6389b6d
CVE-2013-7285,"Merge security framework from HEAD into branch.

git-svn-id: http://svn.codehaus.org/xstream/branches/v-1.4.x@2219 9830eeb5-ddf4-0310-9ef7-f4b9a3e3227e",http://svn.codehaus.org/xstream/branches/v-1.4.x@2219,contains links,https://github.com/x-stream/xstream/commit/6344867dce6767af7d0fe34fb393271a6456672d
CVE-2012-5055,"SEC-2056: DaoAuthenticationProvider performs isPasswordValid when user not found

Previously authenticating a user could take significantly longer than
determining that a user does not exist. This was due to the fact that only
users that were found would use the password encoder and comparing a
password can take a significant amount of time. The difference in the
time required could allow a side channel attack that reveals if a user
exists.

The code has been updated to do comparison against a dummy password
even when the the user was not found.

Conflicts:

	core/src/main/java/org/springframework/security/authentication/dao/DaoAuthenticationProvider.java",,no links,https://github.com/spring-projects/spring-security/commit/915b2acf73a75c4e51e67a3c7fd85f908df6259b
CVE-2017-7559,"UNDERTOW-1165 Fix possble HTTP request smuggling vulnerability

This makes the parser much stricter in terms of sanitising its inputs",,no links,https://github.com/undertow-io/undertow/commit/cb1d94dd90615c1d47ab342f8c22a57222a79d3d
CVE-2019-17359,further work on in memory loading checks for ASN.1 objects,,no links,https://github.com/bcgit/bc-java/commit/b1bc75254f5fea633a49a751a1a7339056f97856;https://github.com/bcgit/bc-java/commit/33a8e4aa07b21a8bcf5a582446664485f5f081b2
CVE-2018-11802,SOLR-12514: Rule-base Authorization plugin skips authorization if querying node does not have collection replica,,no links,https://github.com/apache/lucene-solr/commit/d14bf2dc1ab0fd9d27d8add9ead1a7a76f4f340f
CVE-2018-12541,CVE-2018-12541: When a WebSocket upgrade has a body > 8192 send an appropriate response immediately and close the connection afterward. - fixes #2648,https://github.com/eclipse-vertx/vert.x/issues/2648,contains links,https://github.com/eclipse-vertx/vert.x/commit/269a583330695d1418a4f5578f7169350b2e1332
CVE-2018-8014,"Fix https://bz.apache.org/bugzilla/show_bug.cgi?id=62343
Make CORS filter defaults more secure.
This is the fix for CVE-2018-8014.

git-svn-id: https://svn.apache.org/repos/asf/tomcat/tc8.5.x/trunk@1831728 13f79535-47bb-0310-9956-ffa450edef68",https://bz.apache.org/bugzilla/show_bug.cgi?id=62343; https://svn.apache.org/repos/asf/tomcat/tc8.5.x/trunk@1831728,contains links,https://github.com/CRaC/tomcat/commit/60f596a21fd6041335a3a1a4015d4512439cecb5;https://github.com/apache/tomcat80/commit/2c9d8433bd3247a2856d4b2555447108758e813e
CVE-2020-26259,Fix and document CVE-2020-26259.,,contains links,https://github.com/x-stream/xstream/commit/0bcbf50126a62dfcd65f93a0da0c6d1ae92aa738
CVE-2019-6002,"Fix XSS on a search feature (#422)

Motivation:
XSS issue has been reported by LINE Security team.

Modification:
- Sanitize html on error notification message.
- Invalid search query returns `Bad Request` instead of Internal Server Error.
- Replace `jGitRepository` into `parent.name() + '/' + name`
  to prevent exposure of a full file system path on the error message.

Result:
- Fixes CVE-2019-6002",https://github.com/line/centraldogma/pull/422,contains links,https://github.com/line/centraldogma/commit/25fcbbd098f69236b115f27c6b6de6b4e44f3103
CVE-2017-12625,"HIVE-17664: Refactor and add new tests (Jesus Camacho Rodriguez, reviewed by Ashutosh Chauhan)",,contains links,https://github.com/apache/hive/commit/8ffd8ea8eb8bfecb8770fb99e5f17877bb79a434
CVE-2018-8027,CAMEL-12444: Improved DTD handling in validator component.,,contains links,https://github.com/apache/camel/commit/24eefa559fe6b310629d2bf00663d2679ec81b9;https://github.com/apache/camel/commit/3fe03e361725b66c1c3eaa40bb11577fb3dc17b
CVE-2014-0075,"Improve processing of chuck size from chunked headers. Avoid overflow and use a bit shift instead of a multiplication as it is marginally faster.
This is the fix for CVE-2014-0075


git-svn-id: https://svn.apache.org/repos/asf/tomcat/trunk@1578337 13f79535-47bb-0310-9956-ffa450edef68",https://svn.apache.org/repos/asf/tomcat/trunk@1578337,contains links,https://github.com/apache/tomcat80/commit/d49a03728ac7e3c800b1b0ce0eeccd8a5a21bb91;https://github.com/apache/tomcat/commit/b6974571c122f6a1e7ec74a90fa212976fa7b0ed
CVE-2021-32053,"Resolve weakness in history operation (#2642)

* Address DOS issue in History operation

* Work on history caching

* Add docs

* Add changelog

* Resolve test failures

* Test fixes

* Test fix

* Test fixes",https://github.com/hapifhir/hapi-fhir/pull/2642,contains links,https://github.com/hapifhir/hapi-fhir/commit/5a9f499fbf60cdcb4320b5774433ca6bc96cdfc5
CVE-2021-21349,"Add CVEs, fixes and documentation.",,no links,https://github.com/x-stream/xstream/commit/d5e51177634afea7213b9dc2d21f101d2e258db9
CVE-2018-9117,Disabled downloading of externally referenced DTDs during XML parsing and XPath evaluation,,no links,https://github.com/tomakehurst/wiremock/commit/4c6dfde82a5ee91c5f47bf353f5099d11692db39
CVE-2012-5633,"Added some tests for CXF-4629

git-svn-id: https://svn.apache.org/repos/asf/cxf/trunk@1420698 13f79535-47bb-0310-9956-ffa450edef68",https://svn.apache.org/repos/asf/cxf/trunk@1420698,contains links,https://github.com/apache/cxf/commit/1a6b532d53a7b98018871982049e4b0c80dc837c;https://github.com/apache/cxf/commit/db11c9115f31e171de4622149f157d8283f6c720;https://github.com/apache/cxf/commit/d99f96aa970d9f2faa8ed45e278a403af48757ae;https://github.com/apache/cxf/commit/e733c692e933a7f82424d3744aace9304cd5d4f6
CVE-2014-3651,KEYCLOAK-699 Set maximum size of qr-code,,no links,https://github.com/keycloak/keycloak/commit/a697f4bd4192de39416dec15bd5b1669f0dcf360
CVE-2018-8016,"Remove dependencies on JVM internals for JMX support

Patch by Sam Tunnicliffe; reviewed by Jason Brown for CASSANDRA-14173",,contains links,https://github.com/apache/cassandra/commit/28ee665b3c0c9238b61a871064f024d54cddcc79
CVE-2018-1270,"Modify SpEL code gen to take account of null safe refs

With this change the code generation for method and property
references is modified to include branching logic in the
case of null safe dereferencing (?.). This is complicated
by the possible usage of primitives on the left hand side
of the dereference. To cope with this case primitives are
promoted to boxed types when this situation occurs enabling
null to be passed as a possible result.

Issue: SPR-16489",,no links,https://github.com/spring-projects/spring-framework/commit/1db7e02de3eb0c011ee6681f5a12eb9d166fea8;https://github.com/spring-projects/spring-framework/commit/e0de9126ed8cf25cf141d3e66420da94e350708
CVE-2011-2730,"Spring JSP tags do not use their own expression support on Servlet 3.0 containers by default; added support for web.xml context-param ""springJspExpressionSupport"" (explicit ""true""/""false"")",,no links,https://github.com/spring-projects/spring-framework/commit/c8649087792d07df209fc75e0f9e2e3284e09fe;https://github.com/spring-projects/spring-framework/commit/d95cbe23ee462245c5c2482e175f7b2a921b31c
CVE-2018-1295,ignite-6643 Marshalling improvements,,contains links,https://github.com/apache/ignite/commit/340569b8f4e14a4cb61a9407ed2d9aa4a20bdf49
CVE-2016-10006,"Updated for proper <style> tag validation

Validated <style> tag attributes to fix style tag XSS in MagixSAXFilter.java",,no links,https://github.com/nahsra/antisamy/commit/7313931dc3c0d1377b010f07faef2063dd359a36
CVE-2021-22053,Do not resolve path with thymeleaf while returning monitor template.,,no links,https://github.com/spring-cloud/spring-cloud-netflix/commit/366efb29d520c7211a4123f4b0c0b2c71b805303
CVE-2020-25689,"Merge pull request #4308 from bstansberry/WFCORE-5105

[WFCORE-5105] Ensure that ProtocolConnectionUtils.connectSync cancels…",https://github.com/wildfly/wildfly-core/pull/4308,contains links,https://github.com/wildfly/wildfly-core/commit/5a8a65c2e3310fe0c0143581c677855516148215
CVE-2018-1000130,"chore(war-agent): Throw exception if proxy mode is used but not enabled explicitly.

This is to avoid confusion as it was switched on by default and if
a proxy request would simply be ignored, then the MBeans from the
proxy server would be silently returned without error.",,no links,https://github.com/rhuss/jolokia/commit/fd7b93da30c61a45bac10d8b311f1b79a74910f;https://github.com/rhuss/jolokia/commit/1b360b8889f0ed51165a8d1ac55dd8e0aa2dfd4
CVE-2018-11771,COMPRESS-463 throw exception when detecting a truncated stored entry,,no links,https://github.com/apache/commons-compress/commit/a41ce6892cb0590b2e658704434ac0dbcb6834c8
CVE-2012-0881,"Enhancements to the hashing algorithms used in internal data structures within Xerces to make them more resistant to collisions. To improve the distribution a new hash function is randomly selected each time the number of items in a bucket exceeds a threshold.

git-svn-id: https://svn.apache.org/repos/asf/xerces/java/trunk@1357381 13f79535-47bb-0310-9956-ffa450edef68",https://svn.apache.org/repos/asf/xerces/java/trunk@1357381,contains links,https://github.com/apache/xerces2-j/commit/992b5d9c24102ad20330d36c0a71162753a37449
CVE-2018-8041,"CAMEL-12630: better attachment handling in came...

...l-mail component",,contains links,https://github.com/apache/camel/commit/63c7c080de4d18f9ceb25843508710df2c2c6d4
CVE-2015-5531,"Add url repository whitelist

Require urls for URL repository to be listed in repositories.url.allowed_urls setting. This change ensures that only authorized URLs can be accessed by elasticsearch.",,no links,https://github.com/elastic/elasticsearch/commit/df1427a2935237fb61fc641984f9c76478627fec;https://github.com/elastic/elasticsearch/commit/f639ecb68221ba1997d418547dadb4c503d784e0
CVE-2021-37137,"Merge pull request from GHSA-grg4-wf29-r9vv

Motivation:

We should do the Bzip2 decoding in a streaming fashion and so ensure we propagate the buffer as soon as possible through the pipeline. This allows the users to release these buffers as fast as possible.

Modification:

- Change the Bzip2Decoder to do the decompression of data in a streaming fashion.
- Add some safety check to ensure the block length never execeeds the maximum (as defined in the spec)

Result:

No more risk of an OOME by decompress some large data via bzip2.

Thanks to Ori Hollander of JFrog Security for reporting the issue.

(we got acquired during the process and now Vdoo is part of JFrog company)",,contains links,https://github.com/netty/netty/commit/41d3d61a61608f2223bb364955ab2045dd5e4020
CVE-2019-17632,"Merge pull request #4335 from eclipse/jetty-9.4.x-improve-error-handler-output

Issue #4334 - Improve testing of ErrorHandler behavior",https://github.com/jetty/jetty.project/pull/4335; https://github.com/jetty/jetty.project/issues/4334,contains links,https://github.com/eclipse/jetty.project/commit/ba1fe2826d49c52f82b49bb32737a361519c0479;https://github.com/eclipse/jetty.project/commit/cf0df6e3ffdcd64d607a35488edb5b0b75350d33
CVE-2018-1274,DATACMNS-1285 - PropertyPath now limits the depth of its parsing to 1000 segments.,,contains links,https://github.com/spring-projects/spring-data-commons/commit/371f6590c509c72f8e600f3d05e110941607fba;https://github.com/spring-projects/spring-data-commons/commit/3d8576fe4e4e71c23b9e6796b32fd56e51182ee
CVE-2012-4387,"Merged from trunk
WW-3860
Restrict accepted parameter name length
Thanks to Johno Crawford for the patch. [from revision 1368841]

git-svn-id: https://svn.apache.org/repos/asf/struts/struts2/branches/STRUTS_2_3_4_X@1368949 13f79535-47bb-0310-9956-ffa450edef68",https://svn.apache.org/repos/asf/struts/struts2/branches/STRUTS_2_3_4_X@1368949,contains links,https://github.com/apache/struts/commit/87935af56a27235e9399308ee1fcfb74f8edcefa;https://github.com/apache/struts/commit/80e03182d66d9e6ab18f9a9a9b3c42725a1c89e9
CVE-2012-3353,"SLING-2512 - only support file elements in XML import when location is known. warning otherwise.

git-svn-id: https://svn.apache.org/repos/asf/sling/trunk/bundles/jcr/contentloader@1351670 13f79535-47bb-0310-9956-ffa450edef68",https://svn.apache.org/repos/asf/sling/trunk/bundles/jcr/contentloader@1351670,contains links,https://github.com/apache/sling-org-apache-sling-jcr-contentloader/commit/1eae3d99b4e12a6992c3c3980d7735186bf21b2e
CVE-2010-1622,CachedIntrospectionResults only caches GenericTypeAwarePropertyDescriptors if fully safe (SPR-7227),,no links,https://github.com/spring-projects/spring-framework/commit/3a5af35d37c79d0644d49b93f792a4c18fe8eb71
CVE-2019-3778,"DefaultRedirectResolver matches on userinfo and query

Fixes gh-1585",,contains links,https://github.com/spring-projects/spring-security-oauth/commit/97e0b4ab282acbed3588e05be03d5a0c4dbf3367
CVE-2013-7259,"Introduce authentication and basic authorization in the server.
- When enabled, all requests must be authorized using an authorization token
- Token is acquired by authenticating with a username/password tuple.",,no links,https://github.com/neo4j/neo4j/commit/40ad76078a25666d8b218772b6491fb443020df9
CVE-2016-6812,[CXF-6216] Better stripping of matrix params,,no links,https://github.com/apache/cxf/commit/a23c615b;https://github.com/apache/cxf/commit/32e89366;https://github.com/apache/cxf/commit/1be97cb1;https://github.com/apache/cxf/commit/1f824d80
CVE-2021-34797,"GEODE-9354: Extract and test ArgumentRedactorRegex (#6641) (#6750)

* Rename ArgumentRedactorJUnitTest to ArgumentRedactorTest.
* Reorganize and reformat ArgumentRedactor and its tests.
* Fix issues in regex found by new tests.

(cherry picked from commit 693e18c48d1c0e3601c517cb7c5493b54649dc10)",https://github.com/apache/geode/pull/6641; https://github.com/apache/geode/pull/6750,contains links,https://github.com/apache/geode/commit/085bf34fbb32e256c0a34195a4dcf430212f291f
CVE-2019-17091,"Merge pull request #4567 from ruolli/Issue_4556

Fixes #4556 : HIGH-LEVEL VULNERABILITY WITHIN MOJARRA JSF V2.2",https://github.com/eclipse-ee4j/mojarra/pull/4567; https://github.com/eclipse-ee4j/mojarra/issues/4556,contains links,https://github.com/eclipse-ee4j/mojarra/commit/8f70f2bd024f00ecd5b3dcca45df73edda29dcee;https://github.com/eclipse-ee4j/mojarra/commit/a3fa9573789ed5e867c43ea38374f4dbd5a8f81f
CVE-2009-1554,"Issue number:  6845407
Security fix

svn path=/branches/woodstock_402/; revision=1520


Former-commit-id: f056c50ae5da5d695d9f8e31a40d114c872fe99d",,no links,https://github.com/javaee/woodstock/commit/eb06af2360fceb976f87efdd12c9fcdfa77edf88
CVE-2021-43570,"Merge pull request #18 from starkbank/fix/x9.62-review

Fix point at infinity verification in signature and public key",https://github.com/starkbank/ecdsa-java/pull/18,contains links,https://github.com/starkbank/ecdsa-java/commit/f72e33114518680c4bbbc7fdc8760d944cb4856b
CVE-2017-14735,not found,,no links,https://github.com/nahsra/antisamy/commit/82da009e733a989a57190cd6aa1b6824724f6d36
CVE-2018-12536,"Backport of issue #2560 fixes to jetty-9.3.x

Signed-off-by: Joakim Erdfelt <joakim.erdfelt@gmail.com>",https://github.com/jetty/jetty.project/issues/2560,contains links,https://github.com/eclipse/jetty.project/commit/53e8bc2a636707e896fd106fbee3596823c2cdc
CVE-2007-1358,"Fix https://issues.apache.org/bugzilla/show_bug.cgi?id=47963
Prevent use of non-RFC2616 compliant custom status messages

git-svn-id: https://svn.apache.org/repos/asf/tomcat/tc5.5.x/trunk@918767 13f79535-47bb-0310-9956-ffa450edef68",https://issues.apache.org/bugzilla/show_bug.cgi?id=47963; https://svn.apache.org/repos/asf/tomcat/tc5.5.x/trunk@918767,contains links,https://github.com/apache/tomcat55/commit/b708642f991018f0e252a3f2505b8722cfe53b06
CVE-2014-8125,"BZ-1169553 - (CVE-2014-8125) EMBARGOED CVE-2014-8125 jBPM: BPMN2 file processing XXE in Process Execution

(cherry picked from commit c48464c3b246e6ef0d4cd0dbf67e83ccd532c6d3)",,no links,https://github.com/droolsjbpm/drools/commit/5b850e8c121be994dbbc5ecba3de4e7355ac4331
CVE-2017-8045,"AMQP-766: Deserialization in Message.toString()

JIRA: https://jira.spring.io/browse/AMQP-766

Add white list for classes/packages that can be deserialized in Message.toString().

__cherry-pick to 1.7.x, 1.6.x, 1.5.x__

* Polishing - checkstyle and PR Comments

(cherry picked from commit 36e5599)",https://jira.spring.io/browse/AMQP-766,contains links,https://github.com/spring-projects/spring-amqp/commit/6e9e00bb5bf0aa88444146db3c2eae138cc7b0a
CVE-2012-3544,"More chunked encoding improvements
- Expand unit tests for chunked encoding
- Fix a parsing error at eol when multiple headers are present (regression in r1378699)
- Make parsing of terminating CRLF non-tolerant (RFC2616 only suggests to be tolerant of LF at the end of headers)
- Revert previous unnecessary change to SimpleHttpClient

git-svn-id: https://svn.apache.org/repos/asf/tomcat/trunk@1378918 13f79535-47bb-0310-9956-ffa450edef68",https://svn.apache.org/repos/asf/tomcat/trunk@1378918,contains links,https://github.com/apache/tomcat/commit/77534eb;https://github.com/apache/tomcat/commit/775d5fa
CVE-2021-23900,"escape tab characters (#22)

* escape tab characters

* Remove `if` in char escaping switch which is always covered by earlier cases.

Co-authored-by: david galindo <david.galindo@outlook.com>
Co-authored-by: Mike Samuel <mikesamuel@gmail.com>",https://github.com/OWASP/json-sanitizer/pull/22,contains links,https://github.com/OWASP/json-sanitizer/commit/f2c9858c02cf521dd05f2c6f8f9450f2e1343090;https://github.com/OWASP/json-sanitizer/commit/a37f594f7378a1c76b3283e0dab9e1ab1dc0247e
CVE-2016-6798,"SLING-5954 - Disable non-essential features in XML parser

git-svn-id: https://svn.apache.org/repos/asf/sling/trunk@1755704 13f79535-47bb-0310-9956-ffa450edef68",https://svn.apache.org/repos/asf/sling/trunk@1755704,contains links,https://github.com/apache/sling/commit/fb2719e8299fadddae62245482de112052a0e08c
CVE-2018-1273,DATACMNS-1282 - Switched to SimpleEvaluationContext in MapDataBinder.,,no links,https://github.com/spring-projects/spring-data-commons/commit/08d748a6fd0173a8ba0aa1f240c38afbdaf4ad9f;https://github.com/spring-projects/spring-data-commons/commit/ae1dd2741ce06d44a0966ecbd6f47beabde2b65
CVE-2018-1282,"HIVE-18788: Clean up inputs in JDBC PreparedStatement (Daniel Dai, reviewed by Thejas Nair)",,no links,https://github.com/apache/hive/commit/0330c1c0b62f3c2e6a4744048578dea55193b62;https://github.com/apache/hive/commit/63df42966cf44ffdd20d3fcdcfb70738c0432ab
CVE-2019-12418,Refactor JMX remote RMI registry creation,,no links,https://github.com/apache/tomcat/commit/bef3f40;https://github.com/apache/tomcat/commit/a91d7db
CVE-2014-2296,not found,,no links,https://github.com/apereo/cas/commit/631bc61c1bb8b8d76b87df7af687a45173742df9
CVE-2014-0116,Adds additional pattern to prevent access to getClass method,,no links,https://github.com/apache/struts/commit/74e26830d2849a84729b33497f729e0f033dc147;https://github.com/apache/struts/commit/1a668af7f1ffccea4a3b46d8d8c1fe1c7331ff02
CVE-2016-3086,"Remove parent's env vars from child processes

(cherry picked from commit b0bcb4e728e91c1c1acc514deb3f2c95626147b2)",,contains links,https://github.com/apache/hadoop/commit/c3b7425bf108a600889a4d59ae947b6f7523dcca
CVE-2016-6652,"DATAJPA-965 - Fix potential blind SQL injection in Sort when used in combination with @Query.

We now decline sort expressions that contain functions such as ORDER BY LENGTH(name) when used with repository having a String query defined via the @Query annotation.

Think of a query method as follows:

@Query(""select p from Person p where LOWER(p.lastname) = LOWER(:lastname)"")
List<Person> findByLastname(@Param(""lastname"") String lastname, Sort sort);

Calls to findByLastname(""lannister"", new Sort(""LENGTH(firstname)"")) from now on throw an Exception indicating function calls are not allowed within the _ORDER BY_ clause. However you still can use JpaSort.unsafe(""LENGTH(firstname)"") to restore the behavior.

Kudos to Niklas Särökaari, Joona Immonen, Arto Santala, Antti Virtanen, Michael Holopainen and Antti Ahola who brought this to our attention.",,contains links,https://github.com/spring-projects/spring-data-jpa/commit/a22c17fc12f7063716cb40c11d1ff4e265ef8556
CVE-2020-12480,"Fixed CSRF handling for invalid content types

(cherry picked from commit 681d8ee3f785a6105b0595d8f10a8ee5718e6d7b)",,contains links,https://github.com/playframework/playframework/commit/c82de44fc50b7c58c6e0580f1f67ff08aa7bd154
CVE-2017-12617,"Fix https://bz.apache.org/bugzilla/show_bug.cgi?id=61542
Remainder of fix for CVE-2017-12617
This ensures that a path specified for creation of a file does not end in '/' since that is dropped by the File API.

git-svn-id: https://svn.apache.org/repos/asf/tomcat/tc8.5.x/trunk@1809274 13f79535-47bb-0310-9956-ffa450edef68",https://bz.apache.org/bugzilla/show_bug.cgi?id=61542; https://svn.apache.org/repos/asf/tomcat/tc8.5.x/trunk@1809274,contains links,https://github.com/apache/tomcat/commit/4cf7dab88282c8f3c92f0b961cdb0096e1d63e88;https://github.com/apache/tomcat/commit/a9dd96046d7acb0357c6b7b9e6cc70d186fae663;https://github.com/apache/tomcat/commit/b7e0435d17aba69f16ae9e8a78ad0f1565b552af
CVE-2012-3376,"Fix issue with NN/DN re-registration.


git-svn-id: https://svn.apache.org/repos/asf/hadoop/common/branches/branch-2.0.1-alpha@1358352 13f79535-47bb-0310-9956-ffa450edef68",https://svn.apache.org/repos/asf/hadoop/common/branches/branch-2.0.1-alpha@1358352,contains links,https://github.com/apache/hadoop/commit/bed2b95f28a8e0d2544ffc4935e53eb656049309
CVE-2020-11988,"XGC-122: Dont load DTDs in XMP

git-svn-id: https://svn.apache.org/repos/asf/xmlgraphics/commons/trunk@1878394 13f79535-47bb-0310-9956-ffa450edef68",https://svn.apache.org/repos/asf/xmlgraphics/commons/trunk@1878394,contains links,https://github.com/apache/xmlgraphics-commons/commit/57393912eb87b994c7fed39ddf30fb778a275183
CVE-2020-8897,"feat!: Updates to the AWS Encryption SDK.

This change includes fixes for issues that were reported by Thai Duong from Google's Security team, and
for issues that were identified by AWS Cryptography.

BREAKING CHANGE: AWS KMS KeyIDs must be specified explicitly or Discovery mode explicitly chosen.
Key committing suites are now default. CommitmentPolicy requires commitment by default.

See: https://docs.aws.amazon.com/encryption-sdk/latest/developer-guide/migration.html",https://docs.aws.amazon.com/encryption-sdk/latest/developer-guide/migration.html,contains links,https://github.com/aws/aws-encryption-sdk-java/commit/4678ffaf7a4a2dd5cdf0e39b3adfee32afed7559
CVE-2018-15801,"Favor URL.toExternalForm

Converts URLs to Strings before comparing them. Uses toString(),
which delegates to toExternalForm().

Fixes: gh-6073",,no links,https://github.com/spring-projects/spring-security/commit/c70b65c5df0e170a2d34d812b83db0b7bc71ea25
CVE-2020-5405,"Consolidates normalization of names and labels.

fixes gh-1561",,no links,https://github.com/spring-cloud/spring-cloud-config/commit/651f458919c40ef9a5e93e7d76bf98575910fad0
CVE-2016-5393,HADOOP-13434. Add bash quoting to Shell class. (Owen O'Malley),,no links,https://github.com/apache/hadoop/commit/49a95718754cb6d302371b2421e86da7bce50297
CVE-2021-28169,"Fixes #6263 - Review URI encoding in ConcatServlet & WelcomeFilter.

Review URI encoding in ConcatServlet & WelcomeFilter and improve testing.

Signed-off-by: Lachlan Roberts <lachlan@webtide.com>
Signed-off-by: Simone Bordet <simone.bordet@gmail.com>
Co-authored-by: Simone Bordet <simone.bordet@gmail.com>",https://github.com/jetty/jetty.project/issues/6263,contains links,https://github.com/eclipse/jetty.project/commit/f58dbedcd05b2aee43c8faa709ba2deaa4361036
CVE-2008-5515,"Remove 3 of the essentially 4 duplicate normalise implementations.
Minor tweaks where required to use the new single implementation.
Remove unnecessary normalisation calls.
This includes the fix for CVE-2008-5515.

git-svn-id: https://svn.apache.org/repos/asf/tomcat/trunk@734734 13f79535-47bb-0310-9956-ffa450edef68",https://svn.apache.org/repos/asf/tomcat/trunk@734734,contains links,https://github.com/apache/tomcat/commit/c5200318b7f030d658f22b6c2f2ab6fd565d26a3;https://github.com/apache/tomcat/commit/60bb2ad3653c8e08052ccee653fb2f0901b94139
CVE-2015-1776,Fixing MR intermediate spills. Contributed by Arun Suresh.,,no links,https://github.com/apache/hadoop/commit/6b710a42e00acca405e085724c89cda016cf7442
CVE-2014-3120,"Disable dynamic scripting by default

Closes #5853",https://github.com/elastic/elasticsearch/issues/5853,contains links,https://github.com/elastic/elasticsearch/commit/95bd04b2c7fd7387c7e3b3367361dcf9fe9f9d06
CVE-2019-15477,"Merge pull request #1368 from imeszaros/xss-fix

Avoiding possible XSS attack through the default error handler",https://github.com/jooby-project/jooby/pull/1368,contains links,https://github.com/jooby-project/jooby/commit/27b4af283de1a2c2a6b0530039b46eef75ddf655;https://github.com/jooby-project/jooby/commit/395dab7e80474ac0c2c32d81f61cda2c8331a46b;https://github.com/jooby-project/jooby/commit/34856a738829d8fedca4ed27bd6ff413af87186f
CVE-2019-14837,KEYCLOAK-10780 Stop creating placeholder e-mails for service accounts (#228),https://github.com/keycloak/keycloak/pull/228,contains links,https://github.com/keycloak/keycloak/commit/9a7c1a91a59ab85e7f8889a505be04a71580777f
CVE-2013-7397,"Introduce acceptAnyCertificate config, defaulting to false, close #526, close #352",https://github.com/AsyncHttpClient/async-http-client/pull/526; https://github.com/AsyncHttpClient/async-http-client/issues/352,contains links,https://github.com/AsyncHttpClient/async-http-client/commit/df6ed70e86c8fc340ed75563e016c8baa94d7e72
CVE-2016-5388,"Add a new initialisation parameter, envHttpHeaders, to the CGI Servlet to mitigate httpoxy (CVE-2016-5388) by default and to provide a mechanism that can be used to mitigate any future, similar issues.

git-svn-id: https://svn.apache.org/repos/asf/tomcat/tc8.0.x/trunk@1756941 13f79535-47bb-0310-9956-ffa450edef68",https://svn.apache.org/repos/asf/tomcat/tc8.0.x/trunk@1756941,contains links,https://github.com/apache/tomcat80/commit/1977bf9df699c571cf3e08c2996533b959d4cb1e
CVE-2020-7961,March 2020,,no links,https://github.com/community-security-team/liferay-portal/commit/c6064cdd58967e4096a249b8901a80d4002e1b77
CVE-2016-6801,"JCR-4009: CSRF in Jackrabbit-Webdav (ported to 2.12) (CVE-2016-6801)

CSRFUtil: properly parse content types (handle params, normalize, handle case differences also multiple field instances), handle missing content type header field, handle partial-URI in referer, DEBUG logging

WebDAV servlet: disable bogus POST support

Davex: include Referer header field in POST requests used for davex remoting

git-svn-id: https://svn.apache.org/repos/asf/jackrabbit/branches/2.12@1758609 13f79535-47bb-0310-9956-ffa450edef68",https://svn.apache.org/repos/asf/jackrabbit/branches/2.12@1758609,contains links,https://github.com/apache/jackrabbit/commit/fb4fe3601717201934bcbf6eb604d2e1ef2cb7ad;https://github.com/apache/jackrabbit/commit/ea75d7c2aeaafecd9ab97736bf81c5616f703244;https://github.com/apache/jackrabbit/commit/7fb4ba4a385069378c916b4fac3f145db802acd8;https://github.com/apache/jackrabbit/commit/67f2cc1ac78cd7bb721d556e8be27559efbf4e12;https://github.com/apache/jackrabbit/commit/283df6f101676579086400e30e8dd42eacd5ef33
CVE-2019-10797,Add HTTP header Validation,,no links,https://github.com/wso2/transport-http/commit/4a4dc99c7b259646ee5e23b7aaa7c3a8bac959c1
CVE-2019-20444,"Detect missing colon when parsing http headers with no value (#9871)

Motivation:

Technical speaking its valid to have http headers with no values so we should support it. That said we need to detect if these are ""generated"" because of an ""invalid"" fold.

Modifications:

- Detect if a colon is missing when parsing headers.
- Add unit test

Result:

Fixes https://github.com/netty/netty/issues/9866",https://github.com/netty/netty/pull/9871; https://github.com/netty/netty/issues/9866,contains links,https://github.com/netty/netty/commit/745814b382e828c344aeff2ab4fd9530fbb7cdfe;https://github.com/netty/netty/commit/6ad40c8c17199299b75a04225da10ebda5b377f2
CVE-2018-1287,not found,,contains links,https://github.com/apache/jmeter/commit/8a0154759224243fb72dd41a4a65ad0f5612a739
CVE-2016-10750,not found,,no links,https://github.com/hazelcast/hazelcast/commit/7da84cefae51b406e54e9834bd80fdd55cddd18c;https://github.com/hazelcast/hazelcast/commit/35030f1bf57600b84ba2b9bd76dd7322e3479e9b;https://github.com/hazelcast/hazelcast/commit/c1c31359a1df953e79a9ca9b6c54b3cdbfef11e9
CVE-2020-1942,not found,,no links,https://github.com/apache/nifi/commit/f0eb780ad55ce6ddfca032af079c94239aa66831
CVE-2021-20328,"Fix CVE-2021-20328

JAVA-4017",,no links,https://github.com/mongodb/mongo-java-driver/commit/dcd67f113549276b44795243d41a442e821d2f57
CVE-2013-2067,"In FormAuthenticator: If it is configured to change Session IDs,
do the change before displaying the login form.

git-svn-id: https://svn.apache.org/repos/asf/tomcat/trunk@1408043 13f79535-47bb-0310-9956-ffa450edef68",https://svn.apache.org/repos/asf/tomcat/trunk@1408043,contains links,https://github.com/apache/tomcat/commit/39c4263
CVE-2020-15170,not found,,no links,https://github.com/ctripcorp/apollo/commit/ae9ba6cfd32ed80469f162e5e3583e2477862ddf
CVE-2012-0392,"WW-3668 - Vulnerability: User input is evaluated as an OGNL expression when there's a conversion error

git-svn-id: https://svn.apache.org/repos/asf/struts/struts2/trunk@1157009 13f79535-47bb-0310-9956-ffa450edef68",https://svn.apache.org/repos/asf/struts/struts2/trunk@1157009,contains links,https://github.com/apache/struts/commit/b4265d369dc29d57a9f2846a85b26598e83f3892;https://github.com/apache/struts/commit/41f90ae39d0783f64641726e7e6b4741663c04bd
CVE-2020-10683,SAXReader uses system default XMLReader with its defaults. New factory method SAXReader.createDefault() sets more secure defaults.,,no links,https://github.com/dom4j/dom4j/commit/a8228522a99a02146106672a34c104adbda5c658
CVE-2014-9970,"Hash matching: Replaced call to Arrays.equals() with a time-constant function in order to protect against timing attacks in hypothetical developer-made message authentication schemes. (Note password matching is not affected by this vulnerability)

git-svn-id: http://svn.code.sf.net/p/jasypt/code/trunk/jasypt@668 da78853a-38a2-49c0-9af2-345bcb92683f",http://svn.code.sf.net/p/jasypt/code/trunk/jasypt@668,contains links,https://github.com/jboss-fuse/jasypt/commit/8e62852a8018978ee19d39056c650fb66ffa0ff6
CVE-2019-10755,Remove RandomStringUtils,,no links,https://github.com/pac4j/pac4j/commit/34d5b1028a2db201ee81ec51b52a782fe073f609
CVE-2018-1000865,[SECURITY-1186] Forbid sandboxed classes from overriding finalize.,,no links,https://github.com/jenkinsci/groovy-sandbox/commit/0cd7ec12b7c56cfa3167d99c5f43147ce05449d3
CVE-2012-5370,"Use Perl's Hash for String#hash

Replace String hash function again, use Perl's Hash instaed of
SipHash-2-4.  Perl's Hash is 10**5 times faster than
Murmur2/SipHash-2-4.  Our understanding is Perl's Hash is not broken in
regards to HashDoS attack[1] so far.

For the case Perl's Hash is broken in the future, you can use
SipHash-2-4 by passing ""jruby.siphash.enabled=true"" system property
(false by default.)

[1] http://2012.appsec-forum.ch/conferences/#c17",http://2012.appsec-forum.ch/conferences/#c17,contains links,https://github.com/jruby/jruby/commit/5e4aab28b26fd127112b76fabfac9a33b64caf77
CVE-2021-32769,"Merge pull request from GHSA-cjx7-399x-p2rj

* Don't allow resolving files using relative paths outside of the base

* Revert change around reading properties files

Co-authored-by: Lukas, Strmiska <strmik@gmail.com>
Co-authored-by: jameskleeh <james.kleeh@gmail.com>",,no links,https://github.com/micronaut-projects/micronaut-core/commit/a0cfeb13bf1ef5d692d16d4a3b91b34b7456bb11
CVE-2021-39148,Switch to whitelist by default.,,no links,https://github.com/x-stream/xstream/commit/652d72f38b33938c54fd3b2ef626cb7dce38001c
CVE-2011-1582,"Use the correct classloader
This is the fix for CVE-2011-1582

git-svn-id: https://svn.apache.org/repos/asf/tomcat/trunk@1100832 13f79535-47bb-0310-9956-ffa450edef68",https://svn.apache.org/repos/asf/tomcat/trunk@1100832,contains links,https://github.com/apache/tomcat/commit/ad1524e6fd1de51e816569c9935403ee074e999f
CVE-2018-11799,OOZIE-3370 Property filtering is not consistent across job submission (andras.piros),,no links,https://github.com/apache/oozie/commit/d50df341432df1049c6c85bf2dcda9eb0be04d73
CVE-2022-22885,fix bug,,no links,https://github.com/dromara/hutool/commit/cdf105589deb9b0999c7fcdf33b2b5b86b22f960
CVE-2018-9159,"Fix for #981, patch 2 (#988)",https://github.com/perwendel/spark/issues/981; https://github.com/perwendel/spark/pull/988,contains links,https://github.com/perwendel/spark/commit/030e9d00125cbd1ad759668f85488aba1019c668;https://github.com/perwendel/spark/commit/a221a864db28eb736d36041df2fa6eb8839fc5cd
CVE-2021-31407,"fix: avoid exposing ServletContext resources via StaticFileServer (#10269)

fix: avoid exposing ServletContext resources via StaticFileServer in OSGi

fixes #10260",https://github.com/vaadin/flow/pull/10269; https://github.com/vaadin/flow/issues/10260,contains links,https://github.com/vaadin/flow/commit/37e5a0ff0bb7365aa4485f2550fa6aa99f78974c
CVE-2017-5648,"Ensure request and response facades are used when firing application listeners. 

git-svn-id: https://svn.apache.org/repos/asf/tomcat/trunk@1785774 13f79535-47bb-0310-9956-ffa450edef68",https://svn.apache.org/repos/asf/tomcat/trunk@1785774,contains links,https://github.com/apache/tomcat/commit/dfa40863421d7681fed893b4256666491887e38c
CVE-2013-2115,"WW-4063
Improved security  by making static method attribute immutable

git-svn-id: https://svn.apache.org/repos/asf/struts/struts2/branches/STRUTS_2_3_14_X@1486054 13f79535-47bb-0310-9956-ffa450edef68",https://svn.apache.org/repos/asf/struts/struts2/branches/STRUTS_2_3_14_X@1486054,contains links,https://github.com/apache/struts/commit/d7804297e319c7a12245e1b536e565fcea6d650
CVE-2016-0785,Ports blocking eval expressions from commit 61a7ee296161bbfa61e90871649598a2e4a680a2,,contains links,https://github.com/apache/struts/commit/bd1a121b8286c412f5fc84c61599c293483fc11a
CVE-2016-1000343,updated default DSA parameters to follow 186-4,,no links,https://github.com/bcgit/bc-java/commit/50a53068c094d6cff37659da33c9b4505becd389
CVE-2019-10219,not found,,contains links,https://github.com/hibernate/hibernate-validator/commit/c1ce5278846a6fa1b009412fa65cbd33794050e8;https://github.com/hibernate/hibernate-validator/commit/20d729548511ac5cff6fd459f93de137195420fe
CVE-2010-2232,not found,,contains links,https://github.com/apache/derby/commit/ffa9392f7564652afc5d499a637aa2f5289cacc2
CVE-2018-11775,Add support for hostname verification,,no links,https://github.com/apache/activemq/commit/69fad2a135689f6c31fbada1c397f2e0dfd90d3c;https://github.com/apache/activemq/commit/bde7097fb8173cf871827df7811b3865679b963d;https://github.com/apache/activemq/commit/02971a40e281713a8397d3a1809c164b594abfbb;https://github.com/apache/activemq/commit/1e31df9800fc2db258f2458628bd9863c11b2846
CVE-2020-35217,"Merge pull request #1613 from vert-x3/issues/csrf-with-session-fix

Fixes CSRF when working along side sessions",https://github.com/vert-x3/vertx-web/pull/1613,contains links,https://github.com/vert-x3/vertx-web/commit/2f5eb8524c9b671c2e441a6ffacf2bb42e8fccd2
CVE-2011-2732,SEC-1790: Reject redirect locations containing CR or LF.,,no links,https://github.com/spring-projects/spring-security/commit/f5fbda42e5f494f1a8aa96a0f8b35d60a4f57556
CVE-2015-6644,Added bounds check to GCM,,no links,https://github.com/bcgit/bc-java/commit/9bc10bbaa9620d691c58e2b37f31f0d31ceea61f
CVE-2014-0074,"Updating JndiLdapContextFactory to conform to spec rfc4513 section-5.1.2

git-svn-id: https://svn.apache.org/repos/asf/shiro/branches/1.2.x@1571533 13f79535-47bb-0310-9956-ffa450edef68",https://svn.apache.org/repos/asf/shiro/branches/1.2.x@1571533,contains links,https://github.com/apache/shiro/commit/f988846207f98c98ff24213ee9063798ea5d9b6c;https://github.com/apache/shiro/commit/9137e6cc45922b529fb776c6857647a3935471bb
CVE-2015-3208,ActiveMQ6-112 Add defaults to the selector parser doc builder,,no links,https://github.com/apache/activemq-artemis/commit/48d9951d879e0c8cbb59d4b64ab59d53ef88310d
CVE-2021-22696,"Disallow OAuth2 request_uri by default

(cherry picked from commit 40503a53914758759894f704bbf139ae89ace286)",,contains links,https://github.com/apache/cxf/commit/7d5d2c7a019dd1e1d0566daf9f1ed5b7b0dd66b7
CVE-2014-7810,"Remove some more unnecessary code.

git-svn-id: https://svn.apache.org/repos/asf/tomcat/trunk@1645641 13f79535-47bb-0310-9956-ffa450edef68",https://svn.apache.org/repos/asf/tomcat/trunk@1645641,contains links,https://github.com/apache/tomcat/commit/8179973;https://github.com/apache/tomcat/commit/8cf3d4aa3be92593302848ef4edd2cfc0e366a49
CVE-2021-22097,Do not deserialize in Message.toString(),,no links,https://github.com/spring-projects/spring-amqp/commit/ed824637cc922356b44409827722c4628340b7c8
CVE-2014-8152,not found,,contains links,https://github.com/apache/santuario-java/commit/55857fd4cdfdb1af4069170ecdac448c078f544e;https://github.com/apache/santuario-xml-security-java/commit/3d7086c603a4538933dfa98d697d0df4539a984f
CVE-2011-3376,"ContainerServlets are always restricted.

git-svn-id: https://svn.apache.org/repos/asf/tomcat/trunk@1176584 13f79535-47bb-0310-9956-ffa450edef68",https://svn.apache.org/repos/asf/tomcat/trunk@1176584,contains links,https://github.com/apache/tomcat/commit/4f08a48
CVE-2010-4172,"Fix CVE-2010-4172. Multiple XSS in Manager web application

git-svn-id: https://svn.apache.org/repos/asf/tomcat/trunk@1037778 13f79535-47bb-0310-9956-ffa450edef68",https://svn.apache.org/repos/asf/tomcat/trunk@1037778,contains links,https://github.com/apache/tomcat/commit/afd4b3b3904593530c338e449b49198199694f4c;https://github.com/apache/tomcat/commit/2f0f80a6c36d6875c64f8c857e2e26661a3865d4
CVE-2017-7656,"Issue #2529 RFC2616 vs RFC7230 cleanup

Signed-off-by: Greg Wilkins <gregw@webtide.com>",https://github.com/jetty/jetty.project/issues/2529,contains links,https://github.com/eclipse/jetty.project/commit/a285deea42fcab60d9edcf994e458c238a348b55
CVE-2021-37136,"Merge pull request from GHSA-9vjp-v76f-g363

Motivation:

e Snappy frame decoder function doesn't restrict the size of the compressed data (and the uncompressed data) which may lead to excessive memory usage. Beside this it also may buffer reserved skippable chunks until the whole chunk was received which may lead to excessive memory usage as well.

Modifications:

- Add various validations for the max allowed size of a chunk
- Skip bytes on the fly when an skippable chunk is handled

Result:

No more risk of OOME. Thanks to Ori Hollander of JFrog Security for reporting the issue.",,contains links,https://github.com/netty/netty/commit/6da4956b31023ae967451e1d94ff51a746a9194f
CVE-2018-1296,"HDFS-12832. INode.getFullPathName may throw ArrayIndexOutOfBoundsException lead to NameNode exit. Contribuited by Konstantin Shvachko.

(cherry picked from commit d331762f24b3f22f609366740c9c4f449edc61ac)",,contains links,https://github.com/apache/hadoop/commit/7252e18c30f40bce9d01d5bb77f0ae526f479ad4
CVE-2016-4431,Introduces new callMethod() function to be used to execute actions,,no links,https://github.com/apache/struts/commit/b28b78c062f0bf3c79793a25aab8c9b6c12bce6e
CVE-2018-17197,TIKA-2773 upgrade sqlite version,,no links,https://github.com/apache/tika/commit/0c49c851979163334ea05cbebdd11ff87feba62d
CVE-2013-1879,"https://issues.apache.org/jira/browse/AMQ-4397 - xss in cron expressions

git-svn-id: https://svn.apache.org/repos/asf/activemq/trunk@1459265 13f79535-47bb-0310-9956-ffa450edef68",https://issues.apache.org/jira/browse/AMQ-4397; https://svn.apache.org/repos/asf/activemq/trunk@1459265,contains links,https://github.com/apache/activemq/commit/148ca81dcd8f14cfe2ff37012fd1aa42518f02dc
CVE-2015-1169,not found,,contains links,https://github.com/Jasig/cas/commit/7de61b4c6244af9ff8e75a2c92a570f3b075309c
CVE-2016-3092,"Fix a performance issue with large boundaries leading to a Denial of Service (CVE-2016-3092)


git-svn-id: https://svn.apache.org/repos/asf/commons/proper/fileupload/trunk@1743480 13f79535-47bb-0310-9956-ffa450edef68",https://svn.apache.org/repos/asf/commons/proper/fileupload/trunk@1743480,contains links,https://github.com/apache/commons-fileupload/commit/774ef160d591b579f703c694002e080f99bcd28b
CVE-2022-0265,Add helper method to XmlUtil to enable XXE protection in the SAXParserFactory and XMLInputFactory (#20407),https://github.com/hazelcast/hazelcast/pull/20407,contains links,https://github.com/hazelcast/hazelcast/commit/4d6b666cd0291abd618c3b95cdbb51aa4208e748
CVE-2020-11002,"Disable message interpolation in ConstraintViolations by default (#3208)

Disable message interpolation in ConstraintViolations by default but allow enabling it explicitly with `SelfValidating#escapeExpressions()`.

Additionally, `ConstraintViolations` now provides a set of methods which take a map of message parameters for interpolation.
The message parameters will be escaped by default.

Refs #3153
Refs #3157",https://github.com/dropwizard/dropwizard/pull/3208; https://github.com/dropwizard/dropwizard/issues/3153; https://github.com/dropwizard/dropwizard/pull/3157,contains links,https://github.com/dropwizard/dropwizard/commit/d5a512f7abf965275f2a6b913ac4fe778e424242
CVE-2017-12611,Narrows class resolver,,no links,https://github.com/apache/struts/commit/637ad1c3707266c33daabb18d7754e795e6681f
CVE-2014-3577,"Improved cert subject parsing

git-svn-id: https://svn.apache.org/repos/asf/httpcomponents/httpclient/branches/4.3.x@1614064 13f79535-47bb-0310-9956-ffa450edef68",https://svn.apache.org/repos/asf/httpcomponents/httpclient/branches/4.3.x@1614064,contains links,https://github.com/apache/httpclient/commit/51cc67567765d67f878f0dcef61b5ded454d3122
CVE-2020-7238,"Verify we do not receive multiple content-length headers or a content-length and transfer-encoding: chunked header when using HTTP/1.1 (#9865)

Motivation:

RFC7230 states that we should not accept multiple content-length headers and also should not accept a content-length header in combination with transfer-encoding: chunked

Modifications:

- Check for multiple content-length headers and if found mark message as invalid
- Check if we found a content-length header and also a transfer-encoding: chunked and if so mark the message as invalid
- Add unit test

Result:

Fixes https://github.com/netty/netty/issues/9861",https://github.com/netty/netty/pull/9865; https://github.com/netty/netty/issues/9861,contains links,https://github.com/netty/netty/commit/8494b046ec7e4f28dbd44bc699cc4c4c92251729
CVE-2015-3158,[PLINK-708] - Checking if user is authorized right after authentication.,,no links,https://github.com/picketlink/picketlink-bindings/commit/341a37aefd69e67b6b5f6d775499730d6ccaff0d
CVE-2013-4590,"Add an option to the Context to control the blocking of XML external entities when parsing XML configuration files and enable this blocking by default. The block is implemented via a custom resolver to enable the logging of any blocked entities.

git-svn-id: https://svn.apache.org/repos/asf/tomcat/trunk@1549528 13f79535-47bb-0310-9956-ffa450edef68",https://svn.apache.org/repos/asf/tomcat/trunk@1549528,contains links,https://github.com/apache/tomcat/commit/05c84ff;https://github.com/apache/tomcat/commit/78dd7e6f3d8481bc3bcd71ca5b20296de1283888
CVE-2017-13098,Confirm size of decrypted PMS before using,,no links,https://github.com/bcgit/bc-java/commit/a00b684465b38d722ca9a3543b8af8568e6bad5c
CVE-2020-7692,"feat: add PKCE support to AuthorizationCodeFlow (#470)

* Initial test code for a PKCE enabled Authorization Code Flow

* WIP: work on README.md

* Script to initialize keycloak by adding client via REST API.

* Improve keycloak init script and some code cleanup. Still WIP.

* WIP: work on README.md

* Working PKCE AuthorizationCodeFlow. Some cleanup of test classes.

* Add scopes back to the AuthorizationCodeRequestUrl creation.

* Simplify code by moving PKCE entirely into the AuthorizationCodeFlow class. Add documentation.

* Remove wildcard imports as that seems to be the way to do things here.

* Add @since annotation in JavaDoc to the PKCE parameters of the autorization url class.

* Add PKCE unit test, documentation and minor cleanup of dependencies for code sample.

* Add PKCE unit test, documentation and minor cleanup of dependencies for code sample.

* Annotate PKCE with Beta annotation.

* Responding to code review comments

* Responding to more PR comments

* Improve Keycloak PKCE sample documentation

* Add license header with copyright to new files. Improve documentation.",https://github.com/googleapis/google-oauth-java-client/pull/470,contains links,https://github.com/googleapis/google-oauth-java-client/commit/13433cd7dd06267fc261f0b1d4764f8e3432c824
CVE-2014-0114,"BEANUTILS-520: Mitigate CVE-2014-0114 by enabling SuppressPropertiesBeanIntrospector.SUPPRESS_CLASS by default. (#7)

Squash and merge.",https://github.com/apache/commons-beanutils/pull/7,contains links,https://github.com/apache/commons-beanutils/commit/dd48f4e589462a8cdb1f29bbbccb35d6b0291d58
CVE-2020-36320,"Update regexp pattern to safer one (#12104)

Fixes: https://github.com/vaadin/framework/issues/7757",https://github.com/vaadin/framework/pull/12104; https://github.com/vaadin/framework/issues/7757,contains links,https://github.com/vaadin/framework/commit/17f5c1b6693892e00a4c2379d621043ef077f24e
CVE-2020-10714,[ELY-1950] Improve handling of detection of j_session_id in URL.,,no links,https://github.com/wildfly-security/wildfly-elytron/commit/34e897b69b2dca907bba3357af5c20a29a9c4f9e
CVE-2013-5960,Close #306. Close #359,https://github.com/ESAPI/esapi-java-legacy/issues/306; https://github.com/ESAPI/esapi-java-legacy/issues/359,contains links,https://github.com/ESAPI/esapi-java-legacy/commit/b7cbc53f9cc967cf1a5a9463d8c6fef9ed6ef4f7
CVE-2018-8010,SOLR-12316: Do not allow to use absolute URIs for including other files in solrconfig.xml and schema parsing,,no links,https://github.com/apache/lucene-solr/commit/1b760114216fcdfae138a8b37f183a9293c49115
CVE-2020-1714,"KEYCLOAK-10162 Usage of ObjectInputStream without checking the object types

Co-authored-by: mposolda <mposolda@gmail.com>",,no links,https://github.com/keycloak/keycloak/commit/33863ba16117844930a38ebde57a25258f5b80fd
CVE-2020-9487,"NIFI-7385 Provided reverse-indexed TokenCache implementation.
Cleaned up code style.
Unit test was failing on Windows 1.8 GitHub Actions build but no other environment. Increased artificial delay to avoid timing issues.

Co-authored-by: Andy LoPresto <alopresto@apache.org>

This closes #4271.

Signed-off-by: Andy LoPresto <alopresto@apache.org>",https://github.com/apache/nifi/pull/4271,contains links,https://github.com/apache/nifi/commit/01e42dfb3291c3a3549023edadafd2d8023f3042
CVE-2016-6797,"When adding and removing ResourceLinks dynamically, ensure
that the global resource is only visible via the
ResourceLinkFactory when it is meant to be.

git-svn-id: https://svn.apache.org/repos/asf/tomcat/trunk@1757271 13f79535-47bb-0310-9956-ffa450edef68",https://svn.apache.org/repos/asf/tomcat/trunk@1757271,contains links,https://github.com/apache/tomcat/commit/2859ac3eae132383cb6f3f2042e25d7a4a281b0d
CVE-2020-17518,"[hotfix][runtime] A customized filename can be specified through Content-Disposition that also allows passing of path information which was not properly handled. This is fixed now.

We just use the filename instead of interpreting any path information that was passed through a custom filename. Two tests were added to verify the proper behavior:
1. a custom filename without path information was used
2. a custom filename with path information was used

The change required adapting the MultipartUploadResource in a way that it is used not as a @ClassRule but as a @Rule instead. This enables us to initialize it differently on a per-test level. The change makes the verification of the uploaded files configurable.",,contains links,https://github.com/apache/flink/commit/a5264a6f41524afe8ceadf1d8ddc8c80f323ebc4
CVE-2015-7521,"HIVE-12875 : Verify sem.getInputs() and sem.getOutputs() (Sushanth Sowmyan, reviewed by Alan Gates)",,contains links,https://github.com/apache/hive/commit/98f933f269e6b528ef84912b3d701ca3272ec04b
CVE-2020-13954,Escape the services listing stylesheet path (#694),https://github.com/apache/cxf/pull/694,contains links,https://github.com/apache/cxf/commit/3c23fa3b3c24c328bbc6d71c509668cb10b0ea31
CVE-2018-15758,"Validate authorization request on approval

Fixes gh-1481",,contains links,https://github.com/spring-projects/spring-security-oauth/commit/623776689fdcc8047f5a908c71f348e1f172a97;https://github.com/spring-projects/spring-security-oauth/commit/f92223afc71687bd3156298054903f50aa71fbf
CVE-2020-1758,KEYCLOAK-13285 Enable check identity for email,,no links,https://github.com/keycloak/keycloak/commit/97b565469058cacac6d2559b2cff37effcca2cfd
CVE-2020-5404,fix #1006 Add hook for redirect request handling,https://github.com/reactor/reactor-netty/issues/1006,contains links,https://github.com/reactor/reactor-netty/commit/c6f7e48c83b36975024e3bd3f828a8c83c651e41
CVE-2021-29262,SOLR-15249 Attempt to repair security.json ACLs,,no links,https://github.com/apache/lucene-solr/commit/d97d1a07024edabb8dcd9ccf40f9ba31209c36ab
CVE-2015-6524,https://issues.apache.org/jira/browse/AMQ-5345 - improve ldap communication,https://issues.apache.org/jira/browse/AMQ-5345,contains links,https://github.com/apache/activemq/commit/22f2f3dde757d31307da772d579815c1d169bc39
CVE-2017-9794,GEODE-3217: Reimplement gfsh query as a single-step command,,no links,https://github.com/apache/geode/commit/564a94b;https://github.com/apache/geode/commit/070ea49d2633edff9992cf1d2558b98f73553144
CVE-2012-0213,not found,,contains links,https://github.com/apache/poi/commit/c702bc5ce58f9f11f408c7568cc96382c76641ef
CVE-2021-28657,improve lyrics handling,,no links,https://github.com/apache/tika/commit/26a9965659921a8aa4205393479584372db7cb35
CVE-2014-0119,"Add some defensive coding around some XML activities that are triggered by web applications and are therefore at potential risk of a memory leak.
This is part 2 of 7 of the fix for CVE-2014-0119


git-svn-id: https://svn.apache.org/repos/asf/tomcat/trunk@1589837 13f79535-47bb-0310-9956-ffa450edef68",https://svn.apache.org/repos/asf/tomcat/trunk@1589837,contains links,https://github.com/apache/tomcat/commit/f2764544c5039551120daa5c125dca55636fb81b;https://github.com/apache/tomcat/commit/2ece8641b11329f733ce2d98a354b611cb635286
CVE-2018-10936,"security: implement SSL hostname verification for non-default (LibPQFactory) SSL factories (CVE-2018-10936)

In order to configure full SLL verification, `sslmode=verify-full` should be used.
However, previous versions of pgjdbc missed hostname verification for non-default SSL factories,
so `sslmode=verify-full` was effectively the same as `sslmode=verify-ca`.

Default sslfactory (which is LibPQFactory) is not impacted.

Extra changes:
- support for sslmode=allow/prefer/require
- ssl=true is treated as verify-full
- sslfactoryarg and socketFactoryArg are deprecated (as constructors with Properties) can be used.",,contains links,https://github.com/pgjdbc/pgjdbc/commit/cdeeaca47dc3bc6f727c79a582c9e4123099526e
CVE-2017-15694,not found,,no links,https://github.com/apache/geode/commit/28755d6;https://github.com/apache/geode/commit/9ff9211
CVE-2013-5679,"Fix for Google Issue #306 and changes to address the side effects of the fix (i.e., the removal of the deprecated ESAPI 1.4 encrypt() / decrypt() methods from the Encryptor interface).",https://github.com/ESAPI/esapi-java-legacy/issues/306,contains links,https://github.com/ESAPI/esapi-java-legacy/commit/41138fef5f63d9cf0d5e05d2bee2c7f682ffef3f
CVE-2018-11777,"HIVE-20420: Provide a fallback authorizer when no other authorizer is in use (Daniel Dai, reviewed by Laszlo Pinter, Thejas Nair)

Signed-off-by: Thejas M Nair <thejas@hortonworks.com>",,contains links,https://github.com/apache/hive/commit/00c0ee7bc4b8492476b377a6edafcc33411f14b;https://github.com/apache/hive/commit/3b2ea248078bdf3a8372958cf51a989dc3883bcc;https://github.com/apache/hive/commit/f0419dfaabe31dd7802c37aeebab101265907e1;https://github.com/apache/hive/commit/1a1d6ca1bc3ae840238dc345fa1eb2c7c28c8cb
CVE-2015-0201,"Check the user of a SockJS request

Issue: SPR-12497",,no links,https://github.com/spring-projects/spring-framework/commit/dc5b5ca8ee09c890352f89b2dae58bc0132d6545
CVE-2016-4434,clean up earlier work on ParseContext.,,no links,https://github.com/apache/tika/commit/ab7c3253b8450c2d483edab60e4365fef0c4ae38
CVE-2019-3795,"Align Code with Javadoc

Fixes: gh-6734",,contains links,https://github.com/spring-projects/spring-security/commit/6f02f690ac65ccf99d8df47ac3d730a68f87c569
CVE-2021-41973,Fixes HTTP pipeline processing issue,,no links,https://github.com/apache/mina/commit/7dc266ac9a74f50669039c10be3d2defa2ac8b58
CVE-2020-17521,GROOVY-9824: replace some old api usage with newer available variants,,contains links,https://github.com/apache/groovy/commit/4e418d4a34c973a7ec1e822552103043ac13780e
CVE-2019-0194,not found,,contains links,https://github.com/apache/camel/commit/a1f2d214a5e045eeb391720193cd40944b34ac35;https://github.com/apache/camel/commit/85ce135a59c19c12d351a529bd517e31cebdc9ea
CVE-2020-26939,further work to improve constant time in OAEP and RSA core.,,no links,https://github.com/bcgit/bc-java/commit/930f8b274c4f1f3a46e68b5441f1e7fadb57e8c1
CVE-2015-0264,CAMEL-8312: XML External Entity (XXE) injection in XPath. Thanks to Stephan Siano for the patch.,,contains links,https://github.com/apache/camel/commit/1df559649a96a1ca0368373387e542f46e4820da
CVE-2013-2251,"WW-4140
- Lukasz' patch applied

git-svn-id: https://svn.apache.org/repos/asf/struts/struts2/branches/STRUTS_2_3_15_X@1502979 13f79535-47bb-0310-9956-ffa450edef68",https://svn.apache.org/repos/asf/struts/struts2/branches/STRUTS_2_3_15_X@1502979,contains links,https://github.com/apache/struts/commit/3cfe34fefedcf0fdcfcb061c0aea34a715b7de63
CVE-2021-31409,"fix: Update regexp pattern of legacy EmailValidator (#12241)

Fixes: https://github.com/vaadin/framework/issues/12240",https://github.com/vaadin/framework/pull/12241; https://github.com/vaadin/framework/issues/12240,contains links,https://github.com/vaadin/framework/commit/754ca011d79af3dd4fa9046ff0ade5367f5e6246
CVE-2017-9787,Adds constant to control proxy member access,,no links,https://github.com/apache/struts/commit/086b63735527d4bb0c1dd0d86a7c0374b825ff2;https://github.com/apache/struts/commit/583da3d5df5aeeded3beadca6305a98c5618e46b
CVE-2019-7614,"AsyncIOProcessor preserve thread context (#43729)

AsyncIOProcessor now preserves thread context, ensuring that deprecation
warnings are not duplicated to other concurrent operations on the same
shard.",https://github.com/elastic/elasticsearch/pull/43729,contains links,https://github.com/elastic/elasticsearch/commit/bdb8d3c440a75c035b045c21b7ef2237e56c95c7
CVE-2021-43113,"Improve input processing for ImageMagick and Ghostscript

DEVSIX-5638",,no links,https://github.com/itext/itext7/commit/340d769934219369c5f8045fc6244da867d37c68
CVE-2014-3578,"Improve StringUtils.cleanPath

Issue: SPR-11793",,no links,https://github.com/spring-projects/spring-framework/commit/8ee465103850a3dca018273fe5952e40d5c45a66;https://github.com/spring-projects/spring-framework/commit/f6fddeb6eb7da625fd711ab371ff16512f431e8d
CVE-2013-1965,"Disable eval expressions

git-svn-id: https://svn.apache.org/repos/asf/struts/struts2/branches/STRUTS_2_3_14_X@1469249 13f79535-47bb-0310-9956-ffa450edef68",https://svn.apache.org/repos/asf/struts/struts2/branches/STRUTS_2_3_14_X@1469249,contains links,https://github.com/apache/struts/commit/7e6f641ebb142663cbd1653dc49bed725edf7f56
CVE-2019-20445,"Verify we do not receive multiple content-length headers or a content-length and transfer-encoding: chunked header when using HTTP/1.1 (#9865)

Motivation:

RFC7230 states that we should not accept multiple content-length headers and also should not accept a content-length header in combination with transfer-encoding: chunked

Modifications:

- Check for multiple content-length headers and if found mark message as invalid
- Check if we found a content-length header and also a transfer-encoding: chunked and if so mark the message as invalid
- Add unit test

Result:

Fixes https://github.com/netty/netty/issues/9861",https://github.com/netty/netty/pull/9865; https://github.com/netty/netty/issues/9861,contains links,https://github.com/netty/netty/commit/8494b046ec7e4f28dbd44bc699cc4c4c92251729
CVE-2019-10184,"Merge pull request #794 from gaol/Trailing_Slash_Fix

[UNDERTOW-1578] 401 Unauthorized should be returned when requesting a protected directory without trailing slash",https://github.com/undertow-io/undertow/pull/794,contains links,https://github.com/undertow-io/undertow/commit/5fa7ac68c0e4251c93056d9982db5e794e04ebfa;https://github.com/undertow-io/undertow/commit/d2715e3afa13f50deaa19643676816ce391551e9
CVE-2017-12623,"NIFI-4353
- Added XmlUtils class.
- Added unit test.
- Added XXE test resource.
- Refactored JAXB unmarshalling globally to prevent XXE attacks.
- Refactored duplicated/legacy code.
- Cleaned up commented code.
- Switched from FileInputStream back to StreamSource in AuthorizerFactoryBean.
- This closes #2134",https://github.com/apache/nifi/pull/2134,contains links,https://github.com/apache/nifi/commit/9e2c7be7d3c6a380c5f61074d9a5a690b617c3dc
CVE-2013-4517,not found,,contains links,https://github.com/apache/santuario-java/commit/a09b9042f7759d094f2d49f40fc7bcf145164b25
CVE-2017-9799,User improvements,,no links,https://github.com/apache/storm/commit/44b80fbfcf8a52b6e7cb3840a52ff07f8a2364e4
CVE-2021-31412,"fix: set routes first into the template (#11107) (#11125)

fixes psi#26

Co-authored-by: Denis <denis@vaadin.com>",https://github.com/vaadin/flow/pull/11107; https://github.com/vaadin/flow/pull/11125; https://github.com/vaadin/flow/issues/26,contains links,https://github.com/vaadin/flow/commit/3ad4a13609e852eed2a2c80d640d2928b99a2dd5
CVE-2021-41269,"Merge pull request #494 from NielsDoucet/RCE-fix

Resolve RCE vulnerability.",https://github.com/jmrozanec/cron-utils/pull/494,contains links,https://github.com/jmrozanec/cron-utils/commit/cfd2880f80e62ea74b92fa83474c2aabdb9899da
CVE-2009-0783,"Fix bug 29936. In some circumstances, Tomcat would use the parser from a webapp to parse web.xml and possibly context.xml files.

git-svn-id: https://svn.apache.org/repos/asf/tomcat/trunk@649974 13f79535-47bb-0310-9956-ffa450edef68",https://svn.apache.org/repos/asf/tomcat/trunk@649974,contains links,https://github.com/apache/tomcat/commit/06c23d8
CVE-2020-9484,Improve validation of storage location when using FileStore.,,no links,https://github.com/apache/tomcat/commit/bb33048e3f9b4f2b70e4da2e6c4e34ca89023b1b
CVE-2020-1940,"OAK-8870 : UserAuthentication.authenticate should remove pw attribute (merge r1873103 to 1.8 branch, CVE-2020-1940)

git-svn-id: https://svn.apache.org/repos/asf/jackrabbit/oak/branches/1.8@1873258 13f79535-47bb-0310-9956-ffa450edef68",https://svn.apache.org/repos/asf/jackrabbit/oak/branches/1.8@1873258,contains links,https://github.com/apache/jackrabbit-oak/commit/e7180a8d9c4f14b2de1928861dd27287e5fb59bd;https://github.com/apache/jackrabbit-oak/commit/b615992fc5202046e9479a29d6a7bd41d6258d09
CVE-2020-6950,Multiple Path Traversal security issues,,no links,https://github.com/eclipse-ee4j/mojarra/commit/cefbb9447e7be560e59da2da6bd7cb93776f7741
CVE-2020-13957,SOLR-14663: Copy ConfigSet root data from base ConfigSet when using CREATE command,,no links,https://github.com/apache/lucene-solr/commit/e001c2221812a0ba9e9378855040ce72f93eced4
CVE-2020-9480,not found,,no links,https://github.com/apache/spark/commit/9416b7c54bdf5613c1a65e6d1779a87591c6c9bd
CVE-2013-1921,"[BZ#948109] New implementation of Security Vault.
Merging r408 through r449.",,no links,https://github.com/picketbox/picketbox/commit/b0c367d3f15bb5211e11a4d1b3ab04a7dd8e1793
CVE-2017-12197,"Fix for: libpam4j authenticates invalid accounts
[https://github.com/kohsuke/libpam4j/issues/18]

Change-Id: I5052cd0d9f617239a63fb036daa697cbae5bb9d7",https://github.com/kohsuke/libpam4j/issues/18],contains links,https://github.com/letonez/libpam4j/commit/84f32f4001fc6bdcc125ccc959081de022d18b6d
CVE-2018-20059,Fix #486,https://github.com/pippo-java/pippo/issues/486,contains links,https://github.com/pippo-java/pippo/commit/9f36e5891c0b11f840e1e1561ae96d83ba9ce759
CVE-2020-13934,Ensure HTTP/1.1 processor is recycled after a direct h2c connection,,no links,https://github.com/apache/tomcat/commit/c9167ae30f3b03b112f3d81772e3450b7d0e6a25
CVE-2021-45105,Fix string substitution recursion,,no links,https://github.com/apache/logging-log4j2/commit/806023265f8c905b2dd1d81fd2458f64b2ea0b5e
CVE-2012-1089,"Use SecurePackageResourceGuard by default.
Do not allow comma separated extensions in the resource path.
Improve Packages#absolutePath()",,no links,https://github.com/apache/wicket/commit/887f2608a20b54aab7b57c24529bb98dece5bf3f
CVE-2017-15712,Fix filesystem issue (satishsaley),,no links,https://github.com/apache/oozie/commit/b98c37eeaf993e37f87225a114fb6cedce174168
CVE-2018-1313,"Merge revision 1826467 from 10.14 to trunk. Original commit message:

Remove support for COMMAND_TESTCONNECTION connectToDatabase feature.
It was never documented, and was never part of the regression tests.

A new regression test demonstrates that attempting to use this feature
now results in a ""usage"" response from the Network Server.

Also, change the Network Server's default security policy file, as well
as the template security policy file that we distribute with the
release and in the documentation. The new policy files do not use
the <<ALL FILES>> permission; instead they restrict the permission
to certain directories only.

Also, change the implementation of the Network Server's ""sysinfo""
sub-command. Prior to this change, that feature would open each
jar file on the Network Server's class path, and would report on
whatever information it could find about that jar file. Now, the
only jar files that are opened and reported on are the known Derby
jar files; a table of those jar file names is compiled into the
sysinfo command. This causes sysinfo to return less information,
but it also means that it only needs the permission to access the
known Derby jar files on the classpath.


git-svn-id: https://svn.apache.org/repos/asf/db/derby/code/trunk@1826481 13f79535-47bb-0310-9956-ffa450edef68",https://svn.apache.org/repos/asf/db/derby/code/trunk@1826481,contains links,https://github.com/apache/derby/commit/4da5b2db5f3a60c1fa8ef616d88a7efe28b0c9d;https://github.com/apache/derby/commit/a2027c64e185a9ce46929f352e2db03371c1f95
CVE-2018-1000632,#48 Validate QName inputs - throw IllegalArgumentException when qualified name contains disallowed character.,https://github.com/dom4j/dom4j/issues/48,contains links,https://github.com/dom4j/dom4j/commit/e598eb43d418744c4dbf62f647dd2381c9ce9387
CVE-2021-28163,"Use Files.isSameFile to check Resource equality (#6093)

Use Files.isSameFile to check Resource equality
Avoid using canonical and instead use Files.isSameFile

Signed-off-by: Greg Wilkins <gregw@webtide.com>",https://github.com/jetty/jetty.project/pull/6093,contains links,https://github.com/eclipse/jetty.project/commit/ebe8311333d21b61715572fd23a9db78a68e0fa9
CVE-2021-25738,"Merge pull request #1692 from yue9944882/cherry-pick-11-yaml-construct

Cherry-pick 11: Update the CustomConstructor class for SnakeYAML",https://github.com/kubernetes-client/java/pull/1692,contains links,https://github.com/kubernetes-client/java/commit/4884d1bcd215a45d7ea876b8c3899a7b8bd5b60b
CVE-2011-1184,"Add additional configuration options to the DIGEST authenticator
This is the fix for CVE-2011-1184

git-svn-id: https://svn.apache.org/repos/asf/tomcat/trunk@1087655 13f79535-47bb-0310-9956-ffa450edef68",https://svn.apache.org/repos/asf/tomcat/trunk@1087655,contains links,https://github.com/apache/tomcat/commit/94a7a82405893701a48bfd8f006d650938b8a362
CVE-2012-5812,"Now using SSL certificate validation by default. If using a reports backend server with SSL connection using a self-signed certificate, then ReportsCrashes.disableSSLCertificateValidation must be set to true.",,no links,https://github.com/ACRA/acra/commit/fff732595164baf233d911386a3965dc516cf081
CVE-2021-40865,[MINOR] Remove unused getGroupsCommand method,,no links,https://github.com/apache/storm/commit/53411db6d7311f3a2afb67396c5a5e441b957794
CVE-2021-34428,Merge remote-tracking branch 'origin/jetty-10.0.x' into jetty-11.0.x,,no links,https://github.com/eclipse/jetty.project/commit/e0b80abf4e7bc4048e7ae9bc3d92b50338ec58ec
CVE-2020-27222,"Move certificate supported check to local field.

Fixes leshan issue 964.

Signed-off-by: Achim Kraus <achim.kraus@bosch.io>",,no links,https://github.com/eclipse/californium/commit/00ab1d9fe07a24229a88ac87786fe3a0752374ab
CVE-2018-14371,fixing CTS failure issue in master branch,,no links,https://github.com/eclipse-ee4j/mojarra/commit/1b434748d9239f42eae8aa7d37d7a0930c061e24
CVE-2021-42340,"Close WebConnection

The internal upgrade handler should close the associated WebConnection
on destroy.",,no links,https://github.com/apache/tomcat/commit/d27535bdee95d252418201eb21e9d29476aa6b6a
CVE-2022-22946,"Moves configuration of HttpClient.

Moves configuration of HttpClient out of GatewayAutoConfiguration and into HttpClientFactory. This allows customization by the user and allows tests to see what has been configured on the HttpClient.

When HTTP2 is enabled, the insecure trustmanager factory option must be set explicitly.",,no links,https://github.com/spring-cloud/spring-cloud-gateway/commit/b2df97d0c467d246a56870d63fc637087eec0ef8
CVE-2017-18349,"Merge pull request #1008 from wuwen5/fixed#1005

bug fixed for issue 1005.",https://github.com/alibaba/fastjson/pull/1008; https://github.com/alibaba/fastjson/issues/1005,contains links,https://github.com/alibaba/fastjson/commit/f5903fa56497c00ed0703ac875b511f9bd5f1d8e
CVE-2014-3612,https://issues.apache.org/jira/browse/AMQ-5345 - improve ldap communication,https://issues.apache.org/jira/browse/AMQ-5345,contains links,https://github.com/apache/activemq/commit/0b5231ada5ce365b41832ba8752ee210145d1cbe
CVE-2013-2172,not found,,contains links,https://github.com/apache/santuario-java/commit/d0536272059bba735583809e2bfa5d249bb2e537;https://github.com/apache/santuario-java/commit/8e8f8bf92a43608d7d5f9e357fae19244454a61f
CVE-2014-0230,"Add a new limit, defaulting to 2MB, for the amount of data Tomcat will swallow for an aborted upload.
This is the fix for CVE-2014-0230

git-svn-id: https://svn.apache.org/repos/asf/tomcat/trunk@1603770 13f79535-47bb-0310-9956-ffa450edef68",https://svn.apache.org/repos/asf/tomcat/trunk@1603770,contains links,https://github.com/apache/tomcat/commit/cf7869c89fb87a04da78a7f6081b4aa1c6169a5e
CVE-2010-3718,"Ensure work dir attribute is made read-only
CVE-2010-3718

git-svn-id: https://svn.apache.org/repos/asf/tomcat/trunk@1022134 13f79535-47bb-0310-9956-ffa450edef68",https://svn.apache.org/repos/asf/tomcat/trunk@1022134,contains links,https://github.com/apache/tomcat/commit/f6db636b7addb1f7a01e361559bff2da21a11812;https://github.com/apache/tomcat/commit/835f85ed22b9f788e23b6f49893698770e9fcfe3
CVE-2012-3428,[JBJCA-864] allow-multiple-users doesn't work with security domains,,no links,https://github.com/ironjacamar/ironjacamar/commit/00e420c78349a4115140bff666bf02acd8040697
CVE-2016-0714,"Expand the session attribute filtering options
- new option to filter based on implementation class of value
- new option to log a warning message if an attribute is filtered out
- always log a message at at least debug level if an attribute is filtered out

git-svn-id: https://svn.apache.org/repos/asf/tomcat/trunk@1725263 13f79535-47bb-0310-9956-ffa450edef68",https://svn.apache.org/repos/asf/tomcat/trunk@1725263,contains links,https://github.com/apache/tomcat/commit/50f1b1d
CVE-2017-9096,"Prevent XXE-vulnerability

DEV-1863",,no links,https://github.com/itext/itextpdf/commit/ad38371c396ac5ffbfb28056809e8ffaa5a18ccd
CVE-2014-3600,https://issues.apache.org/jira/browse/AMQ-5333 - make xpath parser features configurable,https://issues.apache.org/jira/browse/AMQ-5333,contains links,https://github.com/apache/activemq/commit/3e5ac6326db59f524a0e71f6b717428607d7b67d;https://github.com/apache/activemq/commit/b9696ac8
CVE-2020-13959,"Fixed Reflected XSS Vuln

Velocity Tools has an automatically generated error page, which echoes back the file name unescaped. This commit sanitizes user input and fixes the XSS Vulnerability!

Updated XSS Vuln fix (used StringEscapeUtils)",,no links,https://github.com/apache/velocity-tools/commit/e141828a4eb03e4b0224535eed12b5c463a24152
CVE-2019-0228,"PDFBOX-4505: unify the usage of a XMLParser (DRY) to avoid a XML External Entity (XXE) attack as reported by Kurt Boberg of DocuSign CVE-2019-0228

git-svn-id: https://svn.apache.org/repos/asf/pdfbox/trunk@1856954 13f79535-47bb-0310-9956-ffa450edef68",https://svn.apache.org/repos/asf/pdfbox/trunk@1856954,contains links,https://github.com/apache/pdfbox/commit/be36ef01842885b556a4e7b40b5e2e8e7b1d2816;https://github.com/apache/pdfbox/commit/072d68ec99a71bf271ec0f879e5cd71511e89093;https://github.com/apache/pdfbox/commit/e5232887e684aeffc37ebb25ee8953e43d95c77c
CVE-2017-15709,"AMQ-6871 - By default only send generic platform details

The default behavior by the OpenWire client will be to send generic
platform details to the server with a new flag to send more specific
information.

(cherry picked from commit 5fa0bbd5156f29d97dcf48fd9fdb6a0488a8df1a)",,contains links,https://github.com/apache/activemq/commit/d2e49be3a8f21d862726c1f6bc9e1caa6ee8b581
CVE-2018-1000613,added full filtering for BDS data.,,no links,https://github.com/bcgit/bc-java/commit/cd98322b171b15b3f88c5ec871175147893c31e6
CVE-2011-1772,"Solves WW-3579 - escapes actionName and methodName to prevent XSS vulnerability

git-svn-id: https://svn.apache.org/repos/asf/struts/struts2/trunk@1076372 13f79535-47bb-0310-9956-ffa450edef68",https://svn.apache.org/repos/asf/struts/struts2/trunk@1076372,contains links,https://github.com/apache/struts/commit/885ab3459e146ff830d1f7257f809f4a3dd4493a
CVE-2019-17566,"BATIK-1276: Allow blocking of external resources

git-svn-id: https://svn.apache.org/repos/asf/xmlgraphics/batik/trunk@1871084 13f79535-47bb-0310-9956-ffa450edef68",https://svn.apache.org/repos/asf/xmlgraphics/batik/trunk@1871084,contains links,https://github.com/apache/xmlgraphics-batik/commit/bc6078ca949039e2076cd08b4cb169c84c1179b1
CVE-2019-10072,Expand HTTP/2 timeout handling to connection window exhaustion on write.,,no links,https://github.com/apache/tomcat/commit/0bcd69c9dd8ae0ff424f2cd46de51583510b7f35
CVE-2012-5885,"Various DIGEST improvements ported from Tomcat 7

git-svn-id: https://svn.apache.org/repos/asf/tomcat/tc5.5.x/trunk@1392248 13f79535-47bb-0310-9956-ffa450edef68",https://svn.apache.org/repos/asf/tomcat/tc5.5.x/trunk@1392248,contains links,https://github.com/apache/tomcat55/commit/83adfde198d8f9305edbd240e0081a2bb7902cfd
CVE-2020-35460,zip slip fix,,no links,https://github.com/joniles/mpxj/commit/8eaf4225048ea5ba7e59ef4556dab2098fcc4a1d
CVE-2020-1938,"Rename requiredSecret to secret and add secretRequired

AJP Connector will not start if secretRequired=""true"" and secret is set
to null or zero length String.",,no links,https://github.com/apache/tomcat/commit/9ac90532;https://github.com/apache/tomcat/commit/7a1406a3;https://github.com/apache/tomcat/commit/0e8a50f0
CVE-2017-9796,"GEODE-3247:Improve OQL expression execution (#837)

* GEODE-3247: Restrict method invocation in OQL when new security service is enabled

* GEODE-3248: Regions being passed in through bind parameters should have authorized access

* GEODE-3247: MethodInvocationAuthorizer is created at start up

  * MethodInvocationAuthorizer can now be passed down from InternalCache
  * Broke apart new tests into smaller files and removed complex query maps from UserPerms
  * Modified Customer Test Object for Rest Security tests",https://github.com/apache/geode/pull/837,contains links,https://github.com/apache/geode/commit/02b9646618e074f80b3d5fed0e5b512a34b5897a
CVE-2013-6429,"Disable ext entities in SourceHttpMessageConverter

This change disables the processing of external entities in
SourceHttpMessageConverter by default and provides an option to enable
it if required.",,no links,https://github.com/spring-projects/spring-framework/commit/7387cb990e35b0f1b573faf29d4f9ae183d7a5e
CVE-2019-17638,"Issue #4936 response buffer corruption (#4937)

* Issue #4936 - Adding LargeHeaderTest to replicate issue

Signed-off-by: Joakim Erdfelt <joakim.erdfelt@gmail.com>

* Issue #4936 - Updating LargeHeaderTest to use ServerConnector

Signed-off-by: Joakim Erdfelt <joakim.erdfelt@gmail.com>

* Issue #4936 - Fail LargeHeaderTest if client detects issues.

Signed-off-by: Joakim Erdfelt <joakim.erdfelt@gmail.com>

* Issue #4936 large response header buffer corruption

If the response buffer is too large, the header buffer was released
but not nulled, then an exception thrown, which again released the
not nulled buffer.  The buffer thus ends up in the buffer pool twice!

Signed-off-by: Greg Wilkins <gregw@webtide.com>

* Issue #4936 large response header buffer corruption

removed old comment

Signed-off-by: Greg Wilkins <gregw@webtide.com>

Co-authored-by: Joakim Erdfelt <joakim.erdfelt@gmail.com>",https://github.com/jetty/jetty.project/issues/4936; https://github.com/jetty/jetty.project/pull/4937,contains links,https://github.com/eclipse/jetty.project/commit/ff8ae56fa939c3477a0cdd1ff56ce3d902f08fba
CVE-2020-13692,"Merge pull request from GHSA-37xm-4h3m-5w3v

* refactor: Clean up whitespace in existing PgSQLXMLTest

* fix: Fix XXE vulnerability in PgSQLXML by disabling external access and doctypes

Fixes XXE vulnerability by defaulting to disabling external access and doc types. The
legacy insecure behavior can be restored via the new connection property xmlFactoryFactory
with a value of LEGACY_INSECURE. Alternatively, a custom class name can be specified that
implements org.postgresql.xml.PGXmlFactoryFactory and takes a no argument constructor.

* fix: Add missing getter and setter for XML_FACTORY_FACTORY to BasicDataSource",,no links,https://github.com/pgjdbc/pgjdbc/commit/14b62aca4764d496813f55a43d050b017e01eb65
CVE-2019-0232,"Limit CGI command line arguments

Limit the decoded form of individual command line arguments. This is to
work various issues passing command line arguments from Java to the OS
on Windows.
This restriction may be overridden by the new initialisation parameter
cmdLineArgumentsDecoded.
This is the fix for CVE-2019-0232.",,contains links,https://github.com/apache/tomcat/commit/4b244d827ade2a36ef3b8734939541207b78f35c
CVE-2018-21234,Added `allowClass` (closes #628),https://github.com/oblac/jodd/issues/628,contains links,https://github.com/oblac/jodd/commit/9bffc3913aeb8472c11bb543243004b4b4376f16
CVE-2021-25646,Fix CVE-2021-25646 (#10818),https://github.com/apache/druid/pull/10818,contains links,https://github.com/apache/druid/commit/3f8f00a231c4b47981e0e2e48f18f1221249e6f3
CVE-2020-5407,"Polish OpenSamlAuthenticationProvider

- Use type-safe CriteriaSet
- Keep Assertion immutable

Closes gh-8471",,contains links,https://github.com/spring-projects/spring-security/commit/69b1bc62ffe7c1e1bbf508951efa1e0235954198
CVE-2019-10354,[SECURITY-534],,contains links,https://github.com/stapler/stapler/commit/19637555a9f32d3875356b47234131d8b1e9fee4
CVE-2012-4431,"Improve session management in CsrfPreventionFilter

git-svn-id: https://svn.apache.org/repos/asf/tomcat/trunk@1393071 13f79535-47bb-0310-9956-ffa450edef68",https://svn.apache.org/repos/asf/tomcat/trunk@1393071,contains links,https://github.com/apache/tomcat/commit/d426972
CVE-2019-16771,"Merge pull request from GHSA-35fr-h7jr-hh86

Motivation:

An `HttpService` can produce a malformed HTTP response when a user
specified a malformed HTTP header values, such as:

    ResponseHeaders.of(HttpStatus.OK
                       ""my-header"", ""foo\r\nbad-header: bar"");

Modification:

- Add strict header value validation to `HttpHeadersBase`
- Add strict header name validation to `HttpHeaderNames.of()`, which is
  used by `HttpHeadersBase`.

Result:

- It is not possible anymore to send a bad header value which can be
  misused for sending additional headers or injecting arbitrary content.",,contains links,https://github.com/line/armeria/commit/b597f7a865a527a84ee3d6937075cfbb4470ed20
CVE-2018-1000180,BJA-694 cleaned up primality test,,no links,https://github.com/bcgit/bc-java/commit/73780ac522b7795fc165630aba8d5f5729acc839;https://github.com/bcgit/bc-java/commit/22467b6e8fe19717ecdf201c0cf91bacf04a55ad
CVE-2019-25027,"Sanitize input used in error template (#5498) (#5518)

As error template is html, and the input used in it is taken from the path, which can be anything, the input needs to be sanitized before added to the template to avoid possible XSS injection.",https://github.com/vaadin/flow/pull/5498; https://github.com/vaadin/flow/pull/5518,contains links,https://github.com/vaadin/flow/commit/56452991cc563ef1f45268647686f3edf1e0b473
CVE-2018-20227,"Backport fix for zip traversal from develop

Signed-off-by: Bart Hanssens <bart.hanssens@bosa.fgov.be>",,no links,https://github.com/eclipse/rdf4j/commit/099482e52f070a3d74e5ad368cff59c91e9b4f8a;https://github.com/eclipse/rdf4j/commit/df15a4d7a8f2789c043b27c9eafe1b30316cfa79
CVE-2013-4112,Always cleanup buffer after receive diagnostics message,,no links,https://github.com/belaban/JGroups/commit/75f09367e3dc1451b4a4d89f35d8c3f16bb20bc8
CVE-2020-13929,[Security] Notebook permission bypass vulnerability,,no links,https://github.com/apache/zeppelin/commit/409235e8db2ac370eed22d73a67d0771e886f907
CVE-2020-1727,[KEYCLOAK-12192] - Missing Input Validation in IDP Authorization URLs,,no links,https://github.com/keycloak/keycloak/commit/2f489a41ebd06eb14197f8a66afae86ac1397f42
CVE-2013-6408,"Merged revision(s) 1487977 from lucene/dev/branches/branch_4x:
SOLR-4881: Fix DocumentAnalysisRequestHandler to correctly use EmptyEntityResolver to prevent loading of external entities like UpdateRequestHandler does

git-svn-id: https://svn.apache.org/repos/asf/lucene/dev/branches/lucene_solr_4_3@1487978 13f79535-47bb-0310-9956-ffa450edef68",https://svn.apache.org/repos/asf/lucene/dev/branches/lucene_solr_4_3@1487978,contains links,https://github.com/apache/lucene-solr/commit/31050216b692603ced4270d5c2630e7dd37e14e4;https://github.com/apache/lucene-solr/commit/7239a57a51ea0f4d05dd330ce5e15e4f72f72747
CVE-2018-7489,Fix #1737,https://github.com/FasterXML/jackson-databind/issues/1737,contains links,https://github.com/FasterXML/jackson-databind/commit/ddfddfba6414adbecaff99684ef66eebd3a92e92;https://github.com/FasterXML/jackson-databind/commit/60d459cedcf079c6106ae7da2ac562bc32dcabe1;https://github.com/FasterXML/jackson-databind/commit/6799f8f10cc78e9af6d443ed6982d00a13f2e7d2
CVE-2017-9797,"GEODE-3249: Validate internal client/server messages

This is a squashed commit of the following from feature/GEODE-3249b:

commit c16b151e57169733186f0c029d1957da32d59635
    ""spotless"" fixes

commit f8e7ddd5e4696907ce60a14f581ef1ca83e65232

    GEODE-3249: Validate internal client/server messages

    This was merely a matter of changing the server to require the credentials
    and changing the client to send credentials.  I removed the general overriding
    of AbstractOp.processSecureBytes() because it made no sense.  If the server
    sends a secure byte ""part"" in a message the client is obligated to process
    it or the next message it sends will cause a security violation.

    I've added a server-side property that folks can set to allow old clients
    to continue to work.  This must be used to roll the servers forward to the
    new version that contains this change.  Clients must then be rolled
    forward & the servers can then be rolled once again without the property set.

    The system property is
      geode.allow-internal-messages-without-credentials=true",,contains links,https://github.com/apache/geode/commit/6be38ca;https://github.com/apache/geode/commit/6c2ea4a;https://github.com/apache/geode/commit/41e14dd;https://github.com/apache/geode/commit/f8e7ddd;https://github.com/apache/geode/commit/6ee5771;https://github.com/apache/geode/commit/0b881b5;https://github.com/apache/geode/commit/c2efd80;https://github.com/apache/geode/commit/1b03524;https://github.com/apache/geode/commit/7cbbf67;https://github.com/apache/geode/commit/e0fbb3c;https://github.com/apache/geode/commit/99b0fd6;https://github.com/apache/geode/commit/c8a3654
CVE-2016-7051,prepare for 2.7.8,,no links,https://github.com/FasterXML/jackson-dataformat-xml/commit/eeff2c312e9d4caa8c9f27b8f740c7529d00524a
CVE-2018-11768,"Fix potential FSImage corruption. Contributed by Daryn Sharp and Vinayakumar B.

(cherry picked from commit f1996ccbaee734d423caa9d47a571cfff98ef42c)",,no links,https://github.com/apache/hadoop/commit/96cedb87b94c07c11152580bf36978186d622b50
CVE-2019-17558,SOLR-13971: Removing velocity from _default and disabling custom template support by default,,no links,https://github.com/apache/lucene-solr/commit/a8bbe7b6e1ea45bba57ffef4e40e7fa2116dcef9
CVE-2021-31406,"Use time-constant comparison for CSRF tokens in endpoint (#10157)

This hardens the framework against a theoretical timing attack based on
comparing how quickly a request with an invalid CSRF token is rejected.

No tests since this functionality is equivalent to the previous implementation aside from timing differences that would be very fragile to verify in an automated test.

Related to https://github.com/vaadin/flow/pull/9875",https://github.com/vaadin/flow/pull/10157; https://github.com/vaadin/flow/pull/9875,contains links,https://github.com/vaadin/flow/commit/c9db8f6cd0f4bbd5c78bb0ef6176f4f4dfcaa624
CVE-2014-7839,"RESTEASY-1130: Allow configuration of expansion of external general and
parameter entities.",,no links,https://github.com/resteasy/Resteasy/commit/5f1e974687ce45349431652d89b5927449967dc2
CVE-2020-10740,[WFNC-57][JBEAP-19490] Support filtering of unmarshalled classes in RemoteNamingService,,no links,https://github.com/wildfly/wildfly-naming-client/commit/56f159d19bedfa67eb3d2b408bb8d17d2c929832
CVE-2020-11998,"AMQ-7490 - Fix JMX regression

(cherry picked from commit aa8900ca70e6f9422490c1a03627400375d3ff83)",,contains links,https://github.com/apache/activemq/commit/0d6e5f240ef34bae2e4089102047593bef628e6c
CVE-2016-8629,KEYCLOAK-3667,,no links,https://github.com/keycloak/keycloak/commit/3d46b4c425d39b004566cc78164e1ffbe37d647c;https://github.com/keycloak/keycloak/commit/a78cfa4b2ca979a1981fb371cfdf2c7212f7b6e2
CVE-2018-1258,"Add accessDeniedHandler method to ExceptionHandlingSpec

This allows to configure accessDeniedHandler in ExceptionTranslationWebFilter through ServerHttpSecurity.

Issue: gh-5257",,contains links,https://github.com/spring-projects/spring-security/commit/7b8fa90d96aaf751a3256fa755d5f17e081c20f1
CVE-2018-1275,"Re-use EvaluationContext in DefaultSubscriptionRegistry

Rather than create a new EvaluationContext instance per evaluation, we
now create a statically shared instance, without the root object in it,
and re-use it for all evalutations.",,no links,https://github.com/spring-projects/spring-framework/commit/0009806debb578e884f6dc98bd1f2dc668020021
CVE-2013-7398,"Introduce acceptAnyCertificate config, defaulting to false, backport df6ed70e86c8fc340ed75563e016c8baa94d7e72, close #352",https://github.com/AsyncHttpClient/async-http-client/issues/352,contains links,https://github.com/AsyncHttpClient/async-http-client/commit/dfacb8e05d0822c7b2024c452554bd8e1d6221d8;https://github.com/AsyncHttpClient/async-http-client/commit/a894583921c11c3b01f160ada36a8bb9d5158e9
CVE-2017-7658,"Issue #2529 RFC2616 vs RFC7230 cleanup

Signed-off-by: Greg Wilkins <gregw@webtide.com>",https://github.com/jetty/jetty.project/issues/2529,contains links,https://github.com/eclipse/jetty.project/commit/a285deea42fcab60d9edcf994e458c238a348b55
CVE-2019-13234,"Fixed: unreleased/expired resources where never included in the gallery
search.",,no links,https://github.com/alkacon/opencms-core/commit/185e71cc9844c90c0c29b730bd92b0375f1eca21
CVE-2008-6505,"WW-2779:
Applying Musachy's fix to 2.0.x branch

git-svn-id: https://svn.apache.org/repos/asf/struts/struts2/branches/STRUTS_2_0_X@687874 13f79535-47bb-0310-9956-ffa450edef68",https://svn.apache.org/repos/asf/struts/struts2/branches/STRUTS_2_0_X@687874,contains links,https://github.com/apache/struts/commit/ff8b655c4b04cae41e5ad00df0a7482333e7a254
CVE-2020-10719,[UNDERTOW-1657] Fix potential buffer leak in HTTP Continue handling,,no links,https://github.com/undertow-io/undertow/commit/aa5e1fe11fec75032f14f0ae23e586f4cf3a3365
CVE-2016-2173,"AMQP-590: Java Deserialization White List

JIRA: https://jira.spring.io/browse/AMQP-590

Polishing - PR Comments

Verify Mock
(cherry picked from commit 462dcb6)",https://jira.spring.io/browse/AMQP-590,contains links,https://github.com/spring-projects/spring-amqp/commit/4150f107e60cac4a7735fcf7cb4c1889a0cbab6c
CVE-2018-12538,"Jetty 9.4.x 2038 slow filesessiondatastore (#2102)

* Issue #2038 Speed up FileSessionDataStore

Signed-off-by: Jan Bartel <janb@webtide.com>",https://github.com/jetty/jetty.project/pull/2102; https://github.com/jetty/jetty.project/issues/2038,contains links,https://github.com/eclipse/jetty.project/commit/a0b8321ef452dddff9bc6c14e3ac0108239bfa2c
CVE-2009-2902,"Various related (un)deploy improvements including:
 - better handling of failed (un)deployment
 - adding checking for valid zip file entries that don't make sense in a WAR file
 - improved validation of WAR file names
 - make sure error messages match the action
 - the return from File.getCanonicalPath() may or may not return a final separator for directories

This fixes CVE-2009-2693, CVE-2009-2901 & CVE-2009-2902

git-svn-id: https://svn.apache.org/repos/asf/tomcat/trunk@892795 13f79535-47bb-0310-9956-ffa450edef68",https://svn.apache.org/repos/asf/tomcat/trunk@892795,contains links,https://github.com/apache/tomcat/commit/3e1010b;https://github.com/apache/tomcat55/commit/0299cb724ea71f304d54adfcdb950f59b01fb421
CVE-2018-8013,not found,,contains links,https://github.com/apache/xmlgraphics-batik/commit/f91125b26a6ca2b7a1195f1842360bed03629839;https://github.com/apache/xmlgraphics-batik/commit/c5e5734293920250f2876648ac93660afc1d2923
CVE-2021-41079,Improve robustness,,no links,https://github.com/apache/tomcat/commit/34115fb3c83f6cd97772232316a492a4cc5729e0
CVE-2020-13946,"Only allow strings to be passed to JMX authentication

 patch by Brandon Williams; reviewed by Mick Semb Wever for CASSANDRA-16077",,contains links,https://github.com/apache/cassandra/commit/63f4da90c3c51d230c535265786dbc7a33c1ace9
CVE-2017-7536,HV-1498 Fix privilege escalation when running under the security manager,,no links,https://github.com/hibernate/hibernate-validator/commit/0886e89900d343ea20fde5137c9a3086e6da9ac;https://github.com/hibernate/hibernate-validator/commit/0ed45f37c4680998167179e631113a2c9cb5d11
CVE-2017-2585,KEYCLOAK-4176,,no links,https://github.com/keycloak/keycloak/commit/426e55664f5240d29905d2127a50bee827cf9e17
CVE-2019-10158,not found,,no links,https://github.com/infinispan/infinispan/commit/f3efef8de7fec4108dd5ab725cea6ae09f14815d;https://github.com/infinispan/infinispan/commit/716664772d3673ca243bf841fe61c89cf12d8976;https://github.com/infinispan/infinispan/commit/7341da552a13cb9e8a44cd13c984d1f46310653e
CVE-2011-1419,"CVE-2011-1088
Complete the fix for this issue. The optimisation not to configure an authenticator of there were no security constraints meant that in that case @ServletSecurity annotations had no effect. The unit tests did not pick this up since they added an authenticator directly.
Add an explicit unit test for this scenario.


git-svn-id: https://svn.apache.org/repos/asf/tomcat/trunk@1079752 13f79535-47bb-0310-9956-ffa450edef68",https://svn.apache.org/repos/asf/tomcat/trunk@1079752,contains links,https://github.com/apache/tomcat/commit/0ff4905
CVE-2018-1324,COMPRESS-432 make sure code doesn't get stuck in infinite loop,,no links,https://github.com/apache/commons-compress/commit/2a2f1dc48e22a34ddb72321a4db211da91aa933b
CVE-2017-12160,KEYCLOAK-5280,,no links,https://github.com/keycloak/keycloak/commit/96fe4608066d533cc1ff69f23339a710a60e892d
CVE-2021-27582,"Fix Spring Autobinding vulnerability

1. Make authorizationRequest no longer affected by http request parameters due to @ModelAttribute. See http://agrrrdog.blogspot.com/2017/03/autobinding-vulns-and-spring-mvc.html",http://agrrrdog.blogspot.com/2017/03/autobinding-vulns-and-spring-mvc.html,contains links,https://github.com/mitreid-connect/OpenID-Connect-Java-Spring-Server/commit/7eba3c12fed82388f917e8dd9b73e86e3a311e4c
CVE-2020-11050,"API for SSLParameters

Enabled hostname validation by default",,no links,https://github.com/TooTallNate/Java-WebSocket/commit/2dbe2d3c4a3ba63a0132a256ccefbfceb69531c9
CVE-2021-40690,SANTUARIO-577 - Introduce a system property to control if file/http references are allowed from an unsigned context,,no links,https://github.com/apache/santuario-xml-security-java/commit/c6b7de127f6c17bc3f317f7caa3e9a62bff46527
CVE-2017-12159,KEYCLOAK-5234 (#4595),https://github.com/keycloak/keycloak/pull/4595,contains links,https://github.com/keycloak/keycloak/commit/e201f205d162d4d795d294fe065ca20f4005eef2;https://github.com/keycloak/keycloak/commit/9b75b603e3a5f5ba6deff13cbb45b070bf2d2239
CVE-2020-9491,"NIFI-7407 Replaced SSLContextFactory references to ""TLS"" with ""TLSv1.2"" (in shared constant).
Changed JettyServer default SSL initialization and updated unit test.
Removed SecurityStoreTypes (unused).
Added StringUtils inverted blank and empty checks.
Added TlsConfiguration container object.
Enhanced KeystoreType enum.
Added clean #createSSLContext() method to serve as base method for special cases/other method signatures.
Added utility methods in KeyStoreUtils.
Added generic TlsException for callers that cannot resolve TLS-specific exceptions.
Added utility methods for component object debugging.
Enforced TLS protocol version on cluster comms socket creation.
Added utility method for SSL server socket creation.
Refactored (Server)SocketConfigurationFactoryBean to store relevant NiFiProperties in TlsConfiguration instead of stateful SSLContextFactory (Cluster comms now enforce modern TLS protocol version).
Removed duplicate SSLContextFactory.
Switched duplicate SslContextFactory to wrap shared SSLContextFactory.
Refactored SslContextFactoryTest for clarity (will move any unique tests to nifi-security-utils class test).
Added further validation & boundary checking in uses of TlsConfiguration.
Provided SSLSocketFactory accessor in SslContextFactory.
Refactored OkHttpReplicationClient tuple method.
Refactored OcspCertificateValidator TLS logic.
Added utility method to apply TLS configs to OkHttpClientBuilder.
Removed references to duplicate SslContextFactory.
Removed unnecessary SslContextFactory.
Moved OkHttpClientUtils to nifi-web-util module.
Updated module dependencies.
Removed now empty nifi-security module.
Enforced TLS protocol selection on LB server socket.
Enforced TLS protocol selection on S2S server socket.
Applied specified TLS protocol versions to S2S socket creation.
Completed removal of legacy SSLContext creation methods from only remaining SslContextFactory.
Replaced references to creation methods throughout codebase.
Replaced references to unnecessary NiFiProperties file reads throughout tests.
Removed duplicate ClientAuth enum from SSLContextService and changed all references to SslContextFactory.ClientAuth.
Suppressed repeated TLS exceptions in cluster, S2S, and load balance socket listeners.
Cleaned up legacy code.
Added external timing check to timing test assertion.
Made RestrictedSSLContextService TLS protocol versions allowable values explicit.
Enabled TLSv1.3 on Java 11.
Added explanations of TLS protocol versions in StandardSSLContextService and StandardRestrictedSSLContextService.
Resolved additional Java 11 test failures for NiFi internal classes that don't support TLSv1.3. Filed NIFI-7468 as follow on task.

This closes #4263.

Signed-off-by: Nathan Gough <thenatog@gmail.com>
Signed-off-by: Mark Payne <markap14@hotmail.com>",https://github.com/apache/nifi/pull/4263,contains links,https://github.com/apache/nifi/commit/441781cec50f77d9f1e65093f55bbd614b8c5ec6
CVE-2020-11989,"The context path is no longer used when determining the path application path

Servlet-Path + Path-Info is used instead

NOTE: some servlet containers will decode the context-path (Tomcat) and others will not (Jetty).  Per the Servlet spect the servlet-path and path-info are always decoded.
Shiro only makes decisions based on the application path, I.e. the request URI with the context-path removed, so we can just avoid dealing with it all together.

`WebUtils.getRequestURI()` has been deprecated to reflect this, and the previous behavior restored (as there was an issue with double decoding the URL in SHIRO-753)

Fixes: SHIRO-753",,contains links,https://github.com/apache/shiro/commit/b90f91875e5e18c4805013c2fa0567b1700f5a96
CVE-2016-3081,Cleans up method name,,no links,https://github.com/apache/struts/commit/b4d54b6d0caa6aaf453a56b3613aebad8acd3229;https://github.com/apache/struts/commit/f238cf4f1091be19fbcfd086b042c86a1bcaa7fc
CVE-2015-1832,"DERBY-6807: XXE attack possible by using XmlVTI and the XML datatype

This change enhances the DocumentBuilderFactory which is used by the
XmlVTI for parsing XML documents. The XmlVTI now automatically disables
external entity expansion and enables FEATURE_SECURE_PROCESSING.



git-svn-id: https://svn.apache.org/repos/asf/db/derby/code/trunk@1690855 13f79535-47bb-0310-9956-ffa450edef68",https://svn.apache.org/repos/asf/db/derby/code/trunk@1690855,contains links,https://github.com/apache/derby/commit/7643f9651406e12c9563a92b3dd258505e6c7144
CVE-2017-1000209,"Verify that certificate is valid for server hostname

Without this change, the WebSocket library will accept
a trusted certificate issued for domain A when connecting
to domain B. This could be exploited for Man-in-the-middle
attacks.

The underlying issue is that Java considers hostname
verification to be a part of HTTPS and as such, will
not perform it by default.

This change adds the default HostnameVerifier used
by Android, which in recent versions is derived from
OkHttp. Minor changes were made to make it build for
Java 1.6.

Tested with and without a proxy configured.",,no links,https://github.com/TakahikoKawasaki/nv-websocket-client/commit/feb9c8302757fd279f4cfc99cbcdfb6ee709402d;https://github.com/TakahikoKawasaki/nv-websocket-client/commit/fb23d30966b8abba920fa90b49201192c66f56bf
CVE-2013-4152,"Add processExternalEntities support to OXM

Update OXM AbstractMarshaller to support processing of external
XML entities. By default external entities will not be processed.

Issue: SPR-11376",,no links,https://github.com/poutsma/spring-framework/commit/edba32b3093703d5e9ed42b5b8ec23ecc1998398
CVE-2017-2646,KEYCLOAK-4552,,no links,https://github.com/keycloak/keycloak/commit/42954e84d99417b8dd5b97181398e2a4cd68bf5d
CVE-2021-20289,"[RESTEASY-2843] Do not add the target type to the thrown exception. Instead log it as a debug message. (#2747)

https://issues.redhat.com/browse/RESTEASY-2843",https://github.com/resteasy/resteasy/pull/2747; https://issues.redhat.com/browse/RESTEASY-2843,contains links,https://github.com/resteasy/Resteasy/commit/92950dd5efa5f853e5edd6b9980cc3094101f3a4
CVE-2018-11786,[KARAF-5427] Add RBAC support for reflection invocation and redirections in the console,,contains links,https://github.com/apache/karaf/commit/103f33105a58c899706a0687bb334678e2fa1ee7;https://github.com/apache/karaf/commit/24fb477ea886e8f294dedbad98d2a2c4cb2a44f9
CVE-2016-1181,Fixed CVE-2016-1181 and CVE-2016-1182,,contains links,https://github.com/kawasima/struts1-forever/commit/eda3a79907ed8fcb0387a0496d0cb14332f250e8
CVE-2021-31404,"fix: use time-constant comparison for CSRF tokens (#9875)

This hardens the framework against a theoretical timing attack based on
comparing how quickly a request with an invalid CSRF token is rejected.",https://github.com/vaadin/flow/pull/9875,contains links,https://github.com/vaadin/flow/commit/a7ff6932a5722beebdbf3401576b74ddd340784a
CVE-2018-11087,"AMQP-830 Enable Hostname Verification

JIRA: https://jira.spring.io/browse/AMQP-830

* Fix typos and non-relevant sentences",https://jira.spring.io/browse/AMQP-830,contains links,https://github.com/spring-projects/spring-amqp/commit/d64e7fa3993dac577c0973e0caf8c31d27ef5e4;https://github.com/spring-projects/spring-amqp/commit/444b74e95bb299af5e23ebf006fbb45d574fb95
CVE-2015-2351,Fixed some XSS issues.,,no links,https://github.com/alkacon/opencms-core/commit/a2e5cba0adc345943a07d1aacb6adf1a1b20c6fc
CVE-2020-1945,provide a magic property that overrides temp directory,,no links,https://github.com/apache/ant/commit/9c1f4d905da59bf446570ac28df5b68a37281f35
CVE-2020-8929,"Fixing ciphertext malleability issue in Java caused by storing the ciphertext prefix in a hashmap keyed by UTF8 encoded strings, instead of byte arrays, leading to the ability to retrieve keys with IDs that happen to be invalid Unicode strings with a changed ID.

PiperOrigin-RevId: 336763863",,no links,https://github.com/google/tink/commit/93d839a5865b9d950dffdc9d0bc99b71280a8899
CVE-2016-3087,Drops defining location via request,,no links,https://github.com/apache/struts/commit/6bd694b7980494c12d49ca1bf39f12aec3e03e2f;https://github.com/apache/struts/commit/98d2692e434fe7f4d445ade24fe2c9860de1c13f
CVE-2022-0239,not found,,no links,https://github.com/stanfordnlp/corenlp/commit/1940ffb938dc4f3f5bc5f2a2fd8b35aabbbae3dd
CVE-2018-20433,not found,,no links,https://github.com/zhutougg/c3p0/commit/2eb0ea97f745740b18dd45e4a909112d4685f87b;https://github.com/swaldman/c3p0/commit/7dfdda63f42759a5ec9b63d725b7412f74adb3e1
CVE-2018-1320,"THRIFT-4506: fix use of assert for correctness in Java SASL negotiation
Client: java",,no links,https://github.com/apache/thrift/commit/d973409661f820d80d72c0034d06a12348c8705e
CVE-2015-1427,[TEST] make sandbox settings explicit in Tests,,no links,https://github.com/elastic/elasticsearch/commit/764fda6420a0aa10db4abef15429b5e77b9be8bf;https://github.com/elastic/elasticsearch/commit/68c4a6201e6c889b272c1b64550237fe6d172b47;https://github.com/elastic/elasticsearch/commit/69735b0f4ab9ad7df4b82e8c917589b52cb9978c
CVE-2018-1000616,"[OS] Fix for XXE in netconf drivers xml utils

Change-Id: Ie38901decb59712c7cf6c717f42bbb746c1e1921",,no links,https://github.com/opennetworkinglab/onos/commit/af1fa39a53c0016e92c1de246807879c16f507d6
CVE-2016-4468,"Enable processing of the sorting parameter
[#121682941]",,no links,https://github.com/cloudfoundry/uaa/commit/215bd349a63edfef15a1aa07a3969c8991e34570;https://github.com/cloudfoundry/uaa/commit/b384a650a122e42d75e8cbb5624d0274a65cd848;https://github.com/cloudfoundry/uaa/commit/6bf1c0ae1abc9aaba957708e0b2dfb6a70aab826
CVE-2021-39139,Switch to whitelist by default.,,no links,https://github.com/x-stream/xstream/commit/652d72f38b33938c54fd3b2ef626cb7dce38001c
CVE-2014-3529,not found,,contains links,https://github.com/apache/poi/commit/103b45073c7b504236588b3acc146530205af53c;https://github.com/apache/poi/commit/236c3c52a9b90688b2e57ec503559409e29f33ed;https://github.com/apache/poi/commit/d72bd78c19dfb7b57395a66ae8d9269d59a87bd2;https://github.com/apache/poi/commit/6050a68d5adfb4ffef1edb778add09bcee32d1c3;https://github.com/apache/poi/commit/eabb6a924be24abb879372d0bc967e0d316b2cf8
CVE-2013-2071,"Fix https://issues.apache.org/bugzilla/show_bug.cgi?id=54178
Protect against AsyncListeners that throw RuntimeExceptions (they should normally only throw IOExceptions).
Includes a test case.

git-svn-id: https://svn.apache.org/repos/asf/tomcat/trunk@1471371 13f79535-47bb-0310-9956-ffa450edef68",https://issues.apache.org/bugzilla/show_bug.cgi?id=54178; https://svn.apache.org/repos/asf/tomcat/trunk@1471371,contains links,https://github.com/apache/tomcat/commit/4171baf
CVE-2018-1284,"HIVE-18879: Disallow embedded element in UDFXPathUtil needs to work if xercesImpl.jar in classpath (Daniel Dai, reviewed by Thejas Nair)",,contains links,https://github.com/apache/hive/commit/f80a38ae1174553022deae4f8774918401d9756d
CVE-2011-3923,"Fixed a security issue (see [1] for further details)
[1] https://cwiki.apache.org/confluence/display/WW/S2-009



git-svn-id: https://svn.apache.org/repos/asf/struts/struts2/branches/STRUTS_2_3_X@1233422 13f79535-47bb-0310-9956-ffa450edef68",https://cwiki.apache.org/confluence/display/WW/S2-009; https://svn.apache.org/repos/asf/struts/struts2/branches/STRUTS_2_3_X@1233422,contains links,https://github.com/apache/struts/commit/2c1eb6bb57f90db7287fc3ed0086793d0a43fe9e
