CVE_ID,PATCH,repository,owner,repo,commit_sha,commit_time,stars_count_at_commit,forks_count_at_commit,closed_prs_count_at_commit,closed_issues_count_at_commit,commits_count_at_commit,contributors_count_at_commit,metric_status,metric_error,stars_status,forks_status,closed_prs_status,closed_issues_status,commits_status,contributors_status,batch_source_file
CVE-2013-4600,https://github.com/alkacon/opencms-core/commit/72a05e3ea1cf692e2efce002687272e63f98c14a,alkacon/opencms-core,alkacon,opencms-core,72a05e3ea1cf692e2efce002687272e63f98c14a,2013-06-20T13:32:02Z,72.0,42.0,38.0,93.0,17272.0,57.0,ok,,,,,,,,runtime_results
CVE-2018-3831,https://github.com/elastic/elasticsearch/commit/cfe3d9f611a328cfffc18b445b3aecb016349514,elastic/elasticsearch,elastic,elasticsearch,cfe3d9f611a328cfffc18b445b3aecb016349514,2018-08-29T20:31:56Z,30889.0,9409.0,15851.0,15736.0,41165.0,1203.0,ok,,,,,,,,runtime_results
CVE-2013-4310,https://github.com/apache/struts/commit/0c8366cb792227d484b9ca13e537037dd0cb57dc,apache/struts,apache,struts,0c8366cb792227d484b9ca13e537037dd0cb57dc,2013-10-15T18:20:43Z,0.0,0.0,0.0,0.0,3413.0,32.0,ok,,,,,,,,runtime_results
CVE-2018-1000615,https://github.com/opennetworkinglab/onos/commit/1a783729a1d7e0cd59d59a8dd3a73cdd6ac0f30d,opennetworkinglab/onos,opennetworkinglab,onos,1a783729a1d7e0cd59d59a8dd3a73cdd6ac0f30d,2018-06-27T21:07:37Z,447.0,332.0,24.0,0.0,12817.0,363.0,ok,,,,,,,,runtime_results
CVE-2022-23596,https://github.com/junrar/junrar/commit/7b16b3d90b91445fd6af0adfed22c07413d4fab7,junrar/junrar,junrar,junrar,7b16b3d90b91445fd6af0adfed22c07413d4fab7,2022-01-27T04:08:38Z,181.0,52.0,43.0,27.0,264.0,23.0,ok,,,,,,,,runtime_results
CVE-2021-39154,https://github.com/x-stream/xstream/commit/652d72f38b33938c54fd3b2ef626cb7dce38001c,x-stream/xstream,x-stream,xstream,652d72f38b33938c54fd3b2ef626cb7dce38001c,2021-05-26T17:43:09Z,566.0,136.0,64.0,169.0,2809.0,34.0,ok,,,,,,,,runtime_results
CVE-2019-16943,https://github.com/FasterXML/jackson-databind/commit/54aa38d87dcffa5ccc23e64922e9536c82c1b9c8,FasterXML/jackson-databind,FasterXML,jackson-databind,54aa38d87dcffa5ccc23e64922e9536c82c1b9c8,2019-09-29T19:12:38Z,2086.0,737.0,401.0,1713.0,5627.0,189.0,ok,,,,,,,,runtime_results
CVE-2012-0838,https://github.com/apache/struts/commit/b4265d369dc29d57a9f2846a85b26598e83f3892;https://github.com/apache/struts/commit/5f54b8d087f5125d96838aafa5f64c2190e6885b,apache/struts,apache,struts,b4265d369dc29d57a9f2846a85b26598e83f3892,2011-08-12T08:38:39Z,0.0,0.0,0.0,0.0,2812.0,30.0,ok,,,,,,,,runtime_results
CVE-2020-26217,https://github.com/x-stream/xstream/commit/0fec095d534126931c99fd38e9c6d41f5c685c1a,x-stream/xstream,x-stream,xstream,0fec095d534126931c99fd38e9c6d41f5c685c1a,2020-09-23T23:57:18Z,496.0,118.0,58.0,138.0,2740.0,30.0,ok,,,,,,,,runtime_results
CVE-2020-24301,https://github.com/jamesagnew/hapi-fhir/commit/adb3734fcbbf9a9165445e9ee5eef168dbcaedaf,jamesagnew/hapi-fhir,jamesagnew,hapi-fhir,adb3734fcbbf9a9165445e9ee5eef168dbcaedaf,2020-08-08T20:06:44Z,0.0,0.0,0.0,0.0,6794.0,162.0,ok,,,,,,,,runtime_results
CVE-2021-37714,https://github.com/jhy/jsoup/commit/d2c455c94a3aaaca29d8cec6bd53ee9824622b51,jhy/jsoup,jhy,jsoup,d2c455c94a3aaaca29d8cec6bd53ee9824622b51,2021-08-15T02:31:12Z,8521.0,1743.0,356.0,1109.0,1534.0,106.0,ok,,,,,,,,runtime_results
CVE-2019-3888,https://github.com/undertow-io/undertow/commit/20cacc96c0594f4f4f9bb1cc2b93a77b6be3f74c;https://github.com/undertow-io/undertow/commit/9bf05b765e222dd106fee9b46314061b18b7275e,undertow-io/undertow,undertow-io,undertow,20cacc96c0594f4f4f9bb1cc2b93a77b6be3f74c,2019-03-28T12:15:59Z,2164.0,583.0,715.0,0.0,4508.0,156.0,ok,,,,,,,,runtime_results
CVE-2021-44832,https://github.com/apache/logging-log4j2/commit/05db5f9527254632b59aed2a1d78a32c5ab74f16,apache/logging-log4j2,apache,logging-log4j2,05db5f9527254632b59aed2a1d78a32c5ab74f16,2021-12-27T17:42:26Z,2357.0,1071.0,608.0,0.0,11437.0,148.0,ok,,,,,,,,runtime_results
CVE-2019-17569,https://github.com/apache/tomcat/commit/b191a0d,apache/tomcat,apache,tomcat,b191a0d,2020-02-04T14:47:19Z,3866.0,2433.0,223.0,0.0,21792.0,60.0,ok,,,,,,,,runtime_results
CVE-2020-9492,https://github.com/apache/hadoop/commit/28715b584ab25dedc600cc2d5d22866865026bf7,apache/hadoop,apache,hadoop,28715b584ab25dedc600cc2d5d22866865026bf7,2020-05-02T13:03:53Z,9665.0,5577.0,1677.0,0.0,23788.0,432.0,ok,,,,,,,,runtime_results
CVE-2017-12626,https://github.com/apache/poi/commit/cd6236c74b55763a27e3e9b5f269c28bc9c98419;https://github.com/apache/poi/commit/c7db66a30dfb6cbbd5812ff3ae4c90ed2d9b9a27;https://github.com/apache/poi/commit/a07ed9e86474da98f204efadfd5b9327009a0d21;https://github.com/apache/poi/commit/df3910135fd9c442b4e746e4b156362fd2e8d755,apache/poi,apache,poi,cd6236c74b55763a27e3e9b5f269c28bc9c98419,2017-05-02T23:32:13Z,257.0,162.0,39.0,0.0,8605.0,38.0,ok,,,,,,,,runtime_results
CVE-2020-36282,https://github.com/rabbitmq/rabbitmq-jms-client/commit/f647e5dbfe055a2ca8cbb16dd70f9d50d888b638,rabbitmq/rabbitmq-jms-client,rabbitmq,rabbitmq-jms-client,f647e5dbfe055a2ca8cbb16dd70f9d50d888b638,2020-11-02T10:39:24Z,36.0,31.0,71.0,58.0,1197.0,23.0,ok,,,,,,,,runtime_results
CVE-2014-0050,https://github.com/apache/commons-fileupload/commit/c61ff05b3241cb14d989b67209e57aa71540417a;https://github.com/apache/commons-fileupload/commit/60c71bb5ddb709808e1a855e8299b5f5ad617aa5,apache/commons-fileupload,apache,commons-fileupload,c61ff05b3241cb14d989b67209e57aa71540417a,2014-02-06T10:14:24Z,5.0,4.0,0.0,0.0,764.0,31.0,ok,,,,,,,,runtime_results
CVE-2021-25329,https://github.com/apache/tomcat/commit/6d66e99ef85da93e4d2c2a536ca51aa3418bfaf4,apache/tomcat,apache,tomcat,6d66e99ef85da93e4d2c2a536ca51aa3418bfaf4,2021-01-20T13:28:57Z,4800,3102,376,0,22843,88,ok,,ok,ok,ok,ok,ok,ok,runtime_results
CVE-2017-15693,https://github.com/apache/geode/commit/a2bd5788d0b0728d91d551ddaac878b336d7892a,apache/geode,apache,geode,a2bd5788d0b0728d91d551ddaac878b336d7892a,2017-11-30T22:25:48Z,1028,331,1085,0,4794,112,ok,,ok,ok,ok,ok,ok,ok,runtime_results
CVE-2020-11996,https://github.com/apache/tomcat/commit/9a0231683a77e2957cea0fdee88b193b30b0c976,apache/tomcat,apache,tomcat,9a0231683a77e2957cea0fdee88b193b30b0c976,2020-05-22T10:40:44Z,4172,2657,275,0,22187,71,ok,,ok,ok,ok,ok,ok,ok,runtime_results
CVE-2018-1339,https://github.com/apache/tika/commit/ffb48dd29d0c2009490caefda75e5b57c7958c51,apache/tika,apache,tika,ffb48dd29d0c2009490caefda75e5b57c7958c51,2018-04-16T19:37:25Z,565,290,210,0,4146,88,ok,,ok,ok,ok,ok,ok,ok,runtime_results
CVE-2017-12196,https://github.com/undertow-io/undertow/commit/facb33a5cedaf4b7b96d3840a08210370a806870;https://github.com/undertow-io/undertow/commit/8804170ce3186bdd83b486959399ec7ac0f59d0f,undertow-io/undertow,undertow-io,undertow,facb33a5cedaf4b7b96d3840a08210370a806870,2018-03-15T21:37:03Z,1719,460,607,0,4215,125,ok,,ok,ok,ok,ok,ok,ok,runtime_results
CVE-2017-15696,https://github.com/apache/geode/commit/37a897027074d4f160a5f96cd171ac384fa1b6df,apache/geode,apache,geode,37a897027074d4f160a5f96cd171ac384fa1b6df,2017-11-21T15:59:38Z,1022,328,1059,0,4762,111,ok,,ok,ok,ok,ok,ok,ok,runtime_results
CVE-2020-25711,https://github.com/infinispan/infinispan/commit/37ddb6daa47e92047556e96339e16e154bf1d81e,infinispan/infinispan,infinispan,infinispan,37ddb6daa47e92047556e96339e16e154bf1d81e,2020-11-27T13:12:26Z,791,447,8805,0,13581,196,ok,,ok,ok,ok,ok,ok,ok,runtime_results
CVE-2016-1182,https://github.com/kawasima/struts1-forever/commit/eda3a79907ed8fcb0387a0496d0cb14332f250e8,kawasima/struts1-forever,kawasima,struts1-forever,eda3a79907ed8fcb0387a0496d0cb14332f250e8,2016-06-08T02:38:30Z,6,0,0,0,4255,25,ok,,ok,ok,ok,ok,ok,ok,runtime_results
CVE-2012-4386,https://github.com/apache/struts/commit/a1ca307981b0930d1687ed89f0b7305af79da0f3;https://github.com/apache/struts/commit/1081c52be93abfd2f33ba8453c676e3edcedec8b,apache/struts,apache,struts,a1ca307981b0930d1687ed89f0b7305af79da0f3,2012-08-03T08:03:12Z,0,0,0,0,3004,30,ok,,ok,ok,ok,ok,ok,ok,runtime_results
CVE-2013-4322,https://github.com/apache/tomcat/commit/85db6e85d8365d312fcb51d8558f83ae91d47893;https://github.com/apache/tomcat/commit/d6a9898;https://github.com/apache/tomcat/commit/b8cb9f5;https://github.com/apache/tomcat80/commit/c806b2fc6b04ca4e928b3467d94f30f20c820d9d,apache/tomcat,apache,tomcat,85db6e85d8365d312fcb51d8558f83ae91d47893,2013-09-11T13:44:21Z,81,44,0,0,11088,23,ok,,ok,ok,ok,ok,ok,ok,runtime_results
CVE-2017-15713,https://github.com/apache/hadoop/commit/feb886f2093ea5da0cd09c69bd1360a335335c86,apache/hadoop,apache,hadoop,feb886f2093ea5da0cd09c69bd1360a335335c86,2017-11-09T23:26:37Z,3776,2818,161,0,17270,201,ok,,ok,ok,ok,ok,ok,ok,runtime_results
CVE-2019-17572,https://github.com/apache/rocketmq/commit/f8f6fbe4aa7f5dee937e688322628c366b12a552,apache/rocketmq,apache,rocketmq,f8f6fbe4aa7f5dee937e688322628c366b12a552,2019-12-12T03:39:33Z,9084,4246,846,496,5721,240,ok,,ok,ok,ok,ok,ok,ok,runtime_results
CVE-2016-2510,https://github.com/beanshell/beanshell/commit/1ccc66bb693d4e46a34a904db8eeff07808d2ced,beanshell/beanshell,beanshell,beanshell,1ccc66bb693d4e46a34a904db8eeff07808d2ced,2016-02-01T13:44:12Z,11,3,4,0,269,3,ok,,ok,ok,ok,ok,ok,ok,runtime_results
CVE-2016-4977,https://github.com/spring-projects/spring-security-oauth/commit/fff77d3fea477b566bcacfbfc95f85821a2bdc2d,spring-projects/spring-security-oauth,spring-projects,spring-security-oauth,fff77d3fea477b566bcacfbfc95f85821a2bdc2d,2016-03-12T10:07:07Z,1109,1181,,,1068,80,partial_error,GitHub API error 422 for https://api.github.com/search/issues?q=repo%3Aspring-projects/spring-security-oauth%20is%3Apr%20is%3Aclosed%20closed%3A%3C%3D2016-03-12T10%3A07%3A07Z&per_page=1: Validation Failed (https://docs.github.com/v3/search/); GitHub API error 422 for https://api.github.com/search/issues?q=repo%3Aspring-projects/spring-security-oauth%20is%3Aissue%20is%3Aclosed%20closed%3A%3C%3D2016-03-12T10%3A07%3A07Z&per_page=1: Validation Failed (https://docs.github.com/v3/search/),ok,ok,non_retryable_error,non_retryable_error,ok,ok,runtime_results
CVE-2011-2481,https://github.com/apache/tomcat/commit/3ab7d6be13fd59b872bb5c3745ca06035e15ba3f;https://github.com/apache/tomcat/commit/3bbcc309a04bd2e2ef4730c86c501afd1947fbc1;https://github.com/apache/tomcat/commit/8fa210147ffd98e8971cba56395726cc4a893ad7,apache/tomcat,apache,tomcat,3ab7d6be13fd59b872bb5c3745ca06035e15ba3f,2011-06-23T09:26:10Z,0,0,0,0,6585,20,ok,,ok,ok,ok,ok,ok,ok,runtime_results
CVE-2021-20218,https://github.com/fabric8io/kubernetes-client/commit/857c8733a89d59ca34c268a00aa4708bb2566a35,fabric8io/kubernetes-client,fabric8io,kubernetes-client,857c8733a89d59ca34c268a00aa4708bb2566a35,2021-02-04T11:54:18Z,1611,765,1531,1092,3535,227,ok,,ok,ok,ok,ok,ok,ok,runtime_results
CVE-2021-22569,https://github.com/protocolbuffers/protobuf/commit/9638a5e5315bf73f5e7148c16181676372321892,protocolbuffers/protobuf,protocolbuffers,protobuf,9638a5e5315bf73f5e7148c16181676372321892,2022-01-05T18:05:11Z,,12381,4380,3821,10918,917,partial_error,"GitHub API error 422 for https://api.github.com/repos/protocolbuffers/protobuf/stargazers?per_page=100&page=401: In order to keep the API fast for everyone, pagination is limited for this resource. (https://docs.github.com/v3/#pagination)",non_retryable_error,ok,ok,ok,ok,ok,runtime_results
CVE-2017-3589,https://github.com/mysql/mysql-connector-j/commit/44631dd316e3da818fb593f02dbbe30308a937e0,mysql/mysql-connector-j,mysql,mysql-connector-j,44631dd316e3da818fb593f02dbbe30308a937e0,2017-04-04T21:11:19Z,107,82,16,0,2370,27,ok,,ok,ok,ok,ok,ok,ok,runtime_results
CVE-2011-5064,https://github.com/apache/tomcat55/commit/644dfdf96cf82fcd2a2046d93f2b5495f7e94584,apache/tomcat55,apache,tomcat55,644dfdf96cf82fcd2a2046d93f2b5495f7e94584,2011-08-18T16:49:39Z,0,0,0,0,653,11,ok,,ok,ok,ok,ok,ok,ok,runtime_results
CVE-2020-7226,https://github.com/vt-middleware/cryptacular/commit/311baf12252abf21947afd07bf0a0291ec3ec796,vt-middleware/cryptacular,vt-middleware,cryptacular,311baf12252abf21947afd07bf0a0291ec3ec796,2020-01-29T21:59:00Z,23,3,20,24,202,5,ok,,ok,ok,ok,ok,ok,ok,runtime_results
CVE-2016-5001,https://github.com/apache/hadoop/commit/04b8a19f81ee616c315eec639642439b3a18ad9c,apache/hadoop,apache,hadoop,04b8a19f81ee616c315eec639642439b3a18ad9c,2016-01-08T18:26:05Z,1182,1073,26,0,12654,131,ok,,ok,ok,ok,ok,ok,ok,runtime_results
CVE-2016-0793,https://github.com/wildfly/wildfly/commit/dcfaf3acd6bcdd1ec322bad971ddbcc94261c58b,wildfly/wildfly,wildfly,wildfly,dcfaf3acd6bcdd1ec322bad971ddbcc94261c58b,2016-01-04T01:00:36Z,1299,1072,8441,0,19735,333,ok,,ok,ok,ok,ok,ok,ok,runtime_results
CVE-2021-44878,https://github.com/pac4j/pac4j/commit/22b82ffd702a132d9f09da60362fc6264fc281ae,pac4j/pac4j,pac4j,pac4j,22b82ffd702a132d9f09da60362fc6264fc281ae,2021-12-06T08:09:36Z,2023,546,1476,0,3368,183,ok,,ok,ok,ok,ok,ok,ok,runtime_results
CVE-2014-4172,https://github.com/apereo/java-cas-client/commit/ae37092100c8eaec610dab6d83e5e05a8ee58814;https://github.com/apereo/java-cas-client/commit/9de2be91a2ed4f013900cb1facd4036c2f34d051,apereo/java-cas-client,apereo,java-cas-client,ae37092100c8eaec610dab6d83e5e05a8ee58814,2014-06-24T22:44:45Z,49,43,61,0,444,18,ok,,ok,ok,ok,ok,ok,ok,runtime_results
CVE-2019-12399,https://github.com/apache/kafka/commit/b85707c0fdb4c11448cdb5a1938e0488ddc91102,apache/kafka,apache,kafka,b85707c0fdb4c11448cdb5a1938e0488ddc91102,2019-08-13T14:40:56Z,12309,5896,6557,0,6486,697,ok,,ok,ok,ok,ok,ok,ok,runtime_results
CVE-2011-4461,https://github.com/eclipse/jetty.project/commit/d0b81a185c260ffceecb9d7470b3ddfbfeda4c11,eclipse/jetty.project,eclipse,jetty.project,d0b81a185c260ffceecb9d7470b3ddfbfeda4c11,2012-01-11T00:51:04Z,74,2,,,3203,14,partial_error,GitHub API error 422 for https://api.github.com/search/issues?q=repo%3Aeclipse/jetty.project%20is%3Apr%20is%3Aclosed%20closed%3A%3C%3D2012-01-11T00%3A51%3A04Z&per_page=1: Validation Failed (https://docs.github.com/v3/search/); GitHub API error 422 for https://api.github.com/search/issues?q=repo%3Aeclipse/jetty.project%20is%3Aissue%20is%3Aclosed%20closed%3A%3C%3D2012-01-11T00%3A51%3A04Z&per_page=1: Validation Failed (https://docs.github.com/v3/search/),ok,ok,non_retryable_error,non_retryable_error,ok,ok,runtime_results
CVE-2018-1000822,https://github.com/codelibs/fess/commit/4e0d9f5faaf4ec75dbe89f5ff97ece0f03b097a8;https://github.com/codelibs/fess/commit/faa265b,codelibs/fess,codelibs,fess,4e0d9f5faaf4ec75dbe89f5ff97ece0f03b097a8,2018-09-29T13:09:48Z,297,60,212,1377,2997,35,ok,,ok,ok,ok,ok,ok,ok,runtime_results
CVE-2021-29451,https://github.com/ManyDesigns/Portofino/commit/8c754a0ad234555e813dcbf9e57d637f9f23d8fb,ManyDesigns/Portofino,ManyDesigns,Portofino,8c754a0ad234555e813dcbf9e57d637f9f23d8fb,2021-04-01T16:16:16Z,145,35,71,294,3776,20,ok,,ok,ok,ok,ok,ok,ok,runtime_results
CVE-2021-27906,https://github.com/apache/pdfbox/commit/c978d742bd64137aacdba346f3afe7238a5ac9a7,apache/pdfbox,apache,pdfbox,c978d742bd64137aacdba346f3afe7238a5ac9a7,2021-03-13T12:45:11Z,1310,497,90,0,9792,18,ok,,ok,ok,ok,ok,ok,ok,runtime_results
CVE-2017-15695,https://github.com/apache/geode/commit/aa469239860778eb46e09dd7b390aee08f152480;https://github.com/apache/geode/commit/00be4f9774e1adf8e7ccc2664da8005fc30bb11d;https://github.com/apache/geode/commit/954ccb545d24a9c9a35cbd84023a4d7e07032de0;https://github.com/apache/geode/commit/6df14c8b1e3c644f9f810149e80bba0c2f073dab,apache/geode,apache,geode,aa469239860778eb46e09dd7b390aee08f152480,2018-02-07T21:42:30Z,1072,346,1382,0,5122,117,ok,,ok,ok,ok,ok,ok,ok,runtime_results
CVE-2013-4316,https://github.com/apache/struts/commit/58947c3f85ae641c1a476316a2888e53605948d1,apache/struts,apache,struts,58947c3f85ae641c1a476316a2888e53605948d1,2013-09-18T05:50:13Z,0,0,0,0,3406,32,ok,,ok,ok,ok,ok,ok,ok,runtime_results
CVE-2021-43797,https://github.com/netty/netty/commit/07aa6b5938a8b6ed7a6586e066400e2643897323,netty/netty,netty,netty,07aa6b5938a8b6ed7a6586e066400e2643897323,2021-12-09T13:49:43Z,26986,12286,6126,5188,11326,639,ok,,ok,ok,ok,ok,ok,ok,runtime_results
CVE-2020-17516,https://github.com/apache/cassandra/commit/c2f24d2c45aae6030310d881dcd96ba60d04a2ad,apache/cassandra,apache,cassandra,c2f24d2c45aae6030310d881dcd96ba60d04a2ad,2021-01-29T10:50:20Z,6096,2427,525,0,25970,439,ok,,ok,ok,ok,ok,ok,ok,runtime_results
CVE-2019-0201,https://github.com/emperwang/zookeeper/commit/af741cb319d4760cfab1cd3b560635adacd8deca,emperwang/zookeeper,emperwang,zookeeper,af741cb319d4760cfab1cd3b560635adacd8deca,2019-02-06T11:36:37Z,0,0,,,1805,111,partial_error,GitHub API error 422 for https://api.github.com/search/issues?q=repo%3Aemperwang/zookeeper%20is%3Apr%20is%3Aclosed%20closed%3A%3C%3D2019-02-06T11%3A36%3A37Z&per_page=1: Validation Failed (https://docs.github.com/v3/search/); GitHub API error 422 for https://api.github.com/search/issues?q=repo%3Aemperwang/zookeeper%20is%3Aissue%20is%3Aclosed%20closed%3A%3C%3D2019-02-06T11%3A36%3A37Z&per_page=1: Validation Failed (https://docs.github.com/v3/search/),ok,ok,non_retryable_error,non_retryable_error,ok,ok,runtime_results
CVE-2019-3802,https://github.com/spring-projects/spring-data-jpa/commit/33027dc370f418981f41f8fdfebc7173155960a1,spring-projects/spring-data-jpa,spring-projects,spring-data-jpa,33027dc370f418981f41f8fdfebc7173155960a1,2019-05-13T09:57:55Z,1371,694,339,941,1219,59,ok,,ok,ok,ok,ok,ok,ok,runtime_results
CVE-2016-1000339,https://github.com/bcgit/bc-java/commit/413b42f4d770456508585c830cfcde95f9b0e93b;https://github.com/bcgit/bc-java/commit/8a73f08931450c17c749af067b6a8185abdfd2c0,bcgit/bc-java,bcgit,bc-java,413b42f4d770456508585c830cfcde95f9b0e93b,2016-10-31T22:51:30Z,321,156,101,40,2850,34,ok,,ok,ok,ok,ok,ok,ok,runtime_results
CVE-2011-0013,https://github.com/apache/tomcat/commit/c8a9a43183e061f09eb5cf7cd5443cecd8699462;https://github.com/apache/tomcat/commit/1930114c4122f2b6f45d6b92e7790288b17e2ad2,apache/tomcat,apache,tomcat,c8a9a43183e061f09eb5cf7cd5443cecd8699462,2011-01-10T16:58:10Z,0,0,0,0,5665,20,ok,,ok,ok,ok,ok,ok,ok,runtime_results
CVE-2011-1498,https://github.com/apache/httpcomponents-client/commit/a572756592c969affd0ce87885724e74839176fb,apache/httpcomponents-client,apache,httpcomponents-client,a572756592c969affd0ce87885724e74839176fb,2011-02-25T11:19:23Z,22,0,0,0,1359,9,ok,,ok,ok,ok,ok,ok,ok,runtime_results
CVE-2020-10686,https://github.com/keycloak/keycloak/commit/5ddd605ee96b8551c7eb00b609a0b97939925b77,keycloak/keycloak,keycloak,keycloak,5ddd605ee96b8551c7eb00b609a0b97939925b77,2020-03-24T04:32:41Z,5187,2128,6865,0,14523,593,ok,,ok,ok,ok,ok,ok,ok,runtime_results
CVE-2018-9116,https://github.com/tomakehurst/wiremock/commit/4c6dfde82a5ee91c5f47bf353f5099d11692db39,tomakehurst/wiremock,tomakehurst,wiremock,4c6dfde82a5ee91c5f47bf353f5099d11692db39,2018-03-23T12:26:02Z,2058,573,,,1459,116,partial_error,GitHub API error 422 for https://api.github.com/search/issues?q=repo%3Atomakehurst/wiremock%20is%3Apr%20is%3Aclosed%20closed%3A%3C%3D2018-03-23T12%3A26%3A02Z&per_page=1: Validation Failed (https://docs.github.com/v3/search/); GitHub API error 422 for https://api.github.com/search/issues?q=repo%3Atomakehurst/wiremock%20is%3Aissue%20is%3Aclosed%20closed%3A%3C%3D2018-03-23T12%3A26%3A02Z&per_page=1: Validation Failed (https://docs.github.com/v3/search/),ok,ok,non_retryable_error,non_retryable_error,ok,ok,runtime_results
CVE-2013-4390,https://github.com/apache/sling/commit/6256d8bcbe9e99855ae2c78b8c8d0e80fa9b10b8,apache/sling,apache,sling,6256d8bcbe9e99855ae2c78b8c8d0e80fa9b10b8,,,,,,,,error,GitHub API error 422 for https://api.github.com/repos/apache/sling/commits/6256d8bcbe9e99855ae2c78b8c8d0e80fa9b10b8: No commit found for SHA: 6256d8bcbe9e99855ae2c78b8c8d0e80fa9b10b8 (https://docs.github.com/rest/commits/commits#get-a-commit),not_run,not_run,not_run,not_run,not_run,not_run,runtime_results
CVE-2020-1951,https://github.com/apache/tika/commit/750d7790c7d8ba766f2794fac79521d5870eadfb,apache/tika,apache,tika,750d7790c7d8ba766f2794fac79521d5870eadfb,2020-02-24T18:34:11Z,918,444,268,0,4672,106,ok,,ok,ok,ok,ok,ok,ok,runtime_results
CVE-2021-21343,https://github.com/x-stream/xstream/commit/d5e51177634afea7213b9dc2d21f101d2e258db9,x-stream/xstream,x-stream,xstream,d5e51177634afea7213b9dc2d21f101d2e258db9,2021-03-09T22:55:45Z,542,129,61,151,2768,31,ok,,ok,ok,ok,ok,ok,ok,runtime_results
CVE-2013-5823,https://github.com/apache/santuario-java/commit/55a48497dfbf3fe63a81e67c13160b3f41ebb1f3;https://github.com/apache/santuario-java/commit/f9a61f2df9473237aa71308c28113540b4063d33,apache/santuario-java,apache,santuario-java,55a48497dfbf3fe63a81e67c13160b3f41ebb1f3,2012-07-31T11:50:03Z,1,0,0,0,2152,16,ok,,ok,ok,ok,ok,ok,ok,runtime_results
CVE-2018-1000854,https://github.com/esigate/esigate/commit/30cad23a8f282600c9b045e1af09f6f8a65357b1;https://github.com/esigate/esigate/commit/8461193d2f358bcf1c3fabf82891a66786bfb540;https://github.com/esigate/esigate/commit/b866acb1ebc661dbe475330e27e0d69693de1971,esigate/esigate,esigate,esigate,30cad23a8f282600c9b045e1af09f6f8a65357b1,2018-10-17T11:07:31Z,20,18,122,57,1631,26,ok,,ok,ok,ok,ok,ok,ok,runtime_results
CVE-2016-8749,https://github.com/apache/camel/commit/d4102512147eca2af21c3b6ed63a67d852f4e66;https://github.com/apache/camel/commit/7567488f844f01d72840f7ab6ca18114a11f20d;https://github.com/apache/camel/commit/57d01e2fc8923263df896e9810329ee5b7f9b69,apache/camel,apache,camel,d4102512147eca2af21c3b6ed63a67d852f4e66,2016-12-09T10:15:09Z,996,1174,1325,0,26144,359,ok,,ok,ok,ok,ok,ok,ok,runtime_results
CVE-2014-3490,https://github.com/resteasy/Resteasy/commit/240da98bc6437a44b3b267cb6d0d8bac3691b2f7;https://github.com/ronsigal/Resteasy/commit/9b7d0f574cafdcf3bea5428f3145ab4908fc6d83,resteasy/Resteasy,resteasy,Resteasy,240da98bc6437a44b3b267cb6d0d8bac3691b2f7,2014-08-05T16:21:39Z,167,218,499,0,2458,85,ok,,ok,ok,ok,ok,ok,ok,runtime_results
CVE-2022-26336,https://github.com/apache/poi/commit/6622d9badb3590cb6190d912730548635a359dc0,apache/poi,apache,poi,6622d9badb3590cb6190d912730548635a359dc0,2022-02-19T11:28:50Z,1288,528,290,0,11751,44,ok,,ok,ok,ok,ok,ok,ok,runtime_results
CVE-2012-6612,https://github.com/apache/lucene-solr/commit/bffc5624eff8e2790fb8d29b48385efd063c79d9,apache/lucene-solr,apache,lucene-solr,bffc5624eff8e2790fb8d29b48385efd063c79d9,2012-09-27T10:12:48Z,0,0,0,0,15101,62,ok,,ok,ok,ok,ok,ok,ok,runtime_results
CVE-2017-12629,https://github.com/apache/lucene-solr/commit/d8000beebfb13ba0b6e754f84c760e11592d8d1,apache/lucene-solr,apache,lucene-solr,d8000beebfb13ba0b6e754f84c760e11592d8d1,2017-10-17T20:20:29Z,1052,775,121,0,28776,120,ok,,ok,ok,ok,ok,ok,ok,runtime_results
CVE-2020-5230,https://github.com/opencast/opencast/commit/bbb473f34ab95497d6c432c81285efb0c739f317,opencast/opencast,opencast,opencast,bbb473f34ab95497d6c432c81285efb0c739f317,2020-01-29T10:25:38Z,105,92,1262,28,12372,174,ok,,ok,ok,ok,ok,ok,ok,runtime_results
CVE-2014-3709,https://github.com/keycloak/keycloak/commit/bb132e1aa0b3b3a123883d0b8d0b788337df956d,keycloak/keycloak,keycloak,keycloak,bb132e1aa0b3b3a123883d0b8d0b788337df956d,2014-10-20T11:29:45Z,66,45,775,0,2296,31,ok,,ok,ok,ok,ok,ok,ok,runtime_results
CVE-2020-9486,https://github.com/apache/nifi/commit/148537d64a017b73160b0d49943183c18f883ab0,apache/nifi,apache,nifi,148537d64a017b73160b0d49943183c18f883ab0,2020-04-28T00:29:42Z,1903,1409,3960,0,5767,388,ok,,ok,ok,ok,ok,ok,ok,runtime_results
CVE-2017-5651,https://github.com/apache/tomcat/commit/9233d9d6a018be4415d4d7d6cb4fe01176adf1a8,apache/tomcat,apache,tomcat,9233d9d6a018be4415d4d7d6cb4fe01176adf1a8,2017-03-24T20:51:20Z,1151,811,40,0,18173,38,ok,,ok,ok,ok,ok,ok,ok,runtime_results
CVE-2016-2141,https://github.com/belaban/JGroups/commit/c3ad22234ef84d06d04d908b3c94c0d11df8afd;https://github.com/belaban/JGroups/commit/eeaf5241cce464ef21a2dfc4938729ade9ebef36;https://github.com/belaban/JGroups/commit/38a882331035ffed205d15a5c92b471fd09659c;https://github.com/belaban/JGroups/commit/fba182c14075789e1d2c976d50d9018c671ad0b,belaban/JGroups,belaban,JGroups,c3ad22234ef84d06d04d908b3c94c0d11df8afd,2016-06-15T05:13:23Z,391,206,305,0,17994,90,ok,,ok,ok,ok,ok,ok,ok,runtime_results
CVE-2017-9735,https://github.com/eclipse/jetty.project/commit/042f325f1cd6e7891d72c7e668f5947b5457dc02;https://github.com/eclipse/jetty.project/commit/f3751d70787fd8ab93932a51c60514c2eb37cb58;https://github.com/eclipse/jetty.project/commit/2baa1abe4b1c380a30deacca1ed367466a1a62ea,eclipse/jetty.project,eclipse,jetty.project,042f325f1cd6e7891d72c7e668f5947b5457dc02,2017-05-16T08:41:08Z,1210,681,,,14940,82,partial_error,GitHub API error 422 for https://api.github.com/search/issues?q=repo%3Aeclipse/jetty.project%20is%3Apr%20is%3Aclosed%20closed%3A%3C%3D2017-05-16T08%3A41%3A08Z&per_page=1: Validation Failed (https://docs.github.com/v3/search/); GitHub API error 422 for https://api.github.com/search/issues?q=repo%3Aeclipse/jetty.project%20is%3Aissue%20is%3Aclosed%20closed%3A%3C%3D2017-05-16T08%3A41%3A08Z&per_page=1: Validation Failed (https://docs.github.com/v3/search/),ok,ok,non_retryable_error,non_retryable_error,ok,ok,runtime_results
CVE-2018-1999020,https://github.com/opennetworkinglab/onos/commit/4b19da6ce94de4865a365c200d6e8169ffb2184f,opennetworkinglab/onos,opennetworkinglab,onos,4b19da6ce94de4865a365c200d6e8169ffb2184f,2018-07-09T16:06:10Z,451,334,24,0,12905,365,ok,,ok,ok,ok,ok,ok,ok,runtime_results
CVE-2018-1000008,https://github.com/jenkinsci/pmd-plugin/commit/f88399a021c22e30cb8fbac5200471d69f1b6224,jenkinsci/pmd-plugin,jenkinsci,pmd-plugin,f88399a021c22e30cb8fbac5200471d69f1b6224,2018-01-04T16:33:20Z,20,12,4,0,843,14,ok,,ok,ok,ok,ok,ok,ok,runtime_results
CVE-2020-27178,https://github.com/apereo/cas/commit/1808d979b784500d4b4dd846003a0230f326b57d,apereo/cas,apereo,cas,1808d979b784500d4b4dd846003a0230f326b57d,2020-10-13T14:49:41Z,7570,3007,3648,872,17708,291,ok,,ok,ok,ok,ok,ok,ok,runtime_results
CVE-2014-0096,https://github.com/apache/tomcat/commit/f4863f73da45dab42595ea4f0f1c065ccb380239;https://github.com/apache/tomcat/commit/8d67386595064cf4f0563951dba313ec1bd7e4ea,apache/tomcat,apache,tomcat,f4863f73da45dab42595ea4f0f1c065ccb380239,2014-03-17T21:43:58Z,133,82,1,0,12215,24,ok,,ok,ok,ok,ok,ok,ok,runtime_results
CVE-2020-13941,https://github.com/apache/lucene-solr/commit/49a3f0a11d41f7124b893a08dc9e67594c32e2ee,apache/lucene-solr,apache,lucene-solr,49a3f0a11d41f7124b893a08dc9e67594c32e2ee,2020-06-29T11:18:24Z,3351,2072,1330,0,33836,269,ok,,ok,ok,ok,ok,ok,ok,runtime_results
CVE-2021-25122,https://github.com/apache/tomcat/commit/dd757c0a893e2e35f8bc1385d6967221ae8b9b9b,apache/tomcat,apache,tomcat,dd757c0a893e2e35f8bc1385d6967221ae8b9b9b,2021-01-14T17:00:14Z,4789,3096,375,0,22826,88,ok,,ok,ok,ok,ok,ok,ok,runtime_results
CVE-2020-13940,https://github.com/apache/nifi/commit/7f0416ee8bdcee95e28409cc6fae9c1394c2a798,apache/nifi,apache,nifi,7f0416ee8bdcee95e28409cc6fae9c1394c2a798,2020-07-28T21:02:42Z,2058,1503,4154,0,5929,405,ok,,ok,ok,ok,ok,ok,ok,runtime_results
CVE-2018-11765,https://github.com/apache/hadoop/commit/94b0df839d36cf5d5e927b3642566c67d0689474,apache/hadoop,apache,hadoop,94b0df839d36cf5d5e927b3642566c67d0689474,2018-03-15T18:57:31Z,5413,3246,198,0,18026,220,ok,,ok,ok,ok,ok,ok,ok,runtime_results
CVE-2021-42575,https://github.com/OWASP/java-html-sanitizer/commit/be33ec6962fa3938ec028873e269632d5d8fa55a,OWASP/java-html-sanitizer,OWASP,java-html-sanitizer,be33ec6962fa3938ec028873e269632d5d8fa55a,2021-10-18T13:23:39Z,630,152,43,124,504,21,ok,,ok,ok,ok,ok,ok,ok,runtime_results
CVE-2019-12086,https://github.com/FasterXML/jackson-databind/commit/efc3c0d02f4743dbaa6d1b9c466772a2f13d966b,FasterXML/jackson-databind,FasterXML,jackson-databind,efc3c0d02f4743dbaa6d1b9c466772a2f13d966b,2019-05-14T14:46:38Z,1919,668,376,1567,5233,179,ok,,ok,ok,ok,ok,ok,ok,runtime_results
CVE-2017-7525,https://github.com/FasterXML/jackson-databind/commit/ddfddfba6414adbecaff99684ef66eebd3a92e92;https://github.com/FasterXML/jackson-databind/commit/fd8dec2c7fab8b4b4bd60502a0f1d63ec23c24da,FasterXML/jackson-databind,FasterXML,jackson-databind,ddfddfba6414adbecaff99684ef66eebd3a92e92,2017-08-17T22:12:47Z,1248,482,287,1228,4144,146,ok,,ok,ok,ok,ok,ok,ok,runtime_results
CVE-2020-17523,https://github.com/apache/shiro/commit/ab1ea4a2006f6bd6a2b5f72740b7135662f8f160,apache/shiro,apache,shiro,ab1ea4a2006f6bd6a2b5f72740b7135662f8f160,2021-01-21T21:32:27Z,3125,1717,248,0,2117,66,ok,,ok,ok,ok,ok,ok,ok,runtime_results
CVE-2018-11039,https://github.com/spring-projects/spring-framework/commit/323ccf99e575343f63d56e229c25c35c170b7ec1,spring-projects/spring-framework,spring-projects,spring-framework,323ccf99e575343f63d56e229c25c35c170b7ec1,2018-06-11T17:18:28Z,19245,11099,1650,14667,16665,334,ok,,ok,ok,ok,ok,ok,ok,runtime_results
CVE-2013-2134,https://github.com/apache/struts/commit/01e6b251b4db78bfb7971033652e81d1af4cb3e;https://github.com/apache/struts/commit/8b4fc81daeea3834bcbf73de5f48d0021917aa3,apache/struts,apache,struts,01e6b251b4db78bfb7971033652e81d1af4cb3e,2013-06-03T08:46:20Z,0,0,0,0,3318,31,ok,,ok,ok,ok,ok,ok,ok,runtime_results
CVE-2020-1954,https://github.com/apache/cxf/commit/8636c3760a97979f42e45080230a27b81df5d436,apache/cxf,apache,cxf,8636c3760a97979f42e45080230a27b81df5d436,2020-02-20T11:13:19Z,583,974,612,0,15483,185,ok,,ok,ok,ok,ok,ok,ok,runtime_results
CVE-2017-4995,https://github.com/spring-projects/spring-security/commit/947d11f433b78294942cb5ea56e8aa5c3a0ca43;https://github.com/spring-projects/spring-security/commit/5dee8534cd1b92952d10cc56335b5d5856f48f3b,spring-projects/spring-security,spring-projects,spring-security,947d11f433b78294942cb5ea56e8aa5c3a0ca43,2017-06-08T03:52:58Z,1472,1559,408,3300,5998,188,ok,,ok,ok,ok,ok,ok,ok,runtime_results
CVE-2019-13237,https://github.com/alkacon/opencms-core/commit/13fc0b8c9a1d36b6541dd5a2debe15fb81de1f0f,alkacon/opencms-core,alkacon,opencms-core,13fc0b8c9a1d36b6541dd5a2debe15fb81de1f0f,2019-06-27T08:15:02Z,381,297,129,422,23368,88,ok,,ok,ok,ok,ok,ok,ok,runtime_results
CVE-2019-0207,https://github.com/apache/tapestry-5/commit/6dd7219fd4707467a36091e2f7f5f6460c619099,apache/tapestry-5,apache,tapestry-5,6dd7219fd4707467a36091e2f7f5f6460c619099,2019-08-31T16:06:04Z,71,47,0,0,5461,41,ok,,ok,ok,ok,ok,ok,ok,runtime_results
CVE-2013-1768,https://github.com/apache/openjpa/commit/b8933dc24b84e7e7430ece56bd645d425dd89f24;https://github.com/apache/openjpa/commit/521fecd2d9b91c27e9f90d97e5f5479d17239eb8;https://github.com/apache/openjpa/commit/d3c68ad3bb9aa0e4e9abbfdec691abb06df642a5;https://github.com/apache/openjpa/commit/87a4452be08b4f97274d0ccfac585ae85841e470,apache/openjpa,apache,openjpa,b8933dc24b84e7e7430ece56bd645d425dd89f24,2013-03-28T12:50:51Z,8,2,0,0,4554,27,ok,,ok,ok,ok,ok,ok,ok,runtime_results
CVE-2017-7657,https://github.com/eclipse/jetty.project/commit/be8ff431a4b9b2e51c4c847512dfbc70166b8089,eclipse/jetty.project,eclipse,jetty.project,be8ff431a4b9b2e51c4c847512dfbc70166b8089,2018-05-16T22:16:39Z,1786,940,,,16883,107,partial_error,GitHub API error 422 for https://api.github.com/search/issues?q=repo%3Aeclipse/jetty.project%20is%3Apr%20is%3Aclosed%20closed%3A%3C%3D2018-05-16T22%3A16%3A39Z&per_page=1: Validation Failed (https://docs.github.com/v3/search/); GitHub API error 422 for https://api.github.com/search/issues?q=repo%3Aeclipse/jetty.project%20is%3Aissue%20is%3Aclosed%20closed%3A%3C%3D2018-05-16T22%3A16%3A39Z&per_page=1: Validation Failed (https://docs.github.com/v3/search/),ok,ok,non_retryable_error,non_retryable_error,ok,ok,runtime_results
CVE-2020-8570,https://github.com/kubernetes-client/java/commit/f5de2e7ff3c9e158d42df10667f03306b2c26e2e,kubernetes-client/java,kubernetes-client,java,f5de2e7ff3c9e158d42df10667f03306b2c26e2e,2020-12-12T00:11:53Z,1428,583,706,681,1465,95,ok,,ok,ok,ok,ok,ok,ok,runtime_results
CVE-2011-4905,https://github.com/apache/activemq/commit/3a71f8e33d0309cb0ca5b5758a8f251da205e757,apache/activemq,apache,activemq,3a71f8e33d0309cb0ca5b5758a8f251da205e757,2011-12-02T21:34:14Z,36,6,1,0,5604,29,ok,,ok,ok,ok,ok,ok,ok,runtime_results
CVE-2016-1000338,https://github.com/bcgit/bc-java/commit/b0c3ce99d43d73a096268831d0d120ffc89eac7f,bcgit/bc-java,bcgit,bc-java,b0c3ce99d43d73a096268831d0d120ffc89eac7f,2016-10-14T22:50:44Z,305,154,101,40,2826,34,ok,,ok,ok,ok,ok,ok,ok,runtime_results
CVE-2016-6793,https://github.com/apache/wicket/commit/134686ef7185d3f96fec953136ab4847cd36b68,apache/wicket,apache,wicket,134686ef7185d3f96fec953136ab4847cd36b68,2016-06-08T20:25:43Z,278,161,162,0,19391,78,ok,,ok,ok,ok,ok,ok,ok,runtime_results
CVE-2016-9177,https://github.com/perwendel/spark/commit/efcb46c710e3f56805b9257a63d1306882f4faf9,perwendel/spark,perwendel,spark,efcb46c710e3f56805b9257a63d1306882f4faf9,2016-11-06T13:09:35Z,4509,743,260,215,759,105,ok,,ok,ok,ok,ok,ok,ok,runtime_results
CVE-2019-14838,https://github.com/wildfly/wildfly-core/commit/131fa6880ae1523fac9e96df54dc394b63b0eed3;https://github.com/wildfly/wildfly-core/commit/80e18b46f73f9d061d4150c66e6dc2fc1fd0bc41,wildfly/wildfly-core,wildfly,wildfly-core,131fa6880ae1523fac9e96df54dc394b63b0eed3,2019-10-14T11:53:42Z,112,321,3950,0,14751,257,ok,,ok,ok,ok,ok,ok,ok,runtime_results
CVE-2009-2901,https://github.com/apache/tomcat55/commit/0299cb724ea71f304d54adfcdb950f59b01fb421;https://github.com/apache/tomcat/commit/3e1010b1a2f648581fac3d68afbf18f2979f6bf6,apache/tomcat55,apache,tomcat55,0299cb724ea71f304d54adfcdb950f59b01fb421,2010-01-24T21:43:11Z,0,0,0,0,172,5,ok,,ok,ok,ok,ok,ok,ok,runtime_results
CVE-2021-21290,https://github.com/netty/netty/commit/c735357bf29d07856ad171c6611a2e1a0e0000ec,netty/netty,netty,netty,c735357bf29d07856ad171c6611a2e1a0e0000ec,2021-02-08T10:44:05Z,24721,11004,5560,4919,10538,584,ok,,ok,ok,ok,ok,ok,ok,runtime_results
CVE-2021-3642,https://github.com/wildfly-security/wildfly-elytron/commit/f512afc33807c8e7cf74ccb1a14532090906e793,wildfly-security/wildfly-elytron,wildfly-security,wildfly-elytron,f512afc33807c8e7cf74ccb1a14532090906e793,2021-07-14T15:12:20Z,52,99,1540,0,4729,58,ok,,ok,ok,ok,ok,ok,ok,runtime_results
CVE-2014-3558,https://github.com/hibernate/hibernate-validator/commit/e8c42b689df8c6752d635d02c6518da3fece3870;https://github.com/hibernate/hibernate-validator/commit/2c95d4ea0ef20977be249e31a4a4f4f4f71c945d;https://github.com/hibernate/hibernate-validator/commit/c489416f699a46859c134796b3ccfea41ef3ce52;https://github.com/hibernate/hibernate-validator/commit/c9525ca544b1281e2b7c7347e86e87c86dc1dc6e;https://github.com/hibernate/hibernate-validator/commit/fd4eaed7fb930db6a5e4c03742b4b3adcfecc90e;https://github.com/hibernate/hibernate-validator/commit/f97c2021a03c825abdeca1692f5be51e77e76a8f;https://github.com/hibernate/hibernate-validator/commit/67fdff14831c035c25e098fe14bd86523d17f726;https://github.com/hibernate/hibernate-validator/commit/7e7131939a4361a7cad3e77ab89a8462132c561c,hibernate/hibernate-validator,hibernate,hibernate-validator,e8c42b689df8c6752d635d02c6518da3fece3870,2014-07-23T06:56:13Z,100,53,327,0,2376,22,ok,,ok,ok,ok,ok,ok,ok,runtime_results
CVE-2021-42392,https://github.com/h2database/h2database/commit/4a2e677bfb6bfee59bff1ce1dfb6f28ce5109d8c,h2database/h2database,h2database,h2database,4a2e677bfb6bfee59bff1ce1dfb6f28ce5109d8c,2022-01-04T14:15:19Z,2974,849,1571,1452,13759,162,ok,,ok,ok,ok,ok,ok,ok,runtime_results
CVE-2018-1271,https://github.com/spring-projects/spring-framework/commit/91b803a2310344d925e5d4b1709bbcea9037554;https://github.com/spring-projects/spring-framework/commit/695bf2961feffd35b5560ccc982a2189dcca611;https://github.com/spring-projects/spring-framework/commit/98ad23bef8e2e04143f8f5b201380543a8d8c0c;https://github.com/spring-projects/spring-framework/commit/f59ea610dfcf55cd0b42f6dd76a9b3dab0218aa;https://github.com/spring-projects/spring-framework/commit/0e28bee0f155b9bf240b4bafc4646e4810cb23f;https://github.com/spring-projects/spring-framework/commit/13356a7ee2240f740737c5c83bdccdacc30603a,spring-projects/spring-framework,spring-projects,spring-framework,91b803a2310344d925e5d4b1709bbcea9037554,2018-03-21T11:02:13Z,17529,10248,1542,14370,16265,318,ok,,ok,ok,ok,ok,ok,ok,runtime_results
CVE-2019-9658,https://github.com/checkstyle/checkstyle/commit/180b4fe37a2249d4489d584505f2b7b3ab162ec6;https://github.com/checkstyle/checkstyle/commit/f796c5053b6f275db9a3907fa24207d233974e29,checkstyle/checkstyle,checkstyle,checkstyle,180b4fe37a2249d4489d584505f2b7b3ab162ec6,2019-02-25T03:03:33Z,3959,6424,4038,1912,8232,236,ok,,ok,ok,ok,ok,ok,ok,runtime_results
CVE-2021-43795,https://github.com/line/armeria/commit/e2697a575e9df6692b423e02d731f293c1313284,line/armeria,line,armeria,e2697a575e9df6692b423e02d731f293c1313284,2021-12-02T10:54:13Z,3203,568,2580,979,3216,153,ok,,ok,ok,ok,ok,ok,ok,runtime_results
CVE-2017-5664,https://github.com/apache/tomcat80/commit/e070a31ec81b56377822e44883c64abb41f36a3b,apache/tomcat80,apache,tomcat80,e070a31ec81b56377822e44883c64abb41f36a3b,2017-05-02T11:22:59Z,51,46,6,0,15491,28,ok,,ok,ok,ok,ok,ok,ok,runtime_results
CVE-2018-12972,https://github.com/OpenTSDB/opentsdb/commit/a6a9ec4bc8a526951bc25bb19a145782bafaa8b0,OpenTSDB/opentsdb,OpenTSDB,opentsdb,a6a9ec4bc8a526951bc25bb19a145782bafaa8b0,2017-01-30T22:20:18Z,2164,584,306,324,1486,125,ok,,ok,ok,ok,ok,ok,ok,runtime_results
CVE-2019-18394,https://github.com/igniterealtime/Openfire/commit/c2ccb38250910587498597955d0bbee8b58e46df,igniterealtime/Openfire,igniterealtime,Openfire,c2ccb38250910587498597955d0bbee8b58e46df,2019-10-03T08:32:48Z,1872,980,1478,0,9060,181,ok,,ok,ok,ok,ok,ok,ok,runtime_results
CVE-2020-5411,https://github.com/spring-projects/spring-batch/commit/6d7d2927ddcd8c7ddd902fa1196b1e780c0d70ea,spring-projects/spring-batch,spring-projects,spring-batch,6d7d2927ddcd8c7ddd902fa1196b1e780c0d70ea,2020-06-10T18:11:50Z,1463,1395,757,2625,5485,143,ok,,ok,ok,ok,ok,ok,ok,runtime_results
CVE-2011-1088,https://github.com/apache/tomcat/commit/ece65c1a428094b1c6c17de3d7593f64e1bb1286;https://github.com/apache/tomcat/commit/f528992ec6cd7b62c9ced5b3a7dc4cda6bfd1a5e;https://github.com/apache/tomcat/commit/9c90bdc1ad942374b1bb6b147613497970b3c8e1;https://github.com/apache/tomcat/commit/3e5b045,apache/tomcat,apache,tomcat,ece65c1a428094b1c6c17de3d7593f64e1bb1286,2011-03-04T15:17:22Z,0,0,0,0,6015,20,ok,,ok,ok,ok,ok,ok,ok,runtime_results
CVE-2013-2248,https://github.com/apache/struts/commit/3cfe34fefedcf0fdcfcb061c0aea34a715b7de63,apache/struts,apache,struts,3cfe34fefedcf0fdcfcb061c0aea34a715b7de63,2013-07-14T14:18:39Z,0,0,0,0,3350,31,ok,,ok,ok,ok,ok,ok,ok,runtime_results
CVE-2017-12616,https://github.com/apache/tomcat/commit/07dc0ea2745f0afab6415f22b16a29f1c6de5727,apache/tomcat,apache,tomcat,07dc0ea2745f0afab6415f22b16a29f1c6de5727,2017-08-10T21:09:31Z,1422,958,61,0,18664,39,ok,,ok,ok,ok,ok,ok,ok,runtime_results
CVE-2015-1836,https://github.com/apache/hbase/commit/f20fdb5;https://github.com/apache/hbase/commit/942e09b71eef5bd9fdb1c8711125c4bc1193bcdc,apache/hbase,apache,hbase,f20fdb5,2015-05-17T18:54:43Z,240,195,5,0,10478,115,ok,,ok,ok,ok,ok,ok,ok,runtime_results
CVE-2016-5007,https://github.com/spring-projects/spring-security/commit/e4c13e,spring-projects/spring-security,spring-projects,spring-security,e4c13e,2016-07-06T20:47:23Z,1013,1119,288,3124,5731,157,ok,,ok,ok,ok,ok,ok,ok,runtime_results
CVE-2016-6805,https://github.com/apache/ignite/commit/9c401b0dcfc6edb5cc83f6b35bc0d24db6f10347,apache/ignite,apache,ignite,9c401b0dcfc6edb5cc83f6b35bc0d24db6f10347,2017-02-03T09:06:13Z,676,343,1068,0,20154,120,ok,,ok,ok,ok,ok,ok,ok,runtime_results
CVE-2021-21347,https://github.com/x-stream/xstream/commit/51abe602e09016c8e43e91325a15226022f4da46,x-stream/xstream,x-stream,xstream,51abe602e09016c8e43e91325a15226022f4da46,2020-09-01T22:38:51Z,494,118,58,138,2731,30,ok,,ok,ok,ok,ok,ok,ok,runtime_results
CVE-2016-9487,https://github.com/IDPF/epubcheck/commit/66e88e46b4f2cf44ee9607c05f2eccb6254c4101,IDPF/epubcheck,IDPF,epubcheck,66e88e46b4f2cf44ee9607c05f2eccb6254c4101,2016-11-29T13:01:39Z,462,191,,,751,26,partial_error,GitHub API error 422 for https://api.github.com/search/issues?q=repo%3AIDPF/epubcheck%20is%3Apr%20is%3Aclosed%20closed%3A%3C%3D2016-11-29T13%3A01%3A39Z&per_page=1: Validation Failed (https://docs.github.com/v3/search/); GitHub API error 422 for https://api.github.com/search/issues?q=repo%3AIDPF/epubcheck%20is%3Aissue%20is%3Aclosed%20closed%3A%3C%3D2016-11-29T13%3A01%3A39Z&per_page=1: Validation Failed (https://docs.github.com/v3/search/),ok,ok,non_retryable_error,non_retryable_error,ok,ok,runtime_results
CVE-2021-39147,https://github.com/x-stream/xstream/commit/652d72f38b33938c54fd3b2ef626cb7dce38001c,x-stream/xstream,x-stream,xstream,652d72f38b33938c54fd3b2ef626cb7dce38001c,2021-05-26T17:43:09Z,566,136,64,169,2809,34,ok,,ok,ok,ok,ok,ok,ok,runtime_results
CVE-2018-1259,https://github.com/spring-projects/spring-data-commons/commit/11d0aa1b396d8819a5a0d4933c5cfc72fe9ad102,spring-projects/spring-data-commons,spring-projects,spring-data-commons,11d0aa1b396d8819a5a0d4933c5cfc72fe9ad102,2018-05-08T07:50:08Z,291,281,266,1080,1648,68,ok,,ok,ok,ok,ok,ok,ok,runtime_results
CVE-2019-7722,https://github.com/pmd/pmd/commit/e295711343cc155cb64ea0ae29ce9d69201469b3,pmd/pmd,pmd,pmd,e295711343cc155cb64ea0ae29ce9d69201469b3,2017-09-04T00:12:15Z,1010,309,370,147,11294,144,ok,,ok,ok,ok,ok,ok,ok,runtime_results
CVE-2022-24289,https://github.com/apache/cayenne/commit/e1b3de34de5b4230f03068e2a14fd4ce74e61b84,apache/cayenne,apache,cayenne,e1b3de34de5b4230f03068e2a14fd4ce74e61b84,2020-09-30T15:20:47Z,208,91,404,0,6610,53,ok,,ok,ok,ok,ok,ok,ok,runtime_results
CVE-2017-7561,https://github.com/resteasy/Resteasy/commit/fd66aad3cb1e8553323a9af5b58f1ad5150dc5b9,resteasy/Resteasy,resteasy,Resteasy,fd66aad3cb1e8553323a9af5b58f1ad5150dc5b9,2017-11-07T17:02:07Z,587,592,1283,0,3681,174,ok,,ok,ok,ok,ok,ok,ok,runtime_results
CVE-2017-5656,https://github.com/apache/cxf/commit/f25f4a51bf0de5255414c233f41ccc35cf00a073;https://github.com/apache/cxf/commit/66c2c5b9,apache/cxf,apache,cxf,f25f4a51bf0de5255414c233f41ccc35cf00a073,2017-06-16T09:58:11Z,248,415,273,0,13146,101,ok,,ok,ok,ok,ok,ok,ok,runtime_results
CVE-2016-8739,https://github.com/apache/cxf/commit/9deb2d17;https://github.com/apache/cxf/commit/8e4970d9,apache/cxf,apache,cxf,9deb2d17,2016-11-23T14:30:21Z,185,295,184,0,12437,84,ok,,ok,ok,ok,ok,ok,ok,runtime_results
CVE-2013-6430,https://github.com/spring-projects/spring-framework/commit/f5c9fe69a444607af667911bd4c5074b5b073e7b;https://github.com/spring-projects/spring-framework/commit/7a7df6637478607bef0277bf52a4e0a03e20a248,spring-projects/spring-framework,spring-projects,spring-framework,f5c9fe69a444607af667911bd4c5074b5b073e7b,2013-02-15T11:38:40Z,1239,419,199,8305,6402,60,ok,,ok,ok,ok,ok,ok,ok,runtime_results
CVE-2018-1317,https://github.com/apache/zeppelin/commit/85282615681e895d477417e9f9b80efdb221bf2c,apache/zeppelin,apache,zeppelin,85282615681e895d477417e9f9b80efdb221bf2c,2018-04-10T07:52:05Z,3242,1399,2716,0,3733,333,ok,,ok,ok,ok,ok,ok,ok,runtime_results
CVE-2016-1000341,https://github.com/bcgit/bc-java/commit/acaac81f96fec91ab45bd0412beaf9c3acd8defa,bcgit/bc-java,bcgit,bc-java,acaac81f96fec91ab45bd0412beaf9c3acd8defa,2016-10-15T02:44:15Z,305,154,101,40,2831,34,ok,,ok,ok,ok,ok,ok,ok,runtime_results
CVE-2016-8747,https://github.com/apache/tomcat85/commit/9601a937ff3b7ef5d04b2a0e950d0e44e1bb4cbd,apache/tomcat85,apache,tomcat85,9601a937ff3b7ef5d04b2a0e950d0e44e1bb4cbd,,,,,,,,unavailable,GitHub resource unavailable (404) for https://api.github.com/repos/apache/tomcat85/commits/9601a937ff3b7ef5d04b2a0e950d0e44e1bb4cbd: Not Found (https://docs.github.com/rest/commits/commits#get-a-commit),not_run,not_run,not_run,not_run,not_run,not_run,runtime_results
CVE-2021-44228,https://github.com/apache/logging-log4j2/commit/c77b3cb39312b83b053d23a2158b99ac7de44dd3,apache/logging-log4j2,apache,logging-log4j2,c77b3cb39312b83b053d23a2158b99ac7de44dd3,2021-12-05T04:03:32Z,1224,696,549,0,11235,141,ok,,ok,ok,ok,ok,ok,ok,runtime_results
CVE-2017-9795,https://github.com/apache/geode/commit/30db126;https://github.com/apache/geode/commit/e6a5394;https://github.com/apache/geode/commit/02b9646618e074f80b3d5fed0e5b512a34b5897a,apache/geode,apache,geode,30db126,2017-09-28T21:34:34Z,986,315,816,0,4428,109,ok,,ok,ok,ok,ok,ok,ok,runtime_results
CVE-2014-0107,https://github.com/apache/xalan-j/commit/cbfd906cc5a1f1566fa1a98400c82e56077fae0c,apache/xalan-j,apache,xalan-j,cbfd906cc5a1f1566fa1a98400c82e56077fae0c,2014-03-24T20:55:14Z,6,6,0,0,4555,31,ok,,ok,ok,ok,ok,ok,ok,runtime_results
CVE-2022-23913,https://github.com/apache/activemq-artemis/commit/72a4fff1673477d78a85c415d48a2c74afda81fa,apache/activemq-artemis,apache,activemq-artemis,72a4fff1673477d78a85c415d48a2c74afda81fa,2021-12-03T02:15:41Z,734,642,,,8952,234,partial_error,GitHub API error 422 for https://api.github.com/search/issues?q=repo%3Aapache/activemq-artemis%20is%3Apr%20is%3Aclosed%20closed%3A%3C%3D2021-12-03T02%3A15%3A41Z&per_page=1: Validation Failed (https://docs.github.com/v3/search/); GitHub API error 422 for https://api.github.com/search/issues?q=repo%3Aapache/activemq-artemis%20is%3Aissue%20is%3Aclosed%20closed%3A%3C%3D2021-12-03T02%3A15%3A41Z&per_page=1: Validation Failed (https://docs.github.com/v3/search/),ok,ok,non_retryable_error,non_retryable_error,ok,ok,runtime_results
CVE-2014-8114,https://github.com/uberfire/uberfire/commit/21ec50eb15,uberfire/uberfire,uberfire,uberfire,21ec50eb15,2014-12-24T13:26:06Z,33,38,,,1706,26,partial_error,GitHub API error 422 for https://api.github.com/search/issues?q=repo%3Auberfire/uberfire%20is%3Apr%20is%3Aclosed%20closed%3A%3C%3D2014-12-24T13%3A26%3A06Z&per_page=1: Validation Failed (https://docs.github.com/v3/search/); GitHub API error 422 for https://api.github.com/search/issues?q=repo%3Auberfire/uberfire%20is%3Aissue%20is%3Aclosed%20closed%3A%3C%3D2014-12-24T13%3A26%3A06Z&per_page=1: Validation Failed (https://docs.github.com/v3/search/),ok,ok,non_retryable_error,non_retryable_error,ok,ok,runtime_results
CVE-2008-1947,https://github.com/apache/tomcat/commit/ab6a6c41ac972c845717c9d639f0335865afab4d,apache/tomcat,apache,tomcat,ab6a6c41ac972c845717c9d639f0335865afab4d,2008-06-02T21:41:28Z,0,0,0,0,1619,14,ok,,ok,ok,ok,ok,ok,ok,runtime_results
CVE-2020-5413,https://github.com/spring-projects/spring-integration/commit/23f3482e8f6d20ba8c59360fc59072c50b3a18cf,spring-projects/spring-integration,spring-projects,spring-integration,23f3482e8f6d20ba8c59360fc59072c50b3a18cf,2020-07-22T16:07:45Z,1007,733,2982,4670,10416,204,ok,,ok,ok,ok,ok,ok,ok,runtime_results
CVE-2015-3192,https://github.com/spring-projects/spring-framework/commit/9c3580d04e84d25a90ef4c249baee1b4e02df15e;https://github.com/spring-projects/spring-framework/commit/5a711c05ec750f069235597173084c2ee796242,spring-projects/spring-framework,spring-projects,spring-framework,9c3580d04e84d25a90ef4c249baee1b4e02df15e,2015-06-30T12:58:03Z,5009,3539,733,10726,10599,154,ok,,ok,ok,ok,ok,ok,ok,runtime_results
CVE-2014-0228,https://github.com/apache/hive/commit/9ef3522f632a0abb5465eca849188776c1b4db13;https://github.com/apache/hive/commit/c3d7083b7605d1753946c4c4411e3a3241ea7ffe,apache/hive,apache,hive,9ef3522f632a0abb5465eca849188776c1b4db13,2014-04-17T19:55:14Z,313,228,5,0,3905,40,ok,,ok,ok,ok,ok,ok,ok,runtime_results
CVE-2021-36090,https://github.com/apache/commons-compress/commit/80124dd9fe4b0a0b2e203ca19aacac8cd0afc96f,apache/commons-compress,apache,commons-compress,80124dd9fe4b0a0b2e203ca19aacac8cd0afc96f,2021-07-02T18:00:47Z,186,159,196,0,3279,76,ok,,ok,ok,ok,ok,ok,ok,runtime_results
CVE-2019-10095,https://github.com/apache/zeppelin/commit/8a7e0b87144fba81a22055684441906ad1c327af,apache/zeppelin,apache,zeppelin,8a7e0b87144fba81a22055684441906ad1c327af,2021-03-15T05:01:45Z,4970,2115,3966,0,4833,444,ok,,ok,ok,ok,ok,ok,ok,runtime_results
CVE-2014-3652,https://github.com/keycloak/keycloak/commit/0b8b31a3ea7d8d7ac8b14a020613fc32aa5e9d9d,keycloak/keycloak,keycloak,keycloak,0b8b31a3ea7d8d7ac8b14a020613fc32aa5e9d9d,2014-09-19T14:00:47Z,59,40,701,0,2130,27,ok,,ok,ok,ok,ok,ok,ok,runtime_results
CVE-2019-12400,https://github.com/apache/santuario-java/commit/c5210f77a77105fba81311d16c07ceacc21f39d5,apache/santuario-java,apache,santuario-java,c5210f77a77105fba81311d16c07ceacc21f39d5,2019-06-25T16:50:33Z,19,21,11,0,2820,16,ok,,ok,ok,ok,ok,ok,ok,runtime_results
CVE-2021-26118,https://github.com/apache/activemq-artemis/commit/7dd50bd58ed2b46aa7ecdba7cffe979b672d58fb,apache/activemq-artemis,apache,activemq-artemis,7dd50bd58ed2b46aa7ecdba7cffe979b672d58fb,2020-10-29T12:46:51Z,601,523,,,7873,211,partial_error,GitHub API error 422 for https://api.github.com/search/issues?q=repo%3Aapache/activemq-artemis%20is%3Apr%20is%3Aclosed%20closed%3A%3C%3D2020-10-29T12%3A46%3A51Z&per_page=1: Validation Failed (https://docs.github.com/v3/search/); GitHub API error 422 for https://api.github.com/search/issues?q=repo%3Aapache/activemq-artemis%20is%3Aissue%20is%3Aclosed%20closed%3A%3C%3D2020-10-29T12%3A46%3A51Z&per_page=1: Validation Failed (https://docs.github.com/v3/search/),ok,ok,non_retryable_error,non_retryable_error,ok,ok,runtime_results
CVE-2021-21346,https://github.com/x-stream/xstream/commit/d5e51177634afea7213b9dc2d21f101d2e258db9,x-stream/xstream,x-stream,xstream,d5e51177634afea7213b9dc2d21f101d2e258db9,2021-03-09T22:55:45Z,542,129,61,151,2768,31,ok,,ok,ok,ok,ok,ok,ok,runtime_results
CVE-2020-1957,https://github.com/apache/shiro/commit/f8722302e614c30cff7228fca549a882f98e6e6b,apache/shiro,apache,shiro,f8722302e614c30cff7228fca549a882f98e6e6b,2020-03-14T07:21:58Z,2656,1449,165,0,1969,53,ok,,ok,ok,ok,ok,ok,ok,runtime_results
CVE-2011-4343,https://github.com/apache/myfaces/commit/a74b551b2ce6e88101ff453389a761f230e428a1,apache/myfaces,apache,myfaces,a74b551b2ce6e88101ff453389a761f230e428a1,2011-11-22T22:40:11Z,0,0,0,0,3266,38,ok,,ok,ok,ok,ok,ok,ok,runtime_results
CVE-2017-12158,https://github.com/keycloak/keycloak/commit/6ea9ed9be8baa7c6971cfbdabecc91555dc561d7;https://github.com/keycloak/keycloak/commit/d9ffc4fa211bbf2aae49449cb58e02b6ea8cd299,keycloak/keycloak,keycloak,keycloak,6ea9ed9be8baa7c6971cfbdabecc91555dc561d7,2017-10-19T06:23:09Z,1491,716,4541,0,11473,278,ok,,ok,ok,ok,ok,ok,ok,runtime_results
CVE-2016-3720,https://github.com/FasterXML/jackson-dataformat-xml/commit/f0f19a4c924d9db9a1e2830434061c8640092cc0,FasterXML/jackson-dataformat-xml,FasterXML,jackson-dataformat-xml,f0f19a4c924d9db9a1e2830434061c8640092cc0,2016-04-15T05:11:02Z,136,53,21,128,584,15,ok,,ok,ok,ok,ok,ok,ok,runtime_results
CVE-2020-1744,https://github.com/keycloak/keycloak/commit/9474dd6208c01166b6144bea3ac2b6fe9f5c30f4,keycloak/keycloak,keycloak,keycloak,9474dd6208c01166b6144bea3ac2b6fe9f5c30f4,2020-03-24T04:32:10Z,5187,2128,6865,0,14522,593,ok,,ok,ok,ok,ok,ok,ok,runtime_results
CVE-2018-18928,https://github.com/unicode-org/icu/commit/6cbd62e59e30f73b444be89ea71fd74275ac53a4,unicode-org/icu,unicode-org,icu,6cbd62e59e30f73b444be89ea71fd74275ac53a4,2018-11-01T01:11:18Z,176,53,240,0,30335,93,ok,,ok,ok,ok,ok,ok,ok,runtime_results
CVE-2016-6816,https://github.com/apache/tomcat80/commit/779d5d34e68e50d2f721897050b147106992f566,apache/tomcat80,apache,tomcat80,779d5d34e68e50d2f721897050b147106992f566,2016-11-02T12:18:08Z,47,39,5,0,15306,26,ok,,ok,ok,ok,ok,ok,ok,runtime_results
CVE-2018-1260,https://github.com/spring-projects/spring-security-oauth/commit/70e5ba84ca98b7ab42c1900bdd9fa51b393d611f,spring-projects/spring-security-oauth,spring-projects,spring-security-oauth,70e5ba84ca98b7ab42c1900bdd9fa51b393d611f,2018-05-07T20:37:51Z,2484,2300,,,1234,112,partial_error,GitHub API error 422 for https://api.github.com/search/issues?q=repo%3Aspring-projects/spring-security-oauth%20is%3Apr%20is%3Aclosed%20closed%3A%3C%3D2018-05-07T20%3A37%3A51Z&per_page=1: Validation Failed (https://docs.github.com/v3/search/); GitHub API error 422 for https://api.github.com/search/issues?q=repo%3Aspring-projects/spring-security-oauth%20is%3Aissue%20is%3Aclosed%20closed%3A%3C%3D2018-05-07T20%3A37%3A51Z&per_page=1: Validation Failed (https://docs.github.com/v3/search/),ok,ok,non_retryable_error,non_retryable_error,ok,ok,runtime_results
CVE-2021-30179,https://github.com/apache/dubbo/commit/eed216b14e8c8e980e98a78ce495806a32df2b97,apache/dubbo,apache,dubbo,eed216b14e8c8e980e98a78ce495806a32df2b97,2020-10-05T08:40:29Z,31807,17557,2782,3182,4470,346,ok,,ok,ok,ok,ok,ok,ok,runtime_results
CVE-2018-11764,https://github.com/apache/hadoop/commit/493924def8f184e74d57153afc9c22b0eeb95e9c,apache/hadoop,apache,hadoop,493924def8f184e74d57153afc9c22b0eeb95e9c,2018-03-10T21:46:18Z,5349,3221,196,0,17978,220,ok,,ok,ok,ok,ok,ok,ok,runtime_results
CVE-2017-7957,https://github.com/x-stream/xstream/commit/b3570be2f39234e61f99f9a20640756ea71b1b4;https://github.com/x-stream/xstream/commit/6e546ec366419158b1e393211be6d78ab9604ab;https://github.com/x-stream/xstream/commit/8542d02d9ac5d384c85f4b33d6c1888c53bd55d,x-stream/xstream,x-stream,xstream,b3570be2f39234e61f99f9a20640756ea71b1b4,2017-04-03T12:40:04Z,180,51,15,58,2473,19,ok,,ok,ok,ok,ok,ok,ok,runtime_results
CVE-2016-8751,https://github.com/apache/ranger/commit/2fcd7f7cc175c0734443638b99c359e24c0f88ff,apache/ranger,apache,ranger,2fcd7f7cc175c0734443638b99c359e24c0f88ff,2016-12-07T00:15:44Z,59,76,3,0,1788,41,ok,,ok,ok,ok,ok,ok,ok,runtime_results
CVE-2017-3156,https://github.com/apache/cxf/commit/555843f;https://github.com/apache/cxf/commit/1338469,apache/cxf,apache,cxf,555843f,2016-12-30T16:28:39Z,200,310,195,0,12543,87,ok,,ok,ok,ok,ok,ok,ok,runtime_results
CVE-2019-13235,https://github.com/alkacon/opencms-core/commit/185e71cc9844c90c0c29b730bd92b0375f1eca21,alkacon/opencms-core,alkacon,opencms-core,185e71cc9844c90c0c29b730bd92b0375f1eca21,2019-09-17T11:29:36Z,386,300,131,441,23488,88,ok,,ok,ok,ok,ok,ok,ok,runtime_results
CVE-2016-6806,https://github.com/apache/wicket/commit/5c345567c75b3cc1f7e4cce6dcf3e692870b4823,apache/wicket,apache,wicket,5c345567c75b3cc1f7e4cce6dcf3e692870b4823,2016-09-19T13:24:57Z,292,169,171,0,19561,82,ok,,ok,ok,ok,ok,ok,ok,runtime_results
CVE-2018-1000134,https://github.com/pingidentity/ldapsdk/commit/8471904a02438c03965d21367890276bc25fa5a6,pingidentity/ldapsdk,pingidentity,ldapsdk,8471904a02438c03965d21367890276bc25fa5a6,2018-03-09T17:29:23Z,72,24,1,16,886,2,ok,,ok,ok,ok,ok,ok,ok,runtime_results
CVE-2018-10237,https://github.com/google/guava/commit/f89ece5721b2f637fe754937ff1f3c86d80bb196;https://github.com/google/guava/commit/7ec8718f1e6e2814dabaa4b9f96b6b33a813101c,google/guava,google,guava,f89ece5721b2f637fe754937ff1f3c86d80bb196,2018-04-25T21:47:43Z,21225,4353,232,2057,4692,250,ok,,ok,ok,ok,ok,ok,ok,runtime_results
CVE-2017-12620,https://github.com/apache/opennlp/commit/c2c14e9af7a519aacfde5173f641c86e17ce50ed,apache/opennlp,apache,opennlp,c2c14e9af7a519aacfde5173f641c86e17ce50ed,2017-08-31T08:45:58Z,353,134,251,0,1747,23,ok,,ok,ok,ok,ok,ok,ok,runtime_results
CVE-2019-17571,https://github.com/apache/logging-log4j2/commit/5dcc19215827db29c993d0305ee2b0d8dd05939d,apache/logging-log4j2,apache,logging-log4j2,5dcc19215827db29c993d0305ee2b0d8dd05939d,2017-04-02T17:41:20Z,206,139,56,0,9027,36,ok,,ok,ok,ok,ok,ok,ok,runtime_results
CVE-2017-3523,https://github.com/mysql/mysql-connector-j/commit/6189e718de5b6c6115aee45dd7a480081c129d68,mysql/mysql-connector-j,mysql,mysql-connector-j,6189e718de5b6c6115aee45dd7a480081c129d68,2017-01-31T23:26:29Z,99,72,15,0,2295,27,ok,,ok,ok,ok,ok,ok,ok,runtime_results
CVE-2018-1332,https://github.com/apache/storm/commit/58f7aefb8b9ffe77693669dbc94ee6446f3ed6e8,apache/storm,apache,storm,58f7aefb8b9ffe77693669dbc94ee6446f3ed6e8,2018-04-11T15:10:40Z,4537,3005,2471,2007,9202,426,ok,,ok,ok,ok,ok,ok,ok,runtime_results
CVE-2017-5638,https://github.com/apache/struts/commit/6b8272ce47160036ed120a48345d9aa884477228;https://github.com/apache/struts/commit/352306493971e7d5a756d61780d57a76eb1f519a,apache/struts,apache,struts,6b8272ce47160036ed120a48345d9aa884477228,2017-03-06T13:45:26Z,476,333,117,0,4785,63,ok,,ok,ok,ok,ok,ok,ok,runtime_results
CVE-2019-12406,https://github.com/apache/cxf/commit/fd85803a73ad46f36816bcb55ed1c4f4b4c4312d,apache/cxf,apache,cxf,fd85803a73ad46f36816bcb55ed1c4f4b4c4312d,2019-09-03T14:45:43Z,543,917,550,0,15165,175,ok,,ok,ok,ok,ok,ok,ok,runtime_results
CVE-2021-39149,https://github.com/x-stream/xstream/commit/652d72f38b33938c54fd3b2ef626cb7dce38001c,x-stream/xstream,x-stream,xstream,652d72f38b33938c54fd3b2ef626cb7dce38001c,2021-05-26T17:43:09Z,566,136,64,169,2809,34,ok,,ok,ok,ok,ok,ok,ok,runtime_results
CVE-2017-15691,https://github.com/apache/uima-uimaj/commit/39909bf21fd694f4fb792d1de8adc72562ead25e,apache/uima-uimaj,apache,uima-uimaj,39909bf21fd694f4fb792d1de8adc72562ead25e,2017-09-21T15:32:20Z,21,11,0,0,6370,16,ok,,ok,ok,ok,ok,ok,ok,runtime_results
CVE-2019-0222,https://github.com/fusesource/mqtt-client/commit/2898f10be758decdc85ba6c523cb5be6b9092855,fusesource/mqtt-client,fusesource,mqtt-client,2898f10be758decdc85ba6c523cb5be6b9092855,2019-03-06T16:28:59Z,856,275,15,14,153,17,ok,,ok,ok,ok,ok,ok,ok,runtime_results
CVE-2018-8008,https://github.com/apache/storm/commit/0fc6b522487c061f89e8cdacf09f722d3f20589,apache/storm,apache,storm,0fc6b522487c061f89e8cdacf09f722d3f20589,2018-04-30T15:33:14Z,4580,3025,2488,2027,9251,428,ok,,ok,ok,ok,ok,ok,ok,runtime_results
CVE-2021-23463,https://github.com/h2database/h2database/commit/d83285fd2e48fb075780ee95badee6f5a15ea7f8,h2database/h2database,h2database,h2database,d83285fd2e48fb075780ee95badee6f5a15ea7f8,2021-10-30T17:19:57Z,2871,820,1524,1364,13594,161,ok,,ok,ok,ok,ok,ok,ok,runtime_results
CVE-2017-5641,https://github.com/apache/flex-blazeds/commit/f861f0993c35e664906609cad275e45a71e2aaf1,apache/flex-blazeds,apache,flex-blazeds,f861f0993c35e664906609cad275e45a71e2aaf1,2017-02-17T14:42:31Z,19,20,1,0,101,5,ok,,ok,ok,ok,ok,ok,ok,runtime_results
CVE-2018-8012,https://github.com/apache/nifi/commit/282c271;https://github.com/apache/zookeeper/commit/8a06bd1ccef382461c7b0a63f2012f4aeac90753,apache/nifi,apache,nifi,282c271,2019-09-20T14:49:04Z,1583,1176,3531,0,5331,334,ok,,ok,ok,ok,ok,ok,ok,runtime_results
CVE-2015-3269,https://github.com/apache/flex-blazeds/commit/af405aa5974f8441873873ac6400dddc1039778e,apache/flex-blazeds,apache,flex-blazeds,af405aa5974f8441873873ac6400dddc1039778e,2015-07-23T12:18:34Z,8,10,0,0,42,5,ok,,ok,ok,ok,ok,ok,ok,runtime_results
CVE-2019-3797,https://github.com/spring-projects/spring-data-jpa/commit/4d4e6d418fe3bca14c7cff1c7161e3794026f960,spring-projects/spring-data-jpa,spring-projects,spring-data-jpa,4d4e6d418fe3bca14c7cff1c7161e3794026f960,2019-04-01T08:40:10Z,1335,675,335,926,1197,58,ok,,ok,ok,ok,ok,ok,ok,runtime_results
CVE-2021-38153,https://github.com/apache/kafka/commit/3325342fecba56c2f5b28d60ca37605a7ebf420a,apache/kafka,apache,kafka,3325342fecba56c2f5b28d60ca37605a7ebf420a,2021-07-30T23:36:10Z,18555,9174,10240,0,9331,935,ok,,ok,ok,ok,ok,ok,ok,runtime_results
CVE-2016-3093,https://github.com/jkuhnert/ognl/commit/ae43073fbf38db8371ff4f8bf2a966ee3b5f7e92,jkuhnert/ognl,jkuhnert,ognl,ae43073fbf38db8371ff4f8bf2a966ee3b5f7e92,2015-05-17T08:09:18Z,26,12,,,239,9,partial_error,GitHub API error 422 for https://api.github.com/search/issues?q=repo%3Ajkuhnert/ognl%20is%3Apr%20is%3Aclosed%20closed%3A%3C%3D2015-05-17T08%3A09%3A18Z&per_page=1: Validation Failed (https://docs.github.com/v3/search/); GitHub API error 422 for https://api.github.com/search/issues?q=repo%3Ajkuhnert/ognl%20is%3Aissue%20is%3Aclosed%20closed%3A%3C%3D2015-05-17T08%3A09%3A18Z&per_page=1: Validation Failed (https://docs.github.com/v3/search/),ok,ok,non_retryable_error,non_retryable_error,ok,ok,runtime_results
CVE-2012-0391,https://github.com/apache/struts/commit/5f54b8d087f5125d96838aafa5f64c2190e6885b;https://github.com/apache/struts/commit/b4265d369dc29d57a9f2846a85b26598e83f3892,apache/struts,apache,struts,5f54b8d087f5125d96838aafa5f64c2190e6885b,2011-08-10T17:59:54Z,0,0,0,0,2810,30,ok,,ok,ok,ok,ok,ok,ok,runtime_results
CVE-2015-4852,https://github.com/apache/commons-collections/commit/e585cd0433ae4cfbc56e58572b9869bd0c86b611,apache/commons-collections,apache,commons-collections,e585cd0433ae4cfbc56e58572b9869bd0c86b611,2015-11-13T20:08:45Z,91,53,8,0,2806,47,ok,,ok,ok,ok,ok,ok,ok,runtime_results
CVE-2020-13955,https://github.com/apache/calcite/commit/f96ded319341fd3c1011b095565710938acb9ad6,apache/calcite,apache,calcite,f96ded319341fd3c1011b095565710938acb9ad6,2020-09-30T12:10:23Z,1959,1039,1997,0,4361,312,ok,,ok,ok,ok,ok,ok,ok,runtime_results
CVE-2019-14832,https://github.com/keycloak/keycloak/commit/0b73685ccf3181115ae3936a578708630215ac23,keycloak/keycloak,keycloak,keycloak,0b73685ccf3181115ae3936a578708630215ac23,2019-10-15T03:11:37Z,4259,1850,6317,0,13879,515,ok,,ok,ok,ok,ok,ok,ok,runtime_results
CVE-2016-9878,https://github.com/spring-projects/spring-framework/commit/e2d6e709c3c65a4951eb096843ee75d5200cfcad,spring-projects/spring-framework,spring-projects,spring-framework,e2d6e709c3c65a4951eb096843ee75d5200cfcad,2016-12-21T09:21:28Z,10023,6703,1118,12853,13783,226,ok,,ok,ok,ok,ok,ok,ok,runtime_results
CVE-2010-5327,https://github.com/community-security-team/liferay-portal/commit/76aaec0256e98bce0c0542ab071d4cf5132e10ca,community-security-team/liferay-portal,community-security-team,liferay-portal,76aaec0256e98bce0c0542ab071d4cf5132e10ca,2016-03-28T09:11:25Z,5,2,6,0,169689,492,ok,,ok,ok,ok,ok,ok,ok,runtime_results
CVE-2019-0233,https://github.com/apache/struts/commit/e2b644a4fbe31f0898008c2938069ef04f0f9124,apache/struts,apache,struts,e2b644a4fbe31f0898008c2938069ef04f0f9124,2019-11-02T17:31:09Z,901,554,371,0,5697,83,ok,,ok,ok,ok,ok,ok,ok,runtime_results
CVE-2014-0095,https://github.com/apache/tomcat/commit/1bd7d414983f2f420dd37e78b5f4686e737dd3e6;https://github.com/apache/tomcat/commit/8884dae,apache/tomcat,apache,tomcat,1bd7d414983f2f420dd37e78b5f4686e737dd3e6,2014-03-17T14:17:19Z,133,82,1,0,12213,24,ok,,ok,ok,ok,ok,ok,ok,runtime_results
CVE-2019-3774,https://github.com/spring-projects/spring-batch/commit/8dc3bb7d3c3d0b1487e3ef3dcbdebda865d2b20e,spring-projects/spring-batch,spring-projects,spring-batch,8dc3bb7d3c3d0b1487e3ef3dcbdebda865d2b20e,2019-01-11T07:24:16Z,1046,992,648,2361,5297,118,ok,,ok,ok,ok,ok,ok,ok,runtime_results
CVE-2011-2204,https://github.com/apache/tomcat/commit/763a56b45999653ce648a18462b8a826809215b1;https://github.com/apache/tomcat/commit/0ecc4643938de4ed889e85952b30bf76ac92732c,apache/tomcat,apache,tomcat,763a56b45999653ce648a18462b8a826809215b1,2011-06-27T09:27:06Z,0,0,0,0,6610,20,ok,,ok,ok,ok,ok,ok,ok,runtime_results
CVE-2021-39153,https://github.com/x-stream/xstream/commit/652d72f38b33938c54fd3b2ef626cb7dce38001c,x-stream/xstream,x-stream,xstream,652d72f38b33938c54fd3b2ef626cb7dce38001c,2021-05-26T17:43:09Z,566,136,64,169,2809,34,ok,,ok,ok,ok,ok,ok,ok,runtime_results
CVE-2016-2175,https://github.com/apache/pdfbox/commit/6f4a1fa0cd894ba3bbbe4a97ce11e23ec64f0d3a,apache/pdfbox,apache,pdfbox,6f4a1fa0cd894ba3bbbe4a97ce11e23ec64f0d3a,2016-04-17T09:35:18Z,263,126,12,0,5239,17,ok,,ok,ok,ok,ok,ok,ok,runtime_results
CVE-2020-35210,https://github.com/atomix/atomix/commit/c9edd1b78d756f9ad25452daf0193d33ad539394,atomix/atomix,atomix,atomix,c9edd1b78d756f9ad25452daf0193d33ad539394,2019-12-17T19:52:49Z,1686,263,791,202,0,0,ok,,ok,ok,ok,ok,ok,ok,runtime_results
CVE-2014-0109,https://github.com/apache/cxf/commit/f8ed98e684c1a67a77ae8726db05a04a4978a445,apache/cxf,apache,cxf,f8ed98e684c1a67a77ae8726db05a04a4978a445,2014-02-19T17:17:50Z,1,0,0,0,8422,30,ok,,ok,ok,ok,ok,ok,ok,runtime_results
CVE-2017-9803,https://github.com/apache/lucene-solr/commit/4704efb1f92588ad106a39dea5f20bf8e80b133b;https://github.com/apache/lucene-solr/commit/b091934f9e98568b848d0584a1145c8e514cbd21,apache/lucene-solr,apache,lucene-solr,4704efb1f92588ad106a39dea5f20bf8e80b133b,2017-08-16T13:25:04Z,917,709,102,0,28350,116,ok,,ok,ok,ok,ok,ok,ok,runtime_results
CVE-2021-22112,https://github.com/spring-projects/spring-security/commit/c72a6fac04853912a4b7caad5f0500f2aace5a79,spring-projects/spring-security,spring-projects,spring-security,c72a6fac04853912a4b7caad5f0500f2aace5a79,2021-02-12T00:39:48Z,5311,3845,1521,6951,9651,514,ok,,ok,ok,ok,ok,ok,ok,runtime_results
CVE-2021-36151,https://github.com/apache/gobblin/commit/520eca8938231494bddd5c477e07ec71c7da653f,apache/gobblin,apache,gobblin,520eca8938231494bddd5c477e07ec71c7da653f,2021-02-23T21:17:02Z,1802,598,2831,0,5697,163,ok,,ok,ok,ok,ok,ok,ok,runtime_results
CVE-2017-3166,https://github.com/apache/hadoop/commit/a47d8283b136aab5b9fa4c18e6f51fa799d91a29,apache/hadoop,apache,hadoop,a47d8283b136aab5b9fa4c18e6f51fa799d91a29,2017-03-07T04:40:16Z,2541,2118,108,0,15526,168,ok,,ok,ok,ok,ok,ok,ok,runtime_results
CVE-2016-4461,https://github.com/apache/struts/commit/b28b78c062f0bf3c79793a25aab8c9b6c12bce6e,apache/struts,apache,struts,b28b78c062f0bf3c79793a25aab8c9b6c12bce6e,2016-06-03T11:10:58Z,343,245,93,0,4531,57,ok,,ok,ok,ok,ok,ok,ok,runtime_results
CVE-2017-5643,https://github.com/apache/camel/commit/ec3d0db81ba061b27e934d5ff56e9baca0049eb;https://github.com/apache/camel/commit/8afc5d1757795fde715902067360af5d90f046d,apache/camel,apache,camel,ec3d0db81ba061b27e934d5ff56e9baca0049eb,2017-02-27T07:04:59Z,1096,1302,1476,0,27137,390,ok,,ok,ok,ok,ok,ok,ok,runtime_results
CVE-2016-1000345,https://github.com/bcgit/bc-java/commit/21dcb3d9744c83dcf2ff8fcee06dbca7bfa4ef35,bcgit/bc-java,bcgit,bc-java,21dcb3d9744c83dcf2ff8fcee06dbca7bfa4ef35,2016-08-27T03:20:05Z,288,147,101,39,2790,34,ok,,ok,ok,ok,ok,ok,ok,runtime_results
CVE-2016-8746,https://github.com/apache/ranger/commit/9dfde6de92799d7d923cf8eb11bbdc8788d6664c,apache/ranger,apache,ranger,9dfde6de92799d7d923cf8eb11bbdc8788d6664c,2017-01-07T03:03:43Z,63,78,3,0,1843,45,ok,,ok,ok,ok,ok,ok,ok,runtime_results
CVE-2017-5644,https://github.com/apache/poi/commit/3a328aa220f6979f9805f658ae33244d153beaa7,apache/poi,apache,poi,3a328aa220f6979f9805f658ae33244d153beaa7,2016-03-09T00:41:02Z,122,93,20,0,7080,36,ok,,ok,ok,ok,ok,ok,ok,runtime_results
CVE-2017-15700,https://github.com/apache/sling-org-apache-sling-auth-core/commit/015fe58b22e0625e9d88b687de50303db539482b,apache/sling-org-apache-sling-auth-core,apache,sling-org-apache-sling-auth-core,015fe58b22e0625e9d88b687de50303db539482b,2017-12-15T07:00:53Z,0,0,0,0,225,10,ok,,ok,ok,ok,ok,ok,ok,runtime_results
CVE-2016-0956,https://github.com/apache/sling/commit/0f1e85834761a128ab07ea04bd254e24b750ab80,apache/sling,apache,sling,0f1e85834761a128ab07ea04bd254e24b750ab80,,,,,,,,error,GitHub API error 422 for https://api.github.com/repos/apache/sling/commits/0f1e85834761a128ab07ea04bd254e24b750ab80: No commit found for SHA: 0f1e85834761a128ab07ea04bd254e24b750ab80 (https://docs.github.com/rest/commits/commits#get-a-commit),not_run,not_run,not_run,not_run,not_run,not_run,runtime_results
CVE-2021-26296,https://github.com/apache/myfaces/commit/95cbf6cbdf1e5d389d9509b48a7203f91acb41a1,apache/myfaces,apache,myfaces,95cbf6cbdf1e5d389d9509b48a7203f91acb41a1,2021-01-18T14:08:17Z,54,34,144,0,5487,64,ok,,ok,ok,ok,ok,ok,ok,runtime_results
CVE-2016-6346,https://github.com/resteasy/Resteasy/commit/2c2daab6f63ef9c9fb08251daf4a62e8aadc94e1,resteasy/Resteasy,resteasy,Resteasy,2c2daab6f63ef9c9fb08251daf4a62e8aadc94e1,2016-09-22T08:25:17Z,459,480,889,0,3296,152,ok,,ok,ok,ok,ok,ok,ok,runtime_results
CVE-2018-1294,https://github.com/apache/commons-email/commit/0a944fe3703fb754c7122a7de98396811781da24,apache/commons-email,apache,commons-email,0a944fe3703fb754c7122a7de98396811781da24,2017-07-09T19:41:59Z,33,20,0,0,795,27,ok,,ok,ok,ok,ok,ok,ok,runtime_results
CVE-2017-8028,https://github.com/spring-projects/spring-ldap/commit/08e8ae289bbd1b581986c7238604a147119c1336,spring-projects/spring-ldap,spring-projects,spring-ldap,08e8ae289bbd1b581986c7238604a147119c1336,2017-10-06T19:25:31Z,118,271,46,355,1008,16,ok,,ok,ok,ok,ok,ok,ok,runtime_results
CVE-2016-9879,https://github.com/spring-projects/spring-security/commit/666e356ebc479194ba51e43bb99fc42f849b6175;https://github.com/spring-projects/spring-security/commit/ed2ae21074b7850d386371b2ab9e29268ef2f0c0,spring-projects/spring-security,spring-projects,spring-security,666e356ebc479194ba51e43bb99fc42f849b6175,2016-12-21T15:04:00Z,1221,1336,373,3216,5883,180,ok,,ok,ok,ok,ok,ok,ok,runtime_results
CVE-2016-6802,https://github.com/apache/shiro/commit/b15ab927709ca18ea4a02538be01919a19ab65af,apache/shiro,apache,shiro,b15ab927709ca18ea4a02538be01919a19ab65af,2016-09-09T20:26:57Z,417,246,23,0,1641,22,ok,,ok,ok,ok,ok,ok,ok,runtime_results
CVE-2018-1047,https://github.com/wildfly/wildfly/commit/735c77ce8b3bab6aa5072fb8575dc96db52d01ab,wildfly/wildfly,wildfly,wildfly,735c77ce8b3bab6aa5072fb8575dc96db52d01ab,2018-01-15T10:54:49Z,1731,1373,10599,0,24764,385,ok,,ok,ok,ok,ok,ok,ok,runtime_results
CVE-2017-12622,https://github.com/apache/geode/commit/f6390a7;https://github.com/apache/geode/commit/db4a493efc09600bf0a9778d5274c09b23b16644,apache/geode,apache,geode,f6390a7,2017-10-11T18:24:59Z,999,318,889,0,4539,110,ok,,ok,ok,ok,ok,ok,ok,runtime_results
CVE-2021-22113,https://github.com/spring-cloud/spring-cloud-netflix/commit/8ecb3dca511c3ce0454e42ac31ee2331d7318c07,spring-cloud/spring-cloud-netflix,spring-cloud,spring-cloud-netflix,8ecb3dca511c3ce0454e42ac31ee2331d7318c07,2021-02-11T10:58:55Z,4057,1945,844,2949,2816,243,ok,,ok,ok,ok,ok,ok,ok,runtime_results
CVE-2014-0113,https://github.com/apache/struts/commit/1be8ed61e499b58b3fb6a45253f47865f83f35fb,apache/struts,apache,struts,1be8ed61e499b58b3fb6a45253f47865f83f35fb,2014-04-28T06:50:53Z,12,18,7,0,3639,36,ok,,ok,ok,ok,ok,ok,ok,runtime_results
CVE-2020-1745,https://github.com/undertow-io/undertow/commit/e60e04f4e9bab49f406c8c57770c4a1bbbc37067,undertow-io/undertow,undertow-io,undertow,e60e04f4e9bab49f406c8c57770c4a1bbbc37067,2020-03-04T19:15:33Z,2470,683,831,0,4731,183,ok,,ok,ok,ok,ok,ok,ok,runtime_results
CVE-2020-11995,https://github.com/apache/dubbo/commit/d2e9baf380108950c48e0ab700ccdbf11dd753ab,apache/dubbo,apache,dubbo,d2e9baf380108950c48e0ab700ccdbf11dd753ab,2020-07-08T02:38:12Z,30932,16721,2676,2984,4380,345,ok,,ok,ok,ok,ok,ok,ok,runtime_results
CVE-2020-1695,https://github.com/resteasy/Resteasy/commit/f3e354b72ae7fead9ceaabe172999293bd931822,resteasy/Resteasy,resteasy,Resteasy,f3e354b72ae7fead9ceaabe172999293bd931822,2020-05-11T13:18:19Z,840,722,2320,0,4496,231,ok,,ok,ok,ok,ok,ok,ok,runtime_results
CVE-2014-0193,https://github.com/netty/netty/commit/787a85f9f1b816ee901c1ec00348ae2007bb9d3b;https://github.com/netty/netty/commit/8599ab5bdb761bb99d41a975d689f74c12e4892b,netty/netty,netty,netty,787a85f9f1b816ee901c1ec00348ae2007bb9d3b,2014-04-30T12:40:52Z,2488,837,775,1515,5827,127,ok,,ok,ok,ok,ok,ok,ok,runtime_results
CVE-2022-23181,https://github.com/apache/tomcat/commit/70da1aaa51e0f9d088438e9d958812a144e12754,apache/tomcat,apache,tomcat,70da1aaa51e0f9d088438e9d958812a144e12754,2022-01-12T11:11:29Z,5487,3598,443,0,23877,102,ok,,ok,ok,ok,ok,ok,ok,runtime_results
CVE-2019-10174,https://github.com/infinispan/infinispan/commit/a7dab68d194989aaa0b0aa0781cf8ee88fbe3439,infinispan/infinispan,infinispan,infinispan,a7dab68d194989aaa0b0aa0781cf8ee88fbe3439,2019-10-15T10:55:05Z,708,412,7347,0,12146,188,ok,,ok,ok,ok,ok,ok,ok,runtime_results
CVE-2020-13444,https://github.com/community-security-team/liferay-portal/commit/064e6b01afa1e087e4c6bbaf7f71c97ee33f3ee9,community-security-team/liferay-portal,community-security-team,liferay-portal,064e6b01afa1e087e4c6bbaf7f71c97ee33f3ee9,2020-06-09T01:41:14Z,9,8,8,0,409656,799,ok,,ok,ok,ok,ok,ok,ok,runtime_results
CVE-2016-8738,https://github.com/apache/struts/commit/554b9dddb0fbd1e581ef577dd62a7c22955ad0f6,apache/struts,apache,struts,554b9dddb0fbd1e581ef577dd62a7c22955ad0f6,2016-11-16T06:30:46Z,433,299,111,0,4686,60,ok,,ok,ok,ok,ok,ok,ok,runtime_results
CVE-2018-1000531,https://github.com/inversoft/prime-jwt/commit/abb0d479389a2509f939452a6767dc424bb5e6ba,inversoft/prime-jwt,inversoft,prime-jwt,abb0d479389a2509f939452a6767dc424bb5e6ba,2018-05-02T15:31:18Z,2,0,,,97,2,partial_error,GitHub API error 422 for https://api.github.com/search/issues?q=repo%3Ainversoft/prime-jwt%20is%3Apr%20is%3Aclosed%20closed%3A%3C%3D2018-05-02T15%3A31%3A18Z&per_page=1: Validation Failed (https://docs.github.com/v3/search/); GitHub API error 422 for https://api.github.com/search/issues?q=repo%3Ainversoft/prime-jwt%20is%3Aissue%20is%3Aclosed%20closed%3A%3C%3D2018-05-02T15%3A31%3A18Z&per_page=1: Validation Failed (https://docs.github.com/v3/search/),ok,ok,non_retryable_error,non_retryable_error,ok,ok,runtime_results
CVE-2021-28168,https://github.com/eclipse-ee4j/jersey/commit/f3cadb38dcc5b20e515706fae68dce533ad6c737,eclipse-ee4j/jersey,eclipse-ee4j,jersey,f3cadb38dcc5b20e515706fae68dce533ad6c737,2021-03-04T10:36:50Z,459,193,520,3557,632,54,ok,,ok,ok,ok,ok,ok,ok,runtime_results
CVE-2017-11467,https://github.com/orientechnologies/orientdb/commit/200535c3183f7db88ee4526bf3316d6bdeddb68e,orientechnologies/orientdb,orientechnologies,orientdb,200535c3183f7db88ee4526bf3316d6bdeddb68e,2017-06-30T06:32:05Z,2728,508,560,5703,17508,173,ok,,ok,ok,ok,ok,ok,ok,runtime_results
CVE-2020-26234,https://github.com/opencast/opencast/commit/4225bf90af74557deaf8fb6b80b0705c9621acfc,opencast/opencast,opencast,opencast,4225bf90af74557deaf8fb6b80b0705c9621acfc,2020-12-08T10:46:35Z,162,126,1855,109,13515,199,ok,,ok,ok,ok,ok,ok,ok,runtime_results
CVE-2018-1002201,https://github.com/zeroturnaround/zt-zip/commit/759b72f33bc8f4d69f84f09fcb7f010ad45d6fff,zeroturnaround/zt-zip,zeroturnaround,zt-zip,759b72f33bc8f4d69f84f09fcb7f010ad45d6fff,2018-04-26T14:52:37Z,797,173,28,62,388,25,ok,,ok,ok,ok,ok,ok,ok,runtime_results
CVE-2021-41767,https://github.com/apache/guacamole-client/commit/0597358dde292d739809cd7426e0b55921372ccf,apache/guacamole-client,apache,guacamole-client,0597358dde292d739809cd7426e0b55921372ccf,2021-10-24T05:29:39Z,830,403,616,0,5920,80,ok,,ok,ok,ok,ok,ok,ok,runtime_results
CVE-2018-17187,https://github.com/apache/qpid-proton-j/commit/0cb8ca03cec42120dcfc434561592d89a89a805e,apache/qpid-proton-j,apache,qpid-proton-j,0cb8ca03cec42120dcfc434561592d89a89a805e,2018-11-06T12:17:09Z,12,27,15,0,3078,48,ok,,ok,ok,ok,ok,ok,ok,runtime_results
CVE-2016-4437,https://github.com/apache/shiro/commit/64d9f8341e1aa7ef1a29744e16ea7c578ca5deee;https://github.com/apache/shiro/commit/4d5bb000a7f3c02d8960b32e694a565c95976848,apache/shiro,apache,shiro,64d9f8341e1aa7ef1a29744e16ea7c578ca5deee,2016-05-06T20:22:45Z,265,156,9,0,1598,19,ok,,ok,ok,ok,ok,ok,ok,runtime_results
CVE-2018-17297,https://github.com/looly/hutool/commit/9f8a801c7b98b75ee681c0988e1a58bcfdc21756;https://github.com/looly/hutool/commit/fed1a1f747a9308e2f65f8dbbff05ce62478ecc0;https://github.com/looly/hutool/commit/8d7d0b7fb5ea4f7447b40131bffc1ec506a6528e,looly/hutool,looly,hutool,9f8a801c7b98b75ee681c0988e1a58bcfdc21756,2018-09-13T15:18:23Z,1751,526,,,0,0,partial_error,GitHub API error 422 for https://api.github.com/search/issues?q=repo%3Alooly/hutool%20is%3Apr%20is%3Aclosed%20closed%3A%3C%3D2018-09-13T15%3A18%3A23Z&per_page=1: Validation Failed (https://docs.github.com/v3/search/); GitHub API error 422 for https://api.github.com/search/issues?q=repo%3Alooly/hutool%20is%3Aissue%20is%3Aclosed%20closed%3A%3C%3D2018-09-13T15%3A18%3A23Z&per_page=1: Validation Failed (https://docs.github.com/v3/search/),ok,ok,non_retryable_error,non_retryable_error,ok,ok,runtime_results
CVE-2020-11971,https://github.com/apache/camel/commit/36b55f9cfa50a2056c70f98d66c29a95ddc724e1,apache/camel,apache,camel,36b55f9cfa50a2056c70f98d66c29a95ddc724e1,2020-03-30T15:11:17Z,2975,3394,3655,0,43900,797,ok,,ok,ok,ok,ok,ok,ok,runtime_results
CVE-2018-1002200,https://github.com/codehaus-plexus/plexus-archiver/commit/f8f4233508193b70df33759ae9dc6154d69c2ea8,codehaus-plexus/plexus-archiver,codehaus-plexus,plexus-archiver,f8f4233508193b70df33759ae9dc6154d69c2ea8,2018-05-06T11:43:08Z,17,15,27,52,685,43,ok,,ok,ok,ok,ok,ok,ok,runtime_results
CVE-2011-2894,https://github.com/spring-projects/spring-framework/commit/070a723ef2c886770a063eb9a67f84f74e06edfb,spring-projects/spring-framework,spring-projects,spring-framework,070a723ef2c886770a063eb9a67f84f74e06edfb,2011-07-21T09:05:59Z,653,5,0,2080,4411,25,ok,,ok,ok,ok,ok,ok,ok,runtime_results
CVE-2019-0187,https://github.com/apache/jmeter/commit/a82907030db158e00d681dc5f5330085951535f3,apache/jmeter,apache,jmeter,a82907030db158e00d681dc5f5330085951535f3,2018-09-19T20:24:45Z,2043,684,387,3761,15715,30,ok,,ok,ok,ok,ok,ok,ok,runtime_results
CVE-2020-11969,https://github.com/apache/tomee/commit/17168ad95e35f1758e16364c2398dea10a4034d8,apache/tomee,apache,tomee,17168ad95e35f1758e16364c2398dea10a4034d8,2020-05-11T10:22:35Z,309,562,606,0,13181,138,ok,,ok,ok,ok,ok,ok,ok,runtime_results
CVE-2020-5408,https://github.com/spring-projects/spring-security/commit/3c81e122bdfcd0803fb6331a8625624cae249231,spring-projects/spring-security,spring-projects,spring-security,3c81e122bdfcd0803fb6331a8625624cae249231,2020-04-07T18:48:29Z,4252,3229,1309,6113,8741,420,ok,,ok,ok,ok,ok,ok,ok,runtime_results
CVE-2016-4993,https://github.com/undertow-io/undertow/commit/5d017ce12d075679822104e8a8a3b1ad98abad86,undertow-io/undertow,undertow-io,undertow,5d017ce12d075679822104e8a8a3b1ad98abad86,2016-09-12T01:22:27Z,1038,283,415,0,3657,101,ok,,ok,ok,ok,ok,ok,ok,runtime_results
CVE-2020-28052,https://github.com/bcgit/bc-java/commit/97578f9b7ed277e6ecb58834e85e3d18385a4219,bcgit/bc-java,bcgit,bc-java,97578f9b7ed277e6ecb58834e85e3d18385a4219,2020-10-27T22:37:17Z,1205,574,216,410,9494,100,ok,,ok,ok,ok,ok,ok,ok,runtime_results
CVE-2017-7675,https://github.com/apache/tomcat/commit/cf181edc9a8c239cde704cffc3c503425bdcae2b,apache/tomcat,apache,tomcat,cf181edc9a8c239cde704cffc3c503425bdcae2b,2017-05-24T19:35:00Z,1260,879,47,0,18438,39,ok,,ok,ok,ok,ok,ok,ok,runtime_results
CVE-2013-2186,https://github.com/apache/commons-fileupload/commit/163a6061fbc077d4b6e4787d26857c2baba495d1;https://github.com/apache/commons-fileupload/commit/7ddc7a176eadf22ab7ee1881a80b768e4b193727,apache/commons-fileupload,apache,commons-fileupload,163a6061fbc077d4b6e4787d26857c2baba495d1,2013-07-25T16:16:15Z,1,3,0,0,757,31,ok,,ok,ok,ok,ok,ok,ok,runtime_results
CVE-2014-6439,https://github.com/elastic/elasticsearch/commit/f9de8b65898509e038e33215db0720b508477a12,elastic/elasticsearch,elastic,elasticsearch,f9de8b65898509e038e33215db0720b508477a12,2014-09-09T09:22:34Z,7043,1702,2292,4504,10405,357,ok,,ok,ok,ok,ok,ok,ok,runtime_results
CVE-2019-10094,https://github.com/apache/tika/commit/c4e63c9be8665cccea8b680c59a6f5cfbc03e0fc;https://github.com/apache/tika/commit/1158d893dc952c573f7a12c7e4855cdce479fc2a;https://github.com/apache/tika/commit/22ff7564f2641ba195f192d7c59e9df4a3a10747;https://github.com/apache/tika/commit/b8655aad5efaef1c5d266676350f58743770fb5b;https://github.com/apache/tika/commit/426be73b9e7500fa3d441231fa4e473de34743f6,apache/tika,apache,tika,c4e63c9be8665cccea8b680c59a6f5cfbc03e0fc,2019-07-25T00:54:39Z,810,387,239,0,4527,100,ok,,ok,ok,ok,ok,ok,ok,runtime_results
CVE-2021-41561,https://github.com/apache/parquet-mr/commit/d022451f5e58e86b39f0a312d6251a0dc6bb7468,apache/parquet-mr,apache,parquet-mr,d022451f5e58e86b39f0a312d6251a0dc6bb7468,2021-09-22T15:41:10Z,1336,992,,,2309,190,partial_error,GitHub API error 422 for https://api.github.com/search/issues?q=repo%3Aapache/parquet-mr%20is%3Apr%20is%3Aclosed%20closed%3A%3C%3D2021-09-22T15%3A41%3A10Z&per_page=1: Validation Failed (https://docs.github.com/v3/search/); GitHub API error 422 for https://api.github.com/search/issues?q=repo%3Aapache/parquet-mr%20is%3Aissue%20is%3Aclosed%20closed%3A%3C%3D2021-09-22T15%3A41%3A10Z&per_page=1: Validation Failed (https://docs.github.com/v3/search/),ok,ok,non_retryable_error,non_retryable_error,ok,ok,runtime_results
CVE-2019-17563,https://github.com/apache/tomcat/commit/ab72a10,apache/tomcat,apache,tomcat,ab72a10,2019-12-07T20:19:50Z,3714,2346,217,0,21629,60,ok,,ok,ok,ok,ok,ok,ok,runtime_results
CVE-2019-17513,https://github.com/ratpack/ratpack/commit/efb910d38a96494256f36675ef0e5061097dd77d,ratpack/ratpack,ratpack,ratpack,efb910d38a96494256f36675ef0e5061097dd77d,2019-10-08T23:24:24Z,1709,320,454,863,5841,152,ok,,ok,ok,ok,ok,ok,ok,runtime_results
CVE-2021-22044,https://github.com/spring-cloud/spring-cloud-openfeign/commit/d6783a6f1ec8dd08fafe76ecd072913d4e6f66b9,spring-cloud/spring-cloud-openfeign,spring-cloud,spring-cloud-openfeign,d6783a6f1ec8dd08fafe76ecd072913d4e6f66b9,2021-10-21T10:14:19Z,670,405,183,364,2710,229,ok,,ok,ok,ok,ok,ok,ok,runtime_results
CVE-2018-1000125,https://github.com/inversoft/prime-jwt/commit/0d94dcef0133d699f21d217e922564adbb83a227,inversoft/prime-jwt,inversoft,prime-jwt,0d94dcef0133d699f21d217e922564adbb83a227,2018-01-30T16:38:18Z,2,0,,,85,2,partial_error,GitHub API error 422 for https://api.github.com/search/issues?q=repo%3Ainversoft/prime-jwt%20is%3Apr%20is%3Aclosed%20closed%3A%3C%3D2018-01-30T16%3A38%3A18Z&per_page=1: Validation Failed (https://docs.github.com/v3/search/); GitHub API error 422 for https://api.github.com/search/issues?q=repo%3Ainversoft/prime-jwt%20is%3Aissue%20is%3Aclosed%20closed%3A%3C%3D2018-01-30T16%3A38%3A18Z&per_page=1: Validation Failed (https://docs.github.com/v3/search/),ok,ok,non_retryable_error,non_retryable_error,ok,ok,runtime_results
CVE-2019-19343,https://github.com/jboss-remoting/jboss-remoting/commit/8df8d2c6335fd79ac3d350a8714a1bee67fb7d2f,jboss-remoting/jboss-remoting,jboss-remoting,jboss-remoting,8df8d2c6335fd79ac3d350a8714a1bee67fb7d2f,2019-09-10T20:37:06Z,22,72,210,1,1408,35,ok,,ok,ok,ok,ok,ok,ok,runtime_results
CVE-2018-14642,https://github.com/undertow-io/undertow/commit/dc22648efe16968242df5d793e3418afafcb36c0;https://github.com/undertow-io/undertow/commit/c46b7b49c5a561731c84a76ee52244369af1af8a,undertow-io/undertow,undertow-io,undertow,dc22648efe16968242df5d793e3418afafcb36c0,2018-10-29T06:34:07Z,1947,520,664,0,4393,140,ok,,ok,ok,ok,ok,ok,ok,runtime_results
CVE-2011-3190,https://github.com/apache/tomcat/commit/a2538ce78f83b7376c48d12d8247600079d789b1;https://github.com/apache/tomcat70/commit/90ec9675fa080e22df5f9e3e7019a19eb2faec14,apache/tomcat,apache,tomcat,a2538ce78f83b7376c48d12d8247600079d789b1,2011-08-29T19:44:53Z,0,0,0,0,6986,20,ok,,ok,ok,ok,ok,ok,ok,runtime_results
CVE-2010-1157,https://github.com/apache/tomcat/commit/a4de93b2aaf74fff7c1e194f7ce3d2228a9680b8;https://github.com/apache/tomcat/commit/db32c25e06e1b0a5a274cad4cfc1ad35ff7c0e9a,apache/tomcat,apache,tomcat,a4de93b2aaf74fff7c1e194f7ce3d2228a9680b8,2010-04-21T22:11:29Z,0,0,0,0,4120,17,ok,,ok,ok,ok,ok,ok,ok,runtime_results
CVE-2020-10688,https://github.com/resteasy/Resteasy/commit/caef05ade16fd12c581cbc7177c191b87591757c,resteasy/Resteasy,resteasy,Resteasy,caef05ade16fd12c581cbc7177c191b87591757c,2020-03-24T17:32:48Z,835,713,2259,0,4456,229,ok,,ok,ok,ok,ok,ok,ok,runtime_results
CVE-2017-15703,https://github.com/apache/nifi/commit/9e2c7be7d3c6a380c5f61074d9a5a690b617c3dc,apache/nifi,apache,nifi,9e2c7be7d3c6a380c5f61074d9a5a690b617c3dc,2017-09-22T18:31:38Z,595,494,2062,0,3851,183,ok,,ok,ok,ok,ok,ok,ok,runtime_results
CVE-2019-0231,https://github.com/apache/mina/commit/294b8ce638df6e237e819537b333e02853bb612c,apache/mina,apache,mina,294b8ce638df6e237e819537b333e02853bb612c,2019-04-07T19:11:25Z,626,310,6,0,2401,25,ok,,ok,ok,ok,ok,ok,ok,runtime_results
CVE-2019-17573,https://github.com/apache/cxf/commit/a02e96ba1095596bef481919f16a90c5e80a92c8,apache/cxf,apache,cxf,a02e96ba1095596bef481919f16a90c5e80a92c8,2020-01-07T15:23:46Z,573,954,593,0,15380,180,ok,,ok,ok,ok,ok,ok,ok,runtime_results
CVE-2011-1475,https://github.com/apache/tomcat/commit/df3b24b87f8d2e6a5f4fea57f687e76a0f5124d7,apache/tomcat,apache,tomcat,df3b24b87f8d2e6a5f4fea57f687e76a0f5124d7,2011-03-28T19:15:06Z,0,0,0,0,6158,20,ok,,ok,ok,ok,ok,ok,ok,runtime_results
CVE-2018-8030,https://github.com/apache/qpid-broker-j/commit/881323e56620ea069d52885842652a6fbf3403c0,apache/qpid-broker-j,apache,qpid-broker-j,881323e56620ea069d52885842652a6fbf3403c0,2018-06-06T13:27:13Z,6,8,5,0,8555,42,ok,,ok,ok,ok,ok,ok,ok,runtime_results
CVE-2009-2693,https://github.com/apache/tomcat55/commit/0299cb724ea71f304d54adfcdb950f59b01fb421;https://github.com/apache/tomcat/commit/4b0e7e7a9f28e707f26fcbba3a1526e5053e6fa8,apache/tomcat55,apache,tomcat55,0299cb724ea71f304d54adfcdb950f59b01fb421,2010-01-24T21:43:11Z,0,0,0,0,172,5,ok,,ok,ok,ok,ok,ok,ok,runtime_results
CVE-2017-7672,https://github.com/apache/struts/commit/931df54ab379bf4eb5a625bf05066b8563c3737b,apache/struts,apache,struts,931df54ab379bf4eb5a625bf05066b8563c3737b,2016-11-16T06:46:29Z,433,299,111,0,4688,60,ok,,ok,ok,ok,ok,ok,ok,runtime_results
CVE-2018-1114,https://github.com/undertow-io/undertow/commit/7f22aa0090296eb00280f878e3731bb71d40f9e;https://github.com/undertow-io/undertow/commit/882d5884f2614944a0c2ae69bafd9d13bfc5b64,undertow-io/undertow,undertow-io,undertow,7f22aa0090296eb00280f878e3731bb71d40f9e,2018-04-24T00:51:56Z,1776,466,626,0,4263,130,ok,,ok,ok,ok,ok,ok,ok,runtime_results
CVE-2014-1904,https://github.com/spring-projects/spring-framework/commit/741b4b229ae032bd17175b46f98673ce0bd2d485;https://github.com/spring-projects/spring-framework/commit/14e5a02870f9ef90df6171c63ee23d0db5c29809;https://github.com/spring-projects/spring-framework/commit/8e096aeef55287dc829484996c9330cf755891a1,spring-projects/spring-framework,spring-projects,spring-framework,741b4b229ae032bd17175b46f98673ce0bd2d485,2014-02-13T19:36:12Z,2436,1421,393,9105,7985,95,ok,,ok,ok,ok,ok,ok,ok,runtime_results
CVE-2021-26117,https://github.com/apache/activemq-artemis/commit/ec1c5a96c74b24f2c9a6f0919a1a180721c5c6b9,apache/activemq-artemis,apache,activemq-artemis,ec1c5a96c74b24f2c9a6f0919a1a180721c5c6b9,2020-09-07T15:32:57Z,590,506,,,7734,205,partial_error,GitHub API error 422 for https://api.github.com/search/issues?q=repo%3Aapache/activemq-artemis%20is%3Apr%20is%3Aclosed%20closed%3A%3C%3D2020-09-07T15%3A32%3A57Z&per_page=1: Validation Failed (https://docs.github.com/v3/search/); GitHub API error 422 for https://api.github.com/search/issues?q=repo%3Aapache/activemq-artemis%20is%3Aissue%20is%3Aclosed%20closed%3A%3C%3D2020-09-07T15%3A32%3A57Z&per_page=1: Validation Failed (https://docs.github.com/v3/search/),ok,ok,non_retryable_error,non_retryable_error,ok,ok,runtime_results
CVE-2019-16942,https://github.com/FasterXML/jackson-databind/commit/54aa38d87dcffa5ccc23e64922e9536c82c1b9c8,FasterXML/jackson-databind,FasterXML,jackson-databind,54aa38d87dcffa5ccc23e64922e9536c82c1b9c8,2019-09-29T19:12:38Z,2086,737,401,1713,5627,189,ok,,ok,ok,ok,ok,ok,ok,runtime_results
CVE-2021-27807,https://github.com/apache/pdfbox/commit/c978d742bd64137aacdba346f3afe7238a5ac9a7,apache/pdfbox,apache,pdfbox,c978d742bd64137aacdba346f3afe7238a5ac9a7,2021-03-13T12:45:11Z,1310,497,90,0,9792,18,ok,,ok,ok,ok,ok,ok,ok,runtime_results
CVE-2020-1935,https://github.com/apache/tomcat/commit/060ecc5eb839208687b7fcc9e35287ac8eb46998,apache/tomcat,apache,tomcat,060ecc5eb839208687b7fcc9e35287ac8eb46998,2020-02-04T14:27:50Z,3867,2432,223,0,21791,60,ok,,ok,ok,ok,ok,ok,ok,runtime_results
CVE-2020-1963,https://github.com/apache/ignite/commit/02b0439639a9dab264cdb3ed4081c231e0079c13,apache/ignite,apache,ignite,02b0439639a9dab264cdb3ed4081c231e0079c13,2020-04-27T08:20:19Z,2997,1297,6968,0,26740,332,ok,,ok,ok,ok,ok,ok,ok,runtime_results
CVE-2018-1000820,https://github.com/neo4j-contrib/neo4j-apoc-procedures/commit/45bc09c8bd7f17283e2a7e85ce3f02cb4be4fd1a;https://github.com/neo4j-contrib/neo4j-apoc-procedures/commit/e04325c48663994af0bab69a551ad64be2219708,neo4j-contrib/neo4j-apoc-procedures,neo4j-contrib,neo4j-apoc-procedures,45bc09c8bd7f17283e2a7e85ce3f02cb4be4fd1a,2018-10-26T11:34:18Z,643,155,334,373,834,74,ok,,ok,ok,ok,ok,ok,ok,runtime_results
CVE-2020-17530,https://github.com/apache/struts/commit/dfa8fb3e4c3c3220f72135fa779006d9dde747bf,apache/struts,apache,struts,dfa8fb3e4c3c3220f72135fa779006d9dde747bf,2020-11-25T16:12:57Z,986,606,444,0,5997,92,ok,,ok,ok,ok,ok,ok,ok,runtime_results
CVE-2017-2617,https://github.com/hawtio/hawtio/commit/93e239db33e02be226197e6e192de0c90d19c0ea;https://github.com/hawtio/hawtio/commit/8cf6848f4d4d4917a4551c9aa49dc00f699eb569,hawtio/hawtio,hawtio,hawtio,93e239db33e02be226197e6e192de0c90d19c0ea,2017-09-22T04:35:44Z,815,325,422,1677,8207,111,ok,,ok,ok,ok,ok,ok,ok,runtime_results
CVE-2019-5427,https://github.com/swaldman/c3p0/commit/f38f27635c384806c2a9d6500d80183d9f09d78b,swaldman/c3p0,swaldman,c3p0,f38f27635c384806c2a9d6500d80183d9f09d78b,2019-03-16T05:29:39Z,895,234,6,51,352,8,ok,,ok,ok,ok,ok,ok,ok,runtime_results
CVE-2016-0750,https://github.com/infinispan/infinispan/commit/d943b44994fc5738a6146493042861cfe8e3cbb1;https://github.com/infinispan/infinispan/commit/e893f259a4d53587565bfec2e3c4fcb6cd0e65e6,infinispan/infinispan,infinispan,infinispan,d943b44994fc5738a6146493042861cfe8e3cbb1,2017-06-01T13:54:25Z,501,313,5100,0,9390,141,ok,,ok,ok,ok,ok,ok,ok,runtime_results
CVE-2020-7647,https://github.com/jooby-project/jooby/commit/34f526028e6cd0652125baa33936ffb6a8a4a009,jooby-project/jooby,jooby-project,jooby,34f526028e6cd0652125baa33936ffb6a8a4a009,2020-05-10T03:07:31Z,1057,126,516,1180,2973,75,ok,,ok,ok,ok,ok,ok,ok,runtime_results
CVE-2018-1000129,https://github.com/rhuss/jolokia/commit/5895d5c137c335e6b473e9dcb9baf748851bbc5f,rhuss/jolokia,rhuss,jolokia,5895d5c137c335e6b473e9dcb9baf748851bbc5f,2018-01-24T09:35:53Z,480,130,,,1846,56,partial_error,GitHub API error 422 for https://api.github.com/search/issues?q=repo%3Arhuss/jolokia%20is%3Apr%20is%3Aclosed%20closed%3A%3C%3D2018-01-24T09%3A35%3A53Z&per_page=1: Validation Failed (https://docs.github.com/v3/search/); GitHub API error 422 for https://api.github.com/search/issues?q=repo%3Arhuss/jolokia%20is%3Aissue%20is%3Aclosed%20closed%3A%3C%3D2018-01-24T09%3A35%3A53Z&per_page=1: Validation Failed (https://docs.github.com/v3/search/),ok,ok,non_retryable_error,non_retryable_error,ok,ok,runtime_results
CVE-2020-5398,https://github.com/spring-projects/spring-framework/commit/0583b334b46cf2a591c72c2708ee3d2ac5d2b58c,spring-projects/spring-framework,spring-projects,spring-framework,0583b334b46cf2a591c72c2708ee3d2ac5d2b58c,2020-01-07T07:17:55Z,31913,19301,2395,18126,20170,505,ok,,ok,ok,ok,ok,ok,ok,runtime_results
CVE-2021-22160,https://github.com/apache/pulsar/commit/bdd062b4d822ab4487472af4a1561a51ce42900c,apache/pulsar,apache,pulsar,bdd062b4d822ab4487472af4a1561a51ce42900c,2021-02-18T14:08:30Z,6901,1617,6385,2069,6065,373,ok,,ok,ok,ok,ok,ok,ok,runtime_results
CVE-2020-5529,https://github.com/HtmlUnit/htmlunit/commit/934390fefcd2cd58e6d86f2bc19d811ae17bfa28,HtmlUnit/htmlunit,HtmlUnit,htmlunit,934390fefcd2cd58e6d86f2bc19d811ae17bfa28,2020-01-24T18:59:38Z,234,45,14,68,15507,20,ok,,ok,ok,ok,ok,ok,ok,runtime_results
CVE-2017-5647,https://github.com/apache/tomcat80/commit/ec10b8c785d1db91fe58946436f854dde04410fd,apache/tomcat80,apache,tomcat80,ec10b8c785d1db91fe58946436f854dde04410fd,2017-03-27T19:52:30Z,50,44,5,0,15465,28,ok,,ok,ok,ok,ok,ok,ok,runtime_results
CVE-2016-4970,https://github.com/netty/netty/commit/9e2c400f89c5badc39919f811179d3d42ac5257c,netty/netty,netty,netty,9e2c400f89c5badc39919f811179d3d42ac5257c,2016-06-07T15:59:13Z,6268,2695,2349,2681,7424,267,ok,,ok,ok,ok,ok,ok,ok,runtime_results
CVE-2016-4000,https://github.com/jythontools/jython/commit/4c337213bd2964bb36cef2d31509b49647ca6f2a,jythontools/jython,jythontools,jython,4c337213bd2964bb36cef2d31509b49647ca6f2a,2016-02-02T03:37:01Z,40,25,,,7871,66,partial_error,GitHub API error 422 for https://api.github.com/search/issues?q=repo%3Ajythontools/jython%20is%3Apr%20is%3Aclosed%20closed%3A%3C%3D2016-02-02T03%3A37%3A01Z&per_page=1: Validation Failed (https://docs.github.com/v3/search/); GitHub API error 422 for https://api.github.com/search/issues?q=repo%3Ajythontools/jython%20is%3Aissue%20is%3Aclosed%20closed%3A%3C%3D2016-02-02T03%3A37%3A01Z&per_page=1: Validation Failed (https://docs.github.com/v3/search/),ok,ok,non_retryable_error,non_retryable_error,ok,ok,runtime_results
CVE-2015-0263,https://github.com/apache/camel/commit/7d19340bcdb42f7aae584d9c5003ac4f7ddaee36,apache/camel,apache,camel,7d19340bcdb42f7aae584d9c5003ac4f7ddaee36,2015-03-02T07:15:45Z,330,384,390,0,19071,139,ok,,ok,ok,ok,ok,ok,ok,runtime_results
CVE-2021-39152,https://github.com/x-stream/xstream/commit/652d72f38b33938c54fd3b2ef626cb7dce38001c,x-stream/xstream,x-stream,xstream,652d72f38b33938c54fd3b2ef626cb7dce38001c,2021-05-26T17:43:09Z,566,136,64,169,2809,34,ok,,ok,ok,ok,ok,ok,ok,runtime_results
CVE-2017-1000487,https://github.com/codehaus-plexus/plexus-utils/commit/b38a1b3a4352303e4312b2bb601a0d7ec6e28f41,codehaus-plexus/plexus-utils,codehaus-plexus,plexus-utils,b38a1b3a4352303e4312b2bb601a0d7ec6e28f41,2013-10-23T17:48:13Z,0,0,0,0,686,33,ok,,ok,ok,ok,ok,ok,ok,runtime_results
CVE-2016-8745,https://github.com/apache/tomcat/commit/cbc9b18a845d3c8c053ac293dffda6c6c19dd92b,apache/tomcat,apache,tomcat,cbc9b18a845d3c8c053ac293dffda6c6c19dd92b,2016-11-29T08:34:19Z,1012,701,32,0,17799,36,ok,,ok,ok,ok,ok,ok,ok,runtime_results
CVE-2019-10241,https://github.com/eclipse/jetty.project/commit/ca77bd384a2970cabbbdab25cf6251c6fb76cd21,eclipse/jetty.project,eclipse,jetty.project,ca77bd384a2970cabbbdab25cf6251c6fb76cd21,2019-04-03T21:28:26Z,2222,1114,,,18351,130,partial_error,GitHub API error 422 for https://api.github.com/search/issues?q=repo%3Aeclipse/jetty.project%20is%3Apr%20is%3Aclosed%20closed%3A%3C%3D2019-04-03T21%3A28%3A26Z&per_page=1: Validation Failed (https://docs.github.com/v3/search/); GitHub API error 422 for https://api.github.com/search/issues?q=repo%3Aeclipse/jetty.project%20is%3Aissue%20is%3Aclosed%20closed%3A%3C%3D2019-04-03T21%3A28%3A26Z&per_page=1: Validation Failed (https://docs.github.com/v3/search/),ok,ok,non_retryable_error,non_retryable_error,ok,ok,runtime_results
CVE-2015-5346,https://github.com/apache/tomcat/commit/0dd9e7811a06e0e131da734eb706a1db4a77119c,apache/tomcat,apache,tomcat,0dd9e7811a06e0e131da734eb706a1db4a77119c,2016-01-06T21:52:24Z,591,415,22,0,16433,35,ok,,ok,ok,ok,ok,ok,ok,runtime_results
CVE-2016-6345,https://github.com/resteasy/Resteasy/commit/52195b4afe2be1ff5addcdab487cf44365ebde6a,resteasy/Resteasy,resteasy,Resteasy,52195b4afe2be1ff5addcdab487cf44365ebde6a,2016-09-14T00:15:43Z,456,476,882,0,3290,152,ok,,ok,ok,ok,ok,ok,ok,runtime_results
CVE-2017-7556,https://github.com/hawtio/hawtio/commit/7790c85b1750e0dc01e70fe9dc8e6fa70ac4be15,hawtio/hawtio,hawtio,hawtio,7790c85b1750e0dc01e70fe9dc8e6fa70ac4be15,2017-08-16T12:36:25Z,803,322,418,1671,8159,111,ok,,ok,ok,ok,ok,ok,ok,runtime_results
CVE-2015-7559,https://github.com/apache/activemq/commit/338a74d;https://github.com/apache/activemq/commit/b8fc78e,apache/activemq,apache,activemq,338a74d,2016-10-18T10:04:11Z,534,412,164,0,9535,85,ok,,ok,ok,ok,ok,ok,ok,runtime_results
CVE-2013-0239,https://github.com/apache/cxf/commit/295a4e2f9eb3e7e0513980202949ccc424dee2d4,apache/cxf,apache,cxf,295a4e2f9eb3e7e0513980202949ccc424dee2d4,2013-01-25T10:26:30Z,0,0,0,0,6512,28,ok,,ok,ok,ok,ok,ok,ok,runtime_results
CVE-2014-7816,https://github.com/undertow-io/undertow/commit/ab8ba2adc9ca508dc22e41f1b63c34c5a78e80a1,undertow-io/undertow,undertow-io,undertow,ab8ba2adc9ca508dc22e41f1b63c34c5a78e80a1,2014-10-27T22:18:34Z,426,125,258,0,2605,62,ok,,ok,ok,ok,ok,ok,ok,runtime_results
CVE-2016-4999,https://github.com/dashbuilder/dashbuilder/commit/8574899e3b6455547b534f570b2330ff772e524b,dashbuilder/dashbuilder,dashbuilder,dashbuilder,8574899e3b6455547b534f570b2330ff772e524b,2016-06-27T16:05:57Z,25,29,185,4,1097,18,ok,,ok,ok,ok,ok,ok,ok,runtime_results
CVE-2020-1950,https://github.com/apache/tika/commit/750d7790c7d8ba766f2794fac79521d5870eadfb,apache/tika,apache,tika,750d7790c7d8ba766f2794fac79521d5870eadfb,2020-02-24T18:34:11Z,918,444,268,0,4672,106,ok,,ok,ok,ok,ok,ok,ok,runtime_results
CVE-2019-10247,https://github.com/eclipse/jetty.project/commit/b0f72a87d5b35ff0a814143fb1725f7c6fc4e0d7;https://github.com/eclipse/jetty.project/commit/7746c83ad6c4f71ceb60e6ed29d3411a09d0e9db,eclipse/jetty.project,eclipse,jetty.project,b0f72a87d5b35ff0a814143fb1725f7c6fc4e0d7,2019-04-17T17:16:18Z,2235,1122,,,18451,130,partial_error,GitHub API error 422 for https://api.github.com/search/issues?q=repo%3Aeclipse/jetty.project%20is%3Apr%20is%3Aclosed%20closed%3A%3C%3D2019-04-17T17%3A16%3A18Z&per_page=1: Validation Failed (https://docs.github.com/v3/search/); GitHub API error 422 for https://api.github.com/search/issues?q=repo%3Aeclipse/jetty.project%20is%3Aissue%20is%3Aclosed%20closed%3A%3C%3D2019-04-17T17%3A16%3A18Z&per_page=1: Validation Failed (https://docs.github.com/v3/search/),ok,ok,non_retryable_error,non_retryable_error,ok,ok,runtime_results
CVE-2014-0003,https://github.com/apache/camel/commit/c6de749e9b3c7b61861c5480e91550290585224d,apache/camel,apache,camel,c6de749e9b3c7b61861c5480e91550290585224d,2014-01-10T09:19:34Z,152,128,65,0,15699,57,ok,,ok,ok,ok,ok,ok,ok,runtime_results
CVE-2011-2088,https://github.com/apache/struts/commit/885ab3459e146ff830d1f7257f809f4a3dd4493a,apache/struts,apache,struts,885ab3459e146ff830d1f7257f809f4a3dd4493a,2011-03-02T21:01:01Z,0,0,0,0,2703,29,ok,,ok,ok,ok,ok,ok,ok,runtime_results
CVE-2012-2733,https://github.com/apache/tomcat/commit/f7a1b83,apache/tomcat,apache,tomcat,f7a1b83,2012-06-14T15:24:34Z,38,4,0,0,8300,21,ok,,ok,ok,ok,ok,ok,ok,runtime_results
CVE-2016-3082,https://github.com/apache/struts/commit/6bd694b7980494c12d49ca1bf39f12aec3e03e2f,apache/struts,apache,struts,6bd694b7980494c12d49ca1bf39f12aec3e03e2f,2016-05-04T07:19:18Z,331,235,90,0,4491,57,ok,,ok,ok,ok,ok,ok,ok,runtime_results
CVE-2016-4003,https://github.com/apache/struts/commit/5421930b49822606792f36653b17d3d95ef106f9;https://github.com/apache/struts/commit/72471d7075681bea52046645ad7aa34e9c53751e,apache/struts,apache,struts,5421930b49822606792f36653b17d3d95ef106f9,2016-01-14T13:52:03Z,265,201,66,0,4271,54,ok,,ok,ok,ok,ok,ok,ok,runtime_results
CVE-2021-29043,https://github.com/community-security-team/liferay-portal/commit/ce56c3137a8a97ffdad8a3e95ede563dd97c946f,community-security-team/liferay-portal,community-security-team,liferay-portal,ce56c3137a8a97ffdad8a3e95ede563dd97c946f,2021-05-11T01:22:22Z,10,10,8,0,485213,895,ok,,ok,ok,ok,ok,ok,ok,runtime_results
CVE-2013-1966,https://github.com/apache/struts/commit/7e6f641ebb142663cbd1653dc49bed725edf7f56,apache/struts,apache,struts,7e6f641ebb142663cbd1653dc49bed725edf7f56,2013-04-18T09:49:41Z,0,0,0,0,3274,31,ok,,ok,ok,ok,ok,ok,ok,runtime_results
CVE-2014-0034,https://github.com/apache/cxf/commit/b4b9a010bb23059251400455afabddee15b46127,apache/cxf,apache,cxf,b4b9a010bb23059251400455afabddee15b46127,2013-12-16T15:18:58Z,0,0,0,0,8131,29,ok,,ok,ok,ok,ok,ok,ok,runtime_results
CVE-2020-1926,https://github.com/apache/hive/commit/ee5a6be81a87bb21b3779edad6e61b67b365997b,apache/hive,apache,hive,ee5a6be81a87bb21b3779edad6e61b67b365997b,2020-12-10T01:24:50Z,3279,2762,1598,0,15061,404,ok,,ok,ok,ok,ok,ok,ok,runtime_results
CVE-2020-11987,https://github.com/apache/xmlgraphics-batik/commit/0ef5b661a1f77772d1110877ea9e0287987098f6,apache/xmlgraphics-batik,apache,xmlgraphics-batik,0ef5b661a1f77772d1110877ea9e0287987098f6,2020-06-02T13:59:37Z,104,74,18,0,3522,21,ok,,ok,ok,ok,ok,ok,ok,runtime_results
CVE-2011-1183,https://github.com/apache/tomcat/commit/b06f06375a1ff20c7fb949771e77360225e3ff41,apache/tomcat,apache,tomcat,b06f06375a1ff20c7fb949771e77360225e3ff41,2011-04-01T10:49:43Z,0,0,0,0,6197,20,ok,,ok,ok,ok,ok,ok,ok,runtime_results
CVE-2015-5255,https://github.com/apache/flex-blazeds/commit/561d840192afad20225bcedbd8766a624280be6b,apache/flex-blazeds,apache,flex-blazeds,561d840192afad20225bcedbd8766a624280be6b,2015-10-24T07:17:56Z,10,17,0,0,62,5,ok,,ok,ok,ok,ok,ok,ok,runtime_results
CVE-2019-12423,https://github.com/apache/cxf/commit/2de7e14eb95626fffef6f61365186de9a1c9de3d;https://github.com/apache/cxf/commit/8b40fdba289c62f4defae51c1f76860f0159c441,apache/cxf,apache,cxf,2de7e14eb95626fffef6f61365186de9a1c9de3d,2019-11-14T17:05:10Z,561,939,576,0,15290,176,ok,,ok,ok,ok,ok,ok,ok,runtime_results
CVE-2020-1953,https://github.com/apache/commons-configuration/commit/add7375cf37fd316d4838c6c56b054fc293b4641,apache/commons-configuration,apache,commons-configuration,add7375cf37fd316d4838c6c56b054fc293b4641,2020-03-04T20:33:22Z,87,77,25,0,3166,36,ok,,ok,ok,ok,ok,ok,ok,runtime_results
CVE-2020-26945,https://github.com/mybatis/mybatis-3/commit/9caf480e05c389548c9889362c2cb080d728b5d8,mybatis/mybatis-3,mybatis,mybatis-3,9caf480e05c389548c9889362c2cb080d728b5d8,2020-10-03T17:37:07Z,13391,8132,981,938,3561,195,ok,,ok,ok,ok,ok,ok,ok,runtime_results
CVE-2018-11761,https://github.com/apache/tika/commit/bd9d75d8b0a85af2937047bfad04288c3044b2a6;https://github.com/apache/tika/commit/148adec1016acc122fa5e972f75d7029376998d9;https://github.com/apache/tika/commit/4e67928412ad56333d400f3728ecdb59d07d9d63,apache/tika,apache,tika,bd9d75d8b0a85af2937047bfad04288c3044b2a6,2018-08-03T17:16:09Z,630,311,223,0,4279,94,ok,,ok,ok,ok,ok,ok,ok,runtime_results
CVE-2016-4433,https://github.com/apache/struts/commit/b28b78c062f0bf3c79793a25aab8c9b6c12bce6e,apache/struts,apache,struts,b28b78c062f0bf3c79793a25aab8c9b6c12bce6e,2016-06-03T11:10:58Z,343,245,93,0,4531,57,ok,,ok,ok,ok,ok,ok,ok,runtime_results
CVE-2017-2594,https://github.com/hawtio/hawtio/commit/765c7c51ef9546ddca0bbf08b2961272041a22fe,hawtio/hawtio,hawtio,hawtio,765c7c51ef9546ddca0bbf08b2961272041a22fe,2017-02-08T10:26:41Z,729,299,374,1637,7909,105,ok,,ok,ok,ok,ok,ok,ok,runtime_results
CVE-2017-1000208,https://github.com/swagger-api/swagger-parser/commit/98f620c5622b0852958e01562c25988e57d80252,swagger-api/swagger-parser,swagger-api,swagger-parser,98f620c5622b0852958e01562c25988e57d80252,2017-07-14T18:41:42Z,126,134,216,212,857,58,ok,,ok,ok,ok,ok,ok,ok,runtime_results
CVE-2020-1960,https://github.com/apache/flink/commit/58b58f4b16a2e25c95b465377d43a51ad8ef3f6a,apache/flink,apache,flink,58b58f4b16a2e25c95b465377d43a51ad8ef3f6a,2020-04-09T14:56:58Z,11729,5707,11150,0,21143,890,ok,,ok,ok,ok,ok,ok,ok,runtime_results
CVE-2014-7808,https://github.com/apache/wicket/commit/d2b8848346b8f806e747dca18799d70c37fc893f,apache/wicket,apache,wicket,d2b8848346b8f806e747dca18799d70c37fc893f,2014-11-25T11:16:47Z,196,90,72,0,18305,55,ok,,ok,ok,ok,ok,ok,ok,runtime_results
CVE-2020-35215,https://github.com/atomix/atomix/commit/21ff37510694371855a0f563b98b0cff93f91694,atomix/atomix,atomix,atomix,21ff37510694371855a0f563b98b0cff93f91694,2019-01-16T20:23:05Z,1398,216,753,192,0,0,ok,,ok,ok,ok,ok,ok,ok,runtime_results
CVE-2019-3894,https://github.com/wildfly/wildfly/commit/84975f8a4dd5f243c7ff5122c0d36783b116a0d7,wildfly/wildfly,wildfly,wildfly,84975f8a4dd5f243c7ff5122c0d36783b116a0d7,2019-03-20T10:01:48Z,2039,1512,12017,0,27853,416,ok,,ok,ok,ok,ok,ok,ok,runtime_results
CVE-2017-5662,https://github.com/apache/batik/commit/6ab669f073c23a443d78a7a08aea2fd4de10da8c;https://github.com/apache/batik/commit/998cabf7af08852e8305f60b5e4c0b6721c47667,apache/batik,apache,batik,6ab669f073c23a443d78a7a08aea2fd4de10da8c,2016-05-11T08:45:03Z,30,22,,,3406,21,partial_error,GitHub API error 422 for https://api.github.com/search/issues?q=repo%3Aapache/batik%20is%3Apr%20is%3Aclosed%20closed%3A%3C%3D2016-05-11T08%3A45%3A03Z&per_page=1: Validation Failed (https://docs.github.com/v3/search/); GitHub API error 422 for https://api.github.com/search/issues?q=repo%3Aapache/batik%20is%3Aissue%20is%3Aclosed%20closed%3A%3C%3D2016-05-11T08%3A45%3A03Z&per_page=1: Validation Failed (https://docs.github.com/v3/search/),ok,ok,non_retryable_error,non_retryable_error,ok,ok,runtime_results
CVE-2015-0225,https://github.com/apache/cassandra/commit/c041ea8b3748089937168839791a6d64382b34de;https://github.com/apache/cassandra/commit/2433068c157cd21d4217c98ec5c0b9a2c07e288d,apache/cassandra,apache,cassandra,c041ea8b3748089937168839791a6d64382b34de,2015-03-30T13:38:50Z,1723,596,42,0,16338,137,ok,,ok,ok,ok,ok,ok,ok,runtime_results
CVE-2020-13920,https://github.com/apache/activemq/commit/5263883d37ee9df336776f8f906aebfb13189ece,apache/activemq,apache,activemq,5263883d37ee9df336776f8f906aebfb13189ece,2020-02-24T12:25:08Z,1566,980,421,0,10462,128,ok,,ok,ok,ok,ok,ok,ok,runtime_results
CVE-2016-10027,https://github.com/igniterealtime/Smack/commit/059ee99ba0d5ff7758829acf5a9aeede09ec820b;https://github.com/igniterealtime/Smack/commit/a9d5cd4a611f47123f9561bc5a81a4555fe7cb04,igniterealtime/Smack,igniterealtime,Smack,059ee99ba0d5ff7758829acf5a9aeede09ec820b,2016-11-14T19:31:13Z,1007,408,88,0,2900,64,ok,,ok,ok,ok,ok,ok,ok,runtime_results
CVE-2021-39140,https://github.com/x-stream/xstream/commit/652d72f38b33938c54fd3b2ef626cb7dce38001c,x-stream/xstream,x-stream,xstream,652d72f38b33938c54fd3b2ef626cb7dce38001c,2021-05-26T17:43:09Z,566,136,64,169,2809,34,ok,,ok,ok,ok,ok,ok,ok,runtime_results
CVE-2014-0225,https://github.com/spring-projects/spring-framework/commit/c6503ebbf7c9e21ff022c58706dbac5417b2b5eb,spring-projects/spring-framework,spring-projects,spring-framework,c6503ebbf7c9e21ff022c58706dbac5417b2b5eb,2014-05-20T02:43:14Z,2858,1804,486,9434,8540,107,ok,,ok,ok,ok,ok,ok,ok,runtime_results
CVE-2018-1307,https://github.com/apache/juddi/commit/248b39c73e0c7809c42a9accd35f354869f11666,apache/juddi,apache,juddi,248b39c73e0c7809c42a9accd35f354869f11666,2017-11-11T17:29:48Z,6,10,0,0,2832,14,ok,,ok,ok,ok,ok,ok,ok,runtime_results
CVE-2017-2670,https://github.com/undertow-io/undertow/commit/3ad7537d0bfeed5950afda0428ea704e5f00d815;https://github.com/undertow-io/undertow/commit/9bfe9fbbb595d51157b61693f072895f7dbadd1d,undertow-io/undertow,undertow-io,undertow,3ad7537d0bfeed5950afda0428ea704e5f00d815,2017-06-12T20:50:19Z,1429,384,510,0,3955,116,ok,,ok,ok,ok,ok,ok,ok,runtime_results
CVE-2019-11777,https://github.com/eclipse/paho.mqtt.java/commit/a0bbf1e7da158ae191582f032343c6171e6a0b44,eclipse/paho.mqtt.java,eclipse,paho.mqtt.java,a0bbf1e7da158ae191582f032343c6171e6a0b44,2018-03-26T09:53:18Z,514,268,,,548,42,partial_error,GitHub API error 422 for https://api.github.com/search/issues?q=repo%3Aeclipse/paho.mqtt.java%20is%3Apr%20is%3Aclosed%20closed%3A%3C%3D2018-03-26T09%3A53%3A18Z&per_page=1: Validation Failed (https://docs.github.com/v3/search/); GitHub API error 422 for https://api.github.com/search/issues?q=repo%3Aeclipse/paho.mqtt.java%20is%3Aissue%20is%3Aclosed%20closed%3A%3C%3D2018-03-26T09%3A53%3A18Z&per_page=1: Validation Failed (https://docs.github.com/v3/search/),ok,ok,non_retryable_error,non_retryable_error,ok,ok,runtime_results
CVE-2012-2098,https://github.com/apache/commons-compress/commit/8f702469cbf4c451b6dea349290bc4af0f6f76c7,apache/commons-compress,apache,commons-compress,8f702469cbf4c451b6dea349290bc4af0f6f76c7,2012-05-20T18:50:36Z,1,1,0,0,1048,18,ok,,ok,ok,ok,ok,ok,ok,runtime_results
CVE-2015-2080,https://github.com/eclipse/jetty.project/commit/4df5647f6dfdc5fa7abb812afe9290d60b17c098;https://github.com/eclipse/jetty.project/commit/3e7b5f0fa918633ec24bd1bc23d6ee76d32c7729,eclipse/jetty.project,eclipse,jetty.project,4df5647f6dfdc5fa7abb812afe9290d60b17c098,2015-02-23T21:44:53Z,365,217,,,10456,24,partial_error,GitHub API error 422 for https://api.github.com/search/issues?q=repo%3Aeclipse/jetty.project%20is%3Apr%20is%3Aclosed%20closed%3A%3C%3D2015-02-23T21%3A44%3A53Z&per_page=1: Validation Failed (https://docs.github.com/v3/search/); GitHub API error 422 for https://api.github.com/search/issues?q=repo%3Aeclipse/jetty.project%20is%3Aissue%20is%3Aclosed%20closed%3A%3C%3D2015-02-23T21%3A44%3A53Z&per_page=1: Validation Failed (https://docs.github.com/v3/search/),ok,ok,non_retryable_error,non_retryable_error,ok,ok,runtime_results
CVE-2022-23640,https://github.com/monitorjbl/excel-streaming-reader/commit/62470065c35871076ad14480d2df26d9c5c3700a,monitorjbl/excel-streaming-reader,monitorjbl,excel-streaming-reader,62470065c35871076ad14480d2df26d9c5c3700a,2018-11-10T01:12:59Z,385,144,55,69,253,34,ok,,ok,ok,ok,ok,ok,ok,runtime_results
CVE-2013-4330,https://github.com/apache/camel/commit/3215fe50dd42c83a7a454dd36486843fe36eae4,apache/camel,apache,camel,3215fe50dd42c83a7a454dd36486843fe36eae4,2013-09-15T13:15:09Z,127,86,28,0,14961,43,ok,,ok,ok,ok,ok,ok,ok,runtime_results
CVE-2013-2035,https://github.com/fusesource/hawtjni/commit/92c266170ce98edc200c656bd034a237098b8aa5,fusesource/hawtjni,fusesource,hawtjni,92c266170ce98edc200c656bd034a237098b8aa5,2013-05-13T12:41:14Z,14,5,2,1,155,3,ok,,ok,ok,ok,ok,ok,ok,runtime_results
CVE-2017-12165,https://github.com/undertow-io/undertow/commit/691440ee58259fba76711b60d56dde6679808bdc,undertow-io/undertow,undertow-io,undertow,691440ee58259fba76711b60d56dde6679808bdc,2017-06-08T14:20:10Z,1423,383,509,0,3953,116,ok,,ok,ok,ok,ok,ok,ok,runtime_results
CVE-2016-3674,https://github.com/x-stream/xstream/commit/696ec886a23dae880cf12e34e1fe09c5df8fe94;https://github.com/x-stream/xstream/commit/5b5cd6d8137f645c5d57b648afb1a305967aa7f;https://github.com/x-stream/xstream/commit/e4f1457e681e015be83c6b0b84947676980e29d;https://github.com/x-stream/xstream/commit/25c6704bea149ee93c294ae5b6e0aecd182fea88;https://github.com/x-stream/xstream/commit/87172cfc1dd7f8f6e137963c778b03efd14ac446;https://github.com/x-stream/xstream/commit/806949e1b3c22a3b31819a37402489a0303221a;https://github.com/x-stream/xstream/commit/7c77ac0397a1f93c69d2776a13c31957f55d1647;https://github.com/x-stream/xstream/commit/c9b121a88664988ccbabd83fa27bfc2a5e0bd139,x-stream/xstream,x-stream,xstream,696ec886a23dae880cf12e34e1fe09c5df8fe94,2015-10-06T17:35:55Z,43,9,7,9,2289,15,ok,,ok,ok,ok,ok,ok,ok,runtime_results
CVE-2017-2638,https://github.com/infinispan/infinispan/commit/e81d358351d5ab2a1abbb34b4638a7358e7b5cec,infinispan/infinispan,infinispan,infinispan,e81d358351d5ab2a1abbb34b4638a7358e7b5cec,2015-04-16T15:38:07Z,316,204,3328,0,7121,104,ok,,ok,ok,ok,ok,ok,ok,runtime_results
CVE-2019-12415,https://github.com/apache/poi/commit/2b8200f7d701ea6ff9638f629f0bd81d2e48410c;https://github.com/apache/poi/commit/780b078c8504719e04c26a22c1bd846f8b521022,apache/poi,apache,poi,2b8200f7d701ea6ff9638f629f0bd81d2e48410c,2018-12-28T19:53:03Z,596,272,119,0,9623,40,ok,,ok,ok,ok,ok,ok,ok,runtime_results
CVE-2019-10899,https://github.com/rhuss/jolokia/commit/ec1cebda618e68d12c9b1906820564408cf950e1,rhuss/jolokia,rhuss,jolokia,ec1cebda618e68d12c9b1906820564408cf950e1,2018-07-18T07:49:20Z,518,136,,,1887,56,partial_error,GitHub API error 422 for https://api.github.com/search/issues?q=repo%3Arhuss/jolokia%20is%3Apr%20is%3Aclosed%20closed%3A%3C%3D2018-07-18T07%3A49%3A20Z&per_page=1: Validation Failed (https://docs.github.com/v3/search/); GitHub API error 422 for https://api.github.com/search/issues?q=repo%3Arhuss/jolokia%20is%3Aissue%20is%3Aclosed%20closed%3A%3C%3D2018-07-18T07%3A49%3A20Z&per_page=1: Validation Failed (https://docs.github.com/v3/search/),ok,ok,non_retryable_error,non_retryable_error,ok,ok,runtime_results
CVE-2013-1880,https://github.com/apache/activemq/commit/fafd12dfd4f71336f8e32c090d40ed1445959b40,apache/activemq,apache,activemq,fafd12dfd4f71336f8e32c090d40ed1445959b40,2013-03-21T13:25:47Z,55,13,1,0,6894,31,ok,,ok,ok,ok,ok,ok,ok,runtime_results
CVE-2018-11762,https://github.com/apache/tika/commit/c0fb57d9d20e8eb7cb77bce8742e4566a18f5db8;https://github.com/apache/tika/commit/a09d853dbed712f644e274b497cce254f3189d57,apache/tika,apache,tika,c0fb57d9d20e8eb7cb77bce8742e4566a18f5db8,2018-07-13T20:16:50Z,619,305,218,0,4256,92,ok,,ok,ok,ok,ok,ok,ok,runtime_results
CVE-2021-29943,https://github.com/apache/solr/commit/def7f47a4d2389ce8362ce7215095c5e43afe5c0,apache/solr,apache,solr,def7f47a4d2389ce8362ce7215095c5e43afe5c0,2021-04-05T18:13:44Z,49,40,35,0,34983,319,ok,,ok,ok,ok,ok,ok,ok,runtime_results
CVE-2020-35213,https://github.com/atomix/atomix/commit/4a65503db2c810df7aa9f9b1dc0aec4debe21380,atomix/atomix,atomix,atomix,4a65503db2c810df7aa9f9b1dc0aec4debe21380,2019-01-27T07:44:41Z,1416,221,768,194,0,0,ok,,ok,ok,ok,ok,ok,ok,runtime_results
CVE-2015-7940,https://github.com/bcgit/bc-java/commit/5cb2f0578e6ec8f0d67e59d05d8c4704d8e05f83;https://github.com/bcgit/bc-java/commit/e25e94a046a6934819133886439984e2fecb2b04,bcgit/bc-java,bcgit,bc-java,5cb2f0578e6ec8f0d67e59d05d8c4704d8e05f83,2014-07-22T12:23:34Z,82,44,62,10,1653,18,ok,,ok,ok,ok,ok,ok,ok,runtime_results
CVE-2013-4366,https://github.com/apache/httpcomponents-client/commit/08140864e3e4c0994e094c4cf0507932baf6a66,apache/httpcomponents-client,apache,httpcomponents-client,08140864e3e4c0994e094c4cf0507932baf6a66,2013-10-02T20:14:31Z,49,23,1,0,2069,12,ok,,ok,ok,ok,ok,ok,ok,runtime_results
CVE-2015-5258,https://github.com/spring-projects/spring-social/commit/5151e1158e1ed51369e7aba9e8092930d28c31d3,spring-projects/spring-social,spring-projects,spring-social,5151e1158e1ed51369e7aba9e8092930d28c31d3,2015-11-11T19:38:23Z,372,171,,,1641,34,partial_error,GitHub API error 422 for https://api.github.com/search/issues?q=repo%3Aspring-projects/spring-social%20is%3Apr%20is%3Aclosed%20closed%3A%3C%3D2015-11-11T19%3A38%3A23Z&per_page=1: Validation Failed (https://docs.github.com/v3/search/); GitHub API error 422 for https://api.github.com/search/issues?q=repo%3Aspring-projects/spring-social%20is%3Aissue%20is%3Aclosed%20closed%3A%3C%3D2015-11-11T19%3A38%3A23Z&per_page=1: Validation Failed (https://docs.github.com/v3/search/),ok,ok,non_retryable_error,non_retryable_error,ok,ok,runtime_results
CVE-2018-11776,https://github.com/apache/struts/commit/4a3917176de2df7f33a85511d067f31e50dcc1b;https://github.com/apache/struts/commit/6efaf900d4ffb7be8a74065af5553bad2389f72;https://github.com/apache/struts/commit/b3bad5ea44f3fd9edb2cb491192c5900f46d45d,apache/struts,apache,struts,4a3917176de2df7f33a85511d067f31e50dcc1b,2018-05-08T05:58:34Z,737,459,216,0,5355,71,ok,,ok,ok,ok,ok,ok,ok,runtime_results
CVE-2012-0022,https://github.com/apache/tomcat55/commit/0314fe7743cb72e469cb395ccaaf2793a2ea0355,apache/tomcat55,apache,tomcat55,0314fe7743cb72e469cb395ccaaf2793a2ea0355,2011-12-20T14:34:48Z,0,0,0,0,738,12,ok,,ok,ok,ok,ok,ok,ok,runtime_results
CVE-2021-45046,https://github.com/apache/logging-log4j2/commit/27972043b76c9645476f561c5adc483dec6d3f5d,apache/logging-log4j2,apache,logging-log4j2,27972043b76c9645476f561c5adc483dec6d3f5d,2021-12-13T05:32:00Z,1744,888,568,0,11272,141,ok,,ok,ok,ok,ok,ok,ok,runtime_results
CVE-2019-10088,https://github.com/apache/tika/commit/b8655aad5efaef1c5d266676350f58743770fb5b;https://github.com/apache/tika/commit/c4e63c9be8665cccea8b680c59a6f5cfbc03e0fc;https://github.com/apache/tika/commit/81c21ab0aac6b3e4102a1a8906c8c7eab6f96dae,apache/tika,apache,tika,b8655aad5efaef1c5d266676350f58743770fb5b,2019-06-26T19:28:52Z,792,381,238,0,4501,99,ok,,ok,ok,ok,ok,ok,ok,runtime_results
CVE-2017-3159,https://github.com/apache/camel/commit/6b979d07fd4be6ac913368f2abeae690d3325d37;https://github.com/apache/camel/commit/20e26226107f3133c87d0f5c845e02f824823f69,apache/camel,apache,camel,6b979d07fd4be6ac913368f2abeae690d3325d37,2016-12-09T14:57:51Z,996,1174,1325,0,26150,359,ok,,ok,ok,ok,ok,ok,ok,runtime_results
CVE-2015-5262,https://github.com/apache/httpcomponents-client/commit/09027e7286974bf6b61f4106395da2623121db8d;https://github.com/apache/httpcomponents-client/commit/d954cd287dfcdad8f153e61181e20d253175ca8c;https://github.com/apache/httpcomponents-client/commit/6705924879810f617a7a21d34f16b6c0d61e8d34,apache/httpcomponents-client,apache,httpcomponents-client,09027e7286974bf6b61f4106395da2623121db8d,2014-03-11T14:16:43Z,57,33,3,0,2214,12,ok,,ok,ok,ok,ok,ok,ok,runtime_results
CVE-2015-0886,https://github.com/jeremyh/jBCrypt/commit/e015c2c110ab7cf544400893f3543b45f359ff58;https://github.com/djmdjm/jBCrypt/commit/0c28b698e79b132391be8333107040d774c79995,jeremyh/jBCrypt,jeremyh,jBCrypt,e015c2c110ab7cf544400893f3543b45f359ff58,2015-02-02T00:56:52Z,44,7,0,0,2,1,ok,,ok,ok,ok,ok,ok,ok,runtime_results
CVE-2016-1000352,https://github.com/bcgit/bc-java/commit/9385b0ebd277724b167fe1d1456e3c112112be1f,bcgit/bc-java,bcgit,bc-java,9385b0ebd277724b167fe1d1456e3c112112be1f,2016-08-27T01:41:27Z,288,147,101,39,2789,34,ok,,ok,ok,ok,ok,ok,ok,runtime_results
CVE-2016-1000342,https://github.com/bcgit/bc-java/commit/843c2e60f67d71faf81d236f448ebbe56c62c647,bcgit/bc-java,bcgit,bc-java,843c2e60f67d71faf81d236f448ebbe56c62c647,2016-10-15T00:21:05Z,305,154,101,40,2827,34,ok,,ok,ok,ok,ok,ok,ok,runtime_results
CVE-2022-24198,https://github.com/itext/itext7/commit/73ac3ab0180eab1766eb41b43fd63183642e6310,itext/itext7,itext,itext7,73ac3ab0180eab1766eb41b43fd63183642e6310,2021-06-22T08:45:44Z,923,241,,,5227,72,partial_error,GitHub API error 422 for https://api.github.com/search/issues?q=repo%3Aitext/itext7%20is%3Apr%20is%3Aclosed%20closed%3A%3C%3D2021-06-22T08%3A45%3A44Z&per_page=1: Validation Failed (https://docs.github.com/v3/search/); GitHub API error 422 for https://api.github.com/search/issues?q=repo%3Aitext/itext7%20is%3Aissue%20is%3Aclosed%20closed%3A%3C%3D2021-06-22T08%3A45%3A44Z&per_page=1: Validation Failed (https://docs.github.com/v3/search/),ok,ok,non_retryable_error,non_retryable_error,ok,ok,runtime_results
CVE-2019-11274,https://github.com/cloudfoundry/uaa/commit/a34f55fc97a81966faf21e3ae404ec24f1f31cf7,cloudfoundry/uaa,cloudfoundry,uaa,a34f55fc97a81966faf21e3ae404ec24f1f31cf7,2019-07-24T23:03:56Z,935,535,390,507,7692,196,ok,,ok,ok,ok,ok,ok,ok,runtime_results
CVE-2016-5018,https://github.com/apache/tomcat80/commit/3adf2d614bce0fb9587b0eb7a4a9fbb7ac8e6d82;https://github.com/apache/tomcat80/commit/11950154730c3b2473580621df83356e09142e73,apache/tomcat80,apache,tomcat80,3adf2d614bce0fb9587b0eb7a4a9fbb7ac8e6d82,2016-09-12T08:17:18Z,43,38,5,0,15230,25,ok,,ok,ok,ok,ok,ok,ok,runtime_results
CVE-2021-33604,https://github.com/vaadin/flow/commit/19fe3864f9d1567c5ac7a211189986ac093e781f,vaadin/flow,vaadin,flow,19fe3864f9d1567c5ac7a211189986ac093e781f,2020-11-18T10:59:39Z,233,65,4703,3624,20648,198,ok,,ok,ok,ok,ok,ok,ok,runtime_results
CVE-2011-5062,https://github.com/apache/tomcat/commit/639e20992a66d7a42fb59c974db91c8a0f730a1e,apache/tomcat,apache,tomcat,639e20992a66d7a42fb59c974db91c8a0f730a1e,2011-04-01T11:36:54Z,0,0,0,0,6201,20,ok,,ok,ok,ok,ok,ok,ok,runtime_results
CVE-2021-25640,https://github.com/apache/dubbo/commit/d5c0cf82715e15b8064a841d25856b73f243d3cd,apache/dubbo,apache,dubbo,d5c0cf82715e15b8064a841d25856b73f243d3cd,2021-02-23T15:34:54Z,32892,18505,2953,3272,4534,349,ok,,ok,ok,ok,ok,ok,ok,runtime_results
CVE-2022-24197,https://github.com/itext/itext7/commit/eb16e6465c563c4f8bce256c4b5909438996405b,itext/itext7,itext,itext7,eb16e6465c563c4f8bce256c4b5909438996405b,2021-10-07T19:58:14Z,1009,256,,,5400,74,partial_error,GitHub API error 422 for https://api.github.com/search/issues?q=repo%3Aitext/itext7%20is%3Apr%20is%3Aclosed%20closed%3A%3C%3D2021-10-07T19%3A58%3A14Z&per_page=1: Validation Failed (https://docs.github.com/v3/search/); GitHub API error 422 for https://api.github.com/search/issues?q=repo%3Aitext/itext7%20is%3Aissue%20is%3Aclosed%20closed%3A%3C%3D2021-10-07T19%3A58%3A14Z&per_page=1: Validation Failed (https://docs.github.com/v3/search/),ok,ok,non_retryable_error,non_retryable_error,ok,ok,runtime_results
CVE-2020-36319,https://github.com/vaadin/flow/commit/7222c96b1c5da51e56061cc5ae6d32f9a5876bc3,vaadin/flow,vaadin,flow,7222c96b1c5da51e56061cc5ae6d32f9a5876bc3,2020-04-08T10:58:20Z,202,51,4044,3076,20083,189,ok,,ok,ok,ok,ok,ok,ok,runtime_results
CVE-2018-8018,https://github.com/apache/ignite/commit/bc374f85ca4a5e69572902d2167fe6bedebd40a;https://github.com/apache/ignite/commit/82a7b8209fcf56971d12cb10410a38ed632215b,apache/ignite,apache,ignite,bc374f85ca4a5e69572902d2167fe6bedebd40a,2018-06-15T14:20:26Z,1645,775,2998,0,24102,229,ok,,ok,ok,ok,ok,ok,ok,runtime_results
CVE-2012-0047,https://github.com/apache/wicket/commit/2faab951738702b0251ed41e5b137bd5a9fc127d,apache/wicket,apache,wicket,2faab951738702b0251ed41e5b137bd5a9fc127d,2012-01-18T14:07:51Z,100,12,2,0,15540,29,ok,,ok,ok,ok,ok,ok,ok,runtime_results
CVE-2017-7674,https://github.com/apache/tomcat80/commit/f52c242d92d4563dd1226dcc993ec37370ba9ce3,apache/tomcat80,apache,tomcat80,f52c242d92d4563dd1226dcc993ec37370ba9ce3,2017-05-22T14:58:59Z,51,46,6,0,15509,28,ok,,ok,ok,ok,ok,ok,ok,runtime_results
CVE-2020-11612,https://github.com/netty/netty/commit/1543218d3e7afcb33a90b728b14370395a3deca0,netty/netty,netty,netty,1543218d3e7afcb33a90b728b14370395a3deca0,2020-01-31T11:11:06Z,21156,8981,4943,4567,9705,524,ok,,ok,ok,ok,ok,ok,ok,runtime_results
CVE-2020-5397,https://github.com/spring-projects/spring-framework/commit/bc7d01048579430b4b2df668178809b63d3f1929,spring-projects/spring-framework,spring-projects,spring-framework,bc7d01048579430b4b2df668178809b63d3f1929,2020-01-13T07:33:14Z,32015,19410,2407,18142,20206,508,ok,,ok,ok,ok,ok,ok,ok,runtime_results
CVE-2021-29425,https://github.com/apache/commons-io/commit/2736b6fe0b3fa22ec8e2b4184897ecadb021fc78,apache/commons-io,apache,commons-io,2736b6fe0b3fa22ec8e2b4184897ecadb021fc78,2018-05-30T08:06:07Z,400,258,42,0,2102,57,ok,,ok,ok,ok,ok,ok,ok,runtime_results
CVE-2010-1330,https://github.com/jruby/jcodings/commit/ef9cae715912a703f8737e087896aa24b29af222,jruby/jcodings,jruby,jcodings,ef9cae715912a703f8737e087896aa24b29af222,2010-04-08T16:22:51Z,7,1,0,0,21,2,ok,,ok,ok,ok,ok,ok,ok,runtime_results
CVE-2019-0199,https://github.com/apache/tomcat/commit/8d14c6f2;https://github.com/apache/tomcat/commit/0bcd69c9;https://github.com/apache/tomcat/commit/60a3af17,apache/tomcat,apache,tomcat,8d14c6f2,2019-05-03T20:53:49Z,2908,1812,157,0,20831,46,ok,,ok,ok,ok,ok,ok,ok,runtime_results
CVE-2012-6092,https://github.com/apache/activemq/commit/51eb87a84be88d28383ea48f6e341ffe1203c5ba,apache/activemq,apache,activemq,51eb87a84be88d28383ea48f6e341ffe1203c5ba,2012-10-18T10:57:52Z,44,10,1,0,6301,30,ok,,ok,ok,ok,ok,ok,ok,runtime_results
CVE-2020-1928,https://github.com/apache/nifi/commit/34f2a592df8996b5f9e65039a35ecd8c31417fbd,apache/nifi,apache,nifi,34f2a592df8996b5f9e65039a35ecd8c31417fbd,2020-01-16T18:00:08Z,1760,1306,3749,0,5563,365,ok,,ok,ok,ok,ok,ok,ok,runtime_results
CVE-2017-2582,https://github.com/keycloak/keycloak/commit/8a02ef18597e5929517d702238b09ae780eaf421;https://github.com/keycloak/keycloak/commit/0cb5ba0f6e83162d221681f47b470c3042eef237,keycloak/keycloak,keycloak,keycloak,8a02ef18597e5929517d702238b09ae780eaf421,2017-01-09T11:50:38Z,795,438,3703,0,9484,196,ok,,ok,ok,ok,ok,ok,ok,runtime_results
CVE-2015-2156,https://github.com/netty/netty/commit/4ac519f534493bb0ca7a77e1c779138a54faa7b9;https://github.com/netty/netty/commit/97d871a7553a01384b43df855dccdda5205ae77a;https://github.com/netty/netty/commit/d98b21be045a315ced88ada84000e4757cfb9892,netty/netty,netty,netty,4ac519f534493bb0ca7a77e1c779138a54faa7b9,2015-05-06T19:20:33Z,3999,1608,1411,2051,6561,190,ok,,ok,ok,ok,ok,ok,ok,runtime_results
CVE-2019-12402,https://github.com/apache/commons-compress/commit/4ad5d80a6272e007f64a6ac66829ca189a8093b9,apache/commons-compress,apache,commons-compress,4ad5d80a6272e007f64a6ac66829ca189a8093b9,2019-08-23T14:55:56Z,112,113,76,0,2761,62,ok,,ok,ok,ok,ok,ok,ok,runtime_results
CVE-2018-25007,https://github.com/vaadin/flow/commit/600edf9d9f733ba2d8096bb0cda9be6c6848942d,vaadin/flow,vaadin,flow,600edf9d9f733ba2d8096bb0cda9be6c6848942d,2018-11-12T08:53:21Z,121,24,2470,1764,18735,154,ok,,ok,ok,ok,ok,ok,ok,runtime_results
CVE-2018-8009,https://github.com/apache/hadoop/commit/1373e3d8ad60e4da721a292912cb69243bfdf47;https://github.com/apache/hadoop/commit/bd98d4e77cf9f7b2f4b1afb4d5e5bad0f6b2fde,apache/hadoop,apache,hadoop,1373e3d8ad60e4da721a292912cb69243bfdf47,2018-05-23T08:20:53Z,6350,3679,203,0,19124,240,ok,,ok,ok,ok,ok,ok,ok,runtime_results
CVE-2018-1305,https://github.com/apache/tomcat/commit/4d637bc3986e5d09b9363e2144b8ba74fa6eac3a;https://github.com/apache/tomcat/commit/3e54b2a6314eda11617ff7a7b899c251e222b1a1,apache/tomcat,apache,tomcat,4d637bc3986e5d09b9363e2144b8ba74fa6eac3a,2018-02-15T16:05:48Z,1817,1169,86,0,19212,39,ok,,ok,ok,ok,ok,ok,ok,runtime_results
CVE-2014-0112,https://github.com/apache/struts/commit/1be8ed61e499b58b3fb6a45253f47865f83f35fb,apache/struts,apache,struts,1be8ed61e499b58b3fb6a45253f47865f83f35fb,2014-04-28T06:50:53Z,12,18,7,0,3639,36,ok,,ok,ok,ok,ok,ok,ok,runtime_results
CVE-2018-8017,https://github.com/apache/tika/commit/8a6a9e1344f5b10ebfa1a189dc3c30d0da2b9d4;https://github.com/apache/tika/commit/62926cae31a02d4f23d21148435804b96c543cc,apache/tika,apache,tika,8a6a9e1344f5b10ebfa1a189dc3c30d0da2b9d4,2018-05-25T14:40:47Z,587,297,214,0,4203,90,ok,,ok,ok,ok,ok,ok,ok,runtime_results
CVE-2018-12036,https://github.com/jeremylong/DependencyCheck/commit/4df51f39043c80b98aefdb2ae592f052d3c26acc,jeremylong/DependencyCheck,jeremylong,DependencyCheck,4df51f39043c80b98aefdb2ae592f052d3c26acc,2018-05-03T19:51:54Z,0,0,0,0,5322,106,ok,,ok,ok,ok,ok,ok,ok,runtime_results
CVE-2018-1257,https://github.com/spring-projects/spring-framework/commit/246a6db1cad205ca9b6fca00c544ab7443ba202c;https://github.com/spring-projects/spring-framework/commit/ff2228fdaf131d57b5c8c5918ee8d07c6dd9bba,spring-projects/spring-framework,spring-projects,spring-framework,246a6db1cad205ca9b6fca00c544ab7443ba202c,2018-04-17T04:20:12Z,18108,10558,1595,14521,16433,325,ok,,ok,ok,ok,ok,ok,ok,runtime_results
CVE-2021-39151,https://github.com/x-stream/xstream/commit/652d72f38b33938c54fd3b2ef626cb7dce38001c,x-stream/xstream,x-stream,xstream,652d72f38b33938c54fd3b2ef626cb7dce38001c,2021-05-26T17:43:09Z,566,136,64,169,2809,34,ok,,ok,ok,ok,ok,ok,ok,runtime_results
CVE-2017-7660,https://github.com/apache/lucene-solr/commit/e3b0cfff396a7f92a4f621d598780116da916f3,apache/lucene-solr,apache,lucene-solr,e3b0cfff396a7f92a4f621d598780116da916f3,2017-05-04T05:44:13Z,721,576,87,0,27400,105,ok,,ok,ok,ok,ok,ok,ok,runtime_results
CVE-2021-43859,https://github.com/x-stream/xstream/commit/e8e88621ba1c85ac3b8620337dd672e0c0c3a846,x-stream/xstream,x-stream,xstream,e8e88621ba1c85ac3b8620337dd672e0c0c3a846,2022-01-29T15:53:37Z,609,146,67,190,2839,37,ok,,ok,ok,ok,ok,ok,ok,runtime_results
CVE-2021-28164,https://github.com/eclipse/jetty.project/commit/e412c8a15b3334b30193f40412c0fbc47e478e83,eclipse/jetty.project,eclipse,jetty.project,e412c8a15b3334b30193f40412c0fbc47e478e83,2021-03-24T00:10:28Z,2914,1478,,,23406,166,partial_error,GitHub API error 422 for https://api.github.com/search/issues?q=repo%3Aeclipse/jetty.project%20is%3Apr%20is%3Aclosed%20closed%3A%3C%3D2021-03-24T00%3A10%3A28Z&per_page=1: Validation Failed (https://docs.github.com/v3/search/); GitHub API error 422 for https://api.github.com/search/issues?q=repo%3Aeclipse/jetty.project%20is%3Aissue%20is%3Aclosed%20closed%3A%3C%3D2021-03-24T00%3A10%3A28Z&per_page=1: Validation Failed (https://docs.github.com/v3/search/),ok,ok,non_retryable_error,non_retryable_error,ok,ok,runtime_results
CVE-2017-4971,https://github.com/spring-projects/spring-webflow/commit/ec3d54d2305e6b6bce12f770fec67fe63008d45;https://github.com/spring-projects/spring-webflow/commit/57f2ccb66946943fbf3b3f2165eac1c8eb6b1523,spring-projects/spring-webflow,spring-projects,spring-webflow,ec3d54d2305e6b6bce12f770fec67fe63008d45,2017-05-31T15:45:59Z,149,115,42,1176,2523,17,ok,,ok,ok,ok,ok,ok,ok,runtime_results
CVE-2017-17485,https://github.com/FasterXML/jackson-databind/commit/f031f27a31625d07922bdd090664c69544200a5d;https://github.com/FasterXML/jackson-databind/commit/bb45fb16709018842f858f1a6e1118676aaa34bd;https://github.com/FasterXML/jackson-databind/commit/978798382ceb72229e5036aa1442943933d6d171;https://github.com/FasterXML/jackson-databind/commit/2235894210c75f624a3d0cd60bfb0434a20a18bf,FasterXML/jackson-databind,FasterXML,jackson-databind,f031f27a31625d07922bdd090664c69544200a5d,2017-12-13T01:15:56Z,1372,514,305,1312,4408,150,ok,,ok,ok,ok,ok,ok,ok,runtime_results
CVE-2012-5886,https://github.com/apache/tomcat55/commit/83adfde198d8f9305edbd240e0081a2bb7902cfd,apache/tomcat55,apache,tomcat55,83adfde198d8f9305edbd240e0081a2bb7902cfd,2012-10-01T09:34:08Z,0,0,0,0,816,12,ok,,ok,ok,ok,ok,ok,ok,runtime_results
CVE-2016-4430,https://github.com/apache/struts/commit/b28b78c062f0bf3c79793a25aab8c9b6c12bce6e,apache/struts,apache,struts,b28b78c062f0bf3c79793a25aab8c9b6c12bce6e,2016-06-03T11:10:58Z,343,245,93,0,4531,57,ok,,ok,ok,ok,ok,ok,ok,runtime_results
CVE-2016-4436,https://github.com/apache/struts/commit/27ca165ddbf81c84bafbd083b99a18d89cc49ca7,apache/struts,apache,struts,27ca165ddbf81c84bafbd083b99a18d89cc49ca7,2016-05-12T13:36:12Z,335,239,91,0,4506,57,ok,,ok,ok,ok,ok,ok,ok,runtime_results
CVE-2014-0054,https://github.com/spring-projects/spring-framework/commit/edba32b3093703d5e9ed42b5b8ec23ecc1998398,spring-projects/spring-framework,spring-projects,spring-framework,edba32b3093703d5e9ed42b5b8ec23ecc1998398,2014-02-18T23:54:30Z,2455,1436,394,9138,8003,95,ok,,ok,ok,ok,ok,ok,ok,runtime_results
CVE-2018-14627,https://github.com/wildfly/wildfly/commit/883115ea2168343e870745f538a80b1ddc360914,wildfly/wildfly,wildfly,wildfly,883115ea2168343e870745f538a80b1ddc360914,2018-08-10T01:28:29Z,1836,1438,11379,0,26440,398,ok,,ok,ok,ok,ok,ok,ok,runtime_results
CVE-2016-4800,https://github.com/eclipse/jetty.project/commit/424f0c1e040bf47f397c9164cc19d379fb00f7db;https://github.com/eclipse/jetty.project/commit/97af3d663fd22343129e8364d601640649d9eaea,eclipse/jetty.project,eclipse,jetty.project,424f0c1e040bf47f397c9164cc19d379fb00f7db,2016-04-04T23:57:28Z,675,422,,,12147,43,partial_error,GitHub API error 422 for https://api.github.com/search/issues?q=repo%3Aeclipse/jetty.project%20is%3Apr%20is%3Aclosed%20closed%3A%3C%3D2016-04-04T23%3A57%3A28Z&per_page=1: Validation Failed (https://docs.github.com/v3/search/); GitHub API error 422 for https://api.github.com/search/issues?q=repo%3Aeclipse/jetty.project%20is%3Aissue%20is%3Aclosed%20closed%3A%3C%3D2016-04-04T23%3A57%3A28Z&per_page=1: Validation Failed (https://docs.github.com/v3/search/),ok,ok,non_retryable_error,non_retryable_error,ok,ok,runtime_results
CVE-2016-9589,https://github.com/undertow-io/undertow/commit/86d52a5e9198991fe30a3616d9008cecc696fc0b,undertow-io/undertow,undertow-io,undertow,86d52a5e9198991fe30a3616d9008cecc696fc0b,2017-03-22T23:58:00Z,1347,365,488,0,3867,113,ok,,ok,ok,ok,ok,ok,ok,runtime_results
CVE-2016-2162,https://github.com/apache/struts/commit/fc2179cf1ac9fbfb61e3430fa88b641d87253327;https://github.com/apache/struts/commit/37842193ab33b7655c78a2d2c305f2e0a0e50355,apache/struts,apache,struts,fc2179cf1ac9fbfb61e3430fa88b641d87253327,2016-03-11T10:04:14Z,289,216,86,0,4449,57,ok,,ok,ok,ok,ok,ok,ok,runtime_results
CVE-2015-4165,https://github.com/elastic/elasticsearch/commit/f5cfb2a1869d1a52930cbd3138278a6e2c1b22e6,elastic/elasticsearch,elastic,elasticsearch,f5cfb2a1869d1a52930cbd3138278a6e2c1b22e6,2015-05-28T22:59:15Z,9869,2607,3989,6269,14868,541,ok,,ok,ok,ok,ok,ok,ok,runtime_results
CVE-2018-1000850,https://github.com/square/retrofit/commit/b9a7f6ad72073ddd40254c0058710e87a073047d,square/retrofit,square,retrofit,b9a7f6ad72073ddd40254c0058710e87a073047d,2018-10-23T02:03:02Z,27953,4784,878,1980,1649,149,ok,,ok,ok,ok,ok,ok,ok,runtime_results
CVE-2013-6468,https://github.com/droolsjbpm/drools/commit/3883240d8324d0aa1372fff90c227928423c6a95,droolsjbpm/drools,droolsjbpm,drools,3883240d8324d0aa1372fff90c227928423c6a95,2013-11-29T11:05:57Z,195,181,,,10600,101,partial_error,GitHub API error 422 for https://api.github.com/search/issues?q=repo%3Adroolsjbpm/drools%20is%3Apr%20is%3Aclosed%20closed%3A%3C%3D2013-11-29T11%3A05%3A57Z&per_page=1: Validation Failed (https://docs.github.com/v3/search/); GitHub API error 422 for https://api.github.com/search/issues?q=repo%3Adroolsjbpm/drools%20is%3Aissue%20is%3Aclosed%20closed%3A%3C%3D2013-11-29T11%3A05%3A57Z&per_page=1: Validation Failed (https://docs.github.com/v3/search/),ok,ok,non_retryable_error,non_retryable_error,ok,ok,runtime_results
CVE-2018-14658,https://github.com/keycloak/keycloak/commit/a957e118e6efb35fe7ef3a62acd66341a6523cb7,keycloak/keycloak,keycloak,keycloak,a957e118e6efb35fe7ef3a62acd66341a6523cb7,2018-11-14T19:09:22Z,2779,1254,5670,0,13077,412,ok,,ok,ok,ok,ok,ok,ok,runtime_results
CVE-2018-18240,https://github.com/pippo-java/pippo/commit/c6b26551a82d2dd32097fcb17c13c3b830916296,pippo-java/pippo,pippo-java,pippo,c6b26551a82d2dd32097fcb17c13c3b830916296,2018-10-26T17:00:25Z,619,83,261,185,1325,28,ok,,ok,ok,ok,ok,ok,ok,runtime_results
CVE-2021-21351,https://github.com/x-stream/xstream/commit/15f2cd3364795eab785166f6f36f9a91e951373f,x-stream/xstream,x-stream,xstream,15f2cd3364795eab785166f6f36f9a91e951373f,2021-01-06T13:28:50Z,535,126,61,146,2763,31,ok,,ok,ok,ok,ok,ok,ok,runtime_results
CVE-2014-3574,https://github.com/apache/poi/commit/103b45073c7b504236588b3acc146530205af53c;https://github.com/apache/poi/commit/bb7a24769a97732e760a0d70e76466424bfc4d8e;https://github.com/apache/poi/commit/b350d5c5edbf2fa4312ab0f46194a733194ddf55;https://github.com/apache/poi/commit/07771c3d8c7204c14a7a597b4db04a7e828a956f;https://github.com/apache/poi/commit/236c3c52a9b90688b2e57ec503559409e29f33ed,apache/poi,apache,poi,103b45073c7b504236588b3acc146530205af53c,2014-08-07T15:25:17Z,46,30,3,0,5742,32,ok,,ok,ok,ok,ok,ok,ok,runtime_results
CVE-2013-2055,https://github.com/apache/wicket/commit/b8a31c41d9dd13ff6492407b86f601da654c0cd7,apache/wicket,apache,wicket,b8a31c41d9dd13ff6492407b86f601da654c0cd7,2013-05-13T10:46:47Z,130,41,28,0,17030,39,ok,,ok,ok,ok,ok,ok,ok,runtime_results
CVE-2021-21295,https://github.com/netty/netty/commit/89c241e3b1795ff257af4ad6eadc616cb2fb3dc4,netty/netty,netty,netty,89c241e3b1795ff257af4ad6eadc616cb2fb3dc4,2021-03-09T07:20:09Z,24925,11130,5603,4945,10640,590,ok,,ok,ok,ok,ok,ok,ok,runtime_results
CVE-2017-15718,https://github.com/apache/hadoop/commit/bfa736b7782b0075b3dc4c956ae7426952c49f83,apache/hadoop,apache,hadoop,bfa736b7782b0075b3dc4c956ae7426952c49f83,2017-10-25T05:42:30Z,3633,2762,161,0,17059,199,ok,,ok,ok,ok,ok,ok,ok,runtime_results
CVE-2020-27216,https://github.com/eclipse/jetty.project/commit/820c79ba5b68ece9d17d5af72284ed35179e0b79,eclipse/jetty.project,eclipse,jetty.project,820c79ba5b68ece9d17d5af72284ed35179e0b79,2020-10-16T12:28:32Z,2792,1411,,,22180,161,partial_error,GitHub API error 422 for https://api.github.com/search/issues?q=repo%3Aeclipse/jetty.project%20is%3Apr%20is%3Aclosed%20closed%3A%3C%3D2020-10-16T12%3A28%3A32Z&per_page=1: Validation Failed (https://docs.github.com/v3/search/); GitHub API error 422 for https://api.github.com/search/issues?q=repo%3Aeclipse/jetty.project%20is%3Aissue%20is%3Aclosed%20closed%3A%3C%3D2020-10-16T12%3A28%3A32Z&per_page=1: Validation Failed (https://docs.github.com/v3/search/),ok,ok,non_retryable_error,non_retryable_error,ok,ok,runtime_results
CVE-2019-9827,https://github.com/hawtio/hawtio/commit/503ed37b05a732fbb4e8c15b8b7881ef5009008d,hawtio/hawtio,hawtio,hawtio,503ed37b05a732fbb4e8c15b8b7881ef5009008d,2017-01-17T01:39:02Z,718,292,370,1626,7894,103,ok,,ok,ok,ok,ok,ok,ok,runtime_results
CVE-2015-2944,https://github.com/apache/sling/commit/89e0555c75da9bda3007dadc08521dc0cbc90a0c,apache/sling,apache,sling,89e0555c75da9bda3007dadc08521dc0cbc90a0c,,,,,,,,error,GitHub API error 422 for https://api.github.com/repos/apache/sling/commits/89e0555c75da9bda3007dadc08521dc0cbc90a0c: No commit found for SHA: 89e0555c75da9bda3007dadc08521dc0cbc90a0c (https://docs.github.com/rest/commits/commits#get-a-commit),not_run,not_run,not_run,not_run,not_run,not_run,runtime_results
CVE-2014-0168,https://github.com/rhuss/jolokia/commit/2d9b168cfbbf5a6d16fa6e8a5b34503e3dc42364,rhuss/jolokia,rhuss,jolokia,2d9b168cfbbf5a6d16fa6e8a5b34503e3dc42364,2014-04-24T15:13:24Z,153,27,,,1301,23,partial_error,GitHub API error 422 for https://api.github.com/search/issues?q=repo%3Arhuss/jolokia%20is%3Apr%20is%3Aclosed%20closed%3A%3C%3D2014-04-24T15%3A13%3A24Z&per_page=1: Validation Failed (https://docs.github.com/v3/search/); GitHub API error 422 for https://api.github.com/search/issues?q=repo%3Arhuss/jolokia%20is%3Aissue%20is%3Aclosed%20closed%3A%3C%3D2014-04-24T15%3A13%3A24Z&per_page=1: Validation Failed (https://docs.github.com/v3/search/),ok,ok,non_retryable_error,non_retryable_error,ok,ok,runtime_results
CVE-2014-9527,https://github.com/apache/poi/commit/21d2bc3cffeefab6c41627da469fce35ed7760e6,apache/poi,apache,poi,21d2bc3cffeefab6c41627da469fce35ed7760e6,2014-12-07T14:34:19Z,52,42,4,0,5919,33,ok,,ok,ok,ok,ok,ok,ok,runtime_results
CVE-2011-0534,https://github.com/apache/tomcat/commit/0084470;https://github.com/apache/tomcat/commit/51640d60c705e57450a105832d91ff4535a96851,apache/tomcat,apache,tomcat,0084470,2011-02-01T07:55:45Z,0,0,0,0,5820,20,ok,,ok,ok,ok,ok,ok,ok,runtime_results
CVE-2014-8122,https://github.com/weld/core/commit/6808b11cd6d97c71a2eed754ed4f955acd789086;https://github.com/weld/core/commit/8e413202fa1af08c09c580f444e4fd16874f9c65,weld/core,weld,core,6808b11cd6d97c71a2eed754ed4f955acd789086,2014-12-04T10:17:00Z,164,114,765,0,6318,87,ok,,ok,ok,ok,ok,ok,ok,runtime_results
CVE-2015-5211,https://github.com/spring-projects/spring-framework/commit/2bd1da;https://github.com/spring-projects/spring-framework/commit/a95c3d,spring-projects/spring-framework,spring-projects,spring-framework,2bd1da,2015-10-15T08:33:27Z,5697,4102,781,11448,11193,165,ok,,ok,ok,ok,ok,ok,ok,runtime_results
CVE-2013-6407,https://github.com/apache/lucene-solr/commit/bffc5624eff8e2790fb8d29b48385efd063c79d9,apache/lucene-solr,apache,lucene-solr,bffc5624eff8e2790fb8d29b48385efd063c79d9,2012-09-27T10:12:48Z,0,0,0,0,15101,62,ok,,ok,ok,ok,ok,ok,ok,runtime_results
CVE-2018-11758,https://github.com/apache/cayenne/commit/8d4c83abed024fc3a698148a122429022b89b590,apache/cayenne,apache,cayenne,8d4c83abed024fc3a698148a122429022b89b590,2018-07-09T08:47:12Z,106,62,274,0,5870,47,ok,,ok,ok,ok,ok,ok,ok,runtime_results
CVE-2019-0212,https://github.com/apache/hbase/commit/7206ef6427d12785b797797a00153b5437e21cb1,apache/hbase,apache,hbase,7206ef6427d12785b797797a00153b5437e21cb1,2019-02-27T03:31:12Z,2343,1520,97,0,16159,374,ok,,ok,ok,ok,ok,ok,ok,runtime_results
CVE-2018-8026,https://github.com/apache/lucene-solr/commit/3aa6086ed99fa7158d423dc7c33dae6da466b09;https://github.com/apache/lucene-solr/commit/e21d4937e0637c7b7949ac463f331da9a42c07f,apache/lucene-solr,apache,lucene-solr,3aa6086ed99fa7158d423dc7c33dae6da466b09,2018-06-17T11:27:39Z,1561,1067,187,0,30253,135,ok,,ok,ok,ok,ok,ok,ok,runtime_results
CVE-2014-3579,https://github.com/apache/activemq-apollo/commit/e5647554e6801a522c508a8eb457979a9af8c398,apache/activemq-apollo,apache,activemq-apollo,e5647554e6801a522c508a8eb457979a9af8c398,2014-08-26T13:11:09Z,38,13,2,0,2228,11,ok,,ok,ok,ok,ok,ok,ok,runtime_results
CVE-2019-16869,https://github.com/netty/netty/commit/39cafcb05c99f2aa9fce7e6597664c9ed6a63a95,netty/netty,netty,netty,39cafcb05c99f2aa9fce7e6597664c9ed6a63a95,2019-09-20T19:02:11Z,19485,8084,4691,4366,9501,495,ok,,ok,ok,ok,ok,ok,ok,runtime_results
CVE-2019-11343,https://github.com/xjodoin/torpedoquery/commit/3c20b874fba9cc2a78b9ace10208de1602b56c3f,xjodoin/torpedoquery,xjodoin,torpedoquery,3c20b874fba9cc2a78b9ace10208de1602b56c3f,2019-10-11T18:59:35Z,68,12,16,35,318,17,ok,,ok,ok,ok,ok,ok,ok,runtime_results
CVE-2018-18628,https://github.com/pippo-java/pippo/commit/c6b26551a82d2dd32097fcb17c13c3b830916296,pippo-java/pippo,pippo-java,pippo,c6b26551a82d2dd32097fcb17c13c3b830916296,2018-10-26T17:00:25Z,619,83,261,185,1325,28,ok,,ok,ok,ok,ok,ok,ok,runtime_results
CVE-2020-13936,https://github.com/apache/velocity-engine/commit/f355cec739d4e705e541a149ff2d8806ed565401,apache/velocity-engine,apache,velocity-engine,f355cec739d4e705e541a149ff2d8806ed565401,2021-02-25T18:56:37Z,209,76,10,0,4367,20,ok,,ok,ok,ok,ok,ok,ok,runtime_results
CVE-2022-25312,https://github.com/apache/any23/commit/856210814c16ff720f1484019013dc77cf95a2d0,apache/any23,apache,any23,856210814c16ff720f1484019013dc77cf95a2d0,2022-02-17T23:23:02Z,80,53,259,0,2042,37,ok,,ok,ok,ok,ok,ok,ok,runtime_results
CVE-2019-11808,https://github.com/ratpack/ratpack/commit/f2b63eb82dd71194319fd3945f5edf29b8f3a42d;https://github.com/ratpack/ratpack/commit/7b2f09eeeba1e460ad8702930a8a8933a2dbe1e9,ratpack/ratpack,ratpack,ratpack,f2b63eb82dd71194319fd3945f5edf29b8f3a42d,2019-04-23T01:28:28Z,1660,311,440,851,5792,152,ok,,ok,ok,ok,ok,ok,ok,runtime_results
CVE-2019-11272,https://github.com/spring-projects/spring-security/commit/b2d4fec3617c497c5a8eb9c7e5270e0c7db293ee;https://github.com/spring-projects/spring-security/commit/12dbf2e9612cddd775904952d01bfc044fb1d1bb,spring-projects/spring-security,spring-projects,spring-security,b2d4fec3617c497c5a8eb9c7e5270e0c7db293ee,2019-06-19T17:48:55Z,3259,2658,990,5081,7761,332,ok,,ok,ok,ok,ok,ok,ok,runtime_results
CVE-2012-5887,https://github.com/apache/tomcat55/commit/83adfde198d8f9305edbd240e0081a2bb7902cfd,apache/tomcat55,apache,tomcat55,83adfde198d8f9305edbd240e0081a2bb7902cfd,2012-10-01T09:34:08Z,0,0,0,0,816,12,ok,,ok,ok,ok,ok,ok,ok,runtime_results
CVE-2015-5345,https://github.com/apache/tomcat80/commit/2b643a4e36d318d55ec57fee57610671656d23c0,apache/tomcat80,apache,tomcat80,2b643a4e36d318d55ec57fee57610671656d23c0,2015-11-30T09:11:20Z,25,22,1,0,14630,25,ok,,ok,ok,ok,ok,ok,ok,runtime_results
CVE-2013-6397,https://github.com/apache/lucene-solr/commit/da34b18cb3092df4972e2b6fa5178d1059923910,apache/lucene-solr,apache,lucene-solr,da34b18cb3092df4972e2b6fa5178d1059923910,2013-09-21T14:51:51Z,0,0,0,0,18170,65,ok,,ok,ok,ok,ok,ok,ok,runtime_results
CVE-2015-5377,https://github.com/elastic/elasticsearch/commit/bf3052d14c874aead7da8855c5fcadf5428a43f2,elastic/elasticsearch,elastic,elasticsearch,bf3052d14c874aead7da8855c5fcadf5428a43f2,2015-07-13T15:39:29Z,10433,2791,4468,6611,16000,574,ok,,ok,ok,ok,ok,ok,ok,runtime_results
CVE-2016-6795,https://github.com/apache/struts/commit/7d8c3598ef4a4699515a2b8e1064d4e9b921a58b,apache/struts,apache,struts,7d8c3598ef4a4699515a2b8e1064d4e9b921a58b,2016-08-03T11:28:00Z,380,266,104,0,4603,58,ok,,ok,ok,ok,ok,ok,ok,runtime_results
CVE-2013-7315,https://github.com/frankneusource/spring-framework/commit/7576274874deeccb6da6b09a8d5bd62e8b5538b7,frankneusource/spring-framework,frankneusource,spring-framework,7576274874deeccb6da6b09a8d5bd62e8b5538b7,2013-08-06T22:08:53Z,0,0,0,0,7027,72,ok,,ok,ok,ok,ok,ok,ok,runtime_results
CVE-2013-2254,https://github.com/apache/sling-org-apache-sling-servlets-post/commit/7ddd5df1282a47a99af1f7f4897fc7abe1ec056b,apache/sling-org-apache-sling-servlets-post,apache,sling-org-apache-sling-servlets-post,7ddd5df1282a47a99af1f7f4897fc7abe1ec056b,2013-07-09T07:22:16Z,0,0,0,0,153,8,ok,,ok,ok,ok,ok,ok,ok,runtime_results
CVE-2011-2526,https://github.com/apache/tomcat/commit/36e6efdd4052ea0f3a0a6db4bc27ebfb925c3772;https://github.com/apache/tomcat/commit/64109ce37870bc6c470df8cf5ae0f3bb82429ee0;https://github.com/apache/tomcat/commit/eb6416f0743e974d031d415d3d33544bea044eca;https://github.com/apache/tomcat/commit/d3efb1a364d41a32bcdd08517622a97548faaa4a;https://github.com/apache/tomcat55/commit/e67f6882118f2a8285e4e8acd050dad64a3ef3e4;https://github.com/apache/tomcat/commit/f0488ac8a449ac3efa8df9a560c42a835231a479;https://github.com/apache/tomcat/commit/26f3f098309772e8617fde3cbba59d0c4b65efc7,apache/tomcat,apache,tomcat,36e6efdd4052ea0f3a0a6db4bc27ebfb925c3772,2011-07-11T22:27:06Z,0,0,0,0,6784,20,ok,,ok,ok,ok,ok,ok,ok,runtime_results
CVE-2018-1336,https://github.com/apache/tomcat/commit/92cd494555598e99dd691712e8ee426a2f9c2e93,apache/tomcat,apache,tomcat,92cd494555598e99dd691712e8ee426a2f9c2e93,2018-04-27T17:26:41Z,1984,1281,91,0,19386,39,ok,,ok,ok,ok,ok,ok,ok,runtime_results
CVE-2017-12630,https://github.com/apache/drill/commit/c7c8ffd6f5e1b8f4677f9e95c317482d929a1bb5,apache/drill,apache,drill,c7c8ffd6f5e1b8f4677f9e95c317482d929a1bb5,2017-09-12T09:53:53Z,787,458,788,0,2723,118,ok,,ok,ok,ok,ok,ok,ok,runtime_results
CVE-2020-2933,https://github.com/mysql/mysql-connector-j/commit/e824d25875e2fdfdacf8a09e8d829df00a3db8e7,mysql/mysql-connector-j,mysql,mysql-connector-j,e824d25875e2fdfdacf8a09e8d829df00a3db8e7,2020-04-08T23:44:02Z,393,256,47,0,2794,34,ok,,ok,ok,ok,ok,ok,ok,runtime_results
CVE-2020-1933,https://github.com/apache/nifi/commit/34f2a59,apache/nifi,apache,nifi,34f2a59,2020-01-16T18:00:08Z,1760,1306,3749,0,5563,365,ok,,ok,ok,ok,ok,ok,ok,runtime_results
CVE-2020-13933,https://github.com/apache/shiro/commit/83d8dacd273c8f6d70e6b1aa4f240d4f7a408c27,apache/shiro,apache,shiro,83d8dacd273c8f6d70e6b1aa4f240d4f7a408c27,2020-05-05T15:04:12Z,2737,1501,182,0,2005,54,ok,,ok,ok,ok,ok,ok,ok,runtime_results
CVE-2017-14063,https://github.com/AsyncHttpClient/async-http-client/commit/e9f12b29725c567cdb4de98b3302a61ca9d41280;https://github.com/AsyncHttpClient/async-http-client/commit/eb9e3347e45319be494db24d285a2aee4396f5d3,AsyncHttpClient/async-http-client,AsyncHttpClient,async-http-client,e9f12b29725c567cdb4de98b3302a61ca9d41280,2017-08-28T08:51:37Z,3576,955,409,1009,3707,167,ok,,ok,ok,ok,ok,ok,ok,runtime_results
CVE-2018-1335,https://github.com/apache/tika/commit/302f22aff7a836868b270038e1d66002a2004869,apache/tika,apache,tika,302f22aff7a836868b270038e1d66002a2004869,2018-04-16T19:37:46Z,565,290,210,0,4146,88,ok,,ok,ok,ok,ok,ok,ok,runtime_results
CVE-2021-31411,https://github.com/vaadin/flow/commit/e9ceac295812018b0d654ce897de6e98b8571255,vaadin/flow,vaadin,flow,e9ceac295812018b0d654ce897de6e98b8571255,2021-04-16T08:27:59Z,266,73,5470,4050,21085,202,ok,,ok,ok,ok,ok,ok,ok,runtime_results
CVE-2016-3083,https://github.com/apache/hive/commit/116751eb543ff218502b5bf2add342b152baa17d,apache/hive,apache,hive,116751eb543ff218502b5bf2add342b152baa17d,2016-05-02T23:29:17Z,773,720,25,0,8428,148,ok,,ok,ok,ok,ok,ok,ok,runtime_results
CVE-2012-0394,https://github.com/apache/struts/commit/b4265d369dc29d57a9f2846a85b26598e83f3892;https://github.com/apache/struts/commit/9cad25f258bb2629d263f828574d2671366c238d;https://github.com/apache/struts/commit/34c80dae734e70f13c0e46f9c83602fb71318e58,apache/struts,apache,struts,b4265d369dc29d57a9f2846a85b26598e83f3892,2011-08-12T08:38:39Z,0,0,0,0,2812,30,ok,,ok,ok,ok,ok,ok,ok,runtime_results
CVE-2018-8036,https://github.com/apache/pdfbox/commit/038c09b5f361e083a00ce076c95521b73202fcb4,apache/pdfbox,apache,pdfbox,038c09b5f361e083a00ce076c95521b73202fcb4,2018-06-21T19:45:18Z,617,272,40,0,7244,18,ok,,ok,ok,ok,ok,ok,ok,runtime_results
CVE-2020-27218,https://github.com/eclipse/jetty.project/commit/14f94f738df5adf68549749d01d4f9d97ea51452,eclipse/jetty.project,eclipse,jetty.project,14f94f738df5adf68549749d01d4f9d97ea51452,2020-11-18T09:40:05Z,2819,1423,,,22625,162,partial_error,GitHub API error 422 for https://api.github.com/search/issues?q=repo%3Aeclipse/jetty.project%20is%3Apr%20is%3Aclosed%20closed%3A%3C%3D2020-11-18T09%3A40%3A05Z&per_page=1: Validation Failed (https://docs.github.com/v3/search/); GitHub API error 422 for https://api.github.com/search/issues?q=repo%3Aeclipse/jetty.project%20is%3Aissue%20is%3Aclosed%20closed%3A%3C%3D2020-11-18T09%3A40%3A05Z&per_page=1: Validation Failed (https://docs.github.com/v3/search/),ok,ok,non_retryable_error,non_retryable_error,ok,ok,runtime_results
CVE-2021-30468,https://github.com/apache/cxf/commit/9d423d4ceb41a6a025b1cada185f0255e731d3af,apache/cxf,apache,cxf,9d423d4ceb41a6a025b1cada185f0255e731d3af,2021-05-28T10:55:41Z,683,1119,767,0,16372,211,ok,,ok,ok,ok,ok,ok,ok,runtime_results
CVE-2016-1000031,https://github.com/apache/commons-fileupload/commit/02f6b2c4ef9aebf9cf8e55de8b90e73430b69385;https://github.com/apache/commons-fileupload/commit/388e824518697c2c8f9f83fd964621d9c2f8fc4c,apache/commons-fileupload,apache,commons-fileupload,02f6b2c4ef9aebf9cf8e55de8b90e73430b69385,2016-05-12T13:39:38Z,35,23,0,0,850,32,ok,,ok,ok,ok,ok,ok,ok,runtime_results
CVE-2016-0734,https://github.com/apache/activemq/commit/028a33ea7d73fabe6161defffdbfc85578328a68;https://github.com/apache/activemq/commit/24ad36778534c5ac888f880837075449169578ad,apache/activemq,apache,activemq,028a33ea7d73fabe6161defffdbfc85578328a68,2016-02-12T20:46:27Z,363,285,135,0,9108,73,ok,,ok,ok,ok,ok,ok,ok,runtime_results
CVE-2021-31684,https://github.com/netplex/json-smart-v2/commit/21dad441f96863d41ad53a28c48478b9ef2ce1a7,netplex/json-smart-v2,netplex,json-smart-v2,21dad441f96863d41ad53a28c48478b9ef2ce1a7,2021-04-17T15:52:59Z,101,45,22,41,212,11,ok,,ok,ok,ok,ok,ok,ok,runtime_results
CVE-2010-2227,https://github.com/apache/tomcat/commit/692608fc183eccd915f3ec6ba17577f790872b5c;https://github.com/apache/tomcat55/commit/4faaca9353e5e3f963c7a674b3ac6a0bd1c3757e;https://github.com/apache/tomcat/commit/3821e9878ea2abd136863ebca6074bbc519d760c,apache/tomcat,apache,tomcat,692608fc183eccd915f3ec6ba17577f790872b5c,2010-06-29T10:13:54Z,0,0,0,0,4532,17,ok,,ok,ok,ok,ok,ok,ok,runtime_results
CVE-2014-3656,https://github.com/keycloak/keycloak/commit/85cc63c7ce93453ed25faced406621549d490d17,keycloak/keycloak,keycloak,keycloak,85cc63c7ce93453ed25faced406621549d490d17,2014-10-20T11:12:08Z,66,45,775,0,2296,31,ok,,ok,ok,ok,ok,ok,ok,runtime_results
CVE-2015-3198,https://github.com/undertow-io/undertow/commit/4c330e2ac8a3694bfc6196e7b38ba8a426f96f8c,undertow-io/undertow,undertow-io,undertow,4c330e2ac8a3694bfc6196e7b38ba8a426f96f8c,2015-05-05T10:51:51Z,600,168,300,0,2973,77,ok,,ok,ok,ok,ok,ok,ok,runtime_results
CVE-2017-1000486,https://github.com/primefaces/primefaces/commit/26e44eb7962cbdb6aa2f47eca0f230f3274358f0,primefaces/primefaces,primefaces,primefaces,26e44eb7962cbdb6aa2f47eca0f230f3274358f0,2016-02-15T21:07:38Z,300,99,92,666,5564,43,ok,,ok,ok,ok,ok,ok,ok,runtime_results
CVE-2021-22118,https://github.com/spring-projects/spring-framework/commit/cce60c479c22101f24b2b4abebb6d79440b120d1,spring-projects/spring-framework,spring-projects,spring-framework,cce60c479c22101f24b2b4abebb6d79440b120d1,2021-05-11T19:12:50Z,,26278,3076,19854,22510,635,partial_error,"GitHub API error 422 for https://api.github.com/repos/spring-projects/spring-framework/stargazers?per_page=100&page=401: In order to keep the API fast for everyone, pagination is limited for this resource. (https://docs.github.com/v3/#pagination)",non_retryable_error,ok,ok,ok,ok,ok,runtime_results
CVE-2020-5412,https://github.com/spring-cloud/spring-cloud-netflix/commit/624bbc8b50f7b5b6a1addc62040e4f2587f24f1b,spring-cloud/spring-cloud-netflix,spring-cloud,spring-cloud-netflix,624bbc8b50f7b5b6a1addc62040e4f2587f24f1b,2020-07-30T19:15:09Z,3859,1838,798,2893,2722,236,ok,,ok,ok,ok,ok,ok,ok,runtime_results
CVE-2018-8039,https://github.com/apache/cxf/commit/fae6fabf9bd7647f5e9cb68897a7d72b545b741;https://github.com/apache/cxf/commit/8ed6208f987ff72e4c4d2cf8a6b1ec9b27575d4,apache/cxf,apache,cxf,fae6fabf9bd7647f5e9cb68897a7d72b545b741,2018-05-23T15:47:39Z,383,627,402,0,14043,134,ok,,ok,ok,ok,ok,ok,ok,runtime_results
CVE-2019-17554,https://github.com/apache/olingo-odata4/commit/5948974ad28271818e2afe747c71cde56a7f2c63,apache/olingo-odata4,apache,olingo-odata4,5948974ad28271818e2afe747c71cde56a7f2c63,2019-11-12T03:59:33Z,85,107,23,0,1806,35,ok,,ok,ok,ok,ok,ok,ok,runtime_results
CVE-2014-3625,https://github.com/spring-projects/spring-framework/commit/9cef8e3001ddd61c734281a7556efd84b6cc2755,spring-projects/spring-framework,spring-projects,spring-framework,9cef8e3001ddd61c734281a7556efd84b6cc2755,2014-11-11T06:12:44Z,3697,2500,611,10030,9526,129,ok,,ok,ok,ok,ok,ok,ok,runtime_results
CVE-2017-12624,https://github.com/apache/cxf/commit/a2ce435cf0eedc8158d118d6d275114408d2a376,apache/cxf,apache,cxf,a2ce435cf0eedc8158d118d6d275114408d2a376,2017-10-03T13:08:50Z,300,487,306,0,13490,105,ok,,ok,ok,ok,ok,ok,ok,runtime_results
CVE-2020-5410,https://github.com/spring-cloud/spring-cloud-config/commit/f470b52f1bb52bedac984c2101bea9a3ac52e2e7,spring-cloud/spring-cloud-config,spring-cloud,spring-cloud-config,f470b52f1bb52bedac984c2101bea9a3ac52e2e7,2020-05-27T18:23:10Z,1471,904,360,1107,1315,154,ok,,ok,ok,ok,ok,ok,ok,runtime_results
CVE-2018-11797,https://github.com/apache/pdfbox/commit/a6deb9d7ffec79986cac82345db724b343ca3e5;https://github.com/apache/pdfbox/commit/f7dc8eed7df007c88421919932e2d4de44d2ae2;https://github.com/apache/pdfbox/commit/ea7d321b6e23cf017437846bcee4de19784cf6c8;https://github.com/apache/pdfbox/commit/bb5defd088bebd566d126df079d35b356ba0534a;https://github.com/apache/pdfbox/commit/2db39c139d935a8ba03e1ae3c012d2d41dd6912a,apache/pdfbox,apache,pdfbox,a6deb9d7ffec79986cac82345db724b343ca3e5,2018-08-04T17:29:55Z,646,275,40,0,7337,18,ok,,ok,ok,ok,ok,ok,ok,runtime_results
CVE-2017-5645,https://github.com/apache/logging-log4j2/commit/5dcc19215827db29c993d0305ee2b0d8dd05939d,apache/logging-log4j2,apache,logging-log4j2,5dcc19215827db29c993d0305ee2b0d8dd05939d,2017-04-02T17:41:20Z,206,139,56,0,9027,36,ok,,ok,ok,ok,ok,ok,ok,runtime_results
CVE-2020-5421,https://github.com/spring-projects/spring-framework/commit/dd011c991ce801660ec2be7979f3fc6462f29289,spring-projects/spring-framework,spring-projects,spring-framework,dd011c991ce801660ec2be7979f3fc6462f29289,2020-09-07T20:41:30Z,36477,23068,2799,19015,21480,574,ok,,ok,ok,ok,ok,ok,ok,runtime_results
CVE-2018-1000644,https://github.com/eclipse/rdf4j/commit/50f2f51950227a4ec595a2922d81da487aba5135,eclipse/rdf4j,eclipse,rdf4j,50f2f51950227a4ec595a2922d81da487aba5135,2018-10-25T10:08:28Z,115,37,,,1918,34,partial_error,GitHub API error 422 for https://api.github.com/search/issues?q=repo%3Aeclipse/rdf4j%20is%3Apr%20is%3Aclosed%20closed%3A%3C%3D2018-10-25T10%3A08%3A28Z&per_page=1: Validation Failed (https://docs.github.com/v3/search/); GitHub API error 422 for https://api.github.com/search/issues?q=repo%3Aeclipse/rdf4j%20is%3Aissue%20is%3Aclosed%20closed%3A%3C%3D2018-10-25T10%3A08%3A28Z&per_page=1: Validation Failed (https://docs.github.com/v3/search/),ok,ok,non_retryable_error,non_retryable_error,ok,ok,runtime_results
CVE-2016-2402,https://github.com/square/okhttp/commit/784fabac7d1586a5614bd4bc8854fd62850dbe26;https://github.com/square/okhttp/commit/3ccb46dd16b6ec98f70b0ee53eafe5ed6380891e,square/okhttp,square,okhttp,784fabac7d1586a5614bd4bc8854fd62850dbe26,2016-02-07T16:21:22Z,7885,1595,1235,909,2388,124,ok,,ok,ok,ok,ok,ok,ok,runtime_results
CVE-2021-39141,https://github.com/x-stream/xstream/commit/652d72f38b33938c54fd3b2ef626cb7dce38001c,x-stream/xstream,x-stream,xstream,652d72f38b33938c54fd3b2ef626cb7dce38001c,2021-05-26T17:43:09Z,566,136,64,169,2809,34,ok,,ok,ok,ok,ok,ok,ok,runtime_results
CVE-2015-5254,https://github.com/apache/activemq/commit/a7e2a44;https://github.com/apache/activemq/commit/e100638;https://github.com/apache/activemq/commit/6f03921;https://github.com/apache/activemq/commit/e7a4b53;https://github.com/apache/activemq/commit/d7a3b94;https://github.com/apache/activemq/commit/73a0caf,apache/activemq,apache,activemq,a7e2a44,2015-10-16T13:44:23Z,300,236,122,0,8918,66,ok,,ok,ok,ok,ok,ok,ok,runtime_results
CVE-2011-2731,https://github.com/spring-projects/spring-security/commit/76dc21469e8ef207f122ecc7e191e0133a2600af,spring-projects/spring-security,spring-projects,spring-security,76dc21469e8ef207f122ecc7e191e0133a2600af,2011-08-19T20:18:45Z,0,0,0,1634,4514,24,ok,,ok,ok,ok,ok,ok,ok,runtime_results
CVE-2018-1304,https://github.com/CRaC/tomcat/commit/5af7c13cff7cc8366c5997418e820989fabb8f48,CRaC/tomcat,CRaC,tomcat,5af7c13cff7cc8366c5997418e820989fabb8f48,2018-02-06T11:40:05Z,0,0,0,0,18457,31,ok,,ok,ok,ok,ok,ok,ok,runtime_results
CVE-2018-1331,https://github.com/apache/storm/commit/8ffa920d3894634aa078f0fdf6b02d270262caf;https://github.com/apache/storm/commit/22a962073c5f12dc5ab281a15d93eb5efc31ab6;https://github.com/apache/storm/commit/a6bf3e421d3d37a797e3bb374fcd20a00189feb,apache/storm,apache,storm,8ffa920d3894634aa078f0fdf6b02d270262caf,2018-04-13T21:31:57Z,4544,3006,2475,2010,9209,426,ok,,ok,ok,ok,ok,ok,ok,runtime_results
CVE-2018-1131,https://github.com/infinispan/infinispan/commit/c630752604332c4cc84fc44dfbb9011a296ab966,infinispan/infinispan,infinispan,infinispan,c630752604332c4cc84fc44dfbb9011a296ab966,2018-05-10T09:47:00Z,592,360,5900,0,10672,169,ok,,ok,ok,ok,ok,ok,ok,runtime_results
CVE-2020-27196,https://github.com/playframework/playframework/commit/f02e219cab10260cab82f884f736252038e68405,playframework/playframework,playframework,playframework,f02e219cab10260cab82f884f736252038e68405,2020-10-26T18:12:05Z,10997,3497,6950,3024,11011,877,ok,,ok,ok,ok,ok,ok,ok,runtime_results
CVE-2018-12418,https://github.com/junrar/junrar/commit/ad8d0ba8e155630da8a1215cee3f253e0af45817,junrar/junrar,junrar,junrar,ad8d0ba8e155630da8a1215cee3f253e0af45817,2018-05-31T02:22:23Z,38,22,7,0,60,10,ok,,ok,ok,ok,ok,ok,ok,runtime_results
CVE-2014-3527,https://github.com/spring-projects/spring-security/commit/2cb99f079152ac05cee5c90457c7feb3bb2de55,spring-projects/spring-security,spring-projects,spring-security,2cb99f079152ac05cee5c90457c7feb3bb2de55,2014-08-11T20:20:58Z,375,422,83,2457,5192,70,ok,,ok,ok,ok,ok,ok,ok,runtime_results
CVE-2020-5245,https://github.com/dropwizard/dropwizard/commit/28479f743a9d0aab6d0e963fc07f3dd98e8c8236,dropwizard/dropwizard,dropwizard,dropwizard,28479f743a9d0aab6d0e963fc07f3dd98e8c8236,2020-02-20T02:09:06Z,7066,2760,1898,1216,5280,445,ok,,ok,ok,ok,ok,ok,ok,runtime_results
CVE-2021-27850,https://github.com/apache/tapestry-5/commit/2089b0d52b9f9158a1d20ca95d98d88037cede61,apache/tapestry-5,apache,tapestry-5,2089b0d52b9f9158a1d20ca95d98d88037cede61,2021-02-28T13:12:51Z,82,59,2,0,5570,43,ok,,ok,ok,ok,ok,ok,ok,runtime_results
CVE-2020-7611,https://github.com/micronaut-projects/micronaut-core/commit/9d1eff5c8df1d6cda1fe00ef046729b2a6abe7f1,micronaut-projects/micronaut-core,micronaut-projects,micronaut-core,9d1eff5c8df1d6cda1fe00ef046729b2a6abe7f1,2020-03-09T18:20:28Z,3161,465,1196,1414,8044,219,ok,,ok,ok,ok,ok,ok,ok,runtime_results
CVE-2019-10071,https://github.com/apache/tapestry-5/commit/cdcf49c0a2b36ffc7a004d54405bb4357870c4b2,apache/tapestry-5,apache,tapestry-5,cdcf49c0a2b36ffc7a004d54405bb4357870c4b2,2019-04-19T23:09:41Z,71,44,0,0,5456,41,ok,,ok,ok,ok,ok,ok,ok,runtime_results
CVE-2014-0002,https://github.com/apache/camel/commit/341d4e6cca71c53c90962d1c3d45fc9e05cc50c6;https://github.com/apache/camel/commit/54b65c1d30848835f26bd138c0ba407bc1e560d,apache/camel,apache,camel,341d4e6cca71c53c90962d1c3d45fc9e05cc50c6,2014-01-13T03:02:48Z,152,128,65,0,15708,57,ok,,ok,ok,ok,ok,ok,ok,runtime_results
CVE-2021-38294,https://github.com/apache/storm/commit/30857b7d54ac7a91c42e0816cb0fbcdcd111e89f,apache/storm,apache,storm,30857b7d54ac7a91c42e0816cb0fbcdcd111e89f,2021-10-25T15:12:36Z,6073,3787,3361,2655,10461,489,ok,,ok,ok,ok,ok,ok,ok,runtime_results
CVE-2019-3875,https://github.com/keycloak/keycloak/commit/db271f7150aae914a8f256ccb48e9d1dac9d7126;https://github.com/keycloak/keycloak/commit/a48698caa32933458916980ab05256f56099a337,keycloak/keycloak,keycloak,keycloak,db271f7150aae914a8f256ccb48e9d1dac9d7126,2019-03-20T14:00:44Z,3253,1440,5903,0,13421,448,ok,,ok,ok,ok,ok,ok,ok,runtime_results
CVE-2011-5063,https://github.com/apache/tomcat55/commit/644dfdf96cf82fcd2a2046d93f2b5495f7e94584,apache/tomcat55,apache,tomcat55,644dfdf96cf82fcd2a2046d93f2b5495f7e94584,2011-08-18T16:49:39Z,0,0,0,0,653,11,ok,,ok,ok,ok,ok,ok,ok,runtime_results
CVE-2019-13236,https://github.com/alkacon/opencms-core/commit/185e71cc9844c90c0c29b730bd92b0375f1eca21,alkacon/opencms-core,alkacon,opencms-core,185e71cc9844c90c0c29b730bd92b0375f1eca21,2019-09-17T11:29:36Z,386,300,131,441,23488,88,ok,,ok,ok,ok,ok,ok,ok,runtime_results
CVE-2021-23899,https://github.com/OWASP/json-sanitizer/commit/a37f594f7378a1c76b3283e0dab9e1ab1dc0247e;https://github.com/OWASP/json-sanitizer/commit/89d91f328bd3eb46bee6b8ee78a5fce1e3a11c18,OWASP/json-sanitizer,OWASP,json-sanitizer,a37f594f7378a1c76b3283e0dab9e1ab1dc0247e,2021-01-12T22:31:19Z,128,39,9,11,100,8,ok,,ok,ok,ok,ok,ok,ok,runtime_results
CVE-2018-12540,https://github.com/vert-x3/vertx-web/commit/f42b193b15a29b772fc576b2d0f2497e7474a7e;https://github.com/vert-x3/vertx-web/commit/98891b1d9e022b467a3e4674aca4d1889849b1d,vert-x3/vertx-web,vert-x3,vertx-web,f42b193b15a29b772fc576b2d0f2497e7474a7e,2018-07-12T10:04:21Z,411,191,387,463,1659,102,ok,,ok,ok,ok,ok,ok,ok,runtime_results
CVE-2014-1972,https://github.com/apache/tapestry-5/commit/95846b173d83c2eb42db75dae3e7d5e13a633946,apache/tapestry-5,apache,tapestry-5,95846b173d83c2eb42db75dae3e7d5e13a633946,2012-10-04T18:30:20Z,10,1,0,0,3607,21,ok,,ok,ok,ok,ok,ok,ok,runtime_results
CVE-2020-1698,https://github.com/keycloak/keycloak/commit/62c9e1577618470832ede22dcedd46cba15b1836,keycloak/keycloak,keycloak,keycloak,62c9e1577618470832ede22dcedd46cba15b1836,2020-02-10T08:23:31Z,4901,2049,6703,0,14327,573,ok,,ok,ok,ok,ok,ok,ok,runtime_results
CVE-2019-10173,https://github.com/x-stream/xstream/commit/f38a1da3ae9491930c2067c12cd2506738b21dab,x-stream/xstream,x-stream,xstream,f38a1da3ae9491930c2067c12cd2506738b21dab,2018-02-21T00:36:36Z,264,70,21,73,2573,20,ok,,ok,ok,ok,ok,ok,ok,runtime_results
CVE-2020-28491,https://github.com/FasterXML/jackson-dataformats-binary/commit/de072d314af8f5f269c8abec6930652af67bc8e6,FasterXML/jackson-dataformats-binary,FasterXML,jackson-dataformats-binary,de072d314af8f5f269c8abec6930652af67bc8e6,2020-12-05T00:27:55Z,194,73,70,97,1048,27,ok,,ok,ok,ok,ok,ok,ok,runtime_results
CVE-2022-0839,https://github.com/liquibase/liquibase/commit/d60de3f18acba5423b60d09ee40df44103a07295,liquibase/liquibase,liquibase,liquibase,d60de3f18acba5423b60d09ee40df44103a07295,2022-02-08T19:14:40Z,2851,1283,1573,307,10545,581,ok,,ok,ok,ok,ok,ok,ok,runtime_results
CVE-2007-5615,https://github.com/jetty-project/codehaus-jetty6/commit/0d2592ea3183914163d0921e4855bd3e18582a05,jetty-project/codehaus-jetty6,jetty-project,codehaus-jetty6,0d2592ea3183914163d0921e4855bd3e18582a05,2007-09-04T01:45:21Z,0,0,0,0,3869,9,ok,,ok,ok,ok,ok,ok,ok,runtime_results
CVE-2022-23221,https://github.com/h2database/h2database/commit/2b55a66bac49fb3be540e322f27dfbd550f06b9c,h2database/h2database,h2database,h2database,2b55a66bac49fb3be540e322f27dfbd550f06b9c,2022-01-06T16:48:25Z,2980,851,1578,1464,13774,162,ok,,ok,ok,ok,ok,ok,ok,runtime_results
CVE-2017-3586,https://github.com/mysql/mysql-connector-j/commit/aeba57264966b0fd329cdb8170ba772fd8fd4de2,mysql/mysql-connector-j,mysql,mysql-connector-j,aeba57264966b0fd329cdb8170ba772fd8fd4de2,2017-04-04T13:52:55Z,107,82,16,0,2367,27,ok,,ok,ok,ok,ok,ok,ok,runtime_results
CVE-2021-44548,https://github.com/apache/solr/commit/c1f916d532e9580f22c09b6ad746d4ea9bcc47a6,apache/solr,apache,solr,c1f916d532e9580f22c09b6ad746d4ea9bcc47a6,2021-12-03T22:39:25Z,236,150,364,0,35442,345,ok,,ok,ok,ok,ok,ok,ok,runtime_results
CVE-2014-3643,https://github.com/jersey/jersey-1.x/commit/49f1e5a6ac608ccb51939205e4739f328f2223e6,jersey/jersey-1.x,jersey,jersey-1.x,49f1e5a6ac608ccb51939205e4739f328f2223e6,2012-06-10T20:01:03Z,0,0,,,3383,26,partial_error,GitHub API error 422 for https://api.github.com/search/issues?q=repo%3Ajersey/jersey-1.x%20is%3Apr%20is%3Aclosed%20closed%3A%3C%3D2012-06-10T20%3A01%3A03Z&per_page=1: Validation Failed (https://docs.github.com/v3/search/); GitHub API error 422 for https://api.github.com/search/issues?q=repo%3Ajersey/jersey-1.x%20is%3Aissue%20is%3Aclosed%20closed%3A%3C%3D2012-06-10T20%3A01%3A03Z&per_page=1: Validation Failed (https://docs.github.com/v3/search/),ok,ok,non_retryable_error,non_retryable_error,ok,ok,runtime_results
CVE-2018-12537,https://github.com/eclipse/vert.x/commit/1bb6445226c39a95e7d07ce3caaf56828e8aab72;https://github.com/eclipse-vertx/vert.x/commit/3a6512695a9d610687081eb13d2a1681151fd7fb,eclipse/vert.x,eclipse,vert.x,1bb6445226c39a95e7d07ce3caaf56828e8aab72,2018-05-24T14:36:56Z,7254,1067,,,3505,143,partial_error,GitHub API error 422 for https://api.github.com/search/issues?q=repo%3Aeclipse/vert.x%20is%3Apr%20is%3Aclosed%20closed%3A%3C%3D2018-05-24T14%3A36%3A56Z&per_page=1: Validation Failed (https://docs.github.com/v3/search/); GitHub API error 422 for https://api.github.com/search/issues?q=repo%3Aeclipse/vert.x%20is%3Aissue%20is%3Aclosed%20closed%3A%3C%3D2018-05-24T14%3A36%3A56Z&per_page=1: Validation Failed (https://docs.github.com/v3/search/),ok,ok,non_retryable_error,non_retryable_error,ok,ok,runtime_results
CVE-2018-1067,https://github.com/undertow-io/undertow/commit/f404cb68448c188f4d51b085b7fe4ac32bde26e;https://github.com/undertow-io/undertow/commit/85d4478e598105fe94ac152d3e11e388374e8b8,undertow-io/undertow,undertow-io,undertow,f404cb68448c188f4d51b085b7fe4ac32bde26e,2018-04-26T23:40:10Z,1777,469,626,0,4266,130,ok,,ok,ok,ok,ok,ok,ok,runtime_results
CVE-2016-1000346,https://github.com/bcgit/bc-java/commit/1127131c89021612c6eefa26dbe5714c194e7495,bcgit/bc-java,bcgit,bc-java,1127131c89021612c6eefa26dbe5714c194e7495,2016-10-29T03:10:40Z,321,156,101,40,2849,34,ok,,ok,ok,ok,ok,ok,ok,runtime_results
CVE-2020-15250,https://github.com/junit-team/junit4/commit/610155b8c22138329f0723eec22521627dbc52ae,junit-team/junit4,junit-team,junit4,610155b8c22138329f0723eec22521627dbc52ae,2020-10-11T14:56:21Z,7503,2661,829,674,2440,207,ok,,ok,ok,ok,ok,ok,ok,runtime_results
CVE-2020-5206,https://github.com/opencast/opencast/commit/b157e1fb3b35991ca7bf59f0730329fbe7ce82e8,opencast/opencast,opencast,opencast,b157e1fb3b35991ca7bf59f0730329fbe7ce82e8,2020-01-29T11:04:02Z,105,92,1262,28,12378,174,ok,,ok,ok,ok,ok,ok,ok,runtime_results
CVE-2020-17527,https://github.com/apache/tomcat/commit/8d2fe6894d6e258a6d615d7f786acca80e6020cb,apache/tomcat,apache,tomcat,8d2fe6894d6e258a6d615d7f786acca80e6020cb,2020-11-09T19:23:12Z,4634,2993,353,0,22697,85,ok,,ok,ok,ok,ok,ok,ok,runtime_results
CVE-2013-2135,https://github.com/apache/struts/commit/01e6b251b4db78bfb7971033652e81d1af4cb3e;https://github.com/apache/struts/commit/8b4fc81daeea3834bcbf73de5f48d0021917aa3;https://github.com/apache/struts/commit/711cf0201cdd319a38cf29238913312355db29ba,apache/struts,apache,struts,01e6b251b4db78bfb7971033652e81d1af4cb3e,2013-06-03T08:46:20Z,0,0,0,0,3318,31,ok,,ok,ok,ok,ok,ok,ok,runtime_results
CVE-2018-12542,https://github.com/vert-x3/vertx-web/commit/57a65dce6f4c5aa5e3ce7288685e7f3447eb8f3b,vert-x3/vertx-web,vert-x3,vertx-web,57a65dce6f4c5aa5e3ce7288685e7f3447eb8f3b,2018-10-03T07:06:47Z,444,201,406,483,1733,107,ok,,ok,ok,ok,ok,ok,ok,runtime_results
CVE-2009-1523,https://github.com/jetty-project/codehaus-jetty6/commit/038ce0f5c29a60263e23aec544ecec516c043f98,jetty-project/codehaus-jetty6,jetty-project,codehaus-jetty6,038ce0f5c29a60263e23aec544ecec516c043f98,2009-05-03T23:46:49Z,0,0,0,0,7538,13,ok,,ok,ok,ok,ok,ok,ok,runtime_results
CVE-2014-0099,https://github.com/apache/tomcat/commit/fffd63a,apache/tomcat,apache,tomcat,fffd63a,2014-03-18T10:27:31Z,133,83,1,0,12219,24,ok,,ok,ok,ok,ok,ok,ok,runtime_results
CVE-2013-4286,https://github.com/apache/tomcat/commit/52241c95b55b005ba6ffeed8e610e238bf471dd9;https://github.com/apache/tomcat80/commit/ff00954b78e6484e40f323c0cef2e6d95c2882b9,apache/tomcat,apache,tomcat,52241c95b55b005ba6ffeed8e610e238bf471dd9,2013-09-11T13:41:58Z,81,44,0,0,11086,23,ok,,ok,ok,ok,ok,ok,ok,runtime_results
CVE-2017-12645,https://github.com/liferay/liferay-portal/commit/f30571c3502551945ba7497e8d80e8b2295f1026,liferay/liferay-portal,liferay,liferay-portal,f30571c3502551945ba7497e8d80e8b2295f1026,2017-05-02T19:56:21Z,905,1374,1329,0,215641,551,ok,,ok,ok,ok,ok,ok,ok,runtime_results
CVE-2012-6153,https://github.com/apache/httpclient/commit/8e0c2aca056c605a80116fa73a10a6e103f567b3;https://github.com/apache/httpcomponents-client/commit/6e14fc146a66e0f3eb362f45f95d1a58ee18886a,apache/httpclient,apache,httpclient,8e0c2aca056c605a80116fa73a10a6e103f567b3,2012-11-20T15:40:13Z,37,6,,,1747,10,partial_error,GitHub API error 422 for https://api.github.com/search/issues?q=repo%3Aapache/httpclient%20is%3Apr%20is%3Aclosed%20closed%3A%3C%3D2012-11-20T15%3A40%3A13Z&per_page=1: Validation Failed (https://docs.github.com/v3/search/); GitHub API error 422 for https://api.github.com/search/issues?q=repo%3Aapache/httpclient%20is%3Aissue%20is%3Aclosed%20closed%3A%3C%3D2012-11-20T15%3A40%3A13Z&per_page=1: Validation Failed (https://docs.github.com/v3/search/),ok,ok,non_retryable_error,non_retryable_error,ok,ok,runtime_results
CVE-2018-1314,https://github.com/apache/hive/commit/3b1d4fdfdfecbf162b60ec0e49a07595a8a51e79,apache/hive,apache,hive,3b1d4fdfdfecbf162b60ec0e49a07595a8a51e79,2018-10-25T18:09:00Z,1981,1690,249,0,12942,300,ok,,ok,ok,ok,ok,ok,ok,runtime_results
CVE-2017-5650,https://github.com/apache/tomcat/commit/5496e193a89b8b8b3177e516358df2f07ab852b3,apache/tomcat,apache,tomcat,5496e193a89b8b8b3177e516358df2f07ab852b3,2017-03-24T14:43:17Z,1151,811,40,0,18170,38,ok,,ok,ok,ok,ok,ok,ok,runtime_results
CVE-2021-21409,https://github.com/netty/netty/commit/b0fa4d5aab4215f3c22ce6123dd8dd5f38dc0432,netty/netty,netty,netty,b0fa4d5aab4215f3c22ce6123dd8dd5f38dc0432,2021-03-30T07:40:47Z,25119,11227,5634,4965,10724,591,ok,,ok,ok,ok,ok,ok,ok,runtime_results
CVE-2015-5347,https://github.com/apache/wicket/commit/dffba2ce410ec7e917ad350d3528af4df67bc348,apache/wicket,apache,wicket,dffba2ce410ec7e917ad350d3528af4df67bc348,2015-11-18T18:26:25Z,240,140,137,0,19010,71,ok,,ok,ok,ok,ok,ok,ok,runtime_results
CVE-2012-0393,https://github.com/apache/struts/commit/9cad25f258bb2629d263f828574d2671366c238d,apache/struts,apache,struts,9cad25f258bb2629d263f828574d2671366c238d,2011-12-27T22:34:37Z,0,0,0,0,2880,30,ok,,ok,ok,ok,ok,ok,ok,runtime_results
CVE-2014-3576,https://github.com/apache/activemq/commit/00921f2,apache/activemq,apache,activemq,00921f2,2014-08-13T15:15:29Z,137,81,33,0,8085,46,ok,,ok,ok,ok,ok,ok,ok,runtime_results
CVE-2019-3799,https://github.com/spring-cloud/spring-cloud-config/commit/9617f2922ee2ae27f08676716224933f0d869719;https://github.com/spring-cloud/spring-cloud-config/commit/3632fc6f64e567286c42c5a2f1b8142bfde505c2,spring-cloud/spring-cloud-config,spring-cloud,spring-cloud-config,9617f2922ee2ae27f08676716224933f0d869719,2019-04-16T18:30:02Z,1176,753,294,947,1120,131,ok,,ok,ok,ok,ok,ok,ok,runtime_results
CVE-2017-3164,https://github.com/apache/solr/commit/8b54b20,apache/solr,apache,solr,8b54b20,2019-01-15T19:44:57Z,0,0,0,0,31278,159,ok,,ok,ok,ok,ok,ok,ok,runtime_results
CVE-2015-0899,https://github.com/kawasima/struts1-forever/commit/212bb0f7c57617b7b9c44cb1e056bd1e597c8e16,kawasima/struts1-forever,kawasima,struts1-forever,212bb0f7c57617b7b9c44cb1e056bd1e597c8e16,2015-05-13T01:27:13Z,0,0,0,0,4252,25,ok,,ok,ok,ok,ok,ok,ok,runtime_results
CVE-2017-5637,https://github.com/apache/zookeeper/commit/835377f0e1cd215e791ed29c0bcff95e625f299c;https://github.com/apache/zookeeper/commit/0c49dd931c0d3c992975515d9f85ffc7fb68e551;https://github.com/apache/zookeeper/commit/5fe68506f217246c7ebd96803f9c78e13ec2f11a,apache/zookeeper,apache,zookeeper,835377f0e1cd215e791ed29c0bcff95e625f299c,2017-03-07T12:04:34Z,2304,1300,95,0,1516,33,ok,,ok,ok,ok,ok,ok,ok,runtime_results
CVE-2015-1833,https://github.com/apache/jackrabbit/commit/3903739363b79deb7579802fbc27b9b7448218b2;https://github.com/apache/jackrabbit/commit/89c5c4ed6ab250ad609829517f167d2dbe0abdd0,apache/jackrabbit,apache,jackrabbit,3903739363b79deb7579802fbc27b9b7448218b2,2015-05-21T08:07:02Z,58,30,16,0,8052,39,ok,,ok,ok,ok,ok,ok,ok,runtime_results
CVE-2016-0763,https://github.com/apache/tomcat/commit/76ebc90,apache/tomcat,apache,tomcat,76ebc90,2016-01-21T12:47:19Z,604,431,23,0,16578,35,ok,,ok,ok,ok,ok,ok,ok,runtime_results
CVE-2019-18393,https://github.com/igniterealtime/Openfire/commit/8fb9c8cd9a1179e3eead37c0dbd44ed8dc6f3532,igniterealtime/Openfire,igniterealtime,Openfire,8fb9c8cd9a1179e3eead37c0dbd44ed8dc6f3532,2019-10-03T09:06:47Z,1872,980,1478,0,9061,181,ok,,ok,ok,ok,ok,ok,ok,runtime_results
CVE-2018-8015,https://github.com/apache/orc/commit/d5018d309a8adc6b8e0567cb692a17371d16e108,apache/orc,apache,orc,d5018d309a8adc6b8e0567cb692a17371d16e108,2018-05-07T17:40:55Z,134,113,255,0,370,42,ok,,ok,ok,ok,ok,ok,ok,runtime_results
CVE-2019-10770,https://github.com/ratpack/ratpack/commit/c1d4357bbc4bceb24abb156fbb471257a0177eb6;https://github.com/ratpack/ratpack/commit/a3cbb13be1527874528c3b99fc33517c0297b6d3,ratpack/ratpack,ratpack,ratpack,c1d4357bbc4bceb24abb156fbb471257a0177eb6,2020-01-25T14:31:55Z,1723,329,467,871,5874,155,ok,,ok,ok,ok,ok,ok,ok,runtime_results
CVE-2022-21724,https://github.com/pgjdbc/pgjdbc/commit/f4d0ed69c0b3aae8531d83d6af4c57f22312c813,pgjdbc/pgjdbc,pgjdbc,pgjdbc,f4d0ed69c0b3aae8531d83d6af4c57f22312c813,2022-02-01T12:27:13Z,980,601,1289,748,3004,265,ok,,ok,ok,ok,ok,ok,ok,runtime_results
CVE-2020-10727,https://github.com/apache/activemq-artemis/commit/ed7fee6d9cd94177dae30f2440e8bd07ddb5522a,apache/activemq-artemis,apache,activemq-artemis,ed7fee6d9cd94177dae30f2440e8bd07ddb5522a,2020-03-06T02:38:09Z,527,442,,,7122,188,partial_error,GitHub API error 422 for https://api.github.com/search/issues?q=repo%3Aapache/activemq-artemis%20is%3Apr%20is%3Aclosed%20closed%3A%3C%3D2020-03-06T02%3A38%3A09Z&per_page=1: Validation Failed (https://docs.github.com/v3/search/); GitHub API error 422 for https://api.github.com/search/issues?q=repo%3Aapache/activemq-artemis%20is%3Aissue%20is%3Aclosed%20closed%3A%3C%3D2020-03-06T02%3A38%3A09Z&per_page=1: Validation Failed (https://docs.github.com/v3/search/),ok,ok,non_retryable_error,non_retryable_error,ok,ok,runtime_results
CVE-2021-32623,https://github.com/opencast/opencast/commit/16b0d641713fe31b8518fcf14fc5e4e815d81206,opencast/opencast,opencast,opencast,16b0d641713fe31b8518fcf14fc5e4e815d81206,2021-06-14T21:50:43Z,186,145,2391,172,14663,207,ok,,ok,ok,ok,ok,ok,ok,runtime_results
CVE-2020-13943,https://github.com/apache/tomcat/commit/55911430df13f8c9998fbdee1f9716994d2db59b,apache/tomcat,apache,tomcat,55911430df13f8c9998fbdee1f9716994d2db59b,2020-08-17T18:48:40Z,4447,2838,315,0,22397,78,ok,,ok,ok,ok,ok,ok,ok,runtime_results
CVE-2018-14637,https://github.com/keycloak/keycloak/commit/234b7a06a171f83e3cd6d7a0f17c3597212122cb,keycloak/keycloak,keycloak,keycloak,234b7a06a171f83e3cd6d7a0f17c3597212122cb,2018-11-06T12:26:40Z,2757,1239,5638,0,13042,409,ok,,ok,ok,ok,ok,ok,ok,runtime_results
CVE-2018-20000,https://github.com/Bedework/bw-webdav/commit/ccb87c2757bab531c53faf0637ee342a378caa7f,Bedework/bw-webdav,Bedework,bw-webdav,ccb87c2757bab531c53faf0637ee342a378caa7f,2018-11-28T15:31:01Z,0,3,0,0,335,5,ok,,ok,ok,ok,ok,ok,ok,runtime_results
CVE-2017-2666,https://github.com/undertow-io/undertow/commit/691440ee58259fba76711b60d56dde6679808bdc,undertow-io/undertow,undertow-io,undertow,691440ee58259fba76711b60d56dde6679808bdc,2017-06-08T14:20:10Z,1423,383,509,0,3953,116,ok,,ok,ok,ok,ok,ok,ok,runtime_results
CVE-2017-15717,https://github.com/apache/sling-org-apache-sling-xss/commit/ec6764d165abc4df8cffd8439761bb2228887db9,apache/sling-org-apache-sling-xss,apache,sling-org-apache-sling-xss,ec6764d165abc4df8cffd8439761bb2228887db9,2017-12-28T12:59:22Z,0,0,0,0,71,7,ok,,ok,ok,ok,ok,ok,ok,runtime_results
CVE-2019-10093,https://github.com/apache/tika/commit/81c21ab0aac6b3e4102a1a8906c8c7eab6f96dae,apache/tika,apache,tika,81c21ab0aac6b3e4102a1a8906c8c7eab6f96dae,2019-07-24T12:23:09Z,809,387,239,0,4526,100,ok,,ok,ok,ok,ok,ok,ok,runtime_results
CVE-2018-15756,https://github.com/spring-projects/spring-framework/commit/c8e320019ffe7298fc4cbeeb194b2bfd6389b6d,spring-projects/spring-framework,spring-projects,spring-framework,c8e320019ffe7298fc4cbeeb194b2bfd6389b6d,2018-10-15T02:53:33Z,21576,12301,1796,15200,17374,371,ok,,ok,ok,ok,ok,ok,ok,runtime_results
CVE-2013-7285,https://github.com/x-stream/xstream/commit/6344867dce6767af7d0fe34fb393271a6456672d,x-stream/xstream,x-stream,xstream,6344867dce6767af7d0fe34fb393271a6456672d,2014-01-22T18:29:40Z,0,0,0,0,2131,11,ok,,ok,ok,ok,ok,ok,ok,runtime_results
CVE-2012-5055,https://github.com/spring-projects/spring-security/commit/915b2acf73a75c4e51e67a3c7fd85f908df6259b,spring-projects/spring-security,spring-projects,spring-security,915b2acf73a75c4e51e67a3c7fd85f908df6259b,2012-10-08T12:45:02Z,140,44,12,1976,4674,33,ok,,ok,ok,ok,ok,ok,ok,runtime_results
CVE-2017-7559,https://github.com/undertow-io/undertow/commit/cb1d94dd90615c1d47ab342f8c22a57222a79d3d,undertow-io/undertow,undertow-io,undertow,cb1d94dd90615c1d47ab342f8c22a57222a79d3d,2018-03-02T00:25:27Z,1698,458,601,0,4192,124,ok,,ok,ok,ok,ok,ok,ok,runtime_results
CVE-2019-17359,https://github.com/bcgit/bc-java/commit/b1bc75254f5fea633a49a751a1a7339056f97856;https://github.com/bcgit/bc-java/commit/33a8e4aa07b21a8bcf5a582446664485f5f081b2,bcgit/bc-java,bcgit,bc-java,b1bc75254f5fea633a49a751a1a7339056f97856,2019-09-29T20:55:22Z,956,444,192,298,7648,83,ok,,ok,ok,ok,ok,ok,ok,runtime_results
CVE-2018-11802,https://github.com/apache/lucene-solr/commit/d14bf2dc1ab0fd9d27d8add9ead1a7a76f4f340f,apache/lucene-solr,apache,lucene-solr,d14bf2dc1ab0fd9d27d8add9ead1a7a76f4f340f,2019-01-04T04:03:47Z,2024,1302,266,0,31239,159,ok,,ok,ok,ok,ok,ok,ok,runtime_results
CVE-2018-12541,https://github.com/eclipse-vertx/vert.x/commit/269a583330695d1418a4f5578f7169350b2e1332,eclipse-vertx/vert.x,eclipse-vertx,vert.x,269a583330695d1418a4f5578f7169350b2e1332,2018-10-03T07:02:55Z,7826,1139,1301,1173,3688,155,ok,,ok,ok,ok,ok,ok,ok,runtime_results
CVE-2018-8014,https://github.com/CRaC/tomcat/commit/60f596a21fd6041335a3a1a4015d4512439cecb5;https://github.com/apache/tomcat80/commit/2c9d8433bd3247a2856d4b2555447108758e813e,CRaC/tomcat,CRaC,tomcat,60f596a21fd6041335a3a1a4015d4512439cecb5,2018-05-16T14:54:09Z,0,0,0,0,18610,32,ok,,ok,ok,ok,ok,ok,ok,runtime_results
CVE-2020-26259,https://github.com/x-stream/xstream/commit/0bcbf50126a62dfcd65f93a0da0c6d1ae92aa738,x-stream/xstream,x-stream,xstream,0bcbf50126a62dfcd65f93a0da0c6d1ae92aa738,2020-12-12T18:40:25Z,515,124,60,144,2751,31,ok,,ok,ok,ok,ok,ok,ok,runtime_results
CVE-2019-6002,https://github.com/line/centraldogma/commit/25fcbbd098f69236b115f27c6b6de6b4e44f3103,line/centraldogma,line,centraldogma,25fcbbd098f69236b115f27c6b6de6b4e44f3103,2019-07-26T06:38:31Z,251,51,294,58,392,14,ok,,ok,ok,ok,ok,ok,ok,runtime_results
CVE-2017-12625,https://github.com/apache/hive/commit/8ffd8ea8eb8bfecb8770fb99e5f17877bb79a434,apache/hive,apache,hive,8ffd8ea8eb8bfecb8770fb99e5f17877bb79a434,2017-10-03T21:08:12Z,1382,1257,139,0,10911,231,ok,,ok,ok,ok,ok,ok,ok,runtime_results
CVE-2018-8027,https://github.com/apache/camel/commit/24eefa559fe6b310629d2bf00663d2679ec81b9;https://github.com/apache/camel/commit/3fe03e361725b66c1c3eaa40bb11577fb3dc17b,apache/camel,apache,camel,24eefa559fe6b310629d2bf00663d2679ec81b9,2018-04-16T08:58:01Z,1625,2115,2272,0,32025,540,ok,,ok,ok,ok,ok,ok,ok,runtime_results
CVE-2014-0075,https://github.com/apache/tomcat80/commit/d49a03728ac7e3c800b1b0ce0eeccd8a5a21bb91;https://github.com/apache/tomcat/commit/b6974571c122f6a1e7ec74a90fa212976fa7b0ed,apache/tomcat80,apache,tomcat80,d49a03728ac7e3c800b1b0ce0eeccd8a5a21bb91,2014-03-17T12:31:50Z,0,0,0,0,12212,24,ok,,ok,ok,ok,ok,ok,ok,runtime_results
CVE-2021-32053,https://github.com/hapifhir/hapi-fhir/commit/5a9f499fbf60cdcb4320b5774433ca6bc96cdfc5,hapifhir/hapi-fhir,hapifhir,hapi-fhir,5a9f499fbf60cdcb4320b5774433ca6bc96cdfc5,2021-05-07T16:04:59Z,1153,870,1108,1155,7949,194,ok,,ok,ok,ok,ok,ok,ok,runtime_results
CVE-2021-21349,https://github.com/x-stream/xstream/commit/d5e51177634afea7213b9dc2d21f101d2e258db9,x-stream/xstream,x-stream,xstream,d5e51177634afea7213b9dc2d21f101d2e258db9,2021-03-09T22:55:45Z,542,129,61,151,2768,31,ok,,ok,ok,ok,ok,ok,ok,runtime_results
CVE-2018-9117,https://github.com/tomakehurst/wiremock/commit/4c6dfde82a5ee91c5f47bf353f5099d11692db39,tomakehurst/wiremock,tomakehurst,wiremock,4c6dfde82a5ee91c5f47bf353f5099d11692db39,2018-03-23T12:26:02Z,2058,573,,,1459,116,partial_error,GitHub API error 422 for https://api.github.com/search/issues?q=repo%3Atomakehurst/wiremock%20is%3Apr%20is%3Aclosed%20closed%3A%3C%3D2018-03-23T12%3A26%3A02Z&per_page=1: Validation Failed (https://docs.github.com/v3/search/); GitHub API error 422 for https://api.github.com/search/issues?q=repo%3Atomakehurst/wiremock%20is%3Aissue%20is%3Aclosed%20closed%3A%3C%3D2018-03-23T12%3A26%3A02Z&per_page=1: Validation Failed (https://docs.github.com/v3/search/),ok,ok,non_retryable_error,non_retryable_error,ok,ok,runtime_results
CVE-2012-5633,https://github.com/apache/cxf/commit/1a6b532d53a7b98018871982049e4b0c80dc837c;https://github.com/apache/cxf/commit/db11c9115f31e171de4622149f157d8283f6c720;https://github.com/apache/cxf/commit/d99f96aa970d9f2faa8ed45e278a403af48757ae;https://github.com/apache/cxf/commit/e733c692e933a7f82424d3744aace9304cd5d4f6,apache/cxf,apache,cxf,1a6b532d53a7b98018871982049e4b0c80dc837c,2012-12-12T14:23:23Z,0,0,0,0,6364,28,ok,,ok,ok,ok,ok,ok,ok,runtime_results
CVE-2014-3651,https://github.com/keycloak/keycloak/commit/a697f4bd4192de39416dec15bd5b1669f0dcf360,keycloak/keycloak,keycloak,keycloak,a697f4bd4192de39416dec15bd5b1669f0dcf360,2014-10-20T11:03:05Z,66,45,775,0,2296,31,ok,,ok,ok,ok,ok,ok,ok,runtime_results
CVE-2018-8016,https://github.com/apache/cassandra/commit/28ee665b3c0c9238b61a871064f024d54cddcc79,apache/cassandra,apache,cassandra,28ee665b3c0c9238b61a871064f024d54cddcc79,2018-02-02T12:00:53Z,3785,1539,128,0,23746,341,ok,,ok,ok,ok,ok,ok,ok,runtime_results
CVE-2018-1270,https://github.com/spring-projects/spring-framework/commit/1db7e02de3eb0c011ee6681f5a12eb9d166fea8;https://github.com/spring-projects/spring-framework/commit/e0de9126ed8cf25cf141d3e66420da94e350708,spring-projects/spring-framework,spring-projects,spring-framework,1db7e02de3eb0c011ee6681f5a12eb9d166fea8,2018-03-12T22:58:59Z,17322,10150,1537,14357,16224,316,ok,,ok,ok,ok,ok,ok,ok,runtime_results
CVE-2011-2730,https://github.com/spring-projects/spring-framework/commit/c8649087792d07df209fc75e0f9e2e3284e09fe;https://github.com/spring-projects/spring-framework/commit/d95cbe23ee462245c5c2482e175f7b2a921b31c,spring-projects/spring-framework,spring-projects,spring-framework,c8649087792d07df209fc75e0f9e2e3284e09fe,2011-07-28T20:25:18Z,658,5,1,2082,4460,25,ok,,ok,ok,ok,ok,ok,ok,runtime_results
CVE-2018-1295,https://github.com/apache/ignite/commit/340569b8f4e14a4cb61a9407ed2d9aa4a20bdf49,apache/ignite,apache,ignite,340569b8f4e14a4cb61a9407ed2d9aa4a20bdf49,2018-01-25T09:29:47Z,1350,641,2413,0,23365,194,ok,,ok,ok,ok,ok,ok,ok,runtime_results
CVE-2016-10006,https://github.com/nahsra/antisamy/commit/7313931dc3c0d1377b010f07faef2063dd359a36,nahsra/antisamy,nahsra,antisamy,7313931dc3c0d1377b010f07faef2063dd359a36,2016-12-19T16:47:16Z,0,3,1,0,10,4,ok,,ok,ok,ok,ok,ok,ok,runtime_results
CVE-2021-22053,https://github.com/spring-cloud/spring-cloud-netflix/commit/366efb29d520c7211a4123f4b0c0b2c71b805303,spring-cloud/spring-cloud-netflix,spring-cloud,spring-cloud-netflix,366efb29d520c7211a4123f4b0c0b2c71b805303,2021-11-16T16:46:14Z,4287,2090,870,3014,2898,249,ok,,ok,ok,ok,ok,ok,ok,runtime_results
CVE-2020-25689,https://github.com/wildfly/wildfly-core/commit/5a8a65c2e3310fe0c0143581c677855516148215,wildfly/wildfly-core,wildfly,wildfly-core,5a8a65c2e3310fe0c0143581c677855516148215,2020-09-02T07:37:21Z,121,357,4273,0,15397,269,ok,,ok,ok,ok,ok,ok,ok,runtime_results
CVE-2018-1000130,https://github.com/rhuss/jolokia/commit/fd7b93da30c61a45bac10d8b311f1b79a74910f;https://github.com/rhuss/jolokia/commit/1b360b8889f0ed51165a8d1ac55dd8e0aa2dfd4,rhuss/jolokia,rhuss,jolokia,fd7b93da30c61a45bac10d8b311f1b79a74910f,2018-02-08T09:13:21Z,481,132,,,1856,56,partial_error,GitHub API error 422 for https://api.github.com/search/issues?q=repo%3Arhuss/jolokia%20is%3Apr%20is%3Aclosed%20closed%3A%3C%3D2018-02-08T09%3A13%3A21Z&per_page=1: Validation Failed (https://docs.github.com/v3/search/); GitHub API error 422 for https://api.github.com/search/issues?q=repo%3Arhuss/jolokia%20is%3Aissue%20is%3Aclosed%20closed%3A%3C%3D2018-02-08T09%3A13%3A21Z&per_page=1: Validation Failed (https://docs.github.com/v3/search/),ok,ok,non_retryable_error,non_retryable_error,ok,ok,runtime_results
CVE-2018-11771,https://github.com/apache/commons-compress/commit/a41ce6892cb0590b2e658704434ac0dbcb6834c8,apache/commons-compress,apache,commons-compress,a41ce6892cb0590b2e658704434ac0dbcb6834c8,2018-08-09T18:39:23Z,83,84,63,0,2635,54,ok,,ok,ok,ok,ok,ok,ok,runtime_results
CVE-2012-0881,https://github.com/apache/xerces2-j/commit/992b5d9c24102ad20330d36c0a71162753a37449,apache/xerces2-j,apache,xerces2-j,992b5d9c24102ad20330d36c0a71162753a37449,2012-07-04T19:56:10Z,2,0,0,0,5428,26,ok,,ok,ok,ok,ok,ok,ok,runtime_results
CVE-2018-8041,https://github.com/apache/camel/commit/63c7c080de4d18f9ceb25843508710df2c2c6d4,apache/camel,apache,camel,63c7c080de4d18f9ceb25843508710df2c2c6d4,2018-07-09T08:26:45Z,1781,2281,2392,0,32810,568,ok,,ok,ok,ok,ok,ok,ok,runtime_results
CVE-2015-5531,https://github.com/elastic/elasticsearch/commit/df1427a2935237fb61fc641984f9c76478627fec;https://github.com/elastic/elasticsearch/commit/f639ecb68221ba1997d418547dadb4c503d784e0,elastic/elasticsearch,elastic,elasticsearch,df1427a2935237fb61fc641984f9c76478627fec,2015-07-15T01:54:42Z,10453,2794,4494,6625,16061,575,ok,,ok,ok,ok,ok,ok,ok,runtime_results
CVE-2021-37137,https://github.com/netty/netty/commit/41d3d61a61608f2223bb364955ab2045dd5e4020,netty/netty,netty,netty,41d3d61a61608f2223bb364955ab2045dd5e4020,2021-09-09T12:53:58Z,26390,11950,5997,5120,11185,627,ok,,ok,ok,ok,ok,ok,ok,runtime_results
CVE-2019-17632,https://github.com/eclipse/jetty.project/commit/ba1fe2826d49c52f82b49bb32737a361519c0479;https://github.com/eclipse/jetty.project/commit/cf0df6e3ffdcd64d607a35488edb5b0b75350d33,eclipse/jetty.project,eclipse,jetty.project,ba1fe2826d49c52f82b49bb32737a361519c0479,2019-11-20T21:21:07Z,2499,1271,,,19944,145,partial_error,GitHub API error 422 for https://api.github.com/search/issues?q=repo%3Aeclipse/jetty.project%20is%3Apr%20is%3Aclosed%20closed%3A%3C%3D2019-11-20T21%3A21%3A07Z&per_page=1: Validation Failed (https://docs.github.com/v3/search/); GitHub API error 422 for https://api.github.com/search/issues?q=repo%3Aeclipse/jetty.project%20is%3Aissue%20is%3Aclosed%20closed%3A%3C%3D2019-11-20T21%3A21%3A07Z&per_page=1: Validation Failed (https://docs.github.com/v3/search/),ok,ok,non_retryable_error,non_retryable_error,ok,ok,runtime_results
CVE-2018-1274,https://github.com/spring-projects/spring-data-commons/commit/371f6590c509c72f8e600f3d05e110941607fba;https://github.com/spring-projects/spring-data-commons/commit/3d8576fe4e4e71c23b9e6796b32fd56e51182ee,spring-projects/spring-data-commons,spring-projects,spring-data-commons,371f6590c509c72f8e600f3d05e110941607fba,2018-04-03T17:30:21Z,279,271,259,1057,1626,65,ok,,ok,ok,ok,ok,ok,ok,runtime_results
CVE-2012-4387,https://github.com/apache/struts/commit/87935af56a27235e9399308ee1fcfb74f8edcefa;https://github.com/apache/struts/commit/80e03182d66d9e6ab18f9a9a9b3c42725a1c89e9,apache/struts,apache,struts,87935af56a27235e9399308ee1fcfb74f8edcefa,2012-08-03T13:41:28Z,0,0,0,0,3005,30,ok,,ok,ok,ok,ok,ok,ok,runtime_results
CVE-2012-3353,https://github.com/apache/sling-org-apache-sling-jcr-contentloader/commit/1eae3d99b4e12a6992c3c3980d7735186bf21b2e,apache/sling-org-apache-sling-jcr-contentloader,apache,sling-org-apache-sling-jcr-contentloader,1eae3d99b4e12a6992c3c3980d7735186bf21b2e,2012-06-19T12:25:37Z,0,0,0,0,104,7,ok,,ok,ok,ok,ok,ok,ok,runtime_results
CVE-2010-1622,https://github.com/spring-projects/spring-framework/commit/3a5af35d37c79d0644d49b93f792a4c18fe8eb71,spring-projects/spring-framework,spring-projects,spring-framework,3a5af35d37c79d0644d49b93f792a4c18fe8eb71,2010-05-27T13:45:21Z,0,0,0,1882,3236,23,ok,,ok,ok,ok,ok,ok,ok,runtime_results
CVE-2019-3778,https://github.com/spring-projects/spring-security-oauth/commit/97e0b4ab282acbed3588e05be03d5a0c4dbf3367,spring-projects/spring-security-oauth,spring-projects,spring-security-oauth,97e0b4ab282acbed3588e05be03d5a0c4dbf3367,2019-02-19T01:18:09Z,3041,2678,,,1253,119,partial_error,GitHub API error 422 for https://api.github.com/search/issues?q=repo%3Aspring-projects/spring-security-oauth%20is%3Apr%20is%3Aclosed%20closed%3A%3C%3D2019-02-19T01%3A18%3A09Z&per_page=1: Validation Failed (https://docs.github.com/v3/search/); GitHub API error 422 for https://api.github.com/search/issues?q=repo%3Aspring-projects/spring-security-oauth%20is%3Aissue%20is%3Aclosed%20closed%3A%3C%3D2019-02-19T01%3A18%3A09Z&per_page=1: Validation Failed (https://docs.github.com/v3/search/),ok,ok,non_retryable_error,non_retryable_error,ok,ok,runtime_results
CVE-2013-7259,https://github.com/neo4j/neo4j/commit/40ad76078a25666d8b218772b6491fb443020df9,neo4j/neo4j,neo4j,neo4j,40ad76078a25666d8b218772b6491fb443020df9,2014-11-17T18:27:21Z,1071,388,2327,691,29716,149,ok,,ok,ok,ok,ok,ok,ok,runtime_results
CVE-2016-6812,https://github.com/apache/cxf/commit/a23c615b;https://github.com/apache/cxf/commit/32e89366;https://github.com/apache/cxf/commit/1be97cb1;https://github.com/apache/cxf/commit/1f824d80,apache/cxf,apache,cxf,a23c615b,2016-10-18T15:01:45Z,173,278,159,0,12348,81,ok,,ok,ok,ok,ok,ok,ok,runtime_results
CVE-2021-34797,https://github.com/apache/geode/commit/085bf34fbb32e256c0a34195a4dcf430212f291f,apache/geode,apache,geode,085bf34fbb32e256c0a34195a4dcf430212f291f,2021-08-12T21:09:11Z,1902,574,6709,0,10441,194,ok,,ok,ok,ok,ok,ok,ok,runtime_results
CVE-2019-17091,https://github.com/eclipse-ee4j/mojarra/commit/8f70f2bd024f00ecd5b3dcca45df73edda29dcee;https://github.com/eclipse-ee4j/mojarra/commit/a3fa9573789ed5e867c43ea38374f4dbd5a8f81f,eclipse-ee4j/mojarra,eclipse-ee4j,mojarra,8f70f2bd024f00ecd5b3dcca45df73edda29dcee,2019-05-16T23:15:25Z,41,22,91,4324,168,18,ok,,ok,ok,ok,ok,ok,ok,runtime_results
CVE-2009-1554,https://github.com/javaee/woodstock/commit/eb06af2360fceb976f87efdd12c9fcdfa77edf88,javaee/woodstock,javaee,woodstock,eb06af2360fceb976f87efdd12c9fcdfa77edf88,2009-08-19T07:01:59Z,0,0,0,0,14,8,ok,,ok,ok,ok,ok,ok,ok,runtime_results
CVE-2021-43570,https://github.com/starkbank/ecdsa-java/commit/f72e33114518680c4bbbc7fdc8760d944cb4856b,starkbank/ecdsa-java,starkbank,ecdsa-java,f72e33114518680c4bbbc7fdc8760d944cb4856b,2021-11-09T19:17:19Z,21,10,11,5,63,11,ok,,ok,ok,ok,ok,ok,ok,runtime_results
CVE-2017-14735,https://github.com/nahsra/antisamy/commit/82da009e733a989a57190cd6aa1b6824724f6d36,nahsra/antisamy,nahsra,antisamy,82da009e733a989a57190cd6aa1b6824724f6d36,2017-09-25T17:37:54Z,3,11,9,4,24,8,ok,,ok,ok,ok,ok,ok,ok,runtime_results
CVE-2018-12536,https://github.com/eclipse/jetty.project/commit/53e8bc2a636707e896fd106fbee3596823c2cdc,eclipse/jetty.project,eclipse,jetty.project,53e8bc2a636707e896fd106fbee3596823c2cdc,2018-05-31T17:43:17Z,1803,956,,,16954,108,partial_error,GitHub API error 422 for https://api.github.com/search/issues?q=repo%3Aeclipse/jetty.project%20is%3Apr%20is%3Aclosed%20closed%3A%3C%3D2018-05-31T17%3A43%3A17Z&per_page=1: Validation Failed (https://docs.github.com/v3/search/); GitHub API error 422 for https://api.github.com/search/issues?q=repo%3Aeclipse/jetty.project%20is%3Aissue%20is%3Aclosed%20closed%3A%3C%3D2018-05-31T17%3A43%3A17Z&per_page=1: Validation Failed (https://docs.github.com/v3/search/),ok,ok,non_retryable_error,non_retryable_error,ok,ok,runtime_results
CVE-2007-1358,https://github.com/apache/tomcat55/commit/b708642f991018f0e252a3f2505b8722cfe53b06,apache/tomcat55,apache,tomcat55,b708642f991018f0e252a3f2505b8722cfe53b06,2010-03-03T23:26:05Z,0,0,0,0,236,5,ok,,ok,ok,ok,ok,ok,ok,runtime_results
CVE-2014-8125,https://github.com/droolsjbpm/drools/commit/5b850e8c121be994dbbc5ecba3de4e7355ac4331,droolsjbpm/drools,droolsjbpm,drools,5b850e8c121be994dbbc5ecba3de4e7355ac4331,2014-12-22T13:18:25Z,291,370,,,11561,122,partial_error,GitHub API error 422 for https://api.github.com/search/issues?q=repo%3Adroolsjbpm/drools%20is%3Apr%20is%3Aclosed%20closed%3A%3C%3D2014-12-22T13%3A18%3A25Z&per_page=1: Validation Failed (https://docs.github.com/v3/search/); GitHub API error 422 for https://api.github.com/search/issues?q=repo%3Adroolsjbpm/drools%20is%3Aissue%20is%3Aclosed%20closed%3A%3C%3D2014-12-22T13%3A18%3A25Z&per_page=1: Validation Failed (https://docs.github.com/v3/search/),ok,ok,non_retryable_error,non_retryable_error,ok,ok,runtime_results
CVE-2017-8045,https://github.com/spring-projects/spring-amqp/commit/6e9e00bb5bf0aa88444146db3c2eae138cc7b0a,spring-projects/spring-amqp,spring-projects,spring-amqp,6e9e00bb5bf0aa88444146db3c2eae138cc7b0a,2017-09-06T15:16:26Z,305,253,620,759,1298,59,ok,,ok,ok,ok,ok,ok,ok,runtime_results
CVE-2012-3544,https://github.com/apache/tomcat/commit/77534eb;https://github.com/apache/tomcat/commit/775d5fa,apache/tomcat,apache,tomcat,77534eb,2012-08-30T13:08:35Z,40,5,0,0,8731,21,ok,,ok,ok,ok,ok,ok,ok,runtime_results
CVE-2021-23900,https://github.com/OWASP/json-sanitizer/commit/f2c9858c02cf521dd05f2c6f8f9450f2e1343090;https://github.com/OWASP/json-sanitizer/commit/a37f594f7378a1c76b3283e0dab9e1ab1dc0247e,OWASP/json-sanitizer,OWASP,json-sanitizer,f2c9858c02cf521dd05f2c6f8f9450f2e1343090,2021-01-10T20:14:45Z,127,39,8,11,93,8,ok,,ok,ok,ok,ok,ok,ok,runtime_results
CVE-2016-6798,https://github.com/apache/sling/commit/fb2719e8299fadddae62245482de112052a0e08c,apache/sling,apache,sling,fb2719e8299fadddae62245482de112052a0e08c,,,,,,,,error,GitHub API error 422 for https://api.github.com/repos/apache/sling/commits/fb2719e8299fadddae62245482de112052a0e08c: No commit found for SHA: fb2719e8299fadddae62245482de112052a0e08c (https://docs.github.com/rest/commits/commits#get-a-commit),not_run,not_run,not_run,not_run,not_run,not_run,runtime_results
CVE-2018-1273,https://github.com/spring-projects/spring-data-commons/commit/08d748a6fd0173a8ba0aa1f240c38afbdaf4ad9f;https://github.com/spring-projects/spring-data-commons/commit/ae1dd2741ce06d44a0966ecbd6f47beabde2b65,spring-projects/spring-data-commons,spring-projects,spring-data-commons,08d748a6fd0173a8ba0aa1f240c38afbdaf4ad9f,2018-03-27T14:21:58Z,279,270,259,1051,1624,65,ok,,ok,ok,ok,ok,ok,ok,runtime_results
CVE-2018-1282,https://github.com/apache/hive/commit/0330c1c0b62f3c2e6a4744048578dea55193b62;https://github.com/apache/hive/commit/63df42966cf44ffdd20d3fcdcfb70738c0432ab,apache/hive,apache,hive,0330c1c0b62f3c2e6a4744048578dea55193b62,2018-03-01T22:34:03Z,1580,1403,181,0,11628,257,ok,,ok,ok,ok,ok,ok,ok,runtime_results
CVE-2019-12418,https://github.com/apache/tomcat/commit/bef3f40;https://github.com/apache/tomcat/commit/a91d7db,apache/tomcat,apache,tomcat,bef3f40,2019-11-14T12:42:28Z,3648,2293,210,0,21520,58,ok,,ok,ok,ok,ok,ok,ok,runtime_results
CVE-2014-2296,https://github.com/apereo/cas/commit/631bc61c1bb8b8d76b87df7af687a45173742df9,apereo/cas,apereo,cas,631bc61c1bb8b8d76b87df7af687a45173742df9,2014-03-06T13:35:22Z,244,154,364,0,1488,41,ok,,ok,ok,ok,ok,ok,ok,runtime_results
CVE-2014-0116,https://github.com/apache/struts/commit/74e26830d2849a84729b33497f729e0f033dc147;https://github.com/apache/struts/commit/1a668af7f1ffccea4a3b46d8d8c1fe1c7331ff02,apache/struts,apache,struts,74e26830d2849a84729b33497f729e0f033dc147,2016-01-10T10:47:25Z,262,199,64,0,4250,54,ok,,ok,ok,ok,ok,ok,ok,runtime_results
CVE-2016-3086,https://github.com/apache/hadoop/commit/c3b7425bf108a600889a4d59ae947b6f7523dcca,apache/hadoop,apache,hadoop,c3b7425bf108a600889a4d59ae947b6f7523dcca,2016-09-15T03:59:22Z,1938,1689,66,0,14428,159,ok,,ok,ok,ok,ok,ok,ok,runtime_results
CVE-2016-6652,https://github.com/spring-projects/spring-data-jpa/commit/a22c17fc12f7063716cb40c11d1ff4e265ef8556,spring-projects/spring-data-jpa,spring-projects,spring-data-jpa,a22c17fc12f7063716cb40c11d1ff4e265ef8556,2016-09-20T08:29:11Z,594,326,159,576,784,37,ok,,ok,ok,ok,ok,ok,ok,runtime_results
CVE-2020-12480,https://github.com/playframework/playframework/commit/c82de44fc50b7c58c6e0580f1f67ff08aa7bd154,playframework/playframework,playframework,playframework,c82de44fc50b7c58c6e0580f1f67ff08aa7bd154,2020-05-19T13:41:59Z,10830,3421,6824,2998,10864,870,ok,,ok,ok,ok,ok,ok,ok,runtime_results
CVE-2017-12617,https://github.com/apache/tomcat/commit/4cf7dab88282c8f3c92f0b961cdb0096e1d63e88;https://github.com/apache/tomcat/commit/a9dd96046d7acb0357c6b7b9e6cc70d186fae663;https://github.com/apache/tomcat/commit/b7e0435d17aba69f16ae9e8a78ad0f1565b552af,apache/tomcat,apache,tomcat,4cf7dab88282c8f3c92f0b961cdb0096e1d63e88,2017-09-22T07:54:31Z,1502,995,61,0,18784,39,ok,,ok,ok,ok,ok,ok,ok,runtime_results
CVE-2012-3376,https://github.com/apache/hadoop/commit/bed2b95f28a8e0d2544ffc4935e53eb656049309,apache/hadoop,apache,hadoop,bed2b95f28a8e0d2544ffc4935e53eb656049309,2012-07-06T19:05:55Z,0,0,0,0,3224,46,ok,,ok,ok,ok,ok,ok,ok,runtime_results
CVE-2020-11988,https://github.com/apache/xmlgraphics-commons/commit/57393912eb87b994c7fed39ddf30fb778a275183,apache/xmlgraphics-commons,apache,xmlgraphics-commons,57393912eb87b994c7fed39ddf30fb778a275183,2020-06-02T13:18:41Z,11,11,1,0,585,16,ok,,ok,ok,ok,ok,ok,ok,runtime_results
CVE-2020-8897,https://github.com/aws/aws-encryption-sdk-java/commit/4678ffaf7a4a2dd5cdf0e39b3adfee32afed7559,aws/aws-encryption-sdk-java,aws,aws-encryption-sdk-java,4678ffaf7a4a2dd5cdf0e39b3adfee32afed7559,2020-09-25T01:23:31Z,144,72,118,55,216,23,ok,,ok,ok,ok,ok,ok,ok,runtime_results
CVE-2018-15801,https://github.com/spring-projects/spring-security/commit/c70b65c5df0e170a2d34d812b83db0b7bc71ea25,spring-projects/spring-security,spring-projects,spring-security,c70b65c5df0e170a2d34d812b83db0b7bc71ea25,2018-11-13T15:20:18Z,2662,2275,699,4476,7389,257,ok,,ok,ok,ok,ok,ok,ok,runtime_results
CVE-2020-5405,https://github.com/spring-cloud/spring-cloud-config/commit/651f458919c40ef9a5e93e7d76bf98575910fad0,spring-cloud/spring-cloud-config,spring-cloud,spring-cloud-config,651f458919c40ef9a5e93e7d76bf98575910fad0,2020-03-02T21:26:30Z,1426,873,352,1072,1273,152,ok,,ok,ok,ok,ok,ok,ok,runtime_results
CVE-2016-5393,https://github.com/apache/hadoop/commit/49a95718754cb6d302371b2421e86da7bce50297,apache/hadoop,apache,hadoop,49a95718754cb6d302371b2421e86da7bce50297,2016-08-03T21:32:21Z,1812,1571,61,0,14157,154,ok,,ok,ok,ok,ok,ok,ok,runtime_results
CVE-2021-28169,https://github.com/eclipse/jetty.project/commit/f58dbedcd05b2aee43c8faa709ba2deaa4361036,eclipse/jetty.project,eclipse,jetty.project,f58dbedcd05b2aee43c8faa709ba2deaa4361036,2021-05-12T15:14:43Z,2952,1501,,,23577,169,partial_error,GitHub API error 422 for https://api.github.com/search/issues?q=repo%3Aeclipse/jetty.project%20is%3Apr%20is%3Aclosed%20closed%3A%3C%3D2021-05-12T15%3A14%3A43Z&per_page=1: Validation Failed (https://docs.github.com/v3/search/); GitHub API error 422 for https://api.github.com/search/issues?q=repo%3Aeclipse/jetty.project%20is%3Aissue%20is%3Aclosed%20closed%3A%3C%3D2021-05-12T15%3A14%3A43Z&per_page=1: Validation Failed (https://docs.github.com/v3/search/),ok,ok,non_retryable_error,non_retryable_error,ok,ok,runtime_results
CVE-2008-5515,https://github.com/apache/tomcat/commit/c5200318b7f030d658f22b6c2f2ab6fd565d26a3;https://github.com/apache/tomcat/commit/60bb2ad3653c8e08052ccee653fb2f0901b94139,apache/tomcat,apache,tomcat,c5200318b7f030d658f22b6c2f2ab6fd565d26a3,2009-01-15T15:34:52Z,0,0,0,0,2173,14,ok,,ok,ok,ok,ok,ok,ok,runtime_results
CVE-2015-1776,https://github.com/apache/hadoop/commit/6b710a42e00acca405e085724c89cda016cf7442,apache/hadoop,apache,hadoop,6b710a42e00acca405e085724c89cda016cf7442,2015-05-14T23:07:56Z,525,506,9,0,10883,106,ok,,ok,ok,ok,ok,ok,ok,runtime_results
CVE-2014-3120,https://github.com/elastic/elasticsearch/commit/95bd04b2c7fd7387c7e3b3367361dcf9fe9f9d06,elastic/elasticsearch,elastic,elasticsearch,95bd04b2c7fd7387c7e3b3367361dcf9fe9f9d06,2014-04-25T21:23:08Z,5810,1252,1372,3605,8683,254,ok,,ok,ok,ok,ok,ok,ok,runtime_results
CVE-2019-15477,https://github.com/jooby-project/jooby/commit/27b4af283de1a2c2a6b0530039b46eef75ddf655;https://github.com/jooby-project/jooby/commit/395dab7e80474ac0c2c32d81f61cda2c8331a46b;https://github.com/jooby-project/jooby/commit/34856a738829d8fedca4ed27bd6ff413af87186f,jooby-project/jooby,jooby-project,jooby,27b4af283de1a2c2a6b0530039b46eef75ddf655,2019-08-15T23:55:21Z,969,115,295,1041,2113,59,ok,,ok,ok,ok,ok,ok,ok,runtime_results
CVE-2019-14837,https://github.com/keycloak/keycloak/commit/9a7c1a91a59ab85e7f8889a505be04a71580777f,keycloak/keycloak,keycloak,keycloak,9a7c1a91a59ab85e7f8889a505be04a71580777f,2019-11-15T14:08:29Z,4422,1911,6439,0,14037,540,ok,,ok,ok,ok,ok,ok,ok,runtime_results
CVE-2013-7397,https://github.com/AsyncHttpClient/async-http-client/commit/df6ed70e86c8fc340ed75563e016c8baa94d7e72,AsyncHttpClient/async-http-client,AsyncHttpClient,async-http-client,df6ed70e86c8fc340ed75563e016c8baa94d7e72,2014-06-12T19:47:02Z,1111,268,205,313,2231,96,ok,,ok,ok,ok,ok,ok,ok,runtime_results
CVE-2016-5388,https://github.com/apache/tomcat80/commit/1977bf9df699c571cf3e08c2996533b959d4cb1e,apache/tomcat80,apache,tomcat80,1977bf9df699c571cf3e08c2996533b959d4cb1e,2016-08-19T16:57:16Z,43,37,2,0,15179,25,ok,,ok,ok,ok,ok,ok,ok,runtime_results
CVE-2020-7961,https://github.com/community-security-team/liferay-portal/commit/c6064cdd58967e4096a249b8901a80d4002e1b77,community-security-team/liferay-portal,community-security-team,liferay-portal,c6064cdd58967e4096a249b8901a80d4002e1b77,2020-03-18T03:54:30Z,5,3,7,0,390197,786,ok,,ok,ok,ok,ok,ok,ok,runtime_results
CVE-2016-6801,https://github.com/apache/jackrabbit/commit/fb4fe3601717201934bcbf6eb604d2e1ef2cb7ad;https://github.com/apache/jackrabbit/commit/ea75d7c2aeaafecd9ab97736bf81c5616f703244;https://github.com/apache/jackrabbit/commit/7fb4ba4a385069378c916b4fac3f145db802acd8;https://github.com/apache/jackrabbit/commit/67f2cc1ac78cd7bb721d556e8be27559efbf4e12;https://github.com/apache/jackrabbit/commit/283df6f101676579086400e30e8dd42eacd5ef33,apache/jackrabbit,apache,jackrabbit,fb4fe3601717201934bcbf6eb604d2e1ef2cb7ad,2016-08-31T14:08:24Z,120,67,20,0,8167,42,ok,,ok,ok,ok,ok,ok,ok,runtime_results
CVE-2019-10797,https://github.com/wso2/transport-http/commit/4a4dc99c7b259646ee5e23b7aaa7c3a8bac959c1,wso2/transport-http,wso2,transport-http,4a4dc99c7b259646ee5e23b7aaa7c3a8bac959c1,2020-02-06T05:48:58Z,8,36,371,22,3957,60,ok,,ok,ok,ok,ok,ok,ok,runtime_results
CVE-2019-20444,https://github.com/netty/netty/commit/745814b382e828c344aeff2ab4fd9530fbb7cdfe;https://github.com/netty/netty/commit/6ad40c8c17199299b75a04225da10ebda5b377f2,netty/netty,netty,netty,745814b382e828c344aeff2ab4fd9530fbb7cdfe,2019-12-11T14:49:41Z,20616,8680,4884,4530,9656,516,ok,,ok,ok,ok,ok,ok,ok,runtime_results
CVE-2018-1287,https://github.com/apache/jmeter/commit/8a0154759224243fb72dd41a4a65ad0f5612a739,apache/jmeter,apache,jmeter,8a0154759224243fb72dd41a4a65ad0f5612a739,2018-01-23T20:50:52Z,1409,547,357,3600,15180,30,ok,,ok,ok,ok,ok,ok,ok,runtime_results
CVE-2016-10750,https://github.com/hazelcast/hazelcast/commit/7da84cefae51b406e54e9834bd80fdd55cddd18c;https://github.com/hazelcast/hazelcast/commit/35030f1bf57600b84ba2b9bd76dd7322e3479e9b;https://github.com/hazelcast/hazelcast/commit/c1c31359a1df953e79a9ca9b6c54b3cdbfef11e9,hazelcast/hazelcast,hazelcast,hazelcast,7da84cefae51b406e54e9834bd80fdd55cddd18c,2018-03-28T07:52:38Z,2289,823,7859,4191,28031,243,ok,,ok,ok,ok,ok,ok,ok,runtime_results
CVE-2020-1942,https://github.com/apache/nifi/commit/f0eb780ad55ce6ddfca032af079c94239aa66831,apache/nifi,apache,nifi,f0eb780ad55ce6ddfca032af079c94239aa66831,2020-01-31T06:24:18Z,1771,1324,3784,0,5595,371,ok,,ok,ok,ok,ok,ok,ok,runtime_results
CVE-2021-20328,https://github.com/mongodb/mongo-java-driver/commit/dcd67f113549276b44795243d41a442e821d2f57,mongodb/mongo-java-driver,mongodb,mongo-java-driver,dcd67f113549276b44795243d41a442e821d2f57,2021-02-18T19:36:21Z,2259,1225,655,1,7407,181,ok,,ok,ok,ok,ok,ok,ok,runtime_results
CVE-2013-2067,https://github.com/apache/tomcat/commit/39c4263,apache/tomcat,apache,tomcat,39c4263,2012-11-11T16:25:18Z,42,12,0,0,9002,21,ok,,ok,ok,ok,ok,ok,ok,runtime_results
CVE-2020-15170,https://github.com/ctripcorp/apollo/commit/ae9ba6cfd32ed80469f162e5e3583e2477862ddf,ctripcorp/apollo,ctripcorp,apollo,ae9ba6cfd32ed80469f162e5e3583e2477862ddf,2020-08-16T12:54:13Z,20640,7066,,,2406,88,partial_error,GitHub API error 422 for https://api.github.com/search/issues?q=repo%3Actripcorp/apollo%20is%3Apr%20is%3Aclosed%20closed%3A%3C%3D2020-08-16T12%3A54%3A13Z&per_page=1: Validation Failed (https://docs.github.com/v3/search/); GitHub API error 422 for https://api.github.com/search/issues?q=repo%3Actripcorp/apollo%20is%3Aissue%20is%3Aclosed%20closed%3A%3C%3D2020-08-16T12%3A54%3A13Z&per_page=1: Validation Failed (https://docs.github.com/v3/search/),ok,ok,non_retryable_error,non_retryable_error,ok,ok,runtime_results
CVE-2012-0392,https://github.com/apache/struts/commit/b4265d369dc29d57a9f2846a85b26598e83f3892;https://github.com/apache/struts/commit/41f90ae39d0783f64641726e7e6b4741663c04bd,apache/struts,apache,struts,b4265d369dc29d57a9f2846a85b26598e83f3892,2011-08-12T08:38:39Z,0,0,0,0,2812,30,ok,,ok,ok,ok,ok,ok,ok,runtime_results
CVE-2020-10683,https://github.com/dom4j/dom4j/commit/a8228522a99a02146106672a34c104adbda5c658,dom4j/dom4j,dom4j,dom4j,a8228522a99a02146106672a34c104adbda5c658,2020-04-11T17:27:50Z,551,161,19,33,117,5,ok,,ok,ok,ok,ok,ok,ok,runtime_results
CVE-2014-9970,https://github.com/jboss-fuse/jasypt/commit/8e62852a8018978ee19d39056c650fb66ffa0ff6,jboss-fuse/jasypt,jboss-fuse,jasypt,8e62852a8018978ee19d39056c650fb66ffa0ff6,2014-02-20T16:41:18Z,0,0,0,0,416,1,ok,,ok,ok,ok,ok,ok,ok,runtime_results
CVE-2019-10755,https://github.com/pac4j/pac4j/commit/34d5b1028a2db201ee81ec51b52a782fe073f609,pac4j/pac4j,pac4j,pac4j,34d5b1028a2db201ee81ec51b52a782fe073f609,2019-09-20T06:12:53Z,1569,416,847,0,2398,152,ok,,ok,ok,ok,ok,ok,ok,runtime_results
CVE-2018-1000865,https://github.com/jenkinsci/groovy-sandbox/commit/0cd7ec12b7c56cfa3167d99c5f43147ce05449d3,jenkinsci/groovy-sandbox,jenkinsci,groovy-sandbox,0cd7ec12b7c56cfa3167d99c5f43147ce05449d3,2018-10-18T00:16:40Z,67,22,17,19,165,9,ok,,ok,ok,ok,ok,ok,ok,runtime_results
CVE-2012-5370,https://github.com/jruby/jruby/commit/5e4aab28b26fd127112b76fabfac9a33b64caf77,jruby/jruby,jruby,jruby,5e4aab28b26fd127112b76fabfac9a33b64caf77,2012-11-17T13:25:00Z,1025,190,235,102,17216,181,ok,,ok,ok,ok,ok,ok,ok,runtime_results
CVE-2021-32769,https://github.com/micronaut-projects/micronaut-core/commit/a0cfeb13bf1ef5d692d16d4a3b91b34b7456bb11,micronaut-projects/micronaut-core,micronaut-projects,micronaut-core,a0cfeb13bf1ef5d692d16d4a3b91b34b7456bb11,2021-07-14T16:35:31Z,4617,710,2929,2175,10489,323,ok,,ok,ok,ok,ok,ok,ok,runtime_results
CVE-2021-39148,https://github.com/x-stream/xstream/commit/652d72f38b33938c54fd3b2ef626cb7dce38001c,x-stream/xstream,x-stream,xstream,652d72f38b33938c54fd3b2ef626cb7dce38001c,2021-05-26T17:43:09Z,566,136,64,169,2809,34,ok,,ok,ok,ok,ok,ok,ok,runtime_results
CVE-2011-1582,https://github.com/apache/tomcat/commit/ad1524e6fd1de51e816569c9935403ee074e999f,apache/tomcat,apache,tomcat,ad1524e6fd1de51e816569c9935403ee074e999f,2011-05-08T22:53:32Z,0,0,0,0,6318,20,ok,,ok,ok,ok,ok,ok,ok,runtime_results
CVE-2018-11799,https://github.com/apache/oozie/commit/d50df341432df1049c6c85bf2dcda9eb0be04d73,apache/oozie,apache,oozie,d50df341432df1049c6c85bf2dcda9eb0be04d73,2018-10-17T17:10:42Z,389,291,11,0,2197,31,ok,,ok,ok,ok,ok,ok,ok,runtime_results
CVE-2022-22885,https://github.com/dromara/hutool/commit/cdf105589deb9b0999c7fcdf33b2b5b86b22f960,dromara/hutool,dromara,hutool,cdf105589deb9b0999c7fcdf33b2b5b86b22f960,2022-01-05T03:10:37Z,20213,5520,,,3023,211,partial_error,GitHub API error 422 for https://api.github.com/search/issues?q=repo%3Adromara/hutool%20is%3Apr%20is%3Aclosed%20closed%3A%3C%3D2022-01-05T03%3A10%3A37Z&per_page=1: Validation Failed (https://docs.github.com/v3/search/); GitHub API error 422 for https://api.github.com/search/issues?q=repo%3Adromara/hutool%20is%3Aissue%20is%3Aclosed%20closed%3A%3C%3D2022-01-05T03%3A10%3A37Z&per_page=1: Validation Failed (https://docs.github.com/v3/search/),ok,ok,non_retryable_error,non_retryable_error,ok,ok,runtime_results
CVE-2018-9159,https://github.com/perwendel/spark/commit/030e9d00125cbd1ad759668f85488aba1019c668;https://github.com/perwendel/spark/commit/a221a864db28eb736d36041df2fa6eb8839fc5cd,perwendel/spark,perwendel,spark,030e9d00125cbd1ad759668f85488aba1019c668,2018-03-07T13:43:02Z,6548,1036,384,436,932,133,ok,,ok,ok,ok,ok,ok,ok,runtime_results
CVE-2021-31407,https://github.com/vaadin/flow/commit/37e5a0ff0bb7365aa4485f2550fa6aa99f78974c,vaadin/flow,vaadin,flow,37e5a0ff0bb7365aa4485f2550fa6aa99f78974c,2021-03-12T07:26:27Z,254,72,5151,3941,20949,202,ok,,ok,ok,ok,ok,ok,ok,runtime_results
CVE-2017-5648,https://github.com/apache/tomcat/commit/dfa40863421d7681fed893b4256666491887e38c,apache/tomcat,apache,tomcat,dfa40863421d7681fed893b4256666491887e38c,2017-03-06T22:14:05Z,1117,791,40,0,18106,38,ok,,ok,ok,ok,ok,ok,ok,runtime_results
CVE-2013-2115,https://github.com/apache/struts/commit/d7804297e319c7a12245e1b536e565fcea6d650,apache/struts,apache,struts,d7804297e319c7a12245e1b536e565fcea6d650,2013-05-24T13:52:41Z,0,0,0,0,3305,31,ok,,ok,ok,ok,ok,ok,ok,runtime_results
CVE-2016-0785,https://github.com/apache/struts/commit/bd1a121b8286c412f5fc84c61599c293483fc11a,apache/struts,apache,struts,bd1a121b8286c412f5fc84c61599c293483fc11a,2016-01-10T11:17:34Z,262,199,64,0,4251,54,ok,,ok,ok,ok,ok,ok,ok,runtime_results
CVE-2016-1000343,https://github.com/bcgit/bc-java/commit/50a53068c094d6cff37659da33c9b4505becd389,bcgit/bc-java,bcgit,bc-java,50a53068c094d6cff37659da33c9b4505becd389,2016-11-03T23:04:21Z,322,156,101,40,2864,34,ok,,ok,ok,ok,ok,ok,ok,runtime_results
CVE-2019-10219,https://github.com/hibernate/hibernate-validator/commit/c1ce5278846a6fa1b009412fa65cbd33794050e8;https://github.com/hibernate/hibernate-validator/commit/20d729548511ac5cff6fd459f93de137195420fe,hibernate/hibernate-validator,hibernate,hibernate-validator,c1ce5278846a6fa1b009412fa65cbd33794050e8,2019-10-18T16:56:03Z,641,361,1041,0,4022,79,ok,,ok,ok,ok,ok,ok,ok,runtime_results
CVE-2010-2232,https://github.com/apache/derby/commit/ffa9392f7564652afc5d499a637aa2f5289cacc2,apache/derby,apache,derby,ffa9392f7564652afc5d499a637aa2f5289cacc2,2010-06-23T17:32:32Z,0,0,0,0,5517,34,ok,,ok,ok,ok,ok,ok,ok,runtime_results
CVE-2018-11775,https://github.com/apache/activemq/commit/69fad2a135689f6c31fbada1c397f2e0dfd90d3c;https://github.com/apache/activemq/commit/bde7097fb8173cf871827df7811b3865679b963d;https://github.com/apache/activemq/commit/02971a40e281713a8397d3a1809c164b594abfbb;https://github.com/apache/activemq/commit/1e31df9800fc2db258f2458628bd9863c11b2846,apache/activemq,apache,activemq,69fad2a135689f6c31fbada1c397f2e0dfd90d3c,2018-08-31T10:39:49Z,1098,738,257,0,10061,107,ok,,ok,ok,ok,ok,ok,ok,runtime_results
CVE-2020-35217,https://github.com/vert-x3/vertx-web/commit/2f5eb8524c9b671c2e441a6ffacf2bb42e8fccd2,vert-x3/vertx-web,vert-x3,vertx-web,2f5eb8524c9b671c2e441a6ffacf2bb42e8fccd2,2020-05-25T07:46:29Z,703,305,662,813,2470,143,ok,,ok,ok,ok,ok,ok,ok,runtime_results
CVE-2011-2732,https://github.com/spring-projects/spring-security/commit/f5fbda42e5f494f1a8aa96a0f8b35d60a4f57556,spring-projects/spring-security,spring-projects,spring-security,f5fbda42e5f494f1a8aa96a0f8b35d60a4f57556,2011-08-19T20:18:35Z,0,0,0,1634,4514,24,ok,,ok,ok,ok,ok,ok,ok,runtime_results
CVE-2015-6644,https://github.com/bcgit/bc-java/commit/9bc10bbaa9620d691c58e2b37f31f0d31ceea61f,bcgit/bc-java,bcgit,bc-java,9bc10bbaa9620d691c58e2b37f31f0d31ceea61f,2016-01-09T23:42:49Z,214,108,93,28,2566,29,ok,,ok,ok,ok,ok,ok,ok,runtime_results
CVE-2014-0074,https://github.com/apache/shiro/commit/f988846207f98c98ff24213ee9063798ea5d9b6c;https://github.com/apache/shiro/commit/9137e6cc45922b529fb776c6857647a3935471bb,apache/shiro,apache,shiro,f988846207f98c98ff24213ee9063798ea5d9b6c,2014-02-25T02:01:50Z,74,30,0,0,1581,16,ok,,ok,ok,ok,ok,ok,ok,runtime_results
CVE-2015-3208,https://github.com/apache/activemq-artemis/commit/48d9951d879e0c8cbb59d4b64ab59d53ef88310d,apache/activemq-artemis,apache,activemq-artemis,48d9951d879e0c8cbb59d4b64ab59d53ef88310d,2015-05-21T12:00:11Z,0,0,,,680,18,partial_error,GitHub API error 422 for https://api.github.com/search/issues?q=repo%3Aapache/activemq-artemis%20is%3Apr%20is%3Aclosed%20closed%3A%3C%3D2015-05-21T12%3A00%3A11Z&per_page=1: Validation Failed (https://docs.github.com/v3/search/); GitHub API error 422 for https://api.github.com/search/issues?q=repo%3Aapache/activemq-artemis%20is%3Aissue%20is%3Aclosed%20closed%3A%3C%3D2015-05-21T12%3A00%3A11Z&per_page=1: Validation Failed (https://docs.github.com/v3/search/),ok,ok,non_retryable_error,non_retryable_error,ok,ok,runtime_results
CVE-2021-22696,https://github.com/apache/cxf/commit/7d5d2c7a019dd1e1d0566daf9f1ed5b7b0dd66b7,apache/cxf,apache,cxf,7d5d2c7a019dd1e1d0566daf9f1ed5b7b0dd66b7,2021-01-06T09:30:33Z,657,1069,707,0,16112,200,ok,,ok,ok,ok,ok,ok,ok,runtime_results
CVE-2014-7810,https://github.com/apache/tomcat/commit/8179973;https://github.com/apache/tomcat/commit/8cf3d4aa3be92593302848ef4edd2cfc0e366a49,apache/tomcat,apache,tomcat,8179973,2014-12-15T12:48:04Z,269,169,7,0,13951,30,ok,,ok,ok,ok,ok,ok,ok,runtime_results
CVE-2021-22097,https://github.com/spring-projects/spring-amqp/commit/ed824637cc922356b44409827722c4628340b7c8,spring-projects/spring-amqp,spring-projects,spring-amqp,ed824637cc922356b44409827722c4628340b7c8,2021-09-27T18:10:21Z,643,480,1051,1137,2053,98,ok,,ok,ok,ok,ok,ok,ok,runtime_results
CVE-2014-8152,https://github.com/apache/santuario-java/commit/55857fd4cdfdb1af4069170ecdac448c078f544e;https://github.com/apache/santuario-xml-security-java/commit/3d7086c603a4538933dfa98d697d0df4539a984f,apache/santuario-java,apache,santuario-java,55857fd4cdfdb1af4069170ecdac448c078f544e,2014-10-26T14:25:40Z,1,2,0,0,2433,16,ok,,ok,ok,ok,ok,ok,ok,runtime_results
CVE-2011-3376,https://github.com/apache/tomcat/commit/4f08a48,apache/tomcat,apache,tomcat,4f08a48,2011-09-27T20:08:59Z,0,0,0,0,7128,20,ok,,ok,ok,ok,ok,ok,ok,runtime_results
CVE-2010-4172,https://github.com/apache/tomcat/commit/afd4b3b3904593530c338e449b49198199694f4c;https://github.com/apache/tomcat/commit/2f0f80a6c36d6875c64f8c857e2e26661a3865d4,apache/tomcat,apache,tomcat,afd4b3b3904593530c338e449b49198199694f4c,2010-11-22T17:19:07Z,0,0,0,0,5351,18,ok,,ok,ok,ok,ok,ok,ok,runtime_results
CVE-2017-7656,https://github.com/eclipse/jetty.project/commit/a285deea42fcab60d9edcf994e458c238a348b55,eclipse/jetty.project,eclipse,jetty.project,a285deea42fcab60d9edcf994e458c238a348b55,2018-05-16T22:00:53Z,1786,949,,,16882,107,partial_error,GitHub API error 422 for https://api.github.com/search/issues?q=repo%3Aeclipse/jetty.project%20is%3Apr%20is%3Aclosed%20closed%3A%3C%3D2018-05-16T22%3A00%3A53Z&per_page=1: Validation Failed (https://docs.github.com/v3/search/); GitHub API error 422 for https://api.github.com/search/issues?q=repo%3Aeclipse/jetty.project%20is%3Aissue%20is%3Aclosed%20closed%3A%3C%3D2018-05-16T22%3A00%3A53Z&per_page=1: Validation Failed (https://docs.github.com/v3/search/),ok,ok,non_retryable_error,non_retryable_error,ok,ok,runtime_results
CVE-2021-37136,https://github.com/netty/netty/commit/6da4956b31023ae967451e1d94ff51a746a9194f,netty/netty,netty,netty,6da4956b31023ae967451e1d94ff51a746a9194f,2021-09-09T12:55:08Z,26390,11950,5997,5120,11186,627,ok,,ok,ok,ok,ok,ok,ok,runtime_results
CVE-2018-1296,https://github.com/apache/hadoop/commit/7252e18c30f40bce9d01d5bb77f0ae526f479ad4,apache/hadoop,apache,hadoop,7252e18c30f40bce9d01d5bb77f0ae526f479ad4,2017-11-29T02:07:39Z,3887,2863,170,0,17348,202,ok,,ok,ok,ok,ok,ok,ok,runtime_results
CVE-2016-4431,https://github.com/apache/struts/commit/b28b78c062f0bf3c79793a25aab8c9b6c12bce6e,apache/struts,apache,struts,b28b78c062f0bf3c79793a25aab8c9b6c12bce6e,2016-06-03T11:10:58Z,343,245,93,0,4531,57,ok,,ok,ok,ok,ok,ok,ok,runtime_results
CVE-2018-17197,https://github.com/apache/tika/commit/0c49c851979163334ea05cbebdd11ff87feba62d,apache/tika,apache,tika,0c49c851979163334ea05cbebdd11ff87feba62d,2018-11-08T18:48:00Z,672,327,231,0,4364,98,ok,,ok,ok,ok,ok,ok,ok,runtime_results
CVE-2013-1879,https://github.com/apache/activemq/commit/148ca81dcd8f14cfe2ff37012fd1aa42518f02dc,apache/activemq,apache,activemq,148ca81dcd8f14cfe2ff37012fd1aa42518f02dc,2013-03-21T12:34:01Z,55,13,1,0,6893,31,ok,,ok,ok,ok,ok,ok,ok,runtime_results
CVE-2015-1169,https://github.com/Jasig/cas/commit/7de61b4c6244af9ff8e75a2c92a570f3b075309c,Jasig/cas,Jasig,cas,7de61b4c6244af9ff8e75a2c92a570f3b075309c,2015-01-12T11:04:37Z,442,265,,,2529,56,partial_error,GitHub API error 422 for https://api.github.com/search/issues?q=repo%3AJasig/cas%20is%3Apr%20is%3Aclosed%20closed%3A%3C%3D2015-01-12T11%3A04%3A37Z&per_page=1: Validation Failed (https://docs.github.com/v3/search/); GitHub API error 422 for https://api.github.com/search/issues?q=repo%3AJasig/cas%20is%3Aissue%20is%3Aclosed%20closed%3A%3C%3D2015-01-12T11%3A04%3A37Z&per_page=1: Validation Failed (https://docs.github.com/v3/search/),ok,ok,non_retryable_error,non_retryable_error,ok,ok,runtime_results
CVE-2016-3092,https://github.com/apache/commons-fileupload/commit/774ef160d591b579f703c694002e080f99bcd28b,apache/commons-fileupload,apache,commons-fileupload,774ef160d591b579f703c694002e080f99bcd28b,2016-05-12T08:13:59Z,35,23,0,0,849,32,ok,,ok,ok,ok,ok,ok,ok,runtime_results
CVE-2022-0265,https://github.com/hazelcast/hazelcast/commit/4d6b666cd0291abd618c3b95cdbb51aa4208e748,hazelcast/hazelcast,hazelcast,hazelcast,4d6b666cd0291abd618c3b95cdbb51aa4208e748,2022-01-19T08:37:38Z,4470,1436,12919,6248,35711,381,ok,,ok,ok,ok,ok,ok,ok,runtime_results
CVE-2020-11002,https://github.com/dropwizard/dropwizard/commit/d5a512f7abf965275f2a6b913ac4fe778e424242,dropwizard/dropwizard,dropwizard,dropwizard,d5a512f7abf965275f2a6b913ac4fe778e424242,2020-03-26T17:08:56Z,7099,2786,1937,1226,5320,448,ok,,ok,ok,ok,ok,ok,ok,runtime_results
CVE-2017-12611,https://github.com/apache/struts/commit/637ad1c3707266c33daabb18d7754e795e6681f,apache/struts,apache,struts,637ad1c3707266c33daabb18d7754e795e6681f,2017-02-02T10:37:29Z,462,324,113,0,4765,61,ok,,ok,ok,ok,ok,ok,ok,runtime_results
CVE-2014-3577,https://github.com/apache/httpclient/commit/51cc67567765d67f878f0dcef61b5ded454d3122,apache/httpclient,apache,httpclient,51cc67567765d67f878f0dcef61b5ded454d3122,2014-07-28T15:57:09Z,79,51,,,2283,13,partial_error,GitHub API error 422 for https://api.github.com/search/issues?q=repo%3Aapache/httpclient%20is%3Apr%20is%3Aclosed%20closed%3A%3C%3D2014-07-28T15%3A57%3A09Z&per_page=1: Validation Failed (https://docs.github.com/v3/search/); GitHub API error 422 for https://api.github.com/search/issues?q=repo%3Aapache/httpclient%20is%3Aissue%20is%3Aclosed%20closed%3A%3C%3D2014-07-28T15%3A57%3A09Z&per_page=1: Validation Failed (https://docs.github.com/v3/search/),ok,ok,non_retryable_error,non_retryable_error,ok,ok,runtime_results
CVE-2020-7238,https://github.com/netty/netty/commit/8494b046ec7e4f28dbd44bc699cc4c4c92251729,netty/netty,netty,netty,8494b046ec7e4f28dbd44bc699cc4c4c92251729,2019-12-13T07:53:19Z,20639,8688,4887,4533,9659,516,ok,,ok,ok,ok,ok,ok,ok,runtime_results
CVE-2015-3158,https://github.com/picketlink/picketlink-bindings/commit/341a37aefd69e67b6b5f6d775499730d6ccaff0d,picketlink/picketlink-bindings,picketlink,picketlink-bindings,341a37aefd69e67b6b5f6d775499730d6ccaff0d,2015-06-11T20:23:48Z,1,19,119,1,495,12,ok,,ok,ok,ok,ok,ok,ok,runtime_results
CVE-2013-4590,https://github.com/apache/tomcat/commit/05c84ff;https://github.com/apache/tomcat/commit/78dd7e6f3d8481bc3bcd71ca5b20296de1283888,apache/tomcat,apache,tomcat,05c84ff,2013-12-09T10:01:16Z,104,66,0,0,11692,24,ok,,ok,ok,ok,ok,ok,ok,runtime_results
CVE-2017-13098,https://github.com/bcgit/bc-java/commit/a00b684465b38d722ca9a3543b8af8568e6bad5c,bcgit/bc-java,bcgit,bc-java,a00b684465b38d722ca9a3543b8af8568e6bad5c,2017-12-12T01:41:43Z,513,247,128,93,4686,45,ok,,ok,ok,ok,ok,ok,ok,runtime_results
CVE-2020-7692,https://github.com/googleapis/google-oauth-java-client/commit/13433cd7dd06267fc261f0b1d4764f8e3432c824,googleapis/google-oauth-java-client,googleapis,google-oauth-java-client,13433cd7dd06267fc261f0b1d4764f8e3432c824,2020-06-29T19:57:20Z,473,215,281,159,455,38,ok,,ok,ok,ok,ok,ok,ok,runtime_results
CVE-2014-0114,https://github.com/apache/commons-beanutils/commit/dd48f4e589462a8cdb1f29bbbccb35d6b0291d58,apache/commons-beanutils,apache,commons-beanutils,dd48f4e589462a8cdb1f29bbbccb35d6b0291d58,2019-05-28T12:31:14Z,124,97,5,0,1227,46,ok,,ok,ok,ok,ok,ok,ok,runtime_results
CVE-2020-36320,https://github.com/vaadin/framework/commit/17f5c1b6693892e00a4c2379d621043ef077f24e,vaadin/framework,vaadin,framework,17f5c1b6693892e00a4c2379d621043ef077f24e,2020-09-30T13:29:29Z,1516,653,2442,9112,18995,244,ok,,ok,ok,ok,ok,ok,ok,runtime_results
CVE-2020-10714,https://github.com/wildfly-security/wildfly-elytron/commit/34e897b69b2dca907bba3357af5c20a29a9c4f9e,wildfly-security/wildfly-elytron,wildfly-security,wildfly-elytron,34e897b69b2dca907bba3357af5c20a29a9c4f9e,2020-04-09T16:42:15Z,39,82,1368,0,4314,50,ok,,ok,ok,ok,ok,ok,ok,runtime_results
CVE-2013-5960,https://github.com/ESAPI/esapi-java-legacy/commit/b7cbc53f9cc967cf1a5a9463d8c6fef9ed6ef4f7,ESAPI/esapi-java-legacy,ESAPI,esapi-java-legacy,b7cbc53f9cc967cf1a5a9463d8c6fef9ed6ef4f7,2016-01-31T06:56:59Z,55,25,10,195,1391,37,ok,,ok,ok,ok,ok,ok,ok,runtime_results
CVE-2018-8010,https://github.com/apache/lucene-solr/commit/1b760114216fcdfae138a8b37f183a9293c49115,apache/lucene-solr,apache,lucene-solr,1b760114216fcdfae138a8b37f183a9293c49115,2018-05-06T12:21:34Z,1450,998,172,0,29981,128,ok,,ok,ok,ok,ok,ok,ok,runtime_results
CVE-2020-1714,https://github.com/keycloak/keycloak/commit/33863ba16117844930a38ebde57a25258f5b80fd,keycloak/keycloak,keycloak,keycloak,33863ba16117844930a38ebde57a25258f5b80fd,2020-06-08T11:12:08Z,5945,2312,7054,0,14740,614,ok,,ok,ok,ok,ok,ok,ok,runtime_results
CVE-2020-9487,https://github.com/apache/nifi/commit/01e42dfb3291c3a3549023edadafd2d8023f3042,apache/nifi,apache,nifi,01e42dfb3291c3a3549023edadafd2d8023f3042,2020-06-09T02:36:14Z,1968,1447,4046,0,5838,394,ok,,ok,ok,ok,ok,ok,ok,runtime_results
CVE-2016-6797,https://github.com/apache/tomcat/commit/2859ac3eae132383cb6f3f2042e25d7a4a281b0d,apache/tomcat,apache,tomcat,2859ac3eae132383cb6f3f2042e25d7a4a281b0d,2016-08-22T20:48:39Z,882,608,30,0,17412,35,ok,,ok,ok,ok,ok,ok,ok,runtime_results
CVE-2020-17518,https://github.com/apache/flink/commit/a5264a6f41524afe8ceadf1d8ddc8c80f323ebc4,apache/flink,apache,flink,a5264a6f41524afe8ceadf1d8ddc8c80f323ebc4,2020-11-18T06:23:32Z,13863,6964,13597,0,24562,1046,ok,,ok,ok,ok,ok,ok,ok,runtime_results
CVE-2015-7521,https://github.com/apache/hive/commit/98f933f269e6b528ef84912b3d701ca3272ec04b,apache/hive,apache,hive,98f933f269e6b528ef84912b3d701ca3272ec04b,2016-01-18T20:46:19Z,685,630,24,0,7928,127,ok,,ok,ok,ok,ok,ok,ok,runtime_results
CVE-2020-13954,https://github.com/apache/cxf/commit/3c23fa3b3c24c328bbc6d71c509668cb10b0ea31,apache/cxf,apache,cxf,3c23fa3b3c24c328bbc6d71c509668cb10b0ea31,2020-09-23T06:33:04Z,638,1046,666,0,15928,195,ok,,ok,ok,ok,ok,ok,ok,runtime_results
CVE-2018-15758,https://github.com/spring-projects/spring-security-oauth/commit/623776689fdcc8047f5a908c71f348e1f172a97;https://github.com/spring-projects/spring-security-oauth/commit/f92223afc71687bd3156298054903f50aa71fbf,spring-projects/spring-security-oauth,spring-projects,spring-security-oauth,623776689fdcc8047f5a908c71f348e1f172a97,2018-10-15T15:52:11Z,2792,2507,,,1244,115,partial_error,GitHub API error 422 for https://api.github.com/search/issues?q=repo%3Aspring-projects/spring-security-oauth%20is%3Apr%20is%3Aclosed%20closed%3A%3C%3D2018-10-15T15%3A52%3A11Z&per_page=1: Validation Failed (https://docs.github.com/v3/search/); GitHub API error 422 for https://api.github.com/search/issues?q=repo%3Aspring-projects/spring-security-oauth%20is%3Aissue%20is%3Aclosed%20closed%3A%3C%3D2018-10-15T15%3A52%3A11Z&per_page=1: Validation Failed (https://docs.github.com/v3/search/),ok,ok,non_retryable_error,non_retryable_error,ok,ok,runtime_results
CVE-2020-1758,https://github.com/keycloak/keycloak/commit/97b565469058cacac6d2559b2cff37effcca2cfd,keycloak/keycloak,keycloak,keycloak,97b565469058cacac6d2559b2cff37effcca2cfd,2020-04-14T17:22:57Z,5326,2178,6891,0,14565,595,ok,,ok,ok,ok,ok,ok,ok,runtime_results
CVE-2020-5404,https://github.com/reactor/reactor-netty/commit/c6f7e48c83b36975024e3bd3f828a8c83c651e41,reactor/reactor-netty,reactor,reactor-netty,c6f7e48c83b36975024e3bd3f828a8c83c651e41,2020-02-19T13:32:08Z,876,211,441,462,1875,53,ok,,ok,ok,ok,ok,ok,ok,runtime_results
CVE-2021-29262,https://github.com/apache/lucene-solr/commit/d97d1a07024edabb8dcd9ccf40f9ba31209c36ab,apache/lucene-solr,apache,lucene-solr,d97d1a07024edabb8dcd9ccf40f9ba31209c36ab,2021-04-06T15:06:58Z,3893,2364,2170,0,34918,316,ok,,ok,ok,ok,ok,ok,ok,runtime_results
CVE-2015-6524,https://github.com/apache/activemq/commit/22f2f3dde757d31307da772d579815c1d169bc39,apache/activemq,apache,activemq,22f2f3dde757d31307da772d579815c1d169bc39,2014-12-18T00:53:53Z,165,117,37,0,8237,47,ok,,ok,ok,ok,ok,ok,ok,runtime_results
CVE-2017-9794,https://github.com/apache/geode/commit/564a94b;https://github.com/apache/geode/commit/070ea49d2633edff9992cf1d2558b98f73553144,apache/geode,apache,geode,564a94b,2017-07-21T17:30:40Z,934,296,619,0,4014,101,ok,,ok,ok,ok,ok,ok,ok,runtime_results
CVE-2012-0213,https://github.com/apache/poi/commit/c702bc5ce58f9f11f408c7568cc96382c76641ef,apache/poi,apache,poi,c702bc5ce58f9f11f408c7568cc96382c76641ef,2013-05-29T17:25:40Z,28,11,1,0,5188,28,ok,,ok,ok,ok,ok,ok,ok,runtime_results
CVE-2021-28657,https://github.com/apache/tika/commit/26a9965659921a8aa4205393479584372db7cb35,apache/tika,apache,tika,26a9965659921a8aa4205393479584372db7cb35,2021-02-16T17:19:00Z,1096,509,358,0,5053,119,ok,,ok,ok,ok,ok,ok,ok,runtime_results
CVE-2014-0119,https://github.com/apache/tomcat/commit/f2764544c5039551120daa5c125dca55636fb81b;https://github.com/apache/tomcat/commit/2ece8641b11329f733ce2d98a354b611cb635286,apache/tomcat,apache,tomcat,f2764544c5039551120daa5c125dca55636fb81b,2014-04-24T19:16:21Z,146,90,1,0,12399,28,ok,,ok,ok,ok,ok,ok,ok,runtime_results
CVE-2018-10936,https://github.com/pgjdbc/pgjdbc/commit/cdeeaca47dc3bc6f727c79a582c9e4123099526e,pgjdbc/pgjdbc,pgjdbc,pgjdbc,cdeeaca47dc3bc6f727c79a582c9e4123099526e,2018-08-27T15:06:51Z,521,301,699,339,2395,159,ok,,ok,ok,ok,ok,ok,ok,runtime_results
CVE-2017-15694,https://github.com/apache/geode/commit/28755d6;https://github.com/apache/geode/commit/9ff9211,apache/geode,apache,geode,28755d6,2017-11-30T18:52:47Z,1028,330,1083,0,4790,112,ok,,ok,ok,ok,ok,ok,ok,runtime_results
CVE-2013-5679,https://github.com/ESAPI/esapi-java-legacy/commit/41138fef5f63d9cf0d5e05d2bee2c7f682ffef3f,ESAPI/esapi-java-legacy,ESAPI,esapi-java-legacy,41138fef5f63d9cf0d5e05d2bee2c7f682ffef3f,2013-08-29T00:49:41Z,0,0,0,0,1028,23,ok,,ok,ok,ok,ok,ok,ok,runtime_results
CVE-2018-11777,https://github.com/apache/hive/commit/00c0ee7bc4b8492476b377a6edafcc33411f14b;https://github.com/apache/hive/commit/3b2ea248078bdf3a8372958cf51a989dc3883bcc;https://github.com/apache/hive/commit/f0419dfaabe31dd7802c37aeebab101265907e1;https://github.com/apache/hive/commit/1a1d6ca1bc3ae840238dc345fa1eb2c7c28c8cb,apache/hive,apache,hive,00c0ee7bc4b8492476b377a6edafcc33411f14b,2018-10-25T07:12:32Z,1980,1689,249,0,12942,300,ok,,ok,ok,ok,ok,ok,ok,runtime_results
CVE-2015-0201,https://github.com/spring-projects/spring-framework/commit/dc5b5ca8ee09c890352f89b2dae58bc0132d6545,spring-projects/spring-framework,spring-projects,spring-framework,dc5b5ca8ee09c890352f89b2dae58bc0132d6545,2014-12-02T17:13:35Z,3825,2596,618,10131,9585,129,ok,,ok,ok,ok,ok,ok,ok,runtime_results
CVE-2016-4434,https://github.com/apache/tika/commit/ab7c3253b8450c2d483edab60e4365fef0c4ae38,apache/tika,apache,tika,ab7c3253b8450c2d483edab60e4365fef0c4ae38,2016-04-25T13:06:28Z,265,144,102,0,2992,43,ok,,ok,ok,ok,ok,ok,ok,runtime_results
CVE-2019-3795,https://github.com/spring-projects/spring-security/commit/6f02f690ac65ccf99d8df47ac3d730a68f87c569,spring-projects/spring-security,spring-projects,spring-security,6f02f690ac65ccf99d8df47ac3d730a68f87c569,2019-04-02T15:36:46Z,3031,2519,883,4882,7595,306,ok,,ok,ok,ok,ok,ok,ok,runtime_results
CVE-2021-41973,https://github.com/apache/mina/commit/7dc266ac9a74f50669039c10be3d2defa2ac8b58,apache/mina,apache,mina,7dc266ac9a74f50669039c10be3d2defa2ac8b58,2021-09-09T16:47:52Z,764,368,18,0,2404,26,ok,,ok,ok,ok,ok,ok,ok,runtime_results
CVE-2020-17521,https://github.com/apache/groovy/commit/4e418d4a34c973a7ec1e822552103043ac13780e,apache/groovy,apache,groovy,4e418d4a34c973a7ec1e822552103043ac13780e,2020-11-20T04:01:10Z,3686,1353,1393,0,17775,384,ok,,ok,ok,ok,ok,ok,ok,runtime_results
CVE-2019-0194,https://github.com/apache/camel/commit/a1f2d214a5e045eeb391720193cd40944b34ac35;https://github.com/apache/camel/commit/85ce135a59c19c12d351a529bd517e31cebdc9ea,apache/camel,apache,camel,a1f2d214a5e045eeb391720193cd40944b34ac35,2019-01-09T08:08:59Z,2141,2604,2663,0,34486,620,ok,,ok,ok,ok,ok,ok,ok,runtime_results
CVE-2020-26939,https://github.com/bcgit/bc-java/commit/930f8b274c4f1f3a46e68b5441f1e7fadb57e8c1,bcgit/bc-java,bcgit,bc-java,930f8b274c4f1f3a46e68b5441f1e7fadb57e8c1,2018-08-07T22:59:10Z,661,317,152,180,5416,56,ok,,ok,ok,ok,ok,ok,ok,runtime_results
CVE-2015-0264,https://github.com/apache/camel/commit/1df559649a96a1ca0368373387e542f46e4820da,apache/camel,apache,camel,1df559649a96a1ca0368373387e542f46e4820da,2015-03-02T07:15:44Z,330,384,390,0,19070,139,ok,,ok,ok,ok,ok,ok,ok,runtime_results
CVE-2013-2251,https://github.com/apache/struts/commit/3cfe34fefedcf0fdcfcb061c0aea34a715b7de63,apache/struts,apache,struts,3cfe34fefedcf0fdcfcb061c0aea34a715b7de63,2013-07-14T14:18:39Z,0,0,0,0,3350,31,ok,,ok,ok,ok,ok,ok,ok,runtime_results
CVE-2021-31409,https://github.com/vaadin/framework/commit/754ca011d79af3dd4fa9046ff0ade5367f5e6246,vaadin/framework,vaadin,framework,754ca011d79af3dd4fa9046ff0ade5367f5e6246,2021-03-12T16:45:25Z,1555,661,2546,9174,19048,247,ok,,ok,ok,ok,ok,ok,ok,runtime_results
CVE-2017-9787,https://github.com/apache/struts/commit/086b63735527d4bb0c1dd0d86a7c0374b825ff2;https://github.com/apache/struts/commit/583da3d5df5aeeded3beadca6305a98c5618e46b,apache/struts,apache,struts,086b63735527d4bb0c1dd0d86a7c0374b825ff2,2017-07-07T09:05:10Z,568,380,143,0,4972,63,ok,,ok,ok,ok,ok,ok,ok,runtime_results
CVE-2019-7614,https://github.com/elastic/elasticsearch/commit/bdb8d3c440a75c035b045c21b7ef2237e56c95c7,elastic/elasticsearch,elastic,elasticsearch,bdb8d3c440a75c035b045c21b7ef2237e56c95c7,2019-07-03T08:36:12Z,38978,11956,23223,18479,46864,1381,ok,,ok,ok,ok,ok,ok,ok,runtime_results
CVE-2021-43113,https://github.com/itext/itext7/commit/340d769934219369c5f8045fc6244da867d37c68,itext/itext7,itext,itext7,340d769934219369c5f8045fc6244da867d37c68,2021-08-05T08:10:17Z,961,244,,,5294,73,partial_error,GitHub API error 422 for https://api.github.com/search/issues?q=repo%3Aitext/itext7%20is%3Apr%20is%3Aclosed%20closed%3A%3C%3D2021-08-05T08%3A10%3A17Z&per_page=1: Validation Failed (https://docs.github.com/v3/search/); GitHub API error 422 for https://api.github.com/search/issues?q=repo%3Aitext/itext7%20is%3Aissue%20is%3Aclosed%20closed%3A%3C%3D2021-08-05T08%3A10%3A17Z&per_page=1: Validation Failed (https://docs.github.com/v3/search/),ok,ok,non_retryable_error,non_retryable_error,ok,ok,runtime_results
CVE-2014-3578,https://github.com/spring-projects/spring-framework/commit/8ee465103850a3dca018273fe5952e40d5c45a66;https://github.com/spring-projects/spring-framework/commit/f6fddeb6eb7da625fd711ab371ff16512f431e8d,spring-projects/spring-framework,spring-projects,spring-framework,8ee465103850a3dca018273fe5952e40d5c45a66,2014-05-15T21:26:52Z,2841,1785,483,9412,8517,107,ok,,ok,ok,ok,ok,ok,ok,runtime_results
CVE-2013-1965,https://github.com/apache/struts/commit/7e6f641ebb142663cbd1653dc49bed725edf7f56,apache/struts,apache,struts,7e6f641ebb142663cbd1653dc49bed725edf7f56,2013-04-18T09:49:41Z,0,0,0,0,3274,31,ok,,ok,ok,ok,ok,ok,ok,runtime_results
CVE-2019-20445,https://github.com/netty/netty/commit/8494b046ec7e4f28dbd44bc699cc4c4c92251729,netty/netty,netty,netty,8494b046ec7e4f28dbd44bc699cc4c4c92251729,2019-12-13T07:53:19Z,20639,8688,4887,4533,9659,516,ok,,ok,ok,ok,ok,ok,ok,runtime_results
CVE-2019-10184,https://github.com/undertow-io/undertow/commit/5fa7ac68c0e4251c93056d9982db5e794e04ebfa;https://github.com/undertow-io/undertow/commit/d2715e3afa13f50deaa19643676816ce391551e9,undertow-io/undertow,undertow-io,undertow,5fa7ac68c0e4251c93056d9982db5e794e04ebfa,2019-07-30T06:07:00Z,2293,618,779,0,4623,165,ok,,ok,ok,ok,ok,ok,ok,runtime_results
CVE-2017-12623,https://github.com/apache/nifi/commit/9e2c7be7d3c6a380c5f61074d9a5a690b617c3dc,apache/nifi,apache,nifi,9e2c7be7d3c6a380c5f61074d9a5a690b617c3dc,2017-09-22T18:31:38Z,595,494,2062,0,3851,183,ok,,ok,ok,ok,ok,ok,ok,runtime_results
CVE-2013-4517,https://github.com/apache/santuario-java/commit/a09b9042f7759d094f2d49f40fc7bcf145164b25,apache/santuario-java,apache,santuario-java,a09b9042f7759d094f2d49f40fc7bcf145164b25,2013-11-01T15:25:17Z,1,1,0,0,2294,16,ok,,ok,ok,ok,ok,ok,ok,runtime_results
CVE-2017-9799,https://github.com/apache/storm/commit/44b80fbfcf8a52b6e7cb3840a52ff07f8a2364e4,apache/storm,apache,storm,44b80fbfcf8a52b6e7cb3840a52ff07f8a2364e4,2017-07-21T17:55:32Z,3903,2625,2072,1670,8592,392,ok,,ok,ok,ok,ok,ok,ok,runtime_results
CVE-2021-31412,https://github.com/vaadin/flow/commit/3ad4a13609e852eed2a2c80d640d2928b99a2dd5,vaadin/flow,vaadin,flow,3ad4a13609e852eed2a2c80d640d2928b99a2dd5,2021-06-01T07:44:01Z,274,75,5792,4142,21234,204,ok,,ok,ok,ok,ok,ok,ok,runtime_results
CVE-2021-41269,https://github.com/jmrozanec/cron-utils/commit/cfd2880f80e62ea74b92fa83474c2aabdb9899da,jmrozanec/cron-utils,jmrozanec,cron-utils,cfd2880f80e62ea74b92fa83474c2aabdb9899da,2021-10-30T13:12:11Z,772,195,212,267,1301,102,ok,,ok,ok,ok,ok,ok,ok,runtime_results
CVE-2009-0783,https://github.com/apache/tomcat/commit/06c23d8,apache/tomcat,apache,tomcat,06c23d8,2008-04-20T20:47:57Z,0,0,0,0,1548,14,ok,,ok,ok,ok,ok,ok,ok,runtime_results
CVE-2020-9484,https://github.com/apache/tomcat/commit/bb33048e3f9b4f2b70e4da2e6c4e34ca89023b1b,apache/tomcat,apache,tomcat,bb33048e3f9b4f2b70e4da2e6c4e34ca89023b1b,2020-05-05T14:50:15Z,4113,2618,273,0,22163,71,ok,,ok,ok,ok,ok,ok,ok,runtime_results
CVE-2020-1940,https://github.com/apache/jackrabbit-oak/commit/e7180a8d9c4f14b2de1928861dd27287e5fb59bd;https://github.com/apache/jackrabbit-oak/commit/b615992fc5202046e9479a29d6a7bd41d6258d09,apache/jackrabbit-oak,apache,jackrabbit-oak,e7180a8d9c4f14b2de1928861dd27287e5fb59bd,2020-01-28T16:01:02Z,279,249,64,0,16527,32,ok,,ok,ok,ok,ok,ok,ok,runtime_results
CVE-2020-6950,https://github.com/eclipse-ee4j/mojarra/commit/cefbb9447e7be560e59da2da6bd7cb93776f7741,eclipse-ee4j/mojarra,eclipse-ee4j,mojarra,cefbb9447e7be560e59da2da6bd7cb93776f7741,2019-09-05T08:12:40Z,45,26,132,4333,262,22,ok,,ok,ok,ok,ok,ok,ok,runtime_results
CVE-2020-13957,https://github.com/apache/lucene-solr/commit/e001c2221812a0ba9e9378855040ce72f93eced4,apache/lucene-solr,apache,lucene-solr,e001c2221812a0ba9e9378855040ce72f93eced4,2020-10-01T23:32:18Z,3555,2181,1623,0,34272,281,ok,,ok,ok,ok,ok,ok,ok,runtime_results
CVE-2020-9480,https://github.com/apache/spark/commit/9416b7c54bdf5613c1a65e6d1779a87591c6c9bd,apache/spark,apache,spark,9416b7c54bdf5613c1a65e6d1779a87591c6c9bd,2020-04-18T15:20:43Z,24267,18519,27943,0,26997,2044,ok,,ok,ok,ok,ok,ok,ok,runtime_results
CVE-2013-1921,https://github.com/picketbox/picketbox/commit/b0c367d3f15bb5211e11a4d1b3ab04a7dd8e1793,picketbox/picketbox,picketbox,picketbox,b0c367d3f15bb5211e11a4d1b3ab04a7dd8e1793,2013-09-06T18:29:46Z,0,0,0,0,284,5,ok,,ok,ok,ok,ok,ok,ok,runtime_results
CVE-2017-12197,https://github.com/letonez/libpam4j/commit/84f32f4001fc6bdcc125ccc959081de022d18b6d,letonez/libpam4j,letonez,libpam4j,84f32f4001fc6bdcc125ccc959081de022d18b6d,2017-09-08T18:55:52Z,0,0,0,0,68,9,ok,,ok,ok,ok,ok,ok,ok,runtime_results
CVE-2018-20059,https://github.com/pippo-java/pippo/commit/9f36e5891c0b11f840e1e1561ae96d83ba9ce759,pippo-java/pippo,pippo-java,pippo,9f36e5891c0b11f840e1e1561ae96d83ba9ce759,2018-12-11T20:00:22Z,625,85,267,189,1337,29,ok,,ok,ok,ok,ok,ok,ok,runtime_results
CVE-2020-13934,https://github.com/apache/tomcat/commit/c9167ae30f3b03b112f3d81772e3450b7d0e6a25,apache/tomcat,apache,tomcat,c9167ae30f3b03b112f3d81772e3450b7d0e6a25,2020-06-26T11:49:50Z,4290,2727,291,0,22292,72,ok,,ok,ok,ok,ok,ok,ok,runtime_results
CVE-2021-45105,https://github.com/apache/logging-log4j2/commit/806023265f8c905b2dd1d81fd2458f64b2ea0b5e,apache/logging-log4j2,apache,logging-log4j2,806023265f8c905b2dd1d81fd2458f64b2ea0b5e,2021-12-17T21:06:08Z,2162,1005,581,0,11345,142,ok,,ok,ok,ok,ok,ok,ok,runtime_results
CVE-2012-1089,https://github.com/apache/wicket/commit/887f2608a20b54aab7b57c24529bb98dece5bf3f,apache/wicket,apache,wicket,887f2608a20b54aab7b57c24529bb98dece5bf3f,2012-02-29T15:11:55Z,102,13,3,0,15724,29,ok,,ok,ok,ok,ok,ok,ok,runtime_results
CVE-2017-15712,https://github.com/apache/oozie/commit/b98c37eeaf993e37f87225a114fb6cedce174168,apache/oozie,apache,oozie,b98c37eeaf993e37f87225a114fb6cedce174168,2018-01-06T20:26:14Z,322,250,10,0,2041,31,ok,,ok,ok,ok,ok,ok,ok,runtime_results
CVE-2018-1313,https://github.com/apache/derby/commit/4da5b2db5f3a60c1fa8ef616d88a7efe28b0c9d;https://github.com/apache/derby/commit/a2027c64e185a9ce46929f352e2db03371c1f95,apache/derby,apache,derby,4da5b2db5f3a60c1fa8ef616d88a7efe28b0c9d,2018-03-12T01:32:23Z,114,69,0,0,8180,38,ok,,ok,ok,ok,ok,ok,ok,runtime_results
CVE-2018-1000632,https://github.com/dom4j/dom4j/commit/e598eb43d418744c4dbf62f647dd2381c9ce9387,dom4j/dom4j,dom4j,dom4j,e598eb43d418744c4dbf62f647dd2381c9ce9387,2018-07-01T09:27:15Z,333,94,16,12,80,4,ok,,ok,ok,ok,ok,ok,ok,runtime_results
CVE-2021-28163,https://github.com/eclipse/jetty.project/commit/ebe8311333d21b61715572fd23a9db78a68e0fa9,eclipse/jetty.project,eclipse,jetty.project,ebe8311333d21b61715572fd23a9db78a68e0fa9,2021-03-24T11:54:21Z,2914,1487,,,23417,166,partial_error,GitHub API error 422 for https://api.github.com/search/issues?q=repo%3Aeclipse/jetty.project%20is%3Apr%20is%3Aclosed%20closed%3A%3C%3D2021-03-24T11%3A54%3A21Z&per_page=1: Validation Failed (https://docs.github.com/v3/search/); GitHub API error 422 for https://api.github.com/search/issues?q=repo%3Aeclipse/jetty.project%20is%3Aissue%20is%3Aclosed%20closed%3A%3C%3D2021-03-24T11%3A54%3A21Z&per_page=1: Validation Failed (https://docs.github.com/v3/search/),ok,ok,non_retryable_error,non_retryable_error,ok,ok,runtime_results
CVE-2021-25738,https://github.com/kubernetes-client/java/commit/4884d1bcd215a45d7ea876b8c3899a7b8bd5b60b,kubernetes-client/java,kubernetes-client,java,4884d1bcd215a45d7ea876b8c3899a7b8bd5b60b,2021-05-07T21:01:03Z,1665,671,869,765,1721,101,ok,,ok,ok,ok,ok,ok,ok,runtime_results
CVE-2011-1184,https://github.com/apache/tomcat/commit/94a7a82405893701a48bfd8f006d650938b8a362,apache/tomcat,apache,tomcat,94a7a82405893701a48bfd8f006d650938b8a362,2011-04-01T11:36:54Z,0,0,0,0,6201,20,ok,,ok,ok,ok,ok,ok,ok,runtime_results
CVE-2012-5812,https://github.com/ACRA/acra/commit/fff732595164baf233d911386a3965dc516cf081,ACRA/acra,ACRA,acra,fff732595164baf233d911386a3965dc516cf081,2012-10-22T21:29:26Z,236,1,0,0,334,4,ok,,ok,ok,ok,ok,ok,ok,runtime_results
CVE-2021-40865,https://github.com/apache/storm/commit/53411db6d7311f3a2afb67396c5a5e441b957794,apache/storm,apache,storm,53411db6d7311f3a2afb67396c5a5e441b957794,2021-10-01T16:00:18Z,6066,3785,3355,2652,10457,489,ok,,ok,ok,ok,ok,ok,ok,runtime_results
CVE-2021-34428,https://github.com/eclipse/jetty.project/commit/e0b80abf4e7bc4048e7ae9bc3d92b50338ec58ec,eclipse/jetty.project,eclipse,jetty.project,e0b80abf4e7bc4048e7ae9bc3d92b50338ec58ec,2021-05-15T23:53:00Z,2953,1501,,,23583,169,partial_error,GitHub API error 422 for https://api.github.com/search/issues?q=repo%3Aeclipse/jetty.project%20is%3Apr%20is%3Aclosed%20closed%3A%3C%3D2021-05-15T23%3A53%3A00Z&per_page=1: Validation Failed (https://docs.github.com/v3/search/); GitHub API error 422 for https://api.github.com/search/issues?q=repo%3Aeclipse/jetty.project%20is%3Aissue%20is%3Aclosed%20closed%3A%3C%3D2021-05-15T23%3A53%3A00Z&per_page=1: Validation Failed (https://docs.github.com/v3/search/),ok,ok,non_retryable_error,non_retryable_error,ok,ok,runtime_results
CVE-2020-27222,https://github.com/eclipse/californium/commit/00ab1d9fe07a24229a88ac87786fe3a0752374ab,eclipse/californium,eclipse,californium,00ab1d9fe07a24229a88ac87786fe3a0752374ab,2021-02-02T12:21:58Z,490,260,,,2443,61,partial_error,GitHub API error 422 for https://api.github.com/search/issues?q=repo%3Aeclipse/californium%20is%3Apr%20is%3Aclosed%20closed%3A%3C%3D2021-02-02T12%3A21%3A58Z&per_page=1: Validation Failed (https://docs.github.com/v3/search/); GitHub API error 422 for https://api.github.com/search/issues?q=repo%3Aeclipse/californium%20is%3Aissue%20is%3Aclosed%20closed%3A%3C%3D2021-02-02T12%3A21%3A58Z&per_page=1: Validation Failed (https://docs.github.com/v3/search/),ok,ok,non_retryable_error,non_retryable_error,ok,ok,runtime_results
CVE-2018-14371,https://github.com/eclipse-ee4j/mojarra/commit/1b434748d9239f42eae8aa7d37d7a0930c061e24,eclipse-ee4j/mojarra,eclipse-ee4j,mojarra,1b434748d9239f42eae8aa7d37d7a0930c061e24,2018-05-11T08:02:52Z,14,2,0,4282,2,1,ok,,ok,ok,ok,ok,ok,ok,runtime_results
CVE-2021-42340,https://github.com/apache/tomcat/commit/d27535bdee95d252418201eb21e9d29476aa6b6a,apache/tomcat,apache,tomcat,d27535bdee95d252418201eb21e9d29476aa6b6a,2021-09-27T18:36:22Z,5299,3436,430,0,23629,98,ok,,ok,ok,ok,ok,ok,ok,runtime_results
CVE-2022-22946,https://github.com/spring-cloud/spring-cloud-gateway/commit/b2df97d0c467d246a56870d63fc637087eec0ef8,spring-cloud/spring-cloud-gateway,spring-cloud,spring-cloud-gateway,b2df97d0c467d246a56870d63fc637087eec0ef8,2022-02-03T17:31:58Z,3241,2294,352,1687,2011,166,ok,,ok,ok,ok,ok,ok,ok,runtime_results
CVE-2017-18349,https://github.com/alibaba/fastjson/commit/f5903fa56497c00ed0703ac875b511f9bd5f1d8e,alibaba/fastjson,alibaba,fastjson,f5903fa56497c00ed0703ac875b511f9bd5f1d8e,2017-01-20T04:04:59Z,6666,2107,152,647,1944,64,ok,,ok,ok,ok,ok,ok,ok,runtime_results
CVE-2014-3612,https://github.com/apache/activemq/commit/0b5231ada5ce365b41832ba8752ee210145d1cbe,apache/activemq,apache,activemq,0b5231ada5ce365b41832ba8752ee210145d1cbe,2014-09-08T11:51:25Z,143,87,34,0,8108,46,ok,,ok,ok,ok,ok,ok,ok,runtime_results
CVE-2013-2172,https://github.com/apache/santuario-java/commit/d0536272059bba735583809e2bfa5d249bb2e537;https://github.com/apache/santuario-java/commit/8e8f8bf92a43608d7d5f9e357fae19244454a61f,apache/santuario-java,apache,santuario-java,d0536272059bba735583809e2bfa5d249bb2e537,2013-06-17T14:17:13Z,1,1,0,0,2249,16,ok,,ok,ok,ok,ok,ok,ok,runtime_results
CVE-2014-0230,https://github.com/apache/tomcat/commit/cf7869c89fb87a04da78a7f6081b4aa1c6169a5e,apache/tomcat,apache,tomcat,cf7869c89fb87a04da78a7f6081b4aa1c6169a5e,2014-06-19T09:06:39Z,174,106,4,0,12706,28,ok,,ok,ok,ok,ok,ok,ok,runtime_results
CVE-2010-3718,https://github.com/apache/tomcat/commit/f6db636b7addb1f7a01e361559bff2da21a11812;https://github.com/apache/tomcat/commit/835f85ed22b9f788e23b6f49893698770e9fcfe3,apache/tomcat,apache,tomcat,f6db636b7addb1f7a01e361559bff2da21a11812,2010-10-13T15:16:35Z,0,0,0,0,5092,18,ok,,ok,ok,ok,ok,ok,ok,runtime_results
CVE-2012-3428,https://github.com/ironjacamar/ironjacamar/commit/00e420c78349a4115140bff666bf02acd8040697,ironjacamar/ironjacamar,ironjacamar,ironjacamar,00e420c78349a4115140bff666bf02acd8040697,2012-07-24T14:46:56Z,0,0,0,0,1716,12,ok,,ok,ok,ok,ok,ok,ok,runtime_results
CVE-2016-0714,https://github.com/apache/tomcat/commit/50f1b1d,apache/tomcat,apache,tomcat,50f1b1d,2016-01-18T13:13:35Z,603,427,23,0,16526,35,ok,,ok,ok,ok,ok,ok,ok,runtime_results
CVE-2017-9096,https://github.com/itext/itextpdf/commit/ad38371c396ac5ffbfb28056809e8ffaa5a18ccd,itext/itextpdf,itext,itextpdf,ad38371c396ac5ffbfb28056809e8ffaa5a18ccd,2017-08-01T14:59:03Z,486,182,24,0,4347,44,ok,,ok,ok,ok,ok,ok,ok,runtime_results
CVE-2014-3600,https://github.com/apache/activemq/commit/3e5ac6326db59f524a0e71f6b717428607d7b67d;https://github.com/apache/activemq/commit/b9696ac8,apache/activemq,apache,activemq,3e5ac6326db59f524a0e71f6b717428607d7b67d,2015-01-12T17:02:01Z,170,124,41,0,8286,47,ok,,ok,ok,ok,ok,ok,ok,runtime_results
CVE-2020-13959,https://github.com/apache/velocity-tools/commit/e141828a4eb03e4b0224535eed12b5c463a24152,apache/velocity-tools,apache,velocity-tools,e141828a4eb03e4b0224535eed12b5c463a24152,2020-11-05T08:00:54Z,27,18,1,0,1817,15,ok,,ok,ok,ok,ok,ok,ok,runtime_results
CVE-2019-0228,https://github.com/apache/pdfbox/commit/be36ef01842885b556a4e7b40b5e2e8e7b1d2816;https://github.com/apache/pdfbox/commit/072d68ec99a71bf271ec0f879e5cd71511e89093;https://github.com/apache/pdfbox/commit/e5232887e684aeffc37ebb25ee8953e43d95c77c,apache/pdfbox,apache,pdfbox,be36ef01842885b556a4e7b40b5e2e8e7b1d2816,2019-04-04T16:03:34Z,794,326,42,0,8002,18,ok,,ok,ok,ok,ok,ok,ok,runtime_results
CVE-2017-15709,https://github.com/apache/activemq/commit/d2e49be3a8f21d862726c1f6bc9e1caa6ee8b581,apache/activemq,apache,activemq,d2e49be3a8f21d862726c1f6bc9e1caa6ee8b581,2017-12-06T13:42:12Z,846,603,234,0,9908,92,ok,,ok,ok,ok,ok,ok,ok,runtime_results
CVE-2018-1000613,https://github.com/bcgit/bc-java/commit/cd98322b171b15b3f88c5ec871175147893c31e6,bcgit/bc-java,bcgit,bc-java,cd98322b171b15b3f88c5ec871175147893c31e6,2018-03-03T04:54:14Z,572,279,137,115,4884,49,ok,,ok,ok,ok,ok,ok,ok,runtime_results
CVE-2011-1772,https://github.com/apache/struts/commit/885ab3459e146ff830d1f7257f809f4a3dd4493a,apache/struts,apache,struts,885ab3459e146ff830d1f7257f809f4a3dd4493a,2011-03-02T21:01:01Z,0,0,0,0,2703,29,ok,,ok,ok,ok,ok,ok,ok,runtime_results
CVE-2019-17566,https://github.com/apache/xmlgraphics-batik/commit/bc6078ca949039e2076cd08b4cb169c84c1179b1,apache/xmlgraphics-batik,apache,xmlgraphics-batik,bc6078ca949039e2076cd08b4cb169c84c1179b1,2019-12-09T12:24:18Z,93,68,18,0,3517,21,ok,,ok,ok,ok,ok,ok,ok,runtime_results
CVE-2019-10072,https://github.com/apache/tomcat/commit/0bcd69c9dd8ae0ff424f2cd46de51583510b7f35,apache/tomcat,apache,tomcat,0bcd69c9dd8ae0ff424f2cd46de51583510b7f35,2019-05-03T19:46:03Z,2907,1812,157,0,20829,46,ok,,ok,ok,ok,ok,ok,ok,runtime_results
CVE-2012-5885,https://github.com/apache/tomcat55/commit/83adfde198d8f9305edbd240e0081a2bb7902cfd,apache/tomcat55,apache,tomcat55,83adfde198d8f9305edbd240e0081a2bb7902cfd,2012-10-01T09:34:08Z,0,0,0,0,816,12,ok,,ok,ok,ok,ok,ok,ok,runtime_results
CVE-2020-35460,https://github.com/joniles/mpxj/commit/8eaf4225048ea5ba7e59ef4556dab2098fcc4a1d,joniles/mpxj,joniles,mpxj,8eaf4225048ea5ba7e59ef4556dab2098fcc4a1d,2020-12-14T12:13:14Z,130,65,97,83,2535,11,ok,,ok,ok,ok,ok,ok,ok,runtime_results
CVE-2020-1938,https://github.com/apache/tomcat/commit/9ac90532;https://github.com/apache/tomcat/commit/7a1406a3;https://github.com/apache/tomcat/commit/0e8a50f0,apache/tomcat,apache,tomcat,9ac90532,2020-02-04T14:52:48Z,3867,2431,223,0,21797,60,ok,,ok,ok,ok,ok,ok,ok,runtime_results
CVE-2017-9796,https://github.com/apache/geode/commit/02b9646618e074f80b3d5fed0e5b512a34b5897a,apache/geode,apache,geode,02b9646618e074f80b3d5fed0e5b512a34b5897a,2017-10-03T21:54:15Z,990,315,830,0,4454,109,ok,,ok,ok,ok,ok,ok,ok,runtime_results
CVE-2013-6429,https://github.com/spring-projects/spring-framework/commit/7387cb990e35b0f1b573faf29d4f9ae183d7a5e,spring-projects/spring-framework,spring-projects,spring-framework,7387cb990e35b0f1b573faf29d4f9ae183d7a5e,2013-11-05T14:49:13Z,1980,1053,340,8778,7431,83,ok,,ok,ok,ok,ok,ok,ok,runtime_results
CVE-2019-17638,https://github.com/eclipse/jetty.project/commit/ff8ae56fa939c3477a0cdd1ff56ce3d902f08fba,eclipse/jetty.project,eclipse,jetty.project,ff8ae56fa939c3477a0cdd1ff56ce3d902f08fba,2020-06-03T20:54:12Z,2684,1365,,,21035,154,partial_error,GitHub API error 422 for https://api.github.com/search/issues?q=repo%3Aeclipse/jetty.project%20is%3Apr%20is%3Aclosed%20closed%3A%3C%3D2020-06-03T20%3A54%3A12Z&per_page=1: Validation Failed (https://docs.github.com/v3/search/); GitHub API error 422 for https://api.github.com/search/issues?q=repo%3Aeclipse/jetty.project%20is%3Aissue%20is%3Aclosed%20closed%3A%3C%3D2020-06-03T20%3A54%3A12Z&per_page=1: Validation Failed (https://docs.github.com/v3/search/),ok,ok,non_retryable_error,non_retryable_error,ok,ok,runtime_results
CVE-2020-13692,https://github.com/pgjdbc/pgjdbc/commit/14b62aca4764d496813f55a43d050b017e01eb65,pgjdbc/pgjdbc,pgjdbc,pgjdbc,14b62aca4764d496813f55a43d050b017e01eb65,2020-06-01T12:54:32Z,759,470,953,588,2669,224,ok,,ok,ok,ok,ok,ok,ok,runtime_results
CVE-2019-0232,https://github.com/apache/tomcat/commit/4b244d827ade2a36ef3b8734939541207b78f35c,apache/tomcat,apache,tomcat,4b244d827ade2a36ef3b8734939541207b78f35c,2019-04-10T10:38:54Z,2809,1757,148,0,20712,45,ok,,ok,ok,ok,ok,ok,ok,runtime_results
CVE-2018-21234,https://github.com/oblac/jodd/commit/9bffc3913aeb8472c11bb543243004b4b4376f16,oblac/jodd,oblac,jodd,9bffc3913aeb8472c11bb543243004b4b4376f16,2018-08-17T16:32:20Z,2348,482,208,417,5075,54,ok,,ok,ok,ok,ok,ok,ok,runtime_results
CVE-2021-25646,https://github.com/apache/druid/commit/3f8f00a231c4b47981e0e2e48f18f1221249e6f3,apache/druid,apache,druid,3f8f00a231c4b47981e0e2e48f18f1221249e6f3,2021-02-04T19:21:43Z,10078,2464,6902,2853,10793,456,ok,,ok,ok,ok,ok,ok,ok,runtime_results
CVE-2020-5407,https://github.com/spring-projects/spring-security/commit/69b1bc62ffe7c1e1bbf508951efa1e0235954198,spring-projects/spring-security,spring-projects,spring-security,69b1bc62ffe7c1e1bbf508951efa1e0235954198,2020-05-06T18:15:45Z,4390,3308,1338,6208,8838,439,ok,,ok,ok,ok,ok,ok,ok,runtime_results
CVE-2019-10354,https://github.com/stapler/stapler/commit/19637555a9f32d3875356b47234131d8b1e9fee4,stapler/stapler,stapler,stapler,19637555a9f32d3875356b47234131d8b1e9fee4,2019-07-02T16:12:52Z,101,64,,,1364,49,partial_error,GitHub API error 422 for https://api.github.com/search/issues?q=repo%3Astapler/stapler%20is%3Apr%20is%3Aclosed%20closed%3A%3C%3D2019-07-02T16%3A12%3A52Z&per_page=1: Validation Failed (https://docs.github.com/v3/search/); GitHub API error 422 for https://api.github.com/search/issues?q=repo%3Astapler/stapler%20is%3Aissue%20is%3Aclosed%20closed%3A%3C%3D2019-07-02T16%3A12%3A52Z&per_page=1: Validation Failed (https://docs.github.com/v3/search/),ok,ok,non_retryable_error,non_retryable_error,ok,ok,runtime_results
CVE-2012-4431,https://github.com/apache/tomcat/commit/d426972,apache/tomcat,apache,tomcat,d426972,2012-10-02T18:10:56Z,41,10,0,0,8854,21,ok,,ok,ok,ok,ok,ok,ok,runtime_results
CVE-2019-16771,https://github.com/line/armeria/commit/b597f7a865a527a84ee3d6937075cfbb4470ed20,line/armeria,line,armeria,b597f7a865a527a84ee3d6937075cfbb4470ed20,2019-12-05T09:35:47Z,2152,395,1522,569,2056,101,ok,,ok,ok,ok,ok,ok,ok,runtime_results
CVE-2018-1000180,https://github.com/bcgit/bc-java/commit/73780ac522b7795fc165630aba8d5f5729acc839;https://github.com/bcgit/bc-java/commit/22467b6e8fe19717ecdf201c0cf91bacf04a55ad,bcgit/bc-java,bcgit,bc-java,73780ac522b7795fc165630aba8d5f5729acc839,2018-04-19T08:40:01Z,595,284,138,121,4938,51,ok,,ok,ok,ok,ok,ok,ok,runtime_results
CVE-2019-25027,https://github.com/vaadin/flow/commit/56452991cc563ef1f45268647686f3edf1e0b473,vaadin/flow,vaadin,flow,56452991cc563ef1f45268647686f3edf1e0b473,2019-04-18T11:30:55Z,153,34,2816,2030,19032,161,ok,,ok,ok,ok,ok,ok,ok,runtime_results
CVE-2018-20227,https://github.com/eclipse/rdf4j/commit/099482e52f070a3d74e5ad368cff59c91e9b4f8a;https://github.com/eclipse/rdf4j/commit/df15a4d7a8f2789c043b27c9eafe1b30316cfa79,eclipse/rdf4j,eclipse,rdf4j,099482e52f070a3d74e5ad368cff59c91e9b4f8a,2019-01-08T21:39:49Z,128,40,,,2142,35,partial_error,GitHub API error 422 for https://api.github.com/search/issues?q=repo%3Aeclipse/rdf4j%20is%3Apr%20is%3Aclosed%20closed%3A%3C%3D2019-01-08T21%3A39%3A49Z&per_page=1: Validation Failed (https://docs.github.com/v3/search/); GitHub API error 422 for https://api.github.com/search/issues?q=repo%3Aeclipse/rdf4j%20is%3Aissue%20is%3Aclosed%20closed%3A%3C%3D2019-01-08T21%3A39%3A49Z&per_page=1: Validation Failed (https://docs.github.com/v3/search/),ok,ok,non_retryable_error,non_retryable_error,ok,ok,runtime_results
CVE-2013-4112,https://github.com/belaban/JGroups/commit/75f09367e3dc1451b4a4d89f35d8c3f16bb20bc8,belaban/JGroups,belaban,JGroups,75f09367e3dc1451b4a4d89f35d8c3f16bb20bc8,2013-07-11T10:38:34Z,144,64,85,0,16992,54,ok,,ok,ok,ok,ok,ok,ok,runtime_results
CVE-2020-13929,https://github.com/apache/zeppelin/commit/409235e8db2ac370eed22d73a67d0771e886f907,apache/zeppelin,apache,zeppelin,409235e8db2ac370eed22d73a67d0771e886f907,2021-02-23T09:31:51Z,4934,2108,3950,0,4816,438,ok,,ok,ok,ok,ok,ok,ok,runtime_results
CVE-2020-1727,https://github.com/keycloak/keycloak/commit/2f489a41ebd06eb14197f8a66afae86ac1397f42,keycloak/keycloak,keycloak,keycloak,2f489a41ebd06eb14197f8a66afae86ac1397f42,2020-03-05T05:32:35Z,5079,2101,6799,0,14448,587,ok,,ok,ok,ok,ok,ok,ok,runtime_results
CVE-2013-6408,https://github.com/apache/lucene-solr/commit/31050216b692603ced4270d5c2630e7dd37e14e4;https://github.com/apache/lucene-solr/commit/7239a57a51ea0f4d05dd330ce5e15e4f72f72747,apache/lucene-solr,apache,lucene-solr,31050216b692603ced4270d5c2630e7dd37e14e4,2013-05-30T19:06:39Z,0,0,0,0,17422,64,ok,,ok,ok,ok,ok,ok,ok,runtime_results
CVE-2018-7489,https://github.com/FasterXML/jackson-databind/commit/ddfddfba6414adbecaff99684ef66eebd3a92e92;https://github.com/FasterXML/jackson-databind/commit/60d459cedcf079c6106ae7da2ac562bc32dcabe1;https://github.com/FasterXML/jackson-databind/commit/6799f8f10cc78e9af6d443ed6982d00a13f2e7d2,FasterXML/jackson-databind,FasterXML,jackson-databind,ddfddfba6414adbecaff99684ef66eebd3a92e92,2017-08-17T22:12:47Z,1248,482,287,1228,4144,146,ok,,ok,ok,ok,ok,ok,ok,runtime_results
CVE-2017-9797,https://github.com/apache/geode/commit/6be38ca;https://github.com/apache/geode/commit/6c2ea4a;https://github.com/apache/geode/commit/41e14dd;https://github.com/apache/geode/commit/f8e7ddd;https://github.com/apache/geode/commit/6ee5771;https://github.com/apache/geode/commit/0b881b5;https://github.com/apache/geode/commit/c2efd80;https://github.com/apache/geode/commit/1b03524;https://github.com/apache/geode/commit/7cbbf67;https://github.com/apache/geode/commit/e0fbb3c;https://github.com/apache/geode/commit/99b0fd6;https://github.com/apache/geode/commit/c8a3654,apache/geode,apache,geode,6be38ca,2017-08-16T15:44:41Z,953,303,695,0,4149,105,ok,,ok,ok,ok,ok,ok,ok,runtime_results
CVE-2016-7051,https://github.com/FasterXML/jackson-dataformat-xml/commit/eeff2c312e9d4caa8c9f27b8f740c7529d00524a,FasterXML/jackson-dataformat-xml,FasterXML,jackson-dataformat-xml,eeff2c312e9d4caa8c9f27b8f740c7529d00524a,2016-09-27T03:11:18Z,162,59,22,146,641,16,ok,,ok,ok,ok,ok,ok,ok,runtime_results
CVE-2018-11768,https://github.com/apache/hadoop/commit/96cedb87b94c07c11152580bf36978186d622b50,apache/hadoop,apache,hadoop,96cedb87b94c07c11152580bf36978186d622b50,2018-10-24T23:10:25Z,7230,4162,223,0,20433,262,ok,,ok,ok,ok,ok,ok,ok,runtime_results
CVE-2019-17558,https://github.com/apache/lucene-solr/commit/a8bbe7b6e1ea45bba57ffef4e40e7fa2116dcef9,apache/lucene-solr,apache,lucene-solr,a8bbe7b6e1ea45bba57ffef4e40e7fa2116dcef9,2019-11-28T02:27:17Z,2856,1780,808,0,32628,222,ok,,ok,ok,ok,ok,ok,ok,runtime_results
CVE-2021-31406,https://github.com/vaadin/flow/commit/c9db8f6cd0f4bbd5c78bb0ef6176f4f4dfcaa624,vaadin/flow,vaadin,flow,c9db8f6cd0f4bbd5c78bb0ef6176f4f4dfcaa624,2021-03-02T20:11:50Z,252,72,5087,3919,20924,202,ok,,ok,ok,ok,ok,ok,ok,runtime_results
CVE-2014-7839,https://github.com/resteasy/Resteasy/commit/5f1e974687ce45349431652d89b5927449967dc2,resteasy/Resteasy,resteasy,Resteasy,5f1e974687ce45349431652d89b5927449967dc2,2014-12-12T05:16:48Z,206,259,558,0,2571,95,ok,,ok,ok,ok,ok,ok,ok,runtime_results
CVE-2020-10740,https://github.com/wildfly/wildfly-naming-client/commit/56f159d19bedfa67eb3d2b408bb8d17d2c929832,wildfly/wildfly-naming-client,wildfly,wildfly-naming-client,56f159d19bedfa67eb3d2b408bb8d17d2c929832,2020-06-02T14:22:34Z,7,33,54,0,219,17,ok,,ok,ok,ok,ok,ok,ok,runtime_results
CVE-2020-11998,https://github.com/apache/activemq/commit/0d6e5f240ef34bae2e4089102047593bef628e6c,apache/activemq,apache,activemq,0d6e5f240ef34bae2e4089102047593bef628e6c,2020-05-23T04:38:58Z,1631,1027,488,0,10607,131,ok,,ok,ok,ok,ok,ok,ok,runtime_results
CVE-2016-8629,https://github.com/keycloak/keycloak/commit/3d46b4c425d39b004566cc78164e1ffbe37d647c;https://github.com/keycloak/keycloak/commit/a78cfa4b2ca979a1981fb371cfdf2c7212f7b6e2,keycloak/keycloak,keycloak,keycloak,3d46b4c425d39b004566cc78164e1ffbe37d647c,2016-10-28T06:43:24Z,675,395,3423,0,8646,177,ok,,ok,ok,ok,ok,ok,ok,runtime_results
CVE-2018-1258,https://github.com/spring-projects/spring-security/commit/7b8fa90d96aaf751a3256fa755d5f17e081c20f1,spring-projects/spring-security,spring-projects,spring-security,7b8fa90d96aaf751a3256fa755d5f17e081c20f1,2018-05-07T21:23:32Z,2166,2005,572,3938,6880,230,ok,,ok,ok,ok,ok,ok,ok,runtime_results
CVE-2018-1275,https://github.com/spring-projects/spring-framework/commit/0009806debb578e884f6dc98bd1f2dc668020021,spring-projects/spring-framework,spring-projects,spring-framework,0009806debb578e884f6dc98bd1f2dc668020021,2018-04-09T14:05:50Z,17926,10490,1586,14505,16393,323,ok,,ok,ok,ok,ok,ok,ok,runtime_results
CVE-2013-7398,https://github.com/AsyncHttpClient/async-http-client/commit/dfacb8e05d0822c7b2024c452554bd8e1d6221d8;https://github.com/AsyncHttpClient/async-http-client/commit/a894583921c11c3b01f160ada36a8bb9d5158e9,AsyncHttpClient/async-http-client,AsyncHttpClient,async-http-client,dfacb8e05d0822c7b2024c452554bd8e1d6221d8,2014-07-10T10:14:16Z,1166,285,216,346,2278,98,ok,,ok,ok,ok,ok,ok,ok,runtime_results
CVE-2017-7658,https://github.com/eclipse/jetty.project/commit/a285deea42fcab60d9edcf994e458c238a348b55,eclipse/jetty.project,eclipse,jetty.project,a285deea42fcab60d9edcf994e458c238a348b55,2018-05-16T22:00:53Z,1786,949,,,16882,107,partial_error,GitHub API error 422 for https://api.github.com/search/issues?q=repo%3Aeclipse/jetty.project%20is%3Apr%20is%3Aclosed%20closed%3A%3C%3D2018-05-16T22%3A00%3A53Z&per_page=1: Validation Failed (https://docs.github.com/v3/search/); GitHub API error 422 for https://api.github.com/search/issues?q=repo%3Aeclipse/jetty.project%20is%3Aissue%20is%3Aclosed%20closed%3A%3C%3D2018-05-16T22%3A00%3A53Z&per_page=1: Validation Failed (https://docs.github.com/v3/search/),ok,ok,non_retryable_error,non_retryable_error,ok,ok,runtime_results
CVE-2019-13234,https://github.com/alkacon/opencms-core/commit/185e71cc9844c90c0c29b730bd92b0375f1eca21,alkacon/opencms-core,alkacon,opencms-core,185e71cc9844c90c0c29b730bd92b0375f1eca21,2019-09-17T11:29:36Z,386,300,131,441,23488,88,ok,,ok,ok,ok,ok,ok,ok,runtime_results
CVE-2008-6505,https://github.com/apache/struts/commit/ff8b655c4b04cae41e5ad00df0a7482333e7a254,apache/struts,apache,struts,ff8b655c4b04cae41e5ad00df0a7482333e7a254,2008-08-21T21:56:46Z,0,0,0,0,2106,26,ok,,ok,ok,ok,ok,ok,ok,runtime_results
CVE-2020-10719,https://github.com/undertow-io/undertow/commit/aa5e1fe11fec75032f14f0ae23e586f4cf3a3365,undertow-io/undertow,undertow-io,undertow,aa5e1fe11fec75032f14f0ae23e586f4cf3a3365,2020-05-15T05:02:37Z,2553,700,865,0,4803,183,ok,,ok,ok,ok,ok,ok,ok,runtime_results
CVE-2016-2173,https://github.com/spring-projects/spring-amqp/commit/4150f107e60cac4a7735fcf7cb4c1889a0cbab6c,spring-projects/spring-amqp,spring-projects,spring-amqp,4150f107e60cac4a7735fcf7cb4c1889a0cbab6c,2016-03-15T21:00:12Z,168,145,385,536,979,35,ok,,ok,ok,ok,ok,ok,ok,runtime_results
CVE-2018-12538,https://github.com/eclipse/jetty.project/commit/a0b8321ef452dddff9bc6c14e3ac0108239bfa2c,eclipse/jetty.project,eclipse,jetty.project,a0b8321ef452dddff9bc6c14e3ac0108239bfa2c,2018-01-10T15:40:53Z,1585,859,,,16277,101,partial_error,GitHub API error 422 for https://api.github.com/search/issues?q=repo%3Aeclipse/jetty.project%20is%3Apr%20is%3Aclosed%20closed%3A%3C%3D2018-01-10T15%3A40%3A53Z&per_page=1: Validation Failed (https://docs.github.com/v3/search/); GitHub API error 422 for https://api.github.com/search/issues?q=repo%3Aeclipse/jetty.project%20is%3Aissue%20is%3Aclosed%20closed%3A%3C%3D2018-01-10T15%3A40%3A53Z&per_page=1: Validation Failed (https://docs.github.com/v3/search/),ok,ok,non_retryable_error,non_retryable_error,ok,ok,runtime_results
CVE-2009-2902,https://github.com/apache/tomcat/commit/3e1010b;https://github.com/apache/tomcat55/commit/0299cb724ea71f304d54adfcdb950f59b01fb421,apache/tomcat,apache,tomcat,3e1010b,2009-12-21T12:25:14Z,0,0,0,0,3408,16,ok,,ok,ok,ok,ok,ok,ok,runtime_results
CVE-2018-8013,https://github.com/apache/xmlgraphics-batik/commit/f91125b26a6ca2b7a1195f1842360bed03629839;https://github.com/apache/xmlgraphics-batik/commit/c5e5734293920250f2876648ac93660afc1d2923,apache/xmlgraphics-batik,apache,xmlgraphics-batik,f91125b26a6ca2b7a1195f1842360bed03629839,2018-05-09T09:59:35Z,55,47,5,0,3468,21,ok,,ok,ok,ok,ok,ok,ok,runtime_results
CVE-2021-41079,https://github.com/apache/tomcat/commit/34115fb3c83f6cd97772232316a492a4cc5729e0,apache/tomcat,apache,tomcat,34115fb3c83f6cd97772232316a492a4cc5729e0,2021-03-03T12:00:46Z,4892,3150,380,0,22968,89,ok,,ok,ok,ok,ok,ok,ok,runtime_results
CVE-2020-13946,https://github.com/apache/cassandra/commit/63f4da90c3c51d230c535265786dbc7a33c1ace9,apache/cassandra,apache,cassandra,63f4da90c3c51d230c535265786dbc7a33c1ace9,2020-08-28T07:32:40Z,5804,2322,434,0,25545,432,ok,,ok,ok,ok,ok,ok,ok,runtime_results
CVE-2017-7536,https://github.com/hibernate/hibernate-validator/commit/0886e89900d343ea20fde5137c9a3086e6da9ac;https://github.com/hibernate/hibernate-validator/commit/0ed45f37c4680998167179e631113a2c9cb5d11,hibernate/hibernate-validator,hibernate,hibernate-validator,0886e89900d343ea20fde5137c9a3086e6da9ac,2017-10-19T13:44:27Z,364,209,860,0,3551,58,ok,,ok,ok,ok,ok,ok,ok,runtime_results
CVE-2017-2585,https://github.com/keycloak/keycloak/commit/426e55664f5240d29905d2127a50bee827cf9e17,keycloak/keycloak,keycloak,keycloak,426e55664f5240d29905d2127a50bee827cf9e17,2017-01-10T07:02:49Z,796,438,3710,0,9505,196,ok,,ok,ok,ok,ok,ok,ok,runtime_results
CVE-2019-10158,https://github.com/infinispan/infinispan/commit/f3efef8de7fec4108dd5ab725cea6ae09f14815d;https://github.com/infinispan/infinispan/commit/716664772d3673ca243bf841fe61c89cf12d8976;https://github.com/infinispan/infinispan/commit/7341da552a13cb9e8a44cd13c984d1f46310653e,infinispan/infinispan,infinispan,infinispan,f3efef8de7fec4108dd5ab725cea6ae09f14815d,2019-05-23T06:53:08Z,679,396,6865,0,11625,181,ok,,ok,ok,ok,ok,ok,ok,runtime_results
CVE-2011-1419,https://github.com/apache/tomcat/commit/0ff4905,apache/tomcat,apache,tomcat,0ff4905,2011-03-09T11:16:48Z,0,0,0,0,6059,20,ok,,ok,ok,ok,ok,ok,ok,runtime_results
CVE-2018-1324,https://github.com/apache/commons-compress/commit/2a2f1dc48e22a34ddb72321a4db211da91aa933b,apache/commons-compress,apache,commons-compress,2a2f1dc48e22a34ddb72321a4db211da91aa933b,2017-12-22T18:34:57Z,69,75,53,0,2374,46,ok,,ok,ok,ok,ok,ok,ok,runtime_results
CVE-2017-12160,https://github.com/keycloak/keycloak/commit/96fe4608066d533cc1ff69f23339a710a60e892d,keycloak/keycloak,keycloak,keycloak,96fe4608066d533cc1ff69f23339a710a60e892d,2017-10-19T05:04:43Z,1491,716,4540,0,11471,278,ok,,ok,ok,ok,ok,ok,ok,runtime_results
CVE-2021-27582,https://github.com/mitreid-connect/OpenID-Connect-Java-Spring-Server/commit/7eba3c12fed82388f917e8dd9b73e86e3a311e4c,mitreid-connect/OpenID-Connect-Java-Spring-Server,mitreid-connect,OpenID-Connect-Java-Spring-Server,7eba3c12fed82388f917e8dd9b73e86e3a311e4c,2021-02-18T21:13:36Z,1194,617,226,1070,2705,84,ok,,ok,ok,ok,ok,ok,ok,runtime_results
CVE-2020-11050,https://github.com/TooTallNate/Java-WebSocket/commit/2dbe2d3c4a3ba63a0132a256ccefbfceb69531c9,TooTallNate/Java-WebSocket,TooTallNate,Java-WebSocket,2dbe2d3c4a3ba63a0132a256ccefbfceb69531c9,2020-04-13T15:39:26Z,6306,1732,292,674,975,80,ok,,ok,ok,ok,ok,ok,ok,runtime_results
CVE-2021-40690,https://github.com/apache/santuario-xml-security-java/commit/c6b7de127f6c17bc3f317f7caa3e9a62bff46527,apache/santuario-xml-security-java,apache,santuario-xml-security-java,c6b7de127f6c17bc3f317f7caa3e9a62bff46527,2021-09-08T08:32:45Z,12,8,51,0,1229,10,ok,,ok,ok,ok,ok,ok,ok,runtime_results
CVE-2017-12159,https://github.com/keycloak/keycloak/commit/e201f205d162d4d795d294fe065ca20f4005eef2;https://github.com/keycloak/keycloak/commit/9b75b603e3a5f5ba6deff13cbb45b070bf2d2239,keycloak/keycloak,keycloak,keycloak,e201f205d162d4d795d294fe065ca20f4005eef2,2017-10-23T14:13:00Z,1503,720,4559,0,11492,280,ok,,ok,ok,ok,ok,ok,ok,runtime_results
CVE-2020-9491,https://github.com/apache/nifi/commit/441781cec50f77d9f1e65093f55bbd614b8c5ec6,apache/nifi,apache,nifi,441781cec50f77d9f1e65093f55bbd614b8c5ec6,2020-05-19T19:56:59Z,1948,1433,4002,0,5800,390,ok,,ok,ok,ok,ok,ok,ok,runtime_results
CVE-2020-11989,https://github.com/apache/shiro/commit/b90f91875e5e18c4805013c2fa0567b1700f5a96,apache/shiro,apache,shiro,b90f91875e5e18c4805013c2fa0567b1700f5a96,2020-04-07T19:56:56Z,2696,1478,170,0,1978,54,ok,,ok,ok,ok,ok,ok,ok,runtime_results
CVE-2016-3081,https://github.com/apache/struts/commit/b4d54b6d0caa6aaf453a56b3613aebad8acd3229;https://github.com/apache/struts/commit/f238cf4f1091be19fbcfd086b042c86a1bcaa7fc,apache/struts,apache,struts,b4d54b6d0caa6aaf453a56b3613aebad8acd3229,2016-04-19T06:25:28Z,320,233,90,0,4485,57,ok,,ok,ok,ok,ok,ok,ok,runtime_results
CVE-2015-1832,https://github.com/apache/derby/commit/7643f9651406e12c9563a92b3dd258505e6c7144,apache/derby,apache,derby,7643f9651406e12c9563a92b3dd258505e6c7144,2015-07-14T02:37:16Z,40,20,0,0,8032,38,ok,,ok,ok,ok,ok,ok,ok,runtime_results
CVE-2017-1000209,https://github.com/TakahikoKawasaki/nv-websocket-client/commit/feb9c8302757fd279f4cfc99cbcdfb6ee709402d;https://github.com/TakahikoKawasaki/nv-websocket-client/commit/fb23d30966b8abba920fa90b49201192c66f56bf,TakahikoKawasaki/nv-websocket-client,TakahikoKawasaki,nv-websocket-client,feb9c8302757fd279f4cfc99cbcdfb6ee709402d,2017-04-22T14:56:57Z,456,47,3,81,206,5,ok,,ok,ok,ok,ok,ok,ok,runtime_results
CVE-2013-4152,https://github.com/poutsma/spring-framework/commit/edba32b3093703d5e9ed42b5b8ec23ecc1998398,poutsma/spring-framework,poutsma,spring-framework,edba32b3093703d5e9ed42b5b8ec23ecc1998398,2014-02-18T23:54:30Z,1,0,0,0,8003,95,ok,,ok,ok,ok,ok,ok,ok,runtime_results
CVE-2017-2646,https://github.com/keycloak/keycloak/commit/42954e84d99417b8dd5b97181398e2a4cd68bf5d,keycloak/keycloak,keycloak,keycloak,42954e84d99417b8dd5b97181398e2a4cd68bf5d,2017-03-10T09:59:50Z,922,496,3898,0,9960,211,ok,,ok,ok,ok,ok,ok,ok,runtime_results
CVE-2021-20289,https://github.com/resteasy/Resteasy/commit/92950dd5efa5f853e5edd6b9980cc3094101f3a4,resteasy/Resteasy,resteasy,Resteasy,92950dd5efa5f853e5edd6b9980cc3094101f3a4,2021-04-14T01:30:36Z,912,762,2674,0,4693,252,ok,,ok,ok,ok,ok,ok,ok,runtime_results
CVE-2018-11786,https://github.com/apache/karaf/commit/103f33105a58c899706a0687bb334678e2fa1ee7;https://github.com/apache/karaf/commit/24fb477ea886e8f294dedbad98d2a2c4cb2a44f9,apache/karaf,apache,karaf,103f33105a58c899706a0687bb334678e2fa1ee7,2017-10-16T13:59:45Z,294,274,377,0,6538,117,ok,,ok,ok,ok,ok,ok,ok,runtime_results
CVE-2016-1181,https://github.com/kawasima/struts1-forever/commit/eda3a79907ed8fcb0387a0496d0cb14332f250e8,kawasima/struts1-forever,kawasima,struts1-forever,eda3a79907ed8fcb0387a0496d0cb14332f250e8,2016-06-08T02:38:30Z,6,0,0,0,4255,25,ok,,ok,ok,ok,ok,ok,ok,runtime_results
CVE-2021-31404,https://github.com/vaadin/flow/commit/a7ff6932a5722beebdbf3401576b74ddd340784a,vaadin/flow,vaadin,flow,a7ff6932a5722beebdbf3401576b74ddd340784a,2021-02-03T12:35:38Z,245,72,4955,3855,20869,202,ok,,ok,ok,ok,ok,ok,ok,runtime_results
CVE-2018-11087,https://github.com/spring-projects/spring-amqp/commit/d64e7fa3993dac577c0973e0caf8c31d27ef5e4;https://github.com/spring-projects/spring-amqp/commit/444b74e95bb299af5e23ebf006fbb45d574fb95,spring-projects/spring-amqp,spring-projects,spring-amqp,d64e7fa3993dac577c0973e0caf8c31d27ef5e4,2018-08-28T20:14:35Z,388,307,723,877,1446,72,ok,,ok,ok,ok,ok,ok,ok,runtime_results
CVE-2015-2351,https://github.com/alkacon/opencms-core/commit/a2e5cba0adc345943a07d1aacb6adf1a1b20c6fc,alkacon/opencms-core,alkacon,opencms-core,a2e5cba0adc345943a07d1aacb6adf1a1b20c6fc,2015-04-23T14:52:46Z,151,124,62,155,19102,69,ok,,ok,ok,ok,ok,ok,ok,runtime_results
CVE-2020-1945,https://github.com/apache/ant/commit/9c1f4d905da59bf446570ac28df5b68a37281f35,apache/ant,apache,ant,9c1f4d905da59bf446570ac28df5b68a37281f35,2020-05-05T12:24:03Z,238,251,99,0,14611,91,ok,,ok,ok,ok,ok,ok,ok,runtime_results
CVE-2020-8929,https://github.com/google/tink/commit/93d839a5865b9d950dffdc9d0bc99b71280a8899,google/tink,google,tink,93d839a5865b9d950dffdc9d0bc99b71280a8899,2020-10-12T23:03:15Z,10104,776,,,2979,83,partial_error,GitHub API error 422 for https://api.github.com/search/issues?q=repo%3Agoogle/tink%20is%3Apr%20is%3Aclosed%20closed%3A%3C%3D2020-10-12T23%3A03%3A15Z&per_page=1: Validation Failed (https://docs.github.com/v3/search/); GitHub API error 422 for https://api.github.com/search/issues?q=repo%3Agoogle/tink%20is%3Aissue%20is%3Aclosed%20closed%3A%3C%3D2020-10-12T23%3A03%3A15Z&per_page=1: Validation Failed (https://docs.github.com/v3/search/),ok,ok,non_retryable_error,non_retryable_error,ok,ok,runtime_results
CVE-2016-3087,https://github.com/apache/struts/commit/6bd694b7980494c12d49ca1bf39f12aec3e03e2f;https://github.com/apache/struts/commit/98d2692e434fe7f4d445ade24fe2c9860de1c13f,apache/struts,apache,struts,6bd694b7980494c12d49ca1bf39f12aec3e03e2f,2016-05-04T07:19:18Z,331,235,90,0,4491,57,ok,,ok,ok,ok,ok,ok,ok,runtime_results
CVE-2022-0239,https://github.com/stanfordnlp/corenlp/commit/1940ffb938dc4f3f5bc5f2a2fd8b35aabbbae3dd,stanfordnlp/corenlp,stanfordnlp,corenlp,1940ffb938dc4f3f5bc5f2a2fd8b35aabbbae3dd,2022-01-16T06:10:35Z,8013,2417,240,807,16840,180,ok,,ok,ok,ok,ok,ok,ok,runtime_results
CVE-2018-20433,https://github.com/zhutougg/c3p0/commit/2eb0ea97f745740b18dd45e4a909112d4685f87b;https://github.com/swaldman/c3p0/commit/7dfdda63f42759a5ec9b63d725b7412f74adb3e1,zhutougg/c3p0,zhutougg,c3p0,2eb0ea97f745740b18dd45e4a909112d4685f87b,2018-12-20T13:11:13Z,0,0,0,0,344,9,ok,,ok,ok,ok,ok,ok,ok,runtime_results
CVE-2018-1320,https://github.com/apache/thrift/commit/d973409661f820d80d72c0034d06a12348c8705e,apache/thrift,apache,thrift,d973409661f820d80d72c0034d06a12348c8705e,2018-03-05T17:00:22Z,4095,1887,1431,0,5277,262,ok,,ok,ok,ok,ok,ok,ok,runtime_results
CVE-2015-1427,https://github.com/elastic/elasticsearch/commit/764fda6420a0aa10db4abef15429b5e77b9be8bf;https://github.com/elastic/elasticsearch/commit/68c4a6201e6c889b272c1b64550237fe6d172b47;https://github.com/elastic/elasticsearch/commit/69735b0f4ab9ad7df4b82e8c917589b52cb9978c,elastic/elasticsearch,elastic,elasticsearch,764fda6420a0aa10db4abef15429b5e77b9be8bf,2015-02-11T12:21:43Z,8581,2197,3160,5505,12600,475,ok,,ok,ok,ok,ok,ok,ok,runtime_results
CVE-2018-1000616,https://github.com/opennetworkinglab/onos/commit/af1fa39a53c0016e92c1de246807879c16f507d6,opennetworkinglab/onos,opennetworkinglab,onos,af1fa39a53c0016e92c1de246807879c16f507d6,2018-06-26T09:46:49Z,446,332,24,0,12805,362,ok,,ok,ok,ok,ok,ok,ok,runtime_results
CVE-2016-4468,https://github.com/cloudfoundry/uaa/commit/215bd349a63edfef15a1aa07a3969c8991e34570;https://github.com/cloudfoundry/uaa/commit/b384a650a122e42d75e8cbb5624d0274a65cd848;https://github.com/cloudfoundry/uaa/commit/6bf1c0ae1abc9aaba957708e0b2dfb6a70aab826,cloudfoundry/uaa,cloudfoundry,uaa,215bd349a63edfef15a1aa07a3969c8991e34570,2016-06-17T19:49:04Z,334,249,149,197,3815,114,ok,,ok,ok,ok,ok,ok,ok,runtime_results
CVE-2021-39139,https://github.com/x-stream/xstream/commit/652d72f38b33938c54fd3b2ef626cb7dce38001c,x-stream/xstream,x-stream,xstream,652d72f38b33938c54fd3b2ef626cb7dce38001c,2021-05-26T17:43:09Z,566,136,64,169,2809,34,ok,,ok,ok,ok,ok,ok,ok,runtime_results
CVE-2014-3529,https://github.com/apache/poi/commit/103b45073c7b504236588b3acc146530205af53c;https://github.com/apache/poi/commit/236c3c52a9b90688b2e57ec503559409e29f33ed;https://github.com/apache/poi/commit/d72bd78c19dfb7b57395a66ae8d9269d59a87bd2;https://github.com/apache/poi/commit/6050a68d5adfb4ffef1edb778add09bcee32d1c3;https://github.com/apache/poi/commit/eabb6a924be24abb879372d0bc967e0d316b2cf8,apache/poi,apache,poi,103b45073c7b504236588b3acc146530205af53c,2014-08-07T15:25:17Z,46,30,3,0,5742,32,ok,,ok,ok,ok,ok,ok,ok,runtime_results
CVE-2013-2071,https://github.com/apache/tomcat/commit/4171baf,apache/tomcat,apache,tomcat,4171baf,2013-04-24T11:27:11Z,56,26,0,0,10014,22,ok,,ok,ok,ok,ok,ok,ok,runtime_results
CVE-2018-1284,https://github.com/apache/hive/commit/f80a38ae1174553022deae4f8774918401d9756d,apache/hive,apache,hive,f80a38ae1174553022deae4f8774918401d9756d,2018-03-08T23:21:26Z,1594,1409,183,0,11660,259,ok,,ok,ok,ok,ok,ok,ok,runtime_results
CVE-2011-3923,https://github.com/apache/struts/commit/2c1eb6bb57f90db7287fc3ed0086793d0a43fe9e,apache/struts,apache,struts,2c1eb6bb57f90db7287fc3ed0086793d0a43fe9e,2012-01-19T15:13:03Z,0,0,0,0,2889,30,ok,,ok,ok,ok,ok,ok,ok,runtime_results
